Fund Name,ISIN,Scheme Code,Matched NAV Name,Match Confidence,Plan,Category,VR ID,YTM (%),Macaulay Dur (yrs),Avg Maturity (yrs),Avg Credit Rating,"YTM Score
(10)","Mac Dur Score
(10)","Avg Mat Score
(10)","Credit Score
(10)","TOTAL SCORE
(40)",RISK CATEGORY,Verification Status,Note,Return_1Y,Return_3Y,Return_5Y,BM_Return_1Y,BM_Return_3Y,BM_Return_5Y
ABSL Banking & PSU Debt Dir,INF209K01YN0,119550,Aditya Birla Sun Life Banking & PSU Debt Fund- Direct Plan-Growth,1,Direct,Banking and PSU,15941,7.5,2.91,3.91,AAA,8,6,6,9,29,Low Risk,OK,Verified ✓,5.26,7.25,6.31,5.43,7.22,6.21
Axis Banking & PSU Debt Dir,INF846K01CR6,120438,Axis Banking & PSU Debt Fund - Direct Plan - Growth Option,1,Direct,Banking and PSU,15680,6.96,2.43,2.97,AAA,5,6,6,9,26,Moderate Risk,OK,Verified ✓,5.59,7.11,6.1,5.43,7.22,6.21
Bajaj Finserv Banking and PSU Dir,INF0QA701607,152162,Bajaj Finserv Banking and PSU Fund-Direct Plan- Growth,1,Direct,Banking and PSU,43851,6.85,2.85,3.33,AAA,5,6,6,9,26,Moderate Risk,OK,Verified ✓,5.25,N/A,N/A,5.43,N/A,N/A
Bandhan Banking and PSU Dir,INF194K015G8,121279,Bandhan Banking and PSU Fund - Direct Growth,1,Direct,Banking and PSU,18448,6.76,1.66,2.03,AAA,5,8,6,9,28,Low Risk,OK,Verified ✓,5.72,7.13,6.13,5.43,7.22,6.21
Canara Robeco Banking and PSU Debt Dir,INF760K01KC4,150505,Canara Robeco Banking and PSU Debt Fund- Direct Plan- Growth Option,1,Direct,Banking and PSU,42432,6.91,2.9,3.43,AAA,5,6,6,9,26,Moderate Risk,OK,Verified ✓,4.85,6.74,N/A,5.43,7.22,N/A
DSP Banking & PSU Debt Dir,INF740K01ZW2,124175,DSP Banking & PSU Debt Fund - Direct Plan - Growth,1,Direct,Banking and PSU,21204,7.13,4.32,6.8,AAA,7,4,4,9,24,Moderate Risk,OK,Verified ✓,4.29,7.08,5.97,5.43,7.22,6.21
Edelweiss Banking and PSU Debt Dir,INF843K01FC8,140286,Edelweiss Banking and PSU Debt Fund - Direct Plan - Growth Option,1,Direct,Banking and PSU,21020,6.92,2.59,3,AAA,5,6,6,9,26,Moderate Risk,OK,Verified ✓,5.03,7.15,6.14,5.43,7.22,6.21
Franklin India Banking & PSU Debt Dir,INF090I01KR8,129008,Franklin India Banking & PSU Debt Fund - Direct - Growth,1,Direct,Banking and PSU,26029,7.18,3.03,6.11,AAA,7,4,4,9,24,Moderate Risk,OK,Verified ✓,6.5,7.52,6.35,5.43,7.22,6.21
HDFC Banking and PSU Debt Dir,INF179KA1IZ7,128629,HDFC Banking and PSU Debt Fund - Growth Option - Direct Plan,1,Direct,Banking and PSU,25440,7.14,3.28,4.34,AAA,7,4,4,9,24,Moderate Risk,OK,Verified ✓,5.28,7.3,6.28,5.43,7.22,6.21
HSBC Banking & PSU Debt Dir,INF917K01HH5,151107,HSBC Banking and PSU Debt Fund - Direct Growth,1,Direct,Banking and PSU,16783,6.96,2.48,2.91,AAA,5,6,6,9,26,Moderate Risk,OK,Verified ✓,5.64,7.03,5.65,5.43,7.22,6.21
ICICI Pru Banking & PSU Debt Dir,INF109K010A6,120256,ICICI Prudential Banking and PSU Debt Fund - Direct Plan -  Growth,1,Direct,Banking and PSU,17786,7.21,3.47,5.94,AAA,7,4,4,9,24,Moderate Risk,OK,Verified ✓,5.74,7.53,6.72,5.43,7.22,6.21
ITI Banking & PSU Debt Dir,INF00XX01861,148534,ITI Banking & PSU Debt Fund - Direct Plan - Growth Option,1,Direct,Banking and PSU,41135,6.37,1.1,1.26,AAA,3,8,8,9,28,Low Risk,OK,Verified ✓,5.73,7.25,6.39,5.43,7.22,6.21
Invesco India Banking and PSU Dir,INF205K01KT4,120444,Invesco India Banking and PSU Fund - Direct Plan -  Growth Option,1,Direct,Banking and PSU,16371,6.89,3.25,4.24,AAA,5,4,4,9,22,Moderate Risk,OK,Verified ✓,5.12,7.17,5.62,5.43,7.22,6.21
Kotak Banking & PSU Debt Dir,INF174K01KH7,123693,Kotak Banking and PSU Debt Direct - Growth,1,Direct,Banking and PSU,16356,7.17,3.4,4.04,AAA,7,4,4,9,24,Moderate Risk,OK,Verified ✓,5.73,7.5,6.56,5.43,7.22,6.21
LIC MF Banking & PSU Dir,INF767K01GI4,120338,LIC MF Banking & PSU Fund-Direct Plan-Growth,1,Direct,Banking and PSU,16974,6.66,2.39,3.4,AAA,5,6,6,9,26,Moderate Risk,OK,Verified ✓,5.5,7.36,6.13,5.43,7.22,6.21
Mirae Asset Banking and PSU Dir,INF769K01FY9,148419,Mirae Asset Banking and PSU Fund - Direct Plan - Growth,1,Direct,Banking and PSU,41030,6.76,2.53,3,AAA,5,6,6,9,26,Moderate Risk,OK,Verified ✓,4.79,7.01,5.89,5.43,7.22,6.21
Nippon India Banking and PSU Dir,INF204KA1U53,134547,Nippon India Banking and PSU  Fund- Direct Plan-Growth Plan- Growth Option,1,Direct,Banking and PSU,30193,7.08,3.4,4.11,AAA,7,4,4,9,24,Moderate Risk,OK,Verified ✓,5.15,7.26,6.24,5.43,7.22,6.21
SBI Banking and PSU Dir,INF200K01V08,125503,SBI BANKING & PSU FUND - Direct Plan - Growth,MANUAL_VERIFIED,Direct,Banking and PSU,17346,6.09,1.9,2.27,AAA,3,8,6,9,26,Moderate Risk,OK,Verified ✓,5.42,7.23,6.07,5.43,7.22,6.21
Sundaram Banking & PSU Dir,INF903J017I5,134363,Sundaram Banking & PSU Fund (Formerly Known as Sundaram Banking & PSU Debt Fund) - Direct Growth,1,Direct,Banking and PSU,17237,7.06,2.31,2.64,AAA,7,6,6,9,28,Low Risk,OK,Verified ✓,5.43,7.2,5.81,5.43,7.22,6.21
UTI Banking & PSU Dir,INF789F015Z6,126940,UTI Banking & PSU Fund - Direct Plan - Growth Option,1,Direct,Banking and PSU,23934,6.87,1.1,1.14,AAA,5,8,8,9,30,Low Risk,OK,Verified ✓,6.51,7.34,7.49,5.43,7.22,6.21
ABSL Corporate Bond Dir,INF209K01S38,119533,Aditya Birla Sun Life Corporate Bond Fund - Growth - Direct Plan,1,Direct,Corporate Bond,15926,7.64,4.37,7,AAA,8,4,4,9,25,Moderate Risk,OK,Verified ✓,4.75,7.35,6.4,5.61,7.41,6.28
Axis Corporate Bond Dir,INF846K01ZM8,141588,Axis Corporate Bond Fund - Direct Plan Growth,1,Direct,Corporate Bond,34381,7.13,2.95,3.69,AAA,7,6,6,9,28,Low Risk,OK,Verified ✓,6.1,7.82,6.75,5.61,7.41,6.28
Bandhan Corporate Bond Dir,INF194KA1M23,135916,BANDHAN Corporate Bond Fund - Direct Growth,1,Direct,Corporate Bond,31521,6.71,1.68,2.31,AAA,5,8,6,9,28,Low Risk,OK,Verified ✓,5.84,7.38,6.13,5.61,7.41,6.28
Baroda BNP Paribas Corporate Bond Dir,INF251K01GP4,150237,BARODA BNP PARIBAS Corporate Bond Fund - Direct Plan - Growth Option,1,Direct,Corporate Bond,16197,7.08,2.92,3.55,AAA,7,6,6,9,28,Low Risk,OK,Verified ✓,6.32,7.81,6.09,5.61,7.41,6.28
Canara Robeco Corporate Bond Dir,INF760K01HB2,126685,CANARA ROBECO CORPORATE BOND FUND - DIRECT PLAN - GROWTH OPTION,1,Direct,Corporate Bond,23480,6.91,2.72,3.24,AAA,5,6,6,9,26,Moderate Risk,OK,Verified ✓,4.8,6.87,5.83,5.61,7.41,6.28
DSP Corporate Bond Dir,INF740KA1KE8,144646,DSP Corporate Bond Fund - Direct - Growth,1,Direct,Corporate Bond,37505,6.86,1.01,1.05,AAA,5,8,8,9,30,Low Risk,OK,Verified ✓,6.56,7.36,5.83,5.61,7.41,6.28
Franklin India Corporate Debt Dir,INF090I01FW8,118569,Franklin India Corporate Debt Fund - Direct - GROWTH,1,Direct,Corporate Bond,16911,7.43,3.1,6.39,AAA,7,4,4,9,24,Moderate Risk,OK,Verified ✓,7.91,8.04,6.68,5.61,7.41,6.28
HDFC Corporate Bond Dir,INF179K01XD8,118987,HDFC Corporate Bond Fund - Growth Option - Direct Plan,1,Direct,Corporate Bond,16109,7.24,4.64,7.5,AAA,7,4,2,9,22,Moderate Risk,OK,Verified ✓,4.72,7.38,6.33,5.61,7.41,6.28
HSBC Corporate Bond Dir,INF917K01HN3,150996,HSBC Corporate Bond Fund - Direct Growth,1,Direct,Corporate Bond,16305,6.94,2.35,2.6,AAA,5,6,6,9,26,Moderate Risk,OK,Verified ✓,5.92,7.37,6.18,5.61,7.41,6.28
ICICI Pru Corporate Bond Dir,INF109K016B1,120692,ICICI Prudential Corporate Bond Fund - Direct Plan - Growth,1,Direct,Corporate Bond,15568,7.26,3.58,6,AAA,7,4,4,9,24,Moderate Risk,OK,Verified ✓,6.09,7.7,6.74,5.61,7.41,6.28
Invesco India Corporate Bond Dir,INF205K01RF8,120497,Invesco India Corporate Bond Fund - Direct Plan - Growth,1,Direct,Corporate Bond,16675,7,3.27,4.03,AAA,7,4,4,9,24,Moderate Risk,OK,Verified ✓,5.2,7.32,6.13,5.61,7.41,6.28
Kotak Corporate Bond Dir,INF178L01BY0,133791,Kotak Corporate Bond Fund- Direct Plan- Growth Option,1,Direct,Corporate Bond,17470,7.29,3.16,4.16,AAA,7,4,4,9,24,Moderate Risk,OK,Verified ✓,5.67,7.59,6.49,5.61,7.41,6.28
Mirae Asset Corporate Bond Dir,INF769K01HD9,148755,Mirae Asset Corporate Bond Fund Direct Growth Plan,1,Direct,Corporate Bond,41343,6.9,2.4,3.01,AAA,5,6,6,9,26,Moderate Risk,OK,Verified ✓,5.07,7.18,6.02,5.61,7.41,6.28
Nippon India Corporate Bond Dir,INF204K01D63,118807,Nippon India Corporate Bond Fund - Direct Plan Growth Plan - Bonus,1,Direct,Corporate Bond,16135,7.19,2.91,3.42,AAA,7,6,6,9,28,Low Risk,OK,Verified ✓,5.61,7.7,6.85,5.61,7.41,6.28
PGIM India Corporate Bond Dir,INF223J01OO2,138330,PGIM India Corporate Bond Fund - Direct Plan - Growth,1,Direct,Corporate Bond,15644,7.19,3.17,4.15,AAA,7,4,4,9,24,Moderate Risk,OK,Verified ✓,5.48,7.38,6.41,5.61,7.41,6.28
SBI Corporate Bond Dir,INF200KA1YR4,146215,SBI Corporate Bond Fund - Direct Plan - Growth,1,Direct,Corporate Bond,38937,7.14,2.44,2.92,AAA,7,6,6,9,28,Low Risk,OK,Verified ✓,5.47,7.39,6.24,5.61,7.41,6.28
Sundaram Corporate Bond Dir,INF903J01NR4,119621,Sundaram Corporate Bond Fund Direct Plan - Growth,1,Direct,Corporate Bond,17244,7.15,2.68,3.22,AAA,7,6,6,9,28,Low Risk,OK,Verified ✓,5.26,7.07,6.05,5.61,7.41,6.28
TRUSTMF Corporate Bond Dir,INF0GCD01560,151320,TRUSTMF CORPORATE BOND FUND-DIRECT PLAN-GROWTH,1,Direct,Corporate Bond,43066,6.69,1.98,2.16,AAA,5,8,6,9,28,Low Risk,OK,Verified ✓,5.22,6.97,N/A,5.61,7.41,N/A
Tata Corporate Bond Dir,INF277KA1224,149361,Tata Corporate Bond Fund-Direct Plan-Growth,1,Direct,Corporate Bond,41870,7.86,3.44,5.28,AAA,8,4,4,9,25,Moderate Risk,OK,Verified ✓,5.09,7.46,N/A,5.61,7.41,N/A
Tata Corporate Bond Seg Port1 Dir,NOT_IN_NAV,NOT_IN_NAV,Not in AMFI NAV - Segregated Portfolio (wound up),MANUAL_NOT_IN_NAV,Direct,Corporate Bond,40080,,,,--,1,1,1,1,4,High Risk,NOT_FOUND,Neither code NOT_IN_NAV nor ISIN NOT_IN_NAV confirmed in NAV,N/A,N/A,N/A,N/A,N/A,N/A
UTI Corporate Bond Dir,INF789F1A538,144339,UTI Corporate Bond Fund - Direct Plan - Growth Option,1,Direct,Corporate Bond,37143,7.08,2.95,4.13,AAA,7,6,4,9,26,Moderate Risk,OK,Verified ✓,5.6,7.4,6.3,5.61,7.41,6.28
Union Corporate Bond Dir,INF582M01DU5,143241,Union Corporate Bond Fund - Direct Plan - Growth Option,1,Direct,Corporate Bond,36080,7.1,3.37,4.73,AAA,7,4,4,9,24,Moderate Risk,OK,Verified ✓,5.15,7.15,5.89,5.61,7.41,6.28
ABSL Credit Risk Dir,INF209KA1K88,134387,Aditya Birla Sun Life Credit Risk Fund - Direct Plan - Growth,1,Direct,Credit Risk,29947,8.59,2.17,2.72,AA,10,6,6,6,28,Low Risk,OK,Verified ✓,13.43,12.95,10.77,8.88,9.37,9.93
ABSL Credit Risk Seg Port1 Dir,NOT_IN_NAV,NOT_IN_NAV,Not in AMFI NAV - Segregated Portfolio (wound up),MANUAL_NOT_IN_NAV,Direct,Credit Risk,40442,,,,--,1,1,1,1,4,High Risk,NOT_FOUND,Neither code NOT_IN_NAV nor ISIN NOT_IN_NAV confirmed in NAV,N/A,N/A,N/A,N/A,N/A,N/A
Axis Credit Risk Dir,INF846K01PJ5,130314,Axis Credit Risk Fund - Direct Plan - Growth,1,Direct,Credit Risk,27229,8.35,3.07,4.32,AA,9,4,4,6,23,Moderate Risk,OK,Verified ✓,8.34,8.53,7.58,8.88,9.37,9.93
Bandhan Credit Risk Dir,INF194KA1X61,140603,BANDHAN Credit Risk Fund-Direct Plan-Growth,1,Direct,Credit Risk,33491,7.48,2.07,2.31,AA,7,6,6,6,25,Moderate Risk,OK,Verified ✓,5.55,7.16,6.36,8.88,9.37,9.93
Bank of India Credit Risk Dir,INF761K01DG8,133868,BANK OF INDIA Credit Risk Fund - Direct Plan,MANUAL_VERIFIED,Direct,Credit Risk,29480,6.53,0.6,0.68,AAA,5,9,9,9,32,Low Risk,OK,Verified ✓,11.45,8.09,26.87,8.88,9.37,9.93
Baroda BNP Paribas Credit Risk Dir,INF955L01FR6,133488,Baroda BNP Paribas Credit Risk Fund -Direct-Growth Option,1,Direct,Credit Risk,29239,7.72,1.94,2.51,AAA,8,8,6,9,31,Low Risk,OK,Verified ✓,7.59,8.5,9.21,8.88,9.37,9.93
Baroda BNP Paribas Credit Risk Seg Port1 Dir,INF955L01IT6,148333,Baroda BNP Paribas Credit Risk Fund- Direct- Growth Option- Segregated Portfolio- 1,0.8,Direct,Credit Risk,40938,,,,--,1,1,1,1,4,High Risk,OK,Verified ✓,N/A,N/A,N/A,N/A,N/A,N/A
DSP Credit Risk Dir,INF740K01OS4,119082,DSP Credit Risk Fund - Direct Plan - Growth,1,Direct,Credit Risk,16396,7.46,2.27,2.97,AA,7,6,6,6,25,Moderate Risk,OK,Verified ✓,5.34,14.57,11.75,8.88,9.37,9.93
Franklin Ind Credit Risk Seg Port 2 Dir,INF090I01VZ8,148304,Franklin India Credit Risk Fund - Segregated Portfolio 3 (9.50% Yes bank Ltd CO 23Dec21) - Direct Growth Plan,1,Direct,Credit Risk,40584,,,,--,1,1,1,1,4,High Risk,OK,Verified ✓,N/A,N/A,N/A,N/A,N/A,N/A
Franklin Ind Credit Risk Seg Port 3 Dir,INF090I01VZ8,148304,Franklin India Credit Risk Fund - Segregated Portfolio 3 (9.50% Yes bank Ltd CO 23Dec21) - Direct Growth Plan,1,Direct,Credit Risk,40824,,,,--,1,1,1,1,4,High Risk,OK,Verified ✓,N/A,N/A,N/A,N/A,N/A,N/A
HDFC Credit Risk Debt Dir,INF179KA1FZ3,128051,HDFC Credit Risk Debt Fund - Growth Option - Direct Plan,1,Direct,Credit Risk,25076,8.31,2.46,3.77,AA,9,6,6,6,27,Moderate Risk,OK,Verified ✓,7.51,8.11,7.31,8.88,9.37,9.93
HSBC Credit Risk Dir,INF917K01UH8,151045,HSBC Credit Risk Fund - Direct Growth,1,Direct,Credit Risk,16253,7.75,1.64,2.24,AA,8,8,6,6,28,Low Risk,OK,Verified ✓,18.07,11.74,9.34,8.88,9.37,9.93
ICICI Pru Credit Risk Dir,INF109K01V00,120711,ICICI Prudential Credit Risk Fund - Direct Plan - Growth,1,Direct,Credit Risk,17159,8.41,2.39,3.65,AA,9,6,6,6,27,Moderate Risk,OK,Verified ✓,9.1,8.98,8.09,8.88,9.37,9.93
Invesco India Credit Risk Dir,INF205K01I83,130722,Invesco India Credit Risk Fund - Direct Plan - Growth,1,Direct,Credit Risk,27553,7.12,1.76,2.13,AAA,7,8,6,9,30,Low Risk,OK,Verified ✓,6.52,9.05,8,8.88,9.37,9.93
Kotak Credit Risk Dir,INF174K01LZ7,119741,Kotak Credit Risk Fund - Growth - Direct,1,Direct,Credit Risk,17139,8.11,2.39,2.93,AA,9,6,6,6,27,Moderate Risk,OK,Verified ✓,8.73,8.51,6.83,8.88,9.37,9.93
Nippon India Credit Risk Dir,INF204K01A74,118780,Nippon India Credit Risk Fund - Direct Plan - Growth Plan,1,Direct,Credit Risk,16168,8.72,2.06,2.41,AA,10,6,6,6,28,Low Risk,OK,Verified ✓,8.48,8.95,9.18,8.88,9.37,9.93
Nippon India Credit Risk Seg Port 1 Dir,INF204KB12L0,148101,Nippon India Credit Risk Fund - Segregated Portfolio 1 - Direct Plan - Growth Plan,1,Direct,Credit Risk,40697,2.81,2,0.07,B,1,8,10,1,20,Moderately High Risk,OK,Verified ✓,N/A,N/A,N/A,N/A,N/A,N/A
Nippon India Credit Risk Seg Port 2 Direct,INF204KB12L0,148101,Nippon India Credit Risk Fund - Segregated Portfolio 1 - Direct Plan - Growth Plan,1,Direct,Credit Risk,40839,,,,--,1,1,1,1,4,High Risk,OK,Verified ✓,N/A,N/A,N/A,N/A,N/A,N/A
SBI Credit Risk Dir,INF200K01SV4,119798,SBI CREDIT RISK FUND - DIRECT PLAN -GROWTH,1,Direct,Credit Risk,17180,8.41,1.77,2.13,AA,9,8,6,6,29,Low Risk,OK,Verified ✓,7.47,8.21,7.58,8.88,9.37,9.93
UTI Credit Risk Dir,INF789F1ARF0,148242,UTI - Credit Risk Fund (Segregated - 06032020) - Direct Plan - Growth Option,1,Direct,Credit Risk,15880,7.77,2.09,2.68,AAA,8,6,6,9,29,Low Risk,OK,Verified ✓,6.76,7.78,10.12,8.88,9.37,9.93
UTI Credit Risk Seg Port 2 Dir,NOT_IN_NAV,NOT_IN_NAV,Not in AMFI NAV - Segregated Portfolio,MANUAL_NOT_IN_NAV,Direct,Credit Risk,40761,,,0,Cash,1,1,10,10,22,Moderate Risk,NOT_FOUND,Neither code NOT_IN_NAV nor ISIN NOT_IN_NAV confirmed in NAV,N/A,N/A,N/A,N/A,N/A,N/A
UTI Credit Risk Seg Port 3 Dir,NOT_IN_NAV,NOT_IN_NAV,Not in AMFI NAV - Segregated Portfolio,MANUAL_NOT_IN_NAV,Direct,Credit Risk,40906,,,,--,1,1,1,1,4,High Risk,NOT_FOUND,Neither code NOT_IN_NAV nor ISIN NOT_IN_NAV confirmed in NAV,N/A,N/A,N/A,N/A,N/A,N/A
UTI Credit Risk Seg Port Dir,NOT_IN_NAV,NOT_IN_NAV,Not in AMFI NAV - Segregated Portfolio,MANUAL_NOT_IN_NAV,Direct,Credit Risk,40290,,,0,Cash,1,1,10,10,22,Moderate Risk,NOT_FOUND,Neither code NOT_IN_NAV nor ISIN NOT_IN_NAV confirmed in NAV,N/A,N/A,N/A,N/A,N/A,N/A
360 ONE Dynamic Bond Dir,INF579M01266,122715,360 ONE Dynamic Bond Fund Direct Plan Growth,1,Direct,Dynamic Bond,19784,7.3,4.75,6.37,AAA,7,4,4,9,24,Moderate Risk,OK,Verified ✓,5.99,8.15,7.05,3.25,7.08,6.28
ABSL Dyn Bond Seg Port1 Dir,NOT_IN_NAV,NOT_IN_NAV,Not in AMFI NAV - Segregated Portfolio (wound up),MANUAL_NOT_IN_NAV,Direct,Dynamic Bond,40459,,,,--,1,1,1,1,4,High Risk,NOT_FOUND,Neither code NOT_IN_NAV nor ISIN NOT_IN_NAV confirmed in NAV,N/A,N/A,N/A,N/A,N/A,N/A
ABSL Dynamic Bond Dir,INF209K01N82,119505,Aditya Birla Sun Life Dynamic Bond Fund - Growth - Direct Plan,1,Direct,Dynamic Bond,15734,8.68,5.02,8.64,AAA,10,2,2,9,23,Moderate Risk,OK,Verified ✓,4.41,7.64,7.23,3.25,7.08,6.28
Axis Dynamic Bond Dir,INF846K01DI3,120451,Axis Dynamic Bond Fund - Direct Plan - Growth Option,1,Direct,Dynamic Bond,15740,7.18,5.63,9.4,AAA,7,2,2,9,20,Moderately High Risk,OK,Verified ✓,4.61,7.35,6.08,3.25,7.08,6.28
Bandhan Dynamic Bond Dir,INF194K01N63,118416,BANDHAN Dynamic Bond Fund-Direct Plan-Growth,1,Direct,Dynamic Bond,16479,6.65,1.2,2.23,AAA,5,8,6,9,28,Low Risk,OK,Verified ✓,2.55,7.14,6,3.25,7.08,6.28
Baroda BNP Paribas Dynamic Bond Dir,INF251K01GW0,150180,Baroda BNP Paribas Dynamic Bond Fund - Direct Plan - Growth Option,1,Direct,Dynamic Bond,16213,6.82,5.9,10.87,AAA,5,2,2,9,18,Moderately High Risk,OK,Verified ✓,1.32,6.55,5.99,3.25,7.08,6.28
Canara Robeco Dynamic Bond Dir,INF760K01EC7,118284,CANARA ROBECO DYNAMIC BOND FUND - DIRECT PLAN - GROWTH OPTION,1,Direct,Dynamic Bond,16577,6.6,5.29,9.18,GOI/Cash,5,2,2,10,19,Moderately High Risk,OK,Verified ✓,0.51,5.87,5.23,3.25,7.08,6.28
DSP Strategic Bond Dir,INF740K01QG4,119239,DSP Strategic Bond Fund - Direct Plan - Growth,1,Direct,Dynamic Bond,16443,7.26,8.56,19.88,AAA,7,1,1,9,18,Moderately High Risk,OK,Verified ✓,0.42,6.98,5.8,3.25,7.08,6.28
Franklin Ind Dyn Accrual Seg Port 2 Dir,INF090I01WD3,148308,Franklin India Dynamic Accrual Fund - Segregated Portfolio 3 (9.50% Yes Bank Ltd CO 23Dec21) - Direct Growth Plan,1,Direct,Dynamic Bond,40600,4.17,0.01,0.01,B,1,10,10,1,22,Moderate Risk,OK,Verified ✓,N/A,N/A,N/A,N/A,N/A,N/A
Franklin Ind Dyn Accrual Seg Port 3 Dir,INF090I01WD3,148308,Franklin India Dynamic Accrual Fund - Segregated Portfolio 3 (9.50% Yes Bank Ltd CO 23Dec21) - Direct Growth Plan,1,Direct,Dynamic Bond,40828,,,,--,1,1,1,1,4,High Risk,OK,Verified ✓,N/A,N/A,N/A,N/A,N/A,N/A
Groww Dynamic Term Dir,INF666M01EK5,145589,Groww Dynamic Bond Fund - Direct Plan - Growth option,MANUAL_VERIFIED,Direct,Dynamic Bond,38300,7.38,2.38,6,AAA,7,6,4,9,26,Moderate Risk,OK,Verified ✓,1.86,5.78,5.28,3.25,7.08,6.28
HDFC Dynamic Debt Dir,INF179K01WB4,119075,HDFC Dynamic Debt Fund - Growth Option - Direct Plan,1,Direct,Dynamic Bond,16061,7.05,7.56,19.19,AAA,7,2,1,9,19,Moderately High Risk,OK,Verified ✓,2.18,6.77,6.84,3.25,7.08,6.28
HSBC Dynamic Bond Dir,INF917K01HA0,151087,HSBC Dynamic Bond Fund - Direct Growth,1,Direct,Dynamic Bond,16218,6.97,4.7,8.37,AAA,5,4,2,9,20,Moderately High Risk,OK,Verified ✓,2.52,6.82,5.73,3.25,7.08,6.28
ICICI Pru All Seasons Bond Dir,INF109K016E5,120603,ICICI Prudential All Seasons Bond Fund - Direct Plan - Growth,1,Direct,Dynamic Bond,17120,7.74,6.35,14.03,AAA,8,2,1,9,20,Moderately High Risk,OK,Verified ✓,5.01,7.86,7.06,3.25,7.08,6.28
ICICI Pru Retirement Pure Debt Dir,INF109KC1UE0,146727,ICICI Prudential Retirement Fund - Pure Debt - Direct Plan - Growth Option,1,Direct,Dynamic Bond,39073,7.46,4.73,10.54,AAA,7,4,2,9,22,Moderate Risk,OK,Verified ✓,4.24,6.95,6.08,3.25,7.08,6.28
ITI Dynamic Bond Dir,INF00XX01BC4,149029,ITI Dynamic Bond Fund - Direct Plan - Growth Option,1,Direct,Dynamic Bond,41563,5.15,0.49,0.65,AAA,1,10,9,9,29,Low Risk,OK,Verified ✓,2.66,6.95,N/A,3.25,7.08,N/A
JM Dynamic Bond Dir,INF192K01DD3,120435,JM Dynamic Bond Fund - (Direct) - Growth Option,1,Direct,Dynamic Bond,17148,6.91,3.88,4.89,AAA,5,4,4,9,22,Moderate Risk,OK,Verified ✓,3.44,6.86,6.06,3.25,7.08,6.28
Kotak Dynamic Bond Dir,INF174K01JU2,119755,Kotak Dynamic Bond Fund - Growth - Direct,1,Direct,Dynamic Bond,16342,7.51,6.62,14.08,AAA,8,2,1,9,20,Moderately High Risk,OK,Verified ✓,3.97,7.71,6.53,3.25,7.08,6.28
Mahindra Manulife Dynamic Bond Dir,INF174V01580,144403,Mahindra Manulife Dynamic Bond Fund - Direct Plan - Growth,1,Direct,Dynamic Bond,37127,7.7,3.65,6.64,AAA,8,4,4,9,25,Moderate Risk,OK,Verified ✓,4.44,7.47,5.87,3.25,7.08,6.28
Mirae Asset Dynamic Bond Dir,INF769K01DR8,140769,Mirae Asset Dynamic Bond Fund -Direct Plan -Growth,1,Direct,Dynamic Bond,33706,6.43,0.91,0.96,AAA,3,9,9,9,30,Low Risk,OK,Verified ✓,6.73,7.33,5.96,3.25,7.08,6.28
Nippon India Dynamic Bond Dir,INF204K01A25,118747,Nippon India Dynamic Bond Fund - Direct Plan Growth Plan - Growth Option,1,Direct,Dynamic Bond,16060,6.82,3.72,4.33,AAA,5,4,4,9,22,Moderate Risk,OK,Verified ✓,4.45,7.48,6.13,3.25,7.08,6.28
PGIM India Dynamic Bond Dir,INF663L01AD7,120084,PGIM India Dynamic Bond Fund - Direct Plan-Growth Option,1,Direct,Dynamic Bond,16632,7.13,5.33,9.43,AAA,7,2,2,9,20,Moderately High Risk,OK,Verified ✓,2.67,7.41,6.27,3.25,7.08,6.28
Quantum Dynamic Bond Dir,INF082J01176,134494,Quantum Dynamic Bond Fund - Direct Plan Growth Option,1,Direct,Dynamic Bond,30145,6.85,5.26,8.95,AAA,5,2,2,9,18,Moderately High Risk,OK,Verified ✓,2.76,7.2,6.24,3.25,7.08,6.28
SBI Dynamic Bond Dir,INF200K01RD4,119671,SBI Dynamic Bond Fund - DIRECT PLAN - Growth,1,Direct,Dynamic Bond,16199,7.02,3.42,10.09,AAA,7,4,2,9,22,Moderate Risk,OK,Verified ✓,3.97,7.6,6.57,3.25,7.08,6.28
UTI Dyn Bond Seg Port Dir,INF789F1APX7,148118,UTI - Dynamic Bond Fund (Segregated - 17022020) - Direct Plan - Growth Option,MANUAL_VERIFIED,Direct,Dynamic Bond,40750,5.62,3.5,0.07,B,1,4,10,1,16,Moderately High Risk,OK,Verified ✓,N/A,N/A,N/A,N/A,N/A,N/A
UTI Dynamic Bond Dir,INF789F1APX7,148118,UTI - Dynamic Bond Fund (Segregated - 17022020) - Direct Plan - Growth Option,1,Direct,Dynamic Bond,15885,7.09,4.54,10.05,AAA,7,4,2,9,22,Moderate Risk,OK,Verified ✓,4.63,7.54,9.43,3.25,7.08,6.28
Union Dynamic Bond Dir,INF582M01799,119311,Union Dynamic Bond Fund - Direct Plan - Growth Option,1,Direct,Dynamic Bond,16408,7.04,9.03,23.56,AAA,7,1,1,9,18,Moderately High Risk,OK,Verified ✓,-0.66,5.4,4.4,3.25,7.08,6.28
ABSL Floating Rate Dir,INF209K01UX7,122646,Aditya Birla Sun Life Floating Rate Fund-Direct Plan-Growth,1,Direct,Floater,15819,7.26,1.09,1.72,AAA,7,8,8,9,32,Low Risk,OK,Verified ✓,6.63,7.65,6.69,6.37,7.86,6.73
Axis Floater Dir,INF846K014A6,149049,Axis Floater Fund - Direct Plan - Growth,1,Direct,Floater,41588,6.98,4.54,8.32,AAA,5,4,2,9,20,Moderately High Risk,OK,Verified ✓,5.2,8.03,N/A,6.37,7.86,N/A
Bandhan Floater Dir,INF194KB1BA5,148711,BANDHAN FLOATER FUND  - DIRECT PLAN GROWTH,1,Direct,Floater,41304,6.95,1.96,2.75,AAA,5,8,6,9,28,Low Risk,OK,Verified ✓,6.48,7.76,6.53,6.37,7.86,6.73
DSP Floater Dir,INF740KA1PV1,148771,DSP Floater Fund - Direct Plan - Growth,1,Direct,Floater,41356,6.87,2.25,3.72,AAA,5,6,6,9,26,Moderate Risk,OK,Verified ✓,5.53,8.08,6.66,6.37,7.86,6.73
Franklin India Floating Rate Dir,INF090I01LK1,118508,Franklin India Floating Rate Fund - Direct - Growth,1,Direct,Floater,16757,6.98,3.24,8.79,AAA,5,4,2,9,20,Moderately High Risk,OK,Verified ✓,6.95,8.38,7.06,6.37,7.86,6.73
HDFC Floating Rate Debt Dir,INF179K01VQ4,118961,HDFC Floating Rate Debt Fund - Direct Plan - Growth Option,1,Direct,Floater,16037,7.05,1.9,4.12,AAA,7,8,4,9,28,Low Risk,OK,Verified ✓,6.6,7.92,6.85,6.37,7.86,6.73
ICICI Pru Floating Interest Dir,INF109K01P57,120425,ICICI Prudential Floating Interest Fund - Direct Plan - Growth,1,Direct,Floater,15968,7.07,1.76,3.07,AAA,7,8,6,9,30,Low Risk,OK,Verified ✓,7.22,8.31,7.23,6.37,7.86,6.73
Kotak Floating Rate Dir,INF174KA1EC0,147269,KOTAK FLOATING RATE FUND-DIRECT PLAN-GROWTH OPTION,1,Direct,Floater,39904,7.35,2.16,2.58,AAA,7,6,6,9,28,Low Risk,OK,Verified ✓,6.86,7.98,6.91,6.37,7.86,6.73
Nippon India Floater Dir,INF204K01E05,118656,Nippon India Floater Fund  - Direct Plan Growth Plan - Growth Option,1,Direct,Floater,16076,7.04,2.28,2.68,AAA,7,6,6,9,28,Low Risk,OK,Verified ✓,6.22,7.72,6.6,6.37,7.86,6.73
SBI Floating Rate Debt Dir,INF200KA1R64,148550,SBI Floating Rate Debt Fund - Direct Plan - Growth,1,Direct,Floater,41154,6.7,1.59,4.71,GOI/Cash,5,8,4,10,27,Moderate Risk,OK,Verified ✓,5.89,7.62,6.52,6.37,7.86,6.73
Tata Floating Rate Dir,INF277KA1026,149007,Tata Floating Rate Fund -Direct Plan-Growth,1,Direct,Floater,41544,6.94,1.18,1.87,AAA,5,8,8,9,30,Low Risk,OK,Verified ✓,6.36,7.6,N/A,6.37,7.86,N/A
UTI Floater Dir,INF789F1ACX5,145295,UTI - Floater Fund - Direct Plan - Growth Option,1,Direct,Floater,38032,6.71,0.9,1.6,AAA,5,9,8,9,31,Low Risk,OK,Verified ✓,6.43,7.28,6.25,6.37,7.86,6.73
ABSL CRISIL Broad Based Gilt ETF,INF209KC1134,152732,ADITYA BIRLA SUN LIFE CRISIL BROAD BASED GILT ETF,1,Direct,Gilt,44415,7.01,5.12,6.78,GOI/Cash,7,2,4,10,23,Moderate Risk,OK,Verified ✓,2.76,N/A,N/A,1.13,N/A,N/A
ABSL Government Securities Dir,INF209K01XP7,119605,Aditya Birla Sun Life Government Securities Fund - Growth - Direct Plan,1,Direct,Gilt,15896,7.89,11.34,14.55,GOI/Cash,8,1,1,10,20,Moderately High Risk,OK,Verified ✓,-1.22,5.76,5.36,0.96,6.42,5.68
Axis Gilt Dir,INF846K012O1,151435,AXIS CRISIL IBX 50:50 Gilt Plus SDL September 2027 Index Fund- DIRECT PLAN-GROWTH,1,Direct,Gilt,15681,7.11,8.58,18.63,GOI/Cash,7,1,1,10,19,Moderately High Risk,OK,Verified ✓,1.9,7.14,5.99,0.96,6.42,5.68
Bajaj Finserv Gilt Dir,INF0QA701AP9,153206,Bajaj Finserv Gilt Fund - Direct - Growth,1,Direct,Gilt,44862,6.85,8.56,18.79,GOI/Cash,5,1,1,10,17,Moderately High Risk,OK,Verified ✓,0.8,N/A,N/A,0.96,N/A,N/A
Bandhan Gilt Dir,INF194KB1ET9,150868,BANDHAN CRISIL IBX 90:10 SDL PLUS GILT - NOV 2026 INDEX FUND - DIRECT GROWTH,1,Direct,Gilt,16715,5.77,1.26,2.21,GOI/Cash,1,8,6,10,25,Moderate Risk,OK,Verified ✓,2.8,7.4,6.19,0.96,6.42,5.68
Baroda BNP Paribas Gilt Dir,INF955L01AD7,119341,Baroda BNP Paribas GILT FUND - Direct Plan - Growth Option,1,Direct,Gilt,15706,6.94,8.16,16.53,GOI/Cash,5,1,1,10,17,Moderately High Risk,OK,Verified ✓,1.33,6.75,5.72,0.96,6.42,5.68
Canara Robeco Gilt Dir,INF760K01FC4,118299,CANARA ROBECO GILT FUND - DIRECT PLAN - GROWTH OPTION,1,Direct,Gilt,15745,6.6,6.81,12.92,GOI/Cash,5,2,1,10,18,Moderately High Risk,OK,Verified ✓,0.34,6.11,5.36,0.96,6.42,5.68
DSP Gilt Dir,INF740KA1SB7,151329,DSP CRISIL-IBX 50:50 Gilt Plus SDL - April 2033 Index Fund - Direct - Growth,1,Direct,Gilt,16391,7.53,11.72,28.05,GOI/Cash,8,1,1,10,20,Moderately High Risk,OK,Verified ✓,0.31,6.67,5.88,0.96,6.42,5.68
Edelweiss Government Securities Dir,INF843K01GS2,140298,Edelweiss Government Securities Fund - Direct Plan - Growth Option,1,Direct,Gilt,24229,7.19,9.52,21.14,GOI/Cash,7,1,1,10,19,Moderately High Risk,OK,Verified ✓,0.09,6.19,5.62,0.96,6.42,5.68
Franklin India Government Securities Dir,INF090I01HS2,118498,Franklin India Government Securities Fund - Direct - Growth,1,Direct,Gilt,16888,7.37,8.13,23.78,GOI/Cash,7,1,1,10,19,Moderately High Risk,OK,Verified ✓,3,6.23,5.4,0.96,6.42,5.68
Groww Gilt Dir,INF666M01KK2,153477,Groww Gilt Fund - Direct - Growth,1,Direct,Gilt,45121,6.29,3.19,9.94,GOI/Cash,3,4,2,10,19,Moderately High Risk,OK,Verified ✓,N/A,N/A,N/A,N/A,N/A,N/A
HDFC Gilt Dir,INF179K01VS0,119116,HDFC Gilt Fund - Growth Option - Direct Plan,1,Direct,Gilt,16046,7.12,8.73,20.5,GOI/Cash,7,1,1,10,19,Moderately High Risk,OK,Verified ✓,1.3,6.46,5.51,0.96,6.42,5.68
HSBC Gilt Dir,INF336L01QH7,149966,HSBC CRISIL IBX 50:50 Gilt Plus SDL Apr 2028 Index Fund - Direct - Growth,1,Direct,Gilt,16236,7.09,7.89,16.99,GOI/Cash,7,2,1,10,20,Moderately High Risk,OK,Verified ✓,-0.02,5.87,5.25,0.96,6.42,5.68
ICICI Pru Gilt Dir,INF109KA1O37,131061,ICICI Prudential Constant Maturity Gilt Fund - Direct Plan - Growth,1,Direct,Gilt,15953,7.39,9.32,20.72,GOI/Cash,7,1,1,10,19,Moderately High Risk,OK,Verified ✓,3.45,7.48,6.68,0.96,6.42,5.68
ICICI Pru Nifty 5 yr Benchmark G-SEC ETF,INF109KC18O0,151196,ICICI Prudential Nifty 10 yr Benchmark G-sec ETF,1,Direct,Gilt,42160,6.28,3.76,4.25,GOI/Cash,3,4,4,10,21,Moderate Risk,OK,Verified ✓,5.6,7.47,N/A,1.13,6,N/A
Invesco India Gilt Dir,INF205K01SN0,120520,Invesco India Gilt Fund - Direct  Plan - Growth,1,Direct,Gilt,16750,7.01,9.67,22.88,GOI/Cash,7,1,1,10,19,Moderately High Risk,OK,Verified ✓,0.15,6.61,5.41,0.96,6.42,5.68
JioBlackRock Nifty 8-13 yr G-Sec Index Dir,INF22M001069,153791,JioBlackRock Nifty 8-13 yr G-Sec Index Fund - Direct Plan - Growth Option,1,Direct,Gilt,45426,6.65,6.9,9.3,GOI/Cash,5,2,2,10,19,Moderately High Risk,OK,Verified ✓,N/A,N/A,N/A,N/A,N/A,N/A
Kotak Gilt Investment Dir,INF174K01KM7,119757,Kotak Gilt-Investment  Provident Fund and Trust-Growth - Direct,1,Direct,Gilt,16354,7.45,10.32,22.59,GOI/Cash,7,1,1,10,19,Moderately High Risk,OK,Verified ✓,-1.09,5.88,5.58,0.96,6.42,5.68
Kotak Gilt Investment PF & Trust Dir,INF174K01KM7,119757,Kotak Gilt-Investment  Provident Fund and Trust-Growth - Direct,1,Direct,Gilt,17766,7.45,10.32,22.59,GOI/Cash,7,1,1,10,19,Moderately High Risk,OK,Verified ✓,-1.09,5.89,5.58,0.96,6.42,5.68
LIC MF Gilt Dir,INF767K01EZ3,120282,LIC MF Gilt Fund-Direct Plan-Growth,1,Direct,Gilt,16777,7.34,11.46,27.68,GOI/Cash,7,1,1,10,19,Moderately High Risk,OK,Verified ✓,-1.41,5.4,4.76,0.96,6.42,5.68
LIC MF Nifty 8-13 yr G-Sec ETF,INF767K01MV5,133307,LIC MF Nifty 8-13 yr G-Sec ETF,1,Direct,Gilt,29111,6.72,6.91,8.92,GOI/Cash,5,2,2,10,19,Moderately High Risk,OK,Verified ✓,2.99,7.2,5.5,1.13,6,5.02
Mirae Asset Nifty 8-13 yr G-Sec ETF,INF769K01GS9,148572,Mirae Asset Nifty 100 ESG Sector Leaders ETF,1,Direct,Gilt,43473,6.67,6.47,8.6,GOI/Cash,5,2,2,10,19,Moderately High Risk,OK,Verified ✓,3.43,7.37,N/A,1.13,6,N/A
Motilal Oswal 5 Year G-Sec FoF Dir,INF247L01AQ1,149240,Motilal Oswal 5 Year G-Sec Fund Of Fund Direct -Growth,MANUAL_VERIFIED,Direct,Gilt,41759,,,,--,1,1,1,1,4,High Risk,OK,Verified ✓,5.56,7.1,N/A,0.96,6.42,N/A
Motilal Oswal Nifty 5Y Benchmark G-Sec ETF,INF247L01AK4,148620,Motilal Oswal Nifty 5 year Benchmark G-sec ETF,1,Direct,Gilt,41212,6.24,3.86,4.41,GOI/Cash,3,4,4,10,21,Moderate Risk,OK,Verified ✓,5.13,7.23,5.89,1.13,6,5.02
Nippon India ETF Nifty 5Y Benchmark G-Sec,INF204KC1030,148800,Nippon India ETF Nifty 5 yr Benchmark G-Sec,1,Direct,Gilt,41391,6.32,3.85,4.35,GOI/Cash,3,4,4,10,21,Moderate Risk,OK,Verified ✓,5.44,7.52,6.14,1.13,6,5.02
Nippon India ETF Nifty 8-13 yr G-Sec LT Gilt,INF204KB1882,139496,Nippon India ETF Nifty 8-13 yr G-Sec Long Term Gilt,1,Direct,Gilt,32557,6.76,6.88,9.24,GOI/Cash,5,2,2,10,19,Moderately High Risk,OK,Verified ✓,3.04,7.24,5.48,1.13,6,5.02
Nippon India Gilt Dir,INF204K01XP8,118672,Nippon India Gilt  Fund - Direct Plan Growth Plan - Growth Option,1,Direct,Gilt,16078,7.21,9.1,19.62,GOI/Cash,7,1,1,10,19,Moderately High Risk,OK,Verified ✓,0.61,6.42,5.63,0.96,6.42,5.68
PGIM India Gilt Dir,INF663L01X21,151407,"PGIM India CRISIL IBX Gilt Index - Apr 2028 Fund - Direct Plan, Growth Option",1,Direct,Gilt,15595,7.07,8.28,17.61,GOI/Cash,7,1,1,10,19,Moderately High Risk,OK,Verified ✓,0.47,6.54,5.71,0.96,6.42,5.68
Quant Gilt Dir,INF966L01BF7,151228,quant Gilt Fund - Growth Option - Direct Plan,1,Direct,Gilt,42968,6.81,6.8,12.56,GOI/Cash,5,2,1,10,18,Moderately High Risk,OK,Verified ✓,1.76,6.13,N/A,0.96,6.42,N/A
SBI Gilt Dir,INF200K01SK7,120137,SBI CONSTANT MATURITY 10 YEAR GILT FUND - DIRECT PLAN - GROWTH,1,Direct,Gilt,17166,6.6,5.37,13.82,GOI/Cash,5,2,1,10,18,Moderately High Risk,OK,Verified ✓,1.47,6.83,6.17,0.96,6.42,5.68
Tata GSF Dir,INF277K01OX7,119953,Tata Gilt Securities Fund- Direct Plan - Growth Option,MANUAL_VERIFIED,Direct,Gilt,17531,7.78,10.8,26.94,GOI/Cash,8,1,1,10,20,Moderately High Risk,OK,Verified ✓,0.84,6.55,5.82,0.96,6.42,5.68
UTI Gilt Dir,INF789F01TL5,120792,UTI - GILT FUND - Direct Plan - Growth Option,1,Direct,Gilt,17050,6.71,6.95,15.21,GOI/Cash,5,2,1,10,18,Moderately High Risk,OK,Verified ✓,3.45,7.02,5.89,0.96,6.42,5.68
UTI Nifty 5 yr Benchmark G-Sec ETF,INF789F1AZF3,152369,UTI Nifty 10 yr Benchmark G-Sec ETF,1,Direct,Gilt,44081,,,,--,1,1,1,1,4,High Risk,OK,Verified ✓,5.22,N/A,N/A,1.13,N/A,N/A
Union Gilt Dir,INF582M01HW2,150407,Union Gilt Fund - Direct Plan - Growth Option,1,Direct,Gilt,42326,7.27,11.53,31.97,GOI/Cash,7,1,1,10,19,Moderately High Risk,OK,Verified ✓,-1.79,5.27,N/A,0.96,6.42,N/A
Zerodha Nifty 8-13 Yr G-Sec ETF,INF0R8F01133,153811,Zerodha Nifty 8-13 Yr G-Sec ETF,1,Direct,Gilt,45448,6.77,6.92,9.29,GOI/Cash,5,2,2,10,19,Moderately High Risk,OK,Verified ✓,N/A,N/A,N/A,N/A,N/A,N/A
ABSL CRISIL 10 Year Gilt ETF,INF209KC1142,152802,Aditya Birla Sun Life Crisil 10 Year Gilt ETF,1,Direct,Gilt with 10 year,44486,7.14,6.97,9.52,GOI/Cash,7,2,2,10,21,Moderate Risk,OK,Verified ✓,2.16,N/A,N/A,2.37,N/A,N/A
Bandhan Gilt Fund with 10 year Constant Duration Dir,INF194K01P38,118387,Bandhan Gilt Fund with 10 year constant duration Fund - Direct Plan - Growth,1,Direct,Gilt with 10 year,16728,6.75,6.69,9.17,GOI/Cash,5,2,2,10,19,Moderately High Risk,OK,Verified ✓,3.76,7.66,5.84,2.92,7.21,5.57
DSP 10Y G-Sec Dir,INF740K019I5,131301,DSP 10Y G-Sec Fund - Direct Plan - Growth,1,Direct,Gilt with 10 year,28175,6.77,7.06,9.56,GOI/Cash,5,2,2,10,19,Moderately High Risk,OK,Verified ✓,1.9,6.7,4.66,2.92,7.21,5.57
ICICI Pru Constant Maturity Gilt Dir,INF109KA1O37,131061,ICICI Prudential Constant Maturity Gilt Fund - Direct Plan - Growth,1,Direct,Gilt with 10 year,27957,6.87,7.2,10.17,GOI/Cash,5,2,2,10,19,Moderately High Risk,OK,Verified ✓,3.35,7.38,5.95,2.92,7.21,5.57
ICICI Pru Nifty 10 yr Benchmark G-Sec ETF,INF109KC18O0,151196,ICICI Prudential Nifty 10 yr Benchmark G-sec ETF,1,Direct,Gilt with 10 year,42946,6.77,7.07,9.58,GOI/Cash,5,2,2,10,19,Moderately High Risk,OK,Verified ✓,2.02,6.85,N/A,2.37,6.9,N/A
SBI Constant Maturity 10-Year Gilt Dir,INF200K01SK7,120137,SBI CONSTANT MATURITY 10 YEAR GILT FUND - DIRECT PLAN - GROWTH,1,Direct,Gilt with 10 year,17173,6.81,7.13,9.76,GOI/Cash,5,2,2,10,19,Moderately High Risk,OK,Verified ✓,2.78,7.14,5.85,2.92,7.21,5.57
SBI Nifty 10Y Benchmark G-Sec ETF,INF200KA1JT1,139430,SBI Nifty 10 yr Benchmark G-Sec ETF,0.8,Direct,Gilt with 10 year,32486,6.78,7.09,9.61,GOI/Cash,5,2,2,10,19,Moderately High Risk,OK,Verified ✓,2.11,6.88,4.8,2.37,6.9,5.24
UTI Gilt Fund with 10 year Constant Duration Dir,INF789F1AVR7,150410,UTI Gilt Fund with 10 year Constant Duration - Direct Plan - Growth Option,1,Direct,Gilt with 10 year,42374,6.78,6.84,9.27,GOI/Cash,5,2,2,10,19,Moderately High Risk,OK,Verified ✓,2.82,7.15,N/A,2.92,7.21,N/A
UTI Nifty 10 yr Benchmark G-Sec ETF,INF789F1AZF3,152369,UTI Nifty 10 yr Benchmark G-Sec ETF,1,Direct,Gilt with 10 year,44082,,,,--,1,1,1,1,4,High Risk,OK,Verified ✓,1.85,N/A,N/A,2.37,N/A,N/A
360 ONE Liquid Dir,INF579M01621,125345,360 ONE LIQUID FUND DIRECT PLAN  GROWTH,1,Direct,Liquid,22358,6.08,0.1,0.1,AAA,3,10,10,9,32,Low Risk,OK,Verified ✓,6.2,6.85,5.9,6.27,6.96,6.03
ABSL Liquid Dir,INF209K01VA3,119568,Aditya Birla Sun Life Liquid Fund - Growth - Direct Plan,1,Direct,Liquid,15800,7.73,0.18,0.18,AAA,8,10,10,9,37,Very Low Risk,OK,Verified ✓,6.42,7.07,6.13,6.27,6.96,6.03
Abakkus Liquid Dir,INF2JJD01029,154051,Abakkus Liquid Fund - Direct Plan - Growth,1,Direct,Liquid,45690,5.73,0.08,0.08,AAA,1,10,10,9,30,Low Risk,OK,Verified ✓,N/A,N/A,N/A,N/A,N/A,N/A
Angel One Nifty 1D Rate Liquid ETF-Growth,INF1J2R01056,153451,ANGEL ONE NIFTY 1D RATE LIQUID ETF - GROWTH,1,Direct,Liquid,45082,5.07,0,0,Cash,1,10,10,10,31,Low Risk,OK,Verified ✓,5.16,N/A,N/A,5.89,N/A,N/A
Axis Liquid Dir,INF846K01CX4,120389,Axis Liquid Fund - Direct Plan - Growth Option,1,Direct,Liquid,15748,6.36,0.12,0.12,AAA,3,10,10,9,32,Low Risk,OK,Verified ✓,6.41,7.06,6.11,6.27,6.96,6.03
Bajaj Finserv Liquid Dir,INF0QA701011,151833,Bajaj Finserv Liquid Fund - Direct Plan - Growth,1,Direct,Liquid,43593,6.09,0.12,0.12,AAA,3,10,10,9,32,Low Risk,OK,Verified ✓,6.33,N/A,N/A,6.27,N/A,N/A
Bajaj Finserv Nifty 1D Rate Liquid ETF-Growth,INF0QA701854,152638,Bajaj Finserv Nifty 1D Rate Liquid ETF,0.8,Direct,Liquid,44331,,,,--,1,1,1,1,4,High Risk,OK,Verified ✓,5.04,N/A,N/A,5.89,N/A,N/A
Bandhan Liquid Dir,INF194K01I60,118364,BANDHAN LIQUID Fund -Direct Plan-Growth,1,Direct,Liquid,16472,6.01,0.1,0.1,AAA,3,10,10,9,32,Low Risk,OK,Verified ✓,6.33,7.01,6.06,6.27,6.96,6.03
Bank of India Liquid Dir,INF761K01785,119369,BANK OF INDIA Liquid Fund- Direct Plan- Growth,1,Direct,Liquid,16274,6.34,0.13,0.13,AAA,3,10,10,9,32,Low Risk,OK,Verified ✓,6.35,7.03,6.1,6.27,6.96,6.03
Baroda BNP Paribas Liquid Dir,INF955L01AL0,119415,Baroda BNP Paribas LIQUID FUND - DIRECT PLAN - GROWTH OPTION,1,Direct,Liquid,15774,6.25,0.11,0.11,AAA,3,10,10,9,32,Low Risk,OK,Verified ✓,6.32,7,6.09,6.27,6.96,6.03
Canara Robeco Liquid Dir,INF760K01FU6,118305,CANARA ROBECO LIQUID FUND - DIRECT PLAN - GROWTH OPTION,1,Direct,Liquid,16615,6.05,0.09,0.09,AAA,3,10,10,9,32,Low Risk,OK,Verified ✓,6.37,7.04,6.07,6.27,6.96,6.03
Capitalmind Liquid Dir,INF226401034,154011,Capitalmind Liquid Fund - Direct-Growth,1,Direct,Liquid,45638,6.26,0.12,0.12,AAA,3,10,10,9,32,Low Risk,OK,Verified ✓,N/A,N/A,N/A,N/A,N/A,N/A
DSP BSE Liquid Rate ETF,INF740KA1UM0,152555,DSP BSE Liquid Rate ETF,1,Direct,Liquid,44244,,,,--,1,1,1,1,4,High Risk,OK,Verified ✓,5.12,N/A,N/A,5.89,N/A,N/A
DSP Liquidity Dir,INF740K01QL4,119125,DSP Liquidity Fund - Direct Plan - Growth,1,Direct,Liquid,16111,6.44,0.13,0.13,AAA,3,10,10,9,32,Low Risk,OK,Verified ✓,6.4,7.04,6.09,6.27,6.96,6.03
DSP NIFTY 1D Rate Liquid ETF,,142589,DSP NIFTY 1D Rate Liquid ETF,NAV-verified,Direct,Liquid,35400,4.93,0.08,0.01,Cash,1,10,10,10,31,Low Risk,FIXED,ISIN was missing → filled from NAV,4.81,5.84,5.03,5.89,6.74,5.84
Edelweiss Liquid Dir,INF754K01GM4,140196,Edelweiss Liquid Fund - Direct Plan - Growth Option,1,Direct,Liquid,16576,6.04,0.1,0.1,AAA,3,10,10,9,32,Low Risk,OK,Verified ✓,6.4,7.07,6.12,6.27,6.96,6.03
Edelweiss Nifty 1D Rate Liquid ETF-Growth,INF754K01VW2,153920,Edelweiss Nifty 1D Rate Liquid ETF - Growth,1,Direct,Liquid,45545,4.93,0.01,0.01,Cash,1,10,10,10,31,Low Risk,OK,Verified ✓,N/A,N/A,N/A,N/A,N/A,N/A
Franklin India Liquid Super Inst Plan Dir,INF090I01JV2,118577,Franklin India Liquid Fund - Super Institutional - Direct - Growth,0.75,Direct,Liquid,16848,6.3,0.16,0.16,AAA,3,10,10,9,32,Low Risk,OK,Verified ✓,6.37,7.03,6.08,6.27,6.96,6.03
Groww Liquid Dir,INF666M01451,119135,Groww Liquid Fund ( formerly known as Indiabulls Liquid )Fund - Direct Plan - Growth Option,1,Direct,Liquid,15583,7.48,0.17,0.17,AAA,7,10,10,9,36,Very Low Risk,OK,Verified ✓,6.36,7.01,5.95,6.27,6.96,6.03
Groww Nifty 1D Rate Liquid ETF,INF666M01IP5,152891,Groww Nifty 1D Rate Liquid ETF,1,Direct,Liquid,44564,6.35,0.01,0.01,Cash,3,10,10,10,33,Low Risk,OK,Verified ✓,4.93,N/A,N/A,5.89,N/A,N/A
HDFC Liquid Dir,INF179KB1HP9,119091,HDFC Liquid Fund - Growth Option - Direct Plan,1,Direct,Liquid,16167,6.44,0.14,0.14,AAA,3,10,10,9,32,Low Risk,OK,Verified ✓,6.34,6.99,6.05,6.27,6.96,6.03
HDFC NIFTY 1D RATE LIQUID ETF-Growth,INF179KC1JG3,153403,HDFC NIFTY 1D RATE LIQUID ETF GROWTH,1,Direct,Liquid,43738,4.93,0.01,0.01,Cash,1,10,10,10,31,Low Risk,OK,Verified ✓,4.92,N/A,N/A,5.89,N/A,N/A
HSBC Liquid Dir,INF336L01CC8,120038,HSBC Liquid Fund -  Growth Direct,1,Direct,Liquid,16285,6.18,0.12,0.12,AAA,3,10,10,9,32,Low Risk,OK,Verified ✓,6.35,7.03,6.08,6.27,6.96,6.03
ICICI Pru BSE Liquid Rate ETF-Growth,INF109K1A021,153378,ICICI Prudential BSE Liquid Rate ETF - Growth,1,Direct,Liquid,45036,4.93,0,0.01,Cash,1,10,10,10,31,Low Risk,OK,Verified ✓,5.18,N/A,N/A,5.89,N/A,N/A
ICICI Pru BSE Liquid Rate ETF-IDCW,INF109KC1KT9,144947,ICICI Prudential BSE Liquid Rate ETF - IDCW,1,Direct,Liquid,37659,4.93,0,0.01,Cash,1,10,10,10,31,Low Risk,OK,Verified ✓,5.14,6,5.25,5.89,6.74,5.84
ICICI Pru Liquid Dir,INF109K01Q49,120197,ICICI Prudential Liquid Fund - Direct Plan - Growth,1,Direct,Liquid,15961,6.49,0.13,0.14,AAA,3,10,10,9,32,Low Risk,OK,Verified ✓,6.32,7,6.06,6.27,6.96,6.03
ITI Liquid Dir,INF00XX01283,147157,ITI Liquid Fund - Direct Plan - Growth Option,1,Direct,Liquid,39839,5.48,0.05,0.05,AAA,1,10,10,9,30,Low Risk,OK,Verified ✓,6.27,6.81,5.87,6.27,6.96,6.03
Invesco India Liquid Dir,INF205K01MF9,120537,Invesco India Liquid Fund - Direct Plan - Growth,1,Direct,Liquid,16780,6.12,0.11,0.11,AAA,3,10,10,9,32,Low Risk,OK,Verified ✓,6.33,7,6.06,6.27,6.96,6.03
JM Liquid Dir,INF192K01CM6,120406,JM Liquid Fund (Direct) - Growth Option,1,Direct,Liquid,16741,6.07,0,0,AAA,3,10,10,9,32,Low Risk,OK,Verified ✓,6.26,6.95,6.03,6.27,6.96,6.03
JioBlackRock Liquid Dir,INF22M001010,153651,JioBlackRock Liquid Fund - Direct Plan - Growth Option,1,Direct,Liquid,45288,6.14,0.12,0.12,AAA,3,10,10,9,32,Low Risk,OK,Verified ✓,N/A,N/A,N/A,N/A,N/A,N/A
Kotak Liquid Dir,INF174K01NE8,119766,Kotak Liquid Fund - Direct Plan - Growth,1,Direct,Liquid,16365,6.34,0.14,0.14,AAA,3,10,10,9,32,Low Risk,OK,Verified ✓,6.35,7.01,6.06,6.27,6.96,6.03
Kotak Nifty 1D Rate Liquid ETF,INF174KA1LV5,151358,Kotak Nifty 1D Rate Liquid ETF,1,Direct,Liquid,43078,4.93,0.01,0.01,Cash,1,10,10,10,31,Low Risk,OK,Verified ✓,5.23,6.08,N/A,5.89,6.74,N/A
LIC MF Liquid Dir,INF767K01DN1,120249,LIC MF Liquid Fund-Direct Plan-Growth,1,Direct,Liquid,16822,6.25,0.13,0.13,AAA,3,10,10,9,32,Low Risk,OK,Verified ✓,6.35,7,6.06,6.27,6.96,6.03
Mahindra Manulife Liquid Dir,INF174V01044,139538,Mahindra Manulife Liquid Fund - Direct Plan -Growth,1,Direct,Liquid,32624,7.58,0.16,0.16,AAA,8,10,10,9,37,Very Low Risk,OK,Verified ✓,6.39,7.06,6.12,6.27,6.96,6.03
Mirae Asset Liquid Dir,INF769K01CM1,118859,Mirae Asset Liquid Fund - Direct Plan - Growth,1,Direct,Liquid,16554,6.35,0.13,0.13,AAA,3,10,10,9,32,Low Risk,OK,Verified ✓,6.34,7.03,6.09,6.27,6.96,6.03
Mirae Asset Nifty 1D Rate Liquid ETF-Growth,INF769K01MY5,153045,Mirae Asset Nifty 1D Rate Liquid ETF - Growth,1,Direct,Liquid,44705,4.92,0.01,0.01,Cash,1,10,10,10,31,Low Risk,OK,Verified ✓,5.22,N/A,N/A,5.89,N/A,N/A
Mirae Asset Nifty 1D Rate Liquid ETF-IDCW,,151908,Mirae Asset Nifty 1D Rate Liquid ETF-IDCW,NAV-verified,Direct,Liquid,43679,4.92,0.01,0.01,Cash,1,10,10,10,31,Low Risk,FIXED,ISIN was missing → filled from NAV,N/A,N/A,N/A,N/A,N/A,N/A
Motilal Oswal Liquid Dir,INF247L01734,145834,Motilal Oswal Liquid Fund - Direct Growth,1,Direct,Liquid,38515,6.28,0.12,0.13,AAA,3,10,10,9,32,Low Risk,OK,Verified ✓,6,6.63,5.71,6.27,6.96,6.03
Navi Liquid Dir,INF959L01GF1,119164,Navi Liquid Fund-Direct Plan-Growth Option,1,Direct,Liquid,16473,5.81,0.1,0.1,AAA,1,10,10,9,30,Low Risk,OK,Verified ✓,5.85,6.57,5.86,6.27,6.96,6.03
Nippon India ETF Nifty 1D Rate Liquid BeES,INF732E01037,140086,Nippon India ETF Nifty 1D Rate Liquid BeES - DAILY IDCW Option,1,Direct,Liquid,1787,4.94,0.01,0.01,CASH,1,10,10,10,31,Low Risk,OK,Verified ✓,4.64,5.41,4.71,5.89,6.74,5.84
Nippon India Liquid Dir,INF204K01ZH0,118701,Nippon India Liquid Fund - Direct Plan Growth Plan - Growth Option,1,Direct,Liquid,16100,6.66,0.16,0.15,AAA,5,10,10,9,34,Low Risk,OK,Verified ✓,6.39,7.04,6.09,6.27,6.96,6.03
Nippon India Nifty 1D Rate Liquid ETF-Growth,INF204KC1FU1,153725,Nippon India Nifty 1D Rate Liquid ETF-Growth,1,Direct,Liquid,45364,4.94,0.01,0.01,CASH,1,10,10,10,31,Low Risk,OK,Verified ✓,N/A,N/A,N/A,N/A,N/A,N/A
PGIM India Liquid Dir,INF223J01NS5,138299,PGIM India Liquid Fund - Direct Plan - Growth,1,Direct,Liquid,15605,6.43,0.1,0.1,AAA,3,10,10,9,32,Low Risk,OK,Verified ✓,6.37,7.05,6.1,6.27,6.96,6.03
Parag Parikh Liquid Dir,INF879O01068,143269,Parag Parikh Liquid Fund- Direct Plan- Growth,1,Direct,Liquid,36013,5.92,0.1,0.1,AAA,1,10,10,9,30,Low Risk,OK,Verified ✓,6.27,6.74,5.8,6.27,6.96,6.03
Quant Liquid Dir,INF966L01820,120837,quant Liquid Fund - Growth Option - Direct Plan,1,Direct,Liquid,17028,6.41,0.11,0.11,AAA,3,10,10,9,32,Low Risk,OK,Verified ✓,6.16,6.89,6.12,6.27,6.96,6.03
Quantum Liquid Dir,INF082J01127,103734,Quantum Liquid Fund - Direct Plan Growth Option,1,Direct,Liquid,3389,5.86,0.12,0.12,AAA,1,10,10,9,30,Low Risk,OK,Verified ✓,5.89,6.66,5.78,6.27,6.96,6.03
SBI Liquid Dir,INF200K01UT4,119800,SBI Liquid Fund - DIRECT PLAN -Growth,1,Direct,Liquid,16302,6.18,0.11,0.11,AAA,3,10,10,9,32,Low Risk,OK,Verified ✓,6.31,6.97,6.04,6.27,6.96,6.03
SBI NIFTY 1D Rate Liquid ETF-Growth,INF200KB1969,153796,SBI Nifty 1D Rate Liquid ETF - Growth,1,Direct,Liquid,45433,,,,--,1,1,1,1,4,High Risk,OK,Verified ✓,N/A,N/A,N/A,N/A,N/A,N/A
SBI Nifty 1D Rate Liquid ETF-IDCW,,152168,SBI NIFTY 1D Rate Liquid ETF - IDCW,NAV-verified,Direct,Liquid,43870,,,,--,1,1,1,1,4,High Risk,FIXED,ISIN was missing → filled from NAV,N/A,N/A,N/A,N/A,N/A,N/A
Shriram Liquid Dir,INF680P01430,153035,Shriram Liquid Fund - Direct Plan Growth Option,1,Direct,Liquid,44700,5.55,0.05,0.05,AAA,1,10,10,9,30,Low Risk,OK,Verified ✓,6.14,N/A,N/A,6.27,N/A,N/A
Shriram Nifty 1D Rate Liquid ETF,INF680P01422,152741,Shriram Nifty 1D Rate Liquid ETF - Growth,1,Direct,Liquid,44414,4.91,0.01,0.01,Cash,1,10,10,10,31,Low Risk,OK,Verified ✓,4.97,N/A,N/A,5.89,N/A,N/A
Sundaram Liquid Dir,INF173K01GU0,149664,Sundaram Liquid Fund (Formerly Known as Principal Cash Management Fund) - Direct Plan - Growth Option,1,Direct,Liquid,16532,6.07,0.1,0.1,AAA,3,10,10,9,32,Low Risk,OK,Verified ✓,6.34,7.03,6.1,6.27,6.96,6.03
TRUSTMF Liquid Dir,INF0GCD01255,148841,TRUSTMF Liquid Fund-Direct Plan-Growth,1,Direct,Liquid,41413,5.85,0.11,0.11,AAA,1,10,10,9,30,Low Risk,OK,Verified ✓,6.31,6.97,N/A,6.27,6.96,N/A
Tata Liquid Dir,INF277K01YE6,119861,Tata Liquid Fund- Direct Plan-Growth Option,1,Direct,Liquid,16723,7.58,0.16,0.16,AAA,8,10,10,9,37,Very Low Risk,OK,Verified ✓,6.38,7.04,6.08,6.27,6.96,6.03
The Wealth Company Liquid Dir,INF2F0001081,153883,THE WEALTH COMPANY LIQUID FUND DIRECT GROWTH,1,Direct,Liquid,45509,6.16,0.11,0.11,AAA,3,10,10,9,32,Low Risk,OK,Verified ✓,N/A,N/A,N/A,N/A,N/A,N/A
UTI Liquid Dir,INF090I01JV2,118577,Franklin India Liquid Fund - Super Institutional - Direct - Growth,1,Direct,Liquid,15758,6.03,0.09,0.09,AAA,3,10,10,9,32,Low Risk,OK,Verified ✓,6.38,7.03,6.09,6.27,6.96,6.03
Unifi Liquid Dir,INF1MIY01056,153570,Unifi Liquid Fund- Direct Growth,1,Direct,Liquid,45229,6.37,0.1,0.1,AAA,3,10,10,9,32,Low Risk,OK,Verified ✓,N/A,N/A,N/A,N/A,N/A,N/A
Union Liquid Dir,INF582M01674,119303,Union Liquid Fund - Direct Plan - Growth Option,1,Direct,Liquid,16419,6.15,0.11,0.11,AAA,3,10,10,9,32,Low Risk,OK,Verified ✓,6.37,7.04,6.1,6.27,6.96,6.03
WhiteOak Capital Liquid Dir,INF03VN01043,145971,WhiteOak Capital Liquid Fund- Direct plan-Growth Option,1,Direct,Liquid,38646,6.27,0.14,0.14,AAA,3,10,10,9,32,Low Risk,OK,Verified ✓,6.26,6.91,5.88,6.27,6.96,6.03
Zerodha Nifty 1D Rate Liquid ETF,INF0R8F01034,152327,Zerodha Nifty 1D Rate Liquid ETF - Growth Option,1,Direct,Liquid,44050,4.96,0.01,0.01,Cash,1,10,10,10,31,Low Risk,OK,Verified ✓,5.14,N/A,N/A,6.27,N/A,N/A
ABSL Long Duration Dir,INF209KB17J2,150484,Aditya Birla Sun Life Long Duration Fund-Direct Growth,1,Direct,Long Duration,42338,7.77,8.92,22.57,AAA,8,1,1,9,19,Moderately High Risk,OK,Verified ✓,0.68,6.9,N/A,-0.66,6.41,N/A
Axis Long Duration Dir,INF846K014L3,151179,Axis Long Duration Fund - Direct Plan - Growth,1,Direct,Long Duration,42912,7.29,11.27,30.06,GOI/Cash,7,1,1,10,19,Moderately High Risk,OK,Verified ✓,-1.47,6.08,N/A,-0.66,6.41,N/A
Bandhan Long Duration Dir,INF194KB1HY2,152520,Bandhan Long Duration Fund - Direct Plan - Growth,1,Direct,Long Duration,44184,6.71,8.24,18.38,GOI/Cash,5,1,1,10,17,Moderately High Risk,OK,Verified ✓,-0.33,N/A,N/A,-0.66,N/A,N/A
Franklin India Long Duration Fund Dir,INF090I01XY7,153102,Franklin India Long Duration Fund - Direct - Growth,1,Direct,Long Duration,44764,7.35,9.56,25.32,AAA,7,1,1,9,18,Moderately High Risk,OK,Verified ✓,1.2,N/A,N/A,-0.66,N/A,N/A
HDFC Long Duration Debt Dir,INF179KC1ET7,151313,HDFC Long Duration Debt Fund - Growth Option - Direct Plan,1,Direct,Long Duration,43050,7.41,11.72,28.88,AAA,7,1,1,9,18,Moderately High Risk,OK,Verified ✓,-1.6,6.1,N/A,-0.66,6.41,N/A
ICICI Pru Long Term Bond Dir,INF109K017L8,120743,ICICI Prudential Long Term Bond Fund - Direct Plan - Growth,1,Direct,Long Duration,15957,7.57,11.52,29.17,AAA,8,1,1,9,19,Moderately High Risk,OK,Verified ✓,0.49,6.78,5.27,-0.66,6.41,5.3
Kotak Long Duration Dir,INF174KA1RF5,152491,Kotak Long Duration Fund - Direct Plan - Growth,1,Direct,Long Duration,44192,7.49,11.99,18.25,AAA,7,1,1,9,18,Moderately High Risk,OK,Verified ✓,-1.84,N/A,N/A,-0.66,N/A,N/A
Mirae Asset Long Duration Dir,INF769K01NC9,153105,Mirae Asset Long Duration Fund - Direct Plan - Growth,1,Direct,Long Duration,44752,7.13,10.61,26.47,AAA,7,1,1,9,18,Moderately High Risk,OK,Verified ✓,-1.47,N/A,N/A,-0.66,N/A,N/A
Nippon India Nivesh Lakshya Long Duration Dir,INF204KB1YQ1,143704,Nippon India Nivesh Lakshya Long Duration Fund- Direct Plan- Growth Option,1,Direct,Long Duration,36522,7.4,10.93,22.05,AAA,7,1,1,9,18,Moderately High Risk,OK,Verified ✓,-0.7,6.37,5.33,-0.66,6.41,5.3
SBI Long Duration Dir,INF200KA16T4,151214,SBI Long Duration Fund - Direct Plan - Growth,1,Direct,Long Duration,42950,7.38,12.26,38.03,GOI/Cash,7,1,1,10,19,Moderately High Risk,OK,Verified ✓,-0.34,6.62,N/A,-0.66,6.41,N/A
UTI Long Duration Dir,INF789F1AYB5,151523,UTI Long Duration Fund - Direct Plan - Growth Option,1,Direct,Long Duration,43279,6.98,10.1,29.33,GOI/Cash,5,1,1,10,17,Moderately High Risk,OK,Verified ✓,-1.83,6.02,N/A,-0.66,6.41,N/A
ABSL CRISIL-IBX Fin Srvices 9-12 Months Debt Index Dir,INF209KC1498,153443,Aditya Birla Sun Life Crisil-IBX Financial Services 9-12 Months Debt Index Fund-Direct Growth,0.8571428571,Direct,Low Duration,45079,7.39,0.91,0.91,AAA,7,9,9,9,34,Low Risk,OK,Verified ✓,6.66,N/A,N/A,6.7,N/A,N/A
ABSL Low Duration Dir,INF209K01XU7,119523,Aditya Birla Sun Life Low duration Fund - Growth - Direct Plan,1,Direct,Low Duration,15725,7.03,0.98,1.05,AAA,7,9,8,9,33,Low Risk,OK,Verified ✓,6.7,7.54,6.65,6.7,7.47,6.55
Axis Treasury Advantage Dir,INF846K01EN1,120513,Axis Treasury Advantage Fund - Direct Plan - Growth Option,1,Direct,Low Duration,15760,6.9,0.86,0.95,AAA,5,9,9,9,32,Low Risk,OK,Verified ✓,6.78,7.54,6.51,6.7,7.47,6.55
Bajaj Finserv Low Duration Dir,INF0QA701CF6,154204,Bajaj Finserv Low Duration Fund - Direct - Growth,1,Direct,Low Duration,45824,5.88,0.4,0.41,AAA,1,10,10,9,30,Low Risk,OK,Verified ✓,N/A,N/A,N/A,N/A,N/A,N/A
Bandhan Low Duration Dir,INF194K01J77,118371,BANDHAN Low Duration Fund-Direct Plan-Growth,1,Direct,Low Duration,16735,6.72,0.84,1,AAA,5,9,9,9,32,Low Risk,OK,Verified ✓,6.43,7.21,6.17,6.7,7.47,6.55
Baroda BNP Paribas Low Duration Dir,INF251K01GJ7,150169,BARODA BNP PARIBAS LOW DURATION Fund - Direct Plan - Growth Option,1,Direct,Low Duration,16234,7.17,1,1.08,AAA,7,9,8,9,33,Low Risk,OK,Verified ✓,6.73,7.48,6.44,6.7,7.47,6.55
Baroda BNP Paribas Medium Duration-Seg Port 1 Dir,NOT_IN_NAV,NOT_IN_NAV,Not in AMFI NAV - Segregated Portfolio (wound up),MANUAL_NOT_IN_NAV,Direct,Low Duration,40947,,,,--,1,1,1,1,4,High Risk,NOT_FOUND,Neither code NOT_IN_NAV nor ISIN NOT_IN_NAV confirmed in NAV,N/A,N/A,N/A,N/A,N/A,N/A
Canara Robeco Savings Dir,INF760K01ET1,118291,CANARA ROBECO SAVINGS FUND - DIRECT PLAN - GROWTH OPTION,1,Direct,Low Duration,16604,6.94,0.95,1.38,AAA,5,9,8,9,31,Low Risk,OK,Verified ✓,6.53,7.32,6.18,6.7,7.47,6.55
DSP Low Duration Dir,INF740K013Q1,133925,DSP Low Duration Fund - Direct Plan - Growth,1,Direct,Low Duration,29616,6.93,0.99,1.16,AAA,5,9,8,9,31,Low Risk,OK,Verified ✓,6.38,7.26,6.25,6.7,7.47,6.55
Edelweiss Low Duration Dir,INF754K01UP8,153416,Edelweiss Low Duration Fund - Direct Plan Growth,1,Direct,Low Duration,45057,6.79,0.89,0.91,AAA,5,9,9,9,32,Low Risk,OK,Verified ✓,6.49,N/A,N/A,6.7,N/A,N/A
Franklin Ind Low Duration Seg Port 2 Dir,INF090I01UD7,147989,Franklin India Low Duration Fund- Segregated Portfolio 1- 8.25% Vodafone Idea Ltd-10JUL20-Direct-Growth Plan,1,Direct,Low Duration,40611,4.17,0.01,0.01,B,1,10,10,1,22,Moderate Risk,OK,Verified ✓,N/A,N/A,N/A,N/A,N/A,N/A
Franklin India Low Duration Dir,INF090I01HG7,118530,Franklin India Low Duration Fund - Direct - Growth,1,Direct,Low Duration,45010,7.32,0.94,1.96,AAA,7,9,8,9,33,Low Risk,OK,Verified ✓,7.16,N/A,N/A,6.7,N/A,N/A
HDFC CRISIL-IBX Financial Services 9-12 Months Debt Index Dir,INF179KC1JK5,153517,HDFC CRISIL-IBX Financial Services 3-6 Months Debt Index Fund - Direct Growth Plan,1,Direct,Low Duration,45934,,,,--,1,1,1,1,4,High Risk,OK,Verified ✓,N/A,N/A,N/A,N/A,N/A,N/A
HDFC Low Duration Dir,INF179K01VF7,118942,HDFC Low Duration  Fund - Direct Plan - Growth,1,Direct,Low Duration,16011,7.12,0.95,1.88,AAA,7,9,8,9,33,Low Risk,OK,Verified ✓,6.73,7.64,6.64,6.7,7.47,6.55
HSBC Low Duration Dir,INF917K01GM7,151117,HSBC Low Duration Fund - Direct Growth,1,Direct,Low Duration,16296,7.25,0.87,1.2,AAA,7,9,8,9,33,Low Risk,OK,Verified ✓,7.96,8.01,6.74,6.7,7.47,6.55
ICICI Pru Savings Dir,INF109K01S39,120616,ICICI Prudential Regular Savings Fund - Direct Plan - Growth,1,Direct,Low Duration,15565,7.21,0.98,1.34,AAA,7,9,8,9,33,Low Risk,OK,Verified ✓,6.81,7.68,6.63,6.7,7.47,6.55
Invesco India Low Duration Dir,INF205K01NY8,120570,Invesco India Low Duration Fund - Direct Plan - Growth,1,Direct,Low Duration,16853,6.63,0.8,0.82,AAA,5,9,9,9,32,Low Risk,OK,Verified ✓,6.51,7.28,6.21,6.7,7.47,6.55
JM Low Duration Dir,INF192K01DW3,143612,JM Low Duration Fund (Direct) - Growth,1,Direct,Low Duration,16564,7.03,0.97,0.97,AAA,7,9,9,9,34,Low Risk,OK,Verified ✓,6.58,7.33,6.24,6.7,7.47,6.55
JioBlackRock Low Duration Dir,INF22M001150,154081,JioBlackRock Low Duration Fund - Direct Plan - Growth Option,1,Direct,Low Duration,45727,6.41,0.58,0.59,AAA,3,9,9,9,30,Low Risk,OK,Verified ✓,N/A,N/A,N/A,N/A,N/A,N/A
Kotak CRISIL-IBX Fin Srvices 9 To 12 Months Debt Index Dir,INF174KA1VK7,153372,Kotak CRISIL-IBX Financial Services 3-6 Months Debt Index Fund-Direct-Growth,0.8571428571,Direct,Low Duration,45503,6.79,0.37,0.37,AAA,5,10,10,9,34,Low Risk,OK,Verified ✓,N/A,N/A,N/A,N/A,N/A,N/A
Kotak Low Duration Dir,INF178L01AX4,133810,Kotak Low Duration Fund- Direct Plan- Growth Option,1,Direct,Low Duration,16503,7.26,0.91,1.2,AAA,7,9,8,9,33,Low Risk,OK,Verified ✓,6.78,7.62,6.62,6.7,7.47,6.55
LIC MF Low Duration Dir,INF767K01FM8,120315,LIC MF Low Duration Fund-Direct Plan-Growth,1,Direct,Low Duration,16875,6.51,0.72,0.73,AAA,5,9,9,9,32,Low Risk,OK,Verified ✓,6.66,7.39,6.3,6.7,7.47,6.55
Mahindra Manulife Low Duration Dir,INF174V01267,140613,Mahindra Manulife Low Duration Fund - Direct Plan -Growth,1,Direct,Low Duration,33500,7.68,0.87,0.91,AAA,8,9,9,9,35,Very Low Risk,OK,Verified ✓,6.75,7.57,6.48,6.7,7.47,6.55
Mirae Asset CRISIL-IBX Financial Services 9-12 Months Debt Index Fund Dir,INF769K01OS3,153634,Mirae Asset CRISIL-IBX Financial Services 9-12 Months Debt Index Fund - Direct Plan - Growth,1,Direct,Low Duration,45253,7.34,0.47,0.47,AAA,7,10,10,9,36,Very Low Risk,OK,Verified ✓,N/A,N/A,N/A,N/A,N/A,N/A
Mirae Asset Low Duration Dir,INF769K01BO9,118840,Mirae Asset Low Duration Fund - Direct Plan - Growth,1,Direct,Low Duration,16599,6.94,1.01,1.06,AAA,5,8,8,9,30,Low Risk,OK,Verified ✓,6.72,7.52,6.4,6.7,7.47,6.55
Nippon India CRISIL-IBX Fin Srvices 9-12 Months Debt Index Dir,INF204KC1DM3,152992,Nippon India CRISIL-IBX AAA Fin Services Dec 2026 - Direct Growth,MANUAL_VERIFIED,Direct,Low Duration,45881,,,,--,1,1,1,1,4,High Risk,OK,Verified ✓,N/A,N/A,N/A,N/A,N/A,N/A
Nippon India Low Duration Dir,INF204K01G03,118702,Nippon India Low Duration Fund - Direct Plan Growth Plan - Bonus Option,1,Direct,Low Duration,16863,6.93,0.88,1.1,AAA,5,9,8,9,31,Low Risk,OK,Verified ✓,6.76,7.53,6.61,6.7,7.47,6.55
PGIM India Money Market-Seg Port 1 Dir,,152114,PGIM India Money Market Fund - Segregated Portfolio 1 - Direct Plan - Growth Option,NAV-verified,Direct,Low Duration,43750,,,,--,1,1,1,1,4,High Risk,FIXED,ISIN was missing → filled from NAV,N/A,N/A,N/A,N/A,N/A,N/A
SBI Low Duration Dir,INF200K01VM7,119812,SBI LOW DURATION FUND - DIRECT PLAN - GROWTH,1,Direct,Low Duration,16316,6.42,0.64,0.75,AAA,3,9,9,9,30,Low Risk,OK,Verified ✓,N/A,N/A,N/A,N/A,N/A,N/A
Sundaram Low Duration Dir,INF173K01FS6,149526,Sundaram Low Duration Fund (Formerly Known as Principal Low Duration Fund) - Direct Plan - Growth Option,1,Direct,Low Duration,16542,7.02,0.93,0.98,AAA,7,9,9,9,34,Low Risk,OK,Verified ✓,6.48,7.37,6.34,6.7,7.47,6.55
Tata Treasury Advantage Dir,INF277K01OK4,119863,Tata Treasury Advantage Fund - Direct Plan - Growth Option,1,Direct,Low Duration,16689,7.47,0.98,1.22,AAA,7,9,8,9,33,Low Risk,OK,Verified ✓,6.48,7.41,7.98,6.7,7.47,6.55
Tata Treasury Advtg Seg Port1 Direct,NOT_IN_NAV,NOT_IN_NAV,Not in AMFI NAV - Segregated Portfolio (wound up),MANUAL_NOT_IN_NAV,Direct,Low Duration,40088,,,,--,1,1,1,1,4,High Risk,NOT_FOUND,Neither code NOT_IN_NAV nor ISIN NOT_IN_NAV confirmed in NAV,6.52,7.32,6.3,6.7,7.47,6.55
UTI Low Duration Dir,INF789F01XI3,120735,UTI Low Duration Fund - Direct Plan - Growth Option,1,Direct,Low Duration,15853,6.85,0.8,0.94,AAA,5,9,9,9,32,Low Risk,OK,Verified ✓,N/A,N/A,N/A,N/A,N/A,N/A
Union Low Duration Dir,INF582M01LQ6,153654,Union Low Duration Fund - Direct Plan - Growth Option,1,Direct,Low Duration,45262,6.88,0.96,1.02,AAA,5,9,8,9,31,Low Risk,OK,Verified ✓,6.57,7.34,7.38,6.7,7.47,6.55
ABSL Medium Term Dir,INF209K01XA9,119539,Aditya Birla Sun Life Medium Term Plan - Growth - Direct Plan,1,Direct,Medium Duration,15910,8.4,3.03,3.83,AA,9,4,6,6,25,Moderate Risk,OK,Verified ✓,N/A,N/A,N/A,N/A,N/A,N/A
ABSL Medium Term Seg Port1 Direct,NOT_IN_NAV,NOT_IN_NAV,ABSL Medium Term Segregated Portfolio - Not in AMFI NAV (wound up),MANUAL_NOT_IN_NAV,Direct,Medium Duration,40449,,,,--,1,1,1,1,4,High Risk,NOT_FOUND,Neither code NOT_IN_NAV nor ISIN NOT_IN_NAV confirmed in NAV,9.41,10.5,12.67,6.31,7.91,7.38
Axis Strategic Bond Dir,INF846K01DT0,120475,Axis Strategic Bond Fund - Direct Plan - Growth Option,1,Direct,Medium Duration,17333,7.91,3.66,5.13,AA,8,4,4,6,22,Moderate Risk,OK,Verified ✓,N/A,N/A,N/A,N/A,N/A,N/A
Bandhan Medium Duration Dir,INF194K01S50,118401,Bandhan Medium Duration Fund - Direct Plan - Growth,1,Direct,Medium Duration,16708,6.74,1.31,1.89,AAA,5,8,8,9,30,Low Risk,OK,Verified ✓,6.74,8.34,7.37,6.31,7.91,7.38
DSP Bond Dir,INF740K01MZ3,118924,DSP Bond Fund - Direct Plan - Growth,1,Direct,Medium Duration,15795,7.07,3.38,3.94,AAA,7,4,6,9,26,Moderate Risk,OK,Verified ✓,5.28,7.21,5.94,6.31,7.91,7.38
Franklin Ind Incm Opp Seg Port 2 Dir,INF090I01TD9,147963,Franklin India Income Opportunities Fund- Segregated Portfolio 1- 8.25% Vodafone Idea Ltd-10JUL20-Direct Growth Plan,0.8,Direct,Medium Duration,40592,4.17,0.01,0.01,B,1,10,10,1,22,Moderate Risk,OK,Verified ✓,5.13,7.33,6.12,6.31,7.91,7.38
HDFC Medium Term Debt Dir,INF179K01WI9,119081,HDFC Medium Term Debt Fund - Growth Option - Direct Plan,1,Direct,Medium Duration,16058,7.9,3.32,4.82,AAA,8,4,4,9,25,Moderate Risk,OK,Verified ✓,N/A,N/A,N/A,N/A,N/A,N/A
HSBC Medium Duration Dir,INF917K01TK4,151146,HSBC Medium Duration Fund - Direct Growth,1,Direct,Medium Duration,29311,7.65,2.51,2.97,AAA,8,6,6,9,29,Low Risk,OK,Verified ✓,6.34,7.9,6.86,6.31,7.91,7.38
ICICI Pru Medium Term Bond Dir,INF109K015A5,120670,ICICI Prudential Medium Term Bond Fund - Direct Plan - Growth,1,Direct,Medium Duration,17063,7.99,3.71,6.48,AAA,8,4,4,9,25,Moderate Risk,OK,Verified ✓,5.94,7.94,6.79,6.31,7.91,7.38
Invesco India Medium Duration Dir,INF205KA1429,149011,Invesco India Medium Duration Fund - Direct Plan - Growth,1,Direct,Medium Duration,41551,6.69,3.4,4.26,AAA,5,4,4,9,22,Moderate Risk,OK,Verified ✓,7.72,8.42,7.41,6.31,7.91,7.38
Kotak Medium Term Dir,INF174K01VQ5,128006,Kotak Medium Term Fund - Direct Growth,1,Direct,Medium Duration,25271,8.09,3.23,4.53,AA,9,4,4,6,23,Moderate Risk,OK,Verified ✓,4.8,7.17,N/A,6.31,7.91,N/A
Nippon India Medium Duration Dir,INF204KA1QF1,130050,Nippon India Medium Duration Fund - Direct Plan - Growth Option,1,Direct,Medium Duration,26994,7.57,3.84,4.84,AAA,8,4,4,9,25,Moderate Risk,OK,Verified ✓,7.96,8.86,7.54,6.31,7.91,7.38
Nippon India Medium Duration Seg Port 2 Direct,INF204KB18M5,148080,Nippon India Medium Duration Fund - Segregated Portfolio 1 - Direct Plan - Growth Option,1,Direct,Medium Duration,40880,,,,--,1,1,1,1,4,High Risk,OK,Verified ✓,8.1,8.35,9.47,6.31,7.91,7.38
Nippon India Medium Duration Seg Port1 Dir,INF204KB18M5,148080,Nippon India Medium Duration Fund - Segregated Portfolio 1 - Direct Plan - Growth Option,0.75,Direct,Medium Duration,40711,2.81,3.03,0.07,B,1,4,10,1,16,Moderately High Risk,OK,Verified ✓,N/A,N/A,N/A,N/A,N/A,N/A
SBI Medium Duration Dir,INF200K01VB0,119824,SBI MEDIUM DURATION FUND - DIRECT PLAN - GROWTH,1,Direct,Medium Duration,17808,8.03,3.03,4.05,AA,9,4,4,6,23,Moderate Risk,OK,Verified ✓,N/A,N/A,N/A,N/A,N/A,N/A
Sundaram Medium Duration Dir,INF903J01PO6,119675,Sundaram Medium Duration Fund (Formerly Known as Sundaram Medium Term Bond Fund) Direct Plan - Growth,1,Direct,Medium Duration,16084,6.92,3.34,4.22,AAA,5,4,4,9,22,Moderate Risk,OK,Verified ✓,5.95,7.75,6.75,6.31,7.91,7.38
Tata Medium Term Seg Port1 Direct,NOT_IN_NAV,NOT_IN_NAV,Tata Medium Term Segregated Portfolio - Not in AMFI NAV (wound up),MANUAL_NOT_IN_NAV,Direct,Medium Duration,40074,,,,--,1,1,1,1,4,High Risk,NOT_FOUND,Neither code NOT_IN_NAV nor ISIN NOT_IN_NAV confirmed in NAV,3.88,6.05,4.93,6.31,7.91,7.38
UTI Medium Duration Dir,INF789FB1KE6,134503,UTI Medium Duration Fund - Direct Plan - Growth Option,1,Direct,Medium Duration,29994,7.08,3.31,4.17,AAA,7,4,4,9,24,Moderate Risk,OK,Verified ✓,N/A,N/A,N/A,N/A,N/A,N/A
UTI Medium Duration Seg Port 2 Dir,NOT_IN_NAV,NOT_IN_NAV,Not in AMFI NAV - Segregated Portfolio (wound up),MANUAL_NOT_IN_NAV,Direct,Medium Duration,40918,,,,--,1,1,1,1,4,High Risk,NOT_FOUND,Neither code NOT_IN_NAV nor ISIN NOT_IN_NAV confirmed in NAV,4.77,7.06,6.64,6.31,7.91,7.38
UTI Medium Duration Seg Port 3 Dir,NOT_IN_NAV,NOT_IN_NAV,Not in AMFI NAV - Segregated Portfolio (wound up),MANUAL_NOT_IN_NAV,Direct,Medium Duration,41050,,,,--,1,1,1,1,4,High Risk,NOT_FOUND,Neither code NOT_IN_NAV nor ISIN NOT_IN_NAV confirmed in NAV,N/A,N/A,N/A,N/A,N/A,N/A
UTI Medium Duration Seg Port Dir,NOT_IN_NAV,NOT_IN_NAV,Not in AMFI NAV - Segregated Portfolio (wound up),MANUAL_NOT_IN_NAV,Direct,Medium Duration,40739,5.83,3.03,0.07,B,1,4,10,1,16,Moderately High Risk,NOT_FOUND,Neither code NOT_IN_NAV nor ISIN NOT_IN_NAV confirmed in NAV,N/A,N/A,N/A,N/A,N/A,N/A
ABSL Income Dir,INF209K01WY1,119657,Aditya Birla Sun Life Income Fund - Growth - Direct Plan,1,Direct,Medium to Long Duration,15756,7.71,6.95,15.89,AAA,8,2,1,9,20,Moderately High Risk,OK,Verified ✓,N/A,N/A,N/A,N/A,N/A,N/A
Bandhan Medium to Long Duration Dir,INF194K01R51,118394,Bandhan Medium to Long Duration Fund - Direct Plan - Growth,1,Direct,Medium to Long Duration,16704,6.71,1.64,2.5,AAA,5,8,6,9,28,Low Risk,OK,Verified ✓,2.06,6.32,5.68,3.18,6.87,6.06
Canara Robeco Income Dir,INF760K01FI1,118282,CANARA ROBECO INCOME FUND - DIRECT PLAN - GROWTH OPTION,1,Direct,Medium to Long Duration,15753,6.54,4.1,8.45,AAA,5,4,2,9,20,Moderately High Risk,OK,Verified ✓,3.36,6.34,5.22,3.18,6.87,6.06
Franklin India Medium to Long Duration Dir,INF090I01XG4,152851,Franklin India Medium to Long Duration Fund - Direct Growth,1,Direct,Medium to Long Duration,44534,7.49,6.29,14.45,AAA,7,2,1,9,19,Moderately High Risk,OK,Verified ✓,2.65,6.38,5.45,3.18,6.87,6.06
HDFC Income Dir,INF179K01WL3,119069,HDFC Income Fund - Growth Option - Direct Plan,1,Direct,Medium to Long Duration,16066,6.91,6.67,12.49,AAA,5,2,1,9,17,Moderately High Risk,OK,Verified ✓,3.75,N/A,N/A,3.18,N/A,N/A
HSBC Medium to Long Duration Dir,INF336L01DE2,120059,HSBC Medium to Long Duration Fund - Direct Growth,1,Direct,Medium to Long Duration,17390,7.13,5.71,10.85,AAA,7,2,2,9,20,Moderately High Risk,OK,Verified ✓,2.55,6.86,5.73,3.18,6.87,6.06
ICICI Pru Bond Dir,INF109K016E5,120603,ICICI Prudential All Seasons Bond Fund - Direct Plan - Growth,1,Direct,Medium to Long Duration,17100,7.27,6.78,16.62,AAA,7,2,1,9,19,Moderately High Risk,OK,Verified ✓,2.42,6.53,5.37,3.18,6.87,6.06
ICICI Pru Diversified Debt Strategy Active FoF Dir,INF109K01X73,120702,ICICI Prudential Diversified Debt Strategy Active FOF  - Direct Plan - Growth,1,Direct,Medium to Long Duration,17928,,,,--,1,1,1,1,4,High Risk,OK,Verified ✓,3.55,7.38,6.28,3.18,6.87,6.06
JM Medium to Long Duration Dir,INF192K01CW5,120430,JM Medium to Long Duration Fund (Direct) - Growth Option,1,Direct,Medium to Long Duration,17172,6.57,4.27,5.63,AAA,5,4,4,9,22,Moderate Risk,OK,Verified ✓,5.21,7.48,6.45,3.18,6.87,6.06
Kotak Bond Dir,INF174K01JC0,119735,Kotak Bond Fund - Growth - Direct,1,Direct,Medium to Long Duration,16749,7.42,6.73,12.62,AAA,7,2,1,9,19,Moderately High Risk,OK,Verified ✓,3.5,6.88,5.58,3.18,6.87,6.06
LIC MF Medium to Long Duration Dir,INF767K01EW0,120279,LIC MF Medium to Long Duration Fund-Direct Plan-Growth,1,Direct,Medium to Long Duration,16768,6.72,5.7,10.65,AAA,5,2,2,9,18,Moderately High Risk,OK,Verified ✓,3.14,7.15,6.25,3.18,6.87,6.06
Nippon India Medium to Long Duration Dir,INF204K01F38,118679,Nippon India Medium to Long Duration  Fund - Direct Plan Growth Plan-Bonus Option,1,Direct,Medium to Long Duration,16835,7.19,6.88,13.35,AAA,7,2,1,9,19,Moderately High Risk,OK,Verified ✓,3.7,7.54,6.05,3.18,6.87,6.06
SBI Medium to Long Duration Dir,INF200K01SR2,119714,SBI Medium to Long Duration Fund-DIRECT PLAN -Growth,1,Direct,Medium to Long Duration,16230,7.51,4.49,7.71,AAA,8,4,2,9,23,Moderate Risk,OK,Verified ✓,2.43,6.78,6.03,3.18,6.87,6.06
UTI Medium to Long Duration Dir,INF789F01SQ6,120689,UTI Medium to Long Duration Fund-Growth - Direct,1,Direct,Medium to Long Duration,15861,7.55,5.99,9.96,AAA,8,2,2,9,21,Moderate Risk,OK,Verified ✓,3.71,7.17,6.29,3.18,6.87,6.06
UTI Medium to Long Duration Seg Port Dir,NOT_IN_NAV,NOT_IN_NAV,Not in AMFI NAV - Segregated Portfolio (wound up),MANUAL_NOT_IN_NAV,Direct,Medium to Long Duration,40720,5.78,4.04,0.07,B,1,4,10,1,16,Moderately High Risk,NOT_FOUND,Neither code NOT_IN_NAV nor ISIN NOT_IN_NAV confirmed in NAV,2.52,6.44,8.4,3.18,6.87,6.06
ABSL Money Manager Dir,INF209K01UU3,119511,Aditya Birla Sun Life Money Manager Fund - Growth - Direct Plan,1,Direct,Money Market,15826,7.38,0.76,0.76,AAA,7,9,9,9,34,Low Risk,OK,Verified ✓,N/A,N/A,N/A,N/A,N/A,N/A
Axis Money Market Dir,INF846K01Q62,147567,Axis Money Market Fund - Direct Plan - Growth Option,1,Direct,Money Market,40197,6.72,0.61,0.61,AAA,5,9,9,9,32,Low Risk,OK,Verified ✓,6.7,7.49,6.51,6.69,7.37,6.38
Bajaj Finserv Money Market Dir,INF0QA701334,151889,Bajaj Finserv Money Market Fund-Direct Plan-Growth,1,Direct,Money Market,43661,6.39,0.47,0.47,AAA,3,10,10,9,32,Low Risk,OK,Verified ✓,6.78,7.53,6.51,6.69,7.37,6.38
Bandhan Money Market Dir,INF194K01M80,118384,Bandhan Money Market Fund -Direct Plan-Growth,1,Direct,Money Market,16515,6.63,0.64,0.64,AAA,5,9,9,9,32,Low Risk,OK,Verified ✓,6.73,N/A,N/A,6.69,N/A,N/A
Bank of India Money Market Dir,INF761K01GO5,153294,Bank of India Money Market Fund - Direct - Growth,1,Direct,Money Market,44948,6.79,0.72,0.71,AAA,5,9,9,9,32,Low Risk,OK,Verified ✓,6.8,7.48,6.4,6.69,7.37,6.38
Baroda BNP Paribas Money Market Dir,INF955L01ID0,147377,Baroda BNP Paribas Money Market Fund- Direct Plan - Growth,1,Direct,Money Market,40016,6.68,0.53,0.53,AAA,5,9,9,9,32,Low Risk,OK,Verified ✓,6.79,N/A,N/A,6.69,N/A,N/A
DSP Savings Dir,INF740KA1504,136567,DSP Equity Savings Fund - Direct Plan - Growth,1,Direct,Money Market,16459,6.93,0.68,0.69,AAA,5,9,9,9,32,Low Risk,OK,Verified ✓,6.73,7.28,6.14,6.69,7.37,6.38
Edelweiss Money Market Dir,INF843K01CE1,140237,Edelweiss Money Market Fund - Direct Plan - Growth Option,1,Direct,Money Market,17429,6.51,0.47,0.44,AAA,5,10,10,9,34,Low Risk,OK,Verified ✓,6.64,7.29,6.22,6.69,7.37,6.38
Franklin India Money Market Dir,INF090I01GV8,118506,Franklin India Money Market Fund - Direct - Growth,1,Direct,Money Market,16748,6.4,0.56,0.56,AAA,3,9,9,9,30,Low Risk,OK,Verified ✓,6.69,7.36,6.21,6.69,7.37,6.38
Groww Money Market Dir,INF666M01MW3,153982,Groww Money Market Fund Direct Growth,1,Direct,Money Market,45614,6.73,0.17,0.17,CASH,5,10,10,10,35,Very Low Risk,OK,Verified ✓,6.69,7.47,6.39,6.69,7.37,6.38
HDFC Money Market Dir,INF179KB1HU9,119092,HDFC Money Market Fund - Growth Option - Direct Plan,1,Direct,Money Market,16004,6.87,0.62,0.62,AAA,5,9,9,9,32,Low Risk,OK,Verified ✓,N/A,N/A,N/A,N/A,N/A,N/A
HSBC Money Market Dir,INF917K01FE6,151054,HSBC Money Market Fund - Direct Growth,1,Direct,Money Market,16223,6.78,0.53,0.54,AAA,5,9,9,9,32,Low Risk,OK,Verified ✓,6.73,7.48,6.48,6.69,7.37,6.38
ICICI Pru Money Market Dir,INF109K01R14,120211,ICICI Prudential Money Market Fund Option - Direct Plan -  Growth,1,Direct,Money Market,15854,6.77,0.69,0.69,AAA,5,9,9,9,32,Low Risk,OK,Verified ✓,6.63,7.36,6.25,6.69,7.37,6.38
Invesco India Money Market Dir,INF205K01RY9,120507,Invesco India Money Market Fund - Direct Plan - Growth,1,Direct,Money Market,16726,6.63,0.63,0.63,AAA,5,9,9,9,32,Low Risk,OK,Verified ✓,6.68,7.46,6.44,6.69,7.37,6.38
JioBlackRock Money Market Dir,INF22M001028,153649,JioBlackRock Money Market Fund - Direct Plan - Growth Option,1,Direct,Money Market,45287,5.95,0.32,0.32,AAA,1,10,10,9,30,Low Risk,OK,Verified ✓,6.6,7.31,6.23,6.69,7.37,6.38
Kotak Money Market Dir,INF174K01MW2,119746,Kotak Money Market Fund - (Growth) - Direct,1,Direct,Money Market,16350,6.84,0.65,0.65,AAA,5,9,9,9,32,Low Risk,OK,Verified ✓,N/A,N/A,N/A,N/A,N/A,N/A
LIC MF Money Market Dir,INF767K01RE0,150392,LIC MF Money Market Fund-Direct Plan-Growth,1,Direct,Money Market,42409,6.58,0.5,0.5,AAA,5,10,10,9,34,Low Risk,OK,Verified ✓,6.7,7.46,6.45,6.69,7.37,6.38
Mirae Asset Money Market Dir,INF769K01HN8,149112,Mirae Asset Money Market Fund Direct Growth,1,Direct,Money Market,41643,6.53,0.49,0.49,AAA,5,10,10,9,34,Low Risk,OK,Verified ✓,6.72,6.76,N/A,6.69,7.37,N/A
Nippon India Money Market Dir,INF204K01G11,118715,Nippon India Money Market Fund - Direct Plan Growth Plan - Bonus Option,1,Direct,Money Market,16121,6.89,0.69,0.69,AAA,5,9,9,9,32,Low Risk,OK,Verified ✓,6.65,7.45,N/A,6.69,7.37,N/A
PGIM India Money Market Dir,INF663L01T84,148161,PGIM India Money Market Fund - Direct Plan - Growth Option,1,Direct,Money Market,40775,6.79,0.3,0.3,AAA,5,10,10,9,34,Low Risk,OK,Verified ✓,6.72,7.49,6.52,6.69,7.37,6.38
SBI Savings Dir,INF200K01SZ5,119821,SBI  SAVINGS FUND - DIRECT PLAN - GROWTH,1,Direct,Money Market,17152,6.41,0.44,0.44,AAA,3,10,10,9,32,Low Risk,OK,Verified ✓,6.53,7.28,6.37,6.69,7.37,6.38
Shriram Money Market Dir,INF680P01471,154144,Shriram Money Market Fund - Direct Plan Growth Option,1,Direct,Money Market,45778,6.66,0.6,0.6,AAA,5,9,9,9,32,Low Risk,OK,Verified ✓,6.64,7.42,6.42,6.69,7.37,6.38
Sundaram Money Market Dir,INF903JA1FR6,145050,Sundaram Money Market Fund Direct Plan - Growth,1,Direct,Money Market,37726,6.49,0.49,0.49,AAA,3,10,10,9,32,Low Risk,OK,Verified ✓,N/A,N/A,N/A,N/A,N/A,N/A
TRUSTMF Money Market Dir,INF0GCD01503,150513,TRUSTMF MONEY MARKET FUND-DIRECT PLAN-GROWTH,1,Direct,Money Market,42422,6.4,0.42,0.42,AAA,3,10,10,9,32,Low Risk,OK,Verified ✓,6.63,7.29,6.23,6.69,7.37,6.38
Tata Money Market Dir,INF277K01PR6,119424,Tata Money Market Fund- Direct Plan- Growth Option,1,Direct,Money Market,16711,7.38,0.77,0.77,AAA,7,9,9,9,34,Low Risk,OK,Verified ✓,6.53,7.18,N/A,6.69,7.37,N/A
UTI Money Market Dir,NOT_IN_NAV,NOT_IN_NAV,UTI Money Market - No Growth Plan in AMFI NAV,MANUAL_NOT_IN_NAV,Direct,Money Market,15971,6.03,0.58,0.58,AAA,3,9,9,9,30,Low Risk,NOT_FOUND,Neither code NOT_IN_NAV nor ISIN NOT_IN_NAV confirmed in NAV,6.82,7.61,6.62,6.69,7.37,6.38
Union Money Market Dir,INF582M01HG5,149117,Union Money Market Fund - Direct Plan -  Growth Option,1,Direct,Money Market,41649,6.39,0.25,0.25,AAA,3,10,10,9,32,Low Risk,OK,Verified ✓,6.68,7.47,6.48,6.69,7.37,6.38
ABSL US Treasury 1-3 Year Bonds ETFs Passive FoF Dir*,INF209KB16W7,152140,ABSL US Treasury 1-3 Year Bond ETFs FoF - Direct Growth,MANUAL_VERIFIED,Direct,Others,43824,3.84,,1.95,D,1,1,8,1,11,High Risk,OK,Verified ✓,6.72,7.2,N/A,6.69,7.37,N/A
ABSL US Treasury 3-10 Year Bonds ETFs Passive FoF Dir*,INF209KB12X4,152150,ABSL US Treasury 3-10 Year Bond ETFs FoF - Direct Growth,MANUAL_VERIFIED,Direct,Others,43820,4.04,,5.69,D,1,1,4,1,7,High Risk,OK,Verified ✓,10.7,N/A,N/A,N/A,N/A,N/A
Axis US Specific Treasury Dynamic Debt Passive FoF Dir*,INF846K017T9,152240,Axis US Specific Treasury Dynamic Debt Passive FOF - Direct Plan - Growth Option,1,Direct,Others,43978,3.84,,8.12,D,1,1,2,1,5,High Risk,OK,Verified ✓,12.14,N/A,N/A,N/A,N/A,N/A
Bandhan US Treasury Bond 0-1 year Specific Debt Passive FoF Dir,INF194KB1FV2,151548,Bandhan US Treasury Bond 0-1 year specific Debt Passive FOF - DIRECT PLAN - GROWTH,1,Direct,Others,43353,,,,--,1,1,1,1,4,High Risk,OK,Verified ✓,12.46,N/A,N/A,N/A,N/A,N/A
DSP US Specific Debt Passive FoF Dir*,INF740KA1UJ6,152528,DSP US Specific Debt Passive FoF - Direct - Growth,1,Direct,Others,44196,,,,--,1,1,1,1,4,High Risk,OK,Verified ✓,12.53,9.11,N/A,N/A,N/A,N/A
360 ONE Overnight Dir,INF579M01BG4,153703,360 ONE Overnight Fund - Direct Plan - Growth,1,Direct,Overnight,45316,5.09,0,0.01,GOI/Cash,1,10,10,10,31,Low Risk,OK,Verified ✓,N/A,N/A,N/A,N/A,N/A,N/A
ABSL CRISIL Liquid Overnight ETF,INF209KB18T9,151533,Aditya Birla Sun Life CRISIL Liquid Overnight ETF - IDCW Daily Reinvestment with Weekly Payout,1,Direct,Overnight,43247,,,,--,1,1,1,1,4,High Risk,OK,Verified ✓,N/A,N/A,N/A,N/A,N/A,N/A
ABSL Overnight Dir,INF209KB1ZH2,145486,ADITYA BIRLA SUN LIFE OVERNIGHT FUND-DIRECT PLAN-GROWTH,1,Direct,Overnight,38135,6.95,0.01,0.01,GOI/Cash,5,10,10,10,35,Very Low Risk,OK,Verified ✓,5,5.84,N/A,5.32,6.16,N/A
Axis Overnight Dir,INF846K01N65,146675,Axis Overnight Fund - Direct Plan - Growth Option,1,Direct,Overnight,39294,5.04,0.01,0.01,GOI/Cash,1,10,10,10,31,Low Risk,OK,Verified ✓,5.44,6.29,5.54,5.41,6.26,5.52
Bajaj Finserv Overnight Dir,INF0QA701177,151849,Bajaj Finserv Overnight Fund - Direct Plan - Growth,1,Direct,Overnight,43603,5.05,0.01,0.01,GOI/Cash,1,10,10,10,31,Low Risk,OK,Verified ✓,5.48,6.32,5.57,5.41,6.26,5.52
Bandhan Overnight Dir,INF194KB1447,146191,BANDHAN Overnight Fund - Direct Plan - Growth,1,Direct,Overnight,38838,5.01,0.01,0.01,GOI/Cash,1,10,10,10,31,Low Risk,OK,Verified ✓,5.5,N/A,N/A,5.41,N/A,N/A
Bank of India Overnight Dir,INF761K01EU7,147951,BANK OF INDIA Overnight Fund Direct Plan Growth,1,Direct,Overnight,40573,5.02,0,0,GOI/Cash,1,10,10,10,31,Low Risk,OK,Verified ✓,5.45,6.29,5.54,5.41,6.26,5.52
Baroda BNP Paribas Overnight Dir,INF955L01HV4,147196,Baroda BNP Paribas Overnight Fund - Direct Plan - Growth,1,Direct,Overnight,39818,5.02,0.01,0.01,GOI/Cash,1,10,10,10,31,Low Risk,OK,Verified ✓,5.55,6.37,5.63,5.41,6.26,5.52
Canara Robeco Overnight Dir,INF760K01JM5,147531,CANARA ROBECO OVERNIGHT FUND - DIRECT PLAN - GROWTH OPTION,1,Direct,Overnight,40153,4.93,0.01,0.01,GOI/Cash,1,10,10,10,31,Low Risk,OK,Verified ✓,5.46,6.29,5.54,5.41,6.26,5.52
DSP Overnight Dir,INF740KA1MC8,146062,DSP Overnight Fund - Direct Plan - Growth,1,Direct,Overnight,38748,5.07,0.01,0.01,GOI/Cash,1,10,10,10,31,Low Risk,OK,Verified ✓,5.38,6.2,5.47,5.41,6.26,5.52
Edelweiss Overnight Dir,INF754K01JV9,147570,Edelweiss Overnight Fund - Direct Plan - Growth,1,Direct,Overnight,40175,5.06,0.01,0.01,Cash,1,10,10,10,31,Low Risk,OK,Verified ✓,5.45,6.29,5.54,5.41,6.26,5.52
Franklin India Overnight Dir,INF090I01SS9,147214,Franklin India Overnight Fund- Growth - Direct,1,Direct,Overnight,39884,5.08,0.01,0.01,GOI/Cash,1,10,10,10,31,Low Risk,OK,Verified ✓,5.4,6.23,5.48,5.41,6.26,5.52
Groww Overnight Dir,INF666M01GL8,147450,Groww Overnight Fund (formerly known as Indiabulls Overnight Fund)- Direct Plan- Growth Option,1,Direct,Overnight,40037,7.09,0.01,0.01,Cash,7,10,10,10,37,Very Low Risk,OK,Verified ✓,5.49,6.26,5.5,5.41,6.26,5.52
HDFC Overnight Dir,INF179KB1HT1,119110,HDFC Overnight Fund - Growth Option - Direct Plan,1,Direct,Overnight,16000,5.05,0.01,0.01,GOI/Cash,1,10,10,10,31,Low Risk,OK,Verified ✓,5.36,6.16,5.4,5.41,6.26,5.52
HSBC Overnight Dir,INF336L01OF6,147287,HSBC Overnight Fund - Direct Growth,1,Direct,Overnight,39921,5.01,0.01,0.01,GOI/Cash,1,10,10,10,31,Low Risk,OK,Verified ✓,5.41,6.23,5.49,5.41,6.26,5.52
Helios Overnight Dir,INF0R8701079,152152,Helios Overnight Fund - Direct Plan - Growth Option,1,Direct,Overnight,43835,4.95,0,0,Cash,1,10,10,10,31,Low Risk,OK,Verified ✓,5.45,6.29,5.54,5.41,6.26,5.52
ICICI Pru Overnight Dir,INF109KC11G1,145536,ICICI Prudential Overnight Fund - Direct Plan - Growth,1,Direct,Overnight,38261,5.04,0,0.01,GOI/Cash,1,10,10,10,31,Low Risk,OK,Verified ✓,5.29,N/A,N/A,5.41,N/A,N/A
ITI Overnight Dir,INF00XX01564,147713,ITI Overnight Fund - Direct Plan - Growth Option,1,Direct,Overnight,40356,4.91,0.01,0.01,Cash,1,10,10,10,31,Low Risk,OK,Verified ✓,5.45,6.27,5.52,5.41,6.26,5.52
Invesco India Overnight Dir,INF205KA1163,147883,Invesco India Overnight Fund - Direct Plan - Growth,1,Direct,Overnight,40514,5.01,0,0.01,GOI/Cash,1,10,10,10,31,Low Risk,OK,Verified ✓,5.23,6.05,5.36,5.41,6.26,5.52
JM Overnight Dir,INF192K01MB8,147837,JM Overnight Fund - (Direct) - Growth,1,Direct,Overnight,40475,4.94,0,0,Cash,1,10,10,10,31,Low Risk,OK,Verified ✓,5.44,6.28,5.53,5.41,6.26,5.52
JioBlackRock Overnight Dir,INF22M001036,153650,JioBlackRock Overnight Fund - Direct Plan - Growth Option,1,Direct,Overnight,45293,5.08,0.01,0.01,GOI/Cash,1,10,10,10,31,Low Risk,OK,Verified ✓,5.31,6.2,5.48,5.41,6.26,5.52
Kotak Overnight Dir,INF174KA1BF9,146141,Kotak Overnight Fund -Direct Plan-Growth Option,1,Direct,Overnight,38846,5.06,0.01,0.01,GOI/Cash,1,10,10,10,31,Low Risk,OK,Verified ✓,N/A,N/A,N/A,N/A,N/A,N/A
LIC MF Overnight Dir,INF767K01QI3,147515,LIC MF Overnight Fund-Direct Plan-Growth,1,Direct,Overnight,40147,5.05,0.01,0.01,GOI/Cash,1,10,10,10,31,Low Risk,OK,Verified ✓,5.46,6.29,5.54,5.41,6.26,5.52
Mahindra Manulife Overnight Dir,INF174V01838,147564,Mahindra Manulife Overnight Fund - Direct Plan -Growth,1,Direct,Overnight,40204,6.32,0.02,0.02,GOI/Cash,3,10,10,10,33,Low Risk,OK,Verified ✓,5.45,6.29,5.55,5.41,6.26,5.52
Mirae Asset Overnight Dir,INF769K01FG6,147736,Mirae Asset Overnight Fund Direct Plan Growth,1,Direct,Overnight,40366,5.03,0.01,0.01,GOI/Cash,1,10,10,10,31,Low Risk,OK,Verified ✓,5.45,6.28,5.55,5.41,6.26,5.52
NJ Overnight Dir,INF0J8L01081,150369,NJ Overnight Fund - Direct Plan - Growth Option,1,Direct,Overnight,42425,4.95,0.01,0.01,Cash,1,10,10,10,31,Low Risk,OK,Verified ✓,5.46,6.3,5.56,5.41,6.26,5.52
Nippon India Overnight Dir,INF204KB1R31,145810,Nippon India Overnight Fund - Direct Plan - Growth Option,1,Direct,Overnight,38543,5.05,0.01,0.01,AA,1,10,10,6,27,Moderate Risk,OK,Verified ✓,5.37,6.21,N/A,5.41,6.26,N/A
PGIM India Overnight Dir,INF663L01T01,147606,PGIM India Overnight Fund - Direct Plan - Growth Option,1,Direct,Overnight,40236,5.34,0,0,GOI/Cash,1,10,10,10,31,Low Risk,OK,Verified ✓,5.46,6.3,5.56,5.41,6.26,5.52
Quant Overnight Dir,INF966L01AZ7,151190,quant Overnight Fund - Growth Option - Direct Plan,1,Direct,Overnight,42932,4.68,0.01,0.01,Cash,1,10,10,10,31,Low Risk,OK,Verified ✓,5.35,6.25,5.52,5.41,6.26,5.52
SBI Overnight Dir,INF200K01TK5,119833,SBI OVERNIGHT FUND - DIRECT PLAN - GROWTH,1,Direct,Overnight,17189,4.97,0.01,0.01,GOI/Cash,1,10,10,10,31,Low Risk,OK,Verified ✓,5.28,6.44,N/A,5.41,6.26,N/A
Samco Overnight Dir,INF0K1H01040,150631,Samco Overnight Fund - Direct Plan - Growth Option,1,Direct,Overnight,42551,4.9,0.01,0.01,Cash,1,10,10,10,31,Low Risk,OK,Verified ✓,5.41,6.25,5.51,5.41,6.26,5.52
Shriram Overnight Dir,INF680P01323,150562,Shriram Overnight Fund -  Direct Growth,1,Direct,Overnight,42470,5.1,0.01,0.01,GOI/Cash,1,10,10,10,31,Low Risk,OK,Verified ✓,5.17,6.09,N/A,5.41,6.26,N/A
Sundaram Overnight Dir,INF903JA1HG5,146963,Sundaram Overnight Fund Direct Plan - Growth,1,Direct,Overnight,39565,4.92,0.01,0.01,GOI/Cash,1,10,10,10,31,Low Risk,OK,Verified ✓,5.4,6.22,N/A,5.41,6.26,N/A
TRUSTMF Overnight Dir,INF0GCD01453,149797,TRUST MF OVERNIGHT FUND-DIRECT PLAN-GROWTH,MANUAL_VERIFIED,Direct,Overnight,42046,4.9,0.01,0.01,GOI/Cash,1,10,10,10,31,Low Risk,OK,Verified ✓,5.41,6.27,5.51,5.41,6.26,5.52
Tata Overnight Dir,INF277K018T5,146980,Tata Overnight Fund-Direct Plan-Growth,1,Direct,Overnight,39638,6.97,0.01,0.01,GOI/Cash,5,10,10,10,35,Very Low Risk,OK,Verified ✓,5.34,6.23,N/A,5.41,6.26,N/A
UTI Overnight Dir,INF789FB1S71,120785,UTI - Overnight Fund - Direct Plan - Growth Option,1,Direct,Overnight,17630,4.95,0.01,0.01,GOI/Cash,1,10,10,10,31,Low Risk,OK,Verified ✓,5.48,6.31,5.55,5.41,6.26,5.52
Union Overnight Dir,INF582M01FA2,147003,Union Overnight Fund - Direct Plan - Growth Option,1,Direct,Overnight,39665,5.08,0.01,0.01,GOI/Cash,1,10,10,10,31,Low Risk,OK,Verified ✓,5.45,6.29,5.54,5.41,6.26,5.52
Zerodha Overnight Dir,INF0R8F01075,153436,Zerodha Overnight Fund - Direct Plan - Growth Option,1,Direct,Overnight,45081,4.96,0.01,0.01,Cash,1,10,10,10,31,Low Risk,OK,Verified ✓,5.44,6.28,5.53,5.41,6.26,5.52
ABSL Retirement 50s + Debt Dir,INF209KB1K03,146943,Aditya Birla Sun Life Retirement Fund-The 50s Plus-Debt Plan-Direct Plan-Growth,1,Direct,Short Duration,39193,6.45,3.28,6.07,AAA,3,4,4,9,20,Moderately High Risk,OK,Verified ✓,5.31,N/A,N/A,5.41,N/A,N/A
ABSL Short Term Dir,INF209K01XK8,119498,Aditya Birla Sun Life Short Term Fund - Growth - Direct Plan,1,Direct,Short Duration,15930,7.84,2.97,3.64,AAA,8,6,6,9,29,Low Risk,OK,Verified ✓,3.69,6.04,5.23,5.84,7.45,6.69
Axis Short Duration Dir,INF846K01EI1,120510,Axis Short Duration Fund - Direct Plan - Growth Option,1,Direct,Short Duration,15752,7.22,2.29,2.77,AAA,7,6,6,9,28,Low Risk,OK,Verified ✓,6.12,7.75,6.86,5.84,7.45,6.69
Bandhan Short Duration Dir,INF194KA16R3,144173,BANDHAN ULTRA SHORT DURATION FUND - DIRECT PLAN GROWTH,1,Direct,Short Duration,17074,6.83,1.24,1.55,AAA,5,8,8,9,30,Low Risk,OK,Verified ✓,6.48,7.8,6.74,5.84,7.45,6.69
Bank of India Short Term Income Dir,INF761K01736,119382,BANK OF INDIA Short Term Income Fund-Direct Plan- Growth,1,Direct,Short Duration,16977,6.58,2.35,2.85,AAA,5,6,6,9,26,Moderate Risk,OK,Verified ✓,6.18,7.6,6.35,5.84,7.45,6.69
Baroda BNP Paribas Short Duration Dir,INF955L01BD5,119400,Baroda BNP Paribas Short Duration Fund - Direct Plan - Growth Option,1,Direct,Short Duration,15785,7.07,2.46,2.91,AAA,7,6,6,9,28,Low Risk,OK,Verified ✓,5.69,7.54,10.6,5.84,7.45,6.69
Canara Robeco Short Duration Dir,INF760K01DX5,118320,CANARA ROBECO SHORT DURATION FUND - DIRECT PLAN - GROWTH OPTION,1,Direct,Short Duration,15780,6.87,1.76,1.95,AAA,5,8,8,9,30,Low Risk,OK,Verified ✓,5.88,7.6,6.47,5.84,7.45,6.69
DSP Short Term Dir,INF740K01NJ5,119226,DSP Short Term Fund - Direct Plan - Growth,1,Direct,Short Duration,16429,7.12,2.62,3.2,AAA,7,6,6,9,28,Low Risk,OK,Verified ✓,5.75,7.11,5.94,5.84,7.45,6.69
Edelweiss CRISIL IBX 50:50 Gilt Plus SDL SD Index Dir,INF754K01PF9,150671,Edelweiss CRISIL IBX 50:50 Gilt Plus SDL April 2037 Index Fund - Direct Plan - Growth,1,Direct,Short Duration,43109,6.18,2.48,2.73,GOI/Cash,3,6,6,10,25,Moderate Risk,OK,Verified ✓,5.59,7.35,6.19,5.84,7.45,6.69
Franklin Ind ST Incm Seg Port 3 Direct,INF090I01WH4,148302,Franklin India Conservative Hybrid Fund - Segregated Portfolio 1 (10.25% Yes Bank ltd CO 05Mar20) - Direct Growth Plan,0.8,Direct,Short Duration,40847,,,,--,1,1,1,1,4,High Risk,OK,Verified ✓,5.86,7.32,N/A,5.84,7.45,N/A
Groww Short Term Dir,INF666M01AC0,123704,Groww Short Duration Fund (formerly known as Indiabulls Short Term Fund) - Direct Plan - Growth Option,1,Direct,Short Duration,20851,7.3,1.5,1.62,AAA,7,8,8,9,32,Low Risk,OK,Verified ✓,N/A,N/A,N/A,N/A,N/A,N/A
HDFC Short Term Debt Dir,INF179K01YM7,119016,HDFC Short Term  Debt Fund - Growth Option - Direct Plan,1,Direct,Short Duration,16151,7.25,2.47,3.44,AAA,7,6,6,9,28,Low Risk,OK,Verified ✓,5.93,7.21,6.08,5.84,7.45,6.69
HSBC Short Duration Dir,INF917K01IQ4,151067,HSBC Short Duration Fund - Direct Growth,1,Direct,Short Duration,16299,6.99,2.21,2.66,AAA,5,6,6,9,26,Moderate Risk,OK,Verified ✓,6.07,7.68,6.61,5.84,7.45,6.69
ICICI Pru Short Term Dir,INF109K013N3,120754,ICICI Prudential Short Term Fund - Direct Plan - Growth Option,1,Direct,Short Duration,15866,7.41,2.86,4.53,AAA,7,6,4,9,26,Moderate Risk,OK,Verified ✓,5.84,7.32,6.12,5.84,7.45,6.69
Invesco India Short Duration Dir,INF205K01UH8,120560,Invesco India Short Duration Fund - Direct Plan - Growth,1,Direct,Short Duration,16839,6.96,2.1,2.43,AAA,5,6,6,9,26,Moderate Risk,OK,Verified ✓,6.62,8.03,7.13,5.84,7.45,6.69
JM Short Duration Dir,INF192K01MP8,150545,JM Short Duration Fund (Direct) - Growth,1,Direct,Short Duration,42463,6.82,2.06,2.29,AAA,5,6,6,9,26,Moderate Risk,OK,Verified ✓,5.88,7.37,6.18,5.84,7.45,6.69
JioBlackRock Short Duration Dir,INF22M001143,154079,JioBlackRock Short Duration Fund - Direct Plan - Growth Option,1,Direct,Short Duration,45726,6.65,2.47,3.11,AAA,5,6,6,9,26,Moderate Risk,OK,Verified ✓,5.85,7.22,N/A,5.84,7.45,N/A
Kotak Bond Short Term Dir,INF174K01JI7,119739,Kotak Bond Short Term Plan-(Growth) - Direct,1,Direct,Short Duration,16339,7.23,2.63,3.38,AAA,7,6,6,9,28,Low Risk,OK,Verified ✓,N/A,N/A,N/A,N/A,N/A,N/A
LIC MF Short Duration Dir,INF767K01PW6,145954,LIC MF Short Duration Fund-Direct Plan-Growth,1,Direct,Short Duration,38779,6.96,2.79,3.09,AAA,5,6,6,9,26,Moderate Risk,OK,Verified ✓,5.81,7.62,6.52,5.84,7.45,6.69
Mahindra Manulife Short Duration Dir,INF174V01AM5,148729,Mahindra Manulife Short Duration Fund - Direct Plan -Growth,1,Direct,Short Duration,41315,7.76,1.87,2.31,AAA,8,8,6,9,31,Low Risk,OK,Verified ✓,5.89,7.51,6.29,5.84,7.45,6.69
Mirae Asset Short Duration Dir,INF769K01DX6,142641,Mirae Asset Short Duration Fund - Direct Plan - Growth,1,Direct,Short Duration,35431,7.09,2.33,2.67,AAA,7,6,6,9,28,Low Risk,OK,Verified ✓,6.27,7.78,6.61,5.84,7.45,6.69
Nippon India Short Duration Dir,INF204K01B32,118796,Nippon India Short Duration Fund - Direct Plan Growth Plan - Growth Option,1,Direct,Short Duration,16180,7.28,2.6,3,AAA,7,6,6,9,28,Low Risk,OK,Verified ✓,5.57,7.45,6.37,5.84,7.45,6.69
SBI Short Term Debt Dir,INF200K01VE4,119816,SBI SHORT TERM DEBT FUND - DIRECT PLAN -GROWTH,1,Direct,Short Duration,16906,7.17,2.42,2.97,AAA,7,6,6,9,28,Low Risk,OK,Verified ✓,6.27,7.78,6.76,5.84,7.45,6.69
Sundaram Short Duration Dir,INF173K01GP0,149587,Sundaram Short Duration Fund (Formerly Known as Principal Short Term Debt Fund)- Direct Plan - Growth Option,1,Direct,Short Duration,16590,6.89,1.94,2.24,AAA,5,8,6,9,28,Low Risk,OK,Verified ✓,5.95,7.46,6.39,5.84,7.45,6.69
TRUSTMF Short Duration Dir,INF0GCD01370,149076,TRUSTMF Short Duration Fund-Direct Plan-Growth,1,Direct,Short Duration,41606,6.69,1.84,1.99,AAA,5,8,8,9,30,Low Risk,OK,Verified ✓,5.95,7.54,7.89,5.84,7.45,6.69
Tata Short Term Bond Dir,INF277K01QR4,119949,Tata Short Term Bond Fund - Direct Plan - Growth Option,1,Direct,Short Duration,16736,7.67,2.9,3.95,AAA,8,6,6,9,29,Low Risk,OK,Verified ✓,5.87,7.21,N/A,5.84,7.45,N/A
UTI Short Duration Dir,INF789F01XY0,120718,UTI Short Duration Fund - Direct Plan - Growth Option,1,Direct,Short Duration,17052,7.19,2.59,3.46,AAA,7,6,6,9,28,Low Risk,OK,Verified ✓,5.46,7.31,6.33,5.84,7.45,6.69
Union Short Duration Dir,INF582M01KO3,153242,Union Short Duration Fund - Direct Plan - Growth Option,1,Direct,Short Duration,44890,6.54,2.24,2.67,AAA,5,6,6,9,26,Moderate Risk,OK,Verified ✓,5.71,7.52,7.53,5.84,7.45,6.69
Zerodha Nifty Short Duration G-Sec Index Dir,INF0R8F01182,154109,Zerodha Nifty Short Duration G-Sec Index Fund - Direct Plan - Growth Option,1,Direct,Short Duration,45752,6.77,6.92,9.29,GOI/Cash,5,2,2,10,19,Moderately High Risk,OK,Verified ✓,5.66,N/A,N/A,5.84,N/A,N/A
ABSL CRISIL IBX 50:50 Gilt+SDL Apr 2028 Index Dir,INF209KB14N1,150702,Aditya Birla Sun Life Crisil IBX 50:50 Gilt Plus SDL Apr 2028 Index Fund-Direct Growth,1,Direct,Target Maturity,42601,6.57,1.75,1.87,GOI/Cash,5,8,8,10,31,Low Risk,OK,Verified ✓,N/A,N/A,N/A,N/A,N/A,N/A
ABSL CRISIL IBX 60:40 SDL+ AAA PSU Apr 2026 Index Dir,INF209KB10P4,150938,Aditya Birla Sun Life Crisil IBX 60:40 SDL + AAA PSU APR 2026 Index Fund-Direct Growth,1,Direct,Target Maturity,42832,5.7,0.02,0.02,GOI/Cash,1,10,10,10,31,Low Risk,OK,Verified ✓,5.97,7.45,N/A,5.86,7.43,N/A
ABSL CRISIL IBX 60:40 SDL+AAA PSU-Apr 2027 Dir,INF209KB19H2,150353,Aditya Birla Sun Life Crisil IBX 60:40 SDL+AAA PSU-Apr 2027 Index Fund-Direct Growth,1,Direct,Target Maturity,42264,6.64,0.76,0.78,AAA,5,9,9,9,32,Low Risk,OK,Verified ✓,6.08,6.98,N/A,5.86,7.43,N/A
ABSL CRISIL IBX Gilt Apr 2028 Index Dir,INF209KB14N1,150702,Aditya Birla Sun Life Crisil IBX 50:50 Gilt Plus SDL Apr 2028 Index Fund-Direct Growth,1,Direct,Target Maturity,43266,6.22,1.59,1.68,GOI/Cash,3,8,8,10,29,Low Risk,OK,Verified ✓,6.78,7.39,N/A,5.86,7.43,N/A
ABSL CRISIL IBX Gilt April 2033 Index Dir,INF209KB19Y7,152267,Aditya Birla Sun Life Crisil IBX Gilt Apr 2033 Index Fund-Direct Growth,0.8333333333,Direct,Target Maturity,43983,7,5.09,6.38,GOI/Cash,7,2,4,10,23,Moderate Risk,OK,Verified ✓,5.95,7.11,N/A,5.86,7.43,N/A
ABSL CRISIL IBX Gilt June 2027 Index Dir,INF209KC1076,152659,Aditya Birla Sun Life Crisil IBX Gilt June 2027 Index Fund-Direct Growth,1,Direct,Target Maturity,44343,5.91,1.12,1.17,GOI/Cash,1,8,8,10,27,Moderate Risk,OK,Verified ✓,4.15,N/A,N/A,5.86,N/A,N/A
ABSL CRISIL IBX Gilt-Apr 2029 Index Dir,INF209KB12O3,150778,Aditya Birla Sun Life Crisil IBX Gilt-Apr-2029 Index Fund-Direct Growth,1,Direct,Target Maturity,42685,6.58,2.6,2.9,GOI/Cash,5,6,6,10,27,Moderate Risk,OK,Verified ✓,6.19,N/A,N/A,5.86,N/A,N/A
ABSL CRISIL IBX Gilt-April 2026 Index Dir,INF209KB10N9,150698,Aditya Birla Sun Life Crisil IBX Gilt-April 2026 Index Fund-Direct Growth,1,Direct,Target Maturity,42597,5.36,0.03,0.03,GOI/Cash,1,10,10,10,31,Low Risk,OK,Verified ✓,5.78,7.69,N/A,5.86,7.43,N/A
ABSL CRISIL IBX SDL Jun 2032 Index Dir,INF209KB14S0,151427,Aditya Birla Sun Life CRISIL IBX SDL Jun 2032 INDEX FUND - Direct Growth,1,Direct,Target Maturity,43138,7.5,4.84,5.96,GOI/Cash,8,4,4,10,26,Moderate Risk,OK,Verified ✓,5.95,6.86,N/A,5.86,7.43,N/A
ABSL CRISIL-IBX AAA Fin Srvices Index-Sep 2027 Dir,INF209KC1290,153030,Aditya Birla Sun Life Crisil-IBX AAA Financial Services Index-Sep 2027 Fund-Direct Growth,0.875,Direct,Target Maturity,44685,7.79,1.28,1.34,AAA,8,8,8,9,33,Low Risk,OK,Verified ✓,4.03,7.64,N/A,5.86,7.43,N/A
ABSL CRISIL-IBX AAA NBFC-HFC Index-Sep 2026 Dir,INF209KC1217,152947,Aditya Birla Sun Life Crisil-IBX AAA NBFC-HFC Index-Sep 2026 Fund-Direct Growth,1,Direct,Target Maturity,44616,7.87,0.3,0.3,AAA,8,10,10,9,37,Very Low Risk,OK,Verified ✓,6.85,N/A,N/A,5.86,N/A,N/A
ABSL Nifty SDL Apr 2027 Dir,INF209KB11F3,149794,Aditya Birla Sun Life Nifty SDL Apr 2027 Index Fund-Direct Growth,1,Direct,Target Maturity,42027,5.99,0.69,0.71,GOI/Cash,1,9,9,10,29,Low Risk,OK,Verified ✓,7.27,N/A,N/A,5.86,N/A,N/A
ABSL Nifty SDL Sep 2027 Index Dir,INF209KB16T3,151562,Aditya Birla Sun Life Nifty SDL SEP 2027 Index Fund-Direct Growth,1,Direct,Target Maturity,43270,6.31,1.29,1.33,GOI/Cash,3,8,8,10,29,Low Risk,OK,Verified ✓,6.76,7.37,N/A,5.86,7.43,N/A
ABSL SDL + PSU Bond Sep 2026 60:40 Dir,INF209KB18B7,149199,Aditya Birla Sun Life Nifty SDL Plus PSU Bond SEP 2026 60:40 Index Fund-Direct Growth,1,Direct,Target Maturity,41726,6.56,0.34,0.35,AAA,5,10,10,9,34,Low Risk,OK,Verified ✓,6.45,7.48,N/A,5.86,7.43,N/A
Axis CRISIL IBX 50:50 Gilt Plus SDL Jun 2028 Index Dir,INF846K010N7,151300,Axis CRISIL IBX 50:50 Gilt Plus SDL June 2028 Index Fund - Direct Plan - Growth,1,Direct,Target Maturity,43027,6.14,1.88,2.05,GOI/Cash,3,8,6,10,27,Moderate Risk,OK,Verified ✓,6.63,7.26,N/A,5.86,7.43,N/A
Axis CRISIL IBX 50:50 Gilt Plus SDL September 2027 Index Dir,INF846K012O1,151435,AXIS CRISIL IBX 50:50 Gilt Plus SDL September 2027 Index Fund- DIRECT PLAN-GROWTH,1,Direct,Target Maturity,43146,5.82,1.25,1.32,GOI/Cash,1,8,8,10,27,Moderate Risk,OK,Verified ✓,5.92,7.47,N/A,5.86,7.43,N/A
Axis CRISIL IBX SDL May 2027 Dir,INF846K017G6,149873,Axis CRISIL IBX SDL May 2027 Index Fund - Direct Plan - Growth,1,Direct,Target Maturity,42096,5.98,1.06,1.12,GOI/Cash,1,8,8,10,27,Moderate Risk,OK,Verified ✓,6.38,7.38,N/A,5.86,7.43,N/A
Axis CRISIL-IBX AAA Bond Fin Srvices-Sep 2027 Index Dir,INF846K015Y3,153051,Axis CRISIL-IBX AAA Bond Financial Services - Sep 2027 Index Fund - Direct Plan - Growth Option,0.8888888889,Direct,Target Maturity,44720,7.06,1.29,1.37,AAA,7,8,8,9,32,Low Risk,OK,Verified ✓,6.68,7.47,N/A,5.86,7.43,N/A
Axis CRISIL-IBX AAA Bond NBFC-HFC-Jun 2027 Index Dir,INF846KA1028,153172,Axis CRISIL-IBX AAA Bond NBFC-HFC - Jun 2027 Index Fund - Direct Plan - Growth option,1,Direct,Target Maturity,44816,7.09,1.04,1.11,AAA,7,8,8,9,32,Low Risk,OK,Verified ✓,6.73,N/A,N/A,5.86,N/A,N/A
Axis CRISIL-IBX AAA Bond NBFC-Jun 2027 Index Dir,INF846K017X1,152887,Axis CRISIL-IBX AAA Bond NBFC - Jun 2027 Index Fund - Direct Plan - Growth Option,1,Direct,Target Maturity,44562,7.25,1.13,1.2,AAA,7,8,8,9,32,Low Risk,OK,Verified ✓,6.94,N/A,N/A,5.86,N/A,N/A
Axis Nifty AAA Bond + SDL Apr 2026 50:50 ETF,INF846K01Z04,148926,Axis Nifty AAA Bond Plus SDL Apr 2026 50:50 ETF,1,Direct,Target Maturity,41480,6.06,0.1,0.1,AAA,3,10,10,9,32,Low Risk,OK,Verified ✓,6.96,N/A,N/A,5.86,N/A,N/A
Axis Nifty AAA Bond + SDL Apr 2026 50:50 ETF FoF Dir,INF846K017C5,149243,Axis Nifty AAA Bond Plus SDL Apr 2026 50:50 ETF FOF - Direct Plan - Growth Option,1,Direct,Target Maturity,41766,,,,--,1,1,1,1,4,High Risk,OK,Verified ✓,6.19,7.02,N/A,5.61,7.22,N/A
Axis Nifty SDL September 2026 Debt Index Dir,INF846K018K6,150854,Axis Nifty SDL September 2026 Debt Index Fund - Direct Plan - Growth,1,Direct,Target Maturity,42739,5.65,0.47,0.48,GOI/Cash,1,10,10,10,31,Low Risk,OK,Verified ✓,6.55,6.77,N/A,5.86,7.43,N/A
BHARAT Bond ETF FOF-April 2032 Dir*,INF754K01NY5,149401,BHARAT Bond ETF FOF - April 2032 Direct Growth,1,Direct,Target Maturity,41900,7.18,4.9,5.96,AAA,7,4,4,9,24,Moderate Risk,OK,Verified ✓,6.63,7.23,N/A,5.86,7.43,N/A
BHARAT Bond ETF FOF-April 2033 Dir*,INF754K01RC2,150989,BHARAT Bond ETF FOF - April 2033 - Direct Plan - Growth,1,Direct,Target Maturity,42896,7.18,5.43,6.84,AAA,7,2,4,9,22,Moderate Risk,OK,Verified ✓,4.2,7.39,N/A,5.86,7.43,N/A
BHARAT Bond ETF-April 2030,INF754K01KO2,147849,Bharat Bond ETF - April 2030,1,Direct,Target Maturity,40483,7,3.32,3.77,AAA,7,4,6,9,26,Moderate Risk,OK,Verified ✓,4.15,7.52,N/A,5.86,7.43,N/A
BHARAT Bond ETF-April 2031,INF754K01LE1,148445,BHARAT Bond ETF- April 2031,1,Direct,Target Maturity,41060,7.14,4.19,4.96,AAA,7,4,4,9,24,Moderate Risk,OK,Verified ✓,5.49,7.65,6.5,5.61,7.22,6.15
BHARAT Bond ETF-April 2032,INF754K01OB1,149398,BHARAT Bond ETF - April 2032,1,Direct,Target Maturity,41897,7.2,4.92,5.98,AAA,7,4,4,9,24,Moderate Risk,OK,Verified ✓,4.94,7.6,6.35,5.61,7.22,6.15
BHARAT Bond ETF-April 2033,INF754K01QX0,150987,BHARAT Bond ETF - April 2033,1,Direct,Target Maturity,42893,7.21,5.46,6.87,AAA,7,2,4,9,22,Moderate Risk,OK,Verified ✓,4.59,7.65,N/A,5.61,7.22,N/A
BHARAT Bond FOF-April 2030 Dir*,INF754K01KY1,147857,Bharat Bond FOF - April 2030 - Direct Plan - Growth Option,1,Direct,Target Maturity,40490,6.99,3.32,3.76,AAA,5,4,6,9,24,Moderate Risk,OK,Verified ✓,4.28,7.66,N/A,5.61,7.22,N/A
BHARAT Bond FOF-April 2031 Dir*,INF754K01LO0,148450,BHARAT Bond FOF- April 2031- Direct Plan- Growth Option,1,Direct,Target Maturity,41067,7.14,4.18,4.95,AAA,7,4,4,9,24,Moderate Risk,OK,Verified ✓,5.44,7.41,6.45,5.86,7.43,6.21
Bandhan CRISIL IBX 90:10 SDL+Gilt-April 2032 Index Dir,INF194KB1EN2,150871,BANDHAN CRISIL IBX 90:10 SDL PLUS GILT APRIL 2032 INDEX FUND - DIRECT GROWTH,1,Direct,Target Maturity,42791,6.99,4.71,5.79,GOI/Cash,5,4,4,10,23,Moderate Risk,OK,Verified ✓,4.75,7.46,6.29,5.86,7.43,6.21
Bandhan CRISIL IBX 90:10 SDL+Gilt-November 2026 Index Dir,INF194KB1ET9,150868,BANDHAN CRISIL IBX 90:10 SDL PLUS GILT - NOV 2026 INDEX FUND - DIRECT GROWTH,0.8571428571,Direct,Target Maturity,42787,5.71,0.58,0.59,GOI/Cash,1,9,9,10,29,Low Risk,OK,Verified ✓,4.06,7.73,N/A,5.86,7.43,N/A
Bandhan CRISIL IBX 90:10 SDL+Gilt-September 2027 Index Dir,INF194KB1ET9,150868,BANDHAN CRISIL IBX 90:10 SDL PLUS GILT - NOV 2026 INDEX FUND - DIRECT GROWTH,0.7142857143,Direct,Target Maturity,42820,6.1,1.35,1.41,GOI/Cash,3,8,8,10,29,Low Risk,OK,Verified ✓,6.74,7.34,N/A,5.86,7.43,N/A
Bandhan CRISIL IBX Gilt April 2028 Index Dir,INF194KB1BV1,148792,BANDHAN CRISIL IBX Gilt April 2028 Index Fund Direct Plan-Growth,1,Direct,Target Maturity,41372,5.65,1.63,1.74,GOI/Cash,1,8,8,10,27,Moderate Risk,OK,Verified ✓,6.52,7.49,N/A,5.86,7.43,N/A
Bandhan CRISIL IBX Gilt June 2027 Index Dir,INF194KB1BP3,148789,BANDHAN CRISIL IBX Gilt June 2027 Index Fund Direct Plan-Growth,1,Direct,Target Maturity,41376,5.61,1.17,1.22,GOI/Cash,1,8,8,10,27,Moderate Risk,OK,Verified ✓,6.29,7.49,6.31,5.86,7.43,6.21
Bandhan CRISIL-IBX 10:90 Gilt + SDL Index-Dec 2029 Dir,INF194KB1JL5,153389,Bandhan CRISIL-IBX 10:90 Gilt Plus SDL Index - Dec 2029 Fund-Direct Plan-Growth,1,Direct,Target Maturity,45034,6.15,3.27,3.68,GOI/Cash,3,4,6,10,23,Moderate Risk,OK,Verified ✓,6.33,7.36,6.18,5.86,7.43,6.21
Bandhan Crisil IBX Gilt April 2026 Index Dir,INF194KB1EH4,150746,BANDHAN CRISIL IBX GILT APRIL 2026 INDEX FUND - DIRECT PLAN - GROWTH,1,Direct,Target Maturity,42669,5.3,0.11,0.11,GOI/Cash,1,10,10,10,31,Low Risk,OK,Verified ✓,5.47,N/A,N/A,5.86,N/A,N/A
Bandhan Crisil IBX Gilt April 2032 Index Dir,INF194KB1EN2,150871,BANDHAN CRISIL IBX 90:10 SDL PLUS GILT APRIL 2032 INDEX FUND - DIRECT GROWTH,1,Direct,Target Maturity,43150,6.47,4.71,5.59,GOI/Cash,3,4,4,10,21,Moderate Risk,OK,Verified ✓,5.94,6.87,N/A,5.86,7.43,N/A
Baroda BNP Paribas NIFTY SDL December 2028 Index Dir,INF251K01RR7,151574,Baroda BNP Paribas NIFTY SDL December 2028 Index Fund - Direct Plan - Growth Option,1,Direct,Target Maturity,43305,6.33,2.44,2.7,GOI/Cash,3,6,6,10,25,Moderate Risk,OK,Verified ✓,4.5,7.79,N/A,5.86,7.43,N/A
Baroda BNP Paribas Nifty SDL December 2026 Index Dir,INF251K01RL0,151283,Baroda BNP Paribas Nifty SDL December 2026 Index Fund - Direct Plan - Growth Option,1,Direct,Target Maturity,43046,5.79,0.79,0.82,GOI/Cash,1,9,9,10,29,Low Risk,OK,Verified ✓,5.58,7.47,N/A,5.86,7.43,N/A
DSP CRISIL-IBX 50:50 Gilt Plus SDL-April 2033 Index Dir,INF740KA1SB7,151329,DSP CRISIL-IBX 50:50 Gilt Plus SDL - April 2033 Index Fund - Direct - Growth,1,Direct,Target Maturity,43070,6.95,5.23,6.59,GOI/Cash,5,2,4,10,21,Moderate Risk,OK,Verified ✓,6.78,7.36,N/A,5.86,7.43,N/A
DSP Nifty SDL + G-Sec Jun 2028 30:70 Dir,INF740KA1QV9,149970,DSP Nifty SDL Plus G-Sec Jun 2028 30:70 Index Fund - Direct - Growth,1,Direct,Target Maturity,42187,5.89,1.75,1.9,GOI/Cash,1,8,8,10,27,Moderate Risk,OK,Verified ✓,3.69,7.61,N/A,5.86,7.43,N/A
DSP Nifty SDL Plus G-Sec Sep 2027 50:50 Index Dir,INF740KA1SH4,151373,DSP Nifty SDL Plus G-Sec Sep 2027 50:50 Index Fund - Direct - Growth,1,Direct,Target Maturity,43113,5.89,1.34,1.41,GOI/Cash,1,8,8,10,27,Moderate Risk,OK,Verified ✓,6.15,7.51,N/A,5.86,7.43,N/A
Edelweiss CRISIL IBX 50:50 Gilt Plus SDL April 2037 Dir,INF754K01PF9,150671,Edelweiss CRISIL IBX 50:50 Gilt Plus SDL April 2037 Index Fund - Direct Plan - Growth,1,Direct,Target Maturity,42589,7.24,7.69,10.68,GOI/Cash,7,2,2,10,21,Moderate Risk,OK,Verified ✓,6.37,7.42,N/A,5.86,7.43,N/A
Edelweiss CRISIL IBX 50:50 Gilt Plus SDL June 2027 Dir,INF754K01PN3,150727,Edelweiss CRISIL IBX 50:50 Gilt Plus SDL June 2027 Index Fund - Direct Plan - Growth,1,Direct,Target Maturity,42637,5.77,1.15,1.17,GOI/Cash,1,8,8,10,27,Moderate Risk,OK,Verified ✓,1.64,7.44,N/A,5.86,7.43,N/A
Edelweiss CRISIL IBX 50:50 Gilt Plus SDL Sep 2028 Index Dir,INF754K01PV6,150807,Edelweiss CRISIL IBX 50:50 Gilt Plus SDL Sep 2028 Index Fund - Direct Plan - Growth,1,Direct,Target Maturity,42709,6.13,2.13,2.25,GOI/Cash,3,6,6,10,25,Moderate Risk,OK,Verified ✓,6.51,7.39,N/A,5.86,7.43,N/A
Edelweiss CRISIL IBX AAA Fin Srvices Bond-Jan 2028 Index Dir,INF754K01TP0,153115,Edelweiss CRISIL IBX AAA Financial Services - Jan 2028 Index Fund - Direct - Growth,0.7777777778,Direct,Target Maturity,44748,7.18,1.58,1.65,AAA,7,8,8,9,32,Low Risk,OK,Verified ✓,5.98,7.53,N/A,5.86,7.43,N/A
Edelweiss CRISIL-IBX AAA Bond NBFC-HFC-Jun 2027 Index Dir,INF754K01UG7,153335,Edelweiss CRISIL IBX AAA Bond NBFC HFC Jun 2027 Index Fund - Direct Plan - Growth Option,1,Direct,Target Maturity,44976,7.25,1.14,1.21,AAA,7,8,8,9,32,Low Risk,OK,Verified ✓,6.85,N/A,N/A,5.86,N/A,N/A
Edelweiss NIFTY PSU Bond Plus SDL Apr 2026 50:50 Index Dir,INF754K01MD1,148795,Edelweiss NIFTY PSU Bond Plus SDL Apr 2026 50:50 Index Fund - Direct Plan - Growth,1,Direct,Target Maturity,41380,5.88,0.08,0.08,AAA,1,10,10,9,30,Low Risk,OK,Verified ✓,7.08,N/A,N/A,5.86,N/A,N/A
Edelweiss NIFTY PSU Bond Plus SDL Apr 2027 50:50 Index Dir,INF754K01MT7,149247,Edelweiss NIFTY PSU Bond Plus SDL Apr 2027 50:50 Index Fund - Direct Plan Growth,1,Direct,Target Maturity,41770,6.51,0.99,1.02,AAA,5,9,8,9,31,Low Risk,OK,Verified ✓,6.39,7.12,6.15,5.86,7.43,6.21
HDFC NIFTY G-Sec Jun 2036 Index Dir,INF179KC1FS6,151489,HDFC Nifty G-Sec Jun 2036 Index Fund - Growth Option - Direct Plan,1,Direct,Target Maturity,43251,6.85,7.24,10.19,GOI/Cash,5,2,2,10,19,Moderately High Risk,OK,Verified ✓,6.76,7.41,N/A,5.86,7.43,N/A
HDFC NIFTY SDL Plus G-Sec Jun 2027 40:60 Index Dir,INF179KC1GA2,151570,HDFC NIFTY SDL Plus G-Sec Jun 2027 40:60 Index Fund - Growth Option - Direct Plan,1,Direct,Target Maturity,43338,5.75,1.13,1.18,GOI/Cash,1,8,8,10,27,Moderate Risk,OK,Verified ✓,3.07,7.89,N/A,5.86,7.43,N/A
HDFC Nifty G-Sec Apr 2029 Index Dir,INF179KC1FQ0,151495,HDFC Nifty G-Sec Apr 2029 Index Fund - Growth Option - Direct Plan,1,Direct,Target Maturity,43249,6,2.72,3.06,GOI/Cash,3,6,6,10,25,Moderate Risk,OK,Verified ✓,6.53,7.4,N/A,5.86,7.43,N/A
HDFC Nifty G-Sec July 2031 Index Dir,INF179KC1EH2,150847,HDFC Nifty G-Sec July 2031 Index Fund - Growth Option - Direct Plan,1,Direct,Target Maturity,42764,6.49,4.52,5.27,GOI/Cash,3,4,4,10,21,Moderate Risk,OK,Verified ✓,5.84,7.69,N/A,5.86,7.43,N/A
HDFC Nifty G-Sec Jun 2027 Index Dir,INF179KC1GA2,151570,HDFC NIFTY SDL Plus G-Sec Jun 2027 40:60 Index Fund - Growth Option - Direct Plan,1,Direct,Target Maturity,42927,5.59,1.19,1.24,GOI/Cash,1,8,8,10,27,Moderate Risk,OK,Verified ✓,4.64,7.77,N/A,5.86,7.43,N/A
HDFC Nifty G-Sec Sep 2032 Index Dir,INF179KC1EL4,151183,HDFC Nifty G-Sec Sep 2032 Index Fund - Growth Option - Direct Plan,1,Direct,Target Maturity,42929,6.61,5.21,6.37,GOI/Cash,5,2,4,10,21,Moderate Risk,OK,Verified ✓,6.3,7.35,N/A,5.86,7.43,N/A
HDFC Nifty G-sec Dec 2026 Index Dir,INF179KC1EE9,150845,HDFC Nifty G-Sec Dec 2026 Index Fund - Growth Option - Direct Plan,1,Direct,Target Maturity,42762,5.51,0.66,0.68,GOI/Cash,1,9,9,10,29,Low Risk,OK,Verified ✓,4.28,7.68,N/A,5.86,7.43,N/A
HDFC Nifty SDL Oct 2026 Index Dir,INF179KC1FI7,151456,HDFC Nifty SDL Oct 2026 Index Fund - Growth Option - Direct Plan,1,Direct,Target Maturity,43194,5.59,0.45,0.46,GOI/Cash,1,10,10,10,31,Low Risk,OK,Verified ✓,6.29,7.16,N/A,5.86,7.43,N/A
HSBC CRISIL IBX 50:50 Gilt+SDL Apr 2028 Dir,INF336L01QH7,149966,HSBC CRISIL IBX 50:50 Gilt Plus SDL Apr 2028 Index Fund - Direct - Growth,1,Direct,Target Maturity,42191,6.04,1.81,1.95,GOI/Cash,3,8,8,10,29,Low Risk,OK,Verified ✓,6.56,7.23,N/A,5.86,7.43,N/A
HSBC CRISIL IBX Gilt June 2027 Index Dir,INF336L01QT2,151479,HSBC CRISIL IBX Gilt June 2027 Index Fund - Direct - Growth,1,Direct,Target Maturity,43207,5.62,1.2,1.26,GOI/Cash,1,8,8,10,27,Moderate Risk,OK,Verified ✓,6.05,7.46,N/A,5.86,7.43,N/A
ICICI Pru Nifty G-Sec Dec 2030 Index Dir,INF109KC18K8,150733,ICICI Prudential Nifty G-Sec Dec 2030 Index Fund - Direct Plan - Growth,1,Direct,Target Maturity,42651,6.46,3.86,4.66,GOI/Cash,3,4,4,10,21,Moderate Risk,OK,Verified ✓,6.36,7.37,N/A,5.86,7.43,N/A
ICICI Pru Nifty PSU Bond + SDL Sep 2027 40:60 Index Dir,INF109KC1S88,149210,ICICI Prudential Nifty PSU Bond Plus SDL Sep 2027 40:60 Index Fund - Direct Plan Growth,1,Direct,Target Maturity,41730,6.5,1.34,1.42,AAA,5,8,8,9,30,Low Risk,OK,Verified ✓,4.77,7.58,N/A,5.86,7.43,N/A
ICICI Pru Nifty SDL Dec 2028 Index Dir,INF109KC14L5,150729,ICICI Prudential Nifty SDL Dec 2028 Index Fund - Direct Plan - Growth,1,Direct,Target Maturity,42647,6.54,2.45,2.73,GOI/Cash,5,6,6,10,27,Moderate Risk,OK,Verified ✓,6.44,7.36,N/A,5.86,7.43,N/A
ICICI Pru Nifty SDL Sep 2026 Index Dir,INF109KC13P8,151211,ICICI Prudential Nifty SDL Sep 2026 Index Fund - Direct Plan - Growth,1,Direct,Target Maturity,42954,5.52,0.37,0.38,GOI/Cash,1,10,10,10,31,Low Risk,OK,Verified ✓,5.58,7.54,N/A,5.86,7.43,N/A
ICICI Pru Nifty SDL Sep 2027 Index Dir,INF109KC1S88,149210,ICICI Prudential Nifty PSU Bond Plus SDL Sep 2027 40:60 Index Fund - Direct Plan Growth,1,Direct,Target Maturity,42229,6.16,1.34,1.42,GOI/Cash,3,8,8,10,29,Low Risk,OK,Verified ✓,6.52,7.21,N/A,5.86,7.43,N/A
Invesco India Nifty G-sec Jul 2027 Index Dir,INF205KA1775,151593,Invesco India Nifty G-sec Jul 2027 Index Fund - Direct Plan - Growth,1,Direct,Target Maturity,43345,5.61,1.2,1.25,GOI/Cash,1,8,8,10,27,Moderate Risk,OK,Verified ✓,6.44,7.45,N/A,5.86,7.43,N/A
Invesco India Nifty G-sec Sep 2032 Index Dir,INF205KA1817,151597,Invesco India Nifty G-sec Sep 2032 Index Fund - Direct Plan - Growth,1,Direct,Target Maturity,43349,6.55,4.95,5.96,GOI/Cash,5,4,4,10,23,Moderate Risk,OK,Verified ✓,6.37,7.39,N/A,5.86,7.43,N/A
Kotak CRISIL IBX AAA Financial Services Index-Sep 2027 Dir,INF174KA1TF1,152869,Kotak CRISIL -IBX AAA Financial Services Index Sep-2027 Fund-DIRECT PLAN-GROWTH Option,1,Direct,Target Maturity,44551,7.15,1.34,1.42,AAA,7,8,8,9,32,Low Risk,OK,Verified ✓,4.42,7.79,N/A,5.86,7.43,N/A
Kotak CRISIL-IBX AAA Bond Fin Srvices Index-Dec 2026 Dir,INF174KA1UX2,153313,Kotak CRISIL - IBX AAA Bond Financial Services Index Dec 2026 Fund - Direct - Growth,0.8888888889,Direct,Target Maturity,44942,7.34,0.64,0.64,AAA,7,9,9,9,34,Low Risk,OK,Verified ✓,6.81,N/A,N/A,5.86,N/A,N/A
Kotak Nifty AAA Bond Financial Services Mar 2028 Index Dir,INF174KA1WY6,153680,Kotak Nifty AAA Bond Financial Services Mar 2028 Index Fund - Direct Plan - Growth,1,Direct,Target Maturity,45291,7.21,1.76,1.86,AAA,7,8,8,9,32,Low Risk,OK,Verified ✓,6.92,N/A,N/A,5.86,N/A,N/A
Kotak Nifty G-Sec July 2033 Index Dir,INF174KA1PJ1,152098,Kotak Nifty G-Sec July 2033 Index Fund - Direct Plan - Growth,1,Direct,Target Maturity,43810,6.62,5.33,6.62,GOI/Cash,5,2,4,10,21,Moderate Risk,OK,Verified ✓,N/A,N/A,N/A,N/A,N/A,N/A
Kotak Nifty SDL Apr 2027 Top 12 Equal Weight Dir,INF174KA1IL2,149855,Kotak Nifty SDL Apr  2027 Top 12 Equal Weight Index Fund-Direct Plan-Growth,1,Direct,Target Maturity,42084,5.98,0.97,1.01,GOI/Cash,1,9,8,10,28,Low Risk,OK,Verified ✓,4.05,N/A,N/A,5.86,N/A,N/A
Kotak Nifty SDL Apr 2032 Top 12 Equal Weight Dir,INF174KA1IR9,149865,Kotak Nifty SDL Apr 2032 Top 12 Equal Weight Index Fund-Direct Plan- Growth,1,Direct,Target Maturity,42088,7.19,4.81,5.99,GOI/Cash,7,4,4,10,25,Moderate Risk,OK,Verified ✓,6.98,7.52,N/A,5.86,7.43,N/A
Kotak Nifty SDL Jul 2026 Index Dir,INF174KA1LC5,151218,Kotak Nifty SDL Jul 2026 Index Fund Direct Plan Growth,1,Direct,Target Maturity,42958,5.51,0.33,0.34,GOI/Cash,1,10,10,10,31,Low Risk,OK,Verified ✓,3.9,7.61,N/A,5.86,7.43,N/A
Kotak Nifty SDL Jul 2033 Index Dir,INF174KA1MJ8,151420,Kotak Nifty SDL Jul 2033 Index Fund Direct Plan Growth Option,1,Direct,Target Maturity,43166,7.27,5.19,6.66,GOI/Cash,7,2,4,10,23,Moderate Risk,OK,Verified ✓,6.47,7.15,N/A,5.86,7.43,N/A
Kotak Nifty SDL Plus AAA PSU Bond Jul 2028 60:40 Index Dir,INF174KA1JT3,150725,Kotak Nifty SDL Plus AAA PSU Bond Jul 2028 60:40 Index Fund Direct Plan - Growth,1,Direct,Target Maturity,42643,6.64,1.93,2.09,AAA,5,8,6,9,28,Low Risk,OK,Verified ✓,2.81,7.4,N/A,5.86,7.43,N/A
Mirae Asset CRISIL IBX Gilt Index-April 2033 Index Dir,INF769K01IX5,150792,Mirae Asset CRISIL IBX Gilt Index - April 2033 Index Fund - Direct Plan - Growth,1,Direct,Target Maturity,42697,6.61,5.22,6.47,GOI/Cash,5,2,4,10,21,Moderate Risk,OK,Verified ✓,5.95,7.44,N/A,5.86,7.43,N/A
Mirae Asset Nifty AAA PSU Bond Plus SDL Apr 2026 50:50 Index Dir,INF769K01JD5,150788,Mirae Asset Nifty AAA PSU Bond Plus SDL Apr 2026 50:50 Index Fund - Direct Plan - Growth,1,Direct,Target Maturity,42701,6.17,0.1,0.1,AAA,3,10,10,9,32,Low Risk,OK,Verified ✓,3.9,7.57,N/A,5.86,7.43,N/A
Mirae Asset Nifty SDL Jun 2027 Index Dir,INF769K01IH8,150358,Mirae Asset Nifty SDL Jun 2027 Index Fund -Direct Plan - Growth,1,Direct,Target Maturity,42238,6.06,1.13,1.19,GOI/Cash,3,8,8,10,29,Low Risk,OK,Verified ✓,6.46,7.17,N/A,5.86,7.43,N/A
Mirae Asset Nifty SDL June 2028 Index Dir,INF769K01JZ8,151691,Mirae Asset Nifty SDL June 2028 Index Fund - Direct Plan - Growth,1,Direct,Target Maturity,43395,6.4,1.98,2.15,GOI/Cash,3,8,6,10,27,Moderate Risk,OK,Verified ✓,6.65,7.47,N/A,5.86,7.43,N/A
Nippon India CRISIL IBX AAA Fin Srvices-Dec 2026 Index Dir,INF204KC1DM3,152992,Nippon India CRISIL - IBX AAA Financial Services - Dec 2026 Index Fund - Direct Plan - Growth Option,0.875,Direct,Target Maturity,44654,7.31,0.6,0.6,AAA,7,9,9,9,34,Low Risk,OK,Verified ✓,5.86,7.55,N/A,5.86,7.43,N/A
Nippon India CRISIL IBX AAA Fin Srvices-Jan 2028 Index Dir,INF204KC1DS0,152996,Nippon India CRISIL - IBX AAA Financial Services - Jan 2028 Index Fund - Direct Plan - Growth Option,0.875,Direct,Target Maturity,44658,7.23,1.65,1.73,AAA,7,8,8,9,32,Low Risk,OK,Verified ✓,7.12,N/A,N/A,5.86,N/A,N/A
Nippon India ETF Nifty SDL Apr 2026 Top 20 Equal Wght,INF204KC1022,148798,Nippon India ETF Nifty SDL Apr 2026 Top 20 Equal Weight,0.875,Direct,Target Maturity,41392,5.17,0.12,0.12,GOI/Cash,1,10,10,10,31,Low Risk,OK,Verified ✓,6.74,N/A,N/A,5.86,N/A,N/A
Nippon India Nifty AAA CPSE Bond + SDL-Apr 2027 Mtrty 60:40 Dir,INF204KC1527,150012,Nippon India Nifty AAA CPSE Bond Plus SDL - Apr 2027 Maturity 60:40 Index Fund - Direct Plan - Growth Option,0.875,Direct,Target Maturity,42221,6.64,0.81,0.84,AAA,5,9,9,9,32,Low Risk,OK,Verified ✓,5.96,6.97,6.14,5.61,7.22,6.15
Nippon India Nifty AAA PSU Bond+SDL-Sep 2026 Mtrty 50:50 Index Dir,INF204KC1683,150754,Nippon India Nifty AAA PSU Bond Plus SDL - Sep 2026 Maturity 50:50 Index Fund-Direct Plan-Growth Option,0.8888888889,Direct,Target Maturity,42663,6.25,0.32,0.32,AAA,3,10,10,9,32,Low Risk,OK,Verified ✓,6.81,7.4,N/A,5.86,7.43,N/A
Nippon India Nifty G-Sec Jun 2036 Mtrty Index Dir,INF204KC1AC0,150920,Nippon India Nifty G-Sec Jun 2036 Maturity Index Fund-Direct Plan-Growth Option,0.8333333333,Direct,Target Maturity,42828,6.84,7.22,10.11,GOI/Cash,5,2,2,10,19,Moderately High Risk,OK,Verified ✓,6.66,7.23,N/A,5.86,7.43,N/A
Nippon India Nifty G-Sec Oct 2028 Mtrty Index Dir,INF204KC1AO5,151440,Nippon India Nifty G-Sec Oct 2028 Maturity Index Fund-Direct Plan-Growth Option,0.8333333333,Direct,Target Maturity,43175,5.75,2.23,2.46,GOI/Cash,1,6,6,10,23,Moderate Risk,OK,Verified ✓,3.07,7.89,N/A,5.86,7.43,N/A
Nippon India Nifty G-Sec Sep 2027 Mtrty Index Dir,INF204KC1881,150906,Nippon India Nifty G-Sec Sep 2027 Maturity Index Fund-Direct Plan-Growth Option,0.8333333333,Direct,Target Maturity,42816,5.62,1.26,1.33,GOI/Cash,1,8,8,10,27,Moderate Risk,OK,Verified ✓,6.14,7.52,N/A,5.86,7.43,N/A
Nippon India Nifty SDL Plus G-Sec-Jun 2028 Mtrty 70:30 Index Dir,INF204KC1741,150824,Nippon India Nifty SDL Plus G-Sec - Jun 2028 Maturity 70:30 Index Fund-Direct Plan-Growth Option,0.875,Direct,Target Maturity,42735,6.22,1.84,1.99,GOI/Cash,3,8,8,10,29,Low Risk,OK,Verified ✓,6.29,7.35,N/A,5.86,7.43,N/A
Nippon India Nifty SDL Plus G-Sec-Jun 2029 Mtrty 70:30 Index Dir,INF204KC1AI7,151390,Nippon India Nifty SDL Plus G-Sec-Jun 2029 Maturity 70:30 Index Fund-Direct Plan-Growth Option,0.875,Direct,Target Maturity,43171,6.47,2.7,3.03,GOI/Cash,3,6,6,10,25,Moderate Risk,OK,Verified ✓,5.99,7.5,N/A,5.86,7.43,N/A
PGIM India CRISIL IBX Gilt Index-Apr 2028 Dir,INF663L01X21,151407,"PGIM India CRISIL IBX Gilt Index - Apr 2028 Fund - Direct Plan, Growth Option",1,Direct,Target Maturity,43158,5.88,1.63,1.75,AAA,1,8,8,9,26,Moderate Risk,OK,Verified ✓,5.59,7.59,N/A,5.86,7.43,N/A
SBI CPSE Bond + SDL Sep 2026 50:50 Dir,INF200KA13D5,149474,SBI CPSE Bond Plus SDL Sep 2026 50:50 Index Fund - Direct Plan - Growth,1,Direct,Target Maturity,41950,6.32,0.32,0.33,AAA,3,10,10,9,32,Low Risk,OK,Verified ✓,6.09,7.33,N/A,5.86,7.43,N/A
SBI CRISIL IBX Gilt Index-April 2029 Dir,INF200KA18Q6,150706,SBI CRISIL IBX Gilt Index - April 2029 Fund - Direct Plan - Growth,1,Direct,Target Maturity,42613,6.01,2.77,3.1,GOI/Cash,3,6,6,10,25,Moderate Risk,OK,Verified ✓,6.64,7.23,N/A,5.86,7.43,N/A
SBI CRISIL IBX Gilt Index-June 2036 Dir,INF200KA12Q9,150681,SBI |CRISIL IBX Gilt Index - June 2036 Fund - Direct Plan - Growth,1,Direct,Target Maturity,42593,6.85,7.24,10.2,GOI/Cash,5,2,2,10,19,Moderately High Risk,OK,Verified ✓,5.76,7.67,N/A,5.86,7.43,N/A
SBI CRISIL IBX SDL Index-September 2027 Dir,INF200KA14R3,150711,SBI CRISIL IBX SDL Index - September 2027 Fund - Direct Plan - Growth,1,Direct,Target Maturity,42617,6.11,1.33,1.39,GOI/Cash,3,8,8,10,29,Low Risk,OK,Verified ✓,3.02,7.8,N/A,5.86,7.43,N/A
Tata Nifty G-Sec Dec 2026 Index Dir,INF277KA1794,151301,Tata Nifty G Sec Dec 2026 Index Fund-Direct Plan-Growth,1,Direct,Target Maturity,43058,5.88,0.62,0.64,GOI/Cash,1,9,9,10,29,Low Risk,OK,Verified ✓,6.44,7.44,N/A,5.86,7.43,N/A
Tata Nifty G-Sec Dec 2029 Index Dir,INF277KA1737,151273,Tata Nifty G-Sec Dec 2029 Index Fund - Direct Plan - Growth,1,Direct,Target Maturity,43011,6.64,2.97,3.35,GOI/Cash,5,6,6,10,27,Moderate Risk,OK,Verified ✓,6.35,7.2,N/A,5.86,7.43,N/A
Tata Nifty SDL+AAA PSU Bond Dec 27 60:40 Dir,INF277KA1372,150326,Tata Nifty SDL Plus AAA PSU Bond Dec 6040 Index Fund- Direct Plan-Growth,1,Direct,Target Maturity,42260,6.8,1.52,1.61,AAA,5,8,8,9,30,Low Risk,OK,Verified ✓,5.72,7.74,N/A,5.86,7.43,N/A
UTI CRISIL SDL Maturity April 2033 Index Dir,INF789F1AWX3,151185,UTI CRISIL SDL Maturity April 2033 Index Fund - Direct Plan - Growth Option,1,Direct,Target Maturity,42945,7.44,5.5,7.11,GOI/Cash,7,2,2,10,21,Moderate Risk,OK,Verified ✓,6.3,7.35,N/A,5.86,7.43,N/A
UTI CRISIL SDL Maturity June 2027 Index Dir,INF789F1AWZ8,151239,UTI CRISIL SDL Maturity June 2027 Index Fund - Direct Plan - Growth Option,1,Direct,Target Maturity,42991,6.13,1.21,1.26,GOI/Cash,3,8,8,10,29,Low Risk,OK,Verified ✓,2.9,7.46,N/A,5.86,7.43,N/A
UTI Nifty SDL Plus AAA PSU Bond Apr 2026 75:25 Index Dir,INF789F1AXL6,151364,UTI NIFTY SDL Plus AAA PSU Bond Apr 2026 75:25 Index Fund - Direct Plan - Growth Option,1,Direct,Target Maturity,43131,5.58,0.18,0.18,GOI/Cash,1,10,10,10,31,Low Risk,OK,Verified ✓,6.72,7.48,N/A,5.86,7.43,N/A
UTI Nifty SDL Plus AAA PSU Bond Apr 2028 75:25 Index Dir,INF789F1AXR3,151487,UTI NIFTY SDL Plus AAA PSU Bond Apr 2028- 75:25 Index Fund - Direct Plan - Growth Option,1,Direct,Target Maturity,43246,6.46,1.97,2.15,AAA,3,8,6,9,26,Moderate Risk,OK,Verified ✓,6.21,7.11,N/A,5.86,7.43,N/A
ABSL CRISIL-IBX Fin Srvices 3 to 6 Months Debt Index Dir,INF209KC1498,153443,Aditya Birla Sun Life Crisil-IBX Financial Services 9-12 Months Debt Index Fund-Direct Growth,0.8571428571,Direct,Ultra Short Duration,44829,7.54,0.37,0.37,AAA,8,10,10,9,37,Very Low Risk,OK,Verified ✓,5.91,7.48,N/A,5.86,7.43,N/A
ABSL Savings Dir,INF209KA1TP9,132995,Aditya Birla Sun Life Equity Savings Fund - Direct Plan - Growth,1,Direct,Ultra Short Duration,15922,7.45,0.52,0.59,AAA,7,9,9,9,34,Low Risk,OK,Verified ✓,6.83,N/A,N/A,6.67,N/A,N/A
Axis CRISIL-IBX Fin Srvices 3-6 Months Debt Index Dir,INF846KA1226,153879,Axis CRISIL-IBX Financial Services 3-6 Months Debt Index Fund - Direct Plan - Growth option,0.8571428571,Direct,Ultra Short Duration,45519,7.1,0.21,0.22,AAA,7,10,10,9,36,Very Low Risk,OK,Verified ✓,6.88,7.54,6.54,6.67,7.27,6.35
Axis Ultra Short Duration Dir,INF846K01F40,144754,Axis Ultra Short Duration Fund - Direct Plan Growth,1,Direct,Ultra Short Duration,37533,6.9,0.48,0.5,AAA,5,10,10,9,34,Low Risk,OK,Verified ✓,N/A,N/A,N/A,N/A,N/A,N/A
Bandhan CRISIL-IBX Financial Services 3-6 Months Debt Index Dir,INF194KB1JR2,153407,Bandhan CRISIL-IBX Financial Services 3-6 Months Debt Index Fund - Direct Plan - Growth,1,Direct,Ultra Short Duration,45045,7.16,0.23,0.24,AAA,7,10,10,9,36,Very Low Risk,OK,Verified ✓,6.87,7.49,6.53,6.67,7.27,6.35
Bandhan Ultra Short Duration Dir,INF194KA16R3,144173,BANDHAN ULTRA SHORT DURATION FUND - DIRECT PLAN GROWTH,1,Direct,Ultra Short Duration,36956,6.76,0.47,0.53,AAA,5,10,9,9,33,Low Risk,OK,Verified ✓,6.73,N/A,N/A,6.67,N/A,N/A
Bank of India Ultra Short Duration Dir,INF761K01892,119379,BANK OF INDIA Ultra Short Duration Fund- Direct Plan- Growth,1,Direct,Ultra Short Duration,16978,6.51,0.39,0.39,AAA,5,10,10,9,34,Low Risk,OK,Verified ✓,6.58,7.22,6.18,6.67,7.27,6.35
Baroda BNP Paribas Ultra Short Duration Dir,INF955L01HA8,143508,Baroda BNP Paribas Ultra Short Duration Fund- Direct Plan- Growth,1,Direct,Ultra Short Duration,36295,6.98,0.47,0.52,AAA,5,10,9,9,33,Low Risk,OK,Verified ✓,6.54,6.9,5.96,6.67,7.27,6.35
Canara Robeco Ultra Short Term Dir,INF760K01GM1,118317,CANARA ROBECO ULTRA SHORT TERM FUND - DIRECT PLAN - GROWTH OPTION,1,Direct,Ultra Short Duration,16684,6.9,0.42,1.13,AAA,5,10,8,9,32,Low Risk,OK,Verified ✓,6.64,7.31,6.39,6.67,7.27,6.35
DSP Ultra Short Dir,INF740K01ON5,119205,DSP Ultra Short Fund - Direct Plan - Growth,1,Direct,Ultra Short Duration,16415,6.93,0.47,0.61,AAA,5,10,9,9,33,Low Risk,OK,Verified ✓,6.55,7.07,6.01,6.67,7.27,6.35
Franklin India Ultra Short Duration Dir,INF090I01XL4,152825,Franklin India Ultra Short Duration Fund - Direct - Growth,1,Direct,Ultra Short Duration,44497,6.51,0.45,0.75,AAA,5,10,9,9,33,Low Risk,OK,Verified ✓,6.66,7.43,6.37,6.67,7.27,6.35
HDFC CRISIL-IBX Fin Srvices 3-6 Months Debt Index Dir,INF179KC1JK5,153517,HDFC CRISIL-IBX Financial Services 3-6 Months Debt Index Fund - Direct Growth Plan,0.8571428571,Direct,Ultra Short Duration,45140,7.03,0.22,0.23,AAA,7,10,10,9,36,Very Low Risk,OK,Verified ✓,6.82,N/A,N/A,6.67,N/A,N/A
HDFC Ultra Short Term Dir,INF179KB15Q6,145034,HDFC Ultra Short Term Fund - Direct Plan-Growth Option,1,Direct,Ultra Short Duration,37806,6.91,0.48,0.7,AAA,5,10,9,9,33,Low Risk,OK,Verified ✓,N/A,N/A,N/A,N/A,N/A,N/A
HSBC Ultra Short Duration Dir,INF336L01OR1,147908,HSBC Ultra Short Duration Fund - Direct Growth,1,Direct,Ultra Short Duration,40543,6.8,0.49,0.49,AAA,5,10,10,9,34,Low Risk,OK,Verified ✓,6.58,7.31,6.33,6.67,7.27,6.35
ICICI Pru CRISIL-IBX Financial Services 3-6 Months Debt Index Dir,INF109K1A062,153411,ICICI Prudential CRISIL-IBX Financial Services 3-6 Months Debt Index Fund - Direct Plan - Growth,1,Direct,Ultra Short Duration,45048,7.16,0.23,0.23,AAA,7,10,10,9,36,Very Low Risk,OK,Verified ✓,6.55,7.27,6.26,6.67,7.27,6.35
ICICI Pru Ultra Short Term Dir,INF109K01T04,120676,ICICI Prudential Ultra Short Term Fund - Direct Plan -  Growth,1,Direct,Ultra Short Duration,17404,7.11,0.47,0.54,AAA,7,10,9,9,35,Very Low Risk,OK,Verified ✓,6.85,N/A,N/A,6.67,N/A,N/A
ITI Ultra Short Duration Dir,INF00XX01AE2,148913,ITI Ultra Short Duration Fund - Direct Plan - Growth Option,1,Direct,Ultra Short Duration,41474,6.31,0.26,0.28,AAA,3,10,10,9,32,Low Risk,OK,Verified ✓,6.89,7.47,6.58,6.67,7.27,6.35
Invesco India Ultra Short Duration Dir,INF205K01TH0,120541,Invesco India Ultra Short Duration Fund - Direct Plan - Growth,1,Direct,Ultra Short Duration,16797,6.95,0.44,0.44,AAA,5,10,10,9,34,Low Risk,OK,Verified ✓,6.54,7.16,N/A,6.67,7.27,N/A
Kotak CRISIL-IBX Fin Srvices 3-6 Months Debt Index Dir,INF174KA1VK7,153372,Kotak CRISIL-IBX Financial Services 3-6 Months Debt Index Fund-Direct-Growth,0.8571428571,Direct,Ultra Short Duration,44996,7.21,0.23,0.23,AAA,7,10,10,9,36,Very Low Risk,OK,Verified ✓,6.75,7.38,6.34,6.67,7.27,6.35
Kotak Savings Dir,INF174K01D28,131373,Kotak Equity Savings Fund - Direct - Growth,1,Direct,Ultra Short Duration,16346,7.12,0.49,0.55,AAA,7,10,9,9,35,Very Low Risk,OK,Verified ✓,6.68,N/A,N/A,6.67,N/A,N/A
LIC MF Ultra Short Duration Direct,INF767K01QU8,147772,LIC MF Ultra Short Duration Fund-Direct Plan-Growth,1,Direct,Ultra Short Duration,40411,6.64,0.36,0.36,AAA,5,10,10,9,34,Low Risk,OK,Verified ✓,6.67,7.3,6.33,6.67,7.27,6.35
Mahindra Manulife Ultra Short Duration Dir,INF174V01887,147731,Mahindra Manulife Ultra Short Duration Fund - Direct Plan -Growth,1,Direct,Ultra Short Duration,40343,7.6,0.38,0.39,AAA,8,10,10,9,37,Very Low Risk,OK,Verified ✓,6.61,7.13,6.2,6.67,7.27,6.35
Mirae Asset Ultra Short Duration Dir,INF769K01GK6,148529,Mirae Asset Ultra Short Duration Fund Direct Growth,1,Direct,Ultra Short Duration,41139,6.75,0.49,0.5,AAA,5,10,10,9,34,Low Risk,OK,Verified ✓,6.69,7.36,6.34,6.67,7.27,6.35
Motilal Oswal Ultra Short Term Dir,INF247L01247,124234,Motilal Oswal Ultra Short Term Fund (MOFUSTF) -Direct Plan- Growth,1,Direct,Ultra Short Duration,21385,6.54,0.34,0.35,AAA,5,10,10,9,34,Low Risk,OK,Verified ✓,6.75,7.46,6.41,6.67,7.27,6.35
Nippon India CRISIL-IBX Financial Services 3-6 Months Debt Index Dir,INF204KC1DM3,152992,Nippon India CRISIL - IBX AAA Financial Services - Dec 2026 Index Fund - Direct Plan - Growth Option,0.7142857143,Direct,Ultra Short Duration,45885,,,,--,1,1,1,1,4,High Risk,OK,Verified ✓,6.2,6.49,5.51,6.67,7.27,6.35
Nippon India Ultra Short Duration Dir,INF204KB10H2,147675,Nippon India Ultra Short Duration Fund - Segregated Portfolio 1 - Direct Plan - Growth Option,1,Direct,Ultra Short Duration,16091,7.27,0.49,0.66,AAA,7,10,9,9,35,Very Low Risk,OK,Verified ✓,N/A,N/A,N/A,N/A,N/A,N/A
Nippon India Ultra Short Duration Seg Port 1 Direct,INF204KB10H2,147675,Nippon India Ultra Short Duration Fund - Segregated Portfolio 1 - Direct Plan - Growth Option,1,Direct,Ultra Short Duration,40332,10.75,0.33,0.07,BBB,10,10,10,1,31,Low Risk,OK,Verified ✓,7.03,7.62,7.53,6.67,7.27,6.35
PGIM India Ultra Short Duration Dir,INF223J01QO7,138358,PGIM India Ultra Short Duration Fund - Direct Plan - Growth,1,Direct,Ultra Short Duration,16397,7.02,0.34,0.35,AAA,7,10,10,9,36,Very Low Risk,OK,Verified ✓,N/A,N/A,N/A,N/A,N/A,N/A
SBI Ultra Short Duration Dir,INF200K01TF5,119828,SBI ULTRA SHORT DURATION FUND - DIRECT PLAN - GROWTH,1,Direct,Ultra Short Duration,16890,6.47,0.39,0.5,AAA,3,10,10,9,32,Low Risk,OK,Verified ✓,6.37,7.14,6.22,6.67,7.27,6.35
Sundaram Ultra Short Duration Dir,INF173K01HI3,149539,Sundaram Ultra Short Duration Fund (Formerly Known as Principal Ultra Short Term Fund)- Direct Plan -Growth Option,1,Direct,Ultra Short Duration,16635,6.65,0.47,0.48,AAA,5,10,10,9,34,Low Risk,OK,Verified ✓,N/A,N/A,N/A,N/A,N/A,N/A
Tata Ultra Short Term Dir,INF277K011T0,146075,Tata Ultra Short Term Fund-Direct Plan-Growth,1,Direct,Ultra Short Duration,38830,7.45,0.49,0.75,AAA,7,10,9,9,35,Very Low Risk,OK,Verified ✓,6.6,7.26,6.21,6.67,7.27,6.35
UTI Ultra Short Duration Dir,INF789F01TI1,120746,UTI Ultra Short Duration Fund - Direct Plan - Growth Option,1,Direct,Ultra Short Duration,15737,6.76,0.41,0.47,AAA,5,10,10,9,34,Low Risk,OK,Verified ✓,6.61,7.32,6.36,6.67,7.27,6.35
WhiteOak Capital Ultra Short Duration Dir,INF03VN01209,147311,WhiteOak Capital Ultra Short Duration Fund- Direct plan-Growth Option,1,Direct,Ultra Short Duration,39938,6.98,0.4,0.4,AAA,5,10,10,9,34,Low Risk,OK,Verified ✓,6.95,7.51,6.49,6.67,7.27,6.35
ABSL Banking & PSU Debt Reg,INF209K01LV0,108273,Aditya Birla Sun Life Banking & PSU Debt Fund - Regular Plan-Growth,1,Regular,Banking and PSU,7701,7.5,2.91,3.91,AAA,8,6,6,9,29,Low Risk,OK,Verified ✓,6.68,7.37,6.92,6.67,7.27,6.35
ABSL Banking & PSU Debt Ret,INF209K01LV0,108273,Aditya Birla Sun Life Banking & PSU Debt Fund - Regular Plan-Growth,1,Regular,Banking and PSU,1302,7.5,2.91,3.91,AAA,8,6,6,9,29,Low Risk,OK,Verified ✓,6.38,7.05,6.14,6.67,7.27,6.35
Axis Banking & PSU Debt Reg,INF846K01CB0,117446,Axis Banking & PSU Debt Fund - Regular Plan - Growth option,1,Regular,Banking and PSU,14890,6.96,2.43,2.97,AAA,5,6,6,9,26,Moderate Risk,OK,Verified ✓,5.04,6.91,5.95,5.2,6.85,5.83
Bajaj Finserv Banking and PSU Reg,INF0QA701557,152165,Bajaj Finserv Banking and PSU Fund- Regular Plan- Growth,1,Regular,Banking and PSU,43848,6.85,2.85,3.33,AAA,5,6,6,9,26,Moderate Risk,OK,Verified ✓,5.04,6.91,5.95,5.2,6.85,5.83
Bandhan Banking and PSU Reg,INF194K01SN6,121280,Bandhan Banking and PSU Fund - Regular Growth,1,Regular,Banking and PSU,18446,6.76,1.66,2.03,AAA,5,8,6,9,28,Low Risk,OK,Verified ✓,5.44,6.83,5.8,5.2,6.85,5.83
Canara Robeco Banking and PSU Debt Reg,INF760K01KF7,150503,Canara Robeco Banking and PSU Debt Fund- Regular Plan- Growth Option,1,Regular,Banking and PSU,42430,6.91,2.9,3.43,AAA,5,6,6,9,26,Moderate Risk,OK,Verified ✓,4.84,N/A,N/A,5.2,N/A,N/A
DSP Banking & PSU Debt Reg,INF740K01ZP6,124172,DSP Banking & PSU Debt Fund - Regular Plan - Growth,1,Regular,Banking and PSU,21198,7.13,4.32,6.8,AAA,7,4,4,9,24,Moderate Risk,OK,Verified ✓,5.53,6.81,5.81,5.2,6.85,5.83
Edelweiss Banking and PSU Debt Reg,INF843K01FK1,140283,Edelweiss Banking and PSU Debt Fund - Regular Plan - Growth Option,1,Regular,Banking and PSU,21014,6.92,2.59,3,AAA,5,6,6,9,26,Moderate Risk,OK,Verified ✓,4.69,6.44,N/A,5.2,6.85,N/A
Franklin India Banking & PSU Debt Reg,INF090I01KO5,129006,Franklin India Banking & PSU Debt Fund - Growth,1,Regular,Banking and PSU,26027,7.18,3.03,6.11,AAA,7,4,4,9,24,Moderate Risk,OK,Verified ✓,4.19,6.81,5.7,5.2,6.85,5.83
HDFC Banking and PSU Debt Reg,INF179KA1JC4,128628,HDFC Banking and PSU Debt Fund - Growth Option,1,Regular,Banking and PSU,25437,7.14,3.28,4.34,AAA,7,4,4,9,24,Moderate Risk,OK,Verified ✓,4.83,6.81,5.83,5.2,6.85,5.83
HSBC Banking & PSU Debt Reg,INF677K01AE7,151104,HSBC Banking and PSU Debt Fund - Regular Growth,1,Regular,Banking and PSU,5860,6.96,2.48,2.91,AAA,5,6,6,9,26,Moderate Risk,OK,Verified ✓,6.36,7.16,5.99,5.2,6.85,5.83
ICICI Pru Banking & PSU Debt,INF109K01RT3,112342,ICICI Prudential Banking and PSU Debt Fund - Growth,1,Regular,Banking and PSU,10832,7.21,3.47,5.94,AAA,7,4,4,9,24,Moderate Risk,OK,Verified ✓,5.05,6.9,5.85,5.2,6.85,5.83
ITI Banking & PSU Debt Reg,INF00XX01838,148535,ITI Banking & PSU Debt Fund - Regular Plan - Growth Option,1,Regular,Banking and PSU,41133,6.37,1.1,1.26,AAA,3,8,8,9,28,Low Risk,OK,Verified ✓,5.44,6.65,5.26,5.2,6.85,5.83
Invesco India Banking and PSU Reg,INF205K01JV2,118232,Invesco India Banking and PSU Fund - Regular Plan - Growth Option,1,Regular,Banking and PSU,15453,6.89,3.25,4.24,AAA,5,4,4,9,22,Moderate Risk,OK,Verified ✓,5.54,7.2,6.32,5.2,6.85,5.83
Kotak Banking & PSU Debt Reg,INF174K01FO3,123690,Kotak Banking and PSU Debt - Growth,1,Regular,Banking and PSU,575,7.17,3.4,4.04,AAA,7,4,4,9,24,Moderate Risk,OK,Verified ✓,5.19,6.66,5.81,5.2,6.85,5.83
LIC MF Banking & PSU Reg,INF767K01535,105823,LIC MF Banking & PSU Fund-Regular Plan-Growth,1,Regular,Banking and PSU,5184,6.66,2.39,3.4,AAA,5,6,6,9,26,Moderate Risk,OK,Verified ✓,4.87,6.82,5.25,5.2,6.85,5.83
Mirae Asset Banking and PSU Reg,INF769K01FV5,148416,Mirae Asset Banking and PSU Fund - Regular Plan - Growth,1,Regular,Banking and PSU,41028,6.76,2.53,3,AAA,5,6,6,9,26,Moderate Risk,OK,Verified ✓,5.54,7.11,6.14,5.2,6.85,5.83
Nippon India Banking and PSU Reg,INF204KA1T64,134546,Nippon India Banking and PSU Fund- Growth Plan- Bonus Option,1,Regular,Banking and PSU,30187,7.08,3.4,4.11,AAA,7,4,4,9,24,Moderate Risk,OK,Verified ✓,5.18,6.83,5.59,5.2,6.85,5.83
SBI Banking and PSU Reg,INF200K01U41,125498,SBI BANKING & PSU FUND - Regular Plan - Growth,MANUAL_VERIFIED,Regular,Banking and PSU,10704,6.09,1.9,2.27,AAA,3,8,6,9,26,Moderate Risk,OK,Verified ✓,4.47,6.55,5.42,5.2,6.85,5.83
Sundaram Banking & PSU Reg,INF903J016H9,134356,Sundaram Banking & PSU Fund (Formerly Known as Sundaram Banking & PSU Debt Fund) - Regular Growth,1,Regular,Banking and PSU,2569,7.06,2.31,2.64,AAA,7,6,6,9,28,Low Risk,OK,Verified ✓,4.92,6.86,5.8,5.2,6.85,5.83
UTI Banking & PSU Reg,INF789F014Z9,126939,UTI Banking & PSU Fund- Regular Plan - Growth Option,1,Regular,Banking and PSU,23932,6.87,1.1,1.14,AAA,5,8,8,9,30,Low Risk,OK,Verified ✓,5.17,6.76,5.59,5.2,6.85,5.83
ABSL Corporate Bond Reg,INF209K01785,103178,Aditya Birla Sun Life Corporate Bond Fund - Growth - Regular Plan,1,Regular,Corporate Bond,420,7.64,4.37,7,AAA,8,4,4,9,25,Moderate Risk,OK,Verified ✓,5.42,7.07,5.66,5.2,6.85,5.83
Axis Corporate Bond Reg,INF846K01ZU1,141593,Axis Corporate Bond Fund - Regular Plan Growth,1,Regular,Corporate Bond,34376,7.13,2.95,3.69,AAA,7,6,6,9,28,Low Risk,OK,Verified ✓,6.39,7.06,7.22,5.2,6.85,5.83
Bandhan Corporate Bond Reg,INF194KA1L81,135914,BANDHAN Corporate Bond Fund - Regular Growth,1,Regular,Corporate Bond,31519,6.71,1.68,2.31,AAA,5,8,6,9,28,Low Risk,OK,Verified ✓,4.68,7.19,6.23,5.36,7.02,5.88
Baroda BNP Paribas Corporate Bond,INF251K01EP9,150235,BARODA BNP PARIBAS CORPORATE BOND FUND - Regular Plan - GROWTH OPTION,1,Regular,Corporate Bond,9735,7.08,2.92,3.55,AAA,7,6,6,9,28,Low Risk,OK,Verified ✓,5.65,7.2,6.09,5.36,7.02,5.88
Baroda BNP Paribas Corporate Bond Reg,INF251K01EP9,150235,BARODA BNP PARIBAS CORPORATE BOND FUND - Regular Plan - GROWTH OPTION,1,Regular,Corporate Bond,9730,7.08,2.92,3.55,AAA,7,6,6,9,28,Low Risk,OK,Verified ✓,5.64,7.06,5.81,5.36,7.02,5.88
Canara Robeco Corporate Bond Reg,INF760K01GY6,126687,CANARA ROBECO CORPORATE BOND FUND - REGULAR PLAN - GROWTH OPTION,1,Regular,Corporate Bond,23478,6.91,2.72,3.24,AAA,5,6,6,9,26,Moderate Risk,OK,Verified ✓,6.03,7.48,5.7,5.36,7.02,5.88
DSP Corporate Bond Reg,INF740KA1JX0,144644,DSP Corporate Bond Fund - Regular - Growth,1,Regular,Corporate Bond,37501,6.86,1.01,1.05,AAA,5,8,8,9,30,Low Risk,OK,Verified ✓,6.03,7.48,5.78,5.36,7.02,5.88
Franklin India Corporate Debt Reg,INF090I01DG6,100528,Franklin India Corporate Debt Fund - Growth,1,Regular,Corporate Bond,418,7.43,3.1,6.39,AAA,7,4,4,9,24,Moderate Risk,OK,Verified ✓,4.23,6.2,5.16,5.36,7.02,5.88
HDFC Corporate Bond Reg,INF179K01DC2,113070,HDFC Corporate Bond Fund - Growth Option,1,Regular,Corporate Bond,11341,7.24,4.64,7.5,AAA,7,4,2,9,22,Moderate Risk,OK,Verified ✓,6.4,7.09,5.56,5.36,7.02,5.88
HSBC Corporate Bond Reg,INF917K01AH0,150992,HSBC Corporate Bond Fund - Regular Growth,1,Regular,Corporate Bond,408,6.94,2.35,2.6,AAA,5,6,6,9,26,Moderate Risk,OK,Verified ✓,7.55,7.46,6.1,5.36,7.02,5.88
ICICI Pru Corporate Bond,INF109K01CQ1,111987,ICICI Prudential Corporate Bond Fund - Growth,1,Regular,Corporate Bond,10505,7.26,3.58,6,AAA,7,4,4,9,24,Moderate Risk,OK,Verified ✓,4.65,7.14,6.06,5.36,7.02,5.88
Invesco India Corporate Bond Reg,INF205K01RM4,106177,Invesco India Corporate Bond Fund - Regular Plan - Growth,1,Regular,Corporate Bond,5536,7,3.27,4.03,AAA,7,4,4,9,24,Moderate Risk,OK,Verified ✓,5.81,7.05,5.85,5.36,7.02,5.88
Kotak Corporate Bond Reg,INF178L01921,133772,Kotak Corporate Bond Fund- Institutional Plan-Growth Option,1,Regular,Corporate Bond,5896,7.29,3.16,4.16,AAA,7,4,4,9,24,Moderate Risk,OK,Verified ✓,6,7.49,6.47,5.36,7.02,5.88
Mirae Asset Corporate Bond Reg,INF769K01HA5,148757,Mirae Asset Corporate Bond Fund Regular Growth,1,Regular,Corporate Bond,41341,6.9,2.4,3.01,AAA,5,6,6,9,26,Moderate Risk,OK,Verified ✓,4.92,6.94,5.73,5.36,7.02,5.88
Nippon India Corporate Bond Reg,INF204KA12N8,100859,Nippon India Corporate Bond Fund - Growth Plan - Bonus Option,1,Regular,Corporate Bond,846,7.19,2.91,3.42,AAA,7,6,6,9,28,Low Risk,OK,Verified ✓,5.49,7.26,6.13,5.36,7.02,5.88
PGIM India Corporate Bond Reg,INF223J01DB2,138318,PGIM India Corporate Bond Fund - Growth,1,Regular,Corporate Bond,1523,7.19,3.17,4.15,AAA,7,4,4,9,24,Moderate Risk,OK,Verified ✓,4.74,6.73,5.55,5.36,7.02,5.88
SBI Corporate Bond Reg,INF200KA1YM5,146207,SBI Corporate Bond Fund - Regular Plan - Growth,1,Regular,Corporate Bond,38934,7.14,2.44,2.92,AAA,7,6,6,9,28,Low Risk,OK,Verified ✓,5.37,7.34,6.46,5.36,7.02,5.88
Sundaram Corporate Bond Reg,INF903J01HW6,100789,Sundaram Corporate Bond Fund Regular Plan- Growth,1,Regular,Corporate Bond,2573,7.15,2.68,3.22,AAA,7,6,6,9,28,Low Risk,OK,Verified ✓,4.84,6.62,5.68,5.36,7.02,5.88
TRUSTMF Corporate Bond Reg,INF0GCD01537,151322,TRUSTMF CORPORATE BOND FUND-REGULAR PLAN-GROWTH,1,Regular,Corporate Bond,43064,6.69,1.98,2.16,AAA,5,8,6,9,28,Low Risk,OK,Verified ✓,5.21,6.94,5.78,5.36,7.02,5.88
Tata Corporate Bond Reg,INF277KA1299,149351,Tata Corporate Bond Fund-Regular Plan-Growth,1,Regular,Corporate Bond,41866,7.86,3.44,5.28,AAA,8,4,4,9,25,Moderate Risk,OK,Verified ✓,5.12,6.84,5.8,5.36,7.02,5.88
Tata Corporate Bond Seg Port1 Reg,NOT_IN_NAV,NOT_IN_NAV,Not in AMFI NAV - Segregated Portfolio (wound up),MANUAL_NOT_IN_NAV,Regular,Corporate Bond,40076,,,,--,1,1,1,1,4,High Risk,NOT_FOUND,Neither code NOT_IN_NAV nor ISIN NOT_IN_NAV confirmed in NAV,5.03,6.56,N/A,5.36,7.02,N/A
UTI Corporate Bond Reg,INF178L01921,133772,Kotak Corporate Bond Fund- Institutional Plan-Growth Option,1,Regular,Corporate Bond,37138,7.08,2.95,4.13,AAA,7,6,4,9,26,Moderate Risk,OK,Verified ✓,4.65,6.92,N/A,5.36,7.02,N/A
Union Corporate Bond Reg,INF582M01DY7,143239,Union Corporate Bond Fund - Regular Plan - Growth Option,1,Regular,Corporate Bond,36078,7.1,3.37,4.73,AAA,7,4,4,9,24,Moderate Risk,OK,Verified ✓,N/A,N/A,N/A,N/A,N/A,N/A
ABSL Credit Risk Reg,INF209KA1K47,134383,Aditya Birla Sun Life Credit Risk Fund - Regular Plan - Growth,1,Regular,Credit Risk,29944,8.59,2.17,2.72,AA,10,6,6,6,28,Low Risk,OK,Verified ✓,5.45,7.11,5.97,5.36,7.02,5.88
ABSL Credit Risk Seg Port1 Reg,NOT_IN_NAV,NOT_IN_NAV,Not in AMFI NAV - Segregated Portfolio (wound up),MANUAL_NOT_IN_NAV,Regular,Credit Risk,40439,,,,--,1,1,1,1,4,High Risk,NOT_FOUND,Neither code NOT_IN_NAV nor ISIN NOT_IN_NAV confirmed in NAV,5.01,6.85,5.56,5.36,7.02,5.88
Axis Credit Risk Reg,INF846K01PO5,130309,Axis Credit Risk Fund - Regular Plan - Growth,1,Regular,Credit Risk,27226,8.35,3.07,4.32,AA,9,4,4,6,23,Moderate Risk,OK,Verified ✓,12.63,12,9.82,8.15,8.55,9.1
Bandhan Credit Risk Reg,INF194KA1W39,140609,BANDHAN Credit Risk Fund - Regular Plan Growth,1,Regular,Credit Risk,33486,7.48,2.07,2.31,AA,7,6,6,6,25,Moderate Risk,OK,Verified ✓,N/A,N/A,N/A,N/A,N/A,N/A
Bank of India Credit Risk Reg,INF761K01DH6,133867,BANK OF INDIA Credit Risk Fund - Regular Plan,MANUAL_VERIFIED,Regular,Credit Risk,29479,6.53,0.6,0.68,AAA,5,9,9,9,32,Low Risk,OK,Verified ✓,7.59,7.73,6.71,8.15,8.55,9.1
Baroda BNP Paribas Credit Risk Reg,INF955L01FP0,133486,Baroda BNP Paribas Credit Risk Fund -Regular-Growth Option,1,Regular,Credit Risk,29235,7.72,1.94,2.51,AAA,8,8,6,9,31,Low Risk,OK,Verified ✓,4.56,6.15,5.34,8.15,8.55,9.1
Baroda BNP Paribas Credit Risk Seg Port1 Reg,INF955L01IO7,148330,Baroda BNP Paribas Credit Risk Fund- Regular- Growth Option- Segregated Portfolio- 1,0.8,Regular,Credit Risk,40934,,,,--,1,1,1,1,4,High Risk,OK,Verified ✓,11.15,7.74,26.49,8.15,8.55,9.1
DSP Credit Risk Reg,INF740K01599,101837,DSP Credit Risk Fund - Regular Plan -Growth,1,Regular,Credit Risk,1723,7.46,2.27,2.97,AA,7,6,6,6,25,Moderate Risk,OK,Verified ✓,6.89,7.66,8.38,8.15,8.55,9.1
Franklin Ind Credit Risk Seg Port 2 Reg,INF090I01VX3,148303,Franklin India Credit Risk Fund - Segregated Portfolio 3 (9.50% Yes Bank Ltd CO 23Dec21) - Growth Plan,1,Regular,Credit Risk,40582,,,,--,1,1,1,1,4,High Risk,OK,Verified ✓,N/A,N/A,N/A,N/A,N/A,N/A
Franklin Ind Credit Risk Seg Port 3 Reg,INF090I01VX3,148303,Franklin India Credit Risk Fund - Segregated Portfolio 3 (9.50% Yes Bank Ltd CO 23Dec21) - Growth Plan,1,Regular,Credit Risk,40822,,,,--,1,1,1,1,4,High Risk,OK,Verified ✓,4.55,13.71,10.85,8.15,8.55,9.1
HDFC Credit Risk Debt Reg,INF179KA1GC0,128053,HDFC Credit Risk Debt Fund - Growth Option,1,Regular,Credit Risk,25074,8.31,2.46,3.77,AA,9,6,6,6,27,Moderate Risk,OK,Verified ✓,N/A,N/A,N/A,N/A,N/A,N/A
HSBC Credit Risk Reg,INF917K01130,151043,HSBC Credit Risk Fund - Regular Growth,1,Regular,Credit Risk,10700,7.75,1.64,2.24,AA,8,8,6,6,28,Low Risk,OK,Verified ✓,N/A,N/A,N/A,N/A,N/A,N/A
ICICI Pru Credit Risk,INF109K01GU4,114239,ICICI Prudential Credit Risk Fund - Growth,1,Regular,Credit Risk,11783,8.41,2.39,3.65,AA,9,6,6,6,27,Moderate Risk,OK,Verified ✓,6.91,7.47,6.67,8.15,8.55,9.1
Invesco India Credit Risk Reg,INF205K01I34,130721,Invesco India Credit Risk Fund - Regular Plan - Growth,1,Regular,Credit Risk,27550,7.12,1.76,2.13,AAA,7,8,6,9,30,Low Risk,OK,Verified ✓,17.41,10.89,8.48,8.15,8.55,9.1
Kotak Credit Risk Reg,INF174K01DY7,117716,Kotak Credit Risk Fund - Growth,1,Regular,Credit Risk,11156,8.11,2.39,2.93,AA,9,6,6,6,27,Moderate Risk,OK,Verified ✓,8.47,8.3,7.38,8.15,8.55,9.1
Nippon India Credit Risk Inst,INF204K01FT7,112939,Nippon India Credit Risk Fund  - Institutional Growth Plan,1,Regular,Credit Risk,10579,8.72,2.06,2.41,AA,10,6,6,6,28,Low Risk,OK,Verified ✓,5.36,7.81,6.74,8.15,8.55,9.1
Nippon India Credit Risk Reg,INF204K01FQ3,112938,Nippon India Credit Risk Fund  - Growth Plan,1,Regular,Credit Risk,2789,8.72,2.06,2.41,AA,10,6,6,6,28,Low Risk,OK,Verified ✓,7.79,7.51,5.83,8.15,8.55,9.1
Nippon India Credit Risk Seg Port 1 Inst,INF204KB18L7,148100,Nippon India Credit Risk Fund - Segregated Portfolio 1 - Institutional Growth Plan,1,Regular,Credit Risk,40700,2.81,2,0.07,B,1,8,10,1,20,Moderately High Risk,OK,Verified ✓,8.5,8.43,8.63,8.15,8.55,9.1
Nippon India Credit Risk Seg Port 1 Reg,INF204KB17L9,148094,Nippon India Credit Risk Fund - Segregated Portfolio 1 - Growth Plan,1,Regular,Credit Risk,40694,2.81,2,0.07,B,1,8,10,1,20,Moderately High Risk,OK,Verified ✓,7.79,8.16,8.41,8.15,8.55,9.1
Nippon India Credit Risk Seg Port 2 Inst,INF204KB18L7,148100,Nippon India Credit Risk Fund - Segregated Portfolio 1 - Institutional Growth Plan,1,Regular,Credit Risk,40842,,,,--,1,1,1,1,4,High Risk,OK,Verified ✓,N/A,N/A,N/A,N/A,N/A,N/A
Nippon India Credit Risk Seg Port 2 Reg,INF204KB17L9,148094,Nippon India Credit Risk Fund - Segregated Portfolio 1 - Growth Plan,1,Regular,Credit Risk,40836,,,,--,1,1,1,1,4,High Risk,OK,Verified ✓,N/A,N/A,N/A,N/A,N/A,N/A
SBI Credit Risk Reg,INF200K01685,102505,SBI CREDIT RISK FUND - REGULAR PLAN - GROWTH,1,Regular,Credit Risk,2298,8.41,1.77,2.13,AA,9,8,6,6,29,Low Risk,OK,Verified ✓,N/A,N/A,N/A,N/A,N/A,N/A
UTI Credit Risk Reg,INF204K01FT7,112939,Nippon India Credit Risk Fund  - Institutional Growth Plan,1,Regular,Credit Risk,15382,7.77,2.09,2.68,AAA,8,6,6,9,29,Low Risk,OK,Verified ✓,N/A,N/A,N/A,N/A,N/A,N/A
UTI Credit Risk Seg Port 2 Reg,INF204KB18L7,148100,Nippon India Credit Risk Fund - Segregated Portfolio 1 - Institutional Growth Plan,1,Regular,Credit Risk,40755,,,0,Cash,1,1,10,10,22,Moderate Risk,OK,Verified ✓,6.88,7.53,6.9,8.15,8.55,9.1
UTI Credit Risk Seg Port 3 Reg,INF204KB18L7,148100,Nippon India Credit Risk Fund - Segregated Portfolio 1 - Institutional Growth Plan,1,Regular,Credit Risk,40900,,,,--,1,1,1,1,4,High Risk,OK,Verified ✓,6.08,7.03,9.33,8.15,8.55,9.1
UTI Credit Risk Seg Port Reg,INF204KB18L7,148100,Nippon India Credit Risk Fund - Segregated Portfolio 1 - Institutional Growth Plan,1,Regular,Credit Risk,40284,,,0,Cash,1,1,10,10,22,Moderate Risk,OK,Verified ✓,N/A,N/A,N/A,N/A,N/A,N/A
360 ONE Dynamic Bond Reg,INF579M01183,122612,360 ONE Dynamic Bond Fund - Regular Plan - Growth Option,1,Regular,Dynamic Bond,19779,7.3,4.75,6.37,AAA,7,4,4,9,24,Moderate Risk,OK,Verified ✓,N/A,N/A,N/A,N/A,N/A,N/A
ABSL Dyn Bond Seg Port1 Reg,NOT_IN_NAV,NOT_IN_NAV,Not in AMFI NAV - Segregated Portfolio (wound up),MANUAL_NOT_IN_NAV,Regular,Dynamic Bond,40454,,,,--,1,1,1,1,4,High Risk,NOT_FOUND,Neither code NOT_IN_NAV nor ISIN NOT_IN_NAV confirmed in NAV,N/A,N/A,N/A,N/A,N/A,N/A
ABSL Dynamic Bond Reg,INF209K01793,102767,Aditya Birla Sun Life Dynamic Bond Fund - Growth - Regular Plan,1,Regular,Dynamic Bond,2458,8.68,5.02,8.64,AAA,10,2,2,9,23,Moderate Risk,OK,Verified ✓,5.89,7.93,6.8,2.66,6.33,5.56
Axis Dynamic Bond Reg,INF846K01917,115068,Axis Dynamic Bond Fund - Regular Plan - Growth Option,1,Regular,Dynamic Bond,12599,7.18,5.63,9.4,AAA,7,2,2,9,20,Moderately High Risk,OK,Verified ✓,N/A,N/A,N/A,N/A,N/A,N/A
Bandhan Dynamic Bond Reg,INF194K01QG4,111524,BANDHAN Dynamic Bond Fund - Regular Plan B - Growth,1,Regular,Dynamic Bond,10016,6.65,1.2,2.23,AAA,5,8,6,9,28,Low Risk,OK,Verified ✓,4.02,7.07,6.63,2.66,6.33,5.56
Baroda BNP Paribas Dynamic Bond Reg,INF251K01DW7,150173,Baroda BNP Paribas Dynamic Bond Fund - Regular Plan - Growth Option,1,Regular,Dynamic Bond,2348,6.82,5.9,10.87,AAA,5,2,2,9,18,Moderately High Risk,OK,Verified ✓,4.47,7.06,5.74,2.66,6.33,5.56
Baroda BNP Paribas Dynamic Bond Reg A,INF251K01DW7,150173,Baroda BNP Paribas Dynamic Bond Fund - Regular Plan - Growth Option,1,Regular,Dynamic Bond,10230,6.82,5.9,10.87,AAA,5,2,2,9,18,Moderately High Risk,OK,Verified ✓,1.93,6.27,5.08,2.66,6.33,5.56
Canara Robeco Dynamic Bond Reg,INF760K01449,111962,CANARA ROBECO DYNAMIC BOND FUND - REGULAR PLAN - GROWTH OPTION,1,Regular,Dynamic Bond,10448,6.6,5.29,9.18,GOI/Cash,5,2,2,10,19,Moderately High Risk,OK,Verified ✓,0.4,5.57,4.94,2.66,6.33,5.56
DSP Strategic Bond Reg,INF740K01GK7,105669,DSP Strategic Bond Fund - Regular Plan - Growth,1,Regular,Dynamic Bond,5013,7.26,8.56,19.88,AAA,7,1,1,9,18,Moderately High Risk,OK,Verified ✓,0.4,5.56,5.11,2.66,6.33,5.56
Franklin Ind Dyn Accrual Seg Port 2 Reg,INF090I01WB7,148307,Franklin India Dynamic Accrual Fund - Segregated Portfolio 3 (9.50% Yes Bank Ltd CO 23Dec21) - Growth Plan,1,Regular,Dynamic Bond,40598,4.17,0.01,0.01,B,1,10,10,1,22,Moderate Risk,OK,Verified ✓,-0.45,4.76,4.11,2.66,6.33,5.56
Franklin Ind Dyn Accrual Seg Port 3 Reg,INF090I01WB7,148307,Franklin India Dynamic Accrual Fund - Segregated Portfolio 3 (9.50% Yes Bank Ltd CO 23Dec21) - Growth Plan,1,Regular,Dynamic Bond,40826,,,,--,1,1,1,1,4,High Risk,OK,Verified ✓,-0.04,6.37,5.15,2.66,6.33,5.56
Groww Dynamic Term Reg,INF666M01ES8,145590,Groww Dynamic Bond Fund - Regular Plan - Growth option,MANUAL_VERIFIED,Regular,Dynamic Bond,38295,7.38,2.38,6,AAA,7,6,4,9,26,Moderate Risk,OK,Verified ✓,N/A,N/A,N/A,N/A,N/A,N/A
HDFC Dynamic Debt Reg,INF179K01848,101872,HDFC Dynamic Debt Fund - Growth Option,1,Regular,Dynamic Bond,395,7.05,7.56,19.19,AAA,7,2,1,9,19,Moderately High Risk,OK,Verified ✓,N/A,N/A,N/A,N/A,N/A,N/A
HSBC Dynamic Bond Reg,INF677K01916,151084,HSBC Dynamic Bond Fund - Regular Growth,1,Regular,Dynamic Bond,3611,6.97,4.7,8.37,AAA,5,4,2,9,20,Moderately High Risk,OK,Verified ✓,1.11,4.84,4.51,2.66,6.33,5.56
ICICI Pru All Seasons Bond,INF109K01GN9,112096,ICICI Prudential All Seasons Bond Fund - Growth,1,Regular,Dynamic Bond,10444,7.74,6.35,14.03,AAA,8,2,1,9,20,Moderately High Risk,OK,Verified ✓,1.62,5.99,5.9,2.66,6.33,5.56
ICICI Pru All Seasons Bond Ret,INF109K01GN9,112096,ICICI Prudential All Seasons Bond Fund - Growth,1,Regular,Dynamic Bond,1277,7.74,6.35,14.03,AAA,8,2,1,9,20,Moderately High Risk,OK,Verified ✓,2.19,6.3,5.24,2.66,6.33,5.56
ICICI Pru Retirement Pure Debt,INF109KC1UC4,146726,ICICI Prudential Retirement Fund - Pure Debt - Growth Option,1,Regular,Dynamic Bond,39071,7.46,4.73,10.54,AAA,7,4,2,9,22,Moderate Risk,OK,Verified ✓,4.5,7.16,6.3,2.66,6.33,5.56
ITI Dynamic Bond Reg,INF00XX01AT0,149021,ITI Dynamic Bond Fund - Regular Plan - Growth Option,1,Regular,Dynamic Bond,41558,5.15,0.49,0.65,AAA,1,10,9,9,29,Low Risk,OK,Verified ✓,4.5,7.16,6.3,2.66,6.33,5.56
JM Dynamic Bond Reg,INF192K01700,101806,JM Dynamic Bond Fund (Regular) - Growth Option,1,Regular,Dynamic Bond,1765,6.91,3.88,4.89,AAA,5,4,4,9,22,Moderate Risk,OK,Verified ✓,3.43,5.97,5.01,2.66,6.33,5.56
Kotak Dynamic Bond Reg,INF174K01FA2,108511,Kotak Dynamic Bond Fund Regular Plan Growth,1,Regular,Dynamic Bond,7857,7.51,6.62,14.08,AAA,8,2,1,9,20,Moderately High Risk,OK,Verified ✓,1.62,5.84,N/A,2.66,6.33,N/A
Mahindra Manulife Dynamic Bond Reg,INF174V01531,144401,Mahindra Manulife Dynamic Bond Fund - Regular Plan - Growth,1,Regular,Dynamic Bond,37124,7.7,3.65,6.64,AAA,8,4,4,9,25,Moderate Risk,OK,Verified ✓,2.98,6.4,5.58,2.66,6.33,5.56
Mirae Asset Dynamic Bond Reg,INF769K01DO5,140771,Mirae Asset Dynamic Bond Fund-Regular Plan Growth,1,Regular,Dynamic Bond,33704,6.43,0.91,0.96,AAA,3,9,9,9,30,Low Risk,OK,Verified ✓,3.5,6.93,5.69,2.66,6.33,5.56
Nippon India Dynamic Bond Reg,INF204K01FI0,102849,Nippon India Dynamic Bond Fund-Growth Plan-Growth Option,1,Regular,Dynamic Bond,2513,6.82,3.72,4.33,AAA,5,4,4,9,22,Moderate Risk,OK,Verified ✓,3.38,6.26,4.69,2.66,6.33,5.56
PGIM India Dynamic Bond Reg,INF663L01484,116485,PGIM India Dynamic Bond Fund - Growth Option,1,Regular,Dynamic Bond,13899,7.13,5.33,9.43,AAA,7,2,2,9,20,Moderately High Risk,OK,Verified ✓,5.88,6.38,4.98,2.66,6.33,5.56
Quantum Dynamic Bond Reg,INF082J01218,141061,Quantum Dynamic Bond Fund - Regular Plan Growth Option,1,Regular,Dynamic Bond,33960,6.85,5.26,8.95,AAA,5,2,2,9,18,Moderately High Risk,OK,Verified ✓,4.37,7.1,5.66,2.66,6.33,5.56
SBI Dynamic Bond Reg,INF200K01958,102205,SBI Dynamic Bond Fund - REGULAR PLAN - Growth,1,Regular,Dynamic Bond,2025,7.02,3.42,10.09,AAA,7,4,2,9,22,Moderate Risk,OK,Verified ✓,1.54,6.09,4.98,2.66,6.33,5.56
UTI Dyn Bond Seg Port Reg,INF789F1APO6,148117,UTI - Dynamic Bond Fund (Segregated - 17022020) - Regular Plan - Growth Option,MANUAL_VERIFIED,Regular,Dynamic Bond,40745,5.62,3.5,0.07,B,1,4,10,1,16,Moderately High Risk,OK,Verified ✓,2.45,6.79,5.94,2.66,6.33,5.56
UTI Dynamic Bond Reg,INF789F1APO6,148117,UTI - Dynamic Bond Fund (Segregated - 17022020) - Regular Plan - Growth Option,1,Regular,Dynamic Bond,11306,7.09,4.54,10.05,AAA,7,4,2,9,22,Moderate Risk,OK,Verified ✓,3.34,6.76,5.74,2.66,6.33,5.56
Union Dynamic Bond Reg,INF582M01336,116555,Union Dynamic Bond Fund - Growth Option,1,Regular,Dynamic Bond,14015,7.04,9.03,23.56,AAA,7,1,1,9,18,Moderately High Risk,OK,Verified ✓,N/A,N/A,N/A,N/A,N/A,N/A
ABSL Floating Rate Reg,INF209K01MG9,122644,Aditya Birla Sun Life Floating Rate Fund-Regular Plan-Growth,1,Regular,Floater,10344,7.26,1.09,1.72,AAA,7,8,8,9,32,Low Risk,OK,Verified ✓,3.89,6.65,8.6,2.66,6.33,5.56
ABSL Floating Rate Ret,INF209K01MG9,122644,Aditya Birla Sun Life Floating Rate Fund-Regular Plan-Growth,1,Regular,Floater,1747,7.26,1.09,1.72,AAA,7,8,8,9,32,Low Risk,OK,Verified ✓,-0.77,5.15,4.16,2.66,6.33,5.56
Axis Floater Reg,INF846K012B8,149048,Axis Floater Fund - Regular Plan - Growth,1,Regular,Floater,41583,6.98,4.54,8.32,AAA,5,4,2,9,20,Moderately High Risk,OK,Verified ✓,6.49,7.43,6.46,6.1,7.46,6.3
Bandhan Floater Reg,INF194KB1AP5,148705,BANDHAN FLOATER FUND  - REGULAR PLAN GROWTH,1,Regular,Floater,41297,6.95,1.96,2.75,AAA,5,8,6,9,28,Low Risk,OK,Verified ✓,6.49,7.43,6.46,6.1,7.46,6.3
DSP Floater Reg,INF740KA1PS7,148768,DSP Floater Fund - Regular Plan - Growth,1,Regular,Floater,41354,6.87,2.25,3.72,AAA,5,6,6,9,26,Moderate Risk,OK,Verified ✓,5.02,7.7,N/A,6.1,7.46,N/A
Franklin India Floating Rate Reg,INF090I01LM7,101048,Franklin India Floating Rate Fund - Growth Plan,1,Regular,Floater,1415,6.98,3.24,8.79,AAA,5,4,2,9,20,Moderately High Risk,OK,Verified ✓,5.97,7.23,6,6.1,7.46,6.3
HDFC Floating Rate Debt Reg,INF179K01707,106841,HDFC Floating Rate Debt Fund - Growth Option,1,Regular,Floater,6098,7.05,1.9,4.12,AAA,7,8,4,9,28,Low Risk,OK,Verified ✓,5.43,7.79,6.34,6.1,7.46,6.3
ICICI Pru Floating Interest,INF109K01AX1,101802,ICICI Prudential Floating Interest Fund - Growth,1,Regular,Floater,3023,7.07,1.76,3.07,AAA,7,8,6,9,30,Low Risk,OK,Verified ✓,6.3,7.62,6.31,6.1,7.46,6.3
Kotak Floating Rate Reg,INF174KA1DY6,147266,KOTAK FLOATING RATE FUND-REGULAR PLAN-GROWTH OPTION,1,Regular,Floater,39901,7.35,2.16,2.58,AAA,7,6,6,9,28,Low Risk,OK,Verified ✓,6.5,7.68,6.59,6.1,7.46,6.3
Nippon India Floater Reg,INF204K01CG1,102673,Nippon India Floater Fund - Growth Plan-Growth Option,1,Regular,Floater,2412,7.04,2.28,2.68,AAA,7,6,6,9,28,Low Risk,OK,Verified ✓,6.7,7.66,6.53,6.1,7.46,6.3
SBI Floating Rate Debt Reg,INF200KA1R15,148543,SBI Floating Rate Debt Fund - Regular Plan - Growth,1,Regular,Floater,41151,6.7,1.59,4.71,GOI/Cash,5,8,4,10,27,Moderate Risk,OK,Verified ✓,6.64,7.58,6.49,6.1,7.46,6.3
Tata Floating Rate Reg,INF277KA1091,149003,Tata Floating Rate Fund-Regular Plan-Growth,1,Regular,Floater,41540,6.94,1.18,1.87,AAA,5,8,8,9,30,Low Risk,OK,Verified ✓,6.1,7.44,6.27,6.1,7.46,6.3
UTI Floater Reg,INF789F1ACO4,145287,UTI - Floater Fund - Regular Plan  - Growth Option,1,Regular,Floater,38027,6.71,0.9,1.6,AAA,5,9,8,9,31,Low Risk,OK,Verified ✓,5.89,7.46,6.32,6.1,7.46,6.3
ABSL CRISIL Broad Based Gilt ETF,INF209KC1134,152732,ADITYA BIRLA SUN LIFE CRISIL BROAD BASED GILT ETF,1,Regular,Gilt,44415,7.01,5.12,6.78,GOI/Cash,7,2,4,10,23,Moderate Risk,OK,Verified ✓,6.06,7.14,N/A,6.1,7.46,N/A
ABSL Government Securities Reg,INF209K01AC3,100058,Aditya Birla Sun Life Government Securities Fund  - Growth - Regular Plan,1,Regular,Gilt,677,7.89,11.34,14.55,GOI/Cash,8,1,1,10,20,Moderately High Risk,OK,Verified ✓,6.06,6.82,5.72,6.1,7.46,6.3
Axis Gilt Reg,INF846K015O4,151433,AXIS CRISIL IBX 50:50 Gilt Plus SDL September 2027 Index Fund- REGULAR PLAN-GROWTH,1,Regular,Gilt,13908,7.11,8.58,18.63,GOI/Cash,7,1,1,10,19,Moderately High Risk,OK,Verified ✓,2.93,N/A,N/A,1.36,N/A,N/A
Bajaj Finserv Gilt Reg,INF0QA701AM6,153211,Bajaj Finserv Gilt Fund - Regular - Growth,1,Regular,Gilt,44860,6.85,8.56,18.79,GOI/Cash,5,1,1,10,17,Moderately High Risk,OK,Verified ✓,-1.56,5.16,4.72,1.36,6.05,5.05
Bandhan Gilt Reg,INF194KB1EW3,150869,BANDHAN CRISIL IBX 90:10 SDL PLUS GILT - NOV 2026 INDEX FUND - REGULAR GROWTH,1,Regular,Gilt,10020,5.77,1.26,2.21,GOI/Cash,1,8,6,10,25,Moderate Risk,OK,Verified ✓,1.71,6.76,5.51,1.36,6.05,5.05
Baroda BNP Paribas Gilt Reg,INF955L01450,101187,Baroda BNP Paribas GILT FUND - Regular Plan - Growth Option,1,Regular,Gilt,1232,6.94,8.16,16.53,GOI/Cash,5,1,1,10,17,Moderately High Risk,OK,Verified ✓,0.22,N/A,N/A,1.36,N/A,N/A
Canara Robeco Gilt Reg,INF760K01AE1,100597,CANARA ROBECO GILT FUND - REGULAR PLAN - GROWTH OPTION,1,Regular,Gilt,729,6.6,6.81,12.92,GOI/Cash,5,2,1,10,18,Moderately High Risk,OK,Verified ✓,2.46,6.79,5.53,1.36,6.05,5.05
DSP Gilt Reg,INF740KA1RY1,151327,DSP CRISIL-IBX 50:50 Gilt Plus SDL - April 2033 Index Fund - Regular - Growth,1,Regular,Gilt,663,7.53,11.72,28.05,GOI/Cash,8,1,1,10,20,Moderately High Risk,OK,Verified ✓,1.3,6.5,5.25,1.36,6.05,5.05
Edelweiss Government Securities Reg,INF843K01HC4,140297,Edelweiss Government Securities Fund - Regular Plan - Growth Option,1,Regular,Gilt,24222,7.19,9.52,21.14,GOI/Cash,7,1,1,10,19,Moderately High Risk,OK,Verified ✓,-0.28,5.37,4.63,1.36,6.05,5.05
Franklin India Government Securities Reg,INF090I01CU9,100493,Franklin India Government Securities Fund - Growth,1,Regular,Gilt,1133,7.37,8.13,23.78,GOI/Cash,7,1,1,10,19,Moderately High Risk,OK,Verified ✓,0.02,6.13,5.33,1.36,6.05,5.05
Groww Gilt Reg,INF666M01KN6,153503,Groww Gilt Fund - Regular - Growth,1,Regular,Gilt,45119,6.29,3.19,9.94,GOI/Cash,3,4,2,10,19,Moderately High Risk,OK,Verified ✓,-0.43,5.52,4.91,1.36,6.05,5.05
HDFC Gilt Reg,INF179K01756,101083,HDFC Gilt Fund - Growth Plan,1,Regular,Gilt,1022,7.12,8.73,20.5,GOI/Cash,7,1,1,10,19,Moderately High Risk,OK,Verified ✓,2.51,5.69,4.88,1.36,6.05,5.05
HSBC Gilt Reg,INF336L01QK1,149963,HSBC CRISIL IBX 50:50 Gilt Plus SDL Apr 2028 Index Fund - Regular - Growth,1,Regular,Gilt,806,7.09,7.89,16.99,GOI/Cash,7,2,1,10,20,Moderately High Risk,OK,Verified ✓,N/A,N/A,N/A,N/A,N/A,N/A
ICICI Pru Gilt,INF109KA1N46,131051,ICICI Prudential Constant Maturity Gilt Fund - Growth,1,Regular,Gilt,643,7.39,9.32,20.72,GOI/Cash,7,1,1,10,19,Moderately High Risk,OK,Verified ✓,1.07,6.05,5.07,1.36,6.05,5.05
ICICI Pru Nifty 5 yr Benchmark G-SEC ETF,INF109KC18O0,151196,ICICI Prudential Nifty 10 yr Benchmark G-sec ETF,1,Regular,Gilt,42160,6.28,3.76,4.25,GOI/Cash,3,4,4,10,21,Moderate Risk,OK,Verified ✓,-0.91,4.68,4.04,1.36,6.05,5.05
Invesco India Gilt Reg,INF205K01SR1,107477,Invesco India Gilt Fund - Regular Plan - Growth,1,Regular,Gilt,6790,7.01,9.67,22.88,GOI/Cash,7,1,1,10,19,Moderately High Risk,OK,Verified ✓,3.17,6.99,6.11,1.36,6.05,5.05
Kotak Gilt Investment PF & Trust,INF174K01FL9,100281,Kotak Gilt-Investment  Provident Fund and Trust-Growth,1,Regular,Gilt,1918,7.45,10.32,22.59,GOI/Cash,7,1,1,10,19,Moderately High Risk,OK,Verified ✓,5.91,7.53,N/A,1.36,6.05,N/A
Kotak Gilt Investment Reg,INF174K01FL9,100281,Kotak Gilt-Investment  Provident Fund and Trust-Growth,1,Regular,Gilt,576,7.45,10.32,22.59,GOI/Cash,7,1,1,10,19,Moderately High Risk,OK,Verified ✓,-0.34,5.89,4.63,1.36,6.05,5.05
LIC MF Gilt,INF767K01733,100319,LIC MF Gilt Fund-PF Plan-Growth,1,Regular,Gilt,713,7.34,11.46,27.68,GOI/Cash,7,1,1,10,19,Moderately High Risk,OK,Verified ✓,-1.73,4.89,4.53,1.36,6.05,5.05
LIC MF Gilt,INF767K01733,100319,LIC MF Gilt Fund-PF Plan-Growth,1,Regular,Gilt,1988,7.34,11.46,27.68,GOI/Cash,7,1,1,10,19,Moderately High Risk,OK,Verified ✓,-1.73,4.89,4.53,1.36,6.05,5.05
LIC MF Nifty 8-13 yr G-Sec ETF,INF767K01MV5,133307,LIC MF Nifty 8-13 yr G-Sec ETF,1,Regular,Gilt,29111,6.72,6.91,8.92,GOI/Cash,5,2,2,10,19,Moderately High Risk,OK,Verified ✓,-1.76,4.72,4.05,1.36,6.05,5.05
Mirae Asset Nifty 8-13 yr G-Sec ETF,INF769K01GS9,148572,Mirae Asset Nifty 100 ESG Sector Leaders ETF,1,Regular,Gilt,43473,6.67,6.47,8.6,GOI/Cash,5,2,2,10,19,Moderately High Risk,OK,Verified ✓,-1.76,4.72,4.05,1.36,6.05,5.05
Motilal Oswal 5 Year G-Sec FoF Reg,INF247L01AR9,149241,Motilal Oswal 5 Year G-Sec Fund Of Fund Regular -Growth,MANUAL_VERIFIED,Regular,Gilt,41758,,,,--,1,1,1,1,4,High Risk,OK,Verified ✓,3.08,7.22,5.52,1.36,6.05,5.05
Motilal Oswal Nifty 5Y Benchmark G-Sec ETF,INF247L01AK4,148620,Motilal Oswal Nifty 5 year Benchmark G-sec ETF,1,Regular,Gilt,41212,6.24,3.86,4.41,GOI/Cash,3,4,4,10,21,Moderate Risk,OK,Verified ✓,3.51,7.39,N/A,1.36,6.05,N/A
Nippon India ETF Nifty 5Y Benchmark G-Sec,INF204KC1030,148800,Nippon India ETF Nifty 5 yr Benchmark G-Sec,1,Regular,Gilt,41391,6.32,3.85,4.35,GOI/Cash,3,4,4,10,21,Moderate Risk,OK,Verified ✓,5.81,7.1,N/A,1.36,6.05,N/A
Nippon India ETF Nifty 8-13 yr G-Sec LT Gilt,INF204KB1882,139496,Nippon India ETF Nifty 8-13 yr G-Sec Long Term Gilt,1,Regular,Gilt,32557,6.76,6.88,9.24,GOI/Cash,5,2,2,10,19,Moderately High Risk,OK,Verified ✓,5.45,7.29,5.94,1.36,6.05,5.05
Nippon India Gilt,INF204K01BX8,109717,Nippon India Gilt  Fund - Institutional Plan-Growth Plan -Growth Option,1,Regular,Gilt,1775,7.21,9.1,19.62,GOI/Cash,7,1,1,10,19,Moderately High Risk,OK,Verified ✓,5.76,7.58,6.18,1.36,6.05,5.05
Nippon India Gilt Inst,INF204K01BX8,109717,Nippon India Gilt  Fund - Institutional Plan-Growth Plan -Growth Option,1,Regular,Gilt,1773,7.21,9.1,19.62,GOI/Cash,7,1,1,10,19,Moderately High Risk,OK,Verified ✓,3.13,7.27,5.5,1.36,6.05,5.05
Nippon India Gilt PF,INF204K01BX8,109717,Nippon India Gilt  Fund - Institutional Plan-Growth Plan -Growth Option,1,Regular,Gilt,19468,7.21,9.1,19.62,GOI/Cash,7,1,1,10,19,Moderately High Risk,OK,Verified ✓,0.07,5.64,4.77,1.36,6.05,5.05
PGIM India Gilt Reg,INF663L01X54,151404,"PGIM India CRISIL IBX Gilt Index - Apr 2028 Fund - Regular Plan, Growth Option",1,Regular,Gilt,9603,7.07,8.28,17.61,GOI/Cash,7,1,1,10,19,Moderately High Risk,OK,Verified ✓,0.34,5.74,4.9,1.36,6.05,5.05
Quant Gilt Reg,INF966L01BI1,151230,quant Gilt Fund - Growth Option - Regular Plan,1,Regular,Gilt,42966,6.81,6.8,12.56,GOI/Cash,5,2,1,10,18,Moderately High Risk,OK,Verified ✓,0.07,5.64,4.78,1.36,6.05,5.05
SBI Gilt Reg,INF200K01AN9,101002,SBI CONSTANT MATURITY 10 Year GILT FUND - REGULAR PLAN - GROWTH,1,Regular,Gilt,901,6.6,5.37,13.82,GOI/Cash,5,2,1,10,18,Moderately High Risk,OK,Verified ✓,-0.23,5.55,4.69,1.36,6.05,5.05
SBI Magnum Gilt PF,INF200K01AK5,101932,SBI GILT FUND - GROWTH - PF (Regular) Option,MANUAL_VERIFIED,Regular,Gilt,1940,6.6,5.37,13.82,GOI/Cash,5,2,1,10,18,Moderately High Risk,OK,Verified ✓,0.93,5.17,N/A,1.36,6.05,N/A
SBI Magnum Gilt PF Fixed 1Y,NOT_IN_NAV,NOT_IN_NAV,SBI Gilt PF Fixed 1Y - Not found as distinct Growth entry,MANUAL_NOT_IN_NAV,Regular,Gilt,1943,6.6,5.37,13.82,GOI/Cash,5,2,1,10,18,Moderately High Risk,NOT_FOUND,Neither code NOT_IN_NAV nor ISIN NOT_IN_NAV confirmed in NAV,1.1,6.33,5.66,1.36,6.05,5.05
SBI Magnum Gilt PF Fixed 2Y,NOT_IN_NAV,NOT_IN_NAV,SBI Gilt PF Fixed 2Y - Not found as distinct Growth entry,MANUAL_NOT_IN_NAV,Regular,Gilt,1945,6.6,5.37,13.82,GOI/Cash,5,2,1,10,18,Moderately High Risk,NOT_FOUND,Neither code NOT_IN_NAV nor ISIN NOT_IN_NAV confirmed in NAV,1.13,6.34,5.67,1.36,6.05,5.05
SBI Magnum Gilt PF Fixed 3Y,INF200K01AH1,101934,SBI GILT FUND - GROWTH - PF (Fixed Period - 3 Yrs) Option,MANUAL_VERIFIED,Regular,Gilt,1946,6.6,5.37,13.82,GOI/Cash,5,2,1,10,18,Moderately High Risk,OK,Verified ✓,1.1,6.33,5.66,1.36,6.05,5.05
Tata GSF Reg,INF277K01519,101042,Tata Gilt Securities Fund -Regular Plan- Growth Option,MANUAL_VERIFIED,Regular,Gilt,652,7.78,10.8,26.94,GOI/Cash,8,1,1,10,20,Moderately High Risk,OK,Verified ✓,1.1,6.33,5.66,1.36,6.05,5.05
UTI Gilt Discontinued Provident,NOT_IN_NAV,NOT_IN_NAV,UTI Gilt Discontinued Provident Plan - Not in AMFI NAV,MANUAL_NOT_IN_NAV,Regular,Gilt,1865,6.71,6.95,15.21,GOI/Cash,5,2,1,10,18,Moderately High Risk,NOT_FOUND,Neither code NOT_IN_NAV nor ISIN NOT_IN_NAV confirmed in NAV,1.1,6.33,5.66,1.36,6.05,5.05
UTI Gilt Reg,INF204K01BX8,109717,Nippon India Gilt  Fund - Institutional Plan-Growth Plan -Growth Option,1,Regular,Gilt,1167,6.71,6.95,15.21,GOI/Cash,5,2,1,10,18,Moderately High Risk,OK,Verified ✓,0.03,5.47,4.79,1.36,6.05,5.05
UTI Nifty 5 yr Benchmark G-Sec ETF,INF789F1AZF3,152369,UTI Nifty 10 yr Benchmark G-Sec ETF,1,Regular,Gilt,44081,,,,--,1,1,1,1,4,High Risk,OK,Verified ✓,3.31,6.76,5.6,1.36,6.05,5.05
Union Gilt Reg,INF582M01ID0,150405,Union Gilt Fund - Regular Plan - Growth Option,1,Regular,Gilt,42323,7.27,11.53,31.97,GOI/Cash,7,1,1,10,19,Moderately High Risk,OK,Verified ✓,3.31,6.76,5.6,1.36,6.05,5.05
Zerodha Nifty 8-13 Yr G-Sec ETF,INF0R8F01133,153811,Zerodha Nifty 8-13 Yr G-Sec ETF,1,Regular,Gilt,45448,6.77,6.92,9.29,GOI/Cash,5,2,2,10,19,Moderately High Risk,OK,Verified ✓,5.54,N/A,N/A,1.36,N/A,N/A
ABSL CRISIL 10 Year Gilt ETF,INF209KC1142,152802,Aditya Birla Sun Life Crisil 10 Year Gilt ETF,1,Regular,Gilt with 10 year,44486,7.14,6.97,9.52,GOI/Cash,7,2,2,10,21,Moderate Risk,OK,Verified ✓,-2.05,4.83,N/A,1.36,6.05,N/A
Bandhan Gilt Fund with 10 year Constant Duration Reg,INF194K01FA0,108753,Bandhan Gilt Fund with 10 year constant duration Fund - Regular Plan - Growth,1,Regular,Gilt with 10 year,1243,6.75,6.69,9.17,GOI/Cash,5,2,2,10,19,Moderately High Risk,OK,Verified ✓,N/A,N/A,N/A,N/A,N/A,N/A
DSP 10Y G-Sec Reg,INF740K012I0,131297,DSP 10Y G-Sec Fund - Regular Plan - Growth,1,Regular,Gilt with 10 year,28171,6.77,7.06,9.56,GOI/Cash,5,2,2,10,19,Moderately High Risk,OK,Verified ✓,2.28,N/A,N/A,2.49,N/A,N/A
ICICI Pru Constant Maturity Gilt,INF109KA1N46,131051,ICICI Prudential Constant Maturity Gilt Fund - Growth,1,Regular,Gilt with 10 year,27952,6.87,7.2,10.17,GOI/Cash,5,2,2,10,19,Moderately High Risk,OK,Verified ✓,3.6,7.45,5.66,2.49,6.93,5.27
ICICI Pru Nifty 10 yr Benchmark G-Sec ETF,INF109KC18O0,151196,ICICI Prudential Nifty 10 yr Benchmark G-sec ETF,1,Regular,Gilt with 10 year,42946,6.77,7.07,9.58,GOI/Cash,5,2,2,10,19,Moderately High Risk,OK,Verified ✓,1.82,6.53,4.49,2.49,6.93,5.27
SBI Constant Maturity 10-Year Gilt Reg,INF200K01AN9,101002,SBI CONSTANT MATURITY 10 Year GILT FUND - REGULAR PLAN - GROWTH,1,Regular,Gilt with 10 year,899,6.81,7.13,9.76,GOI/Cash,5,2,2,10,19,Moderately High Risk,OK,Verified ✓,3.37,7.25,5.79,2.49,6.93,5.27
SBI Nifty 10Y Benchmark G-Sec ETF,INF200KA1JT1,139430,SBI Nifty 10 yr Benchmark G-Sec ETF,0.8,Regular,Gilt with 10 year,32486,6.78,7.09,9.61,GOI/Cash,5,2,2,10,19,Moderately High Risk,OK,Verified ✓,2.15,6.9,N/A,2.49,6.93,N/A
UTI Gilt Fund with 10 year Constant Duration Reg,INF789F1AVI6,150409,UTI Gilt Fund with 10 year Constant Duration - Regular Plan - Growth Option,1,Regular,Gilt with 10 year,42369,6.78,6.84,9.27,GOI/Cash,5,2,2,10,19,Moderately High Risk,OK,Verified ✓,2.57,6.82,5.54,2.49,6.93,5.27
UTI Nifty 10 yr Benchmark G-Sec ETF,INF789F1AZF3,152369,UTI Nifty 10 yr Benchmark G-Sec ETF,1,Regular,Gilt with 10 year,44082,,,,--,1,1,1,1,4,High Risk,OK,Verified ✓,2.24,6.92,4.85,2.49,6.93,5.27
360 ONE Liquid Reg,INF579M01506,125259,360 ONE LIQUID FUND REGULAR PLAN  GROWTH,1,Regular,Liquid,22351,6.08,0.1,0.1,AAA,3,10,10,9,32,Low Risk,OK,Verified ✓,2.44,6.66,N/A,2.49,6.93,N/A
ABSL Liquid Inst,INF209K01RT1,100043,Aditya Birla Sun Life Liquid Fund-Institutional (Growth),1,Regular,Liquid,1685,7.73,0.18,0.18,AAA,8,10,10,9,37,Very Low Risk,OK,Verified ✓,1.98,N/A,N/A,2.49,N/A,N/A
ABSL Liquid Reg,INF209K01RU9,100047,Aditya Birla Sun Life Liquid Fund - Growth,1,Regular,Liquid,2174,7.73,0.18,0.18,AAA,8,10,10,9,37,Very Low Risk,OK,Verified ✓,6.06,6.77,5.82,5.85,6.74,5.83
ABSL Liquid Ret,INF209K01RU9,100047,Aditya Birla Sun Life Liquid Fund - Growth,1,Regular,Liquid,422,7.73,0.18,0.18,AAA,8,10,10,9,37,Very Low Risk,OK,Verified ✓,6.26,6.93,5.99,5.85,6.74,5.83
Abakkus Liquid Reg,INF2JJD01078,154047,Abakkus Liquid Fund - Regular Plan - Growth,1,Regular,Liquid,45685,5.73,0.08,0.08,AAA,1,10,10,9,30,Low Risk,OK,Verified ✓,6.26,6.93,5.99,5.85,6.74,5.83
Angel One Nifty 1D Rate Liquid ETF-Growth,INF1J2R01056,153451,ANGEL ONE NIFTY 1D RATE LIQUID ETF - GROWTH,1,Regular,Liquid,45082,5.07,0,0,Cash,1,10,10,10,31,Low Risk,OK,Verified ✓,6.26,6.93,5.99,5.85,6.74,5.83
Axis Liquid Reg,INF846K01412,112210,Axis Liquid Fund - Regular Plan - Growth Option,1,Regular,Liquid,10734,6.36,0.12,0.12,AAA,3,10,10,9,32,Low Risk,OK,Verified ✓,N/A,N/A,N/A,N/A,N/A,N/A
Axis Liquid Ret,INF846K01412,112210,Axis Liquid Fund - Regular Plan - Growth Option,1,Regular,Liquid,10980,6.36,0.12,0.12,AAA,3,10,10,9,32,Low Risk,OK,Verified ✓,5.16,N/A,N/A,5.85,N/A,N/A
Bajaj Finserv Liquid Reg,INF0QA701094,151837,Bajaj Finserv Liquid Fund - Regular Plan - Growth,1,Regular,Liquid,43588,6.09,0.12,0.12,AAA,3,10,10,9,32,Low Risk,OK,Verified ✓,6.3,6.97,6.02,5.85,6.74,5.83
Bajaj Finserv Nifty 1D Rate Liquid ETF-Growth,INF0QA701854,152638,Bajaj Finserv Nifty 1D Rate Liquid ETF,0.8,Regular,Liquid,44331,,,,--,1,1,1,1,4,High Risk,OK,Verified ✓,5.78,6.44,5.5,5.85,6.74,5.83
Bandhan Liquid Reg,INF194K01VX9,108690,BANDHAN LIQUID Fund - Regular Plan - Growth,1,Regular,Liquid,2198,6.01,0.1,0.1,AAA,3,10,10,9,32,Low Risk,OK,Verified ✓,6.13,N/A,N/A,5.85,N/A,N/A
Bank of India Liquid Reg,INF761K01306,109254,BANK OF INDIA Liquid Fund- Regular Plan- Growth,1,Regular,Liquid,8383,6.34,0.13,0.13,AAA,3,10,10,9,32,Low Risk,OK,Verified ✓,5.05,N/A,N/A,5.85,N/A,N/A
Baroda BNP Paribas Liquid,INF955L01484,111704,Baroda BNP Paribas LIQUID FUND - Regular Plan - GROWTH OPTION,1,Regular,Liquid,10235,6.25,0.11,0.11,AAA,3,10,10,9,32,Low Risk,OK,Verified ✓,6.17,6.87,5.94,5.85,6.74,5.83
Baroda BNP Paribas Liquid Reg,INF955L01484,111704,Baroda BNP Paribas LIQUID FUND - Regular Plan - GROWTH OPTION,1,Regular,Liquid,1234,6.25,0.11,0.11,AAA,3,10,10,9,32,Low Risk,OK,Verified ✓,6.31,7,6.04,5.85,6.74,5.83
Canara Robeco Liquid Reg,INF760K01CW9,109353,CANARA ROBECO LIQUID FUND - REGULAR PLAN - GROWTH OPTION,1,Regular,Liquid,8325,6.05,0.09,0.09,AAA,3,10,10,9,32,Low Risk,OK,Verified ✓,6.17,6.87,5.97,5.85,6.74,5.83
Canara Robeco Liquid Unclaimed,INF760K01IC8,139235,Canara Robeco Liquid Fund - Unclaimed Redemption and Dividend Plan - Direct Growth Option,MANUAL_VERIFIED,Regular,Liquid,32305,6.05,0.09,0.09,AAA,3,10,10,9,32,Low Risk,OK,Verified ✓,6.17,6.88,5.98,5.85,6.74,5.83
Capitalmind Liquid Reg,INF226401042,154010,Capitalmind Liquid Fund - Regular-Growth,1,Regular,Liquid,45637,6.26,0.12,0.12,AAA,3,10,10,9,32,Low Risk,OK,Verified ✓,6.26,6.95,6,5.85,6.74,5.83
DSP BSE Liquid Rate ETF,INF740KA1UM0,152555,DSP BSE Liquid Rate ETF,1,Regular,Liquid,44244,,,,--,1,1,1,1,4,High Risk,OK,Verified ✓,N/A,N/A,N/A,N/A,N/A,N/A
DSP Liquidity Reg,INF740K01FK9,103347,DSP Liquidity Fund - Regular Plan - Growth,1,Regular,Liquid,3039,6.44,0.13,0.13,AAA,3,10,10,9,32,Low Risk,OK,Verified ✓,N/A,N/A,N/A,N/A,N/A,N/A
DSP NIFTY 1D Rate Liquid ETF,,142589,DSP NIFTY 1D Rate Liquid ETF,NAV-verified,Regular,Liquid,35400,4.93,0.08,0.01,Cash,1,10,10,10,31,Low Risk,FIXED,ISIN was missing → filled from NAV,5.12,N/A,N/A,5.85,N/A,N/A
Edelweiss Liquid Reg,INF754K01GZ6,140182,Edelweiss Liquid Fund - Regular Plan - Growth Option,1,Regular,Liquid,5902,6.04,0.1,0.1,AAA,3,10,10,9,32,Low Risk,OK,Verified ✓,6.28,6.94,5.98,5.85,6.74,5.83
Edelweiss Liquid Retail,INF754K01HE9,140176,Edelweiss Liquid Fund - Retail Plan - Growth Option,1,Regular,Liquid,9276,6.04,0.1,0.1,AAA,3,10,10,9,32,Low Risk,OK,Verified ✓,4.81,5.85,5.03,5.85,6.74,5.83
Edelweiss Nifty 1D Rate Liquid ETF-Growth,INF754K01VW2,153920,Edelweiss Nifty 1D Rate Liquid ETF - Growth,1,Regular,Liquid,45545,4.93,0.01,0.01,Cash,1,10,10,10,31,Low Risk,OK,Verified ✓,6.29,6.9,5.91,5.85,6.74,5.83
Franklin Inda Liquid Reg,NOT_IN_NAV,NOT_IN_NAV,Likely typo/duplicate - Franklin India Liquid Reg,MANUAL_NOT_IN_NAV,Regular,Liquid,522,6.3,0.16,0.16,AAA,3,10,10,9,32,Low Risk,NOT_FOUND,Neither code NOT_IN_NAV nor ISIN NOT_IN_NAV confirmed in NAV,6.29,6.9,5.91,5.85,6.74,5.83
Franklin India Liquid Inst,INF090I01BD7,102441,Franklin India Liquid Fund - Institution-Growth,1,Regular,Liquid,2276,6.3,0.16,0.16,AAA,3,10,10,9,32,Low Risk,OK,Verified ✓,N/A,N/A,N/A,N/A,N/A,N/A
Franklin India Liquid SIP,NOT_IN_NAV,NOT_IN_NAV,Franklin India Liquid SIP - Not found as distinct NAV entry,MANUAL_NOT_IN_NAV,Regular,Liquid,2869,6.3,0.16,0.16,AAA,3,10,10,9,32,Low Risk,NOT_FOUND,Neither code NOT_IN_NAV nor ISIN NOT_IN_NAV confirmed in NAV,5.58,6.25,5.3,5.85,6.74,5.83
Franklin India Liquid Unclaimed,INF090I01LR6,139892,Franklin India Liquid Fund - Unclaimed IDCW Investor Education Plan - Growth,1,Regular,Liquid,32949,6.3,0.16,0.16,AAA,3,10,10,9,32,Low Risk,OK,Verified ✓,5.87,6.54,5.58,5.85,6.74,5.83
Groww Liquid Reg,INF666M01014,115991,Groww Liquid Fund (formerly known as Indiabulls Liquid Fund) - Regular Plan - Growth Option,1,Regular,Liquid,13490,7.48,0.17,0.17,AAA,7,10,10,9,36,Very Low Risk,OK,Verified ✓,6.28,6.96,6,5.85,6.74,5.83
Groww Nifty 1D Rate Liquid ETF,INF666M01IP5,152891,Groww Nifty 1D Rate Liquid ETF,1,Regular,Liquid,44564,6.35,0.01,0.01,Cash,3,10,10,10,33,Low Risk,OK,Verified ✓,N/A,N/A,N/A,N/A,N/A,N/A
HDFC Liquid Reg,INF179KB1HK0,100868,HDFC Liquid Fund - Growth Plan,1,Regular,Liquid,887,6.44,0.14,0.14,AAA,3,10,10,9,32,Low Risk,OK,Verified ✓,6.24,6.9,5.84,5.85,6.74,5.83
HDFC NIFTY 1D RATE LIQUID ETF-Growth,INF179KC1JG3,153403,HDFC NIFTY 1D RATE LIQUID ETF GROWTH,1,Regular,Liquid,43738,4.93,0.01,0.01,Cash,1,10,10,10,31,Low Risk,OK,Verified ✓,4.93,N/A,N/A,5.85,N/A,N/A
HSBC Liquid,INF336L01BL1,118907,HSBC Liquid Fund - Growth,1,Regular,Liquid,1487,6.18,0.12,0.12,AAA,3,10,10,9,32,Low Risk,OK,Verified ✓,6.24,6.91,5.95,5.85,6.74,5.83
HSBC Liquid Inst,,118909,HSBC Liquid Fund - Institutional Daily IDCW,NAV-verified,Regular,Liquid,1845,6.18,0.12,0.12,AAA,3,10,10,9,32,Low Risk,FIXED,ISIN was missing → filled from NAV,4.92,N/A,N/A,5.85,N/A,N/A
HSBC Liquid Reg,INF336L01BL1,118907,HSBC Liquid Fund - Growth,1,Regular,Liquid,2251,6.18,0.12,0.12,AAA,3,10,10,9,32,Low Risk,OK,Verified ✓,6.24,6.92,5.71,5.85,6.74,5.83
ICICI Pru BSE Liquid Rate ETF-Growth,INF109K1A021,153378,ICICI Prudential BSE Liquid Rate ETF - Growth,1,Regular,Liquid,45036,4.93,0,0.01,Cash,1,10,10,10,31,Low Risk,OK,Verified ✓,6.09,6.87,5.9,5.85,6.74,5.83
ICICI Pru BSE Liquid Rate ETF-IDCW,INF109KC1KT9,144947,ICICI Prudential BSE Liquid Rate ETF - IDCW,1,Regular,Liquid,37659,4.93,0,0.01,Cash,1,10,10,10,31,Low Risk,OK,Verified ✓,6.24,6.92,5.97,5.85,6.74,5.83
ICICI Pru Liquid,INF109K1A021,153378,ICICI Prudential BSE Liquid Rate ETF - Growth,1,Regular,Liquid,3026,6.49,0.13,0.14,AAA,3,10,10,9,32,Low Risk,OK,Verified ✓,5.18,N/A,N/A,5.85,N/A,N/A
ITI Liquid Reg,INF00XX01192,147153,ITI Liquid Fund - Regular Plan - Growth Option,1,Regular,Liquid,39833,5.48,0.05,0.05,AAA,1,10,10,9,30,Low Risk,OK,Verified ✓,5.15,6,5.25,5.85,6.74,5.83
Invesco India Liquid Reg,INF205K01HM5,104486,Invesco India Liquid Fund - Growth,1,Regular,Liquid,3892,6.12,0.11,0.11,AAA,3,10,10,9,32,Low Risk,OK,Verified ✓,6.2,6.9,5.95,5.85,6.74,5.83
Invesco India Liquid Ret,INF205K01HM5,104486,Invesco India Liquid Fund - Growth,1,Regular,Liquid,3886,6.12,0.11,0.11,AAA,3,10,10,9,32,Low Risk,OK,Verified ✓,6.09,6.64,5.7,5.85,6.74,5.83
Invesco India Liquid Uncl,NOT_IN_NAV,NOT_IN_NAV,Invesco Liquid Unclaimed - No Growth ISIN (IDCW only),MANUAL_NOT_IN_NAV,Regular,Liquid,32460,6.12,0.11,0.11,AAA,3,10,10,9,32,Low Risk,NOT_FOUND,Neither code NOT_IN_NAV nor ISIN NOT_IN_NAV confirmed in NAV,6.25,6.93,5.98,5.85,6.74,5.83
JM Liquid Reg,INF192K01981,100247,JM Liquid Fund (Regular) - Super Institutional Plan - Growth Option,1,Regular,Liquid,489,6.07,0,0,AAA,3,10,10,9,32,Low Risk,OK,Verified ✓,5.69,6.37,5.42,5.85,6.74,5.83
JM Liquid Super Inst,INF192K01981,100247,JM Liquid Fund (Regular) - Super Institutional Plan - Growth Option,1,Regular,Liquid,2231,6.07,0,0,AAA,3,10,10,9,32,Low Risk,OK,Verified ✓,N/A,N/A,N/A,N/A,N/A,N/A
Kotak Liquid Reg,INF174K01NI9,100835,Kotak Liquid Fund - Regular Plan - Growth,1,Regular,Liquid,1910,6.34,0.14,0.14,AAA,3,10,10,9,32,Low Risk,OK,Verified ✓,6.14,6.84,5.92,5.85,6.74,5.83
Kotak Nifty 1D Rate Liquid ETF,INF174KA1LV5,151358,Kotak Nifty 1D Rate Liquid ETF,1,Regular,Liquid,43078,4.93,0.01,0.01,Cash,1,10,10,10,31,Low Risk,OK,Verified ✓,6.16,6.84,5.92,5.85,6.74,5.83
LIC MF Liquid Reg,INF767K01IS9,101185,LIC MF Liquid Fund-Regular Plan-Growth,1,Regular,Liquid,1259,6.25,0.13,0.13,AAA,3,10,10,9,32,Low Risk,OK,Verified ✓,6.22,6.89,5.93,5.85,6.74,5.83
Mahindra Manulife Liquid Reg,INF174V01010,139537,Mahindra Manulife Liquid Fund - Regular Plan - Growth,1,Regular,Liquid,32621,7.58,0.16,0.16,AAA,8,10,10,9,37,Very Low Risk,OK,Verified ✓,5.24,6.08,N/A,5.85,6.74,N/A
Mirae Asset Liquid Reg,INF769K01788,111646,Mirae Asset Liquid Fund - Regular Plan - Growth,1,Regular,Liquid,10158,6.35,0.13,0.13,AAA,3,10,10,9,32,Low Risk,OK,Verified ✓,6.22,6.89,5.94,5.85,6.74,5.83
Mirae Asset Nifty 1D Rate Liquid ETF-Growth,INF769K01MY5,153045,Mirae Asset Nifty 1D Rate Liquid ETF - Growth,1,Regular,Liquid,44705,4.92,0.01,0.01,Cash,1,10,10,10,31,Low Risk,OK,Verified ✓,6.26,6.94,6,5.85,6.74,5.83
Mirae Asset Nifty 1D Rate Liquid ETF-IDCW,,151908,Mirae Asset Nifty 1D Rate Liquid ETF-IDCW,NAV-verified,Regular,Liquid,43679,4.92,0.01,0.01,Cash,1,10,10,10,31,Low Risk,FIXED,ISIN was missing → filled from NAV,6.22,6.91,5.97,5.85,6.74,5.83
Motilal Oswal Liquid Reg,INF247L01726,145946,Motilal Oswal Liquid Fund - Regular Growth,1,Regular,Liquid,38514,6.28,0.12,0.13,AAA,3,10,10,9,32,Low Risk,OK,Verified ✓,5.22,N/A,N/A,5.85,N/A,N/A
Motilal Oswal Liquid Uncl,NOT_IN_NAV,NOT_IN_NAV,MO Liquid Unclaimed - No Growth ISIN (IDCW only),MANUAL_NOT_IN_NAV,Regular,Liquid,40050,6.28,0.12,0.13,AAA,3,10,10,9,32,Low Risk,NOT_FOUND,Neither code NOT_IN_NAV nor ISIN NOT_IN_NAV confirmed in NAV,5.1,N/A,N/A,5.85,N/A,N/A
Navi Liquid Reg,INF959L01GL9,112636,Navi Liquid Fund-Regular Plan-Growth Option,1,Regular,Liquid,10918,5.81,0.1,0.1,AAA,1,10,10,9,30,Low Risk,OK,Verified ✓,5.8,6.46,5.54,5.85,6.74,5.83
Navi Liquid Unclaimed,INF959L01CN4,139386,Navi Liquid Fund - Unclaimed Redemption and Dividend Plan less than 3 years,MANUAL_VERIFIED,Regular,Liquid,33272,5.81,0.1,0.1,AAA,1,10,10,9,30,Low Risk,OK,Verified ✓,N/A,N/A,N/A,N/A,N/A,N/A
Nippon India ETF Nifty 1D Rate Liquid BeES,INF732E01037,140086,Nippon India ETF Nifty 1D Rate Liquid BeES - DAILY IDCW Option,1,Regular,Liquid,1787,4.94,0.01,0.01,CASH,1,10,10,10,31,Low Risk,OK,Verified ✓,5.79,6.52,5.8,5.85,6.74,5.83
Nippon India Liquid Reg,INF204K01UL3,100837,Nippon India Liquid Fund - Retail Option - Growth Plan,1,Regular,Liquid,1972,6.66,0.16,0.15,AAA,5,10,10,9,34,Low Risk,OK,Verified ✓,N/A,N/A,N/A,N/A,N/A,N/A
Nippon India Liquid Ret,INF204K01UL3,100837,Nippon India Liquid Fund - Retail Option - Growth Plan,1,Regular,Liquid,519,6.66,0.16,0.15,AAA,5,10,10,9,34,Low Risk,OK,Verified ✓,4.65,5.42,4.71,5.85,6.74,5.83
Nippon India Nifty 1D Rate Liquid ETF-Growth,INF204KC1FU1,153725,Nippon India Nifty 1D Rate Liquid ETF-Growth,1,Regular,Liquid,45364,4.94,0.01,0.01,CASH,1,10,10,10,31,Low Risk,OK,Verified ✓,6.24,6.9,5.95,5.85,6.74,5.83
PGIM India Liquid,INF223J01BP6,138288,PGIM India Liquid Fund - Growth,1,Regular,Liquid,5801,6.43,0.1,0.1,AAA,3,10,10,9,32,Low Risk,OK,Verified ✓,6.14,6.46,5.42,5.85,6.74,5.83
Parag Parikh Liquid Reg,INF879O01035,143260,Parag Parikh Liquid Fund- Regular Plan- Growth,1,Regular,Liquid,36009,5.92,0.1,0.1,AAA,1,10,10,9,30,Low Risk,OK,Verified ✓,N/A,N/A,N/A,N/A,N/A,N/A
Quant Liquid Reg,INF966L01317,103225,quant Liquid Fund - Growth Option - Regular Plan,1,Regular,Liquid,2939,6.41,0.11,0.11,AAA,3,10,10,9,32,Low Risk,OK,Verified ✓,6.25,6.92,5.97,5.85,6.74,5.83
Quantum Liquid Fund Uncl,NOT_IN_NAV,NOT_IN_NAV,Quantum Liquid Unclaimed - No Growth ISIN (IDCW only),MANUAL_NOT_IN_NAV,Regular,Liquid,44010,5.86,0.12,0.12,AAA,1,10,10,9,30,Low Risk,NOT_FOUND,Neither code NOT_IN_NAV nor ISIN NOT_IN_NAV confirmed in NAV,6.14,6.63,5.68,5.85,6.74,5.83
Quantum Liquid Reg,INF082J01309,141066,Quantum Liquid Fund - Regular Plan Growth Option,1,Regular,Liquid,33965,5.86,0.12,0.12,AAA,1,10,10,9,30,Low Risk,OK,Verified ✓,5.87,6.61,5.83,5.85,6.74,5.83
SBI Liquid Inst,INF200K01LU1,105274,SBI Liquid Fund - Institutional - Growth,1,Regular,Liquid,1922,6.18,0.11,0.11,AAA,3,10,10,9,32,Low Risk,OK,Verified ✓,N/A,N/A,N/A,N/A,N/A,N/A
SBI Liquid Reg,INF200K01LU1,105274,SBI Liquid Fund - Institutional - Growth,1,Regular,Liquid,4664,6.18,0.11,0.11,AAA,3,10,10,9,32,Low Risk,OK,Verified ✓,5.78,6.55,5.66,5.85,6.74,5.83
SBI NIFTY 1D Rate Liquid ETF-Growth,INF200KB1969,153796,SBI Nifty 1D Rate Liquid ETF - Growth,1,Regular,Liquid,45433,,,,--,1,1,1,1,4,High Risk,OK,Verified ✓,6.2,6.86,5.92,5.85,6.74,5.83
SBI Nifty 1D Rate Liquid ETF-IDCW,,152168,SBI NIFTY 1D Rate Liquid ETF - IDCW,NAV-verified,Regular,Liquid,43870,,,,--,1,1,1,1,4,High Risk,FIXED,ISIN was missing → filled from NAV,6.2,6.85,5.92,5.85,6.74,5.83
Shriram Liquid Reg,INF680P01448,153036,Shriram Liquid Fund - Regular Plan Growth Option,1,Regular,Liquid,44699,5.55,0.05,0.05,AAA,1,10,10,9,30,Low Risk,OK,Verified ✓,N/A,N/A,N/A,N/A,N/A,N/A
Shriram Nifty 1D Rate Liquid ETF,INF680P01422,152741,Shriram Nifty 1D Rate Liquid ETF - Growth,1,Regular,Liquid,44414,4.91,0.01,0.01,Cash,1,10,10,10,31,Low Risk,OK,Verified ✓,4.95,N/A,N/A,5.85,N/A,N/A
Sundaram Liquid Reg,INF173K01DA9,149661,Sundaram Liquid Fund (Formerly Known as Principal Cash Management Fund) -Growth Option,1,Regular,Liquid,2431,6.07,0.1,0.1,AAA,3,10,10,9,32,Low Risk,OK,Verified ✓,5.98,N/A,N/A,5.85,N/A,N/A
TRUSTMF Liquid Reg,INF0GCD01198,148833,TRUSTMF Liquid Fund-Regular Plan-Growth,1,Regular,Liquid,41409,5.85,0.11,0.11,AAA,1,10,10,9,30,Low Risk,OK,Verified ✓,4.98,N/A,N/A,5.85,N/A,N/A
Tata Liquid Reg,INF277K01YD8,102672,Tata Liquid Fund -Regular Plan - Growth Option,1,Regular,Liquid,2442,7.58,0.16,0.16,AAA,8,10,10,9,37,Very Low Risk,OK,Verified ✓,6.12,6.85,5.94,5.85,6.74,5.83
The Wealth Company Liquid Reg,INF2F0001149,153888,THE WEALTH COMPANY LIQUID FUND REGULAR GROWTH,1,Regular,Liquid,45505,6.16,0.11,0.11,AAA,3,10,10,9,32,Low Risk,OK,Verified ✓,6.14,6.81,N/A,5.85,6.74,N/A
UTI Liquid Discontinued Reg,INF789F01BB4,102009,UTI-  Liquid Cash Plan- Discontinued - Regular Plan -Growth,1,Regular,Liquid,1761,6.03,0.09,0.09,AAA,3,10,10,9,32,Low Risk,OK,Verified ✓,6.25,6.91,5.95,5.85,6.74,5.83
UTI Liquid Reg,INF209K01RT1,100043,Aditya Birla Sun Life Liquid Fund-Institutional (Growth),1,Regular,Liquid,1968,6.03,0.09,0.09,AAA,3,10,10,9,32,Low Risk,OK,Verified ✓,N/A,N/A,N/A,N/A,N/A,N/A
Unifi Liquid Reg,INF1MIY01064,153571,Unifi Liquid Fund- Regular Growth,1,Regular,Liquid,45228,6.37,0.1,0.1,AAA,3,10,10,9,32,Low Risk,OK,Verified ✓,6.28,6.65,5.59,5.85,6.74,5.83
Union Liquid Reg,INF582M01013,115398,Union Liquid Fund - Growth Option,1,Regular,Liquid,12929,6.15,0.11,0.11,AAA,3,10,10,9,32,Low Risk,OK,Verified ✓,6.28,6.93,5.99,5.85,6.74,5.83
WhiteOak Capital Liquid Reg,INF03VN01126,145968,WhiteOak Capital Liquid Fund- Regular plan-Growth Option,1,Regular,Liquid,38641,6.27,0.14,0.14,AAA,3,10,10,9,32,Low Risk,OK,Verified ✓,N/A,N/A,N/A,N/A,N/A,N/A
Zerodha Nifty 1D Rate Liquid ETF,INF0R8F01034,152327,Zerodha Nifty 1D Rate Liquid ETF - Growth Option,1,Regular,Liquid,44050,4.96,0.01,0.01,Cash,1,10,10,10,31,Low Risk,OK,Verified ✓,6.25,6.94,5.99,5.85,6.74,5.83
ABSL Long Duration Reg,INF209KB14J9,150482,Aditya Birla Sun Life Long Duration Fund-Regular Growth,1,Regular,Long Duration,42336,7.77,8.92,22.57,AAA,8,1,1,9,19,Moderately High Risk,OK,Verified ✓,6.13,6.81,5.76,5.85,6.74,5.83
Axis Long Duration Reg,INF846K015L0,151178,Axis Long Duration Fund - Regular Plan - Growth,1,Regular,Long Duration,42910,7.29,11.27,30.06,GOI/Cash,7,1,1,10,19,Moderately High Risk,OK,Verified ✓,5.15,N/A,N/A,6.26,N/A,N/A
Bandhan Long Duration Reg,INF194KB1HV8,152518,Bandhan Long Duration Fund - Regular Plan - Growth,1,Regular,Long Duration,44182,6.71,8.24,18.38,GOI/Cash,5,1,1,10,17,Moderately High Risk,OK,Verified ✓,0.44,6.29,N/A,-0.83,5.87,N/A
Franklin India Long Duration Fund Reg,INF090I01XV3,153104,Franklin India Long Duration Fund - Growth,1,Regular,Long Duration,44762,7.35,9.56,25.32,AAA,7,1,1,9,18,Moderately High Risk,OK,Verified ✓,-1.34,5.64,N/A,-0.83,5.87,N/A
HDFC Long Duration Debt Reg,INF179KC1EW1,151314,HDFC Long Duration Debt Fund - Growth Option,1,Regular,Long Duration,43048,7.41,11.72,28.88,AAA,7,1,1,9,18,Moderately High Risk,OK,Verified ✓,-0.47,N/A,N/A,-0.83,N/A,N/A
ICICI Pru Long Term Bond,INF109K01365,100365,ICICI Prudential Long Term Bond Fund - Growth,1,Regular,Long Duration,537,7.57,11.52,29.17,AAA,8,1,1,9,19,Moderately High Risk,OK,Verified ✓,0.69,N/A,N/A,-0.83,N/A,N/A
Kotak Long Duration Reg,INF174KA1RC2,152489,Kotak Long Duration Fund - Regular Plan - Growth,1,Regular,Long Duration,44190,7.49,11.99,18.25,AAA,7,1,1,9,18,Moderately High Risk,OK,Verified ✓,-1.52,5.73,N/A,-0.83,5.87,N/A
Mirae Asset Long Duration Reg,INF769K01MZ2,153107,Mirae Asset Long Duration Fund - Regular Plan - Growth,1,Regular,Long Duration,44750,7.13,10.61,26.47,AAA,7,1,1,9,18,Moderately High Risk,OK,Verified ✓,0.19,6.23,4.7,-0.83,5.87,4.85
Nippon India Nivesh Lakshya Long Duration Reg,INF204KB1ZB0,143702,Nippon India Nivesh Lakshya Long Duration Fund- Growth Option,1,Regular,Long Duration,36516,7.4,10.93,22.05,AAA,7,1,1,9,18,Moderately High Risk,OK,Verified ✓,-1.87,N/A,N/A,-0.83,N/A,N/A
SBI Long Duration Reg,INF200KA13T1,151212,SBI Long Duration Fund - Regular Plan - Growth,1,Regular,Long Duration,42948,7.38,12.26,38.03,GOI/Cash,7,1,1,10,19,Moderately High Risk,OK,Verified ✓,-1.64,N/A,N/A,-0.83,N/A,N/A
UTI Long Duration Reg,INF789F1AXS1,151527,UTI Long Duration Fund - Regular Plan - Growth Option,1,Regular,Long Duration,43274,6.98,10.1,29.33,GOI/Cash,5,1,1,10,17,Moderately High Risk,OK,Verified ✓,-0.68,6.04,4.99,-0.83,5.87,4.85
ABSL CRISIL-IBX Fin Srvices 9-12 Months Debt Index Reg,INF209KC1472,153177,Aditya Birla Sun Life Crisil-IBX Financial Services 3 to 6 Months Debt Index Fund-Regular Growth,0.8571428571,Regular,Low Duration,45077,7.39,0.91,0.91,AAA,7,9,9,9,34,Low Risk,OK,Verified ✓,-0.47,6.11,N/A,-0.83,5.87,N/A
ABSL Low Duration Inst,INF209K01KE8,103195,Aditya Birla Sun Life Low Duration Fund - Institutional Plan - Growth,1,Regular,Low Duration,1678,7.03,0.98,1.05,AAA,7,9,8,9,33,Low Risk,OK,Verified ✓,-2.5,5.05,N/A,-0.83,5.87,N/A
ABSL Low Duration Reg,INF209K01LQ0,103192,Aditya Birla Sun Life Low Duration Fund - Growth Plan,1,Regular,Low Duration,526,7.03,0.98,1.05,AAA,7,9,8,9,33,Low Risk,OK,Verified ✓,6.51,N/A,N/A,6.25,N/A,N/A
Axis Treasury Advantage Reg,INF846K01537,112214,Axis Treasury Advantage Fund - Regular Plan - Growth Option,1,Regular,Low Duration,10738,6.9,0.86,0.95,AAA,5,9,9,9,32,Low Risk,OK,Verified ✓,5.92,6.71,5.8,6.25,6.96,6.03
Axis Treasury Advantage Ret,INF846K01537,112214,Axis Treasury Advantage Fund - Regular Plan - Growth Option,1,Regular,Low Duration,10988,6.9,0.86,0.95,AAA,5,9,9,9,32,Low Risk,OK,Verified ✓,5.92,6.71,5.79,6.25,6.96,6.03
Bajaj Finserv Low Duration Reg,INF0QA701CC3,154203,Bajaj Finserv Low Duration Fund - Regular - Growth,1,Regular,Low Duration,45822,5.88,0.4,0.41,AAA,1,10,10,9,30,Low Risk,OK,Verified ✓,6.5,7.21,6.16,6.25,6.96,6.03
Bandhan Low Duration Reg,INF194K01FU8,108632,BANDHAN Low Duration Fund - Regular Plan - Growth,1,Regular,Low Duration,3128,6.72,0.84,1,AAA,5,9,9,9,32,Low Risk,OK,Verified ✓,6.5,7.21,6.16,6.25,6.96,6.03
Baroda BNP Paribas Low Duration,INF251K01DQ9,150165,BARODA BNP PARIBAS LOW DURATION FUND - Regular Plan - GROWTH OPTION,1,Regular,Low Duration,2979,7.17,1,1.08,AAA,7,9,8,9,33,Low Risk,OK,Verified ✓,N/A,N/A,N/A,N/A,N/A,N/A
Baroda BNP Paribas Low Duration Reg,INF251K01DQ9,150165,BARODA BNP PARIBAS LOW DURATION FUND - Regular Plan - GROWTH OPTION,1,Regular,Low Duration,2976,7.17,1,1.08,AAA,7,9,8,9,33,Low Risk,OK,Verified ✓,6.2,6.94,5.9,6.25,6.96,6.03
Baroda BNP Paribas Medium Duration-Seg Port 1,NOT_IN_NAV,NOT_IN_NAV,Not in AMFI NAV - Segregated Portfolio (wound up),MANUAL_NOT_IN_NAV,Regular,Low Duration,40953,,,,--,1,1,1,1,4,High Risk,NOT_FOUND,Neither code NOT_IN_NAV nor ISIN NOT_IN_NAV confirmed in NAV,5.98,6.68,5.63,6.25,6.96,6.03
Baroda BNP Paribas Medium Duration-Seg Port 1 Reg,NOT_IN_NAV,NOT_IN_NAV,Not in AMFI NAV - Segregated Portfolio (wound up),MANUAL_NOT_IN_NAV,Regular,Low Duration,40942,,,,--,1,1,1,1,4,High Risk,NOT_FOUND,Neither code NOT_IN_NAV nor ISIN NOT_IN_NAV confirmed in NAV,5.98,6.71,5.76,6.25,6.96,6.03
Canara Robeco Savings Reg,INF760K01795,102913,CANARA ROBECO SAVINGS FUND - REGULAR PLAN - GROWTH OPTION,1,Regular,Low Duration,2648,6.94,0.95,1.38,AAA,5,9,8,9,31,Low Risk,OK,Verified ✓,N/A,N/A,N/A,N/A,N/A,N/A
DSP Low Duration Reg,INF740K018P2,133926,DSP Low Duration Fund - Regular Plan - Growth,1,Regular,Low Duration,29611,6.93,0.99,1.16,AAA,5,9,8,9,31,Low Risk,OK,Verified ✓,N/A,N/A,N/A,N/A,N/A,N/A
Edelweiss Low Duration Reg,INF754K01UT0,153419,Edelweiss Low Duration Fund - Regular Plan Growth,1,Regular,Low Duration,45055,6.79,0.89,0.91,AAA,5,9,9,9,32,Low Risk,OK,Verified ✓,6.32,7.03,5.89,6.25,6.96,6.03
Franklin Ind Low Duration Seg Port 2 Reg,INF090I01UA3,147994,Franklin India Low Duration Fund- Segregated Portfolio 1- 8.25% Vodafone Idea Ltd-10JUL20-Growth Plan,1,Regular,Low Duration,40608,4.17,0.01,0.01,B,1,10,10,1,22,Moderate Risk,OK,Verified ✓,6.12,6.94,5.92,6.25,6.96,6.03
Franklin India Low Duration Reg,INF090I01BU1,113135,Franklin India Low Duration Fund - Growth Plan,1,Regular,Low Duration,45008,7.32,0.94,1.96,AAA,7,9,8,9,33,Low Risk,OK,Verified ✓,5.73,N/A,N/A,6.25,N/A,N/A
HDFC CRISIL-IBX Financial Services 9-12 Months Debt Index Reg,INF179KC1JJ7,153518,HDFC CRISIL-IBX Financial Services 3-6 Months Debt Index Fund - Regular Growth Plan,1,Regular,Low Duration,45933,,,,--,1,1,1,1,4,High Risk,OK,Verified ✓,N/A,N/A,N/A,N/A,N/A,N/A
HDFC Low Duration Reg,INF179K01442,102452,HDFC Low Duration  Fund - Growth,1,Regular,Low Duration,696,7.12,0.95,1.88,AAA,7,9,8,9,33,Low Risk,OK,Verified ✓,6.68,N/A,N/A,6.25,N/A,N/A
HSBC Low Duration Reg,INF677K01452,151114,HSBC Low Duration Fund - Regular Growth,1,Regular,Low Duration,11809,7.25,0.87,1.2,AAA,7,9,8,9,33,Low Risk,OK,Verified ✓,N/A,N/A,N/A,N/A,N/A,N/A
ICICI Pru Savings,INF109K01902,102330,ICICI Prudential Regular Savings Fund - Plan - Growth,1,Regular,Low Duration,1458,7.21,0.98,1.34,AAA,7,9,8,9,33,Low Risk,OK,Verified ✓,6.18,7.01,6,6.25,6.96,6.03
Invesco India Low Duration Reg,INF205K01HY0,104726,Invesco India Low Duration Fund - Growth,1,Regular,Low Duration,4166,6.63,0.8,0.82,AAA,5,9,9,9,32,Low Risk,OK,Verified ✓,7.6,7.55,6.2,6.25,6.96,6.03
Invesco India Low Duration Ret,INF205K01HY0,104726,Invesco India Low Duration Fund - Growth,1,Regular,Low Duration,4162,6.63,0.8,0.82,AAA,5,9,9,9,32,Low Risk,OK,Verified ✓,6.75,7.57,6.51,6.25,6.96,6.03
JM Low Duration Reg,INF192K01AY5,143607,JM Low Duration Fund (Regular) - Growth Option,1,Regular,Low Duration,3711,7.03,0.97,0.97,AAA,7,9,9,9,34,Low Risk,OK,Verified ✓,6.26,7.02,5.91,6.25,6.96,6.03
Kotak CRISIL-IBX Fin Srvices 9 To 12 Months Debt Index Reg,INF174KA1VN1,153375,Kotak CRISIL-IBX Financial Services 3-6 Months Debt Index Fund-Regular-Growth,0.8571428571,Regular,Low Duration,45501,6.79,0.37,0.37,AAA,5,10,10,9,34,Low Risk,OK,Verified ✓,5.59,6.35,5.26,6.25,6.96,6.03
Kotak Low Duration Reg,INF178L01202,133805,Kotak Low Duration Fund- Regular Plan-Growth Option,1,Regular,Low Duration,7017,7.26,0.91,1.2,AAA,7,9,8,9,33,Low Risk,OK,Verified ✓,6.14,6.86,5.78,6.25,6.96,6.03
LIC MF Low Duration Reg,INF767K01AO5,101830,LIC MF Low Duration Fund-Regular Plan-Growth,1,Regular,Low Duration,1745,6.51,0.72,0.73,AAA,5,9,9,9,32,Low Risk,OK,Verified ✓,N/A,N/A,N/A,N/A,N/A,N/A
Mahindra Manulife Low Duration Reg,INF174V01218,140620,Mahindra Manulife Low Duration Fund - Regular Plan - Growth,1,Regular,Low Duration,33496,7.68,0.87,0.91,AAA,8,9,9,9,35,Very Low Risk,OK,Verified ✓,6.03,6.81,5.8,6.25,6.96,6.03
Mirae Asset CRISIL-IBX Financial Services 9-12 Months Debt Index Reg,INF769K01OP9,153636,Mirae Asset CRISIL-IBX Financial Services 9-12 Months Debt Index Fund - Regular Plan - Growth,1,Regular,Low Duration,45251,7.34,0.47,0.47,AAA,7,10,10,9,36,Very Low Risk,OK,Verified ✓,5.96,6.66,5.63,6.25,6.96,6.03
Mirae Asset Low Duration Reg,INF769K01937,107705,Mirae Asset Low Duration Fund - Regular Plan - Growth,1,Regular,Low Duration,7136,6.94,1.01,1.06,AAA,5,8,8,9,30,Low Risk,OK,Verified ✓,6.01,6.75,5.64,6.25,6.96,6.03
Nippon India CRISIL-IBX Fin Srvices 9-12 Months Debt Index Reg,INF204KC1DJ9,152994,Nippon India CRISIL-IBX AAA Fin Services Dec 2026 - Regular Growth,MANUAL_VERIFIED,Regular,Low Duration,45879,,,,--,1,1,1,1,4,High Risk,OK,Verified ✓,N/A,N/A,N/A,N/A,N/A,N/A
Nippon India Low Duration Reg,INF204K01EN3,111748,Nippon India Low Duration Fund - Retail Plan - Growth Plan - Growth Option,1,Regular,Low Duration,4547,6.93,0.88,1.1,AAA,5,9,8,9,31,Low Risk,OK,Verified ✓,6.07,6.86,5.73,6.25,6.96,6.03
Nippon India Low Duration Ret,INF204K01EN3,111748,Nippon India Low Duration Fund - Retail Plan - Growth Plan - Growth Option,1,Regular,Low Duration,4541,6.93,0.88,1.1,AAA,5,9,8,9,31,Low Risk,OK,Verified ✓,N/A,N/A,N/A,N/A,N/A,N/A
PGIM India Money Market-Seg Port 1 Reg,,152122,PGIM India Money Market Fund - Segregated Portfolio 1 - Regular plan - Growth option,NAV-verified,Regular,Low Duration,43746,,,,--,1,1,1,1,4,High Risk,FIXED,ISIN was missing → filled from NAV,6.21,6.94,5.95,6.25,6.96,6.03
SBI Low Duration Reg,INF200K01MO2,106212,SBI LOW DURATION FUND - REGULAR PLAN - GROWTH,1,Regular,Low Duration,5493,6.42,0.64,0.75,AAA,3,9,9,9,30,Low Risk,OK,Verified ✓,6.42,6.89,5.89,6.25,6.96,6.03
SBI Magnum Low Duration Inst,NOT_IN_NAV,NOT_IN_NAV,SBI Magnum Low Duration Institutional - Not in AMFI NAV,MANUAL_NOT_IN_NAV,Regular,Low Duration,5498,6.42,0.64,0.75,AAA,3,9,9,9,30,Low Risk,NOT_FOUND,Neither code NOT_IN_NAV nor ISIN NOT_IN_NAV confirmed in NAV,N/A,N/A,N/A,N/A,N/A,N/A
Sundaram Low Duration Reg,INF173K01DG6,149519,Sundaram Low Duration Fund (Formerly Known as Principal Low Duration Fund)- Growth Option,1,Regular,Low Duration,2403,7.02,0.93,0.98,AAA,7,9,9,9,34,Low Risk,OK,Verified ✓,N/A,N/A,N/A,N/A,N/A,N/A
Tata Treasury Advantage Reg,INF277K01MA9,103159,Tata Treasury Advantage Fund - Regular Plan - Growth Option,1,Regular,Low Duration,2909,7.47,0.98,1.22,AAA,7,9,8,9,33,Low Risk,OK,Verified ✓,6.01,6.81,5.77,6.25,6.96,6.03
Tata Treasury Advtg Seg Port1 Reg,NOT_IN_NAV,NOT_IN_NAV,Not in AMFI NAV - Segregated Portfolio (wound up),MANUAL_NOT_IN_NAV,Regular,Low Duration,40084,,,,--,1,1,1,1,4,High Risk,NOT_FOUND,Neither code NOT_IN_NAV nor ISIN NOT_IN_NAV confirmed in NAV,6.01,6.81,5.77,6.25,6.96,6.03
UTI Low Duration Discontinued,INF789F01331,102540,UTI Low Duration Fund - Discontinued Growth Option,1,Regular,Low Duration,625,6.85,0.8,0.94,AAA,5,9,9,9,32,Low Risk,OK,Verified ✓,5.74,6.61,7.19,6.25,6.96,6.03
UTI Low Duration Reg,INF209K01KE8,103195,Aditya Birla Sun Life Low Duration Fund - Institutional Plan - Growth,1,Regular,Low Duration,1578,6.85,0.8,0.94,AAA,5,9,9,9,32,Low Risk,OK,Verified ✓,6.23,6.96,5.95,6.25,6.96,6.03
Union Low Duration Reg,INF582M01LU8,153652,Union Low Duration Fund - Regular Plan - Growth Option,1,Regular,Low Duration,45260,6.88,0.96,1.02,AAA,5,9,8,9,31,Low Risk,OK,Verified ✓,N/A,N/A,N/A,N/A,N/A,N/A
ABSL Medium Term Reg,INF209K01603,111803,Aditya Birla Sun Life Medium Term Plan - Growth - Regular Plan,1,Regular,Medium Duration,10317,8.4,3.03,3.83,AA,9,4,6,6,25,Moderate Risk,OK,Verified ✓,6.54,7.01,6.92,6.25,6.96,6.03
ABSL Medium Term Seg Port1 Reg,NOT_IN_NAV,NOT_IN_NAV,ABSL Medium Term Segregated Portfolio - Not in AMFI NAV (wound up),MANUAL_NOT_IN_NAV,Regular,Medium Duration,40445,,,,--,1,1,1,1,4,High Risk,NOT_FOUND,Neither code NOT_IN_NAV nor ISIN NOT_IN_NAV confirmed in NAV,6.54,7.26,7.26,6.25,6.96,6.03
Axis Strategic Bond Reg,INF846K01BP2,116894,Axis Strategic Bond Fund - Regular Plan - Growth Option,1,Regular,Medium Duration,14331,7.91,3.66,5.13,AA,8,4,4,6,22,Moderate Risk,OK,Verified ✓,N/A,N/A,N/A,N/A,N/A,N/A
Bandhan Medium Duration Reg,INF194K01JU0,108728,Bandhan Medium Duration Fund - Regular Plan - Growth,1,Regular,Medium Duration,1755,6.74,1.31,1.89,AAA,5,8,8,9,30,Low Risk,OK,Verified ✓,8.79,9.74,11.88,5.74,7.21,6.66
DSP Bond Reg,INF740K01557,100078,DSP Bond Fund - Growth,1,Regular,Medium Duration,386,7.07,3.38,3.94,AAA,7,4,6,9,26,Moderate Risk,OK,Verified ✓,N/A,N/A,N/A,N/A,N/A,N/A
Franklin Ind Incm Opp Seg Port 2 Reg,INF090I01TB3,147962,Franklin India Income Opportunities Fund- Segregated Portfolio 1- 8.25% Vodafone Idea Ltd-10JUL20-Growth Plan,0.8,Regular,Medium Duration,40590,4.17,0.01,0.01,B,1,10,10,1,22,Moderate Risk,OK,Verified ✓,6.22,7.67,6.67,5.74,7.21,6.66
HDFC Medium Term Debt Reg,INF179K01913,101989,HDFC Medium Term Debt Fund - Growth Option,1,Regular,Medium Duration,1204,7.9,3.32,4.82,AAA,8,4,4,9,25,Moderate Risk,OK,Verified ✓,4.7,6.46,5.18,5.74,7.21,6.66
HSBC Medium Duration Reg,INF917K01TH0,151149,HSBC Medium Duration Fund - Regular Growth,1,Regular,Medium Duration,29309,7.65,2.51,2.97,AAA,8,6,6,9,29,Low Risk,OK,Verified ✓,4.9,6.97,5.75,5.74,7.21,6.66
ICICI Pru Medium Term Bond,INF109K01AH4,102741,ICICI Prudential Medium Term Bond Fund - Growth,1,Regular,Medium Duration,2385,7.99,3.71,6.48,AAA,8,4,4,9,25,Moderate Risk,OK,Verified ✓,N/A,N/A,N/A,N/A,N/A,N/A
Invesco India Medium Duration Reg,INF205KA1379,149012,Invesco India Medium Duration Fund - Regular Plan - Growth,1,Regular,Medium Duration,41548,6.69,3.4,4.26,AAA,5,4,4,9,22,Moderate Risk,OK,Verified ✓,5.73,7.19,6.13,5.74,7.21,6.66
Kotak Medium Term Reg,INF174K01VL6,128009,Kotak Medium Term Fund - Growth,1,Regular,Medium Duration,25268,8.09,3.23,4.53,AA,9,4,4,6,23,Moderate Risk,OK,Verified ✓,5.43,7.24,6,5.74,7.21,6.66
Nippon India Medium Duration Reg,INF204KA1PZ1,130037,Nippon India Medium Duration Fund - Growth Option,1,Regular,Medium Duration,26990,7.57,3.84,4.84,AAA,8,4,4,9,25,Moderate Risk,OK,Verified ✓,7.2,7.77,6.72,5.74,7.21,6.66
Nippon India Medium Duration Seg Port 2 Reg,INF204KB14N2,148083,Nippon India Medium Duration Fund - Segregated Portfolio 1 - Growth Option,1,Regular,Medium Duration,40876,,,,--,1,1,1,1,4,High Risk,OK,Verified ✓,4.04,6.35,N/A,5.74,7.21,N/A
Nippon India Medium Duration Seg Port1 Reg,INF204KB14N2,148083,Nippon India Medium Duration Fund - Segregated Portfolio 1 - Growth Option,0.75,Regular,Medium Duration,40707,2.81,3.03,0.07,B,1,4,10,1,16,Moderately High Risk,OK,Verified ✓,7.08,7.86,6.49,5.74,7.21,6.66
SBI Medium Duration Reg,INF200K01719,102053,SBI MEDIUM DURATION FUND - REGULAR PLAN - GROWTH,1,Regular,Medium Duration,1884,8.03,3.03,4.05,AA,9,4,4,6,23,Moderate Risk,OK,Verified ✓,7.64,7.78,8.89,5.74,7.21,6.66
Sundaram Medium Duration Reg,INF903J01FY6,100608,Sundaram Medium Duration Fund (Formerly Known as Sundaram Medium Term Bond Fund) Institutional Plan - Growth,1,Regular,Medium Duration,570,6.92,3.34,4.22,AAA,5,4,4,9,22,Moderate Risk,OK,Verified ✓,N/A,N/A,N/A,N/A,N/A,N/A
Tata Medium Term Seg Port1 Reg,NOT_IN_NAV,NOT_IN_NAV,Tata Medium Term Segregated Portfolio - Not in AMFI NAV (wound up),MANUAL_NOT_IN_NAV,Regular,Medium Duration,40072,,,,--,1,1,1,1,4,High Risk,NOT_FOUND,Neither code NOT_IN_NAV nor ISIN NOT_IN_NAV confirmed in NAV,N/A,N/A,N/A,N/A,N/A,N/A
UTI Medium Duration Reg,INF903J01FY6,100608,Sundaram Medium Duration Fund (Formerly Known as Sundaram Medium Term Bond Fund) Institutional Plan - Growth,1,Regular,Medium Duration,29988,7.08,3.31,4.17,AAA,7,4,4,9,24,Moderate Risk,OK,Verified ✓,5.52,7.21,6.2,5.74,7.21,6.66
UTI Medium Duration Seg Port 2 Reg,NOT_IN_NAV,NOT_IN_NAV,Not in AMFI NAV - Segregated Portfolio (wound up),MANUAL_NOT_IN_NAV,Regular,Medium Duration,40912,,,,--,1,1,1,1,4,High Risk,NOT_FOUND,Neither code NOT_IN_NAV nor ISIN NOT_IN_NAV confirmed in NAV,3.16,5.14,4,5.74,7.21,6.66
UTI Medium Duration Seg Port 3 Reg,NOT_IN_NAV,NOT_IN_NAV,Not in AMFI NAV - Segregated Portfolio (wound up),MANUAL_NOT_IN_NAV,Regular,Medium Duration,41044,,,,--,1,1,1,1,4,High Risk,NOT_FOUND,Neither code NOT_IN_NAV nor ISIN NOT_IN_NAV confirmed in NAV,N/A,N/A,N/A,N/A,N/A,N/A
UTI Medium Duration Seg Port Reg,NOT_IN_NAV,NOT_IN_NAV,Not in AMFI NAV - Segregated Portfolio (wound up),MANUAL_NOT_IN_NAV,Regular,Medium Duration,40733,5.83,3.03,0.07,B,1,4,10,1,16,Moderately High Risk,NOT_FOUND,Neither code NOT_IN_NAV nor ISIN NOT_IN_NAV confirmed in NAV,4.24,6.38,5.96,5.74,7.21,6.66
ABSL Income Reg,INF209K01579,100038,Aditya Birla Sun Life Income Fund - Growth - Regular Plan,1,Regular,Medium to Long Duration,29,7.71,6.95,15.89,AAA,8,2,1,9,20,Moderately High Risk,OK,Verified ✓,N/A,N/A,N/A,N/A,N/A,N/A
Bandhan Medium to Long Duration Reg,INF194K01IL1,108765,Bandhan Medium to Long Duration Fund - Regular Plan - Growth,1,Regular,Medium to Long Duration,835,6.71,1.64,2.5,AAA,5,8,6,9,28,Low Risk,OK,Verified ✓,N/A,N/A,N/A,N/A,N/A,N/A
Canara Robeco Income Reg,INF760K01324,101588,CANARA ROBECO INCOME FUND - REGULAR PLAN - GROWTH OPTION,1,Regular,Medium to Long Duration,1404,6.54,4.1,8.45,AAA,5,4,2,9,20,Moderately High Risk,OK,Verified ✓,N/A,N/A,N/A,N/A,N/A,N/A
Franklin India Medium to Long Duration Reg,INF090I01XD1,152853,Franklin India Medium to Long Duration Fund - Growth,1,Regular,Medium to Long Duration,44532,7.49,6.29,14.45,AAA,7,2,1,9,19,Moderately High Risk,OK,Verified ✓,1.86,5.92,5.27,2.76,6.19,5.34
HDFC Income Reg,INF179K01962,100124,HDFC Income Fund - Growth Option,1,Regular,Medium to Long Duration,845,6.91,6.67,12.49,AAA,5,2,1,9,17,Moderately High Risk,OK,Verified ✓,2.88,5.67,4.52,2.76,6.19,5.34
HSBC Medium to Long Duration Reg,INF336L01776,101685,HSBC Medium to Long Duration Fund - Regular Growth,1,Regular,Medium to Long Duration,1485,7.13,5.71,10.85,AAA,7,2,2,9,20,Moderately High Risk,OK,Verified ✓,1.65,5.19,4.27,2.76,6.19,5.34
ICICI Pru Bond,INF109K01GN9,112096,ICICI Prudential All Seasons Bond Fund - Growth,1,Regular,Medium to Long Duration,8811,7.27,6.78,16.62,AAA,7,2,1,9,19,Moderately High Risk,OK,Verified ✓,3.46,N/A,N/A,2.76,N/A,N/A
ICICI Pru Diversified Debt Strategy Active FoF,INF109K01878,102141,ICICI Prudential Diversified Debt Strategy Active FOF - Growth,1,Regular,Medium to Long Duration,1926,,,,--,1,1,1,1,4,High Risk,OK,Verified ✓,2.12,6.21,4.78,2.76,6.19,5.34
JM Medium to Long Duration Reg,INF192K01AB3,100223,JM Medium to Long Duration Fund (Regular) - Growth Option,1,Regular,Medium to Long Duration,110,6.57,4.27,5.63,AAA,5,4,4,9,22,Moderate Risk,OK,Verified ✓,2.41,5.64,4.46,2.76,6.19,5.34
Kotak Bond Reg,INF174K01EM0,100299,Kotak Bond Fund - Regular Plan Growth,1,Regular,Medium to Long Duration,711,7.42,6.73,12.62,AAA,7,2,1,9,19,Moderately High Risk,OK,Verified ✓,3.34,6.99,5.78,2.76,6.19,5.34
LIC MF Medium to Long Duration Reg,INF767K01923,100315,LIC MF Medium to Long Duration Fund-Regular Plan-Growth,1,Regular,Medium to Long Duration,616,6.72,5.7,10.65,AAA,5,2,2,9,18,Moderately High Risk,OK,Verified ✓,5.22,7.31,6.22,2.76,6.19,5.34
Nippon India Medium to Long Duration Reg,INF204K01CM9,100388,Nippon India Medium to Long Duration  Fund - Growth Plan Bonus Option,1,Regular,Medium to Long Duration,479,7.19,6.88,13.35,AAA,7,2,1,9,19,Moderately High Risk,OK,Verified ✓,3.15,6.38,4.99,2.76,6.19,5.34
SBI Medium to Long Duration Reg,INF200K01594,100639,SBI Medium to Long Duration Fund-REGULAR PLAN-Growth,1,Regular,Medium to Long Duration,567,7.51,4.49,7.71,AAA,8,4,2,9,23,Moderate Risk,OK,Verified ✓,2.35,6.1,5.15,2.76,6.19,5.34
UTI Medium to Long Duration Reg,INF789F01406,100741,UTI Medium to Long Duration Fund- Regular Plan - Growth,1,Regular,Medium to Long Duration,541,7.55,5.99,9.96,AAA,8,2,2,9,21,Moderate Risk,OK,Verified ✓,3.05,6.57,5.32,2.76,6.19,5.34
UTI Medium to Long Duration Seg Port Reg,NOT_IN_NAV,NOT_IN_NAV,Not in AMFI NAV - Segregated Portfolio (wound up),MANUAL_NOT_IN_NAV,Regular,Medium to Long Duration,40715,5.78,4.04,0.07,B,1,4,10,1,16,Moderately High Risk,NOT_FOUND,Neither code NOT_IN_NAV nor ISIN NOT_IN_NAV confirmed in NAV,1.74,5.9,5.03,2.76,6.19,5.34
ABSL Money Manager Reg,INF209K01RV7,101976,Aditya Birla Sun Life Money Manager Fund - Growth,1,Regular,Money Market,2952,7.38,0.76,0.76,AAA,7,9,9,9,34,Low Risk,OK,Verified ✓,3.09,6.45,5.6,2.76,6.19,5.34
ABSL Money Manager Ret,INF209K01RV7,101976,Aditya Birla Sun Life Money Manager Fund - Growth,1,Regular,Money Market,1749,7.38,0.76,0.76,AAA,7,9,9,9,34,Low Risk,OK,Verified ✓,2.26,6.07,8.02,2.76,6.19,5.34
Axis Money Market Reg,INF846K01R46,147568,Axis Money Market Fund - Regular Plan - Growth Option,1,Regular,Money Market,40192,6.72,0.61,0.61,AAA,5,9,9,9,32,Low Risk,OK,Verified ✓,N/A,N/A,N/A,N/A,N/A,N/A
Bajaj Finserv Money Market Reg,INF0QA701441,151893,Bajaj Finserv Money Market Fund-Regular Plan-Growth,1,Regular,Money Market,43658,6.39,0.47,0.47,AAA,3,10,10,9,32,Low Risk,OK,Verified ✓,6.59,7.36,6.37,6.43,7.09,6.1
Bandhan Money Market Reg,INF194K01LJ9,108756,BANDHAN Money Market Fund - Regular Plan - Growth,1,Regular,Money Market,1548,6.63,0.64,0.64,AAA,5,9,9,9,32,Low Risk,OK,Verified ✓,6.59,7.36,6.37,6.43,7.09,6.1
Bank of India Money Market Reg,INF761K01GS6,153293,Bank of India Money Market Fund - Regular - Growth,1,Regular,Money Market,44944,6.79,0.72,0.71,AAA,5,9,9,9,32,Low Risk,OK,Verified ✓,6.64,7.36,6.34,6.43,7.09,6.1
Baroda BNP Paribas Money Market Reg,INF955L01HY8,147382,Baroda BNP Paribas Money Market Fund-Regular Plan - Growth,1,Regular,Money Market,40012,6.68,0.53,0.53,AAA,5,9,9,9,32,Low Risk,OK,Verified ✓,6.08,N/A,N/A,6.43,N/A,N/A
DSP Savings Reg,INF740KA1439,136563,DSP Equity Savings Fund - Regular Plan - Growth,1,Regular,Money Market,662,6.93,0.68,0.69,AAA,5,9,9,9,32,Low Risk,OK,Verified ✓,6.58,6.98,5.8,6.43,7.09,6.1
Edelweiss Money Market Inst,INF843K01377,140230,Edelweiss Money Market Fund - Institutional Plan - Growth Option,1,Regular,Money Market,7964,6.51,0.47,0.44,AAA,5,10,10,9,34,Low Risk,OK,Verified ✓,6.31,N/A,N/A,6.43,N/A,N/A
Edelweiss Money Market Reg,INF843K01377,140230,Edelweiss Money Market Fund - Institutional Plan - Growth Option,1,Regular,Money Market,7962,6.51,0.47,0.44,AAA,5,10,10,9,34,Low Risk,OK,Verified ✓,6.53,7.07,5.9,6.43,7.09,6.1
Franklin India Money Market Reg,INF090I01CA1,101357,Franklin India Money Market Fund - Growth Option,1,Regular,Money Market,1184,6.4,0.56,0.56,AAA,3,9,9,9,30,Low Risk,OK,Verified ✓,6.44,7.04,5.96,6.43,7.09,6.1
Groww Money Market Reg,INF666M01MZ6,153992,Groww Money Market Fund Regular Growth,1,Regular,Money Market,45612,6.73,0.17,0.17,CASH,5,10,10,10,35,Very Low Risk,OK,Verified ✓,6.03,6.65,5.46,6.43,7.09,6.1
HDFC Money Market Reg,INF179KB1HR5,101993,HDFC Money Market Fund - Growth Option,1,Regular,Money Market,695,6.87,0.62,0.62,AAA,5,9,9,9,32,Low Risk,OK,Verified ✓,6.03,6.65,5.46,6.43,7.09,6.1
HSBC Money Market Reg,INF917K01BC9,151048,HSBC Money Market Fund - Regular Growth,1,Regular,Money Market,2840,6.78,0.53,0.54,AAA,5,9,9,9,32,Low Risk,OK,Verified ✓,6.58,7.31,6.21,6.43,7.09,6.1
ICICI Pru Money Market,INF109K01TX1,103633,ICICI Prudential Money Market Fund Option - Growth,1,Regular,Money Market,3261,6.77,0.69,0.69,AAA,5,9,9,9,32,Low Risk,OK,Verified ✓,N/A,N/A,N/A,N/A,N/A,N/A
Invesco India Money Market,INF205K01SD1,112123,Invesco India Money Market Fund - Growth,1,Regular,Money Market,10627,6.63,0.63,0.63,AAA,5,9,9,9,32,Low Risk,OK,Verified ✓,6.58,7.3,6.29,6.43,7.09,6.1
Invesco India Money Market Reg,INF205K01SD1,112123,Invesco India Money Market Fund - Growth,1,Regular,Money Market,10625,6.63,0.63,0.63,AAA,5,9,9,9,32,Low Risk,OK,Verified ✓,6.46,7.11,5.9,6.43,7.09,6.1
Kotak Money Market Reg,INF174K01NA6,101893,Kotak Money Market Fund - (Growth),1,Regular,Money Market,1781,6.84,0.65,0.65,AAA,5,9,9,9,32,Low Risk,OK,Verified ✓,6.6,7.36,6.32,6.43,7.09,6.1
LIC MF Money Market Reg,INF767K01RB6,150393,LIC MF Money Market Fund-Regular Plan-Growth,1,Regular,Money Market,42407,6.58,0.5,0.5,AAA,5,10,10,9,34,Low Risk,OK,Verified ✓,6.37,7.06,5.92,6.43,7.09,6.1
Mirae Asset Money Market Reg,INF769K01HK4,149115,Mirae Asset Money Market Fund Regular Growth,1,Regular,Money Market,41641,6.53,0.49,0.49,AAA,5,10,10,9,34,Low Risk,OK,Verified ✓,5.53,6.25,5.15,6.43,7.09,6.1
Nippon India Money Market Reg,INF204K01UX8,103049,Nippon India Money Market Fund-Growth Plan-Bonus Option,1,Regular,Money Market,2792,6.89,0.69,0.69,AAA,5,9,9,9,32,Low Risk,OK,Verified ✓,6.59,7.33,6.32,6.43,7.09,6.1
PGIM India Money Market Reg,INF663L01U24,148159,PGIM India Money Market Fund - Regular Plan - Growth Option,1,Regular,Money Market,40771,6.79,0.3,0.3,AAA,5,10,10,9,34,Low Risk,OK,Verified ✓,6.45,6.35,N/A,6.43,7.09,N/A
SBI Savings Reg,INF200K01636,102503,SBI  SAVINGS FUND - REGULAR PLAN - GROWTH,1,Regular,Money Market,2300,6.41,0.44,0.44,AAA,3,10,10,9,32,Low Risk,OK,Verified ✓,6.35,7.09,N/A,6.43,7.09,N/A
Shriram Money Market Reg,INF680P01489,154143,Shriram Money Market Fund - Regular Plan Growth Option,1,Regular,Money Market,45777,6.66,0.6,0.6,AAA,5,9,9,9,32,Low Risk,OK,Verified ✓,6.59,7.35,6.37,6.43,7.09,6.1
Sundaram Money Market Reg,INF903JA1FJ3,145042,Sundaram Money Market Fund Regular Plan - Growth,1,Regular,Money Market,37720,6.49,0.49,0.49,AAA,3,10,10,9,32,Low Risk,OK,Verified ✓,6.32,6.97,5.9,6.43,7.09,6.1
TRUSTMF Money Market Reg,INF0GCD01479,150511,TRUSTMF MONEY MARKET FUND-REGULAR PLAN-GROWTH,1,Regular,Money Market,42420,6.4,0.42,0.42,AAA,3,10,10,9,32,Low Risk,OK,Verified ✓,6.26,6.92,5.89,6.43,7.09,6.1
Tata Money Market Reg,INF277K01LQ7,101847,Tata Money Market Fund-Regular Plan - Growth Option,1,Regular,Money Market,1731,7.38,0.77,0.77,AAA,7,9,9,9,34,Low Risk,OK,Verified ✓,N/A,N/A,N/A,N/A,N/A,N/A
UTI Money Market Discontinued,NOT_IN_NAV,NOT_IN_NAV,UTI Money Market Discontinued - Not in AMFI NAV,MANUAL_NOT_IN_NAV,Regular,Money Market,389,6.03,0.58,0.58,AAA,3,9,9,9,30,Low Risk,NOT_FOUND,Neither code NOT_IN_NAV nor ISIN NOT_IN_NAV confirmed in NAV,6.54,7.17,6.11,6.43,7.09,6.1
UTI Money Market Reg,INF843K01377,140230,Edelweiss Money Market Fund - Institutional Plan - Growth Option,1,Regular,Money Market,10556,6.03,0.58,0.58,AAA,3,9,9,9,30,Low Risk,OK,Verified ✓,6.24,6.96,N/A,6.43,7.09,N/A
Union Money Market Reg,INF582M01HO9,149116,Union Money Market Fund - Regular Plan -  Growth Option,1,Regular,Money Market,41645,6.39,0.25,0.25,AAA,3,10,10,9,32,Low Risk,OK,Verified ✓,6.6,7.35,6.35,6.43,7.09,6.1
ABSL US Treasury 1-3 Year Bonds ETFs Passive FoF Reg*,INF209KB13W4,152142,ABSL US Treasury 1-3 Year Bond ETFs FoF - Regular Growth,MANUAL_VERIFIED,Regular,Others,43822,3.84,,1.95,D,1,1,8,1,11,High Risk,OK,Verified ✓,6.64,7.11,6.01,6.43,7.09,6.1
ABSL US Treasury 3-10 Year Bonds ETFs Passive FoF Reg*,INF209KB19W1,152147,ABSL US Treasury 3-10 Year Bond ETFs FoF - Regular Growth,MANUAL_VERIFIED,Regular,Others,43818,4.04,,5.69,D,1,1,4,1,7,High Risk,OK,Verified ✓,6.64,7.39,6.38,6.43,7.09,6.1
Axis US Specific Treasury Dynamic Debt Passive FoF Reg*,INF846K013T8,152239,Axis US Specific Treasury Dynamic Debt Passive FOF - Regular Plan - Growth Option,1,Regular,Others,43976,3.84,,8.12,D,1,1,2,1,5,High Risk,OK,Verified ✓,6,6.44,N/A,6.43,7.09,N/A
Bandhan US Treasury Bond 0-1 year Specific Debt Passive FoF Reg,INF194KB1FT6,151546,Bandhan US Treasury Bond 0-1 year specific Debt Passive FOF - REGULAR PLAN - GROWTH,1,Regular,Others,43351,,,,--,1,1,1,1,4,High Risk,OK,Verified ✓,N/A,N/A,N/A,N/A,N/A,N/A
DSP US Specific Debt Passive FoF Reg*,INF740KA1UG2,152527,DSP US Specific Debt Passive FoF - Regular - Growth,1,Regular,Others,44194,,,,--,1,1,1,1,4,High Risk,OK,Verified ✓,N/A,N/A,N/A,N/A,N/A,N/A
360 ONE Overnight Reg,INF579M01BD1,153700,360 ONE Overnight Fund - Regular Plan - Growth,1,Regular,Overnight,45314,5.09,0,0.01,GOI/Cash,1,10,10,10,31,Low Risk,OK,Verified ✓,N/A,N/A,N/A,N/A,N/A,N/A
ABSL CRISIL Liquid Overnight ETF,INF209KB18T9,151533,Aditya Birla Sun Life CRISIL Liquid Overnight ETF - IDCW Daily Reinvestment with Weekly Payout,1,Regular,Overnight,43247,,,,--,1,1,1,1,4,High Risk,OK,Verified ✓,N/A,N/A,N/A,N/A,N/A,N/A
ABSL Overnight Reg,INF209KB1ZC3,145481,ADITYA BIRLA SUNLIFE OVERNIGHT FUND-REGULAR PLAN-GROWTH,1,Regular,Overnight,38131,6.95,0.01,0.01,GOI/Cash,5,10,10,10,35,Very Low Risk,OK,Verified ✓,N/A,N/A,N/A,N/A,N/A,N/A
Axis Overnight Reg,INF846K01O23,146678,Axis Overnight Fund - Regular Plan - Growth Option,1,Regular,Overnight,39290,5.04,0.01,0.01,GOI/Cash,1,10,10,10,31,Low Risk,OK,Verified ✓,N/A,N/A,N/A,N/A,N/A,N/A
Bajaj Finserv Overnight Reg,INF0QA701250,151851,Bajaj Finserv Overnight Fund - Regular Plan - Growth,1,Regular,Overnight,43598,5.05,0.01,0.01,GOI/Cash,1,10,10,10,31,Low Risk,OK,Verified ✓,5.01,5.84,N/A,5.33,6.17,N/A
Bandhan Overnight Reg,INF194KB1314,146187,BANDHAN Overnight Fund - Regular Plan - Growth,1,Regular,Overnight,38833,5.01,0.01,0.01,GOI/Cash,1,10,10,10,31,Low Risk,OK,Verified ✓,5.33,6.18,5.42,5.33,6.17,5.43
Bank of India Overnight Reg,INF761K01EZ6,147936,BANK OF INDIA Overnight Fund Regular Plan Growth,1,Regular,Overnight,40570,5.02,0,0,GOI/Cash,1,10,10,10,31,Low Risk,OK,Verified ✓,5.45,6.28,5.51,5.33,6.17,5.43
Baroda BNP Paribas Overnight Reg,INF955L01HS0,147193,Baroda BNP Paribas Overnight Fund - Regular Plan - Growth,1,Regular,Overnight,39815,5.02,0.01,0.01,GOI/Cash,1,10,10,10,31,Low Risk,OK,Verified ✓,5.45,N/A,N/A,5.33,N/A,N/A
Baroda BNP Paribas Overnight Unclaimed,,149988,Baroda BNP Paribas Overnight Fund - Plan C - Unclaimed IDCW - Greater than 3 years,NAV-verified,Regular,Overnight,42288,5.02,0.01,0.01,GOI/Cash,1,10,10,10,31,Low Risk,FIXED,ISIN was missing → filled from NAV,5.35,6.18,5.43,5.33,6.17,5.43
Canara Robeco Overnight Reg,INF760K01JO1,147534,CANARA ROBECO OVERNIGHT FUND - REGULAR PLAN - GROWTH OPTION,1,Regular,Overnight,40151,4.93,0.01,0.01,GOI/Cash,1,10,10,10,31,Low Risk,OK,Verified ✓,5.53,6.35,5.59,5.33,6.17,5.43
DSP Overnight Reg,INF740KA1MB0,146061,DSP Overnight Fund - Regular Plan - Growth,1,Regular,Overnight,38745,5.07,0.01,0.01,GOI/Cash,1,10,10,10,31,Low Risk,OK,Verified ✓,5.38,6.21,5.46,5.33,6.17,5.43
DSP Overnight Uncl,NOT_IN_NAV,NOT_IN_NAV,DSP Overnight Unclaimed - Not found as distinct NAV entry,MANUAL_NOT_IN_NAV,Regular,Overnight,41887,5.07,0.01,0.01,GOI/Cash,1,10,10,10,31,Low Risk,NOT_FOUND,Neither code NOT_IN_NAV nor ISIN NOT_IN_NAV confirmed in NAV,N/A,N/A,N/A,N/A,N/A,N/A
Edelweiss Overnight Reg,INF754K01KE3,147569,Edelweiss Overnight Fund - Regular Plan - Growth,1,Regular,Overnight,40169,5.06,0.01,0.01,Cash,1,10,10,10,31,Low Risk,OK,Verified ✓,5.38,6.19,5.46,5.33,6.17,5.43
Franklin India Overnight Reg,INF090I01SO8,147213,Franklin India Overnight fund- Growth,1,Regular,Overnight,39881,5.08,0.01,0.01,GOI/Cash,1,10,10,10,31,Low Risk,OK,Verified ✓,5.38,6.22,5.46,5.33,6.17,5.43
Groww Overnight Reg,INF666M01GT1,147454,Groww Overnight Fund (formerly known as Indiabulls Overnight Fund)- Regular Plan- Growth Option,1,Regular,Overnight,40032,7.09,0.01,0.01,Cash,7,10,10,10,37,Very Low Risk,OK,Verified ✓,N/A,N/A,N/A,N/A,N/A,N/A
HDFC Overnight Reg,INF179KB1HS3,101996,HDFC Overnight Fund - Growth Option,1,Regular,Overnight,1202,5.05,0.01,0.01,GOI/Cash,1,10,10,10,31,Low Risk,OK,Verified ✓,5.35,6.18,5.42,5.33,6.17,5.43
HSBC Overnight Reg,INF336L01OL4,147290,HSBC Overnight Fund - Regular Growth,1,Regular,Overnight,39917,5.01,0.01,0.01,GOI/Cash,1,10,10,10,31,Low Risk,OK,Verified ✓,5.46,6.22,5.45,5.33,6.17,5.43
Helios Overnight Reg,INF0R8701095,152153,Helios Overnight Fund - Regular Plan - Growth Option,1,Regular,Overnight,43833,4.95,0,0,Cash,1,10,10,10,31,Low Risk,OK,Verified ✓,5.25,6.06,5.3,5.33,6.17,5.43
ICICI Pru Overnight,INF109KC17E3,145535,ICICI Prudential Overnight Fund - Growth,1,Regular,Overnight,38253,5.04,0,0.01,GOI/Cash,1,10,10,10,31,Low Risk,OK,Verified ✓,5.32,6.15,5.39,5.33,6.17,5.43
ITI Overnight Reg,INF00XX01473,147714,ITI Overnight Fund - Regular Plan - Growth Option,1,Regular,Overnight,40350,4.91,0.01,0.01,Cash,1,10,10,10,31,Low Risk,OK,Verified ✓,5.39,6.2,5.44,5.33,6.17,5.43
Invesco India Overnight Reg,INF205KA1114,147878,Invesco India Overnight Fund - Regular Plan - Growth,1,Regular,Overnight,40510,5.01,0,0.01,GOI/Cash,1,10,10,10,31,Low Risk,OK,Verified ✓,5.24,N/A,N/A,5.33,N/A,N/A
JM Overnight Reg,INF192K01LX4,147836,JM Overnight Fund (Regular) - Growth,1,Regular,Overnight,40472,4.94,0,0,Cash,1,10,10,10,31,Low Risk,OK,Verified ✓,5.39,6.21,5.44,5.33,6.17,5.43
JioBlackRock Overnight Uncl,,154070,JioBlackRock Overnight Fund - Unclaimed Redemption - Upto 3 years - Growth Option,NAV-verified,Regular,Overnight,45699,5.08,0.01,0.01,GOI/Cash,1,10,10,10,31,Low Risk,FIXED,ISIN was missing → filled from NAV,5.14,5.95,5.25,5.33,6.17,5.43
Kotak Overnight Reg,INF174KA1BC6,146142,Kotak Overnight Fund -Regular plan-Growth Option,1,Regular,Overnight,38843,5.06,0.01,0.01,GOI/Cash,1,10,10,10,31,Low Risk,OK,Verified ✓,5.39,6.23,5.47,5.33,6.17,5.43
LIC MF Overnight Reg,INF767K01QD4,147519,LIC MF Overnight Fund-Regular Plan-Growth,1,Regular,Overnight,40143,5.05,0.01,0.01,GOI/Cash,1,10,10,10,31,Low Risk,OK,Verified ✓,5.25,6.13,5.41,5.33,6.17,5.43
Mahindra Manulife Overnight Reg,INF174V01812,147565,Mahindra Manulife Overnight Fund - Regular Plan - Growth,1,Regular,Overnight,40202,6.32,0.02,0.02,GOI/Cash,3,10,10,10,33,Low Risk,OK,Verified ✓,N/A,N/A,N/A,N/A,N/A,N/A
Mirae Asset Overnight Reg,INF769K01FE1,147739,Mirae Asset Overnight Fund Regular Plan Growth,1,Regular,Overnight,40362,5.03,0.01,0.01,GOI/Cash,1,10,10,10,31,Low Risk,OK,Verified ✓,5.38,6.2,5.43,5.33,6.17,5.43
NJ Overnight Reg,INF0J8L01073,150368,NJ Overnight Fund - Regular Plan - Growth Option,1,Regular,Overnight,42424,4.95,0.01,0.01,Cash,1,10,10,10,31,Low Risk,OK,Verified ✓,5.37,6.17,5.42,5.33,6.17,5.43
Nippon India Overnight Reg,INF204KB1Q65,145811,Nippon India Overnight Fund - Regular Plan - Growth Option,1,Regular,Overnight,38538,5.05,0.01,0.01,AA,1,10,10,6,27,Moderate Risk,OK,Verified ✓,5.35,6.18,5.44,5.33,6.17,5.43
PGIM India Overnight Reg,INF663L01T43,147600,PGIM India Overnight Fund - Regular Plan- Growth Option,1,Regular,Overnight,40233,5.34,0,0,GOI/Cash,1,10,10,10,31,Low Risk,OK,Verified ✓,5.39,6.21,5.47,5.33,6.17,5.43
Quant Overnight Fund Uncl,,154083,quant Overnight Fund - Unclaimed IDCW Greater than 3 years,NAV-verified,Regular,Overnight,45712,4.68,0.01,0.01,Cash,1,10,10,10,31,Low Risk,FIXED,ISIN was missing → filled from NAV,5.27,6.11,N/A,5.33,6.17,N/A
Quant Overnight Reg,INF966L01BC4,151195,quant Overnight Fund - Growth Option - Regular Plan,1,Regular,Overnight,42930,4.68,0.01,0.01,Cash,1,10,10,10,31,Low Risk,OK,Verified ✓,5.39,6.22,5.46,5.33,6.17,5.43
SBI Overnight Reg,INF200K01LQ9,101206,SBI OVERNIGHT FUND - REGULAR PLAN - GROWTH,1,Regular,Overnight,1443,4.97,0.01,0.01,GOI/Cash,1,10,10,10,31,Low Risk,OK,Verified ✓,5.33,6.2,5.46,5.33,6.17,5.43
Samco Overnight Reg,INF0K1H01032,150632,Samco Overnight Fund - Regular Plan - Growth Option,1,Regular,Overnight,42550,4.9,0.01,0.01,Cash,1,10,10,10,31,Low Risk,OK,Verified ✓,N/A,N/A,N/A,N/A,N/A,N/A
Shriram Overnight Reg,INF680P01232,150565,Shriram Overnight Fund - Regular Growth,1,Regular,Overnight,42465,5.1,0.01,0.01,GOI/Cash,1,10,10,10,31,Low Risk,OK,Verified ✓,5.19,6.34,N/A,5.33,6.17,N/A
Sundaram Overnight Reg,INF903JA1GZ7,146959,Sundaram Overnight Fund Regular Plan - Growth,1,Regular,Overnight,39560,4.92,0.01,0.01,GOI/Cash,1,10,10,10,31,Low Risk,OK,Verified ✓,5.36,6.17,5.42,5.33,6.17,5.43
TRUSTMF Overnight Reg,INF0GCD01438,149795,TRUST MF OVERNIGHT FUND-REGULAR-GROWTH,MANUAL_VERIFIED,Regular,Overnight,42044,4.9,0.01,0.01,GOI/Cash,1,10,10,10,31,Low Risk,OK,Verified ✓,4.97,5.86,N/A,5.33,6.17,N/A
Tata Overnight Reg,INF277K016T9,146977,Tata Overnight Fund-Regular Plan-Growth,1,Regular,Overnight,39636,6.97,0.01,0.01,GOI/Cash,5,10,10,10,35,Very Low Risk,OK,Verified ✓,5.34,6.14,N/A,5.33,6.17,N/A
UTI Overnight Reg,INF789F01604,100814,UTI - Overnight  Fund - Regular Plan - Growth Option,1,Regular,Overnight,1976,4.95,0.01,0.01,GOI/Cash,1,10,10,10,31,Low Risk,OK,Verified ✓,5.32,6.17,5.41,5.33,6.17,5.43
Union Overnight Reg,INF582M01FJ3,146997,Union Overnight Fund - Regular Plan - Growth Option,1,Regular,Overnight,39660,5.08,0.01,0.01,GOI/Cash,1,10,10,10,31,Low Risk,OK,Verified ✓,5.3,6.18,N/A,5.33,6.17,N/A
ABSL Retirement 50s + Debt Reg,INF209KB1J71,146941,Aditya Birla Sun Life Retirement Fund-The 50s Plus-Debt Plan-Regular Plan-Growth,1,Regular,Short Duration,39191,6.45,3.28,6.07,AAA,3,4,4,9,20,Moderately High Risk,OK,Verified ✓,5.36,6.19,5.43,5.33,6.17,5.43
ABSL Short Term Reg,INF209K01942,101844,Aditya Birla Sun Life Short Term Fund - Growth - Regular Plan,1,Regular,Short Duration,1682,7.84,2.97,3.64,AAA,8,6,6,9,29,Low Risk,OK,Verified ✓,5.41,6.24,5.48,5.33,6.17,5.43
Axis Short Duration Reg,INF846K01644,112354,Axis Short Duration Fund - Regular Plan - Growth Option,1,Regular,Short Duration,10857,7.22,2.29,2.77,AAA,7,6,6,9,28,Low Risk,OK,Verified ✓,5.34,6.18,5.42,5.33,6.17,5.43
Axis Short Duration Ret,INF846K01644,112354,Axis Short Duration Fund - Regular Plan - Growth Option,1,Regular,Short Duration,10996,7.22,2.29,2.77,AAA,7,6,6,9,28,Low Risk,OK,Verified ✓,2.78,4.86,3.97,5.34,6.77,5.96
Bandhan Short Duration Reg,INF194KA10Q8,144171,BANDHAN ULTRA SHORT DURATION FUND - REGULAR PLAN GROWTH,1,Regular,Short Duration,903,6.83,1.24,1.55,AAA,5,8,8,9,30,Low Risk,OK,Verified ✓,5.59,7.1,6.16,5.34,6.77,5.96
Bank of India Short Term Income Reg,INF761K01579,111585,BANK OF INDIA Short Term Income Fund-Regular Plan- Growth,1,Regular,Short Duration,10053,6.58,2.35,2.85,AAA,5,6,6,9,26,Moderate Risk,OK,Verified ✓,6.06,7.25,6.12,5.34,6.77,5.96
Baroda BNP Paribas Short Duration Reg,INF955L01153,113036,Baroda BNP Paribas Short Duration Fund - Regular Plan - Growth Option,1,Regular,Short Duration,11291,7.07,2.46,2.91,AAA,7,6,6,9,28,Low Risk,OK,Verified ✓,6.06,7.24,6.11,5.34,6.77,5.96
Canara Robeco Short Duration Reg,INF760K01BM2,115077,CANARA ROBECO SHORT DURATION FUND - REGULAR PLAN - GROWTH OPTION,1,Regular,Short Duration,12602,6.87,1.76,1.95,AAA,5,8,8,9,30,Low Risk,OK,Verified ✓,5.85,7.1,5.85,5.34,6.77,5.96
DSP Short Term Reg,INF740K01656,101304,DSP Short Term Fund - Regular Plan - Growth,1,Regular,Short Duration,1437,7.12,2.62,3.2,AAA,7,6,6,9,28,Low Risk,OK,Verified ✓,5.2,6.99,10.1,5.34,6.77,5.96
Edelweiss CRISIL IBX 50:50 Gilt Plus SDL SD Index Reg,INF754K01PB8,150720,Edelweiss CRISIL IBX 50:50 Gilt Plus SDL April 2037 Index Fund - Regular Plan - Growth,1,Regular,Short Duration,43107,6.18,2.48,2.73,GOI/Cash,3,6,6,10,25,Moderate Risk,OK,Verified ✓,5.36,6.9,5.75,5.34,6.77,5.96
Franklin Ind ST Incm Ret Seg Port 3 Inst,INF090I01VR5,148314,Franklin India Short Term Income Plan - Segregated Portfolio 3 - Institutional Plan Growth Option,MANUAL_VERIFIED,Regular,Short Duration,40851,,,,--,1,1,1,1,4,High Risk,OK,Verified ✓,5.17,6.47,5.3,5.34,6.77,5.96
Franklin Ind ST Incm Ret Seg Port 3 Reg,INF090I01VN4,148318,Franklin India Short Term Income Plan - Segregated Portfolio 3 (9.50% Yes Bank Ltd CO 23Dec21) - Retail Plan Growth Option,0.8,Regular,Short Duration,40843,,,,--,1,1,1,1,4,High Risk,OK,Verified ✓,5.1,6.71,5.55,5.34,6.77,5.96
Groww Short Term Reg,INF666M01AJ5,123708,Groww Short Duration Fund (formerly known as Indiabulls Short Term Fund )- Regular Plan - Growth Option,1,Regular,Short Duration,20847,7.3,1.5,1.62,AAA,7,8,8,9,32,Low Risk,OK,Verified ✓,5.61,6.88,N/A,5.34,6.77,N/A
HDFC Short Term Debt Reg,INF179K01CU6,113047,HDFC Short Term  Debt Fund - Growth Option,1,Regular,Short Duration,11308,7.25,2.47,3.44,AAA,7,6,6,9,28,Low Risk,OK,Verified ✓,N/A,N/A,N/A,N/A,N/A,N/A
HSBC Short Duration Reg,INF917K01CL8,151065,HSBC Short Duration Fund - Regular Growth,1,Regular,Short Duration,13736,6.99,2.21,2.66,AAA,5,6,6,9,26,Moderate Risk,OK,Verified ✓,N/A,N/A,N/A,N/A,N/A,N/A
ICICI Pru Short Term,INF109K01654,101758,ICICI Prudential Short Term Fund - Growth Option,1,Regular,Short Duration,1110,7.41,2.86,4.53,AAA,7,6,4,9,26,Moderate Risk,OK,Verified ✓,5.33,6.17,4.93,5.34,6.77,5.96
Invesco India Short Duration Plan B,INF205K01UR7,105189,Invesco India Short Duration Fund - Plan B - Growth,1,Regular,Short Duration,4671,6.96,2.1,2.43,AAA,5,6,6,9,26,Moderate Risk,OK,Verified ✓,5.87,7.38,6.22,5.34,6.77,5.96
Invesco India Short Duration Reg,INF205K01UR7,105189,Invesco India Short Duration Fund - Plan B - Growth,1,Regular,Short Duration,4668,6.96,2.1,2.43,AAA,5,6,6,9,26,Moderate Risk,OK,Verified ✓,5.63,6.89,5.65,5.34,6.77,5.96
JM Short Duration Reg,INF192K01MM5,150542,JM Short Duration Fund (Regular) - Growth,1,Regular,Short Duration,42461,6.82,2.06,2.29,AAA,5,6,6,9,26,Moderate Risk,OK,Verified ✓,6.15,7.41,6.43,5.34,6.77,5.96
Kotak Bond Short Term Reg,INF174K01ES7,101373,Kotak Bond Short Term Plan-(Growth),1,Regular,Short Duration,1313,7.23,2.63,3.38,AAA,7,6,6,9,28,Low Risk,OK,Verified ✓,5.15,6.7,5.41,5.34,6.77,5.96
LIC MF Short Duration Reg,INF767K01PT2,145952,LIC MF Short Duration Fund-Regular Plan-Growth,1,Regular,Short Duration,38777,6.96,2.79,3.09,AAA,5,6,6,9,26,Moderate Risk,OK,Verified ✓,5.31,6.79,5.46,5.34,6.77,5.96
Mahindra Manulife Short Duration Reg,INF174V01AJ1,148727,Mahindra Manulife Short Duration Fund - Regular Plan - Growth,1,Regular,Short Duration,41313,7.76,1.87,2.31,AAA,8,8,6,9,31,Low Risk,OK,Verified ✓,5.22,6.42,N/A,5.34,6.77,N/A
Mirae Asset Short Duration Reg,INF769K01DU2,142642,Mirae Asset Short Duration Fund - Regular Plan - Growth,1,Regular,Short Duration,35429,7.09,2.33,2.67,AAA,7,6,6,9,28,Low Risk,OK,Verified ✓,5.22,6.84,5.7,5.34,6.77,5.96
Nippon India Short Duration Reg,INF204K01FL4,101665,Nippon India Short Duration  Fund-Growth Plan,1,Regular,Short Duration,1499,7.28,2.6,3,AAA,7,6,6,9,28,Low Risk,OK,Verified ✓,5.08,6.52,5.26,5.34,6.77,5.96
SBI Short Horizon Debt ST Ret,INF200K01IG6,106227,SBI SHORT HORIZON DEBT FUND-SHORT TERM FUND - RETAIL - GROWTH,1,Regular,Short Duration,5485,7.17,2.42,2.97,AAA,7,6,6,9,28,Low Risk,OK,Verified ✓,5.37,6.76,5.59,5.34,6.77,5.96
SBI Short Term Debt Reg,INF200K01IG6,106227,SBI SHORT HORIZON DEBT FUND-SHORT TERM FUND - RETAIL - GROWTH,1,Regular,Short Duration,5489,7.17,2.42,2.97,AAA,7,6,6,9,28,Low Risk,OK,Verified ✓,4.82,6.58,5.49,5.34,6.77,5.96
Sundaram Short Duration Reg,INF173K01BA3,149585,Sundaram Short Duration Fund (Formerly Known as Principal Short Term Debt Fund)- Growth Plan,1,Regular,Short Duration,1717,6.89,1.94,2.24,AAA,5,8,6,9,28,Low Risk,OK,Verified ✓,5.85,7.21,6.06,5.34,6.77,5.96
TRUSTMF Short Duration Reg,INF0GCD01313,149073,TRUSTMF Short Duration Fund-Regular Plan-Growth,1,Regular,Short Duration,41602,6.69,1.84,1.99,AAA,5,8,8,9,30,Low Risk,OK,Verified ✓,5.61,6.98,5.88,5.34,6.77,5.96
Tata Short Term Bond Reg,INF277K01972,101548,Tata Short Term Bond Fund -Regular Plan- Growth Option,1,Regular,Short Duration,1398,7.67,2.9,3.95,AAA,8,6,6,9,29,Low Risk,OK,Verified ✓,5.61,6.98,5.88,5.34,6.77,5.96
UTI Short Duration Discontinued Reg,INF789F01AJ9,106384,UTI Short Duration Fund - Discontinued Regular Option -Growth Sub Option,1,Regular,Short Duration,1763,7.19,2.59,3.46,AAA,7,6,6,9,28,Low Risk,OK,Verified ✓,5.52,6.96,7.27,5.34,6.77,5.96
UTI Short Duration Reg,INF789F01AJ9,106384,UTI Short Duration Fund - Discontinued Regular Option -Growth Sub Option,1,Regular,Short Duration,5923,7.19,2.59,3.46,AAA,7,6,6,9,28,Low Risk,OK,Verified ✓,5.46,6.69,N/A,5.34,6.77,N/A
Union Short Duration Reg,INF582M01KK1,153240,Union Short Duration Fund - Regular Plan - Growth Option,1,Regular,Short Duration,44888,6.54,2.24,2.67,AAA,5,6,6,9,26,Moderate Risk,OK,Verified ✓,4.72,6.47,5.44,5.34,6.77,5.96
ABSL CRISIL IBX 50:50 Gilt+SDL Apr 2028 Index Reg,INF209KB12N5,150703,Aditya Birla Sun Life Crisil IBX 50:50 Gilt Plus SDL Apr 2028 Index Fund-Regular Growth,1,Regular,Target Maturity,42599,6.57,1.75,1.87,GOI/Cash,5,8,8,10,31,Low Risk,OK,Verified ✓,5.38,6.81,6.7,5.34,6.77,5.96
ABSL CRISIL IBX 60:40 SDL+ AAA PSU Apr 2026 Index Reg,INF209KB18O0,150936,Aditya Birla Sun Life Crisil IBX 60:40 SDL+AAA PSU APR 2026 Index Fund-Regular Growth,1,Regular,Target Maturity,42830,5.7,0.02,0.02,GOI/Cash,1,10,10,10,31,Low Risk,OK,Verified ✓,5.38,7.01,6.95,5.34,6.77,5.96
ABSL CRISIL IBX 60:40 SDL+AAA PSU-Apr 2027 Reg,INF209KB17H6,150351,Aditya Birla Sun Life Crisil IBX 60:40 SDL+AAA PSU-Apr 2027 Index Fund-Regular Growth,1,Regular,Target Maturity,42262,6.64,0.76,0.78,AAA,5,9,9,9,32,Low Risk,OK,Verified ✓,5.44,N/A,N/A,5.34,N/A,N/A
ABSL CRISIL IBX Gilt Apr 2028 Index Reg,INF209KB12N5,150703,Aditya Birla Sun Life Crisil IBX 50:50 Gilt Plus SDL Apr 2028 Index Fund-Regular Growth,1,Regular,Target Maturity,43264,6.22,1.59,1.68,GOI/Cash,3,8,8,10,29,Low Risk,OK,Verified ✓,5.94,7.28,N/A,5.71,7.24,N/A
ABSL CRISIL IBX Gilt April 2033 Index Reg,INF209KB17Y1,152268,Aditya Birla Sun Life Crisil IBX Gilt Apr 2033 Index Fund-Regular Growth,0.8333333333,Regular,Target Maturity,43981,7,5.09,6.38,GOI/Cash,7,2,4,10,23,Moderate Risk,OK,Verified ✓,5.92,6.73,N/A,5.71,7.24,N/A
ABSL CRISIL IBX Gilt June 2027 Index Reg,INF209KC1050,152660,Aditya Birla Sun Life Crisil IBX Gilt June 2027 Index Fund-Regular Growth,1,Regular,Target Maturity,44341,5.91,1.12,1.17,GOI/Cash,1,8,8,10,27,Moderate Risk,OK,Verified ✓,6.72,7.2,N/A,5.71,7.24,N/A
ABSL CRISIL IBX Gilt-Apr 2029 Index Reg,INF209KB10O7,150777,Aditya Birla Sun Life Crisil IBX Gilt-Apr 2029 Index Fund-Regular Growth,1,Regular,Target Maturity,42683,6.58,2.6,2.9,GOI/Cash,5,6,6,10,27,Moderate Risk,OK,Verified ✓,5.75,6.81,N/A,5.71,7.24,N/A
ABSL CRISIL IBX Gilt-April 2026 Index Reg,INF209KB18M4,150701,Aditya Birla Sun Life Crisil IBX Gilt-April 2026 Index Fund-Regular Growth,1,Regular,Target Maturity,42595,5.36,0.03,0.03,GOI/Cash,1,10,10,10,31,Low Risk,OK,Verified ✓,3.92,N/A,N/A,5.71,N/A,N/A
ABSL CRISIL IBX SDL Jun 2032 Index Reg,INF209KB12S4,151428,Aditya Birla Sun Life CRISIL IBX SDL Jun 2032 INDEX FUND - Regular Growth,1,Regular,Target Maturity,43136,7.5,4.84,5.96,GOI/Cash,8,4,4,10,26,Moderate Risk,OK,Verified ✓,5.98,N/A,N/A,5.71,N/A,N/A
ABSL CRISIL-IBX AAA Fin Srvices Index-Sep 2027 Reg,INF209KC1316,153033,Aditya Birla Sun Life Crisil-IBX AAA Financial Services Index-Sep 2027 Fund-Regular Growth,0.875,Regular,Target Maturity,44683,7.79,1.28,1.34,AAA,8,8,8,9,33,Low Risk,OK,Verified ✓,5.83,7.55,N/A,5.71,7.24,N/A
ABSL CRISIL-IBX AAA NBFC-HFC Index-Sep 2026 Reg,INF209KC1233,152945,Aditya Birla Sun Life Crisil-IBX AAA NBFC-HFC Index-Sep 2026 Fund-Regular Growth,1,Regular,Target Maturity,44614,7.87,0.3,0.3,AAA,8,10,10,9,37,Very Low Risk,OK,Verified ✓,5.89,6.69,N/A,5.71,7.24,N/A
ABSL Nifty SDL Apr 2027 Reg,INF209KB19E9,149792,Aditya Birla Sun Life Nifty SDL Apr 2027 Index Fund-Regular Growth,1,Regular,Target Maturity,42025,5.99,0.69,0.71,GOI/Cash,1,9,9,10,29,Low Risk,OK,Verified ✓,3.88,7.31,N/A,5.71,7.24,N/A
ABSL Nifty SDL Sep 2027 Index Reg,INF209KB14T8,151560,Aditya Birla Sun Life Nifty SDL SEP 2027 Index Fund-Regular Growth,1,Regular,Target Maturity,43268,6.31,1.29,1.33,GOI/Cash,3,8,8,10,29,Low Risk,OK,Verified ✓,6.65,N/A,N/A,5.71,N/A,N/A
ABSL SDL + PSU Bond Sep 2026 60:40 Reg,INF209KB16B1,149198,Aditya Birla Sun Life Nifty SDL Plus PSU Bond SEP 2026 60:40 Index Fund-Regular Growth,1,Regular,Target Maturity,41724,6.56,0.34,0.35,AAA,5,10,10,9,34,Low Risk,OK,Verified ✓,7.02,N/A,N/A,5.71,N/A,N/A
Axis CRISIL IBX 50:50 Gilt Plus SDL Jun 2028 Index Reg,INF846K013N1,151297,Axis CRISIL IBX 50:50 Gilt Plus SDL June 2028 Index Fund - Regular Plan - Growth,1,Regular,Target Maturity,43025,6.14,1.88,2.05,GOI/Cash,3,8,6,10,27,Moderate Risk,OK,Verified ✓,6.52,7.04,N/A,5.71,7.24,N/A
Axis CRISIL IBX 50:50 Gilt Plus SDL September 2027 Index Reg,INF846K015O4,151433,AXIS CRISIL IBX 50:50 Gilt Plus SDL September 2027 Index Fund- REGULAR PLAN-GROWTH,1,Regular,Target Maturity,43144,5.82,1.25,1.32,GOI/Cash,1,8,8,10,27,Moderate Risk,OK,Verified ✓,6.3,7.23,N/A,5.71,7.24,N/A
Axis CRISIL IBX SDL May 2027 Reg,INF846K010H9,149872,Axis CRISIL IBX SDL May 2027 Index Fund - Regular Plan - Growth,1,Regular,Target Maturity,42094,5.98,1.06,1.12,GOI/Cash,1,8,8,10,27,Moderate Risk,OK,Verified ✓,6.54,7.09,N/A,5.71,7.24,N/A
Axis CRISIL-IBX AAA Bond Fin Srvices-Sep 2027 Index Reg,INF846K014Y6,153050,Axis CRISIL-IBX AAA Bond Financial Services - Sep 2027 Index Fund - Regular Plan - Growth Option,0.8888888889,Regular,Target Maturity,44718,7.06,1.29,1.37,AAA,7,8,8,9,32,Low Risk,OK,Verified ✓,5.88,7.29,N/A,5.71,7.24,N/A
Axis CRISIL-IBX AAA Bond NBFC-HFC-Jun 2027 Index Reg,INF846K016Z8,153174,Axis CRISIL-IBX AAA Bond NBFC-HFC - Jun 2027 Index Fund - Regular Plan - Growth option,1,Regular,Target Maturity,44814,7.09,1.04,1.11,AAA,7,8,8,9,32,Low Risk,OK,Verified ✓,6.27,7.15,N/A,5.71,7.24,N/A
Axis CRISIL-IBX AAA Bond NBFC-Jun 2027 Index Reg,INF846K016X3,152886,Axis CRISIL-IBX AAA Bond NBFC - Jun 2027 Index Fund - Regular Plan - Growth Option,1,Regular,Target Maturity,44560,7.25,1.13,1.2,AAA,7,8,8,9,32,Low Risk,OK,Verified ✓,6.59,7.31,N/A,5.71,7.24,N/A
Axis Nifty AAA Bond + SDL Apr 2026 50:50 ETF,INF846K01Z04,148926,Axis Nifty AAA Bond Plus SDL Apr 2026 50:50 ETF,1,Regular,Target Maturity,41480,6.06,0.1,0.1,AAA,3,10,10,9,32,Low Risk,OK,Verified ✓,6.77,N/A,N/A,5.71,N/A,N/A
Axis Nifty AAA Bond + SDL Apr 2026 50:50 ETF FoF Reg,INF846K017C5,149243,Axis Nifty AAA Bond Plus SDL Apr 2026 50:50 ETF FOF - Direct Plan - Growth Option,1,Regular,Target Maturity,41764,,,,--,1,1,1,1,4,High Risk,OK,Verified ✓,6.91,N/A,N/A,5.71,N/A,N/A
Axis Nifty SDL September 2026 Debt Index Reg,INF846K011L9,150851,Axis Nifty SDL September 2026 Debt Index Fund - Regular Plan - Growth,1,Regular,Target Maturity,42737,5.65,0.47,0.48,GOI/Cash,1,10,10,10,31,Low Risk,OK,Verified ✓,6.74,N/A,N/A,5.71,N/A,N/A
BHARAT Bond ETF FOF-April 2032 Reg*,INF754K01NW9,149400,BHARAT Bond ETF FOF - April 2032 Regular Plan Dividend,1,Regular,Target Maturity,41898,7.18,4.9,5.96,AAA,7,4,4,9,24,Moderate Risk,OK,Verified ✓,6.24,7.03,N/A,5.71,7.24,N/A
BHARAT Bond ETF FOF-April 2033 Reg*,INF754K01QY8,150991,BHARAT Bond ETF FOF - April 2033 - Regular Plan - Growth,1,Regular,Target Maturity,42894,7.18,5.43,6.84,AAA,7,2,4,9,22,Moderate Risk,OK,Verified ✓,6.47,6.65,N/A,5.71,7.24,N/A
BHARAT Bond ETF-April 2030,INF754K01KO2,147849,Bharat Bond ETF - April 2030,1,Regular,Target Maturity,40483,7,3.32,3.77,AAA,7,4,6,9,26,Moderate Risk,OK,Verified ✓,6.6,7.09,N/A,5.71,7.24,N/A
BHARAT Bond ETF-April 2031,INF754K01LE1,148445,BHARAT Bond ETF- April 2031,1,Regular,Target Maturity,41060,7.14,4.19,4.96,AAA,7,4,4,9,24,Moderate Risk,OK,Verified ✓,4.2,7.39,N/A,5.71,7.24,N/A
BHARAT Bond ETF-April 2032,INF754K01OB1,149398,BHARAT Bond ETF - April 2032,1,Regular,Target Maturity,41897,7.2,4.92,5.98,AAA,7,4,4,9,24,Moderate Risk,OK,Verified ✓,4.15,7.52,N/A,5.71,7.24,N/A
BHARAT Bond ETF-April 2033,INF754K01QX0,150987,BHARAT Bond ETF - April 2033,1,Regular,Target Maturity,42893,7.21,5.46,6.87,AAA,7,2,4,9,22,Moderate Risk,OK,Verified ✓,5.72,7.68,6.54,5.71,7.24,6.21
BHARAT Bond FOF-April 2030 Reg*,INF754K01KV7,147854,Bharat Bond FOF - April 2030 - Regular Plan - Growth Option,1,Regular,Target Maturity,40488,6.99,3.32,3.76,AAA,5,4,6,9,24,Moderate Risk,OK,Verified ✓,5.16,7.62,6.39,5.71,7.24,6.21
BHARAT Bond FOF-April 2031 Reg*,INF754K01LL6,148452,BHARAT Bond FOF- April 2031- Regular Plan- Growth Option,1,Regular,Target Maturity,41065,7.14,4.18,4.95,AAA,7,4,4,9,24,Moderate Risk,OK,Verified ✓,4.84,7.66,N/A,5.71,7.24,N/A
Bandhan CRISIL IBX 90:10 SDL+Gilt-April 2032 Index Reg,INF194KB1EQ5,150873,BANDHAN CRISIL IBX 90:10 SDL PLUS GILT APRIL 2032 INDEX FUND - REGULAR GROWTH,1,Regular,Target Maturity,42789,6.99,4.71,5.79,GOI/Cash,5,4,4,10,23,Moderate Risk,OK,Verified ✓,4.51,7.63,N/A,5.71,7.24,N/A
Bandhan CRISIL IBX 90:10 SDL+Gilt-November 2026 Index Reg,INF194KB1EW3,150869,BANDHAN CRISIL IBX 90:10 SDL PLUS GILT - NOV 2026 INDEX FUND - REGULAR GROWTH,0.8571428571,Regular,Target Maturity,42785,5.71,0.58,0.59,GOI/Cash,1,9,9,10,29,Low Risk,OK,Verified ✓,5.44,7.41,6.45,5.71,7.24,6.21
Bandhan CRISIL IBX 90:10 SDL+Gilt-September 2027 Index Reg,INF194KB1EW3,150869,BANDHAN CRISIL IBX 90:10 SDL PLUS GILT - NOV 2026 INDEX FUND - REGULAR GROWTH,0.7142857143,Regular,Target Maturity,42818,6.1,1.35,1.41,GOI/Cash,3,8,8,10,29,Low Risk,OK,Verified ✓,4.75,7.46,6.29,5.71,7.24,6.21
Bandhan CRISIL IBX Gilt April 2028 Index Reg,INF194KB1BS7,148790,BANDHAN CRISIL IBX Gilt April 2028 Index Fund Regular Plan-Growth,1,Regular,Target Maturity,41370,5.65,1.63,1.74,GOI/Cash,1,8,8,10,27,Moderate Risk,OK,Verified ✓,4.16,7.59,N/A,5.71,7.24,N/A
Bandhan CRISIL IBX Gilt June 2027 Index Reg,INF194KB1BL2,148786,BANDHAN CRISIL IBX Gilt June 2027 Index Fund Regular Plan-Growth,1,Regular,Target Maturity,41374,5.61,1.17,1.22,GOI/Cash,1,8,8,10,27,Moderate Risk,OK,Verified ✓,6.57,7.07,N/A,5.71,7.24,N/A
Bandhan CRISIL-IBX 10:90 Gilt + SDL Index-Dec 2029 Reg,INF194KB1JO9,153391,Bandhan CRISIL-IBX 10:90 Gilt Plus SDL Index - Dec 2029 Fund-Regular Plan-Growth,1,Regular,Target Maturity,45032,6.15,3.27,3.68,GOI/Cash,3,4,6,10,23,Moderate Risk,OK,Verified ✓,6.34,7.25,N/A,5.71,7.24,N/A
Bandhan Crisil IBX Gilt April 2026 Index Reg,INF194KB1EK8,150744,BANDHAN CRISIL IBX GILT APRIL 2026 INDEX FUND - REGULAR PLAN - GROWTH,1,Regular,Target Maturity,42667,5.3,0.11,0.11,GOI/Cash,1,10,10,10,31,Low Risk,OK,Verified ✓,6.08,7.19,6.03,5.71,7.24,6.21
Bandhan Crisil IBX Gilt April 2032 Index Reg,INF194KB1EQ5,150873,BANDHAN CRISIL IBX 90:10 SDL PLUS GILT APRIL 2032 INDEX FUND - REGULAR GROWTH,1,Regular,Target Maturity,43148,6.47,4.71,5.59,GOI/Cash,3,4,4,10,21,Moderate Risk,OK,Verified ✓,6.18,7.08,5.93,5.71,7.24,6.21
Baroda BNP Paribas NIFTY SDL December 2028 Index Reg,INF251K01RO4,151576,Baroda BNP Paribas NIFTY SDL December 2028 Index Fund - Regular Plan - Growth Option,1,Regular,Target Maturity,43303,6.33,2.44,2.7,GOI/Cash,3,6,6,10,25,Moderate Risk,OK,Verified ✓,5.62,N/A,N/A,5.71,N/A,N/A
Baroda BNP Paribas Nifty SDL December 2026 Index Reg,INF251K01RI6,151279,Baroda BNP Paribas Nifty SDL December 2026 Index Fund - Regular Plan - Growth Option,1,Regular,Target Maturity,43044,5.79,0.79,0.82,GOI/Cash,1,9,9,10,29,Low Risk,OK,Verified ✓,5.77,6.6,N/A,5.71,7.24,N/A
DSP CRISIL-IBX 50:50 Gilt Plus SDL-April 2033 Index Reg,INF740KA1RY1,151327,DSP CRISIL-IBX 50:50 Gilt Plus SDL - April 2033 Index Fund - Regular - Growth,1,Regular,Target Maturity,43068,6.95,5.23,6.59,GOI/Cash,5,2,4,10,21,Moderate Risk,OK,Verified ✓,4.6,7.58,N/A,5.71,7.24,N/A
DSP Nifty SDL + G-Sec Jun 2028 30:70 Reg,INF740KA1QS5,149968,DSP Nifty SDL Plus G-Sec Jun 2028 30:70 Index Fund - Regular - Growth,1,Regular,Target Maturity,42185,5.89,1.75,1.9,GOI/Cash,1,8,8,10,27,Moderate Risk,OK,Verified ✓,5.32,7.21,N/A,5.71,7.24,N/A
DSP Nifty SDL Plus G-Sec Sep 2027 50:50 Index Reg,INF740KA1SE1,151370,DSP Nifty SDL Plus G-Sec Sep 2027 50:50 Index Fund - Regular - Growth,1,Regular,Target Maturity,43111,5.89,1.34,1.41,GOI/Cash,1,8,8,10,27,Moderate Risk,OK,Verified ✓,6.55,7.03,N/A,5.71,7.24,N/A
Edelweiss CRISIL IBX 50:50 Gilt Plus SDL April 2037 Reg,INF754K01PB8,150720,Edelweiss CRISIL IBX 50:50 Gilt Plus SDL April 2037 Index Fund - Regular Plan - Growth,1,Regular,Target Maturity,42587,7.24,7.69,10.68,GOI/Cash,7,2,2,10,21,Moderate Risk,OK,Verified ✓,3.77,7.41,N/A,5.71,7.24,N/A
Edelweiss CRISIL IBX 50:50 Gilt Plus SDL June 2027 Reg,INF754K01PJ1,150771,Edelweiss CRISIL IBX 50:50 Gilt Plus SDL June 2027 Index Fund - Regular Plan - Growth,1,Regular,Target Maturity,42635,5.77,1.15,1.17,GOI/Cash,1,8,8,10,27,Moderate Risk,OK,Verified ✓,6.09,7.34,N/A,5.71,7.24,N/A
Edelweiss CRISIL IBX 50:50 Gilt Plus SDL Sep 2028 Index Reg,INF754K01PR4,150848,Edelweiss CRISIL IBX 50:50 Gilt Plus SDL Sep 2028 Index Fund - Regular Plan - Growth,1,Regular,Target Maturity,42707,6.13,2.13,2.25,GOI/Cash,3,6,6,10,25,Moderate Risk,OK,Verified ✓,6.28,7.23,N/A,5.71,7.24,N/A
Edelweiss CRISIL IBX AAA Fin Srvices Bond-Jan 2028 Index Reg,INF754K01TT2,153130,Edelweiss CRISIL IBX AAA Financial Services - Jan 2028 Index Fund - Regular - Growth,0.7777777778,Regular,Target Maturity,44746,7.18,1.58,1.65,AAA,7,8,8,9,32,Low Risk,OK,Verified ✓,1.7,7.19,N/A,5.71,7.24,N/A
Edelweiss CRISIL-IBX AAA Bond NBFC-HFC-Jun 2027 Index Reg,INF754K01UK9,153334,Edelweiss CRISIL IBX AAA Bond NBFC HFC Jun 2027 Index Fund - Regular Plan - Growth Option,1,Regular,Target Maturity,44974,7.25,1.14,1.21,AAA,7,8,8,9,32,Low Risk,OK,Verified ✓,6.32,7.11,N/A,5.71,7.24,N/A
Edelweiss NIFTY PSU Bond Plus SDL Apr 2026 50:50 Index Reg,INF754K01LZ6,148797,Edelweiss NIFTY PSU Bond Plus SDL Apr 2026 50:50 Index Fund - Regular Plan - Growth,1,Regular,Target Maturity,41378,5.88,0.08,0.08,AAA,1,10,10,9,30,Low Risk,OK,Verified ✓,5.8,7.26,N/A,5.71,7.24,N/A
Edelweiss NIFTY PSU Bond Plus SDL Apr 2027 50:50 Index Reg,INF754K01MP5,149249,Edelweiss NIFTY PSU Bond Plus SDL Apr 2027 50:50 Index Fund - Regular Plan - Growth,1,Regular,Target Maturity,41768,6.51,0.99,1.02,AAA,5,9,8,9,31,Low Risk,OK,Verified ✓,6.75,N/A,N/A,5.71,N/A,N/A
HDFC NIFTY G-Sec Jun 2036 Index Reg,INF179KC1FT4,151490,HDFC Nifty G-Sec Jun 2036 Index Fund - Growth Option,1,Regular,Target Maturity,43250,6.85,7.24,10.19,GOI/Cash,5,2,2,10,19,Moderately High Risk,OK,Verified ✓,6.99,N/A,N/A,5.71,N/A,N/A
HDFC NIFTY SDL Plus G-Sec Jun 2027 40:60 Index Reg,INF179KC1GB0,151571,HDFC NIFTY SDL Plus G-Sec Jun 2027 40:60 Index Fund - Growth Option,1,Regular,Target Maturity,43337,5.75,1.13,1.18,GOI/Cash,1,8,8,10,27,Moderate Risk,OK,Verified ✓,6.25,6.92,5.95,5.71,7.24,6.21
HDFC Nifty G-Sec Apr 2029 Index Reg,INF179KC1FR8,151496,HDFC Nifty G-Sec Apr 2029 Index Fund - Growth Option,1,Regular,Target Maturity,43248,6,2.72,3.06,GOI/Cash,3,6,6,10,25,Moderate Risk,OK,Verified ✓,6.62,7.17,N/A,5.71,7.24,N/A
HDFC Nifty G-Sec July 2031 Index Reg,INF179KC1EI0,150846,HDFC Nifty G-Sec July 2031 Index Fund - Growth Option,1,Regular,Target Maturity,42763,6.49,4.52,5.27,GOI/Cash,3,4,4,10,21,Moderate Risk,OK,Verified ✓,3.1,7.62,N/A,5.71,7.24,N/A
HDFC Nifty G-Sec Jun 2027 Index Reg,INF179KC1GB0,151571,HDFC NIFTY SDL Plus G-Sec Jun 2027 40:60 Index Fund - Growth Option,1,Regular,Target Maturity,42926,5.59,1.19,1.24,GOI/Cash,1,8,8,10,27,Moderate Risk,OK,Verified ✓,6.46,7.22,N/A,5.71,7.24,N/A
HDFC Nifty G-Sec Sep 2032 Index Reg,INF179KC1EM2,151182,HDFC Nifty G-Sec Sep 2032 Index Fund - Growth Option,1,Regular,Target Maturity,42928,6.61,5.21,6.37,GOI/Cash,5,2,4,10,21,Moderate Risk,OK,Verified ✓,5.91,7.56,N/A,5.71,7.24,N/A
HDFC Nifty G-sec Dec 2026 Index Reg,INF179KC1EG4,150844,HDFC Nifty G-Sec Dec 2026 Index Fund - Growth Option,1,Regular,Target Maturity,42761,5.51,0.66,0.68,GOI/Cash,1,9,9,10,29,Low Risk,OK,Verified ✓,4.66,7.64,N/A,5.71,7.24,N/A
HDFC Nifty SDL Oct 2026 Index Reg,INF179KC1FJ5,151455,HDFC Nifty SDL Oct 2026 Index Fund - Growth Option,1,Regular,Target Maturity,43193,5.59,0.45,0.46,GOI/Cash,1,10,10,10,31,Low Risk,OK,Verified ✓,6.26,7.18,N/A,5.71,7.24,N/A
HSBC CRISIL IBX 50:50 Gilt+SDL Apr 2028 Reg,INF336L01QK1,149963,HSBC CRISIL IBX 50:50 Gilt Plus SDL Apr 2028 Index Fund - Regular - Growth,1,Regular,Target Maturity,42189,6.04,1.81,1.95,GOI/Cash,3,8,8,10,29,Low Risk,OK,Verified ✓,4.3,7.56,N/A,5.71,7.24,N/A
HSBC CRISIL IBX Gilt June 2027 Index Reg,INF336L01QW6,151480,HSBC CRISIL IBX Gilt June 2027 Index Fund - Regular - Growth,1,Regular,Target Maturity,43205,5.62,1.2,1.26,GOI/Cash,1,8,8,10,27,Moderate Risk,OK,Verified ✓,6.23,6.99,N/A,5.71,7.24,N/A
ICICI Pru Nifty G-Sec Dec 2030 Index,INF109KC15K4,150732,ICICI Prudential Nifty G-Sec Dec 2030 Index Fund - Growth,1,Regular,Target Maturity,42649,6.46,3.86,4.66,GOI/Cash,3,4,4,10,21,Moderate Risk,OK,Verified ✓,6.49,7.07,N/A,5.71,7.24,N/A
ICICI Pru Nifty PSU Bond + SDL Sep 2027 40:60 Index,INF109KC1S13,149208,ICICI Prudential Nifty PSU Bond Plus SDL Sep 2027 40:60 Index Fund - Growth,1,Regular,Target Maturity,41728,6.5,1.34,1.42,AAA,5,8,8,9,30,Low Risk,OK,Verified ✓,6.02,7.25,N/A,5.71,7.24,N/A
ICICI Pru Nifty SDL Dec 2028 Index,INF109KC11L1,150728,ICICI Prudential Nifty SDL Dec 2028 Index Fund - Growth,1,Regular,Target Maturity,42645,6.54,2.45,2.73,GOI/Cash,5,6,6,10,27,Moderate Risk,OK,Verified ✓,6.23,7.08,N/A,5.71,7.24,N/A
ICICI Pru Nifty SDL Sep 2026 Index,INF109KC10P4,151208,ICICI Prudential Nifty SDL Sep 2026 Index Fund - Growth,1,Regular,Target Maturity,42952,5.52,0.37,0.38,GOI/Cash,1,10,10,10,31,Low Risk,OK,Verified ✓,4.81,7.41,N/A,5.71,7.24,N/A
ICICI Pru Nifty SDL Sep 2027 Index,INF109KC1S13,149208,ICICI Prudential Nifty PSU Bond Plus SDL Sep 2027 40:60 Index Fund - Growth,1,Regular,Target Maturity,42227,6.16,1.34,1.42,GOI/Cash,3,8,8,10,29,Low Risk,OK,Verified ✓,6.36,7.18,N/A,5.71,7.24,N/A
Invesco India Nifty G-sec Jul 2027 Index Reg,INF205KA1759,151590,Invesco India Nifty G-sec Jul 2027 Index Fund - Regular Plan - Growth,1,Regular,Target Maturity,43343,5.61,1.2,1.25,GOI/Cash,1,8,8,10,27,Moderate Risk,OK,Verified ✓,5.5,7.41,N/A,5.71,7.24,N/A
Invesco India Nifty G-sec Sep 2032 Index Reg,INF205KA1791,151594,Invesco India Nifty G-sec Sep 2032 Index Fund - Regular Plan - Growth,1,Regular,Target Maturity,43347,6.55,4.95,5.96,GOI/Cash,5,4,4,10,23,Moderate Risk,OK,Verified ✓,6.4,7,N/A,5.71,7.24,N/A
Kotak CRISIL IBX AAA Financial Services Index-Sep 2027 Reg,INF174KA1SW8,152866,Kotak CRISIL -IBX AAA Financial Services Index Sep-2027 Fund-REGULAR PLAN-GROWTH,1,Regular,Target Maturity,44549,7.15,1.34,1.42,AAA,7,8,8,9,32,Low Risk,OK,Verified ✓,6.38,7.31,N/A,5.71,7.24,N/A
Kotak CRISIL-IBX AAA Bond Fin Srvices Index-Dec 2026 Reg,INF174KA1VA8,153311,Kotak CRISIL - IBX AAA Bond Financial Services Index Dec 2026 Fund - Regular - Growth,0.8888888889,Regular,Target Maturity,44940,7.34,0.64,0.64,AAA,7,9,9,9,34,Low Risk,OK,Verified ✓,6.32,7.22,N/A,5.71,7.24,N/A
Kotak Nifty AAA Bond Financial Services Mar 2028 Index Reg,INF174KA1WV2,153683,Kotak Nifty AAA Bond Financial Services Mar 2028 Index Fund - Regular Plan - Growth,1,Regular,Target Maturity,45289,7.21,1.76,1.86,AAA,7,8,8,9,32,Low Risk,OK,Verified ✓,4.65,7.7,N/A,5.71,7.24,N/A
Kotak Nifty G-Sec July 2033 Index Reg,INF174KA1PG7,152100,Kotak Nifty G-Sec July 2033 Index Fund - Regular Plan - Growth,1,Regular,Target Maturity,43808,6.62,5.33,6.62,GOI/Cash,5,2,4,10,21,Moderate Risk,OK,Verified ✓,6.72,N/A,N/A,5.71,N/A,N/A
Kotak Nifty SDL Apr 2027 Top 12 Equal Weight Reg,INF174KA1II8,149852,Kotak Nifty SDL Apr  2027 Top 12 Equal Weight Index Fund-Regular Plan- Growth,1,Regular,Target Maturity,42082,5.98,0.97,1.01,GOI/Cash,1,9,8,10,28,Low Risk,OK,Verified ✓,6.77,N/A,N/A,5.71,N/A,N/A
Kotak Nifty SDL Apr 2032 Top 12 Equal Weight Reg,INF174KA1IO6,149862,Kotak Nifty SDL Apr 2032 Top 12 Equal Weight Index Fund-Regular Plan-Growth,1,Regular,Target Maturity,42086,7.19,4.81,5.99,GOI/Cash,7,4,4,10,25,Moderate Risk,OK,Verified ✓,N/A,N/A,N/A,N/A,N/A,N/A
Kotak Nifty SDL Jul 2026 Index Reg,INF174KA1KZ8,151216,Kotak Nifty SDL Jul 2026 Index Fund Regular Plan Growth,1,Regular,Target Maturity,42956,5.51,0.33,0.34,GOI/Cash,1,10,10,10,31,Low Risk,OK,Verified ✓,3.88,N/A,N/A,5.71,N/A,N/A
Kotak Nifty SDL Jul 2033 Index Reg,INF174KA1MG4,151417,Kotak Nifty SDL Jul 2033 Index Fund Regular Plan Growth Option,1,Regular,Target Maturity,43164,7.27,5.19,6.66,GOI/Cash,7,2,4,10,23,Moderate Risk,OK,Verified ✓,6.86,7.33,N/A,5.71,7.24,N/A
Kotak Nifty SDL Plus AAA PSU Bond Jul 2028 60:40 Index Reg,INF174KA1JQ9,150723,Kotak Nifty SDL Plus AAA PSU Bond Jul 2028 60:40 Index Fund Regular Plan - Growth,1,Regular,Target Maturity,42641,6.64,1.93,2.09,AAA,5,8,6,9,28,Low Risk,OK,Verified ✓,3.95,7.49,N/A,5.71,7.24,N/A
Mirae Asset CRISIL IBX Gilt Index-April 2033 Index Reg,INF769K01IU1,150790,Mirae Asset CRISIL IBX Gilt Index - April 2033 Index Fund - Regular Plan - Growth,1,Regular,Target Maturity,42695,6.61,5.22,6.47,GOI/Cash,5,2,4,10,21,Moderate Risk,OK,Verified ✓,6.33,6.93,N/A,5.71,7.24,N/A
Mirae Asset Nifty AAA PSU Bond Plus SDL Apr 2026 50:50 Index Reg,INF769K01JA1,150786,Mirae Asset Nifty AAA PSU Bond Plus SDL Apr 2026 50:50 Index Fund - Regular Plan - Growth,1,Regular,Target Maturity,42699,6.17,0.1,0.1,AAA,3,10,10,9,32,Low Risk,OK,Verified ✓,3.13,7.27,N/A,5.71,7.24,N/A
Mirae Asset Nifty SDL Jun 2027 Index Reg,INF769K01IE5,150360,Mirae Asset Nifty SDL Jun 2027 Index Fund - Regular Plan - Growth,1,Regular,Target Maturity,42236,6.06,1.13,1.19,GOI/Cash,3,8,8,10,29,Low Risk,OK,Verified ✓,5.96,7.27,N/A,5.71,7.24,N/A
Mirae Asset Nifty SDL June 2028 Index Reg,INF769K01JW5,151694,Mirae Asset Nifty SDL June 2028 Index Fund -Regular Plan - Growth,1,Regular,Target Maturity,43393,6.4,1.98,2.15,GOI/Cash,3,8,6,10,27,Moderate Risk,OK,Verified ✓,3.81,7.29,N/A,5.71,7.24,N/A
Nippon India CRISIL IBX AAA Fin Srvices-Dec 2026 Index Reg,INF204KC1DJ9,152994,Nippon India CRISIL - IBX AAA Financial Services - Dec 2026 Index Fund - Regular Plan - Growth Option,0.875,Regular,Target Maturity,44652,7.31,0.6,0.6,AAA,7,9,9,9,34,Low Risk,OK,Verified ✓,6.3,6.95,N/A,5.71,7.24,N/A
Nippon India CRISIL IBX AAA Fin Srvices-Jan 2028 Index Reg,INF204KC1DP6,152998,Nippon India CRISIL - IBX AAA Financial Services - Jan 2028 Index Fund - Regular Plan - Growth Option,0.875,Regular,Target Maturity,44656,7.23,1.65,1.73,AAA,7,8,8,9,32,Low Risk,OK,Verified ✓,6.52,7.28,N/A,5.71,7.24,N/A
Nippon India ETF Nifty SDL Apr 2026 Top 20 Equal Wght,INF204KC1022,148798,Nippon India ETF Nifty SDL Apr 2026 Top 20 Equal Weight,0.875,Regular,Target Maturity,41392,5.17,0.12,0.12,GOI/Cash,1,10,10,10,31,Low Risk,OK,Verified ✓,5.63,7.15,N/A,5.71,7.24,N/A
Nippon India Nifty AAA CPSE Bond + SDL-Apr 2027 Mtrty 60:40 Reg,INF204KC1493,150011,Nippon India Nifty AAA CPSE Bond Plus SDL - Apr 2027 Maturity 60:40 Index Fund - Regular Plan - Growth Option,0.875,Regular,Target Maturity,42219,6.64,0.81,0.84,AAA,5,9,9,9,32,Low Risk,OK,Verified ✓,6.97,N/A,N/A,5.71,N/A,N/A
Nippon India Nifty AAA PSU Bond+SDL-Sep 2026 Mtrty 50:50 Index Reg,INF204KC1659,150752,Nippon India Nifty AAA PSU Bond Plus SDL - Sep 2026 Maturity 50:50 Index Fund-Regular Plan-Growth Option,0.8888888889,Regular,Target Maturity,42661,6.25,0.32,0.32,AAA,3,10,10,9,32,Low Risk,OK,Verified ✓,6.68,N/A,N/A,5.71,N/A,N/A
Nippon India Nifty G-Sec Jun 2036 Mtrty Index Reg,INF204KC1998,150923,Nippon India Nifty G-Sec Jun 2036 Maturity Index Fund-Regular Plan-Growth Option,0.8333333333,Regular,Target Maturity,42826,6.84,7.22,10.11,GOI/Cash,5,2,2,10,19,Moderately High Risk,OK,Verified ✓,6.01,6.98,6.14,5.71,7.24,6.21
Nippon India Nifty G-Sec Oct 2028 Mtrty Index Reg,INF204KC1AL1,151439,Nippon India Nifty G-Sec Oct 2028 Maturity Index Fund-Regular Plan-Growth Option,0.8333333333,Regular,Target Maturity,43173,5.75,2.23,2.46,GOI/Cash,1,6,6,10,23,Moderate Risk,OK,Verified ✓,6.69,7.21,N/A,5.71,7.24,N/A
Nippon India Nifty G-Sec Sep 2027 Mtrty Index Reg,INF204KC1857,150904,Nippon India Nifty G-Sec Sep 2027 Maturity Index Fund-Regular Plan-Growth Option,0.8333333333,Regular,Target Maturity,42814,5.62,1.26,1.33,GOI/Cash,1,8,8,10,27,Moderate Risk,OK,Verified ✓,6.54,7.04,N/A,5.71,7.24,N/A
Nippon India Nifty SDL Plus G-Sec-Jun 2028 Mtrty 70:30 Index Reg,INF204KC1717,150825,Nippon India Nifty SDL Plus G-Sec - Jun 2028 Maturity 70:30 Index Fund-Regular Plan-Growth Option,0.875,Regular,Target Maturity,42733,6.22,1.84,1.99,GOI/Cash,3,8,8,10,29,Low Risk,OK,Verified ✓,3.06,7.58,N/A,5.71,7.24,N/A
Nippon India Nifty SDL Plus G-Sec-Jun 2029 Mtrty 70:30 Index Reg,INF204KC1AF3,151392,Nippon India Nifty SDL Plus G-Sec-Jun 2029 Maturity 70:30 Index Fund-Regular Plan- Growth Option,0.875,Regular,Target Maturity,43169,6.47,2.7,3.03,GOI/Cash,3,6,6,10,25,Moderate Risk,OK,Verified ✓,6.1,7.35,N/A,5.71,7.24,N/A
PGIM India CRISIL IBX Gilt Index-Apr 2028 Reg,INF663L01X54,151404,"PGIM India CRISIL IBX Gilt Index - Apr 2028 Fund - Regular Plan, Growth Option",1,Regular,Target Maturity,43156,5.88,1.63,1.75,AAA,1,8,8,9,26,Moderate Risk,OK,Verified ✓,6.16,7.12,N/A,5.71,7.24,N/A
SBI CPSE Bond + SDL Sep 2026 50:50 Reg,INF200KA10D1,149472,SBI CPSE Bond Plus SDL Sep 2026 50:50 Index Fund - Regular Plan - Growth,1,Regular,Target Maturity,41948,6.32,0.32,0.33,AAA,3,10,10,9,32,Low Risk,OK,Verified ✓,5.92,7.29,N/A,5.71,7.24,N/A
SBI CRISIL IBX Gilt Index-April 2029 Reg,INF200KA15Q2,150707,SBI CRISIL IBX Gilt Index - April 2029 Fund - Regular Plan - Growth,1,Regular,Target Maturity,42611,6.01,2.77,3.1,GOI/Cash,3,6,6,10,25,Moderate Risk,OK,Verified ✓,5.6,7.43,N/A,5.71,7.24,N/A
SBI CRISIL IBX Gilt Index-June 2036 Reg,INF200KA19P6,150683,SBI CRISIL IBX Gilt Index - June 2036 Fund - Regular Plan - Growth,1,Regular,Target Maturity,42591,6.85,7.24,10.2,GOI/Cash,5,2,2,10,19,Moderately High Risk,OK,Verified ✓,6,7.13,N/A,5.71,7.24,N/A
SBI CRISIL IBX SDL Index-September 2027 Reg,INF200KA11R9,150712,SBI CRISIL IBX SDL Index - September 2027 Fund - Regular Plan - Growth,1,Regular,Target Maturity,42615,6.11,1.33,1.39,GOI/Cash,3,8,8,10,29,Low Risk,OK,Verified ✓,6.59,7.07,N/A,5.71,7.24,N/A
Tata Nifty G-Sec Dec 2026 Index Reg,INF277KA1828,151306,Tata Nifty G Sec Dec 2026 Index Fund-Regular Plan-Growth,1,Regular,Target Maturity,43056,5.88,0.62,0.64,GOI/Cash,1,9,9,10,29,Low Risk,OK,Verified ✓,5.76,7.46,N/A,5.71,7.24,N/A
Tata Nifty G-Sec Dec 2029 Index Reg,INF277KA1760,151275,Tata Nifty G-Sec Dec 2029 Index Fund - Regular Plan - Growth,1,Regular,Target Maturity,43009,6.64,2.97,3.35,GOI/Cash,5,6,6,10,27,Moderate Risk,OK,Verified ✓,3.01,7.47,N/A,5.71,7.24,N/A
Tata Nifty SDL+AAA PSU Bond Dec 27 60:40 Reg,INF277KA1406,150330,Tata Nifty SDL Plus AAA PSU Bond Dec 6040 Index Fund-Regular Plan -Growth,1,Regular,Target Maturity,42258,6.8,1.52,1.61,AAA,5,8,8,9,30,Low Risk,OK,Verified ✓,6.4,7.29,N/A,5.71,7.24,N/A
UTI CRISIL SDL Maturity April 2033 Index Reg,INF789F1AWW5,151184,UTI CRISIL SDL Maturity April 2033 Index Fund - Regular Plan - Growth Option,1,Regular,Target Maturity,42944,7.44,5.5,7.11,GOI/Cash,7,2,2,10,21,Moderate Risk,OK,Verified ✓,6.12,6.88,N/A,5.71,7.24,N/A
UTI CRISIL SDL Maturity June 2027 Index Reg,INF789F1AWY1,151238,UTI CRISIL SDL Maturity June 2027 Index Fund - Regular Plan - Growth Option,1,Regular,Target Maturity,42990,6.13,1.21,1.26,GOI/Cash,3,8,8,10,29,Low Risk,OK,Verified ✓,5.74,7.46,N/A,5.71,7.24,N/A
UTI Nifty SDL Plus AAA PSU Bond Apr 2026 75:25 Index Reg,INF789F1AXK8,151363,UTI NIFTY SDL Plus AAA PSU Bond Apr 2026 75:25 Index Fund - Regular Plan - Growth Option,1,Regular,Target Maturity,43130,5.58,0.18,0.18,GOI/Cash,1,10,10,10,31,Low Risk,OK,Verified ✓,6.16,7.12,N/A,5.71,7.24,N/A
UTI Nifty SDL Plus AAA PSU Bond Apr 2028 75:25 Index Reg,INF789F1AXQ5,151488,UTI NIFTY SDL Plus AAA PSU Bond Apr 2028- 75:25 Index Fund - Regular Plan - Growth Option,1,Regular,Target Maturity,43245,6.46,1.97,2.15,AAA,3,8,6,9,26,Moderate Risk,OK,Verified ✓,3.17,7.3,N/A,5.71,7.24,N/A
ABSL CRISIL-IBX Fin Srvices 3 to 6 Months Debt Index Reg,INF209KC1472,153177,Aditya Birla Sun Life Crisil-IBX Financial Services 3 to 6 Months Debt Index Fund-Regular Growth,0.8571428571,Regular,Ultra Short Duration,44827,7.54,0.37,0.37,AAA,8,10,10,9,37,Very Low Risk,OK,Verified ✓,6.51,7.19,N/A,5.71,7.24,N/A
ABSL Savings Reg,INF209KA1TS3,132998,Aditya Birla Sun Life Equity Savings Fund - Regular Plan - Growth,1,Regular,Ultra Short Duration,1684,7.45,0.52,0.59,AAA,7,9,9,9,34,Low Risk,OK,Verified ✓,6.01,6.85,N/A,5.71,7.24,N/A
ABSL Savings Ret,INF209KA1TS3,132998,Aditya Birla Sun Life Equity Savings Fund - Regular Plan - Growth,1,Regular,Ultra Short Duration,1129,7.45,0.52,0.59,AAA,7,9,9,9,34,Low Risk,OK,Verified ✓,5.9,7.28,N/A,5.71,7.24,N/A
Axis CRISIL-IBX Fin Srvices 3-6 Months Debt Index Reg,INF846KA1218,153880,Axis CRISIL-IBX Financial Services 3-6 Months Debt Index Fund - Regular Plan - Growth option,0.8571428571,Regular,Ultra Short Duration,45517,7.1,0.21,0.22,AAA,7,10,10,9,36,Very Low Risk,OK,Verified ✓,6.59,N/A,N/A,6.16,N/A,N/A
Axis Ultra Short Duration Reg,INF846K01G23,144759,Axis Ultra Short Duration Fund - Regular Plan Growth,1,Regular,Ultra Short Duration,37531,6.9,0.48,0.5,AAA,5,10,10,9,34,Low Risk,OK,Verified ✓,6.66,7.32,6.32,6.16,6.72,5.81
Bandhan CRISIL-IBX Financial Services 3-6 Months Debt Index Reg,INF194KB1JS0,153408,Bandhan CRISIL-IBX Financial Services 3-6 Months Debt Index Fund - Regular Plan - Growth,1,Regular,Ultra Short Duration,45044,7.16,0.23,0.24,AAA,7,10,10,9,36,Very Low Risk,OK,Verified ✓,6.66,7.32,6.32,6.16,6.72,5.81
Bandhan Ultra Short Duration Reg,INF194KA10Q8,144171,BANDHAN ULTRA SHORT DURATION FUND - REGULAR PLAN GROWTH,1,Regular,Ultra Short Duration,36950,6.76,0.47,0.53,AAA,5,10,9,9,33,Low Risk,OK,Verified ✓,N/A,N/A,N/A,N/A,N/A,N/A
Bank of India Ultra Short Duration Reg,INF761K01298,109269,BANK OF INDIA Ultra Short Duration Fund- Regular Plan- Growth,1,Regular,Ultra Short Duration,8389,6.51,0.39,0.39,AAA,5,10,10,9,34,Low Risk,OK,Verified ✓,6.04,6.62,5.62,6.16,6.72,5.81
Baroda BNP Paribas Ultra Short Duration Reg,INF955L01GX2,143464,Baroda BNP Paribas Ultra Short Duration Fund - Regular Plan - Growth,1,Regular,Ultra Short Duration,36292,6.98,0.47,0.52,AAA,5,10,9,9,33,Low Risk,OK,Verified ✓,6.08,N/A,N/A,6.16,N/A,N/A
Canara Robeco Ultra Short Term Reg,INF760K01DC9,109371,CANARA ROBECO ULTRA SHORT TERM FUND - REGULAR PLAN - GROWTH OPTION,1,Regular,Ultra Short Duration,8320,6.9,0.42,1.13,AAA,5,10,8,9,32,Low Risk,OK,Verified ✓,6.4,7.02,5.97,6.16,6.72,5.81
DSP Ultra Short Reg,INF740K01QQ3,104138,DSP Ultra Short Fund - Regular Plan - Growth,1,Regular,Ultra Short Duration,3574,6.93,0.47,0.61,AAA,5,10,9,9,33,Low Risk,OK,Verified ✓,6.03,6.41,5.55,6.16,6.72,5.81
Franklin India Ultra Short Duration Reg,INF090I01XJ8,152828,Franklin India Ultra Short Duration Fund - Growth,1,Regular,Ultra Short Duration,44495,6.51,0.45,0.75,AAA,5,10,9,9,33,Low Risk,OK,Verified ✓,6.47,7.11,6.2,6.16,6.72,5.81
HDFC CRISIL-IBX Fin Srvices 3-6 Months Debt Index Reg,INF179KC1JJ7,153518,HDFC CRISIL-IBX Financial Services 3-6 Months Debt Index Fund - Regular Growth Plan,0.8571428571,Regular,Ultra Short Duration,45139,7.03,0.22,0.23,AAA,7,10,10,9,36,Very Low Risk,OK,Verified ✓,5.95,6.48,5.41,6.16,6.72,5.81
HDFC Ultra Short Term Reg,INF179KB11R3,145040,HDFC Ultra Short Term Fund - Growth Option,1,Regular,Ultra Short Duration,37802,6.91,0.48,0.7,AAA,5,10,9,9,33,Low Risk,OK,Verified ✓,5.92,6.66,5.6,6.16,6.72,5.81
HSBC Ultra Short Duration Reg,INF336L01OW1,147907,HSBC Ultra Short Duration Fund - Regular Growth,1,Regular,Ultra Short Duration,40539,6.8,0.49,0.49,AAA,5,10,10,9,34,Low Risk,OK,Verified ✓,6.39,N/A,N/A,6.16,N/A,N/A
ICICI Pru CRISIL-IBX Financial Services 3-6 Months Debt Index,INF109K1A039,153409,ICICI Prudential CRISIL-IBX Financial Services 3-6 Months Debt Index Fund - Growth,1,Regular,Ultra Short Duration,45046,7.16,0.23,0.23,AAA,7,10,10,9,36,Very Low Risk,OK,Verified ✓,N/A,N/A,N/A,N/A,N/A,N/A
ICICI Pru Ultra Short Term,INF109K01TP7,115092,ICICI Prudential Ultra Short Term Fund - Growth,1,Regular,Ultra Short Duration,12627,7.11,0.47,0.54,AAA,7,10,9,9,35,Very Low Risk,OK,Verified ✓,6.25,6.97,5.98,6.16,6.72,5.81
ITI Ultra Short Duration Reg,INF00XX01952,148906,ITI Ultra Short Duration Fund - Regular Plan - Growth Option,1,Regular,Ultra Short Duration,41468,6.31,0.26,0.28,AAA,3,10,10,9,32,Low Risk,OK,Verified ✓,6.46,7.05,6.02,6.16,6.72,5.81
Invesco India Ultra Short Duration Reg,INF205K01TM0,114359,Invesco India Ultra Short Duration Fund - Regular Plan - Growth,1,Regular,Ultra Short Duration,11881,6.95,0.44,0.44,AAA,5,10,10,9,34,Low Risk,OK,Verified ✓,6.71,N/A,N/A,6.16,N/A,N/A
Kotak CRISIL-IBX Fin Srvices 3-6 Months Debt Index Reg,INF174KA1VN1,153375,Kotak CRISIL-IBX Financial Services 3-6 Months Debt Index Fund-Regular-Growth,0.8571428571,Regular,Ultra Short Duration,44994,7.21,0.23,0.23,AAA,7,10,10,9,36,Very Low Risk,OK,Verified ✓,6.5,7.05,6.1,6.16,6.72,5.81
Kotak Savings Reg,INF174K01C78,131372,Kotak Equity Savings Fund - Regular - Growth,1,Regular,Ultra Short Duration,2328,7.12,0.49,0.55,AAA,7,10,9,9,35,Very Low Risk,OK,Verified ✓,5.78,6.3,N/A,6.16,6.72,N/A
LIC MF Ultra Short Duration Reg,INF767K01QO1,147770,LIC MF Ultra Short Duration Fund-Regular Plan-Growth,1,Regular,Ultra Short Duration,40407,6.64,0.36,0.36,AAA,5,10,10,9,34,Low Risk,OK,Verified ✓,6.22,6.9,5.77,6.16,6.72,5.81
Mahindra Manulife Ultra Short Duration Reg,INF174V01853,147734,Mahindra Manulife Ultra Short Duration Fund - Regular Plan - Growth,1,Regular,Ultra Short Duration,40340,7.6,0.38,0.39,AAA,8,10,10,9,37,Very Low Risk,OK,Verified ✓,6.44,N/A,N/A,6.16,N/A,N/A
Mirae Asset Ultra Short Duration Reg,INF769K01GH2,148530,Mirae Asset Ultra Short Duration Fund Regular Growth,1,Regular,Ultra Short Duration,41137,6.75,0.49,0.5,AAA,5,10,10,9,34,Low Risk,OK,Verified ✓,6.22,6.82,5.85,6.16,6.72,5.81
Motilal Oswal Ultra Short Term Reg,INF247L01213,124233,Motilal Oswal Ultra Short Term Fund (MOFUSTF)-Regular Plan- Growth,1,Regular,Ultra Short Duration,21380,6.54,0.34,0.35,AAA,5,10,10,9,34,Low Risk,OK,Verified ✓,5.89,6.44,5.7,6.16,6.72,5.81
Nippon India CRISIL-IBX Financial Services 3-6 Months Debt Index Reg,INF204KC1DJ9,152994,Nippon India CRISIL - IBX AAA Financial Services - Dec 2026 Index Fund - Regular Plan - Growth Option,0.7142857143,Regular,Ultra Short Duration,45883,,,,--,1,1,1,1,4,High Risk,OK,Verified ✓,6.26,6.91,5.89,6.16,6.72,5.81
Nippon India Ultra Short Duration Reg,INF204KB17H7,147674,Nippon India Ultra Short Duration Fund - Segregated Portfolio 1 - Growth Option,1,Regular,Ultra Short Duration,1141,7.27,0.49,0.66,AAA,7,10,9,9,35,Very Low Risk,OK,Verified ✓,6.52,7.2,6.16,6.16,6.72,5.81
Nippon India Ultra Short Duration Seg Port1 Reg,INF204KB17H7,147674,Nippon India Ultra Short Duration Fund - Segregated Portfolio 1 - Growth Option,0.8,Regular,Ultra Short Duration,40327,10.75,0.33,0.07,BBB,10,10,10,1,31,Low Risk,OK,Verified ✓,5.26,5.74,4.81,6.16,6.72,5.81
PGIM India Ultra Short Duration,INF223J01FK8,138343,PGIM India Ultra Short Duration Fund - Growth,1,Regular,Ultra Short Duration,8285,7.02,0.34,0.35,AAA,7,10,10,9,36,Very Low Risk,OK,Verified ✓,N/A,N/A,N/A,N/A,N/A,N/A
SBI Ultra Short Duration Reg,INF200K01LJ4,100641,SBI ULTRA SHORT DURATION FUND - REGULAR PLAN - GROWTH,1,Regular,Ultra Short Duration,609,6.47,0.39,0.5,AAA,3,10,10,9,32,Low Risk,OK,Verified ✓,6.29,6.84,6.7,6.16,6.72,5.81
Sundaram Ultra Short Duration Reg,INF173K01CU9,149535,Sundaram Ultra Short Duration Fund (Formerly Known as Principal Ultra Short Term Fund)-Growth Option,1,Regular,Ultra Short Duration,6609,6.65,0.47,0.48,AAA,5,10,10,9,34,Low Risk,OK,Verified ✓,N/A,N/A,N/A,N/A,N/A,N/A
Tata Ultra Short Term Reg,INF277K016S1,146070,Tata Ultra Short Term Fund-Regular Plan-Growth,1,Regular,Ultra Short Duration,38827,7.45,0.49,0.75,AAA,7,10,9,9,35,Very Low Risk,OK,Verified ✓,5.74,6.45,5.58,6.16,6.72,5.81
UTI Ultra Short Duration Discontinued Inst,INF789F01PM1,112083,UTI Ultra Short Duration Fund - Discontinued - INSTN GROWTH OPTION,1,Regular,Ultra Short Duration,10583,6.76,0.41,0.47,AAA,5,10,10,9,34,Low Risk,OK,Verified ✓,N/A,N/A,N/A,N/A,N/A,N/A
UTI Ultra Short Duration Reg,INF789F01PM1,112083,UTI Ultra Short Duration Fund - Discontinued - INSTN GROWTH OPTION,1,Regular,Ultra Short Duration,1828,6.76,0.41,0.47,AAA,5,10,10,9,34,Low Risk,OK,Verified ✓,6.42,7.03,5.99,6.16,6.72,5.81
WhiteOak Capital Ultra Short Duration Reg,INF03VN01282,147307,WhiteOak Capital Ultra Short Duration Fund- Regular plan-Growth Option,1,Regular,Ultra Short Duration,39933,6.98,0.4,0.4,AAA,5,10,10,9,34,Low Risk,OK,Verified ✓,5.33,6.02,5.05,6.16,6.72,5.81