Fund Name,Plan,Category,VR ID,ISIN,Scheme Code,Mapping Status,Alpha,Beta,Sharpe,Std Dev,Mean Return,Sortino,"Alpha Score
(/12)","Sharpe Score
(/12)","Std Dev Score
(/6)","Beta Score
(/6)","Sortino Score
(/4)","TOTAL
(/40)",RISK CATEGORY,Verification Status,Note,Return_1Y,Return_3Y,Return_5Y,Return_7Y,Return_10Y,Benchmark_Name,BM_Return_1Y,BM_Return_3Y,BM_Return_5Y,BM_Return_7Y,BM_Return_10Y
360 ONE ELSS Tax Saver Nifty 50 Index Dir,Direct,ELSS (Tax Saver),42908,INF579M01AN2,151165,NAV-verified,-2.24,0.88,0.31,13.26,10.16,0.39,2,2,4,4,1,13,Moderately High Risk,OK,Verified ✓,8.34,11.86,N/A,N/A,N/A,BSE 500 TRI,10.42,15.47,N/A,N/A,N/A
ABSL ELSS Tax Saver Dir,Direct,ELSS (Tax Saver),15889,INF209K01UN8,119544,NAV-verified,0.55,0.93,0.53,13.76,13.25,0.66,6,6,4,4,1,21,Moderate Risk,OK,Verified ✓,14.39,15.88,9.87,10.2,12.08,BSE 500 TRI,10.42,15.47,13.24,13.98,14.69
Axis ELSS Tax Saver Dir,Direct,ELSS (Tax Saver),15688,INF846K01EW2,120503,NAV-verified,0.22,0.92,0.48,14.32,12.88,0.63,6,4,3,4,1,18,Moderately High Risk,OK,Verified ✓,6.56,14.76,8.98,11.94,13.26,BSE 500 TRI,10.42,15.47,13.24,13.98,14.69
Bajaj Finserv ELSS Tax Saver Dir,Direct,ELSS (Tax Saver),44856,INF0QA701AK0,153201,NAV-verified,,,,,,,1,1,1,1,1,5,High Risk,OK,Verified ✓,8.6,N/A,N/A,N/A,N/A,BSE 500 TRI,10.42,N/A,N/A,N/A,N/A
Bandhan ELSS Tax Saver Dir,Direct,ELSS (Tax Saver),16493,INF194K01Y29,118473,NAV-verified,0.66,0.9,0.53,13.37,13.16,0.65,6,6,4,4,1,21,Moderate Risk,OK,Verified ✓,11.19,15.57,15.15,16.2,16.6,BSE 500 TRI,10.42,15.47,13.24,13.98,14.69
Bank of Ind Midcap Tax 2 Dir,Direct,ELSS (Tax Saver),36922,INF209KB1W74,148807,NAV-verified,1.29,1.1,0.53,17.3,15.24,0.7,6,6,2,2,1,17,Moderately High Risk,OK,Verified ✓,18.05,17.8,13.78,16.95,N/A,BSE 500 TRI,10.42,15.47,13.24,13.98,N/A
Bank of India ELSS Tax Saver Fund Dir,Direct,ELSS (Tax Saver),16803,INF761K01884,119351,NAV-verified,2.53,1.07,0.6,17.05,16.27,0.81,8,6,2,2,2,20,Moderate Risk,OK,Verified ✓,14.64,18.31,15.62,19.16,17.8,BSE 500 TRI,10.42,15.47,13.24,13.98,14.69
Bank of India Midcap Tax Sr 1 Dir,Direct,ELSS (Tax Saver),34774,INF761K01DS3,141950,NAV-verified,1.89,1.1,0.56,17.63,15.87,0.71,8,6,2,2,1,19,Moderately High Risk,OK,Verified ✓,21.26,18.23,14.33,17.85,N/A,BSE 500 TRI,10.42,15.47,13.24,13.98,N/A
Baroda BNP Paribas ELSS Tax Saver Dir,Direct,ELSS (Tax Saver),15732,INF251K01HF3,150159,NAV-verified,3.94,0.96,0.74,14.64,16.87,0.93,10,8,3,3,2,26,Moderate Risk,OK,Verified ✓,14.04,19.69,14.88,15.77,14.38,BSE 500 TRI,10.42,15.47,13.24,13.98,14.69
Canara Robeco ELSS Tax Saver Dir,Direct,ELSS (Tax Saver),16594,INF760K01EL8,118285,NAV-verified,0.48,0.94,0.52,13.9,13.29,0.63,6,6,4,4,1,21,Moderate Risk,OK,Verified ✓,12.14,15.65,13.75,16.17,16.09,BSE 500 TRI,10.42,15.47,13.24,13.98,14.69
DSP ELSS Tax Saver Dir,Direct,ELSS (Tax Saver),16454,INF740K01OK1,119242,NAV-verified,3.57,1.01,0.72,15.18,16.88,0.88,10,8,3,3,2,26,Moderate Risk,OK,Verified ✓,9,19.61,16.35,17.06,17,BSE 500 TRI,10.42,15.47,13.24,13.98,14.69
Edelweiss ELSS Tax Saver Dir,Direct,ELSS (Tax Saver),17762,INF754K01CA8,118620,NAV-verified,1.97,0.98,0.62,14.64,15.1,0.77,8,6,3,3,1,21,Moderate Risk,OK,Verified ✓,15.96,17.77,14.94,15.04,14.34,BSE 500 TRI,10.42,15.47,13.24,13.98,14.69
Franklin India ELSS Tax Saver Dir,Direct,ELSS (Tax Saver),16014,INF090I01JS8,118540,NAV-verified,2.11,0.95,0.63,14.16,15,0.78,8,6,3,4,1,22,Moderate Risk,OK,Verified ✓,6.54,17.36,15.64,14.61,14.09,BSE 500 TRI,10.42,15.47,13.24,13.98,14.69
Groww ELSS Tax Saver Dir,Direct,ELSS (Tax Saver),34683,INF666M01DK7,141808,NAV-verified,-1.1,0.99,0.4,15.13,12.05,0.46,4,4,3,3,1,15,Moderately High Risk,OK,Verified ✓,10,13.92,11.75,11.93,N/A,BSE 500 TRI,10.42,15.47,13.24,13.98,N/A
HDFC ELSS Tax Saver Dir,Direct,ELSS (Tax Saver),16160,INF179K01YS4,119060,NAV-verified,4.18,0.89,0.79,13.43,16.66,0.93,10,8,4,4,2,28,Low Risk,OK,Verified ✓,8.22,19.51,18.82,15.19,15.34,BSE 500 TRI,10.42,15.47,13.24,13.98,14.69
HSBC ELSS Tax Saver Dir,Direct,ELSS (Tax Saver),16200,INF917K01GP0,151078,NAV-verified,3.13,1.01,0.66,15.68,16.45,0.77,10,8,3,3,1,25,Moderate Risk,OK,Verified ✓,13.91,19.38,14.6,14.43,14.77,BSE 500 TRI,10.42,15.47,13.24,13.98,14.69
ICICI Pru ELSS Tax Saver Dir,Direct,ELSS (Tax Saver),15862,INF109K01Y31,120592,NAV-verified,1.65,0.89,0.6,13.41,14.07,0.76,8,6,4,4,1,23,Moderate Risk,OK,Verified ✓,9.8,16.53,14.05,14.04,14.53,BSE 500 TRI,10.42,15.47,13.24,13.98,14.69
ICICI Pru Long Term Wealth Enhancement Dir,Direct,ELSS (Tax Saver),34952,INF109KC1093,142134,NAV-verified,3.2,0.9,0.69,13.91,15.69,0.88,10,8,4,4,2,28,Low Risk,OK,Verified ✓,10.18,18.5,17.06,15.3,N/A,BSE 500 TRI,10.42,15.47,13.24,13.98,N/A
ITI ELSS Tax Saver Dir,Direct,ELSS (Tax Saver),40137,INF00XX01390,147541,NAV-verified,2.28,1.13,0.59,17.55,16.46,0.73,8,6,2,2,1,19,Moderately High Risk,OK,Verified ✓,11.94,19.91,13.95,N/A,N/A,BSE 500 TRI,10.42,15.47,13.24,N/A,N/A
Invesco India ELSS Tax Saver Dir,Direct,ELSS (Tax Saver),16849,INF205K01NT8,120416,NAV-verified,-0.07,1.02,0.47,15.64,13.35,0.56,4,4,3,3,1,15,Moderately High Risk,OK,Verified ✓,5.28,15.86,12.18,13.63,14.65,BSE 500 TRI,10.42,15.47,13.24,13.98,14.69
JM ELSS Tax Saver Dir,Direct,ELSS (Tax Saver),16552,INF192K01CE3,120494,NAV-verified,2.82,1.03,0.64,16.09,16.29,0.83,8,6,3,3,2,22,Moderate Risk,OK,Verified ✓,9.44,18.82,15.53,16.44,17.07,BSE 500 TRI,10.42,15.47,13.24,13.98,14.69
Kotak ELSS Tax Saver Dir,Direct,ELSS (Tax Saver),16380,INF174K01LI3,119773,NAV-verified,0.14,0.96,0.48,14.6,13.1,0.54,6,4,3,3,1,17,Moderately High Risk,OK,Verified ✓,10.03,15.45,14.45,15.69,16.02,BSE 500 TRI,10.42,15.47,13.24,13.98,14.69
LIC MF ELSS Tax Saver Dir,Direct,ELSS (Tax Saver),16868,INF767K01EM1,120270,NAV-verified,-0.6,0.94,0.43,14.43,12.17,0.5,4,4,3,4,1,16,Moderately High Risk,OK,Verified ✓,3.51,14.53,12.84,12.78,12.91,BSE 500 TRI,10.42,15.47,13.24,13.98,14.69
Mahindra Manulife ELSS Tax Saver Dir,Direct,ELSS (Tax Saver),32895,INF174V01093,139781,NAV-verified,-0.31,0.93,0.46,13.75,12.4,0.58,4,4,4,4,1,17,Moderately High Risk,OK,Verified ✓,8.32,14.12,14.1,14.75,N/A,BSE 500 TRI,10.42,15.47,13.24,13.98,N/A
Mirae Asset ELSS Tax Saver Dir,Direct,ELSS (Tax Saver),31318,INF769K01DM9,135781,NAV-verified,1.11,1,0.56,14.76,14.34,0.66,6,6,3,3,1,19,Moderately High Risk,OK,Verified ✓,13.91,17.01,14.31,16.76,18.86,BSE 500 TRI,10.42,15.47,13.24,13.98,14.69
Motilal Oswal ELSS Tax Saver Dir,Direct,ELSS (Tax Saver),29162,INF247L01569,133386,NAV-verified,7.31,1.08,0.77,19.55,21.11,0.9,12,8,2,2,2,26,Moderate Risk,OK,Verified ✓,21.99,25.42,19.47,18.47,18.57,BSE 500 TRI,10.42,15.47,13.24,13.98,14.69
NJ ELSS Tax Saver Dir,Direct,ELSS (Tax Saver),43365,INF0J8L01115,151611,NAV-verified,,,,,,,1,1,1,1,1,5,High Risk,OK,Verified ✓,6.99,N/A,N/A,N/A,N/A,BSE 500 TRI,10.42,N/A,N/A,N/A,N/A
Navi ELSS Tax Saver Dir,Direct,ELSS (Tax Saver),31265,INF959L01CD5,135654,NAV-verified,-1.64,0.96,0.36,14.49,11.3,0.48,4,4,3,3,1,15,Moderately High Risk,OK,Verified ✓,7.64,13.01,11.65,11.55,12.9,BSE 500 TRI,10.42,15.47,13.24,13.98,14.69
Navi ELSS Tax Saver Nifty 50 Index Dir,Direct,ELSS (Tax Saver),43191,INF959L01GR6,151471,NAV-verified,-2.26,0.89,0.31,13.33,10.16,0.38,2,2,4,4,1,13,Moderately High Risk,OK,Verified ✓,8.35,11.88,N/A,N/A,N/A,BSE 500 TRI,10.42,15.47,N/A,N/A,N/A
Nippon India ELSS Tax Saver Dir,Direct,ELSS (Tax Saver),16186,INF204K01L55,118803,NAV-verified,2.56,0.97,0.66,14.45,15.58,0.88,8,8,3,3,2,24,Moderate Risk,OK,Verified ✓,12.39,18.03,15.52,12.97,12.39,BSE 500 TRI,10.42,15.47,13.24,13.98,14.69
PGIM India ELSS Tax Saver Dir,Direct,ELSS (Tax Saver),31167,INF663L01FN5,135601,NAV-verified,-3.09,0.9,0.25,13.81,9.46,0.31,2,2,4,4,1,13,Moderately High Risk,OK,Verified ✓,4.96,11.3,12.86,14,14.5,BSE 500 TRI,10.42,15.47,13.24,13.98,14.69
Parag Parikh ELSS Tax Saver Dir,Direct,ELSS (Tax Saver),40105,INF879O01100,147481,NAV-verified,1.91,0.72,0.64,11.15,13.16,0.82,8,6,5,6,2,27,Low Risk,OK,Verified ✓,4.72,15.38,16.15,N/A,N/A,BSE 500 TRI,10.42,15.47,13.24,N/A,N/A
Quant ELSS Tax Saver Dir,Direct,ELSS (Tax Saver),17381,INF966L01986,120847,NAV-verified,1.76,1.07,0.56,16.93,15.54,0.9,8,6,3,2,2,21,Moderate Risk,OK,Verified ✓,16.48,18.11,18.39,23.35,21.11,BSE 500 TRI,10.42,15.47,13.24,13.98,14.69
Quantum ELSS Tax Saver Dir,Direct,ELSS (Tax Saver),10080,INF082J01069,111549,NAV-verified,1.49,0.86,0.59,13.1,13.75,0.72,6,6,4,4,1,21,Moderate Risk,OK,Verified ✓,4.42,15.88,12.83,11.97,12.66,BSE 500 TRI,10.42,15.47,13.24,13.98,14.69
SBI ELSS Tax Saver Dir,Direct,ELSS (Tax Saver),16244,INF200K01UM9,119723,NAV-verified,5.96,1,0.87,15.11,19.21,1.09,12,10,3,3,2,30,Low Risk,OK,Verified ✓,9.48,22.05,18.81,17.35,15.77,BSE 500 TRI,10.42,15.47,13.24,13.98,14.69
SBI Long Term Advantage Sr IV Dir,Direct,ELSS (Tax Saver),33323,INF200KA1LS9,140487,NAV-verified,0.57,0.91,0.46,15.32,13.14,0.6,6,4,3,4,1,18,Moderately High Risk,OK,Verified ✓,11.93,15.28,17.35,21.01,N/A,BSE 500 TRI,10.42,15.47,13.24,13.98,N/A
SBI Long Term Advantage Sr V Dir,Direct,ELSS (Tax Saver),34960,INF200KA1RW8,142138,NAV-verified,5.81,0.96,0.82,15.52,18.76,1.02,12,10,3,3,2,30,Low Risk,OK,Verified ✓,11.41,22.4,17.36,17.25,N/A,BSE 500 TRI,10.42,15.47,13.24,13.98,N/A
SBI Long Term Advantage Sr VI Dir,Direct,ELSS (Tax Saver),35971,INF200KA1TO1,143178,NAV-verified,0.14,1.08,0.47,16.96,13.93,0.55,6,4,3,2,1,16,Moderately High Risk,OK,Verified ✓,6.81,17.04,14.97,16.27,N/A,BSE 500 TRI,10.42,15.47,13.24,13.98,N/A
Samco ELSS Tax Saver Dir,Direct,ELSS (Tax Saver),42760,INF0K1H01065,150838,NAV-verified,-7.04,1.09,0.04,18.75,6.83,0.05,1,1,2,2,1,7,High Risk,OK,Verified ✓,9.85,7.44,N/A,N/A,N/A,BSE 500 TRI,10.42,15.47,N/A,N/A,N/A
Shriram ELSS Tax Saver Dir,Direct,ELSS (Tax Saver),38439,INF680P01158,145819,NAV-verified,-3.12,1.02,0.26,16.39,10.27,0.3,2,2,3,3,1,11,High Risk,OK,Verified ✓,7.65,11.92,10.51,11.79,N/A,BSE 500 TRI,10.42,15.47,13.24,13.98,N/A
Sundaram ELSS Tax Saver Dir,Direct,ELSS (Tax Saver),16650,INF173K01HZ7,149570,NAV-verified,-0.17,0.91,0.47,13.57,12.39,0.54,4,4,4,4,1,17,Moderately High Risk,OK,Verified ✓,8.61,14.7,13.75,13.46,13.86,BSE 500 TRI,10.42,15.47,13.24,13.98,14.69
Sundaram Long Term Micro Cap Tax Advantage III Dir,Direct,ELSS (Tax Saver),32783,INF903JA1443,139711,NAV-verified,1.81,1,0.52,17.33,15.05,0.73,8,6,2,3,1,20,Moderate Risk,OK,Verified ✓,17.13,17.76,20.77,17.06,N/A,BSE 500 TRI,10.42,15.47,13.24,13.98,N/A
Sundaram Long Term Micro Cap Tax Advantage IV Dir,Direct,ELSS (Tax Saver),33066,INF903JA1526,139990,NAV-verified,2.05,0.99,0.53,17.21,15.23,0.76,8,6,2,3,1,20,Moderate Risk,OK,Verified ✓,17.12,18.04,20.94,17.49,N/A,BSE 500 TRI,10.42,15.47,13.24,13.98,N/A
Sundaram Long Term Micro Cap Tax Advantage V Dir,Direct,ELSS (Tax Saver),34226,INF903JA1955,141141,NAV-verified,2.52,0.99,0.56,17.12,15.69,0.79,8,6,2,3,1,20,Moderate Risk,OK,Verified ✓,17.71,18.42,20.78,17.58,N/A,BSE 500 TRI,10.42,15.47,13.24,13.98,N/A
Sundaram Long Term Micro Cap Tax Advantage VI Dir,Direct,ELSS (Tax Saver),34431,INF903JA1AZ0,141564,NAV-verified,2.25,0.98,0.55,17.05,15.36,0.79,8,6,2,3,1,20,Moderate Risk,OK,Verified ✓,16.46,18.04,21.59,17.75,N/A,BSE 500 TRI,10.42,15.47,13.24,13.98,N/A
Sundaram Long Term Tax Advantage III Dir,Direct,ELSS (Tax Saver),35008,INF903JA1BT1,142153,NAV-verified,3.19,0.97,0.61,16.73,16.25,0.86,10,6,3,3,2,24,Moderate Risk,OK,Verified ✓,19.6,19,21.81,18.35,N/A,BSE 500 TRI,10.42,15.47,13.24,13.98,N/A
Sundaram Long Term Tax Advantage IV Dir,Direct,ELSS (Tax Saver),35873,INF903JA1CZ6,143079,NAV-verified,3.41,0.97,0.63,16.64,16.44,0.88,10,6,3,3,2,24,Moderate Risk,OK,Verified ✓,19.25,19.23,21.72,18.47,N/A,BSE 500 TRI,10.42,15.47,13.24,13.98,N/A
Tata ELSS Dir,Direct,ELSS (Tax Saver),16739,INF277K01I86,132756,NAV-verified,1.26,0.99,0.56,14.87,14.41,0.7,6,6,3,3,1,19,Moderately High Risk,OK,Verified ✓,15.14,17.05,14.9,15.09,15.65,BSE 500 TRI,10.42,15.47,13.24,13.98,14.69
Taurus ELSS Tax Saver Dir,Direct,ELSS (Tax Saver),16713,INF044D01CG6,118866,NAV-verified,-0.78,0.86,0.4,13.51,11.43,0.55,4,4,4,4,1,17,Moderately High Risk,OK,Verified ✓,4.18,13.66,12.65,12.54,14.08,BSE 500 TRI,10.42,15.47,13.24,13.98,14.69
UTI ELSS Tax Saver Dir,Direct,ELSS (Tax Saver),15723,INF789F01TF7,120715,NAV-verified,-1.17,0.97,0.4,14.57,11.88,0.5,4,4,3,3,1,15,Moderately High Risk,OK,Verified ✓,7.32,13.84,11.42,13.28,13.37,BSE 500 TRI,10.42,15.47,13.24,13.98,14.69
Union ELSS Tax Saver Dir,Direct,ELSS (Tax Saver),16436,INF582M01765,119307,NAV-verified,0.33,0.93,0.5,14,13.07,0.58,6,6,4,4,1,21,Moderate Risk,OK,Verified ✓,11.81,15.27,14.07,15.32,13.94,BSE 500 TRI,10.42,15.47,13.24,13.98,14.69
WhiteOak Capital ELSS Tax Saver Dir,Direct,ELSS (Tax Saver),42487,INF03VN01621,150587,NAV-verified,5.07,0.93,0.83,14.3,17.83,1.04,12,10,3,4,2,31,Low Risk,OK,Verified ✓,10.4,20.93,N/A,N/A,N/A,BSE 500 TRI,10.42,15.47,N/A,N/A,N/A
Zerodha ELSS Tax Saver Nifty Large Midcap 250 Index Dir,Direct,ELSS (Tax Saver),43847,INF0R8F01026,152157,NAV-verified,,,,,,,1,1,1,1,1,5,High Risk,OK,Verified ✓,13.52,N/A,N/A,N/A,N/A,BSE 500 TRI,10.42,N/A,N/A,N/A,N/A
360 ONE Flexicap Dir,Direct,Flexi Cap,43547,INF579M01AS1,151796,NAV-verified,,,,,,,1,1,1,1,1,5,High Risk,OK,Verified ✓,10.71,N/A,N/A,N/A,N/A,BSE 500 TRI,10.42,N/A,N/A,N/A,N/A
360 ONE Focused Dir,Direct,Flexi Cap,28458,INF579M01902,131580,NAV-verified,0.06,0.92,0.48,13.95,12.74,0.6,6,4,4,4,1,19,Moderately High Risk,OK,Verified ✓,8.77,15.24,14.72,17.47,17.55,BSE 500 TRI,10.42,15.47,13.24,13.98,14.69
ABSL BSE 500 Momentum 50 Index Fund Dir,Direct,Flexi Cap,45377,INF209KC1589,153736,NAV-verified,,,,,,,1,1,1,1,1,5,High Risk,OK,Verified ✓,N/A,N/A,N/A,N/A,N/A,BSE 500 TRI,N/A,N/A,N/A,N/A,N/A
ABSL BSE 500 Quality 50 Index Dir,Direct,Flexi Cap,45381,INF209KC1613,153740,NAV-verified,,,,,,,1,1,1,1,1,5,High Risk,OK,Verified ✓,N/A,N/A,N/A,N/A,N/A,BSE 500 TRI,N/A,N/A,N/A,N/A,N/A
ABSL Bal Bhavishya Yojna Dir,Direct,Flexi Cap,38821,INF209KB1E84,146407,NAV-verified,0.16,0.94,0.49,14.22,12.99,0.61,6,4,3,4,1,18,Moderately High Risk,OK,Verified ✓,14.99,15.82,10.6,10.74,N/A,BSE 500 TRI,10.42,15.47,13.24,13.98,N/A
ABSL Flexi Cap Dir,Direct,Flexi Cap,15741,INF209K01XX1,120564,NAV-verified,3.02,0.95,0.7,14.03,15.91,0.89,10,8,3,4,2,27,Low Risk,OK,Verified ✓,15.37,18.77,14.42,14.71,15.62,BSE 500 TRI,10.42,15.47,13.24,13.98,14.69
ABSL Focused Dir,Direct,Flexi Cap,15883,INF209K01WE3,119564,NAV-verified,2.26,0.91,0.65,13.62,14.86,0.87,8,8,4,4,2,26,Moderate Risk,OK,Verified ✓,13.96,17.23,14.03,14.17,14.38,BSE 500 TRI,10.42,15.47,13.24,13.98,14.69
ABSL Retirement 30s Dir,Direct,Flexi Cap,39181,INF209KB1I23,146575,NAV-verified,1.84,0.94,0.6,14.35,14.66,0.77,8,6,3,4,1,22,Moderate Risk,OK,Verified ✓,19.95,17.78,11.96,11.82,N/A,BSE 500 TRI,10.42,15.47,13.24,13.98,N/A
Abakkus Flexi Cap Dir,Direct,Flexi Cap,45683,INF2JJD01136,154043,NAV-verified,,,,,,,1,1,1,1,1,5,High Risk,OK,Verified ✓,N/A,N/A,N/A,N/A,N/A,BSE 500 TRI,N/A,N/A,N/A,N/A,N/A
Angel One Nifty Total Market ETF,Direct,Flexi Cap,44964,INF1J2R01023,153330,NAV-verified,,,,,,,1,1,1,1,1,5,High Risk,OK,Verified ✓,10.47,N/A,N/A,N/A,N/A,BSE 500 TRI,10.42,N/A,N/A,N/A,N/A
Angel One Nifty Total Market Index Dir,Direct,Flexi Cap,44963,INF1J2R01023,153330,NAV-verified,,,,,,,1,1,1,1,1,5,High Risk,OK,Verified ✓,10.37,N/A,N/A,N/A,N/A,BSE 500 TRI,10.42,N/A,N/A,N/A,N/A
Angel One Nifty Total Market Momentum Quality 50 ETF,Direct,Flexi Cap,45605,INF1J2R01122,153956,NAV-verified,,,,,,,1,1,1,1,1,5,High Risk,OK,Verified ✓,N/A,N/A,N/A,N/A,N/A,BSE 500 TRI,N/A,N/A,N/A,N/A,N/A
Angel One Nifty Total Market Momentum Quality 50 Index Dir,Direct,Flexi Cap,45607,INF1J2R01122,153956,NAV-verified,,,,,,,1,1,1,1,1,5,High Risk,OK,Verified ✓,N/A,N/A,N/A,N/A,N/A,BSE 500 TRI,N/A,N/A,N/A,N/A,N/A
Axis Flexi Cap Dir,Direct,Flexi Cap,34711,INF846K01B28,141925,NAV-verified,0.31,0.97,0.5,14.73,13.33,0.58,6,6,3,3,1,19,Moderately High Risk,OK,Verified ✓,10.81,15.81,11.54,13.72,N/A,BSE 500 TRI,10.42,15.47,13.24,13.98,N/A
Axis Focused Dir,Direct,Flexi Cap,15684,INF846K01CQ8,120468,NAV-verified,-2.3,0.92,0.3,14.49,10.41,0.42,2,2,3,4,1,12,High Risk,OK,Verified ✓,3.61,12.04,6.85,10.34,12.94,BSE 500 TRI,10.42,15.47,13.24,13.98,14.69
Axis Nifty 500 Index Dir,Direct,Flexi Cap,44413,INF846K019W9,152731,NAV-verified,,,,,,,1,1,1,1,1,5,High Risk,OK,Verified ✓,10.5,N/A,N/A,N/A,N/A,BSE 500 TRI,10.42,N/A,N/A,N/A,N/A
Axis Nifty500 Momentum 50 Index Dir,Direct,Flexi Cap,44905,INF846KA1044,153244,NAV-verified,,,,,,,1,1,1,1,1,5,High Risk,OK,Verified ✓,15.51,N/A,N/A,N/A,N/A,BSE 500 TRI,10.42,N/A,N/A,N/A,N/A
Axis Nifty500 Quality 50 Index Dir,Direct,Flexi Cap,45468,INF846KA1200,153829,NAV-verified,,,,,,,1,1,1,1,1,5,High Risk,OK,Verified ✓,N/A,N/A,N/A,N/A,N/A,BSE 500 TRI,N/A,N/A,N/A,N/A,N/A
Bajaj Finserv Flexi Cap Dir,Direct,Flexi Cap,43653,INF0QA701342,151895,NAV-verified,,,,,,,1,1,1,1,1,5,High Risk,OK,Verified ✓,16.34,N/A,N/A,N/A,N/A,BSE 500 TRI,10.42,N/A,N/A,N/A,N/A
Bandhan Flexi Cap Dir,Direct,Flexi Cap,16501,INF194K01W62,118424,NAV-verified,1.28,0.87,0.58,13.12,13.61,0.7,6,6,4,4,1,21,Moderate Risk,OK,Verified ✓,11.06,15.87,13,12.52,12.18,BSE 500 TRI,10.42,15.47,13.24,13.98,14.69
Bandhan Focused Dir,Direct,Flexi Cap,16507,INF194K01W21,118421,NAV-verified,3.67,0.94,0.68,15.48,16.49,0.87,10,8,3,4,2,27,Low Risk,OK,Verified ✓,13.11,19.17,14.42,14.28,15.04,BSE 500 TRI,10.42,15.47,13.24,13.98,14.69
Bandhan Nifty 500 Momentum 50 Index Dir,Direct,Flexi Cap,44630,INF194KB1IY0,153003,NAV-verified,,,,,,,1,1,1,1,1,5,High Risk,OK,Verified ✓,15.19,N/A,N/A,N/A,N/A,BSE 500 TRI,10.42,N/A,N/A,N/A,N/A
Bandhan Nifty Alpha 50 Index Dir,Direct,Flexi Cap,43864,INF194KB1HA2,152177,NAV-verified,,,,,,,1,1,1,1,1,5,High Risk,OK,Verified ✓,14.18,N/A,N/A,N/A,N/A,BSE 500 TRI,10.42,N/A,N/A,N/A,N/A
Bandhan Nifty Total Mkt Index Dir,Direct,Flexi Cap,44403,INF194KB1IK9,152716,NAV-verified,,,,,,,1,1,1,1,1,5,High Risk,OK,Verified ✓,10.23,N/A,N/A,N/A,N/A,BSE 500 TRI,10.42,N/A,N/A,N/A,N/A
Bank of India Flexi Cap Dir,Direct,Flexi Cap,41018,INF761K01FF5,148404,NAV-verified,6.56,1.08,0.81,17.8,20.41,1.14,12,10,2,2,2,28,Low Risk,OK,Verified ✓,19.82,23.56,19.49,N/A,N/A,BSE 500 TRI,10.42,15.47,13.24,N/A,N/A
Baroda BNP Paribas Children's Dir,Direct,Flexi Cap,44780,INF251K01UE9,153171,NAV-verified,,,,,,,1,1,1,1,1,5,High Risk,OK,Verified ✓,17.56,N/A,N/A,N/A,N/A,BSE 500 TRI,10.42,N/A,N/A,N/A,N/A
Baroda BNP Paribas Flexi Cap Dir,Direct,Flexi Cap,42312,INF251K01QZ2,150387,NAV-verified,1.16,1,0.55,15.1,14.39,0.65,6,6,3,3,1,19,Moderately High Risk,OK,Verified ✓,10.29,16.59,N/A,N/A,N/A,BSE 500 TRI,10.42,15.47,N/A,N/A,N/A
Baroda BNP Paribas Focused Dir,Direct,Flexi Cap,34653,INF251K01PN0,150264,NAV-verified,-1.31,1.09,0.39,16.62,12.56,0.47,4,4,3,2,1,14,Moderately High Risk,OK,Verified ✓,5.85,13.76,12.41,13.42,N/A,BSE 500 TRI,10.42,15.47,13.24,13.98,N/A
Canara Robeco Flexi Cap Dir,Direct,Flexi Cap,16588,INF760K01FR2,118269,NAV-verified,0.35,0.93,0.51,13.86,13.12,0.61,6,6,4,4,1,21,Moderate Risk,OK,Verified ✓,11.4,15.44,13.32,15.04,15.66,BSE 500 TRI,10.42,15.47,13.24,13.98,14.69
Canara Robeco Focused Dir,Direct,Flexi Cap,41458,INF760K01JQ6,148883,NAV-verified,2.01,0.93,0.62,14.06,14.76,0.74,8,6,3,4,1,22,Moderate Risk,OK,Verified ✓,10.5,17.22,N/A,N/A,N/A,BSE 500 TRI,10.42,15.47,N/A,N/A,N/A
Capitalmind Flexi Cap Dir,Direct,Flexi Cap,45313,INF226401018,153738,NAV-verified,,,,,,,1,1,1,1,1,5,High Risk,OK,Verified ✓,N/A,N/A,N/A,N/A,N/A,BSE 500 TRI,N/A,N/A,N/A,N/A,N/A
DSP Flexi Cap Dir,Direct,Flexi Cap,16386,INF740K01PI2,119076,NAV-verified,1.5,0.99,0.58,14.97,14.69,0.73,8,6,3,3,1,21,Moderate Risk,OK,Verified ✓,8.97,17.19,13.34,15.38,15.69,BSE 500 TRI,10.42,15.47,13.24,13.98,14.69
DSP Focused Dir,Direct,Flexi Cap,16388,INF740K01OB0,119096,NAV-verified,3.26,0.98,0.68,15.19,16.38,0.9,10,8,3,3,2,26,Moderate Risk,OK,Verified ✓,8.07,19.04,12.98,13.72,13.49,BSE 500 TRI,10.42,15.47,13.24,13.98,14.69
DSP Nifty 500 Index Dir,Direct,Flexi Cap,45719,INF740KA1XY9,154088,NAV-verified,,,,,,,1,1,1,1,1,5,High Risk,OK,Verified ✓,N/A,N/A,N/A,N/A,N/A,BSE 500 TRI,N/A,N/A,N/A,N/A,N/A
DSP Nifty500 Flexicap Quality 30 ETF,Direct,Flexi Cap,45521,INF740KA1WR5,153801,NAV-verified,,,,,,,1,1,1,1,1,5,High Risk,OK,Verified ✓,N/A,N/A,N/A,N/A,N/A,BSE 500 TRI,N/A,N/A,N/A,N/A,N/A
DSP Nifty500 Flexicap Quality 30 Index Dir,Direct,Flexi Cap,45446,INF740KA1WR5,153801,NAV-verified,,,,,,,1,1,1,1,1,5,High Risk,OK,Verified ✓,N/A,N/A,N/A,N/A,N/A,BSE 500 TRI,N/A,N/A,N/A,N/A,N/A
Edelweiss Flexi Cap Dir,Direct,Flexi Cap,29263,INF843K01KK1,140353,NAV-verified,3.48,1,0.72,14.9,16.71,0.85,10,8,3,3,2,26,Moderate Risk,OK,Verified ✓,14.21,19.37,16.54,16.41,16.81,BSE 500 TRI,10.42,15.47,13.24,13.98,14.69
Edelweiss Focused Dir,Direct,Flexi Cap,42298,INF754K01OP1,150376,NAV-verified,2.05,1,0.62,15.02,15.27,0.69,8,6,3,3,1,21,Moderate Risk,OK,Verified ✓,12.38,17.91,N/A,N/A,N/A,BSE 500 TRI,10.42,15.47,N/A,N/A,N/A
Franklin India Flexi Cap Dir,Direct,Flexi Cap,16008,INF090I01FK3,118535,NAV-verified,2.48,0.94,0.66,14,15.3,0.8,8,8,4,4,2,26,Moderate Risk,OK,Verified ✓,7.75,17.71,15.94,15.49,14.82,BSE 500 TRI,10.42,15.47,13.24,13.98,14.69
Franklin India Focused Equity Dir,Direct,Flexi Cap,15990,INF090I01IW2,118564,NAV-verified,0.4,0.9,0.5,13.7,12.92,0.58,6,6,4,4,1,21,Moderate Risk,OK,Verified ✓,6.51,14.77,14.58,14.56,15.11,BSE 500 TRI,10.42,15.47,13.24,13.98,14.69
Groww Nifty 500 Low Volatility 50 ETF,Direct,Flexi Cap,45217,INF666M01JY5,153454,NAV-verified,,,,,,,1,1,1,1,1,5,High Risk,OK,Verified ✓,N/A,N/A,N/A,N/A,N/A,BSE 500 TRI,N/A,N/A,N/A,N/A,N/A
Groww Nifty 500 Momentum 50 ETF,Direct,Flexi Cap,45094,INF666M01JY5,153454,NAV-verified,,,,,,,1,1,1,1,1,5,High Risk,OK,Verified ✓,N/A,N/A,N/A,N/A,N/A,BSE 500 TRI,N/A,N/A,N/A,N/A,N/A
Groww Nifty 500 Momentum 50 ETF FoF Dir,Direct,Flexi Cap,45097,INF666M01JY5,153454,NAV-verified,,,,,,,1,1,1,1,1,5,High Risk,OK,Verified ✓,N/A,N/A,N/A,N/A,N/A,BSE 500 TRI,N/A,N/A,N/A,N/A,N/A
Groww Nifty Total Market Index Dir,Direct,Flexi Cap,43806,INF666M01HM4,152092,NAV-verified,,,,,,,1,1,1,1,1,5,High Risk,OK,Verified ✓,10.27,N/A,N/A,N/A,N/A,BSE 500 TRI,10.42,N/A,N/A,N/A,N/A
HDFC BSE 500 ETF,Direct,Flexi Cap,43117,INF179KC1GG9,151728,NAV-verified,-0.32,1,0.47,14.62,12.92,0.57,4,4,3,3,1,15,Moderately High Risk,OK,Verified ✓,10.08,15.1,N/A,N/A,N/A,BSE 500 TRI,10.42,15.47,N/A,N/A,N/A
HDFC BSE 500 Index Dir,Direct,Flexi Cap,43477,INF179KC1GG9,151728,NAV-verified,,,,,,,1,1,1,1,1,5,High Risk,OK,Verified ✓,9.97,N/A,N/A,N/A,N/A,BSE 500 TRI,10.42,N/A,N/A,N/A,N/A
HDFC Diversified Equity All Cap Active FoF Dir,Direct,Flexi Cap,45485,INF179KC1JU4,153860,NAV-verified,,,,,,,1,1,1,1,1,5,High Risk,OK,Verified ✓,N/A,N/A,N/A,N/A,N/A,BSE 500 TRI,N/A,N/A,N/A,N/A,N/A
HDFC Flexi Cap Dir,Direct,Flexi Cap,16026,INF179K01UT0,118955,NAV-verified,5.55,0.84,0.91,12.75,17.67,1.05,12,10,4,5,2,33,Low Risk,OK,Verified ✓,11.27,20.94,20.44,17.27,17.87,BSE 500 TRI,10.42,15.47,13.24,13.98,14.69
HDFC Focused Dir,Direct,Flexi Cap,16021,INF179K01VK7,118950,NAV-verified,5.49,0.82,0.91,12.45,17.4,0.96,12,10,4,5,2,33,Low Risk,OK,Verified ✓,10.5,20.71,21.97,17.79,16.46,BSE 500 TRI,10.42,15.47,13.24,13.98,14.69
HDFC Retirement Savings Equity Dir,Direct,Flexi Cap,31780,INF179KB1MF0,136094,NAV-verified,1.4,0.89,0.59,13.23,13.86,0.71,6,6,4,4,1,21,Moderate Risk,OK,Verified ✓,7.46,16.02,17.5,17.27,17.54,BSE 500 TRI,10.42,15.47,13.24,13.98,14.69
HSBC Flexi Cap Dir,Direct,Flexi Cap,16320,INF336L01DH5,120046,NAV-verified,2.23,1.04,0.62,15.74,15.74,0.74,8,6,3,3,1,21,Moderate Risk,OK,Verified ✓,13.39,18.66,15.24,14.55,14.27,BSE 500 TRI,10.42,15.47,13.24,13.98,14.69
HSBC Focused Dir,Direct,Flexi Cap,41022,INF336L01PB2,148411,NAV-verified,1.8,1.01,0.57,15.82,15.09,0.64,8,6,3,3,1,21,Moderate Risk,OK,Verified ✓,16.73,17.72,12.85,N/A,N/A,BSE 500 TRI,10.42,15.47,13.24,N/A,N/A
Helios Flexi Cap Dir,Direct,Flexi Cap,43839,INF0R8701046,152135,NAV-verified,,,,,,,1,1,1,1,1,5,High Risk,OK,Verified ✓,14.34,N/A,N/A,N/A,N/A,BSE 500 TRI,10.42,N/A,N/A,N/A,N/A
ICICI Pru BSE 500 ETF,Direct,Flexi Cap,36037,INF109KC1W09,149333,NAV-verified,-0.33,1,0.47,14.62,12.91,0.57,4,4,3,3,1,15,Moderately High Risk,OK,Verified ✓,10.05,15.09,12.88,13.64,N/A,BSE 500 TRI,10.42,15.47,13.24,13.98,N/A
ICICI Pru BSE 500 ETF FOF Dir,Direct,Flexi Cap,41852,INF109KC1W09,149333,NAV-verified,-0.58,0.98,0.45,14.44,12.56,0.54,4,4,3,3,1,15,Moderately High Risk,OK,Verified ✓,9.82,14.86,N/A,N/A,N/A,BSE 500 TRI,10.42,15.47,N/A,N/A,N/A
ICICI Pru Diversified Equity All Cap Active FoF Dir,Direct,Flexi Cap,45888,INF109K1A468,154266,Algorithm Match (86% Confidence),,,,,,,1,1,1,1,1,5,High Risk,NOT_FOUND,Neither code 154266 nor ISIN INF109K1A468 confirmed in NAV,N/A,N/A,N/A,N/A,N/A,BSE 500 TRI,N/A,N/A,N/A,N/A,N/A
ICICI Pru Diversified Equity All Cap Omni FoF Dir,Direct,Flexi Cap,40662,INF109KC1I49,148035,NAV-verified,4.38,0.91,0.81,13.63,17,1,10,10,4,4,2,30,Low Risk,OK,Verified ✓,9.61,19.97,18.45,N/A,N/A,BSE 500 TRI,10.42,15.47,13.24,N/A,N/A
ICICI Pru Flexicap Dir,Direct,Flexi Cap,41525,INF109KC1R14,148990,NAV-verified,3.39,0.95,0.7,14.62,16.31,0.77,10,8,3,4,1,26,Moderate Risk,OK,Verified ✓,16.77,19.64,N/A,N/A,N/A,BSE 500 TRI,10.42,15.47,N/A,N/A,N/A
ICICI Pru Focused Equity Dir,Direct,Flexi Cap,17412,INF109K018N2,120722,NAV-verified,5.8,0.97,0.87,14.71,18.82,1.07,12,10,3,3,2,30,Low Risk,OK,Verified ✓,14.14,22.29,19.21,18.24,17.12,BSE 500 TRI,10.42,15.47,13.24,13.98,14.69
ICICI Pru Nifty 500 Index Dir,Direct,Flexi Cap,44820,INF109KC16Y3,153161,NAV-verified,,,,,,,1,1,1,1,1,5,High Risk,OK,Verified ✓,10.01,N/A,N/A,N/A,N/A,BSE 500 TRI,10.42,N/A,N/A,N/A,N/A
ICICI Pru Retirement Pure Equity Dir,Direct,Flexi Cap,39055,INF109KC1TS2,146349,NAV-verified,9.51,1.02,1.08,15.55,22.89,1.45,12,12,3,3,2,32,Low Risk,OK,Verified ✓,25.05,26.93,22.85,19.88,N/A,BSE 500 TRI,10.42,15.47,13.24,13.98,N/A
ITI Flexi Cap Dir,Direct,Flexi Cap,43120,INF00XX01CO7,151379,NAV-verified,5.37,1.06,0.8,16.4,19.07,0.96,12,10,3,2,2,29,Low Risk,OK,Verified ✓,17.21,22.1,N/A,N/A,N/A,BSE 500 TRI,10.42,15.47,N/A,N/A,N/A
ITI Focused Dir,Direct,Flexi Cap,43534,INF00XX01CS8,151777,NAV-verified,,,,,,,1,1,1,1,1,5,High Risk,OK,Verified ✓,18.41,N/A,N/A,N/A,N/A,BSE 500 TRI,10.42,N/A,N/A,N/A,N/A
Invesco India Flexi Cap Dir,Direct,Flexi Cap,42014,INF205KA1494,149763,NAV-verified,3.81,1.02,0.69,16.12,17.22,0.76,10,8,3,3,1,25,Moderate Risk,OK,Verified ✓,10.75,20.83,N/A,N/A,N/A,BSE 500 TRI,10.42,15.47,N/A,N/A,N/A
Invesco India Focused Dir,Direct,Flexi Cap,41096,INF205KA1213,148481,NAV-verified,5.99,0.98,0.81,16.25,19.11,1.14,12,10,3,3,2,30,Low Risk,OK,Verified ✓,5.82,23.39,17.05,N/A,N/A,BSE 500 TRI,10.42,15.47,13.24,N/A,N/A
JM Flexicap Dir,Direct,Flexi Cap,16547,INF192K01CC7,120492,NAV-verified,3.65,1.05,0.68,16.57,17.22,0.83,10,8,3,3,2,26,Moderate Risk,OK,Verified ✓,4.51,19.57,17.36,17.62,17.8,BSE 500 TRI,10.42,15.47,13.24,13.98,14.69
JM Focused Dir,Direct,Flexi Cap,16539,INF192K01BW7,120488,NAV-verified,1.41,1.02,0.55,16.06,14.79,0.68,6,6,3,3,1,19,Moderately High Risk,OK,Verified ✓,7.58,17.72,14.45,12.02,15.27,BSE 500 TRI,10.42,15.47,13.24,13.98,14.69
JioBlackRock Flexi Cap Dir,Direct,Flexi Cap,45482,NOT ISSUED BY AMFI YET,NOT ISSUED BY AMFI YET,Fund too new for AMFI NAV Database,,,,,,,1,1,1,1,1,5,High Risk,NOT_FOUND,Neither code NOT ISSUED BY AMFI YET nor ISIN NOT ISSUED BY AMFI YET confirmed in NAV,N/A,N/A,N/A,N/A,N/A,BSE 500 TRI,N/A,N/A,N/A,N/A,N/A
Kotak Flexicap Dir,Direct,Flexi Cap,17140,INF174K01LS2,120166,NAV-verified,1.32,0.95,0.57,14.37,14.23,0.67,6,6,3,4,1,20,Moderate Risk,OK,Verified ✓,14.46,17.03,13.83,14.18,15.45,BSE 500 TRI,10.42,15.47,13.24,13.98,14.69
Kotak Focused Dir,Direct,Flexi Cap,40098,INF174KA1EN7,147473,NAV-verified,2.79,0.93,0.69,13.86,15.53,0.76,8,8,4,4,1,25,Moderate Risk,OK,Verified ✓,19.55,18.5,15.14,N/A,N/A,BSE 500 TRI,10.42,15.47,13.24,N/A,N/A
Kotak Nifty Alpha 50 ETF,Direct,Flexi Cap,41896,INF174KA1XG1,153781,NAV-verified,4.37,1.35,0.63,22.29,20.16,0.81,10,6,1,1,2,20,Moderate Risk,OK,Verified ✓,14.41,23.52,N/A,N/A,N/A,BSE 500 TRI,10.42,15.47,N/A,N/A,N/A
Kotak Nifty Alpha 50 Index Dir,Direct,Flexi Cap,45402,INF174KA1XG1,153781,NAV-verified,,,,,,,1,1,1,1,1,5,High Risk,OK,Verified ✓,N/A,N/A,N/A,N/A,N/A,BSE 500 TRI,N/A,N/A,N/A,N/A,N/A
Kotak Nifty500 Momentum 50 Index Dir,Direct,Flexi Cap,45646,INF174KA1YC8,154032,NAV-verified,,,,,,,1,1,1,1,1,5,High Risk,OK,Verified ✓,N/A,N/A,N/A,N/A,N/A,BSE 500 TRI,N/A,N/A,N/A,N/A,N/A
LIC MF Children's Dir,Direct,Flexi Cap,17648,INF767K01FB1,120285,NAV-verified,-2.95,0.89,0.24,14.12,9.47,0.26,2,2,3,4,1,12,High Risk,OK,Verified ✓,6.69,11.3,8.74,9.92,9,BSE 500 TRI,10.42,15.47,13.24,13.98,14.69
LIC MF Flexi Cap Dir,Direct,Flexi Cap,16756,INF767K01EG3,120264,NAV-verified,-1.3,1,0.38,15.53,11.93,0.44,4,4,3,3,1,15,Moderately High Risk,OK,Verified ✓,13.14,13.84,11.88,12.63,11.8,BSE 500 TRI,10.42,15.47,13.24,13.98,14.69
LIC MF Focused Dir,Direct,Flexi Cap,34738,INF397L01KA7,152010,NAV-verified,-4.04,0.97,0.2,15.03,8.98,0.24,2,2,3,3,1,11,High Risk,OK,Verified ✓,4.88,10.01,10.54,11.35,N/A,BSE 500 TRI,10.42,15.47,13.24,13.98,N/A
Mahindra Manulife Flexi Cap Dir,Direct,Flexi Cap,41633,INF174V01AS2,149104,NAV-verified,1.08,0.95,0.56,14.07,13.95,0.69,6,6,3,4,1,20,Moderate Risk,OK,Verified ✓,8.62,16,N/A,N/A,N/A,BSE 500 TRI,10.42,15.47,N/A,N/A,N/A
Mahindra Manulife Focused Dir,Direct,Flexi Cap,41169,INF174V01AG7,148567,NAV-verified,4.78,0.92,0.81,14.09,17.43,1.02,10,10,3,4,2,29,Low Risk,OK,Verified ✓,11.19,19.76,18.4,N/A,N/A,BSE 500 TRI,10.42,15.47,13.24,N/A,N/A
Mirae Asset Flexi Cap Dir,Direct,Flexi Cap,43134,INF769K01JJ2,151412,NAV-verified,1.9,0.94,0.62,13.93,14.72,0.75,8,6,4,4,1,23,Moderate Risk,OK,Verified ✓,16.99,17.34,N/A,N/A,N/A,BSE 500 TRI,10.42,15.47,N/A,N/A,N/A
Mirae Asset Focused Dir,Direct,Flexi Cap,39823,INF769K01EU0,147206,NAV-verified,-5.19,0.92,0.1,14.48,7.48,0.12,1,2,3,4,1,11,High Risk,OK,Verified ✓,3.65,9.6,8.86,N/A,N/A,BSE 500 TRI,10.42,15.47,13.24,N/A,N/A
Mirae Asset Nifty Total Market Index Dir,Direct,Flexi Cap,44601,INF769K01MD9,152968,NAV-verified,,,,,,,1,1,1,1,1,5,High Risk,OK,Verified ✓,10.41,N/A,N/A,N/A,N/A,BSE 500 TRI,10.42,N/A,N/A,N/A,N/A
Motilal Oswal BSE 1000 Index Dir,Direct,Flexi Cap,45219,INF247L01FM9,153596,NAV-verified,,,,,,,1,1,1,1,1,5,High Risk,OK,Verified ✓,N/A,N/A,N/A,N/A,N/A,BSE 500 TRI,N/A,N/A,N/A,N/A,N/A
Motilal Oswal Diversified Equity Flexicap Passive FoF Dir,Direct,Flexi Cap,45729,INF247L01GL9,154112,NAV-verified,,,,,,,1,1,1,1,1,5,High Risk,OK,Verified ✓,N/A,N/A,N/A,N/A,N/A,BSE 500 TRI,N/A,N/A,N/A,N/A,N/A
Motilal Oswal Flexi Cap Dir,Direct,Flexi Cap,26125,INF247L01502,129046,NAV-verified,5.71,0.98,0.75,17.05,18.83,0.99,12,8,2,3,2,27,Low Risk,OK,Verified ✓,4.81,21.59,12.58,12.58,13.88,BSE 500 TRI,10.42,15.47,13.24,13.98,14.69
Motilal Oswal Focused Dir,Direct,Flexi Cap,19514,INF247L01189,122389,NAV-verified,-3.13,1.03,0.24,17.93,10.35,0.3,2,2,2,3,1,10,High Risk,OK,Verified ✓,20.29,11.55,8.57,11.7,12.72,BSE 500 TRI,10.42,15.47,13.24,13.98,14.69
Motilal Oswal Nifty 500 ETF,Direct,Flexi Cap,43812,INF247L01957,147625,NAV-verified,,,,,,,1,1,1,1,1,5,High Risk,OK,Verified ✓,10.64,N/A,N/A,N/A,N/A,BSE 500 TRI,10.42,N/A,N/A,N/A,N/A
Motilal Oswal Nifty 500 Index Dir,Direct,Flexi Cap,40240,INF247L01957,147625,NAV-verified,0.01,1,0.49,14.63,13.25,0.6,6,4,3,3,1,17,Moderately High Risk,OK,Verified ✓,10.68,15.52,12.98,N/A,N/A,BSE 500 TRI,10.42,15.47,13.24,N/A,N/A
Motilal Oswal Nifty 500 Momentum 50 ETF,Direct,Flexi Cap,44555,INF247L01DL6,152875,NAV-verified,,,,,,,1,1,1,1,1,5,High Risk,OK,Verified ✓,15.02,N/A,N/A,N/A,N/A,BSE 500 TRI,10.42,N/A,N/A,N/A,N/A
Motilal Oswal Nifty 500 Momentum 50 Index Dir,Direct,Flexi Cap,44554,INF247L01DL6,152875,NAV-verified,,,,,,,1,1,1,1,1,5,High Risk,OK,Verified ✓,15.27,N/A,N/A,N/A,N/A,BSE 500 TRI,10.42,N/A,N/A,N/A,N/A
Motilal Oswal Nifty Alpha 50 ETF,Direct,Flexi Cap,45363,ETF NOT IN AMFI NAV FILE,ETF NOT IN AMFI NAV FILE,Missing from AMFI Database,,,,,,,1,1,1,1,1,5,High Risk,NOT_FOUND,Neither code ETF NOT IN AMFI NAV FILE nor ISIN ETF NOT IN AMFI NAV FILE confirmed in NAV,N/A,N/A,N/A,N/A,N/A,BSE 500 TRI,N/A,N/A,N/A,N/A,N/A
NJ Flexi Cap Dir,Direct,Flexi Cap,43714,INF0J8L01156,151917,NAV-verified,,,,,,,1,1,1,1,1,5,High Risk,OK,Verified ✓,5.22,N/A,N/A,N/A,N/A,BSE 500 TRI,10.42,N/A,N/A,N/A,N/A
Navi Flexi Cap Dir,Direct,Flexi Cap,36686,INF959L01DT9,143793,NAV-verified,-0.61,0.96,0.43,14.67,12.37,0.54,4,4,3,3,1,15,Moderately High Risk,OK,Verified ✓,16.86,15.41,13.94,13.84,N/A,BSE 500 TRI,10.42,15.47,13.24,13.98,N/A
Nippon India Diversified Equity Flexicap Passive FoF Dir,Direct,Flexi Cap,41241,INF204KB16X6,148642,NAV-verified,-0.22,1,0.48,14.71,13.03,0.61,4,4,3,3,1,15,Moderately High Risk,OK,Verified ✓,9.61,15.11,12.86,N/A,N/A,BSE 500 TRI,10.42,15.47,13.24,N/A,N/A
Nippon India Flexi Cap Dir,Direct,Flexi Cap,41616,INF204KC1121,149094,NAV-verified,0.73,0.98,0.53,14.77,13.87,0.63,6,6,3,3,1,19,Moderately High Risk,OK,Verified ✓,9.79,16.25,N/A,N/A,N/A,BSE 500 TRI,10.42,15.47,N/A,N/A,N/A
Nippon India Focused Dir,Direct,Flexi Cap,16129,INF204K01F95,118692,NAV-verified,0.1,0.92,0.48,14.09,12.78,0.64,6,4,3,4,1,18,Moderately High Risk,OK,Verified ✓,10.5,15.05,13.45,14.57,15.1,BSE 500 TRI,10.42,15.47,13.24,13.98,14.69
Nippon India Nifty 500 Low Volatility 50 Index Dir,Direct,Flexi Cap,45109,INF204KC1EQ2,153474,NAV-verified,,,,,,,1,1,1,1,1,5,High Risk,OK,Verified ✓,N/A,N/A,N/A,N/A,N/A,BSE 500 TRI,N/A,N/A,N/A,N/A,N/A
Nippon India Nifty 500 Momentum 50 Index Dir,Direct,Flexi Cap,44558,INF204KC1DG5,152881,NAV-verified,,,,,,,1,1,1,1,1,5,High Risk,OK,Verified ✓,15.36,N/A,N/A,N/A,N/A,BSE 500 TRI,10.42,N/A,N/A,N/A,N/A
Nippon India Nifty 500 Quality 50 Index Dir,Direct,Flexi Cap,45105,INF204KC1EW0,153470,NAV-verified,,,,,,,1,1,1,1,1,5,High Risk,OK,Verified ✓,N/A,N/A,N/A,N/A,N/A,BSE 500 TRI,N/A,N/A,N/A,N/A,N/A
Nippon India Retirement Wealth Creation Dir,Direct,Flexi Cap,29291,INF204KA1B98,133630,NAV-verified,2.06,0.97,0.62,14.54,15.1,0.74,8,6,3,3,1,21,Moderate Risk,OK,Verified ✓,10.15,17.76,14.7,11.91,12.78,BSE 500 TRI,10.42,15.47,13.24,13.98,14.69
Old Bridge Flexi Cap Dir,Direct,Flexi Cap,45846,INF0S5R01133,154225,Algorithm Match (93% Confidence),,,,,,,1,1,1,1,1,5,High Risk,NOT_FOUND,Neither code 154225 nor ISIN INF0S5R01133 confirmed in NAV,N/A,N/A,N/A,N/A,N/A,BSE 500 TRI,N/A,N/A,N/A,N/A,N/A
Old Bridge Focused Dir,Direct,Flexi Cap,44038,INF0S5R01042,152358,NAV-verified,,,,,,,1,1,1,1,1,5,High Risk,OK,Verified ✓,16.01,N/A,N/A,N/A,N/A,BSE 500 TRI,10.42,N/A,N/A,N/A,N/A
PGIM India Flexi Cap Dir,Direct,Flexi Cap,29473,INF663L01FF1,133839,NAV-verified,-1.45,0.9,0.37,13.88,11.11,0.48,4,4,4,4,1,17,Moderately High Risk,OK,Verified ✓,10.02,13.51,12.1,16.66,15.97,BSE 500 TRI,10.42,15.47,13.24,13.98,14.69
Parag Parikh Flexi Cap Dir,Direct,Flexi Cap,19701,INF879O01027,122639,NAV-verified,6.06,0.62,1.08,9.76,16.55,1.41,12,12,6,6,2,38,Very Low Risk,OK,Verified ✓,8.2,18.62,16.73,19.62,18.29,BSE 500 TRI,10.42,15.47,13.24,13.98,14.69
Quant Flexi Cap Dir,Direct,Flexi Cap,17377,INF966L01911,120843,NAV-verified,1.91,1.1,0.56,17.5,15.86,0.89,8,6,2,2,2,20,Moderate Risk,OK,Verified ✓,12.2,18.85,19.19,22.13,20.27,BSE 500 TRI,10.42,15.47,13.24,13.98,14.69
Quantum Diversified Equity All Cap Active FoF Dir,Direct,Flexi Cap,10550,INF082J01093,112039,NAV-verified,0.6,0.93,0.53,13.77,13.36,0.61,6,6,4,4,1,21,Moderate Risk,OK,Verified ✓,9.51,15.74,12.65,12.81,13.3,BSE 500 TRI,10.42,15.47,13.24,13.98,14.69
SBI Flexicap Dir,Direct,Flexi Cap,17514,INF200K01UG1,119718,NAV-verified,-1.48,0.89,0.37,13.24,10.95,0.42,4,4,4,4,1,17,Moderately High Risk,OK,Verified ✓,8.36,13.04,11.63,12.74,13.61,BSE 500 TRI,10.42,15.47,13.24,13.98,14.69
SBI Focused Dir,Direct,Flexi Cap,16324,INF200K01RJ1,119727,NAV-verified,4.7,0.75,0.84,12.02,16.15,1.06,10,10,4,6,2,32,Low Risk,OK,Verified ✓,16.86,19.17,15,15.63,16.06,BSE 500 TRI,10.42,15.47,13.24,13.98,14.69
SBI Nifty 500 Index Dir,Direct,Flexi Cap,44567,INF200KB1381,152908,NAV-verified,,,,,,,1,1,1,1,1,5,High Risk,OK,Verified ✓,10.44,N/A,N/A,N/A,N/A,BSE 500 TRI,10.42,N/A,N/A,N/A,N/A
SBI Retirement Benefit Aggressive Dir,Direct,Flexi Cap,41271,INF200KA1S55,148683,NAV-verified,-2.16,0.93,0.33,13.95,10.58,0.38,2,2,4,4,1,13,Moderately High Risk,OK,Verified ✓,9.41,12.59,14.61,N/A,N/A,BSE 500 TRI,10.42,15.47,13.24,N/A,N/A
Samco Flexi Cap Dir,Direct,Flexi Cap,41935,INF0K1H01024,149450,NAV-verified,-10.75,1.08,-0.16,18.89,3.09,-0.17,1,1,2,2,1,7,High Risk,OK,Verified ✓,7.23,2.54,N/A,N/A,N/A,BSE 500 TRI,10.42,15.47,N/A,N/A,N/A
Shriram Flexi Cap Dir,Direct,Flexi Cap,37581,INF680P01109,144905,NAV-verified,-3.14,1.02,0.26,16.49,10.24,0.29,2,2,3,3,1,11,High Risk,OK,Verified ✓,6.85,11.65,10.57,10.93,N/A,BSE 500 TRI,10.42,15.47,13.24,13.98,N/A
Sundaram Flexi Cap Dir,Direct,Flexi Cap,42504,INF903J01MJ3,119581,NAV-verified,0.18,0.91,0.49,13.71,12.78,0.59,6,4,4,4,1,19,Moderately High Risk,OK,Verified ✓,9.98,15.12,N/A,N/A,N/A,BSE 500 TRI,10.42,15.47,N/A,N/A,N/A
Sundaram Focused Dir,Direct,Flexi Cap,16614,INF173K01EK6,149533,NAV-verified,-0.07,0.84,0.47,12.77,12,0.57,4,4,4,5,1,18,Moderately High Risk,OK,Verified ✓,8.28,14.02,12.31,14.5,14.66,BSE 500 TRI,10.42,15.47,13.24,13.98,14.69
TRUST MF Flexi Cap Dir,Direct,Flexi Cap,44271,INF1MIY01031,153543,NAV-verified,,,,,,,1,1,1,1,1,5,High Risk,OK,Verified ✓,10.97,N/A,N/A,N/A,N/A,BSE 500 TRI,10.42,N/A,N/A,N/A,N/A
Tata Children's Dir,Direct,Flexi Cap,16957,INF277K01QW4,119312,NAV-verified,-4.38,0.97,0.18,14.64,8.68,0.23,2,2,3,3,1,11,High Risk,OK,Verified ✓,0.27,10.45,10.42,12.56,11.21,BSE 500 TRI,10.42,15.47,13.24,13.98,14.69
Tata Flexi Cap Dir,Direct,Flexi Cap,37437,INF277K015K0,144546,NAV-verified,2.11,0.87,0.63,13.21,14.39,0.81,8,6,4,4,2,24,Moderate Risk,OK,Verified ✓,8.5,17.1,12.95,13.89,N/A,BSE 500 TRI,10.42,15.47,13.24,13.98,N/A
Tata Focused Dir,Direct,Flexi Cap,40405,INF277K017X9,147757,NAV-verified,0.64,0.93,0.52,14.1,13.35,0.6,6,6,3,4,1,20,Moderate Risk,OK,Verified ✓,10.68,15.77,14.22,N/A,N/A,BSE 500 TRI,10.42,15.47,13.24,N/A,N/A
Tata Retirement Savings Progressive Dir,Direct,Flexi Cap,17020,INF277K01QO1,119251,NAV-verified,0.89,0.94,0.53,14.62,13.73,0.66,6,6,3,4,1,20,Moderate Risk,OK,Verified ✓,10.02,16.63,12.44,13.23,14.82,BSE 500 TRI,10.42,15.47,13.24,13.98,14.69
Taurus Flexi Cap Dir,Direct,Flexi Cap,16705,INF044D01BU9,118883,NAV-verified,-1.35,0.99,0.38,15.03,11.79,0.49,4,4,3,3,1,15,Moderately High Risk,OK,Verified ✓,6.72,13.58,10.79,9.69,10.34,BSE 500 TRI,10.42,15.47,13.24,13.98,14.69
The Wealth Company Flexi Cap Dir,Direct,Flexi Cap,45499,INF2F0001040,153872,NAV-verified,,,,,,,1,1,1,1,1,5,High Risk,OK,Verified ✓,N/A,N/A,N/A,N/A,N/A,BSE 500 TRI,N/A,N/A,N/A,N/A,N/A
UTI Children's Equity Dir,Direct,Flexi Cap,15867,,154084,NAV-verified (corrected),-1.62,0.96,0.37,14.41,11.33,0.46,4,4,3,3,1,15,Moderately High Risk,FIXED,ISIN was missing → filled from NAV,5.99,13.12,10.85,12.41,13.38,BSE 500 TRI,10.42,15.47,13.24,13.98,14.69
UTI Flexi Cap Dir,Direct,Flexi Cap,15714,INF789F01TC4,120662,NAV-verified,-4.07,0.87,0.16,13.85,8.25,0.22,2,2,4,4,1,13,Moderately High Risk,OK,Verified ✓,1.5,10.01,6.87,11.45,12.59,BSE 500 TRI,10.42,15.47,13.24,13.98,14.69
UTI Focused Dir,Direct,Flexi Cap,41629,INF789F1AVA3,149091,NAV-verified,0.28,0.96,0.49,14.63,13.27,0.6,6,4,3,3,1,17,Moderately High Risk,OK,Verified ✓,7.81,15.55,N/A,N/A,N/A,BSE 500 TRI,10.42,15.47,N/A,N/A,N/A
UTI Nifty500 Shariah Index Dir,Direct,Flexi Cap,45821,,154197,NAV-verified (corrected),,,,,,,1,1,1,1,1,5,High Risk,FIXED,ISIN was missing → filled from NAV,N/A,N/A,N/A,N/A,N/A,BSE 500 TRI,N/A,N/A,N/A,N/A,N/A
Unifi Flexi Cap Dir,Direct,Flexi Cap,45189,INF1MIY01031,153543,NAV-verified,,,,,,,1,1,1,1,1,5,High Risk,OK,Verified ✓,N/A,N/A,N/A,N/A,N/A,BSE 500 TRI,N/A,N/A,N/A,N/A,N/A
Union Children's Dir,Direct,Flexi Cap,43924,INF582M01JK3,152219,NAV-verified,,,,,,,1,1,1,1,1,5,High Risk,OK,Verified ✓,13.36,N/A,N/A,N/A,N/A,BSE 500 TRI,10.42,N/A,N/A,N/A,N/A
Union Diversified Equity All Cap Active FoF Dir,Direct,Flexi Cap,45473,INF582M01LZ7,153824,NAV-verified,,,,,,,1,1,1,1,1,5,High Risk,OK,Verified ✓,N/A,N/A,N/A,N/A,N/A,BSE 500 TRI,N/A,N/A,N/A,N/A,N/A
Union Flexi Cap Dir,Direct,Flexi Cap,16412,INF582M01633,119292,NAV-verified,0.59,0.94,0.52,14.23,13.43,0.57,6,6,3,4,1,20,Moderate Risk,OK,Verified ✓,10.74,15.84,13.83,15.3,14.54,BSE 500 TRI,10.42,15.47,13.24,13.98,14.69
Union Focused Dir,Direct,Flexi Cap,40108,INF582M01FS4,147492,NAV-verified,-0.03,0.85,0.45,13.47,12.15,0.52,4,4,4,5,1,18,Moderately High Risk,OK,Verified ✓,14.18,14.13,12.17,N/A,N/A,BSE 500 TRI,10.42,15.47,13.24,N/A,N/A
Union Retirement Dir,Direct,Flexi Cap,42492,INF582M01IK5,150554,NAV-verified,3.38,0.91,0.73,13.7,16,0.85,10,8,4,4,2,28,Low Risk,OK,Verified ✓,16.37,18.75,N/A,N/A,N/A,BSE 500 TRI,10.42,15.47,N/A,N/A,N/A
WhiteOak Capital Flexi Cap Dir,Direct,Flexi Cap,42320,INF03VN01530,150346,NAV-verified,4.36,0.91,0.79,13.89,16.99,1,10,8,4,4,2,28,Low Risk,OK,Verified ✓,12.15,19.94,N/A,N/A,N/A,BSE 500 TRI,10.42,15.47,N/A,N/A,N/A
ABSL Global Emerging Opportunities Dir**,Direct,International,17094,INF084M01EB0,132140,NAV-verified,,,,,,,1,1,1,1,1,5,High Risk,OK,Verified ✓,26.02,16.67,9.49,13.67,11.6,BSE 500 TRI,10.42,15.47,13.24,13.98,14.69
ABSL Global Excellence Equity FoF Dir**,Direct,International,17099,INF084M01EH7,132009,NAV-verified,,,,,,,1,1,1,1,1,5,High Risk,OK,Verified ✓,31.14,21.55,13.65,11.13,8.59,BSE 500 TRI,10.42,15.47,13.24,13.98,14.69
ABSL International Equity Dir,Direct,International,15903,INF209K01WS3,119517,NAV-verified,,,,,,,1,1,1,1,1,5,High Risk,OK,Verified ✓,39.1,17.31,10.86,13.32,12.56,BSE 500 TRI,10.42,15.47,13.24,13.98,14.69
ABSL US Equity Passive FoF Dir,Direct,International,41797,INF209KB18C5,149291,NAV-verified,,,,,,,1,1,1,1,1,5,High Risk,OK,Verified ✓,56.15,29.85,N/A,N/A,N/A,BSE 500 TRI,10.42,15.47,N/A,N/A,N/A
Axis Global Equity Alpha FoF Dir,Direct,International,41100,INF846K01X06,148485,NAV-verified,,,,,,,1,1,1,1,1,5,High Risk,OK,Verified ✓,46.04,22.47,14.37,N/A,N/A,BSE 500 TRI,10.42,15.47,13.24,N/A,N/A
Axis Global Innovation FoF Dir,Direct,International,41496,INF846K01Z20,148954,NAV-verified,,,,,,,1,1,1,1,1,5,High Risk,OK,Verified ✓,46.19,21.25,N/A,N/A,N/A,BSE 500 TRI,10.42,15.47,N/A,N/A,N/A
Axis Greater China Equity FoF Dir**,Direct,International,41287,INF846K01Y39,148699,NAV-verified,,,,,,,1,1,1,1,1,5,High Risk,OK,Verified ✓,67.79,14.06,4.08,N/A,N/A,BSE 500 TRI,10.42,15.47,13.24,N/A,N/A
Axis NASDAQ 100 US Specific Equity Passive FoF Dir,Direct,International,42633,INF846K012K9,150751,NAV-verified,,,,,,,1,1,1,1,1,5,High Risk,OK,Verified ✓,54.95,29.22,N/A,N/A,N/A,BSE 500 TRI,10.42,15.47,N/A,N/A,N/A
Bandhan US specific Equity Active FoF Dir**,Direct,International,41620,INF194KB1CF2,149098,NAV-verified,,,,,,,1,1,1,1,1,5,High Risk,OK,Verified ✓,39.35,26.88,N/A,N/A,N/A,BSE 500 TRI,10.42,15.47,N/A,N/A,N/A
Baroda BNP Paribas Aqua FoF Dir,Direct,International,41454,INF251K01UO8,153552,NAV-verified,,,,,,,1,1,1,1,1,5,High Risk,OK,Verified ✓,33.44,15.56,N/A,N/A,N/A,BSE 500 TRI,10.42,15.47,N/A,N/A,N/A
DSP Global Clean Energy Overseas Equity Omni FoF Dir,Direct,International,17012,INF740K01PC5,119275,NAV-verified,,,,,,,1,1,1,1,1,5,High Risk,OK,Verified ✓,97.03,17.84,12.93,11.92,10.2,BSE 500 TRI,10.42,15.47,13.24,13.98,14.69
DSP Global Innovation Overseas Equity Omni FoF Dir**,Direct,International,42054,INF740KA1QP1,149816,NAV-verified,,,,,,,1,1,1,1,1,5,High Risk,OK,Verified ✓,42.59,26.13,N/A,N/A,N/A,BSE 500 TRI,10.42,15.47,N/A,N/A,N/A
DSP US Specific Equity Omni FoF Dir,Direct,International,17006,INF740K01OH7,119252,NAV-verified,,,,,,,1,1,1,1,1,5,High Risk,OK,Verified ✓,69.1,25.66,16.67,19.43,17.87,BSE 500 TRI,10.42,15.47,13.24,13.98,14.69
DSP World Gold Mining Overseas Equity Omni FoF Dir,Direct,International,17016,INF740K01OZ9,119277,NAV-verified,,,,,,,1,1,1,1,1,5,High Risk,OK,Verified ✓,146.89,51.02,28.38,28.08,19.29,BSE 500 TRI,10.42,15.47,13.24,13.98,14.69
DSP World Mining Overseas Equity Omni FoF Dir,Direct,International,17021,INF740K01PF8,119279,NAV-verified,,,,,,,1,1,1,1,1,5,High Risk,OK,Verified ✓,131.86,27.24,19.19,21.72,20.95,BSE 500 TRI,10.42,15.47,13.24,13.98,14.69
Edelweiss ASEAN Equity Offshore Dir,Direct,International,17131,INF843K01AW7,140256,NAV-verified,,,,,,,1,1,1,1,1,5,High Risk,OK,Verified ✓,42.45,11.99,9.16,8.4,9.03,BSE 500 TRI,10.42,15.47,13.24,13.98,14.69
Edelweiss Emerging Markets Opportunities Equity Offshr Dir,Direct,International,27119,INF843K01IZ3,140327,NAV-verified,,,,,,,1,1,1,1,1,5,High Risk,OK,Verified ✓,80.92,23.33,7.57,10.84,12.35,BSE 500 TRI,10.42,15.47,13.24,13.98,14.69
Edelweiss Europe Dynamic Equity Offshr Dir,Direct,International,23435,INF843K01GI3,140296,NAV-verified,,,,,,,1,1,1,1,1,5,High Risk,OK,Verified ✓,53.66,23.28,15.52,16.35,13.09,BSE 500 TRI,10.42,15.47,13.24,13.98,14.69
Edelweiss Greater China Equity Offshore Dir,Direct,International,17132,INF843K01AU1,140243,NAV-verified,,,,,,,1,1,1,1,1,5,High Risk,OK,Verified ✓,75.55,16.12,2.68,12.05,13.73,BSE 500 TRI,10.42,15.47,13.24,13.98,14.69
Edelweiss US Technology Equity FoF Dir,Direct,International,40665,INF754K01LB7,148063,NAV-verified,,,,,,,1,1,1,1,1,5,High Risk,OK,Verified ✓,49.67,29.99,11.56,N/A,N/A,BSE 500 TRI,10.42,15.47,13.24,N/A,N/A
Edelweiss US Value Equity Offshore Dir,Direct,International,20060,INF843K01EC1,140274,NAV-verified,,,,,,,1,1,1,1,1,5,High Risk,OK,Verified ✓,38.36,17.49,13.03,14.96,13.56,BSE 500 TRI,10.42,15.47,13.24,13.98,14.69
Franklin Asian Equity Dir,Direct,International,15977,INF090I01IZ5,118559,NAV-verified,,,,,,,1,1,1,1,1,5,High Risk,OK,Verified ✓,48.99,15.26,4.24,8.59,10.34,BSE 500 TRI,10.42,15.47,13.24,13.98,14.69
Franklin U.S. Opportunities Equity Active FoF Dir,Direct,International,16027,INF090I01JR0,118551,NAV-verified,,,,,,,1,1,1,1,1,5,High Risk,OK,Verified ✓,23.83,22.51,9.96,15.75,16.36,BSE 500 TRI,10.42,15.47,13.24,13.98,14.69
HDFC Developed World Overseas Equity Passive FoF Dir*,Direct,International,41714,INF179KC1BO4,149180,NAV-verified,,,,,,,1,1,1,1,1,5,High Risk,OK,Verified ✓,47.97,22.92,N/A,N/A,N/A,BSE 500 TRI,10.42,15.47,N/A,N/A,N/A
HSBC Asia Pacific (Ex Japan) Dividend Yield Dir**,Direct,International,23946,INF336L01RO1,152829,NAV-verified,,,,,,,1,1,1,1,1,5,High Risk,OK,Verified ✓,70.98,22.5,11.16,12.74,13.61,BSE 500 TRI,10.42,15.47,13.24,13.98,14.69
HSBC Brazil Dir,Direct,International,17042,INF336L01BY4,120035,NAV-verified,,,,,,,1,1,1,1,1,5,High Risk,OK,Verified ✓,90.77,24.9,11.37,5.03,9.15,BSE 500 TRI,10.42,15.47,13.24,13.98,14.69
HSBC Global Emerging Markets Dir**,Direct,International,17037,INF336L01CJ3,120043,NAV-verified,,,,,,,1,1,1,1,1,5,High Risk,OK,Verified ✓,74.13,23.67,8.66,11.84,12.33,BSE 500 TRI,10.42,15.47,13.24,13.98,14.69
ICICI Pru Global Advantage (FOF) Dir,Direct,International,40282,INF109KC1F34,147648,NAV-verified,,,,,,,1,1,1,1,1,5,High Risk,OK,Verified ✓,36.22,17.71,8.14,N/A,N/A,BSE 500 TRI,10.42,15.47,13.24,N/A,N/A
ICICI Pru Global Stable Equity (FOF) Dir,Direct,International,20857,INF109KA1CE0,123654,NAV-verified,,,,,,,1,1,1,1,1,5,High Risk,OK,Verified ✓,26,12.06,10.01,11.6,10.11,BSE 500 TRI,10.42,15.47,13.24,13.98,14.69
ICICI Pru NASDAQ 100 Index Dir,Direct,International,41744,INF109KC1U50,149219,NAV-verified,,,,,,,1,1,1,1,1,5,High Risk,OK,Verified ✓,40.09,29.69,N/A,N/A,N/A,BSE 500 TRI,10.42,15.47,N/A,N/A,N/A
ICICI Pru Strategic Metal and Energy Equity FoF Dir,Direct,International,42035,INF109KC1Z55,149455,NAV-verified,,,,,,,1,1,1,1,1,5,High Risk,OK,Verified ✓,84.96,28.83,N/A,N/A,N/A,BSE 500 TRI,10.42,15.47,N/A,N/A,N/A
ICICI Pru US Bluechip Equity Dir,Direct,International,17160,INF109K01Z71,120186,NAV-verified,,,,,,,1,1,1,1,1,5,High Risk,OK,Verified ✓,23.92,14.38,10.98,15.45,15.39,BSE 500 TRI,10.42,15.47,13.24,13.98,14.69
Invesco India Global Equity Income FoF Dir,Direct,International,26149,INF205K01B49,129188,NAV-verified,,,,,,,1,1,1,1,1,5,High Risk,OK,Verified ✓,41.47,21.34,15.62,15.81,13.8,BSE 500 TRI,10.42,15.47,13.24,13.98,14.69
Invesco India Pan European Equity FoF Dir,Direct,International,23314,INF205K01A24,126353,NAV-verified,,,,,,,1,1,1,1,1,5,High Risk,OK,Verified ✓,57.91,17.91,14.15,13.09,11.73,BSE 500 TRI,10.42,15.47,13.24,13.98,14.69
Invesco India-Invesco EQQQ NASDAQ-100 ETF FoF Dir,Direct,International,42218,INF205KA1585,149961,NAV-verified,,,,,,,1,1,1,1,1,5,High Risk,OK,Verified ✓,55.91,29.83,N/A,N/A,N/A,BSE 500 TRI,10.42,15.47,N/A,N/A,N/A
Invesco India-Invesco Global Consumer Trends FoF Dir,Direct,International,41229,INF205KA1270,148614,NAV-verified,,,,,,,1,1,1,1,1,5,High Risk,OK,Verified ✓,56.54,22.5,1.34,N/A,N/A,BSE 500 TRI,10.42,15.47,13.24,N/A,N/A
Kotak Global Emerging Market Overseas Equity Omni FoF Dir,Direct,International,17439,INF174K01LW4,119779,NAV-verified,,,,,,,1,1,1,1,1,5,High Risk,OK,Verified ✓,68.97,21.79,8.67,12.75,11.5,BSE 500 TRI,10.42,15.47,13.24,13.98,14.69
Kotak Global Innovation Overseas Equity Omni FoF Dir**,Direct,International,41595,INF174KA1HG4,149059,NAV-verified,,,,,,,1,1,1,1,1,5,High Risk,OK,Verified ✓,37.7,21.33,N/A,N/A,N/A,BSE 500 TRI,10.42,15.47,N/A,N/A,N/A
Kotak International REIT Overseas Equity Omni FoF Dir**,Direct,International,41237,INF174KA1FO2,148646,NAV-verified,,,,,,,1,1,1,1,1,5,High Risk,OK,Verified ✓,30.26,7.79,3.23,N/A,N/A,BSE 500 TRI,10.42,15.47,13.24,N/A,N/A
Kotak Quality Overseas Equity Omni FoF Dir,Direct,International,45906,INF174KA1ZI2,154287,Algorithm Match (96% Confidence),,,,,,,1,1,1,1,1,5,High Risk,NOT_FOUND,Neither code 154287 nor ISIN INF174KA1ZI2 confirmed in NAV,N/A,N/A,N/A,N/A,N/A,BSE 500 TRI,N/A,N/A,N/A,N/A,N/A
Kotak US Specific Equity Passive FoF Dir,Direct,International,41260,INF174KA1FQ7,148662,NAV-verified,,,,,,,1,1,1,1,1,5,High Risk,OK,Verified ✓,51.13,29.76,17.85,N/A,N/A,BSE 500 TRI,10.42,15.47,13.24,N/A,N/A
Mahindra Manulife Asia Pacific REITs FoF Dir,Direct,International,41762,INF174V01AY0,149230,NAV-verified,,,,,,,1,1,1,1,1,5,High Risk,OK,Verified ✓,37.19,6.65,N/A,N/A,N/A,BSE 500 TRI,10.42,15.47,N/A,N/A,N/A
Mirae Asset Global Electric & Autonomous Vehicles Eqt Passive FoF Dir,Direct,International,42460,INF769K01IQ9,150595,NAV-verified,,,,,,,1,1,1,1,1,5,High Risk,OK,Verified ✓,--,--,--,--,--,--,--,--,--,--,--
Mirae Asset Global X Artificial Intelligence & Tech ETF FoF Dir,Direct,International,42458,INF769K01IS5,150597,NAV-verified,,,,,,,1,1,1,1,1,5,High Risk,OK,Verified ✓,68.23,32.12,N/A,N/A,N/A,BSE 500 TRI,10.42,15.47,N/A,N/A,N/A
Mirae Asset Hang Seng TECH ETF FoF Dir**,Direct,International,41878,ETF NOT IN AMFI NAV FILE,ETF NOT IN AMFI NAV FILE,Missing from AMFI Database,,,,,,,1,1,1,1,1,5,High Risk,NOT_FOUND,Neither code ETF NOT IN AMFI NAV FILE nor ISIN ETF NOT IN AMFI NAV FILE confirmed in NAV,10.07,9.41,N/A,N/A,N/A,BSE 500 TRI,10.42,15.47,N/A,N/A,N/A
Mirae Asset Hang Seng TECH ETF**,Direct,International,41876,ETF NOT IN AMFI NAV FILE,ETF NOT IN AMFI NAV FILE,Missing from AMFI Database,,,,,,,1,1,1,1,1,5,High Risk,NOT_FOUND,Neither code ETF NOT IN AMFI NAV FILE nor ISIN ETF NOT IN AMFI NAV FILE confirmed in NAV,19.67,16.22,N/A,N/A,N/A,BSE 500 TRI,10.42,15.47,N/A,N/A,N/A
Mirae Asset NYSE FANG+ ETF,Direct,International,41429,INF769K01HH0,148928,NAV-verified,,,,,,,1,1,1,1,1,5,High Risk,OK,Verified ✓,54.46,40.11,N/A,N/A,N/A,BSE 500 TRI,10.42,15.47,N/A,N/A,N/A
Mirae Asset NYSE FANG+ ETF FoF Dir,Direct,International,41431,INF769K01HH0,148928,NAV-verified,,,,,,,1,1,1,1,1,5,High Risk,OK,Verified ✓,50.03,48.23,N/A,N/A,N/A,BSE 500 TRI,10.42,15.47,N/A,N/A,N/A
Mirae Asset S&P 500 Top 50 ETF,Direct,International,41698,INF769K01HR9,149170,NAV-verified,,,,,,,1,1,1,1,1,5,High Risk,OK,Verified ✓,34.78,27.45,N/A,N/A,N/A,BSE 500 TRI,10.42,15.47,N/A,N/A,N/A
Mirae Asset S&P 500 Top 50 ETF FoF Dir,Direct,International,41704,INF769K01HR9,149170,NAV-verified,,,,,,,1,1,1,1,1,5,High Risk,OK,Verified ✓,53.08,34.69,N/A,N/A,N/A,BSE 500 TRI,10.42,15.47,N/A,N/A,N/A
Motilal Oswal Developed Mkt Ex US ETFs Ovrses Eqt Pass FoF Dir,Direct,International,43802,ETF NOT IN AMFI NAV FILE,ETF NOT IN AMFI NAV FILE,Missing from AMFI Database,,,,,,,1,1,1,1,1,5,High Risk,NOT_FOUND,Neither code ETF NOT IN AMFI NAV FILE nor ISIN ETF NOT IN AMFI NAV FILE confirmed in NAV,44.76,N/A,N/A,N/A,N/A,BSE 500 TRI,10.42,N/A,N/A,N/A,N/A
Motilal Oswal NASDAQ 100 ETF,Direct,International,12498,INF247L01718,145552,NAV-verified,,,,,,,1,1,1,1,1,5,High Risk,OK,Verified ✓,40.39,29.64,17.78,23.78,22.61,BSE 500 TRI,10.42,15.47,13.24,13.98,14.69
Motilal Oswal Nasdaq 100 FOF Dir,Direct,International,38228,INF247L01718,145552,NAV-verified,,,,,,,1,1,1,1,1,5,High Risk,OK,Verified ✓,56.6,34.63,19.99,25.24,N/A,BSE 500 TRI,10.42,15.47,13.24,13.98,N/A
Motilal Oswal Nasdaq Q50 ETF,Direct,International,41923,ETF NOT IN AMFI NAV FILE,ETF NOT IN AMFI NAV FILE,Missing from AMFI Database,,,,,,,1,1,1,1,1,5,High Risk,NOT_FOUND,Neither code ETF NOT IN AMFI NAV FILE nor ISIN ETF NOT IN AMFI NAV FILE confirmed in NAV,49.95,22.72,N/A,N/A,N/A,BSE 500 TRI,10.42,15.47,N/A,N/A,N/A
Motilal Oswal S&P 500 Index Dir,Direct,International,40997,INF247L01AG2,148381,NAV-verified,,,,,,,1,1,1,1,1,5,High Risk,OK,Verified ✓,34.16,23.81,16.05,N/A,N/A,BSE 500 TRI,10.42,15.47,13.24,N/A,N/A
Navi Nasdaq100 US Specific Equity Passive FoF Dir,Direct,International,42135,INF959L01FZ1,149910,NAV-verified,,,,,,,1,1,1,1,1,5,High Risk,OK,Verified ✓,40.46,29.83,N/A,N/A,N/A,BSE 500 TRI,10.42,15.47,N/A,N/A,N/A
Navi Total Stock Market US Specific Equity Passive FoF Dir,Direct,International,42069,INF959L01FV0,149830,NAV-verified,,,,,,,1,1,1,1,1,5,High Risk,OK,Verified ✓,34.21,23.93,N/A,N/A,N/A,BSE 500 TRI,10.42,15.47,N/A,N/A,N/A
Nippon India ETF Hang Seng BeES,Direct,International,10905,ETF NOT IN AMFI NAV FILE,ETF NOT IN AMFI NAV FILE,Missing from AMFI Database,,,,,,,1,1,1,1,1,5,High Risk,NOT_FOUND,Neither code ETF NOT IN AMFI NAV FILE nor ISIN ETF NOT IN AMFI NAV FILE confirmed in NAV,38.23,16.26,4.83,4.64,8.35,BSE 500 TRI,10.42,15.47,13.24,13.98,14.69
Nippon India Japan Equity Dir,Direct,International,27691,INF204KA1SK7,130861,NAV-verified,,,,,,,1,1,1,1,1,5,High Risk,OK,Verified ✓,45.14,19.53,9.18,11.49,11.04,BSE 500 TRI,10.42,15.47,13.24,13.98,14.69
Nippon India Taiwan Equity Dir,Direct,International,41838,INF204KC1303,149329,NAV-verified,,,,,,,1,1,1,1,1,5,High Risk,OK,Verified ✓,275.37,54.33,N/A,N/A,N/A,BSE 500 TRI,10.42,15.47,N/A,N/A,N/A
Nippon India US Equity Opportunities Dir,Direct,International,30567,INF204KA15G5,134923,NAV-verified,,,,,,,1,1,1,1,1,5,High Risk,OK,Verified ✓,13.37,18.71,9.5,14.65,15.5,BSE 500 TRI,10.42,15.47,13.24,13.98,14.69
PGIM India Emerging Markets Equity FoF Dir,Direct,International,17349,INF223J01NL0,138456,NAV-verified,,,,,,,1,1,1,1,1,5,High Risk,OK,Verified ✓,60.43,26.22,4.22,8.46,7.77,BSE 500 TRI,10.42,15.47,13.24,13.98,14.69
PGIM India Global Equity Opportunities FoF Dir,Direct,International,17348,INF223J01NF2,138528,NAV-verified,,,,,,,1,1,1,1,1,5,High Risk,OK,Verified ✓,23.54,17.95,6.41,15.04,14.59,BSE 500 TRI,10.42,15.47,13.24,13.98,14.69
PGIM India Global Select Real Estate Sec FoF Dir,Direct,International,41818,INF663L01W63,149298,NAV-verified,,,,,,,1,1,1,1,1,5,High Risk,OK,Verified ✓,32.14,14.31,N/A,N/A,N/A,BSE 500 TRI,10.42,15.47,N/A,N/A,N/A
SBI US Specific Equity Active FoF FoF Dir,Direct,International,41352,INF200KA1U28,148760,NAV-verified,,,,,,,1,1,1,1,1,5,High Risk,OK,Verified ✓,47.85,27.77,16.64,N/A,N/A,BSE 500 TRI,10.42,15.47,13.24,N/A,N/A
Sundaram Global Brand Theme-Equity Active FoF Dir*,Direct,International,17200,INF903J01OB6,119602,NAV-verified,,,,,,,1,1,1,1,1,5,High Risk,OK,Verified ✓,29.96,17.96,11.12,14.05,13.37,BSE 500 TRI,10.42,15.47,13.24,13.98,14.69
ABSL Large & Mid Cap Dir,Direct,Large & Mid Cap,15697,INF209K01VH8,119436,NAV-verified,0.3,1.03,0.48,15.36,13.47,0.57,6,4,3,3,1,17,Moderately High Risk,OK,Verified ✓,14.72,16.22,10.68,13.02,13.25,BSE Large Mid Cap TRI,10.34,14.96,12.81,13.43,14.35
ABSL Nifty 200 Momentum 30 ETF,Direct,Large & Mid Cap,42334,ETF NOT IN AMFI NAV FILE,ETF NOT IN AMFI NAV FILE,Missing from AMFI Database,0.67,1.25,0.48,19.48,15.37,0.61,6,4,2,1,1,14,Moderately High Risk,NOT_FOUND,Neither code ETF NOT IN AMFI NAV FILE nor ISIN ETF NOT IN AMFI NAV FILE confirmed in NAV,16.29,18.61,N/A,N/A,N/A,BSE Large Mid Cap TRI,10.34,14.96,N/A,N/A,N/A
ABSL Nifty 200 Quality 30 ETF,Direct,Large & Mid Cap,42335,ETF NOT IN AMFI NAV FILE,ETF NOT IN AMFI NAV FILE,Missing from AMFI Database,-1.67,0.98,0.34,15.2,11.17,0.39,4,2,3,3,1,13,Moderately High Risk,NOT_FOUND,Neither code ETF NOT IN AMFI NAV FILE nor ISIN ETF NOT IN AMFI NAV FILE confirmed in NAV,7.8,12.91,N/A,N/A,N/A,BSE Large Mid Cap TRI,10.34,14.96,N/A,N/A,N/A
Aditya Birla SL MSCI India ETF,Direct,Large & Mid Cap,45843,ETF NOT IN AMFI NAV FILE,ETF NOT IN AMFI NAV FILE,Missing from AMFI Database,,,,,,,1,1,1,1,1,5,High Risk,NOT_FOUND,Neither code ETF NOT IN AMFI NAV FILE nor ISIN ETF NOT IN AMFI NAV FILE confirmed in NAV,N/A,N/A,N/A,N/A,N/A,BSE Large Mid Cap TRI,N/A,N/A,N/A,N/A,N/A
Axis Large & Mid Cap Dir,Direct,Large & Mid Cap,37839,INF846K01J46,145110,NAV-verified,5.03,0.9,0.81,13.94,17.34,0.93,12,10,4,4,2,32,Low Risk,OK,Verified ✓,14.16,20.02,15.67,18.56,N/A,BSE Large Mid Cap TRI,10.34,14.96,12.81,13.43,N/A
Bajaj Finserv Large and Mid Cap Dir,Direct,Large & Mid Cap,44118,INF0QA701763,152408,NAV-verified,,,,,,,1,1,1,1,1,5,High Risk,OK,Verified ✓,10.35,N/A,N/A,N/A,N/A,BSE Large Mid Cap TRI,10.34,N/A,N/A,N/A,N/A
Bandhan Large & Mid Cap Dir,Direct,Large & Mid Cap,16474,INF194K01V89,118419,NAV-verified,7.57,1,0.97,14.96,20.54,1.16,12,10,3,3,2,30,Low Risk,OK,Verified ✓,14.91,24.06,19.58,18.21,17.92,BSE Large Mid Cap TRI,10.34,14.96,12.81,13.43,14.35
Bandhan Nifty 200 Quality 30 Index Dir,Direct,Large & Mid Cap,44741,INF194KB1JA8,153114,NAV-verified,,,,,,,1,1,1,1,1,5,High Risk,OK,Verified ✓,7.54,N/A,N/A,N/A,N/A,BSE Large Mid Cap TRI,10.34,N/A,N/A,N/A,N/A
Bandhan Nifty Alpha Low Volatility 30 Index Dir,Direct,Large & Mid Cap,44859,INF194KB1JC4,153213,NAV-verified,,,,,,,1,1,1,1,1,5,High Risk,OK,Verified ✓,5.32,N/A,N/A,N/A,N/A,BSE Large Mid Cap TRI,10.34,N/A,N/A,N/A,N/A
Bandhan Nifty200 Momentum 30 Index Dir,Direct,Large & Mid Cap,42496,INF194KB1DP9,150591,NAV-verified,0.24,1.24,0.46,19.42,14.9,0.58,6,4,2,1,1,14,Moderately High Risk,OK,Verified ✓,15.99,18.07,N/A,N/A,N/A,BSE Large Mid Cap TRI,10.34,14.96,N/A,N/A,N/A
Bank of India Large & Mid Cap Dir,Direct,Large & Mid Cap,16267,INF761K01629,119300,NAV-verified,2.82,1.01,0.65,15.28,15.9,0.84,8,8,3,3,2,24,Moderate Risk,OK,Verified ✓,17.21,17.99,15.63,16.18,14.5,BSE Large Mid Cap TRI,10.34,14.96,12.81,13.43,14.35
Baroda BNP Paribas Large & Mid Cap Dir,Direct,Large & Mid Cap,41088,INF955L01JU2,148474,NAV-verified,2.73,1.03,0.63,15.72,15.95,0.74,8,6,3,3,1,21,Moderate Risk,OK,Verified ✓,9.07,18.21,16.3,N/A,N/A,BSE Large Mid Cap TRI,10.34,14.96,12.81,N/A,N/A
Baroda BNP Paribas Nifty200 Momentum 30 Index Dir,Direct,Large & Mid Cap,44582,INF251K01TY9,152931,NAV-verified,,,,,,,1,1,1,1,1,5,High Risk,OK,Verified ✓,15.51,N/A,N/A,N/A,N/A,BSE Large Mid Cap TRI,10.34,N/A,N/A,N/A,N/A
Canara Robeco Large and Mid Cap Dir,Direct,Large & Mid Cap,16581,INF760K01EI4,118278,NAV-verified,0.81,0.99,0.51,15.02,13.75,0.64,6,6,3,3,1,19,Moderately High Risk,OK,Verified ✓,7.96,16.2,14.04,15.63,16.8,BSE Large Mid Cap TRI,10.34,14.96,12.81,13.43,14.35
DSP Large & Mid Cap Dir,Direct,Large & Mid Cap,16425,INF740K01PL6,119218,NAV-verified,4.51,1.03,0.76,15.3,17.68,0.94,10,8,3,3,2,26,Moderate Risk,OK,Verified ✓,10.78,20.52,16.26,16.64,16.66,BSE Large Mid Cap TRI,10.34,14.96,12.81,13.43,14.35
DSP MSCI India ETF,Direct,Large & Mid Cap,45616,ETF NOT IN AMFI NAV FILE,ETF NOT IN AMFI NAV FILE,Missing from AMFI Database,,,,,,,1,1,1,1,1,5,High Risk,NOT_FOUND,Neither code ETF NOT IN AMFI NAV FILE nor ISIN ETF NOT IN AMFI NAV FILE confirmed in NAV,N/A,N/A,N/A,N/A,N/A,BSE Large Mid Cap TRI,N/A,N/A,N/A,N/A,N/A
Edelweiss Large & Mid Cap Dir,Direct,Large & Mid Cap,16569,INF843K01AL0,140175,NAV-verified,3.93,1,0.73,14.97,16.91,0.86,10,8,3,3,2,26,Moderate Risk,OK,Verified ✓,16.51,19.98,16.38,17.43,16.61,BSE Large Mid Cap TRI,10.34,14.96,12.81,13.43,14.35
Edelweiss NIFTY Large Mid Cap 250 Index Dir,Direct,Large & Mid Cap,41844,INF754K01NR9,149343,NAV-verified,2.25,1.05,0.63,15.22,15.58,0.75,8,6,3,3,1,21,Moderate Risk,OK,Verified ✓,12.87,18.18,N/A,N/A,N/A,BSE Large Mid Cap TRI,10.34,14.96,N/A,N/A,N/A
Edelweiss Nifty Alpha Low Volatility 30 Index Dir,Direct,Large & Mid Cap,44309,INF754K01SS6,152616,NAV-verified,,,,,,,1,1,1,1,1,5,High Risk,OK,Verified ✓,5.27,N/A,N/A,N/A,N/A,BSE Large Mid Cap TRI,10.34,N/A,N/A,N/A,N/A
Edelweiss Nifty LargeMidcap 250 ETF,Direct,Large & Mid Cap,45481,INF754K01WR0,154310,Algorithm Match (73% Confidence),,,,,,,1,1,1,1,1,5,High Risk,NOT_FOUND,Neither code 154310 nor ISIN INF754K01WR0 confirmed in NAV,N/A,N/A,N/A,N/A,N/A,BSE Large Mid Cap TRI,N/A,N/A,N/A,N/A,N/A
Franklin India Large & Mid Cap Dir,Direct,Large & Mid Cap,15986,INF090I01IN1,118510,NAV-verified,1.31,0.97,0.56,14.53,14.1,0.77,6,6,3,3,1,19,Moderately High Risk,OK,Verified ✓,10.01,16.23,13.42,13.15,12.7,BSE Large Mid Cap TRI,10.34,14.96,12.81,13.43,14.35
Groww Nifty 200 ETF,Direct,Large & Mid Cap,44969,INF666M01JR9,153343,NAV-verified,,,,,,,1,1,1,1,1,5,High Risk,OK,Verified ✓,10.16,N/A,N/A,N/A,N/A,BSE Large Mid Cap TRI,10.34,N/A,N/A,N/A,N/A
Groww Nifty 200 ETF FoF Dir,Direct,Large & Mid Cap,44967,INF666M01JR9,153343,NAV-verified,,,,,,,1,1,1,1,1,5,High Risk,OK,Verified ✓,9.97,N/A,N/A,N/A,N/A,BSE Large Mid Cap TRI,10.34,N/A,N/A,N/A,N/A
HDFC Large and Mid Cap Dir,Direct,Large & Mid Cap,16626,INF179KA1RQ7,130498,NAV-verified,3.4,1.08,0.69,15.83,16.93,0.84,10,8,3,2,2,25,Moderate Risk,OK,Verified ✓,11.88,19.55,18.05,17,15.75,BSE Large Mid Cap TRI,10.34,14.96,12.81,13.43,14.35
HDFC NIFTY200 Momentum 30 ETF,Direct,Large & Mid Cap,42569,INF179KC1IC4,152430,NAV-verified,0.61,1.25,0.48,19.47,15.3,0.61,6,4,2,1,1,14,Moderately High Risk,OK,Verified ✓,16.47,18.53,N/A,N/A,N/A,BSE Large Mid Cap TRI,10.34,14.96,N/A,N/A,N/A
HDFC NIFTY200 Momentum 30 Index Dir,Direct,Large & Mid Cap,44153,INF179KC1IC4,152430,NAV-verified,,,,,,,1,1,1,1,1,5,High Risk,OK,Verified ✓,16.17,N/A,N/A,N/A,N/A,BSE Large Mid Cap TRI,10.34,N/A,N/A,N/A,N/A
HDFC Nifty LargeMidcap 250 Index Dir,Direct,Large & Mid Cap,44570,INF179KC1IQ4,152889,NAV-verified,,,,,,,1,1,1,1,1,5,High Risk,OK,Verified ✓,12.9,N/A,N/A,N/A,N/A,BSE Large Mid Cap TRI,10.34,N/A,N/A,N/A,N/A
HSBC Large and Mid Cap Dir,Direct,Large & Mid Cap,39456,INF336L01NV5,146772,NAV-verified,5.18,1.01,0.72,17,18.2,0.72,12,8,3,3,1,27,Low Risk,OK,Verified ✓,20.85,21.46,16.95,15.91,N/A,BSE Large Mid Cap TRI,10.34,14.96,12.81,13.43,N/A
Helios Large & Mid Cap Dir,Direct,Large & Mid Cap,44610,INF0R8701269,152941,NAV-verified,,,,,,,1,1,1,1,1,5,High Risk,OK,Verified ✓,18.34,N/A,N/A,N/A,N/A,BSE Large Mid Cap TRI,10.34,N/A,N/A,N/A,N/A
ICICI Pru Large & Mid Cap Dir,Direct,Large & Mid Cap,15868,INF109K011O5,120596,NAV-verified,5.5,0.93,0.87,13.75,17.96,0.99,12,10,4,4,2,32,Low Risk,OK,Verified ✓,12.24,21.06,20,18.32,17.29,BSE Large Mid Cap TRI,10.34,14.96,12.81,13.43,14.35
ICICI Pru Nifty 200 Momentum 30 ETF,Direct,Large & Mid Cap,42387,INF109KC11D8,150452,NAV-verified,0.55,1.25,0.47,19.5,15.26,0.61,6,4,2,1,1,14,Moderately High Risk,OK,Verified ✓,16.39,18.47,N/A,N/A,N/A,BSE Large Mid Cap TRI,10.34,14.96,N/A,N/A,N/A
ICICI Pru Nifty 200 Momentum 30 Index Dir,Direct,Large & Mid Cap,42381,INF109KC11D8,150452,NAV-verified,0.34,1.24,0.46,19.42,15.02,0.59,6,4,2,1,1,14,Moderately High Risk,OK,Verified ✓,16.22,18.21,N/A,N/A,N/A,BSE Large Mid Cap TRI,10.34,14.96,N/A,N/A,N/A
ICICI Pru Nifty 200 Quality 30 ETF,Direct,Large & Mid Cap,43676,ETF NOT IN AMFI NAV FILE,ETF NOT IN AMFI NAV FILE,Missing from AMFI Database,,,,,,,1,1,1,1,1,5,High Risk,NOT_FOUND,Neither code ETF NOT IN AMFI NAV FILE nor ISIN ETF NOT IN AMFI NAV FILE confirmed in NAV,7.69,N/A,N/A,N/A,N/A,BSE Large Mid Cap TRI,10.34,N/A,N/A,N/A,N/A
ICICI Pru Nifty Alpha Low-Volatility 30 ETF,Direct,Large & Mid Cap,41071,INF109KC1S05,149160,NAV-verified,0.04,1.09,0.46,16.53,13.68,0.59,6,4,3,2,1,16,Moderately High Risk,OK,Verified ✓,5.45,15.2,12.32,N/A,N/A,BSE Large Mid Cap TRI,10.34,14.96,12.81,N/A,N/A
ICICI Pru Nifty Alpha Low-Volatility 30 ETF FOF Dir,Direct,Large & Mid Cap,41688,INF109KC1S05,149160,NAV-verified,-0.02,1.09,0.45,16.75,13.61,0.54,4,4,3,2,1,14,Moderately High Risk,OK,Verified ✓,4.89,14.88,N/A,N/A,N/A,BSE Large Mid Cap TRI,10.34,14.96,N/A,N/A,N/A
ICICI Pru Nifty LargeMidcap 250 Index Dir,Direct,Large & Mid Cap,44180,INF109KC12U0,152482,NAV-verified,,,,,,,1,1,1,1,1,5,High Risk,OK,Verified ✓,12.9,N/A,N/A,N/A,N/A,BSE Large Mid Cap TRI,10.34,N/A,N/A,N/A,N/A
ICICI Pru Nifty200 Quality 30 Index Dir,Direct,Large & Mid Cap,45193,INF109K1A252,153546,NAV-verified,,,,,,,1,1,1,1,1,5,High Risk,OK,Verified ✓,N/A,N/A,N/A,N/A,N/A,BSE Large Mid Cap TRI,N/A,N/A,N/A,N/A,N/A
ITI Large & Mid Cap Dir,Direct,Large & Mid Cap,44501,INF00XX01804,148353,NAV-verified,,,,,,,1,1,1,1,1,5,High Risk,OK,Verified ✓,9.1,N/A,N/A,N/A,N/A,BSE Large Mid Cap TRI,10.34,N/A,N/A,N/A,N/A
Invesco India Large & Mid Cap Dir,Direct,Large & Mid Cap,16770,INF205K01MA0,120357,NAV-verified,7.24,1.07,0.87,16.9,20.74,0.99,12,10,3,2,2,29,Low Risk,OK,Verified ✓,15.63,24.72,18.22,17.28,17.71,BSE Large Mid Cap TRI,10.34,14.96,12.81,13.43,14.35
JM Large & Mid Cap Dir,Direct,Large & Mid Cap,45304,INF192K01NK7,153629,NAV-verified,,,,,,,1,1,1,1,1,5,High Risk,OK,Verified ✓,N/A,N/A,N/A,N/A,N/A,BSE Large Mid Cap TRI,N/A,N/A,N/A,N/A,N/A
Kotak Large & Midcap Dir,Direct,Large & Mid Cap,16378,INF174K01LF9,120158,NAV-verified,3.71,0.99,0.71,14.85,16.6,0.79,10,8,3,3,1,25,Moderate Risk,OK,Verified ✓,16.19,19.41,16.6,17.44,17.33,BSE Large Mid Cap TRI,10.34,14.96,12.81,13.43,14.35
Kotak MSCI India ETF,Direct,Large & Mid Cap,44952,ETF NOT IN AMFI NAV FILE,ETF NOT IN AMFI NAV FILE,Missing from AMFI Database,,,,,,,1,1,1,1,1,5,High Risk,NOT_FOUND,Neither code ETF NOT IN AMFI NAV FILE nor ISIN ETF NOT IN AMFI NAV FILE confirmed in NAV,10.51,N/A,N/A,N/A,N/A,BSE Large Mid Cap TRI,10.34,N/A,N/A,N/A,N/A
Kotak Nifty 200 Momentum 30 ETF,Direct,Large & Mid Cap,45531,INF174KA1OB1,151781,NAV-verified,,,,,,,1,1,1,1,1,5,High Risk,OK,Verified ✓,N/A,N/A,N/A,N/A,N/A,BSE Large Mid Cap TRI,N/A,N/A,N/A,N/A,N/A
Kotak Nifty 200 Momentum 30 Index Dir,Direct,Large & Mid Cap,43538,INF174KA1OB1,151781,NAV-verified,,,,,,,1,1,1,1,1,5,High Risk,OK,Verified ✓,16.57,N/A,N/A,N/A,N/A,BSE Large Mid Cap TRI,10.34,N/A,N/A,N/A,N/A
Kotak Nifty 200 Quality 30 Index Dir,Direct,Large & Mid Cap,45258,INF174KA1WN9,153660,NAV-verified,,,,,,,1,1,1,1,1,5,High Risk,OK,Verified ✓,N/A,N/A,N/A,N/A,N/A,BSE Large Mid Cap TRI,N/A,N/A,N/A,N/A,N/A
Kotak Nifty200 Quality 30 ETF,Direct,Large & Mid Cap,45255,INF174KA1WN9,153660,NAV-verified,,,,,,,1,1,1,1,1,5,High Risk,OK,Verified ✓,N/A,N/A,N/A,N/A,N/A,BSE Large Mid Cap TRI,N/A,N/A,N/A,N/A,N/A
LIC MF Large & Mid Cap Dir,Direct,Large & Mid Cap,29416,INF767K01NE9,133710,NAV-verified,2.75,1.06,0.62,16.32,16.13,0.78,8,6,3,2,1,20,Moderate Risk,OK,Verified ✓,10.67,18.85,14.96,15.66,16.56,BSE Large Mid Cap TRI,10.34,14.96,12.81,13.43,14.35
Mahindra Manulife Large & Mid Cap Dir,Direct,Large & Mid Cap,40397,INF174V01945,147840,NAV-verified,2.72,0.99,0.63,15.15,15.62,0.81,8,6,3,3,2,22,Moderate Risk,OK,Verified ✓,12.5,17.91,16.17,N/A,N/A,BSE Large Mid Cap TRI,10.34,14.96,12.81,N/A,N/A
Mirae Asset BSE 200 Equal Weight ETF,Direct,Large & Mid Cap,45027,INF769K01OG8,153381,NAV-verified,,,,,,,1,1,1,1,1,5,High Risk,OK,Verified ✓,13.54,N/A,N/A,N/A,N/A,BSE Large Mid Cap TRI,10.34,N/A,N/A,N/A,N/A
Mirae Asset BSE 200 Equal Weight ETF FoF Dir,Direct,Large & Mid Cap,45030,INF769K01OG8,153381,NAV-verified,,,,,,,1,1,1,1,1,5,High Risk,OK,Verified ✓,12.13,N/A,N/A,N/A,N/A,BSE Large Mid Cap TRI,10.34,N/A,N/A,N/A,N/A
Mirae Asset Large & Midcap Dir,Direct,Large & Mid Cap,16563,INF769K01BI1,118834,NAV-verified,1.62,1.05,0.58,15.4,14.95,0.68,8,6,3,3,1,21,Moderate Risk,OK,Verified ✓,15.84,17.43,14.27,16.9,18.5,BSE Large Mid Cap TRI,10.34,14.96,12.81,13.43,14.35
Mirae Asset Nifty 200 Alpha 30 ETF,Direct,Large & Mid Cap,43817,INF769K01LV3,152719,NAV-verified,,,,,,,1,1,1,1,1,5,High Risk,OK,Verified ✓,16.47,N/A,N/A,N/A,N/A,BSE Large Mid Cap TRI,10.34,N/A,N/A,N/A,N/A
Mirae Asset Nifty 200 Alpha 30 ETF FoF Dir,Direct,Large & Mid Cap,44400,INF769K01LV3,152719,NAV-verified,,,,,,,1,1,1,1,1,5,High Risk,OK,Verified ✓,15.68,N/A,N/A,N/A,N/A,BSE Large Mid Cap TRI,10.34,N/A,N/A,N/A,N/A
Mirae Asset Nifty LargeMidcap 250 Index Dir,Direct,Large & Mid Cap,44624,INF769K01MJ6,152976,NAV-verified,,,,,,,1,1,1,1,1,5,High Risk,OK,Verified ✓,12.77,N/A,N/A,N/A,N/A,BSE Large Mid Cap TRI,10.34,N/A,N/A,N/A,N/A
Motilal Oswal BSE Low Volatility ETF,Direct,Large & Mid Cap,42147,INF247L01AY5,149919,NAV-verified,-0.29,0.92,0.44,13.79,12.12,0.54,4,4,4,4,1,17,Moderately High Risk,OK,Verified ✓,4.17,13.29,N/A,N/A,N/A,BSE Large Mid Cap TRI,10.34,14.96,N/A,N/A,N/A
Motilal Oswal BSE Low Volatility Index Dir,Direct,Large & Mid Cap,42155,INF247L01AY5,149919,NAV-verified,-0.56,0.92,0.42,13.76,11.83,0.51,4,4,4,4,1,17,Moderately High Risk,OK,Verified ✓,4.21,12.98,N/A,N/A,N/A,BSE Large Mid Cap TRI,10.34,14.96,N/A,N/A,N/A
Motilal Oswal BSE Quality ETF,Direct,Large & Mid Cap,42438,INF247L01BI6,150521,NAV-verified,2.59,1.04,0.59,16.66,15.83,0.82,8,6,3,3,2,22,Moderate Risk,OK,Verified ✓,15.66,18.42,N/A,N/A,N/A,BSE Large Mid Cap TRI,10.34,14.96,N/A,N/A,N/A
Motilal Oswal BSE Quality Index Dir,Direct,Large & Mid Cap,42440,INF247L01BI6,150521,NAV-verified,2.49,1.03,0.58,16.58,15.69,0.82,8,6,3,3,2,22,Moderate Risk,OK,Verified ✓,15.52,18.27,N/A,N/A,N/A,BSE Large Mid Cap TRI,10.34,14.96,N/A,N/A,N/A
Motilal Oswal Large and Midcap Dir,Direct,Large & Mid Cap,40338,INF247L01999,147704,NAV-verified,8.22,1.11,0.81,19.72,21.93,0.98,12,10,2,2,2,28,Low Risk,OK,Verified ✓,24.34,26.92,21.65,N/A,N/A,BSE Large Mid Cap TRI,10.34,14.96,12.81,N/A,N/A
Motilal Oswal Nifty 200 Momentum 30 ETF,Direct,Large & Mid Cap,42039,INF247L01AV1,149800,NAV-verified,0.57,1.25,0.47,19.51,15.28,0.61,6,4,2,1,1,14,Moderately High Risk,OK,Verified ✓,15.96,18.5,N/A,N/A,N/A,BSE Large Mid Cap TRI,10.34,14.96,N/A,N/A,N/A
Motilal Oswal Nifty 200 Momentum 30 Index Dir,Direct,Large & Mid Cap,42041,INF247L01AV1,149800,NAV-verified,0.53,1.25,0.47,19.48,15.24,0.59,6,4,2,1,1,14,Moderately High Risk,OK,Verified ✓,15.9,18.44,N/A,N/A,N/A,BSE Large Mid Cap TRI,10.34,14.96,N/A,N/A,N/A
Navi Large & Midcap Dir,Direct,Large & Mid Cap,31278,INF959L01CH6,135677,NAV-verified,-1.46,1.05,0.37,15.92,11.84,0.45,4,4,3,3,1,15,Moderately High Risk,OK,Verified ✓,11.26,14.54,13.84,14.3,15.24,BSE Large Mid Cap TRI,10.34,14.96,12.81,13.43,14.35
Nippon India Nifty Alpha Low Volatility 30 Index Dir,Direct,Large & Mid Cap,42413,INF204KC1584,150487,NAV-verified,-0.02,1.09,0.46,16.48,13.59,0.58,4,4,3,2,1,14,Moderately High Risk,OK,Verified ✓,5.33,15.1,N/A,N/A,N/A,BSE Large Mid Cap TRI,10.34,14.96,N/A,N/A,N/A
Nippon India Vision Large & Mid Cap Dir,Direct,Large & Mid Cap,16194,INF204K01E96,118675,NAV-verified,4.32,1.02,0.76,14.9,17.42,0.86,10,8,3,3,2,26,Moderate Risk,OK,Verified ✓,11.88,20.48,16.78,15.7,14.17,BSE Large Mid Cap TRI,10.34,14.96,12.81,13.43,14.35
PGIM India Large and Mid Cap Dir,Direct,Large & Mid Cap,44085,INF663L01Y12,152382,NAV-verified,,,,,,,1,1,1,1,1,5,High Risk,OK,Verified ✓,10.06,N/A,N/A,N/A,N/A,BSE Large Mid Cap TRI,10.34,N/A,N/A,N/A,N/A
Quant Large & Mid Cap Dir,Direct,Large & Mid Cap,17363,INF966L01655,120824,NAV-verified,1.25,1.1,0.51,17.45,14.93,0.73,6,6,2,2,1,17,Moderately High Risk,OK,Verified ✓,5.55,17.22,16.56,18.24,16.51,BSE Large Mid Cap TRI,10.34,14.96,12.81,13.43,14.35
SBI Large & Midcap Dir,Direct,Large & Mid Cap,16240,INF200K01UJ5,119721,NAV-verified,3.21,0.89,0.72,13.17,15.46,0.86,10,8,4,4,2,28,Low Risk,OK,Verified ✓,15.23,18.11,17.44,16.88,16.19,BSE Large Mid Cap TRI,10.34,14.96,12.81,13.43,14.35
SBI Nifty 200 Quality 30 ETF,Direct,Large & Mid Cap,38348,ETF NOT IN AMFI NAV FILE,ETF NOT IN AMFI NAV FILE,Missing from AMFI Database,-1.88,0.98,0.32,15.22,10.97,0.38,4,2,3,3,1,13,Moderately High Risk,NOT_FOUND,Neither code ETF NOT IN AMFI NAV FILE nor ISIN ETF NOT IN AMFI NAV FILE confirmed in NAV,7.63,12.69,10.43,11.96,N/A,BSE Large Mid Cap TRI,10.34,14.96,12.81,13.43,N/A
SBI Nifty200 Momentum 30 Index Dir,Direct,Large & Mid Cap,45267,INF200KB1878,153662,NAV-verified,,,,,,,1,1,1,1,1,5,High Risk,OK,Verified ✓,N/A,N/A,N/A,N/A,N/A,BSE Large Mid Cap TRI,N/A,N/A,N/A,N/A,N/A
SBI Nifty200 Quality 30 Index Dir,Direct,Large & Mid Cap,45182,INF200KB1811,153555,NAV-verified,,,,,,,1,1,1,1,1,5,High Risk,OK,Verified ✓,N/A,N/A,N/A,N/A,N/A,BSE Large Mid Cap TRI,N/A,N/A,N/A,N/A,N/A
Samco Large & Mid Cap Dir,Direct,Large & Mid Cap,45201,INF0K1H01271,153534,NAV-verified,,,,,,,1,1,1,1,1,5,High Risk,OK,Verified ✓,N/A,N/A,N/A,N/A,N/A,BSE Large Mid Cap TRI,N/A,N/A,N/A,N/A,N/A
Sundaram Large & Midcap Dir,Direct,Large & Mid Cap,16086,INF903J01PR9,119566,NAV-verified,1.55,1.04,0.57,15.43,14.82,0.64,8,6,3,3,1,21,Moderate Risk,OK,Verified ✓,11.6,17.2,14.54,15.51,16.22,BSE Large Mid Cap TRI,10.34,14.96,12.81,13.43,14.35
Tata BSE Quality Index Dir,Direct,Large & Mid Cap,45062,INF277KA1DK1,153420,NAV-verified,,,,,,,1,1,1,1,1,5,High Risk,OK,Verified ✓,15.43,N/A,N/A,N/A,N/A,BSE Large Mid Cap TRI,10.34,N/A,N/A,N/A,N/A
Tata Large & Midcap Dir,Direct,Large & Mid Cap,16679,INF277K01MK8,119202,NAV-verified,-3.51,1.03,0.24,15.25,9.68,0.29,2,2,3,3,1,11,High Risk,OK,Verified ✓,0.78,11.55,12.16,14.04,13.94,BSE Large Mid Cap TRI,10.34,14.96,12.81,13.43,14.35
Tata Nifty200 Alpha 30 Index Dir,Direct,Large & Mid Cap,44509,INF277KA1CI7,152836,NAV-verified,,,,,,,1,1,1,1,1,5,High Risk,OK,Verified ✓,16.2,N/A,N/A,N/A,N/A,BSE Large Mid Cap TRI,10.34,N/A,N/A,N/A,N/A
UTI BSE Low Volatility Index Dir,Direct,Large & Mid Cap,42111,INF789F1AVF2,149881,NAV-verified,-0.49,0.92,0.43,13.75,11.9,0.52,4,4,4,4,1,17,Moderately High Risk,OK,Verified ✓,4.18,13.06,N/A,N/A,N/A,BSE Large Mid Cap TRI,10.34,14.96,N/A,N/A,N/A
UTI Large & Mid Cap Dir,Direct,Large & Mid Cap,15845,INF789F01UG3,120665,NAV-verified,6,1,0.88,14.83,19.01,1.09,12,10,3,3,2,30,Low Risk,OK,Verified ✓,14.34,22.07,18.17,16.9,15.5,BSE Large Mid Cap TRI,10.34,14.96,12.81,13.43,14.35
UTI Nifty Alpha Low-Volatility 30 Index Dir,Direct,Large & Mid Cap,44727,INF789F1AZM9,153086,NAV-verified,,,,,,,1,1,1,1,1,5,High Risk,OK,Verified ✓,5.38,N/A,N/A,N/A,N/A,BSE Large Mid Cap TRI,10.34,N/A,N/A,N/A,N/A
UTI Nifty200 Momentum 30 Index Dir,Direct,Large & Mid Cap,41312,INF789F1AUT5,148703,NAV-verified,0.86,1.25,0.49,19.49,15.59,0.62,6,4,2,1,1,14,Moderately High Risk,OK,Verified ✓,16.37,18.86,14.3,N/A,N/A,BSE Large Mid Cap TRI,10.34,14.96,12.81,N/A,N/A
UTI Nifty200 Quality 30 Index Dir,Direct,Large & Mid Cap,44548,INF789F1AZH9,152859,NAV-verified,,,,,,,1,1,1,1,1,5,High Risk,OK,Verified ✓,7.53,N/A,N/A,N/A,N/A,BSE Large Mid Cap TRI,10.34,N/A,N/A,N/A,N/A
Union Large & Midcap Dir,Direct,Large & Mid Cap,40385,INF582M01GA0,147750,NAV-verified,2.27,0.96,0.61,14.8,14.98,0.65,8,6,3,3,1,21,Moderate Risk,OK,Verified ✓,15.17,17.52,15.07,N/A,N/A,BSE Large Mid Cap TRI,10.34,14.96,12.81,N/A,N/A
WhiteOak Capital Large & Mid Cap Dir,Direct,Large & Mid Cap,43932,INF03VN01845,152226,NAV-verified,,,,,,,1,1,1,1,1,5,High Risk,OK,Verified ✓,17.13,N/A,N/A,N/A,N/A,BSE Large Mid Cap TRI,10.34,N/A,N/A,N/A,N/A
Zerodha Nifty Large Midcap 250 Index Dir,Direct,Large & Mid Cap,43846,INF0R8F01018,152156,NAV-verified,,,,,,,1,1,1,1,1,5,High Risk,OK,Verified ✓,13.46,N/A,N/A,N/A,N/A,BSE Large Mid Cap TRI,10.34,N/A,N/A,N/A,N/A
ABSL BSE Sensex ETF,Direct,Large Cap,32649,INF209KB17F0,149781,NAV-verified,-2.76,0.94,0.2,13.19,8.66,0.25,2,2,4,4,1,13,Moderately High Risk,OK,Verified ✓,6.2,10.28,10.57,11.71,N/A,BSE 100 TRI,9.21,13.75,12.37,13,N/A
ABSL Large Cap Dir,Direct,Large Cap,15831,INF209K01YY7,119528,NAV-verified,0.71,0.98,0.46,13.68,12.34,0.57,6,4,4,3,1,18,Moderately High Risk,OK,Verified ✓,7.99,14.5,12.96,13,13.5,BSE 100 TRI,9.21,13.75,12.37,13,14.14
ABSL Nifty 50 ETF,Direct,Large Cap,13012,INF209K01VY3,119648,NAV-verified,-1.07,0.95,0.33,13.34,10.43,0.41,4,2,4,4,1,15,Moderately High Risk,OK,Verified ✓,8.57,12.16,11.38,12.21,13.47,BSE 100 TRI,9.21,13.75,12.37,13,14.14
ABSL Nifty 50 Equal Weight Index Dir,Direct,Large Cap,41505,INF209KB1Z71,148962,NAV-verified,3.56,0.99,0.65,14.18,15.27,0.76,10,8,3,3,1,25,Moderate Risk,OK,Verified ✓,14.38,17.44,N/A,N/A,N/A,BSE 100 TRI,9.21,13.75,N/A,N/A,N/A
ABSL Nifty 50 Index Dir,Direct,Large Cap,15769,INF209K01VY3,119648,NAV-verified,-1.26,0.95,0.32,13.33,10.24,0.39,4,2,4,4,1,15,Moderately High Risk,OK,Verified ✓,8.36,11.94,11.09,11.84,12.89,BSE 100 TRI,9.21,13.75,12.37,13,14.14
ABSL Nifty Next 50 ETF,Direct,Large Cap,38491,INF209KB10G3,149838,NAV-verified,4.98,1.24,0.65,18.76,18.14,0.79,10,8,2,1,1,22,Moderate Risk,OK,Verified ✓,12.45,21.7,14.66,14.2,N/A,BSE 100 TRI,9.21,13.75,12.37,13,N/A
ABSL Nifty Next 50 Index Dir,Direct,Large Cap,42072,INF209KB10G3,149838,NAV-verified,4.54,1.24,0.62,18.77,17.69,0.76,10,6,2,1,1,20,Moderate Risk,OK,Verified ✓,12.19,21.17,N/A,N/A,N/A,BSE 100 TRI,9.21,13.75,N/A,N/A,N/A
Angel One Nifty 50 ETF,Direct,Large Cap,45159,INF1J2R01072,153529,NAV-verified,,,,,,,1,1,1,1,1,5,High Risk,OK,Verified ✓,N/A,N/A,N/A,N/A,N/A,BSE 100 TRI,N/A,N/A,N/A,N/A,N/A
Angel One Nifty 50 Index Dir,Direct,Large Cap,45161,INF1J2R01072,153529,NAV-verified,,,,,,,1,1,1,1,1,5,High Risk,OK,Verified ✓,N/A,N/A,N/A,N/A,N/A,BSE 100 TRI,N/A,N/A,N/A,N/A,N/A
Axis BSE Sensex ETF,Direct,Large Cap,43285,INF846K012V6,152422,NAV-verified,-2.81,0.94,0.2,13.18,8.6,0.25,2,2,4,4,1,13,Moderately High Risk,OK,Verified ✓,6.16,10.22,N/A,N/A,N/A,BSE 100 TRI,9.21,13.75,N/A,N/A,N/A
Axis BSE Sensex Index Dir,Direct,Large Cap,44150,INF846K012V6,152422,NAV-verified,,,,,,,1,1,1,1,1,5,High Risk,OK,Verified ✓,6.26,N/A,N/A,N/A,N/A,BSE 100 TRI,9.21,N/A,N/A,N/A,N/A
Axis Large Cap Dir,Direct,Large Cap,15682,INF846K01DP8,120465,NAV-verified,-0.85,0.92,0.34,13.13,10.47,0.4,4,2,4,4,1,15,Moderately High Risk,OK,Verified ✓,5.46,12.1,9.12,11.87,13.64,BSE 100 TRI,9.21,13.75,12.37,13,14.14
Axis Nifty 100 Index Dir,Direct,Large Cap,40298,INF846K01S29,147666,NAV-verified,-0.41,1,0.38,13.98,11.38,0.46,4,4,4,3,1,16,Moderately High Risk,OK,Verified ✓,9.03,13.38,11.53,N/A,N/A,BSE 100 TRI,9.21,13.75,12.37,N/A,N/A
Axis Nifty 50 ETF,Direct,Large Cap,34322,INF846K017C5,149243,NAV-verified,-1.08,0.95,0.33,13.33,10.42,0.41,4,2,4,4,1,15,Moderately High Risk,OK,Verified ✓,8.51,12.15,11.35,12.17,N/A,BSE 100 TRI,9.21,13.75,12.37,13,N/A
Axis Nifty 50 Index Dir,Direct,Large Cap,41860,INF846K013D2,149373,NAV-verified,-1.21,0.95,0.32,13.29,10.28,0.4,4,2,4,4,1,15,Moderately High Risk,OK,Verified ✓,8.42,11.98,N/A,N/A,N/A,BSE 100 TRI,9.21,13.75,N/A,N/A,N/A
Axis Nifty Next 50 Index Dir,Direct,Large Cap,41946,INF846K019E7,149466,NAV-verified,4.72,1.24,0.63,18.67,17.84,0.77,10,6,2,1,1,20,Moderate Risk,OK,Verified ✓,12.33,21.35,N/A,N/A,N/A,BSE 100 TRI,9.21,13.75,N/A,N/A,N/A
BHARAT 22 ETF,Direct,Large Cap,34740,ETF NOT IN AMFI NAV FILE,ETF NOT IN AMFI NAV FILE,Missing from AMFI Database,11.49,1.11,0.98,18.27,23.87,1.4,12,10,2,2,2,28,Low Risk,NOT_FOUND,Neither code ETF NOT IN AMFI NAV FILE nor ISIN ETF NOT IN AMFI NAV FILE confirmed in NAV,22.26,26.66,27.88,18.31,N/A,BSE 100 TRI,9.21,13.75,12.37,13,N/A
Bajaj Finserv Large Cap Dir,Direct,Large Cap,44455,INF0QA701896,152783,NAV-verified,,,,,,,1,1,1,1,1,5,High Risk,OK,Verified ✓,11.2,N/A,N/A,N/A,N/A,BSE 100 TRI,9.21,N/A,N/A,N/A,N/A
Bajaj Finserv Nifty 50 ETF,Direct,Large Cap,44066,INF0QA701BA9,153506,NAV-verified,,,,,,,1,1,1,1,1,5,High Risk,OK,Verified ✓,8.52,N/A,N/A,N/A,N/A,BSE 100 TRI,9.21,N/A,N/A,N/A,N/A
Bajaj Finserv Nifty 50 Index Dir,Direct,Large Cap,45133,INF0QA701BA9,153506,NAV-verified,,,,,,,1,1,1,1,1,5,High Risk,OK,Verified ✓,N/A,N/A,N/A,N/A,N/A,BSE 100 TRI,N/A,N/A,N/A,N/A,N/A
Bajaj Finserv Nifty Next 50 Index Dir,Direct,Large Cap,45113,INF0QA701BG6,153479,NAV-verified,,,,,,,1,1,1,1,1,5,High Risk,OK,Verified ✓,N/A,N/A,N/A,N/A,N/A,BSE 100 TRI,N/A,N/A,N/A,N/A,N/A
Bandhan BSE Sensex ETF,Direct,Large Cap,32902,ETF NOT IN AMFI NAV FILE,ETF NOT IN AMFI NAV FILE,Missing from AMFI Database,-3.12,0.94,0.17,13.17,8.29,0.22,2,2,4,4,1,13,Moderately High Risk,NOT_FOUND,Neither code ETF NOT IN AMFI NAV FILE nor ISIN ETF NOT IN AMFI NAV FILE confirmed in NAV,5.78,9.88,10.16,11.35,N/A,BSE 100 TRI,9.21,13.75,12.37,13,N/A
Bandhan Large Cap Dir,Direct,Large Cap,16699,INF194K01Z44,118479,NAV-verified,2.85,1.02,0.6,14.5,14.74,0.76,8,6,3,3,1,21,Moderate Risk,OK,Verified ✓,12.34,16.88,13.76,14.14,14.45,BSE 100 TRI,9.21,13.75,12.37,13,14.14
Bandhan Nifty 100 Index Dir,Direct,Large Cap,42076,INF194KB1CR7,149832,NAV-verified,-0.33,1,0.39,13.98,11.45,0.47,4,4,4,3,1,16,Moderately High Risk,OK,Verified ✓,9.1,13.46,N/A,N/A,N/A,BSE 100 TRI,9.21,13.75,N/A,N/A,N/A
Bandhan Nifty 50 ETF,Direct,Large Cap,32903,INF194K012A8,118482,NAV-verified,-1.13,0.95,0.33,13.34,10.37,0.4,4,2,4,4,1,15,Moderately High Risk,OK,Verified ✓,8.46,12.09,11.25,12.09,N/A,BSE 100 TRI,9.21,13.75,12.37,13,N/A
Bandhan Nifty 50 Index Dir,Direct,Large Cap,16504,INF194K012A8,118482,NAV-verified,-1.23,0.95,0.32,13.35,10.27,0.39,4,2,4,4,1,15,Moderately High Risk,OK,Verified ✓,8.41,11.98,11.2,12.12,13.39,BSE 100 TRI,9.21,13.75,12.37,13,14.14
Bandhan Nifty Next 50 Index Dir,Direct,Large Cap,44984,INF194KB1JK7,153350,NAV-verified,,,,,,,1,1,1,1,1,5,High Risk,OK,Verified ✓,12.19,N/A,N/A,N/A,N/A,BSE 100 TRI,9.21,N/A,N/A,N/A,N/A
Bandhan Nifty100 Low Volatility 30 Index Dir,Direct,Large Cap,42544,INF194KB1DV7,150636,NAV-verified,1.3,0.95,0.48,14.1,12.8,0.58,6,4,3,4,1,18,Moderately High Risk,OK,Verified ✓,7.79,14.47,N/A,N/A,N/A,BSE 100 TRI,9.21,13.75,N/A,N/A,N/A
Bank of India Large Cap Dir,Direct,Large Cap,41521,INF761K01FL3,148980,NAV-verified,2.77,1.05,0.57,15.34,14.84,0.7,8,6,3,3,1,21,Moderate Risk,OK,Verified ✓,17.2,17.41,N/A,N/A,N/A,BSE 100 TRI,9.21,13.75,N/A,N/A,N/A
Baroda BNP Paribas Large Cap Dir,Direct,Large Cap,15719,INF251K01HN7,150187,NAV-verified,2.05,0.97,0.55,13.84,13.66,0.66,8,6,4,3,1,22,Moderate Risk,OK,Verified ✓,9.41,15.78,13.74,15.02,14.38,BSE 100 TRI,9.21,13.75,12.37,13,14.14
Baroda BNP Paribas NIFTY 50 Index Dir,Direct,Large Cap,43987,INF251K01SY1,152329,NAV-verified,,,,,,,1,1,1,1,1,5,High Risk,OK,Verified ✓,8.24,N/A,N/A,N/A,N/A,BSE 100 TRI,9.21,N/A,N/A,N/A,N/A
Canara Robeco Large Cap Dir,Direct,Large Cap,15765,INF760K01FR2,118269,NAV-verified,1.14,0.94,0.5,13.21,12.58,0.59,6,6,4,4,1,21,Moderate Risk,OK,Verified ✓,7.48,14.77,12.52,15.21,15.41,BSE 100 TRI,9.21,13.75,12.37,13,14.14
Choice Nifty 50 Index Dir,Direct,Large Cap,45932,INF2KCX01020,154301,Algorithm Match (91% Confidence),,,,,,,1,1,1,1,1,5,High Risk,NOT_FOUND,Neither code 154301 nor ISIN INF2KCX01020 confirmed in NAV,N/A,N/A,N/A,N/A,N/A,BSE 100 TRI,N/A,N/A,N/A,N/A,N/A
Choice Nifty Next 50 Index Dir,Direct,Large Cap,45938,INF2KCX01046,154304,Algorithm Match (92% Confidence),,,,,,,1,1,1,1,1,5,High Risk,NOT_FOUND,Neither code 154304 nor ISIN INF2KCX01046 confirmed in NAV,N/A,N/A,N/A,N/A,N/A,BSE 100 TRI,N/A,N/A,N/A,N/A,N/A
DSP BSE Sensex ETF,Direct,Large Cap,43657,INF740KA1VB1,153219,NAV-verified,,,,,,,1,1,1,1,1,5,High Risk,OK,Verified ✓,6.17,N/A,N/A,N/A,N/A,BSE 100 TRI,9.21,N/A,N/A,N/A,N/A
DSP BSE Sensex Next 30 ETF,Direct,Large Cap,44874,INF740KA1VB1,153219,NAV-verified,,,,,,,1,1,1,1,1,5,High Risk,OK,Verified ✓,18.11,N/A,N/A,N/A,N/A,BSE 100 TRI,9.21,N/A,N/A,N/A,N/A
DSP BSE Sensex Next 30 Index Dir,Direct,Large Cap,44872,INF740KA1VB1,153219,NAV-verified,,,,,,,1,1,1,1,1,5,High Risk,OK,Verified ✓,17.66,N/A,N/A,N/A,N/A,BSE 100 TRI,9.21,N/A,N/A,N/A,N/A
DSP Large Cap Dir,Direct,Large Cap,16456,INF740K01PR3,119250,NAV-verified,3.66,0.9,0.68,12.94,14.86,0.88,10,8,4,4,2,28,Low Risk,OK,Verified ✓,6.25,17.18,13,12.87,13.03,BSE 100 TRI,9.21,13.75,12.37,13,14.14
DSP NIFTY 50 Equal Weight ETF,Direct,Large Cap,41801,INF740KA1CR7,141877,NAV-verified,3.77,0.99,0.67,14.19,15.48,0.78,10,8,3,3,1,25,Moderate Risk,OK,Verified ✓,14.65,17.69,N/A,N/A,N/A,BSE 100 TRI,9.21,13.75,N/A,N/A,N/A
DSP Nifty 50 ETF,Direct,Large Cap,41895,INF740KA1MM7,146376,NAV-verified,-1.09,0.95,0.33,13.34,10.41,0.41,4,2,4,4,1,15,Moderately High Risk,OK,Verified ✓,8.53,12.14,N/A,N/A,N/A,BSE 100 TRI,9.21,13.75,N/A,N/A,N/A
DSP Nifty 50 Equal Weight Index Dir,Direct,Large Cap,34695,INF740KA1CR7,141877,NAV-verified,3.6,0.99,0.65,14.19,15.31,0.77,10,8,3,3,1,25,Moderate Risk,OK,Verified ✓,14.43,17.48,14.98,14.49,N/A,BSE 100 TRI,9.21,13.75,12.37,13,N/A
DSP Nifty 50 Index Dir,Direct,Large Cap,39135,INF740KA1MM7,146376,NAV-verified,-1.24,0.95,0.32,13.33,10.26,0.39,4,2,4,4,1,15,Moderately High Risk,OK,Verified ✓,8.4,11.97,11.16,11.9,N/A,BSE 100 TRI,9.21,13.75,12.37,13,N/A
DSP Nifty Next 50 ETF,Direct,Large Cap,45716,INF740KA1MG9,146381,NAV-verified,,,,,,,1,1,1,1,1,5,High Risk,OK,Verified ✓,N/A,N/A,N/A,N/A,N/A,BSE 100 TRI,N/A,N/A,N/A,N/A,N/A
DSP Nifty Next 50 Index Dir,Direct,Large Cap,39165,INF740KA1MG9,146381,NAV-verified,4.72,1.24,0.63,18.78,17.89,0.77,10,6,2,1,1,20,Moderate Risk,OK,Verified ✓,12.28,21.38,14.41,13.8,N/A,BSE 100 TRI,9.21,13.75,12.37,13,N/A
DSP Nifty Top 10 Equal Wght ETF,Direct,Large Cap,44494,INF740KA1UQ1,152814,NAV-verified,,,,,,,1,1,1,1,1,5,High Risk,OK,Verified ✓,1.26,N/A,N/A,N/A,N/A,BSE 100 TRI,9.21,N/A,N/A,N/A,N/A
DSP Nifty Top 10 Equal Wght Index Dir,Direct,Large Cap,44493,INF740KA1UQ1,152814,NAV-verified,,,,,,,1,1,1,1,1,5,High Risk,OK,Verified ✓,1.06,N/A,N/A,N/A,N/A,BSE 100 TRI,9.21,N/A,N/A,N/A,N/A
Edelweiss BSE Sensex ETF,Direct,Large Cap,45582,ETF NOT IN AMFI NAV FILE,ETF NOT IN AMFI NAV FILE,Missing from AMFI Database,,,,,,,1,1,1,1,1,5,High Risk,NOT_FOUND,Neither code ETF NOT IN AMFI NAV FILE nor ISIN ETF NOT IN AMFI NAV FILE confirmed in NAV,N/A,N/A,N/A,N/A,N/A,BSE 100 TRI,N/A,N/A,N/A,N/A,N/A
Edelweiss Large Cap Dir,Direct,Large Cap,17352,INF754K01BW4,118617,NAV-verified,1.39,0.98,0.51,13.74,13.04,0.59,6,6,4,3,1,20,Moderate Risk,OK,Verified ✓,9.77,15.1,13.62,14.41,14.68,BSE 100 TRI,9.21,13.75,12.37,13,14.14
Edelweiss Nifty 100 Quality 30 Index Dir,Direct,Large Cap,41778,INF754K01NJ6,149254,NAV-verified,-0.07,0.95,0.37,14.39,11.4,0.43,4,4,3,4,1,16,Moderately High Risk,OK,Verified ✓,8.62,13.34,N/A,N/A,N/A,BSE 100 TRI,9.21,13.75,N/A,N/A,N/A
Edelweiss Nifty 50 ETF,Direct,Large Cap,45581,INF754K01NB3,149250,NAV-verified,,,,,,,1,1,1,1,1,5,High Risk,OK,Verified ✓,N/A,N/A,N/A,N/A,N/A,BSE 100 TRI,N/A,N/A,N/A,N/A,N/A
Edelweiss Nifty 50 Index Dir,Direct,Large Cap,41775,INF754K01NB3,149250,NAV-verified,-1.29,0.95,0.31,13.3,10.2,0.39,4,2,4,4,1,15,Moderately High Risk,OK,Verified ✓,8.46,11.9,N/A,N/A,N/A,BSE 100 TRI,9.21,13.75,N/A,N/A,N/A
Edelweiss Nifty Next 50 Index Dir,Direct,Large Cap,42804,INF754K01QL5,150899,NAV-verified,4.71,1.24,0.63,18.73,17.86,0.77,10,6,2,1,1,20,Moderate Risk,OK,Verified ✓,12.23,21.36,N/A,N/A,N/A,BSE 100 TRI,9.21,13.75,N/A,N/A,N/A
Franklin India Large Cap Dir,Direct,Large Cap,15982,INF090I01FN7,118531,NAV-verified,0.97,0.92,0.48,13.06,12.3,0.62,6,4,4,4,1,19,Moderately High Risk,OK,Verified ✓,9.36,14.06,11.4,12.07,12.21,BSE 100 TRI,9.21,13.75,12.37,13,14.14
Franklin India NSE Nifty 50 Index Dir,Direct,Large Cap,15996,INF090I01GS4,118581,NAV-verified,-1.29,0.95,0.31,13.26,10.18,0.39,4,2,4,4,1,15,Moderately High Risk,OK,Verified ✓,8.32,11.88,11.05,11.78,12.94,BSE 100 TRI,9.21,13.75,12.37,13,14.14
Groww Large Cap Dir,Direct,Large Cap,15579,INF666M01NJ8,154063,NAV-verified,0.78,0.98,0.46,14,12.43,0.54,6,4,4,3,1,18,Moderately High Risk,OK,Verified ✓,13.37,14.95,12.5,11.97,13.32,BSE 100 TRI,9.21,13.75,12.37,13,14.14
Groww Nifty 50 ETF,Direct,Large Cap,45330,INF666M01JY5,153454,NAV-verified,,,,,,,1,1,1,1,1,5,High Risk,OK,Verified ✓,N/A,N/A,N/A,N/A,N/A,BSE 100 TRI,N/A,N/A,N/A,N/A,N/A
Groww Nifty 50 Index Dir,Direct,Large Cap,45328,INF666M01KT3,153704,NAV-verified,,,,,,,1,1,1,1,1,5,High Risk,OK,Verified ✓,N/A,N/A,N/A,N/A,N/A,BSE 100 TRI,N/A,N/A,N/A,N/A,N/A
Groww Nifty Next 50 ETF,Direct,Large Cap,45428,INF666M01LT1,153786,NAV-verified,,,,,,,1,1,1,1,1,5,High Risk,OK,Verified ✓,N/A,N/A,N/A,N/A,N/A,BSE 100 TRI,N/A,N/A,N/A,N/A,N/A
Groww Nifty Next 50 Index Dir,Direct,Large Cap,45431,INF666M01LT1,153786,NAV-verified,,,,,,,1,1,1,1,1,5,High Risk,OK,Verified ✓,N/A,N/A,N/A,N/A,N/A,BSE 100 TRI,N/A,N/A,N/A,N/A,N/A
HDFC BSE Sensex ETF,Direct,Large Cap,31377,INF179K01WN9,119065,NAV-verified,-2.76,0.94,0.2,13.2,8.66,0.25,2,2,4,4,1,13,Moderately High Risk,OK,Verified ✓,6.15,10.28,10.58,11.7,13.4,BSE 100 TRI,9.21,13.75,12.37,13,14.14
HDFC BSE Sensex Index Dir,Direct,Large Cap,16071,INF179K01WN9,119065,NAV-verified,-2.97,0.94,0.18,13.21,8.46,0.23,2,2,4,4,1,13,Moderately High Risk,OK,Verified ✓,5.93,10.06,10.36,11.44,13.14,BSE 100 TRI,9.21,13.75,12.37,13,14.14
HDFC Large Cap Dir,Direct,Large Cap,16164,INF179K01YV8,119018,NAV-verified,0.83,0.96,0.47,13.66,12.39,0.54,6,4,4,3,1,18,Moderately High Risk,OK,Verified ✓,7.61,14.21,14.44,12.63,14.48,BSE 100 TRI,9.21,13.75,12.37,13,14.14
HDFC NIFTY 100 ETF,Direct,Large Cap,42416,INF179KC1BY3,149868,NAV-verified,-0.48,1,0.38,13.99,11.31,0.46,4,4,4,3,1,16,Moderately High Risk,OK,Verified ✓,8.93,13.31,N/A,N/A,N/A,BSE 100 TRI,9.21,13.75,N/A,N/A,N/A
HDFC NIFTY 100 Equal Wght Index Dir,Direct,Large Cap,42093,INF179KC1CA1,149870,NAV-verified,3.8,1.11,0.64,15.93,16.2,0.78,10,6,3,2,1,22,Moderate Risk,OK,Verified ✓,13.33,19.1,N/A,N/A,N/A,BSE 100 TRI,9.21,13.75,N/A,N/A,N/A
HDFC NIFTY 100 Index Dir,Direct,Large Cap,42091,INF179KC1BY3,149868,NAV-verified,-0.53,1,0.37,13.96,11.24,0.45,4,4,4,3,1,16,Moderately High Risk,OK,Verified ✓,8.88,13.23,N/A,N/A,N/A,BSE 100 TRI,9.21,13.75,N/A,N/A,N/A
HDFC NIFTY 50 ETF,Direct,Large Cap,31376,INF179K01WM1,119063,NAV-verified,-1.09,0.95,0.33,13.35,10.41,0.41,4,2,4,4,1,15,Moderately High Risk,OK,Verified ✓,8.52,12.14,11.35,12.17,13.52,BSE 100 TRI,9.21,13.75,12.37,13,14.14
HDFC NIFTY 50 Index Dir,Direct,Large Cap,16069,INF179K01WM1,119063,NAV-verified,-1.29,0.95,0.31,13.34,10.21,0.39,4,2,4,4,1,15,Moderately High Risk,OK,Verified ✓,8.32,11.91,11.12,11.92,13.27,BSE 100 TRI,9.21,13.75,12.37,13,14.14
HDFC NIFTY Next 50 ETF,Direct,Large Cap,42417,INF179KC1BQ9,149288,NAV-verified,4.81,1.24,0.64,18.77,17.97,0.78,10,6,2,1,1,20,Moderate Risk,OK,Verified ✓,12.31,21.5,N/A,N/A,N/A,BSE 100 TRI,9.21,13.75,N/A,N/A,N/A
HDFC NIFTY Next 50 Index Dir,Direct,Large Cap,41800,INF179KC1BQ9,149288,NAV-verified,4.49,1.24,0.62,18.77,17.65,0.76,10,6,2,1,1,20,Moderate Risk,OK,Verified ✓,12.14,21.1,N/A,N/A,N/A,BSE 100 TRI,9.21,13.75,N/A,N/A,N/A
HDFC NIFTY100 Low Volatility 30 ETF,Direct,Large Cap,42568,INF179KC1IM3,152713,NAV-verified,1.72,0.95,0.51,14.13,13.23,0.62,8,6,3,4,1,22,Moderate Risk,OK,Verified ✓,7.94,14.96,N/A,N/A,N/A,BSE 100 TRI,9.21,13.75,N/A,N/A,N/A
HDFC NIFTY100 Low Volatility 30 Index Dir,Direct,Large Cap,44405,INF179KC1IM3,152713,NAV-verified,,,,,,,1,1,1,1,1,5,High Risk,OK,Verified ✓,7.75,N/A,N/A,N/A,N/A,BSE 100 TRI,9.21,N/A,N/A,N/A,N/A
HDFC NIFTY100 Quality 30 ETF,Direct,Large Cap,42536,INF179KC1JF5,153264,NAV-verified,-0.06,0.95,0.37,14.4,11.43,0.43,4,4,3,4,1,16,Moderately High Risk,OK,Verified ✓,8.57,13.36,N/A,N/A,N/A,BSE 100 TRI,9.21,13.75,N/A,N/A,N/A
HDFC NIFTY50 Equal Weight Index Dir,Direct,Large Cap,41636,INF179KC1BM8,149107,NAV-verified,3.58,0.99,0.65,14.19,15.29,0.76,10,8,3,3,1,25,Moderate Risk,OK,Verified ✓,14.39,17.47,N/A,N/A,N/A,BSE 100 TRI,9.21,13.75,N/A,N/A,N/A
HDFC Nifty Top 20 Equal Weight Index Dir,Direct,Large Cap,45043,INF179KC1JI9,153405,NAV-verified,,,,,,,1,1,1,1,1,5,High Risk,OK,Verified ✓,6.33,N/A,N/A,N/A,N/A,BSE 100 TRI,9.21,N/A,N/A,N/A,N/A
HDFC Nifty100 Quality 30 Index Dir,Direct,Large Cap,44915,INF179KC1JF5,153264,NAV-verified,,,,,,,1,1,1,1,1,5,High Risk,OK,Verified ✓,8.38,N/A,N/A,N/A,N/A,BSE 100 TRI,9.21,N/A,N/A,N/A,N/A
HSBC Large Cap Dir,Direct,Large Cap,16289,INF336L01CM7,120030,NAV-verified,1.35,0.97,0.5,13.88,12.92,0.56,6,6,4,3,1,20,Moderate Risk,OK,Verified ✓,11.33,15.07,12.42,13.27,13.89,BSE 100 TRI,9.21,13.75,12.37,13,14.14
HSBC Nifty 50 Index Dir,Direct,Large Cap,40972,INF917K01D12,151157,NAV-verified,-1.24,0.95,0.32,13.32,10.25,0.39,4,2,4,4,1,15,Moderately High Risk,OK,Verified ✓,8.4,11.96,11.16,N/A,N/A,BSE 100 TRI,9.21,13.75,12.37,N/A,N/A
HSBC Nifty Next 50 Index Dir,Direct,Large Cap,40976,INF917K01D79,151160,NAV-verified,4.49,1.24,0.62,18.76,17.65,0.76,10,6,2,1,1,20,Moderate Risk,OK,Verified ✓,12.16,21.11,14.11,N/A,N/A,BSE 100 TRI,9.21,13.75,12.37,N/A,N/A
ICICI Pru BSE Sensex ETF,Direct,Large Cap,1512,ETF NOT IN AMFI NAV FILE,ETF NOT IN AMFI NAV FILE,Missing from AMFI Database,-2.73,0.94,0.2,13.2,8.69,0.25,2,2,4,4,1,13,Moderately High Risk,NOT_FOUND,Neither code ETF NOT IN AMFI NAV FILE nor ISIN ETF NOT IN AMFI NAV FILE confirmed in NAV,6.17,10.32,10.61,11.73,13.35,BSE 100 TRI,9.21,13.75,12.37,13,14.14
ICICI Pru BSE Sensex Index Dir,Direct,Large Cap,34649,INF109KB10X0,141841,NAV-verified,-2.94,0.94,0.19,13.2,8.48,0.23,2,2,4,4,1,13,Moderately High Risk,OK,Verified ✓,5.95,10.08,10.34,11.52,N/A,BSE 100 TRI,9.21,13.75,12.37,13,N/A
ICICI Pru Bharat 22 FOF Dir,Direct,Large Cap,36693,INF109KC1FX1,143903,NAV-verified,11.33,1.1,0.97,18.2,23.64,1.39,12,10,2,2,2,28,Low Risk,OK,Verified ✓,21.99,26.46,27.71,18.21,N/A,BSE 100 TRI,9.21,13.75,12.37,13,N/A
ICICI Pru Large Cap Dir,Direct,Large Cap,15841,INF109K011O5,120596,NAV-verified,3.2,0.92,0.65,13.12,14.54,0.79,10,8,4,4,1,27,Low Risk,OK,Verified ✓,9.51,16.78,15.43,14.96,15.57,BSE 100 TRI,9.21,13.75,12.37,13,14.14
ICICI Pru Nifty 100 ETF,Direct,Large Cap,20933,INF109KC1Q07,148823,NAV-verified,-0.64,1,0.37,13.99,11.15,0.44,4,4,4,3,1,16,Moderately High Risk,OK,Verified ✓,8.75,13.12,11.25,11.99,13.21,BSE 100 TRI,9.21,13.75,12.37,13,14.14
ICICI Pru Nifty 100 Low Volatility 30 ETF,Direct,Large Cap,34396,INF109KC1Q07,148823,NAV-verified,1.62,0.96,0.5,14.14,13.13,0.61,8,6,3,3,1,21,Moderate Risk,OK,Verified ✓,7.82,14.84,12.15,13.19,N/A,BSE 100 TRI,9.21,13.75,12.37,13,N/A
ICICI Pru Nifty 100 Low Volatility 30 ETF FOF Dir,Direct,Large Cap,41399,INF109KC1Q07,148823,NAV-verified,1.81,0.92,0.52,13.74,13.12,0.65,8,6,4,4,1,23,Moderate Risk,OK,Verified ✓,7.64,14.71,N/A,N/A,N/A,BSE 100 TRI,9.21,13.75,N/A,N/A,N/A
ICICI Pru Nifty 50 ETF,Direct,Large Cap,18653,ETF NOT IN AMFI NAV FILE,ETF NOT IN AMFI NAV FILE,Missing from AMFI Database,-1.07,0.95,0.33,13.35,10.44,0.41,4,2,4,4,1,15,Moderately High Risk,NOT_FOUND,Neither code ETF NOT IN AMFI NAV FILE nor ISIN ETF NOT IN AMFI NAV FILE confirmed in NAV,8.55,12.17,11.38,12.21,13.53,BSE 100 TRI,9.21,13.75,12.37,13,14.14
ICICI Pru Nifty 50 Index Dir,Direct,Large Cap,15959,INF109K01Y80,120684,NAV-verified,-1.29,0.95,0.31,13.33,10.21,0.39,4,2,4,4,1,15,Moderately High Risk,OK,Verified ✓,8.33,11.91,11.13,11.98,13.16,BSE 100 TRI,9.21,13.75,12.37,13,14.14
ICICI Pru Nifty Next 50 ETF,Direct,Large Cap,37322,INF109K01Y80,120684,NAV-verified,4.96,1.24,0.64,18.77,18.12,0.79,10,6,2,1,1,20,Moderate Risk,OK,Verified ✓,12.51,21.68,14.64,14.19,N/A,BSE 100 TRI,9.21,13.75,12.37,13,N/A
ICICI Pru Nifty Next 50 Index Dir,Direct,Large Cap,15856,INF109K01Y80,120684,NAV-verified,4.58,1.24,0.62,18.78,17.75,0.77,10,6,2,1,1,20,Moderate Risk,OK,Verified ✓,12.12,21.21,14.25,13.73,14.24,BSE 100 TRI,9.21,13.75,12.37,13,14.14
ICICI Pru Nifty Top 15 Equal Weight ETF,Direct,Large Cap,45235,INF109K1A310,153614,NAV-verified,,,,,,,1,1,1,1,1,5,High Risk,OK,Verified ✓,N/A,N/A,N/A,N/A,N/A,BSE 100 TRI,N/A,N/A,N/A,N/A,N/A
ICICI Pru Nifty Top 15 Equal Weight Index Dir,Direct,Large Cap,45238,INF109K1A310,153614,NAV-verified,,,,,,,1,1,1,1,1,5,High Risk,OK,Verified ✓,N/A,N/A,N/A,N/A,N/A,BSE 100 TRI,N/A,N/A,N/A,N/A,N/A
ICICI Pru Nifty50 Equal Weight Index Dir,Direct,Large Cap,42548,INF109KC10J7,150639,NAV-verified,3.5,0.99,0.65,14.17,15.21,0.76,10,8,3,3,1,25,Moderate Risk,OK,Verified ✓,14.33,17.38,N/A,N/A,N/A,BSE 100 TRI,9.21,13.75,N/A,N/A,N/A
ITI Large Cap Dir,Direct,Large Cap,41210,INF00XX01804,148353,NAV-verified,0.01,1.04,0.4,14.95,11.98,0.49,6,4,3,3,1,17,Moderately High Risk,OK,Verified ✓,8.4,14.38,11.03,N/A,N/A,BSE 100 TRI,9.21,13.75,12.37,N/A,N/A
Invesco India Largecap Dir,Direct,Large Cap,16712,INF205K01LB0,120392,NAV-verified,2.84,1.05,0.59,15.04,14.91,0.73,8,6,3,3,1,21,Moderate Risk,OK,Verified ✓,13.5,18.18,15.26,14.61,14.95,BSE 100 TRI,9.21,13.75,12.37,13,14.14
Invesco India Nifty 50 ETF,Direct,Large Cap,12761,ETF NOT IN AMFI NAV FILE,ETF NOT IN AMFI NAV FILE,Missing from AMFI Database,-1.14,0.95,0.32,13.34,10.36,0.4,4,2,4,4,1,15,Moderately High Risk,NOT_FOUND,Neither code ETF NOT IN AMFI NAV FILE nor ISIN ETF NOT IN AMFI NAV FILE confirmed in NAV,8.48,12.08,11.3,12.13,13.48,BSE 100 TRI,9.21,13.75,12.37,13,14.14
JM Large Cap Dir,Direct,Large Cap,16541,INF192K01BZ0,120490,NAV-verified,1.52,1.02,0.5,14.91,13.42,0.63,8,6,3,3,1,21,Moderate Risk,OK,Verified ✓,9.74,15.61,13.43,13.4,12.72,BSE 100 TRI,9.21,13.75,12.37,13,14.14
JioBlackRock Large Cap Dir,Direct,Large Cap,45936,NOT ISSUED BY AMFI YET,NOT ISSUED BY AMFI YET,Fund too new for AMFI NAV Database,,,,,,,1,1,1,1,1,5,High Risk,NOT_FOUND,Neither code NOT ISSUED BY AMFI YET nor ISIN NOT ISSUED BY AMFI YET confirmed in NAV,--,--,--,--,--,--,--,--,--,--,--
JioBlackRock Nifty 50 Index Dir,Direct,Large Cap,45423,NOT ISSUED BY AMFI YET,NOT ISSUED BY AMFI YET,Fund too new for AMFI NAV Database,,,,,,,1,1,1,1,1,5,High Risk,NOT_FOUND,Neither code NOT ISSUED BY AMFI YET nor ISIN NOT ISSUED BY AMFI YET confirmed in NAV,N/A,N/A,N/A,N/A,N/A,BSE 100 TRI,N/A,N/A,N/A,N/A,N/A
JioBlackRock Nifty Next 50 Index Dir,Direct,Large Cap,45425,NOT ISSUED BY AMFI YET,NOT ISSUED BY AMFI YET,Fund too new for AMFI NAV Database,,,,,,,1,1,1,1,1,5,High Risk,NOT_FOUND,Neither code NOT ISSUED BY AMFI YET nor ISIN NOT ISSUED BY AMFI YET confirmed in NAV,N/A,N/A,N/A,N/A,N/A,BSE 100 TRI,N/A,N/A,N/A,N/A,N/A
Kotak BSE Sensex ETF,Direct,Large Cap,7780,INF174KA1UV6,153286,NAV-verified,-2.94,0.94,0.19,13.19,8.48,0.23,2,2,4,4,1,13,Moderately High Risk,OK,Verified ✓,6.03,10.08,10.37,11.48,13.17,BSE 100 TRI,9.21,13.75,12.37,13,14.14
Kotak BSE Sensex Index Dir,Direct,Large Cap,44908,INF174KA1UV6,153286,NAV-verified,,,,,,,1,1,1,1,1,5,High Risk,OK,Verified ✓,5.92,N/A,N/A,N/A,N/A,BSE 100 TRI,9.21,N/A,N/A,N/A,N/A
Kotak Large Cap Dir,Direct,Large Cap,16337,INF174K01KW6,120152,NAV-verified,1.38,0.98,0.51,13.74,13.03,0.58,6,6,4,3,1,20,Moderate Risk,OK,Verified ✓,10.71,15.2,13.2,14.59,14.41,BSE 100 TRI,9.21,13.75,12.37,13,14.14
Kotak Nifty 100 Equal Weight ETF,Direct,Large Cap,44953,INF174KA1TY2,153146,NAV-verified,,,,,,,1,1,1,1,1,5,High Risk,OK,Verified ✓,13.51,N/A,N/A,N/A,N/A,BSE 100 TRI,9.21,N/A,N/A,N/A,N/A
Kotak Nifty 100 Equal Weight Index Dir,Direct,Large Cap,44796,INF174KA1TY2,153146,NAV-verified,,,,,,,1,1,1,1,1,5,High Risk,OK,Verified ✓,13.32,N/A,N/A,N/A,N/A,BSE 100 TRI,9.21,N/A,N/A,N/A,N/A
Kotak Nifty 100 Low Volatility 30 ETF,Direct,Large Cap,42184,INF174KA1RZ3,152663,NAV-verified,1.92,0.95,0.52,14.13,13.42,0.64,8,6,3,4,1,22,Moderate Risk,OK,Verified ✓,8.16,15.18,N/A,N/A,N/A,BSE 100 TRI,9.21,13.75,N/A,N/A,N/A
Kotak Nifty 100 Low Volatility 30 Index Dir,Direct,Large Cap,44351,INF174KA1RZ3,152663,NAV-verified,,,,,,,1,1,1,1,1,5,High Risk,OK,Verified ✓,7.73,N/A,N/A,N/A,N/A,BSE 100 TRI,9.21,N/A,N/A,N/A,N/A
Kotak Nifty 50 ETF,Direct,Large Cap,10843,INF174KA1HA7,148978,NAV-verified,-1.11,0.95,0.33,13.34,10.39,0.41,4,2,4,4,1,15,Moderately High Risk,OK,Verified ✓,8.55,12.11,11.31,12.11,13.3,BSE 100 TRI,9.21,13.75,12.37,13,14.14
Kotak Nifty 50 Equal Weight Index Dir,Direct,Large Cap,44800,INF174KA1UE2,153150,NAV-verified,,,,,,,1,1,1,1,1,5,High Risk,OK,Verified ✓,14.18,N/A,N/A,N/A,N/A,BSE 100 TRI,9.21,N/A,N/A,N/A,N/A
Kotak Nifty 50 Index Dir,Direct,Large Cap,41517,INF174KA1HA7,148978,NAV-verified,-1.36,0.95,0.31,13.33,10.15,0.38,4,2,4,4,1,15,Moderately High Risk,OK,Verified ✓,8.43,11.84,N/A,N/A,N/A,BSE 100 TRI,9.21,13.75,N/A,N/A,N/A
Kotak Nifty Next 50 ETF,Direct,Large Cap,45721,INF174KA1GA9,148745,NAV-verified,,,,,,,1,1,1,1,1,5,High Risk,OK,Verified ✓,N/A,N/A,N/A,N/A,N/A,BSE 100 TRI,N/A,N/A,N/A,N/A,N/A
Kotak Nifty Next 50 Index Dir,Direct,Large Cap,41327,INF174KA1GA9,148745,NAV-verified,4.75,1.24,0.63,18.69,17.89,0.78,10,6,2,1,1,20,Moderate Risk,OK,Verified ✓,12.34,21.41,14.53,N/A,N/A,BSE 100 TRI,9.21,13.75,12.37,N/A,N/A
Kotak Nifty Top 10 Equal Weight Index Dir,Direct,Large Cap,45101,INF174KA1WD0,153461,NAV-verified,,,,,,,1,1,1,1,1,5,High Risk,OK,Verified ✓,N/A,N/A,N/A,N/A,N/A,BSE 100 TRI,N/A,N/A,N/A,N/A,N/A
LIC MF BSE Sensex ETF,Direct,Large Cap,31256,INF767K01FJ4,120308,NAV-verified,-2.84,0.94,0.19,13.2,8.58,0.24,2,2,4,4,1,13,Moderately High Risk,OK,Verified ✓,6.08,10.2,10.5,11.65,13.37,BSE 100 TRI,9.21,13.75,12.37,13,14.14
LIC MF BSE Sensex Index Dir,Direct,Large Cap,16798,INF767K01FJ4,120308,NAV-verified,-3.16,0.94,0.17,13.16,8.24,0.21,2,2,4,4,1,13,Moderately High Risk,OK,Verified ✓,5.56,9.82,10.16,11.27,12.73,BSE 100 TRI,9.21,13.75,12.37,13,14.14
LIC MF Large Cap Dir,Direct,Large Cap,16781,INF767K01EJ7,120267,NAV-verified,-2.04,1.03,0.27,14.5,9.89,0.31,2,2,3,3,1,11,High Risk,OK,Verified ✓,4.35,11.74,10.65,12.05,12.3,BSE 100 TRI,9.21,13.75,12.37,13,14.14
LIC MF Nifty 100 ETF,Direct,Large Cap,32018,ETF NOT IN AMFI NAV FILE,ETF NOT IN AMFI NAV FILE,Missing from AMFI Database,-0.47,1,0.38,13.98,11.31,0.46,4,4,4,3,1,16,Moderately High Risk,NOT_FOUND,Neither code ETF NOT IN AMFI NAV FILE nor ISIN ETF NOT IN AMFI NAV FILE confirmed in NAV,8.94,13.29,11.47,12.15,13.44,BSE 100 TRI,9.21,13.75,12.37,13,14.14
LIC MF Nifty 50 ETF,Direct,Large Cap,31217,INF767K01FF2,120307,NAV-verified,-1.15,0.95,0.32,13.34,10.35,0.4,4,2,4,4,1,15,Moderately High Risk,OK,Verified ✓,8.49,12.06,11.3,12.16,13.49,BSE 100 TRI,9.21,13.75,12.37,13,14.14
LIC MF Nifty 50 Index Dir,Direct,Large Cap,16763,INF767K01FF2,120307,NAV-verified,-1.42,0.95,0.3,13.34,10.08,0.38,4,2,4,4,1,15,Moderately High Risk,OK,Verified ✓,7.99,11.76,11.02,11.79,13.02,BSE 100 TRI,9.21,13.75,12.37,13,14.14
LIC MF Nifty Next 50 Index Dir,Direct,Large Cap,16528,INF397L01AW2,151937,NAV-verified,4.61,1.24,0.63,18.69,17.75,0.77,10,6,2,1,1,20,Moderate Risk,OK,Verified ✓,12.22,21.22,14.37,13.8,14.26,BSE 100 TRI,9.21,13.75,12.37,13,14.14
Mahindra Manulife Large Cap Dir,Direct,Large Cap,39224,INF174V01721,146549,NAV-verified,1.16,0.98,0.49,13.87,12.81,0.62,6,4,4,3,1,18,Moderately High Risk,OK,Verified ✓,6.92,14.5,12.7,13.69,N/A,BSE 100 TRI,9.21,13.75,12.37,13,N/A
Mirae Asset BSE Sensex ETF,Direct,Large Cap,43803,INF769K01QI9,154188,NAV-verified,,,,,,,1,1,1,1,1,5,High Risk,OK,Verified ✓,6.13,N/A,N/A,N/A,N/A,BSE 100 TRI,9.21,N/A,N/A,N/A,N/A
Mirae Asset Diversified Equity Allocator Passive FoF Dir,Direct,Large Cap,41121,INF769K01GE9,148500,NAV-verified,0.91,1.02,0.47,14.33,12.81,0.56,6,4,3,3,1,17,Moderately High Risk,OK,Verified ✓,10.55,15.07,12.79,N/A,N/A,BSE 100 TRI,9.21,13.75,12.37,N/A,N/A
Mirae Asset Large Cap Dir,Direct,Large Cap,16575,INF769K01AX2,118825,NAV-verified,-0.83,0.95,0.35,13.44,10.67,0.4,4,4,4,4,1,17,Moderately High Risk,OK,Verified ✓,9.33,12.74,11.51,12.52,14.6,BSE 100 TRI,9.21,13.75,12.37,13,14.14
Mirae Asset Nifty 100 Low Volatility 30 ETF,Direct,Large Cap,43284,ETF NOT IN AMFI NAV FILE,ETF NOT IN AMFI NAV FILE,Missing from AMFI Database,1.74,0.95,0.51,14.14,13.25,0.62,8,6,3,4,1,22,Moderate Risk,NOT_FOUND,Neither code ETF NOT IN AMFI NAV FILE nor ISIN ETF NOT IN AMFI NAV FILE confirmed in NAV,7.88,14.98,N/A,N/A,N/A,BSE 100 TRI,9.21,13.75,N/A,N/A,N/A
Mirae Asset Nifty 50 ETF,Direct,Large Cap,38323,INF769K01MQ1,152972,NAV-verified,-1.09,0.95,0.33,13.35,10.42,0.41,4,2,4,4,1,15,Moderately High Risk,OK,Verified ✓,8.52,12.14,11.35,12.19,N/A,BSE 100 TRI,9.21,13.75,12.37,13,N/A
Mirae Asset Nifty 50 Index Dir,Direct,Large Cap,44620,INF769K01MQ1,152972,NAV-verified,,,,,,,1,1,1,1,1,5,High Risk,OK,Verified ✓,8.33,N/A,N/A,N/A,N/A,BSE 100 TRI,9.21,N/A,N/A,N/A,N/A
Mirae Asset Nifty Next 50 ETF,Direct,Large Cap,40538,INF769K01QO7,154217,NAV-verified,4.92,1.24,0.64,18.76,18.08,0.79,10,6,2,1,1,20,Moderate Risk,OK,Verified ✓,12.5,21.63,14.59,N/A,N/A,BSE 100 TRI,9.21,13.75,12.37,N/A,N/A
Mirae Asset Nifty Top 20 Equal Wght ETF,Direct,Large Cap,45679,ETF NOT IN AMFI NAV FILE,ETF NOT IN AMFI NAV FILE,Missing from AMFI Database,,,,,,,1,1,1,1,1,5,High Risk,NOT_FOUND,Neither code ETF NOT IN AMFI NAV FILE nor ISIN ETF NOT IN AMFI NAV FILE confirmed in NAV,N/A,N/A,N/A,N/A,N/A,BSE 100 TRI,N/A,N/A,N/A,N/A,N/A
Mirae Asset Nifty50 Equal Wght ETF,Direct,Large Cap,45149,ETF NOT IN AMFI NAV FILE,ETF NOT IN AMFI NAV FILE,Missing from AMFI Database,,,,,,,1,1,1,1,1,5,High Risk,NOT_FOUND,Neither code ETF NOT IN AMFI NAV FILE nor ISIN ETF NOT IN AMFI NAV FILE confirmed in NAV,N/A,N/A,N/A,N/A,N/A,BSE 100 TRI,N/A,N/A,N/A,N/A,N/A
Motilal Oswal Large Cap Dir,Direct,Large Cap,44064,INF247L01CE3,152354,NAV-verified,,,,,,,1,1,1,1,1,5,High Risk,OK,Verified ✓,9.72,N/A,N/A,N/A,N/A,BSE 100 TRI,9.21,N/A,N/A,N/A,N/A
Motilal Oswal Nifty 100 ETF,Direct,Large Cap,45555,ETF NOT IN AMFI NAV FILE,ETF NOT IN AMFI NAV FILE,Missing from AMFI Database,,,,,,,1,1,1,1,1,5,High Risk,NOT_FOUND,Neither code ETF NOT IN AMFI NAV FILE nor ISIN ETF NOT IN AMFI NAV FILE confirmed in NAV,N/A,N/A,N/A,N/A,N/A,BSE 100 TRI,N/A,N/A,N/A,N/A,N/A
Motilal Oswal Nifty 50 ETF,Direct,Large Cap,11348,INF247L01AE7,147794,NAV-verified,-1.09,0.95,0.33,13.35,10.42,0.41,4,2,4,4,1,15,Moderately High Risk,OK,Verified ✓,8.54,12.14,11.35,12.11,13.15,BSE 100 TRI,9.21,13.75,12.37,13,14.14
Motilal Oswal Nifty 50 Equal Weight ETF,Direct,Large Cap,45170,ETF NOT IN AMFI NAV FILE,ETF NOT IN AMFI NAV FILE,Missing from AMFI Database,,,,,,,1,1,1,1,1,5,High Risk,NOT_FOUND,Neither code ETF NOT IN AMFI NAV FILE nor ISIN ETF NOT IN AMFI NAV FILE confirmed in NAV,N/A,N/A,N/A,N/A,N/A,BSE 100 TRI,N/A,N/A,N/A,N/A,N/A
Motilal Oswal Nifty 50 Index Dir,Direct,Large Cap,40471,INF247L01AE7,147794,NAV-verified,-1.2,0.95,0.32,13.35,10.3,0.4,4,2,4,4,1,15,Moderately High Risk,OK,Verified ✓,8.42,12.01,11.18,N/A,N/A,BSE 100 TRI,9.21,13.75,12.37,N/A,N/A
Motilal Oswal Nifty Next 50 ETF,Direct,Large Cap,45175,INF247L01AC1,147796,NAV-verified,,,,,,,1,1,1,1,1,5,High Risk,OK,Verified ✓,N/A,N/A,N/A,N/A,N/A,BSE 100 TRI,N/A,N/A,N/A,N/A,N/A
Motilal Oswal Nifty Next 50 Index Dir,Direct,Large Cap,40469,INF247L01AC1,147796,NAV-verified,4.74,1.24,0.63,18.75,17.89,0.77,10,6,2,1,1,20,Moderate Risk,OK,Verified ✓,12.21,21.4,14.34,N/A,N/A,BSE 100 TRI,9.21,13.75,12.37,N/A,N/A
Navi BSE Sensex Index Dir,Direct,Large Cap,43745,INF959L01HK9,152062,NAV-verified,,,,,,,1,1,1,1,1,5,High Risk,OK,Verified ✓,5.93,N/A,N/A,N/A,N/A,BSE 100 TRI,9.21,N/A,N/A,N/A,N/A
Navi Nifty 50 Index Dir,Direct,Large Cap,41574,INF959L01FP2,149039,NAV-verified,-1.22,0.95,0.32,13.34,10.29,0.4,4,2,4,4,1,15,Moderately High Risk,OK,Verified ✓,8.45,12,N/A,N/A,N/A,BSE 100 TRI,9.21,13.75,N/A,N/A,N/A
Navi Nifty Next 50 Index Dir,Direct,Large Cap,41937,INF959L01FR8,149447,NAV-verified,4.64,1.24,0.63,18.74,17.8,0.77,10,6,2,1,1,20,Moderate Risk,OK,Verified ✓,12.19,21.29,N/A,N/A,N/A,BSE 100 TRI,9.21,13.75,N/A,N/A,N/A
Nippon India BSE Sensex Next 30 ETF,Direct,Large Cap,45190,INF204KC1FD7,153567,NAV-verified,,,,,,,1,1,1,1,1,5,High Risk,OK,Verified ✓,N/A,N/A,N/A,N/A,N/A,BSE 100 TRI,N/A,N/A,N/A,N/A,N/A
Nippon India BSE Sensex Next 30 Index Dir,Direct,Large Cap,45197,INF204KC1FD7,153567,NAV-verified,,,,,,,1,1,1,1,1,5,High Risk,OK,Verified ✓,N/A,N/A,N/A,N/A,N/A,BSE 100 TRI,N/A,N/A,N/A,N/A,N/A
Nippon India ETF BSE Sensex,Direct,Large Cap,28136,INF204K01K56,118785,NAV-verified,-2.73,0.94,0.2,13.2,8.69,0.25,2,2,4,4,1,13,Moderately High Risk,OK,Verified ✓,6.15,10.31,10.59,11.7,13.39,BSE 100 TRI,9.21,13.75,12.37,13,14.14
Nippon India ETF BSE Sensex Next 50,Direct,Large Cap,40191,INF204KC1FD7,153567,NAV-verified,5.74,1.18,0.73,17.12,18.55,0.87,12,8,2,1,2,25,Moderate Risk,OK,Verified ✓,10.74,21.77,16.14,N/A,N/A,BSE 100 TRI,9.21,13.75,12.37,N/A,N/A
Nippon India ETF Nifty 100,Direct,Large Cap,18234,ETF NOT IN AMFI NAV FILE,ETF NOT IN AMFI NAV FILE,Missing from AMFI Database,-0.67,1,0.36,13.98,11.11,0.44,4,4,4,3,1,16,Moderately High Risk,NOT_FOUND,Neither code ETF NOT IN AMFI NAV FILE nor ISIN ETF NOT IN AMFI NAV FILE confirmed in NAV,8.7,13.08,11.21,11.74,12.88,BSE 100 TRI,9.21,13.75,12.37,13,14.14
Nippon India ETF Nifty 50 BeES,Direct,Large Cap,1171,INF204KB1X41,146515,NAV-verified,-1.08,0.95,0.33,13.35,10.43,0.41,4,2,4,4,1,15,Moderately High Risk,OK,Verified ✓,8.54,12.15,11.37,12.2,13.5,BSE 100 TRI,9.21,13.75,12.37,13,14.14
Nippon India ETF Nifty 50 Shariah BeES,Direct,Large Cap,10218,INF204KB1X41,146515,NAV-verified,-6.27,0.92,-0.06,15.95,5.06,-0.08,1,1,3,4,1,10,High Risk,OK,Verified ✓,-1.63,5.25,3.76,9.04,10.01,BSE 100 TRI,9.21,13.75,12.37,13,14.14
Nippon India ETF Nifty Next 50 Junior BeES,Direct,Large Cap,1545,INF204KB1X41,146515,NAV-verified,4.9,1.24,0.64,18.76,18.06,0.79,10,6,2,1,1,20,Moderate Risk,OK,Verified ✓,12.42,21.59,14.56,14.14,14.49,BSE 100 TRI,9.21,13.75,12.37,13,14.14
Nippon India Index BSE Sensex Plan Dir,Direct,Large Cap,16859,INF204K01K56,118785,NAV-verified,-2.93,0.94,0.19,13.18,8.48,0.23,2,2,4,4,1,13,Moderately High Risk,OK,Verified ✓,5.96,10.09,10.39,11.51,13.1,BSE 100 TRI,9.21,13.75,12.37,13,14.14
Nippon India Index-Nifty 50 Plan Dir,Direct,Large Cap,16856,INF204K01H02,118742,NAV-verified,-1.23,0.95,0.32,13.32,10.27,0.39,4,2,4,4,1,15,Moderately High Risk,OK,Verified ✓,8.44,11.97,11.16,11.96,13.17,BSE 100 TRI,9.21,13.75,12.37,13,14.14
Nippon India Large Cap Dir,Direct,Large Cap,16192,INF204K01D30,118633,NAV-verified,4.05,0.96,0.7,13.66,15.59,0.83,10,8,4,3,2,27,Low Risk,OK,Verified ✓,11.56,18.17,17.64,14.9,16.12,BSE 100 TRI,9.21,13.75,12.37,13,14.14
Nippon India Nifty Next 50 Junior BeES FoF Dir,Direct,Large Cap,39157,INF204KB1X41,146515,NAV-verified,4.87,1.22,0.64,18.48,17.91,0.79,10,6,2,1,1,20,Moderate Risk,OK,Verified ✓,12.09,21.37,14.42,13.91,N/A,BSE 100 TRI,9.21,13.75,12.37,13,N/A
PGIM India Large Cap Dir,Direct,Large Cap,15574,INF223J01MM0,138314,NAV-verified,-2.03,0.96,0.26,13.55,9.5,0.31,2,2,4,3,1,12,High Risk,OK,Verified ✓,7.25,11.26,10.09,11.59,12.26,BSE 100 TRI,9.21,13.75,12.37,13,14.14
Parag Parikh Large Cap Dir,Direct,Large Cap,45775,INF879O01332,154155,NAV-verified,,,,,,,1,1,1,1,1,5,High Risk,OK,Verified ✓,N/A,N/A,N/A,N/A,N/A,BSE 100 TRI,N/A,N/A,N/A,N/A,N/A
Quant Focused Dir,Direct,Large Cap,17373,INF966L01853,120834,NAV-verified,-0.32,1.15,0.36,17.27,12.29,0.47,4,4,2,2,1,13,Moderately High Risk,OK,Verified ✓,8.73,15.25,13.51,16.47,15.11,BSE 100 TRI,9.21,13.75,12.37,13,14.14
Quant Large Cap Dir,Direct,Large Cap,42367,INF966L01AT0,150440,NAV-verified,1.8,1.1,0.49,16.56,14.13,0.68,8,4,3,2,1,18,Moderately High Risk,OK,Verified ✓,12.9,16.93,N/A,N/A,N/A,BSE 100 TRI,9.21,13.75,N/A,N/A,N/A
Quantum Nifty 50 ETF,Direct,Large Cap,7834,INF082J01416,150390,NAV-verified,-1.14,0.95,0.33,13.34,10.37,0.4,4,2,4,4,1,15,Moderately High Risk,OK,Verified ✓,8.47,12.09,11.31,12.12,13.44,BSE 100 TRI,9.21,13.75,12.37,13,14.14
Quantum Nifty 50 ETF FoF-Dir,Direct,Large Cap,42346,INF082J01416,150390,NAV-verified,-1.16,0.94,0.32,13.21,10.29,0.4,4,2,4,4,1,15,Moderately High Risk,OK,Verified ✓,8.18,11.92,N/A,N/A,N/A,BSE 100 TRI,9.21,13.75,N/A,N/A,N/A
SBI BSE 100 ETF,Direct,Large Cap,29714,ETF NOT IN AMFI NAV FILE,ETF NOT IN AMFI NAV FILE,Missing from AMFI Database,-0.15,1,0.4,13.91,11.61,0.49,4,4,4,3,1,16,Moderately High Risk,NOT_FOUND,Neither code ETF NOT IN AMFI NAV FILE nor ISIN ETF NOT IN AMFI NAV FILE confirmed in NAV,9.05,13.58,12.2,12.78,13.92,BSE 100 TRI,9.21,13.75,12.37,13,14.14
SBI BSE Sensex ETF,Direct,Large Cap,18077,INF200KA16Y4,151769,NAV-verified,-2.77,0.94,0.2,13.2,8.65,0.25,2,2,4,4,1,13,Moderately High Risk,OK,Verified ✓,6.14,10.27,10.57,11.7,13.39,BSE 100 TRI,9.21,13.75,12.37,13,14.14
SBI BSE Sensex Index Dir,Direct,Large Cap,43526,INF200KA16Y4,151769,NAV-verified,,,,,,,1,1,1,1,1,5,High Risk,OK,Verified ✓,5.79,N/A,N/A,N/A,N/A,BSE 100 TRI,9.21,N/A,N/A,N/A,N/A
SBI BSE Sensex Next 50 ETF,Direct,Large Cap,37639,ETF NOT IN AMFI NAV FILE,ETF NOT IN AMFI NAV FILE,Missing from AMFI Database,5.88,1.18,0.74,17.17,18.7,0.88,12,8,2,1,2,25,Moderate Risk,NOT_FOUND,Neither code ETF NOT IN AMFI NAV FILE nor ISIN ETF NOT IN AMFI NAV FILE confirmed in NAV,10.88,21.95,16.35,14.85,N/A,BSE 100 TRI,9.21,13.75,12.37,13,N/A
SBI Large Cap Dir,Direct,Large Cap,16198,INF200K01QX4,119598,NAV-verified,0.38,0.94,0.43,13.27,11.79,0.52,6,4,4,4,1,19,Moderately High Risk,OK,Verified ✓,11.13,13.9,12.53,13.67,13.57,BSE 100 TRI,9.21,13.75,12.37,13,14.14
SBI Nifty 50 ETF,Direct,Large Cap,30710,INF200KA1W00,148945,NAV-verified,-1.09,0.95,0.33,13.35,10.41,0.41,4,2,4,4,1,15,Moderately High Risk,OK,Verified ✓,8.52,12.14,11.35,12.17,13.53,BSE 100 TRI,9.21,13.75,12.37,13,14.14
SBI Nifty 50 Equal Weight ETF,Direct,Large Cap,44433,ETF NOT IN AMFI NAV FILE,ETF NOT IN AMFI NAV FILE,Missing from AMFI Database,,,,,,,1,1,1,1,1,5,High Risk,NOT_FOUND,Neither code ETF NOT IN AMFI NAV FILE nor ISIN ETF NOT IN AMFI NAV FILE confirmed in NAV,14.57,N/A,N/A,N/A,N/A,BSE 100 TRI,9.21,N/A,N/A,N/A,N/A
SBI Nifty Index Dir,Direct,Large Cap,16233,INF200K01TE8,119827,NAV-verified,-1.29,0.95,0.31,13.35,10.22,0.39,4,2,4,4,1,15,Moderately High Risk,OK,Verified ✓,8.28,11.92,11.13,11.86,13.18,BSE 100 TRI,9.21,13.75,12.37,13,14.14
SBI Nifty Next 50 ETF,Direct,Large Cap,29715,INF200KA1W00,148945,NAV-verified,4.92,1.24,0.64,18.77,18.09,0.79,10,6,2,1,1,20,Moderate Risk,OK,Verified ✓,12.45,21.63,14.6,14.14,14.63,BSE 100 TRI,9.21,13.75,12.37,13,14.14
SBI Nifty Next 50 Index Dir,Direct,Large Cap,41492,INF200KA1W00,148945,NAV-verified,,,,,,,1,1,1,1,1,5,High Risk,OK,Verified ✓,12.18,21.36,N/A,N/A,N/A,BSE 100 TRI,9.21,13.75,N/A,N/A,N/A
SBI Nifty100 Low Volatility 30 Index Dir,Direct,Large Cap,45361,INF200KB1936,153718,NAV-verified,,,,,,,1,1,1,1,1,5,High Risk,OK,Verified ✓,N/A,N/A,N/A,N/A,N/A,BSE 100 TRI,N/A,N/A,N/A,N/A,N/A
SBI Nifty50 Equal Weight Index Dir,Direct,Large Cap,44075,INF200KB1027,152370,NAV-verified,,,,,,,1,1,1,1,1,5,High Risk,OK,Verified ✓,14.36,N/A,N/A,N/A,N/A,BSE 100 TRI,9.21,N/A,N/A,N/A,N/A
Samco Large Cap Dir,Direct,Large Cap,45017,INF0K1H01255,153239,NAV-verified,,,,,,,1,1,1,1,1,5,High Risk,OK,Verified ✓,-5.78,N/A,N/A,N/A,N/A,BSE 100 TRI,9.21,N/A,N/A,N/A,N/A
Sundaram Large Cap Dir,Direct,Large Cap,41104,INF903JA1JC0,148507,NAV-verified,-0.38,0.89,0.38,12.6,10.77,0.47,4,4,4,4,1,17,Moderately High Risk,OK,Verified ✓,7.56,12.58,11.75,12.53,13.8,BSE 100 TRI,9.21,13.75,12.37,13,14.14
Sundaram Nifty 100 Equal Weight Dir,Direct,Large Cap,16608,INF173K01EZ4,149483,NAV-verified,,,,,,,1,1,1,1,1,5,High Risk,OK,Verified ✓,13.21,18.87,14.01,13.76,13.08,BSE 100 TRI,9.21,13.75,12.37,13,14.14
Tata BSE Sensex Index Dir,Direct,Large Cap,16955,INF277K01PK1,119287,NAV-verified,-3.07,0.94,0.18,13.19,8.35,0.22,2,2,4,4,1,13,Moderately High Risk,OK,Verified ✓,5.82,9.95,10.15,11.32,13,BSE 100 TRI,9.21,13.75,12.37,13,14.14
Tata Large Cap Dir,Direct,Large Cap,16729,INF277K01QZ7,119160,NAV-verified,0.96,1,0.47,14.05,12.7,0.56,6,4,3,3,1,17,Moderately High Risk,OK,Verified ✓,9.83,14.79,13.36,13.43,13.59,BSE 100 TRI,9.21,13.75,12.37,13,14.14
Tata Nifty 50 ETF,Direct,Large Cap,38578,INF277K01PJ3,119288,NAV-verified,-1.15,0.95,0.32,13.34,10.35,0.4,4,2,4,4,1,15,Moderately High Risk,OK,Verified ✓,8.49,12.07,11.3,12.2,N/A,BSE 100 TRI,9.21,13.75,12.37,13,N/A
Tata Nifty 50 Index Dir,Direct,Large Cap,16954,INF277K01PJ3,119288,NAV-verified,-1.38,0.95,0.31,13.35,10.13,0.38,4,2,4,4,1,15,Moderately High Risk,OK,Verified ✓,8.26,11.82,11.09,11.93,13.22,BSE 100 TRI,9.21,13.75,12.37,13,14.14
Tata Nifty Next 50 Index Dir,Direct,Large Cap,45494,INF277KA1EJ1,153858,NAV-verified,,,,,,,1,1,1,1,1,5,High Risk,OK,Verified ✓,N/A,N/A,N/A,N/A,N/A,BSE 100 TRI,N/A,N/A,N/A,N/A,N/A
Taurus Large Cap Dir,Direct,Large Cap,17027,INF044D01BX3,118870,NAV-verified,2.43,0.95,0.56,13.99,13.91,0.73,8,6,4,4,1,23,Moderate Risk,OK,Verified ✓,10.3,15.5,11.73,11.29,11.26,BSE 100 TRI,9.21,13.75,12.37,13,14.14
Taurus Nifty 50 Index Dir,Direct,Large Cap,17039,INF044D01CQ5,118881,NAV-verified,-2.03,0.95,0.26,13.22,9.42,0.32,2,2,4,4,1,13,Moderately High Risk,OK,Verified ✓,7.67,11.01,10.34,11.49,12.98,BSE 100 TRI,9.21,13.75,12.37,13,14.14
UTI BSE Sensex ETF,Direct,Large Cap,30885,INF789F1AVD7,149803,NAV-verified,-2.76,0.94,0.2,13.2,8.66,0.25,2,2,4,4,1,13,Moderately High Risk,OK,Verified ✓,6.17,10.28,10.58,11.71,13.41,BSE 100 TRI,9.21,13.75,12.37,13,14.14
UTI BSE Sensex Index Dir,Direct,Large Cap,42038,INF789F1AVD7,149803,NAV-verified,-2.94,0.94,0.19,13.2,8.48,0.23,2,2,4,4,1,13,Moderately High Risk,OK,Verified ✓,6,10.08,N/A,N/A,N/A,BSE 100 TRI,9.21,13.75,N/A,N/A,N/A
UTI BSE Sensex Next 50 ETF,Direct,Large Cap,39221,ETF NOT IN AMFI NAV FILE,ETF NOT IN AMFI NAV FILE,Missing from AMFI Database,5.93,1.18,0.74,17.16,18.75,0.89,12,8,2,1,2,25,Moderate Risk,NOT_FOUND,Neither code ETF NOT IN AMFI NAV FILE nor ISIN ETF NOT IN AMFI NAV FILE confirmed in NAV,10.93,22,16.35,14.83,N/A,BSE 100 TRI,9.21,13.75,12.37,13,N/A
UTI Large Cap Dir,Direct,Large Cap,15789,INF789F01US8,120656,NAV-verified,-0.94,0.93,0.33,13.18,10.44,0.39,4,2,4,4,1,15,Moderately High Risk,OK,Verified ✓,6.14,12.27,10.64,12.31,12.98,BSE 100 TRI,9.21,13.75,12.37,13,14.14
UTI NIFTY50 Equal Wght Index Dir,Direct,Large Cap,43523,INF789F1AYP5,151762,NAV-verified,,,,,,,1,1,1,1,1,5,High Risk,OK,Verified ✓,14.43,N/A,N/A,N/A,N/A,BSE 100 TRI,9.21,N/A,N/A,N/A,N/A
UTI Nifty 50 ETF,Direct,Large Cap,30886,INF789F01XA0,120716,NAV-verified,-1.08,0.95,0.33,13.35,10.43,0.41,4,2,4,4,1,15,Moderately High Risk,OK,Verified ✓,8.55,12.15,11.36,12.18,13.55,BSE 100 TRI,9.21,13.75,12.37,13,14.14
UTI Nifty 50 Index Dir,Direct,Large Cap,15830,INF789F01XA0,120716,NAV-verified,-1.25,0.95,0.32,13.35,10.25,0.39,4,2,4,4,1,15,Moderately High Risk,OK,Verified ✓,8.37,11.96,11.16,12,13.32,BSE 100 TRI,9.21,13.75,12.37,13,14.14
UTI Nifty Next 50 ETF,Direct,Large Cap,34503,INF789FC12T1,143341,NAV-verified,4.99,1.24,0.65,18.77,18.15,0.79,10,8,2,1,1,22,Moderate Risk,OK,Verified ✓,12.56,21.7,14.67,14.3,N/A,BSE 100 TRI,9.21,13.75,12.37,13,N/A
UTI Nifty Next 50 Index Dir,Direct,Large Cap,36491,INF789FC12T1,143341,NAV-verified,4.74,1.24,0.63,18.76,17.9,0.78,10,6,2,1,1,20,Moderate Risk,OK,Verified ✓,12.25,21.41,14.37,13.99,N/A,BSE 100 TRI,9.21,13.75,12.37,13,N/A
Union Largecap Dir,Direct,Large Cap,34082,INF582M01CU7,141248,NAV-verified,-0.72,0.92,0.35,13.2,10.62,0.41,4,4,4,4,1,17,Moderately High Risk,OK,Verified ✓,8.7,12.73,11.41,12.12,N/A,BSE 100 TRI,9.21,13.75,12.37,13,N/A
WhiteOak Capital Large Cap Dir,Direct,Large Cap,42713,INF03VN01696,150797,NAV-verified,4.03,0.93,0.71,13.21,15.41,0.88,10,8,4,4,2,28,Low Risk,OK,Verified ✓,11.36,18.06,N/A,N/A,N/A,BSE 100 TRI,9.21,13.75,N/A,N/A,N/A
Zerodha BSE SENSEX Index Dir,Direct,Large Cap,45565,INF0R8F01158,153906,NAV-verified,,,,,,,1,1,1,1,1,5,High Risk,OK,Verified ✓,N/A,N/A,N/A,N/A,N/A,BSE 100 TRI,N/A,N/A,N/A,N/A,N/A
Zerodha Nifty 100 ETF,Direct,Large Cap,44358,ETF NOT IN AMFI NAV FILE,ETF NOT IN AMFI NAV FILE,Missing from AMFI Database,,,,,,,1,1,1,1,1,5,High Risk,NOT_FOUND,Neither code ETF NOT IN AMFI NAV FILE nor ISIN ETF NOT IN AMFI NAV FILE confirmed in NAV,9.15,N/A,N/A,N/A,N/A,BSE 100 TRI,9.21,N/A,N/A,N/A,N/A
Zerodha Nifty 50 ETF,Direct,Large Cap,45534,INF0R8F01158,153906,NAV-verified,,,,,,,1,1,1,1,1,5,High Risk,OK,Verified ✓,N/A,N/A,N/A,N/A,N/A,BSE 100 TRI,N/A,N/A,N/A,N/A,N/A
Zerodha Nifty 50 Index Dir,Direct,Large Cap,45533,INF0R8F01158,153906,NAV-verified,,,,,,,1,1,1,1,1,5,High Risk,OK,Verified ✓,N/A,N/A,N/A,N/A,N/A,BSE 100 TRI,N/A,N/A,N/A,N/A,N/A
ABSL Mid Cap Dir,Direct,Mid Cap,15870,INF209K01VH8,119436,NAV-verified,-0.76,0.95,0.71,16.98,18.09,0.97,4,8,3,4,2,21,Moderate Risk,OK,Verified ✓,14.63,21.11,17.21,16.03,15.06,BSE 150 MidCap TRI,12.57,22.01,17.84,19.09,17.75
ABSL Nifty Midcap 150 Index Dir,Direct,Mid Cap,41385,INF209KB1W74,148807,NAV-verified,0.33,1,0.79,17.35,19.82,0.99,6,8,2,3,2,21,Moderate Risk,OK,Verified ✓,16.77,23.01,18.6,N/A,N/A,BSE 150 MidCap TRI,12.57,22.01,17.84,N/A,N/A
Axis Midcap Dir,Direct,Mid Cap,15690,INF846K01EH3,120505,NAV-verified,0.53,0.84,0.76,15.55,17.91,0.94,6,8,3,5,2,24,Moderate Risk,OK,Verified ✓,17.03,20.68,16.23,18.82,18.27,BSE 150 MidCap TRI,12.57,22.01,17.84,19.09,17.75
Axis Nifty Midcap 50 Index Dir,Direct,Mid Cap,42158,INF846K019H0,149936,NAV-verified,1.02,1.02,0.82,18.03,20.82,1.07,6,10,2,3,2,23,Moderate Risk,OK,Verified ✓,17.54,24.25,N/A,N/A,N/A,BSE 150 MidCap TRI,12.57,22.01,N/A,N/A,N/A
Bandhan Midcap Dir,Direct,Mid Cap,42342,INF194KB1DJ2,150404,NAV-verified,-0.02,0.96,0.73,17.74,19.02,0.87,4,8,2,3,2,19,Moderately High Risk,OK,Verified ✓,19.26,22.06,N/A,N/A,N/A,BSE 150 MidCap TRI,12.57,22.01,N/A,N/A,N/A
Bandhan Nifty Midcap 150 Index Dir,Direct,Mid Cap,44531,INF194KB1IT0,152855,NAV-verified,,,,,,,1,1,1,1,1,5,High Risk,OK,Verified ✓,16.45,N/A,N/A,N/A,N/A,BSE 150 MidCap TRI,12.57,N/A,N/A,N/A,N/A
Bank of India Mid Cap Dir,Direct,Mid Cap,45385,INF761K01GY4,153728,NAV-verified,,,,,,,1,1,1,1,1,5,High Risk,OK,Verified ✓,N/A,N/A,N/A,N/A,N/A,BSE 150 MidCap TRI,N/A,N/A,N/A,N/A,N/A
Baroda BNP Paribas Midcap Dir,Direct,Mid Cap,15726,INF251K01UA7,153000,NAV-verified,2.14,0.83,0.91,14.7,19.41,1.05,8,10,3,5,2,28,Low Risk,OK,Verified ✓,19.36,22.87,18.58,20.49,17.69,BSE 150 MidCap TRI,12.57,22.01,17.84,19.09,17.75
Baroda BNP Paribas Nifty Midcap 150 Index Dir,Direct,Mid Cap,44651,INF251K01UA7,153000,NAV-verified,,,,,,,1,1,1,1,1,5,High Risk,OK,Verified ✓,16.56,N/A,N/A,N/A,N/A,BSE 150 MidCap TRI,12.57,N/A,N/A,N/A,N/A
Canara Robeco Mid Cap Dir,Direct,Mid Cap,42705,INF760K01KI1,150817,NAV-verified,-0.22,0.9,0.74,16.24,18,0.94,4,8,3,4,2,21,Moderate Risk,OK,Verified ✓,21.02,21.49,N/A,N/A,N/A,BSE 150 MidCap TRI,12.57,22.01,N/A,N/A,N/A
DSP Midcap Dir,Direct,Mid Cap,16438,INF740K01PX1,119071,NAV-verified,-0.62,0.98,0.71,17.57,18.58,0.93,4,8,2,3,2,19,Moderately High Risk,OK,Verified ✓,19.36,21.18,14.18,16.12,16.22,BSE 150 MidCap TRI,12.57,22.01,17.84,19.09,17.75
DSP Nifty Midcap 150 ETF,Direct,Mid Cap,45652,INF740KA1XB7,154014,NAV-verified,,,,,,,1,1,1,1,1,5,High Risk,OK,Verified ✓,N/A,N/A,N/A,N/A,N/A,BSE 150 MidCap TRI,N/A,N/A,N/A,N/A,N/A
DSP Nifty Midcap 150 Index Dir,Direct,Mid Cap,45650,INF740KA1XB7,154014,NAV-verified,,,,,,,1,1,1,1,1,5,High Risk,OK,Verified ✓,N/A,N/A,N/A,N/A,N/A,BSE 150 MidCap TRI,N/A,N/A,N/A,N/A,N/A
DSP Nifty Midcap 150 Quality 50 ETF,Direct,Mid Cap,41902,INF740KA1RB9,150428,NAV-verified,-6.07,0.91,0.38,16.26,12.17,0.48,1,4,3,4,1,13,Moderately High Risk,OK,Verified ✓,9.95,13.96,N/A,N/A,N/A,BSE 150 MidCap TRI,12.57,22.01,N/A,N/A,N/A
DSP Nifty Midcap 150 Quality 50 Index Dir,Direct,Mid Cap,42316,INF740KA1RB9,150428,NAV-verified,-6.06,0.91,0.38,16.26,12.17,0.48,1,4,3,4,1,13,Moderately High Risk,OK,Verified ✓,9.91,13.96,N/A,N/A,N/A,BSE 150 MidCap TRI,12.57,22.01,N/A,N/A,N/A
Edelweiss Mid Cap Dir,Direct,Mid Cap,16586,INF843K01AO4,140228,NAV-verified,3.88,0.95,0.98,16.97,22.67,1.17,10,10,3,4,2,29,Low Risk,OK,Verified ✓,18.7,26.64,21.7,22.72,20.11,BSE 150 MidCap TRI,12.57,22.01,17.84,19.09,17.75
Edelweiss Nifty Midcap150 Momentum 50 Index Dir,Direct,Mid Cap,42812,INF754K01QD2,150902,NAV-verified,-0.26,1.07,0.73,19.41,20.23,0.89,4,8,2,2,2,18,Moderately High Risk,OK,Verified ✓,15.22,24.36,N/A,N/A,N/A,BSE 150 MidCap TRI,12.57,22.01,N/A,N/A,N/A
Franklin India Mid Cap Dir,Direct,Mid Cap,16003,INF090I01FH9,118533,NAV-verified,-0.26,0.94,0.75,16.59,18.39,0.93,4,8,3,4,2,21,Moderate Risk,OK,Verified ✓,9.46,21.42,16.27,16.14,15.87,BSE 150 MidCap TRI,12.57,22.01,17.84,19.09,17.75
Groww Nifty Midcap 150 ETF,Direct,Mid Cap,45580,INF666M01MP7,153939,NAV-verified,,,,,,,1,1,1,1,1,5,High Risk,OK,Verified ✓,N/A,N/A,N/A,N/A,N/A,BSE 150 MidCap TRI,N/A,N/A,N/A,N/A,N/A
Groww Nifty Midcap 150 Index Dir,Direct,Mid Cap,45578,INF666M01MP7,153939,NAV-verified,,,,,,,1,1,1,1,1,5,High Risk,OK,Verified ✓,N/A,N/A,N/A,N/A,N/A,BSE 150 MidCap TRI,N/A,N/A,N/A,N/A,N/A
HDFC Mid Cap Dir,Direct,Mid Cap,16114,INF179K01XQ0,118989,NAV-verified,3.85,0.88,1.01,15.6,21.75,1.22,10,12,3,4,2,31,Low Risk,OK,Verified ✓,19.45,25,21.81,20.36,19.25,BSE 150 MidCap TRI,12.57,22.01,17.84,19.09,17.75
HDFC NIFTY Midcap 150 ETF,Direct,Mid Cap,43115,INF179KC1GC8,151724,NAV-verified,0.42,1,0.8,17.33,19.89,0.99,6,10,2,3,2,23,Moderate Risk,OK,Verified ✓,17.06,23.12,N/A,N/A,N/A,BSE 150 MidCap TRI,12.57,22.01,N/A,N/A,N/A
HDFC NIFTY Midcap 150 Index Dir,Direct,Mid Cap,43475,INF179KC1GC8,151724,NAV-verified,,,,,,,1,1,1,1,1,5,High Risk,OK,Verified ✓,16.8,N/A,N/A,N/A,N/A,BSE 150 MidCap TRI,12.57,N/A,N/A,N/A,N/A
HSBC Midcap Dir,Direct,Mid Cap,16280,INF917K01FZ1,151036,NAV-verified,3.34,0.97,0.91,17.98,22.44,0.94,10,10,2,3,2,27,Low Risk,OK,Verified ✓,27.75,26.41,18.9,18.21,18.25,BSE 150 MidCap TRI,12.57,22.01,17.84,19.09,17.75
Helios Mid Cap Dir,Direct,Mid Cap,44987,INF0R8701327,153326,NAV-verified,,,,,,,1,1,1,1,1,5,High Risk,OK,Verified ✓,21.08,N/A,N/A,N/A,N/A,BSE 150 MidCap TRI,12.57,N/A,N/A,N/A,N/A
ICICI Pru BSE Midcap Select ETF,Direct,Mid Cap,32594,ETF NOT IN AMFI NAV FILE,ETF NOT IN AMFI NAV FILE,Missing from AMFI Database,-0.69,1.01,0.71,18.27,19,0.85,4,8,2,3,2,19,Moderately High Risk,NOT_FOUND,Neither code ETF NOT IN AMFI NAV FILE nor ISIN ETF NOT IN AMFI NAV FILE confirmed in NAV,14.94,22.79,14.46,14.34,N/A,BSE 150 MidCap TRI,12.57,22.01,17.84,19.09,N/A
ICICI Pru Midcap Dir,Direct,Mid Cap,15960,INF109K011N7,120381,NAV-verified,3.64,0.96,0.96,17.24,22.58,1.24,10,10,2,3,2,27,Low Risk,OK,Verified ✓,33.03,26.78,20.54,19.6,18.52,BSE 150 MidCap TRI,12.57,22.01,17.84,19.09,17.75
ICICI Pru Nifty Midcap 150 ETF,Direct,Mid Cap,40555,INF109KC1W58,149389,NAV-verified,0.51,1,0.81,17.33,19.98,1,6,10,2,3,2,23,Moderate Risk,OK,Verified ✓,17.22,23.22,18.75,N/A,N/A,BSE 150 MidCap TRI,12.57,22.01,17.84,N/A,N/A
ICICI Pru Nifty Midcap 150 Index Dir,Direct,Mid Cap,41893,INF109KC1W58,149389,NAV-verified,0.2,0.99,0.79,17.3,19.65,0.99,6,8,2,3,2,21,Moderate Risk,OK,Verified ✓,16.92,22.81,N/A,N/A,N/A,BSE 150 MidCap TRI,12.57,22.01,N/A,N/A,N/A
ITI Mid Cap Dir,Direct,Mid Cap,41319,INF00XX01929,148733,NAV-verified,2.16,1.01,0.88,17.98,21.8,1.05,8,10,2,3,2,25,Moderate Risk,OK,Verified ✓,18.13,25.59,18.31,N/A,N/A,BSE 150 MidCap TRI,12.57,22.01,17.84,N/A,N/A
Invesco India Mid cap Dir,Direct,Mid Cap,16807,INF205K01MA0,120357,NAV-verified,3.74,1,0.94,18.3,23.23,1.09,10,10,2,3,2,27,Low Risk,OK,Verified ✓,20.68,27.63,21.51,21.54,20.04,BSE 150 MidCap TRI,12.57,22.01,17.84,19.09,17.75
JM Midcap Dir,Direct,Mid Cap,42731,INF192K01MV6,150815,NAV-verified,1.74,1.01,0.84,18.33,21.37,1.18,8,10,2,3,2,25,Moderate Risk,OK,Verified ✓,12.4,24.79,N/A,N/A,N/A,BSE 150 MidCap TRI,12.57,22.01,N/A,N/A,N/A
JioBlackRock Nifty Midcap 150 Index Dir,Direct,Mid Cap,45427,NOT ISSUED BY AMFI YET,NOT ISSUED BY AMFI YET,Fund too new for AMFI NAV Database,,,,,,,1,1,1,1,1,5,High Risk,NOT_FOUND,Neither code NOT ISSUED BY AMFI YET nor ISIN NOT ISSUED BY AMFI YET confirmed in NAV,N/A,N/A,N/A,N/A,N/A,BSE 150 MidCap TRI,N/A,N/A,N/A,N/A,N/A
Kotak Midcap Dir,Direct,Mid Cap,17134,INF174K01LT0,119775,NAV-verified,0.74,0.92,0.78,16.8,19.13,0.9,6,8,3,4,2,23,Moderate Risk,OK,Verified ✓,20.99,22.34,19.05,20.79,19.44,BSE 150 MidCap TRI,12.57,22.01,17.84,19.09,17.75
Kotak Nifty Midcap 150 ETF,Direct,Mid Cap,45037,INF174KA1VQ4,153401,NAV-verified,,,,,,,1,1,1,1,1,5,High Risk,OK,Verified ✓,17.05,N/A,N/A,N/A,N/A,BSE 150 MidCap TRI,12.57,N/A,N/A,N/A,N/A
Kotak Nifty Midcap 150 Index Dir,Direct,Mid Cap,45040,INF174KA1VQ4,153401,NAV-verified,,,,,,,1,1,1,1,1,5,High Risk,OK,Verified ✓,16.36,N/A,N/A,N/A,N/A,BSE 150 MidCap TRI,12.57,N/A,N/A,N/A,N/A
Kotak Nifty Midcap 150 Momentum 50 Index Dir,Direct,Mid Cap,44573,INF174KA1TM7,152916,NAV-verified,,,,,,,1,1,1,1,1,5,High Risk,OK,Verified ✓,15.34,N/A,N/A,N/A,N/A,BSE 150 MidCap TRI,12.57,N/A,N/A,N/A,N/A
Kotak Nifty Midcap 50 ETF,Direct,Mid Cap,41983,INF174KA1SR8,152767,NAV-verified,1.38,1.02,0.84,18.1,21.23,1.09,6,10,2,3,2,23,Moderate Risk,OK,Verified ✓,17.83,24.75,N/A,N/A,N/A,BSE 150 MidCap TRI,12.57,22.01,N/A,N/A,N/A
Kotak Nifty Midcap 50 Index Dir,Direct,Mid Cap,44446,INF174KA1SR8,152767,NAV-verified,,,,,,,1,1,1,1,1,5,High Risk,OK,Verified ✓,17.38,N/A,N/A,N/A,N/A,BSE 150 MidCap TRI,12.57,N/A,N/A,N/A,N/A
LIC MF Midcap Dir,Direct,Mid Cap,33333,INF397L01JK8,152002,NAV-verified,-1.42,1,0.68,17.87,18.12,0.84,4,8,2,3,2,19,Moderately High Risk,OK,Verified ✓,13.36,21.04,14.88,15.46,N/A,BSE 150 MidCap TRI,12.57,22.01,17.84,19.09,N/A
LIC MF Nifty Midcap 100 ETF,Direct,Mid Cap,44166,ETF NOT IN AMFI NAV FILE,ETF NOT IN AMFI NAV FILE,Missing from AMFI Database,,,,,,,1,1,1,1,1,5,High Risk,NOT_FOUND,Neither code ETF NOT IN AMFI NAV FILE nor ISIN ETF NOT IN AMFI NAV FILE confirmed in NAV,17.14,N/A,N/A,N/A,N/A,BSE 150 MidCap TRI,12.57,N/A,N/A,N/A,N/A
Mahindra Manulife Mid Cap Dir,Direct,Mid Cap,34956,INF174V01507,142110,NAV-verified,3.44,0.95,0.98,16.63,22.27,1.24,10,10,3,4,2,29,Low Risk,OK,Verified ✓,17.53,25.74,21.16,21.74,N/A,BSE 150 MidCap TRI,12.57,22.01,17.84,19.09,N/A
Mirae Asset Midcap Dir,Direct,Mid Cap,40048,INF769K01FA9,147445,NAV-verified,-0.73,0.99,0.72,17.42,18.63,0.88,4,8,2,3,2,19,Moderately High Risk,OK,Verified ✓,21.35,21.53,18.09,N/A,N/A,BSE 150 MidCap TRI,12.57,22.01,17.84,N/A,N/A
Mirae Asset Nifty MidSmallcap400 Mom Qlty 100 ETF FoF Dir,Direct,Mid Cap,44305,INF769K01LO8,152646,NAV-verified,,,,,,,1,1,1,1,1,5,High Risk,OK,Verified ✓,14.9,N/A,N/A,N/A,N/A,BSE 150 MidCap TRI,12.57,N/A,N/A,N/A,N/A
Mirae Asset Nifty MidSmallcap400 Momentum Quality 100 ETF,Direct,Mid Cap,44302,INF769K01LO8,152646,NAV-verified,,,,,,,1,1,1,1,1,5,High Risk,OK,Verified ✓,15.21,N/A,N/A,N/A,N/A,BSE 150 MidCap TRI,12.57,N/A,N/A,N/A,N/A
Mirae Asset Nifty Midcap 150 ETF,Direct,Mid Cap,42146,ETF NOT IN AMFI NAV FILE,ETF NOT IN AMFI NAV FILE,Missing from AMFI Database,0.57,1,0.81,17.33,20.04,1.01,6,10,2,3,2,23,Moderate Risk,NOT_FOUND,Neither code ETF NOT IN AMFI NAV FILE nor ISIN ETF NOT IN AMFI NAV FILE confirmed in NAV,17.26,23.29,N/A,N/A,N/A,BSE 150 MidCap TRI,12.57,22.01,N/A,N/A,N/A
Motilal Oswal Midcap Dir,Direct,Mid Cap,24080,INF247L01445,127042,NAV-verified,0.49,0.96,0.68,19.75,19.4,0.89,6,8,2,3,2,21,Moderate Risk,OK,Verified ✓,5.17,23.66,23.8,21.47,18.13,BSE 150 MidCap TRI,12.57,22.01,17.84,19.09,17.75
Motilal Oswal Nifty Midcap 100 ETF,Direct,Mid Cap,12012,INF247L01916,147622,NAV-verified,1.09,1.03,0.83,17.98,21,1.06,6,10,2,3,2,23,Moderate Risk,OK,Verified ✓,17.27,24.47,19.42,18.74,16.61,BSE 150 MidCap TRI,12.57,22.01,17.84,19.09,17.75
Motilal Oswal Nifty Midcap 150 Dir,Direct,Mid Cap,40242,INF247L01916,147622,NAV-verified,0.46,1,0.8,17.34,19.94,1,6,10,2,3,2,23,Moderate Risk,OK,Verified ✓,17.09,23.17,18.67,N/A,N/A,BSE 150 MidCap TRI,12.57,22.01,17.84,N/A,N/A
Motilal Oswal Nifty Midcap150 Momentum 50 ETF,Direct,Mid Cap,45331,INF247L01DL6,152875,NAV-verified,,,,,,,1,1,1,1,1,5,High Risk,OK,Verified ✓,N/A,N/A,N/A,N/A,N/A,BSE 150 MidCap TRI,N/A,N/A,N/A,N/A,N/A
Navi Nifty MidSmallcap 400 Index Dir,Direct,Mid Cap,45654,INF959L01HR4,154027,NAV-verified,,,,,,,1,1,1,1,1,5,High Risk,OK,Verified ✓,N/A,N/A,N/A,N/A,N/A,BSE 150 MidCap TRI,N/A,N/A,N/A,N/A,N/A
Navi Nifty Midcap 150 Index Dir,Direct,Mid Cap,42121,INF959L01FX6,149892,NAV-verified,,,,,,,1,1,1,1,1,5,High Risk,OK,Verified ✓,16.72,22.8,N/A,N/A,N/A,BSE 150 MidCap TRI,12.57,22.01,N/A,N/A,N/A
Nippon India ETF Nifty Midcap 150,Direct,Mid Cap,38950,INF204KB18Z7,148726,NAV-verified,0.46,1,0.8,17.31,19.92,1.01,6,10,2,3,2,23,Moderate Risk,OK,Verified ✓,17.02,23.13,18.7,19.19,N/A,BSE 150 MidCap TRI,12.57,22.01,17.84,19.09,N/A
Nippon India Growth Mid Cap Dir,Direct,Mid Cap,16083,INF204K01E21,118665,NAV-verified,3.51,0.97,0.96,17.19,22.6,1.22,10,10,2,3,2,27,Low Risk,OK,Verified ✓,18.9,26.54,22.18,21.67,20.09,BSE 150 MidCap TRI,12.57,22.01,17.84,19.09,17.75
Nippon India Nifty Midcap150 Dir,Direct,Mid Cap,41295,INF204KB18Z7,148726,NAV-verified,,,,,,,1,1,1,1,1,5,High Risk,OK,Verified ✓,16.85,22.9,18.42,N/A,N/A,BSE 150 MidCap TRI,12.57,22.01,17.84,N/A,N/A
PGIM India Midcap Dir,Direct,Mid Cap,22367,INF663L01DV3,125307,NAV-verified,-4.97,0.83,0.41,15.33,12.24,0.5,2,4,3,5,1,15,Moderately High Risk,OK,Verified ✓,10.83,14.81,15.06,20.71,17.45,BSE 150 MidCap TRI,12.57,22.01,17.84,19.09,17.75
Quant Mid Cap Dir,Direct,Mid Cap,17375,INF966L01887,120841,NAV-verified,-2.44,0.9,0.55,17.62,15.68,0.77,2,6,2,4,1,15,Moderately High Risk,OK,Verified ✓,3.78,17.41,19.14,21.63,17.73,BSE 150 MidCap TRI,12.57,22.01,17.84,19.09,17.75
SBI Midcap Dir,Direct,Mid Cap,16235,INF200K01TP4,119716,NAV-verified,-2.76,0.84,0.56,15.13,14.54,0.65,2,6,3,5,1,17,Moderately High Risk,OK,Verified ✓,6.22,16.44,16.29,18.06,15.38,BSE 150 MidCap TRI,12.57,22.01,17.84,19.09,17.75
SBI Nifty Midcap 150 ETF,Direct,Mid Cap,45920,INF200KA10P5,150673,NAV-verified,,,,,,,1,1,1,1,1,5,High Risk,OK,Verified ✓,N/A,N/A,N/A,N/A,N/A,BSE 150 MidCap TRI,N/A,N/A,N/A,N/A,N/A
SBI Nifty Midcap 150 Index Dir,Direct,Mid Cap,42585,INF200KA10P5,150673,NAV-verified,0.23,1,0.79,17.32,19.69,0.98,6,8,2,3,2,21,Moderate Risk,OK,Verified ✓,16.83,22.87,N/A,N/A,N/A,BSE 150 MidCap TRI,12.57,22.01,N/A,N/A,N/A
SBI Nifty Midcap 150 Momentum 50 ETF,Direct,Mid Cap,45872,ETF NOT IN AMFI NAV FILE,ETF NOT IN AMFI NAV FILE,Missing from AMFI Database,,,,,,,1,1,1,1,1,5,High Risk,NOT_FOUND,Neither code ETF NOT IN AMFI NAV FILE nor ISIN ETF NOT IN AMFI NAV FILE confirmed in NAV,N/A,N/A,N/A,N/A,N/A,BSE 150 MidCap TRI,N/A,N/A,N/A,N/A,N/A
Samco Mid Cap Dir,Direct,Mid Cap,45740,INF0K1H01313,154114,NAV-verified,,,,,,,1,1,1,1,1,5,High Risk,OK,Verified ✓,N/A,N/A,N/A,N/A,N/A,BSE 150 MidCap TRI,N/A,N/A,N/A,N/A,N/A
Sundaram Midcap Dir,Direct,Mid Cap,16125,INF903J01PR9,119566,NAV-verified,2.79,0.94,0.93,16.65,21.53,1.07,8,10,3,4,2,27,Low Risk,OK,Verified ✓,18.18,25.46,19.92,17.96,16.52,BSE 150 MidCap TRI,12.57,22.01,17.84,19.09,17.75
TRUSTMF Mid Cap Dir,Direct,Mid Cap,45814,INF0GCD01875,154210,Algorithm Match (91% Confidence),,,,,,,1,1,1,1,1,5,High Risk,NOT_FOUND,Neither code 154210 nor ISIN INF0GCD01875 confirmed in NAV,N/A,N/A,N/A,N/A,N/A,BSE 150 MidCap TRI,N/A,N/A,N/A,N/A,N/A
Tata Mid Cap Dir,Direct,Mid Cap,16717,INF277K01PY2,119178,NAV-verified,0.92,0.91,0.82,16.11,19.29,1.02,6,10,3,4,2,25,Moderate Risk,OK,Verified ✓,17.32,22.64,18.06,19.09,17.72,BSE 150 MidCap TRI,12.57,22.01,17.84,19.09,17.75
Tata Nifty Midcap 150 Index Dir,Direct,Mid Cap,45222,INF277KA1DZ9,153581,NAV-verified,,,,,,,1,1,1,1,1,5,High Risk,OK,Verified ✓,N/A,N/A,N/A,N/A,N/A,BSE 150 MidCap TRI,N/A,N/A,N/A,N/A,N/A
Tata Nifty Midcap 150 Momentum 50 Index Dir,Direct,Mid Cap,42655,INF277KA1612,150738,NAV-verified,-0.55,1.07,0.72,19.35,19.87,0.87,4,8,2,2,2,18,Moderately High Risk,OK,Verified ✓,15.24,23.93,N/A,N/A,N/A,BSE 150 MidCap TRI,12.57,22.01,N/A,N/A,N/A
Taurus Mid Cap Dir,Direct,Mid Cap,16656,INF044D01CA9,118872,NAV-verified,-5.62,1,0.44,17.98,13.88,0.65,1,4,2,3,1,11,High Risk,OK,Verified ✓,8.25,15.43,12.62,15.06,15.33,BSE 150 MidCap TRI,12.57,22.01,17.84,19.09,17.75
UTI Midcap Dir,Direct,Mid Cap,15920,INF789F1AZO5,153089,NAV-verified,-3.24,0.96,0.57,17.03,15.78,0.72,2,6,2,3,1,14,Moderately High Risk,OK,Verified ✓,14.52,17.93,15.03,17.48,15.43,BSE 150 MidCap TRI,12.57,22.01,17.84,19.09,17.75
UTI Nifty Midcap 150 ETF,Direct,Mid Cap,43743,INF789F1AZO5,153089,NAV-verified,,,,,,,1,1,1,1,1,5,High Risk,OK,Verified ✓,17.07,N/A,N/A,N/A,N/A,BSE 150 MidCap TRI,12.57,N/A,N/A,N/A,N/A
UTI Nifty Midcap 150 Index Dir,Direct,Mid Cap,44725,INF789F1AZO5,153089,NAV-verified,,,,,,,1,1,1,1,1,5,High Risk,OK,Verified ✓,16.68,N/A,N/A,N/A,N/A,BSE 150 MidCap TRI,12.57,N/A,N/A,N/A,N/A
UTI Nifty Midcap 150 Quality 50 Index Dir,Direct,Mid Cap,42253,INF789F1AVH8,150313,NAV-verified,-6.24,0.91,0.37,16.26,12,0.47,1,4,3,4,1,13,Moderately High Risk,OK,Verified ✓,9.68,13.77,N/A,N/A,N/A,BSE 150 MidCap TRI,12.57,22.01,N/A,N/A,N/A
UTI Nifty Midsmallcap 400 Momentum Quality 100 Index Dir,Direct,Mid Cap,44913,INF789F1AB22,153272,NAV-verified,,,,,,,1,1,1,1,1,5,High Risk,OK,Verified ✓,15.28,N/A,N/A,N/A,N/A,BSE 150 MidCap TRI,12.57,N/A,N/A,N/A,N/A
Union Midcap Dir,Direct,Mid Cap,40769,INF582M01GI3,148073,NAV-verified,0.93,0.93,0.81,16.67,19.46,0.93,6,10,3,4,2,25,Moderate Risk,OK,Verified ✓,20.7,22.52,18.72,N/A,N/A,BSE 150 MidCap TRI,12.57,22.01,17.84,N/A,N/A
WhiteOak Capital Mid Cap Fund Dir,Direct,Mid Cap,42483,INF03VN01597,150584,NAV-verified,5.21,0.92,1.07,16.46,23.58,1.34,12,12,3,4,2,33,Low Risk,OK,Verified ✓,24.02,27.74,N/A,N/A,N/A,BSE 150 MidCap TRI,12.57,22.01,N/A,N/A,N/A
Zerodha Nifty MidSmallcap400 50:50 Index Dir,Direct,Mid Cap,45935,INF0R8F01158,153906,NAV-verified,,,,,,,1,1,1,1,1,5,High Risk,OK,Verified ✓,--,--,--,--,--,--,--,--,--,--,--
Zerodha Nifty Midcap 150 ETF,Direct,Mid Cap,44359,ETF NOT IN AMFI NAV FILE,ETF NOT IN AMFI NAV FILE,Missing from AMFI Database,,,,,,,1,1,1,1,1,5,High Risk,NOT_FOUND,Neither code ETF NOT IN AMFI NAV FILE nor ISIN ETF NOT IN AMFI NAV FILE confirmed in NAV,17.81,N/A,N/A,N/A,N/A,BSE 150 MidCap TRI,12.57,N/A,N/A,N/A,N/A
ABSL Multi-Cap Dir,Direct,Multi Cap,41466,INF209KB1Y49,148921,NAV-verified,0.37,0.92,0.59,15.14,14.96,0.7,6,6,3,4,1,20,Moderate Risk,OK,Verified ✓,13.8,17.79,N/A,N/A,N/A,VR Multicap TRI,9.19,17.21,N/A,N/A,N/A
Axis Multicap Dir,Direct,Multi Cap,41885,INF846K013E0,149383,NAV-verified,5.33,0.92,0.91,15.22,19.88,1.05,12,10,3,4,2,31,Low Risk,OK,Verified ✓,13.55,22.97,N/A,N/A,N/A,VR Multicap TRI,9.19,17.21,N/A,N/A,N/A
Bajaj Finserv Multi Cap Dir,Direct,Multi Cap,44918,INF0QA701AV7,153309,NAV-verified,,,,,,,1,1,1,1,1,5,High Risk,OK,Verified ✓,11.09,N/A,N/A,N/A,N/A,VR Multicap TRI,9.19,N/A,N/A,N/A,N/A
Bandhan Multi Cap Dir,Direct,Multi Cap,41822,INF194KB1CL0,149303,NAV-verified,0.35,0.9,0.59,14.64,14.73,0.73,6,6,3,4,1,20,Moderate Risk,OK,Verified ✓,10.13,17.16,N/A,N/A,N/A,VR Multicap TRI,9.19,17.21,N/A,N/A,N/A
Bank of India Multi Cap Dir,Direct,Multi Cap,43162,INF761K01FR0,151443,NAV-verified,4.76,0.94,0.87,15.53,19.54,1.17,10,10,3,4,2,29,Low Risk,OK,Verified ✓,19.04,22.54,N/A,N/A,N/A,VR Multicap TRI,9.19,17.21,N/A,N/A,N/A
Baroda BNP Paribas Multi Cap Dir,Direct,Multi Cap,15707,INF955L01AG0,119354,NAV-verified,1.96,0.89,0.68,14.98,16.29,0.79,8,8,3,4,1,24,Moderate Risk,OK,Verified ✓,9.67,18.79,16.56,16.83,15.92,VR Multicap TRI,9.19,17.21,14.86,N/A,N/A
Canara Robeco Multi Cap Dir,Direct,Multi Cap,43571,INF760K01KO9,151824,NAV-verified,,,,,,,1,1,1,1,1,5,High Risk,OK,Verified ✓,12.67,N/A,N/A,N/A,N/A,VR Multicap TRI,9.19,N/A,N/A,N/A,N/A
DSP Multicap Dir,Direct,Multi Cap,43999,INF740KA1UC1,152310,NAV-verified,,,,,,,1,1,1,1,1,5,High Risk,OK,Verified ✓,10.27,N/A,N/A,N/A,N/A,VR Multicap TRI,9.19,N/A,N/A,N/A,N/A
Edelweiss Multi Cap Dir,Direct,Multi Cap,43782,INF754K01SD8,152094,NAV-verified,,,,,,,1,1,1,1,1,5,High Risk,OK,Verified ✓,14.42,N/A,N/A,N/A,N/A,VR Multicap TRI,9.19,N/A,N/A,N/A,N/A
Edelweiss Nifty500 Multicap Momentum Quality 50 ETF,Direct,Multi Cap,44626,INF754K01TN5,152985,NAV-verified,,,,,,,1,1,1,1,1,5,High Risk,OK,Verified ✓,15.63,N/A,N/A,N/A,N/A,VR Multicap TRI,9.19,N/A,N/A,N/A,N/A
Edelweiss Nifty500 Multicap Momentum Quality 50 Index Dir,Direct,Multi Cap,44648,INF754K01TN5,152985,NAV-verified,,,,,,,1,1,1,1,1,5,High Risk,OK,Verified ✓,15.48,N/A,N/A,N/A,N/A,VR Multicap TRI,9.19,N/A,N/A,N/A,N/A
Franklin India Multi Cap Dir,Direct,Multi Cap,44410,INF090I01XA7,152739,NAV-verified,,,,,,,1,1,1,1,1,5,High Risk,OK,Verified ✓,12.93,N/A,N/A,N/A,N/A,VR Multicap TRI,9.19,N/A,N/A,N/A,N/A
Groww Multicap Dir,Direct,Multi Cap,44697,INF666M01JD9,153034,NAV-verified,,,,,,,1,1,1,1,1,5,High Risk,OK,Verified ✓,25.57,N/A,N/A,N/A,N/A,VR Multicap TRI,9.19,N/A,N/A,N/A,N/A
HDFC Multi Cap Dir,Direct,Multi Cap,41864,INF179KC1BS5,149368,NAV-verified,1.5,0.98,0.67,15.95,16.68,0.85,8,8,3,3,2,24,Moderate Risk,OK,Verified ✓,11.41,19.12,N/A,N/A,N/A,VR Multicap TRI,9.19,17.21,N/A,N/A,N/A
HDFC Nifty500 Multicap 50:25:25 Index Dir,Direct,Multi Cap,44463,INF179KC1IO9,152778,NAV-verified,,,,,,,1,1,1,1,1,5,High Risk,OK,Verified ✓,11.17,N/A,N/A,N/A,N/A,VR Multicap TRI,9.19,N/A,N/A,N/A,N/A
HSBC Multi Cap Dir,Direct,Multi Cap,43023,INF336L01QN5,151290,NAV-verified,4.56,0.99,0.83,16.49,19.79,1.03,10,10,3,3,2,28,Low Risk,OK,Verified ✓,15.9,23.43,N/A,N/A,N/A,VR Multicap TRI,9.19,17.21,N/A,N/A,N/A
ICICI Pru Multicap Dir,Direct,Multi Cap,15874,INF109K014O9,120599,NAV-verified,3.02,0.86,0.77,14.3,17.02,0.99,10,8,3,4,2,27,Low Risk,OK,Verified ✓,12.26,20.69,17.8,16.07,16.4,VR Multicap TRI,9.19,17.21,14.86,N/A,N/A
ITI Multi Cap Dir,Direct,Multi Cap,39831,INF00XX01168,147183,NAV-verified,2.83,0.99,0.73,16.39,18.07,0.86,8,8,3,3,2,24,Moderate Risk,OK,Verified ✓,19.08,21.25,14.15,N/A,N/A,VR Multicap TRI,9.19,17.21,14.86,N/A,N/A
Invesco India Multicap Dir,Direct,Multi Cap,16811,INF205K01MS2,120413,NAV-verified,-1.03,0.99,0.5,16.45,14.2,0.58,4,6,3,3,1,17,Moderately High Risk,OK,Verified ✓,6.11,17.28,15.09,15.8,15.26,VR Multicap TRI,9.19,17.21,14.86,N/A,N/A
Kotak Multicap Dir,Direct,Multi Cap,41707,INF174KA1HV3,149185,NAV-verified,5.57,1.02,0.89,16.89,21.12,1.02,12,10,3,3,2,30,Low Risk,OK,Verified ✓,15.92,24.31,N/A,N/A,N/A,VR Multicap TRI,9.19,17.21,N/A,N/A,N/A
LIC MF Multi Cap Dir,Direct,Multi Cap,42629,INF767K01RK7,150659,NAV-verified,2.67,1.01,0.71,16.9,18.09,0.85,8,8,3,3,2,24,Moderate Risk,OK,Verified ✓,15.46,21.09,N/A,N/A,N/A,VR Multicap TRI,9.19,17.21,N/A,N/A,N/A
Mahindra Manulife Multi Cap Dir,Direct,Multi Cap,33986,INF174V01341,141226,NAV-verified,3.71,0.95,0.79,15.78,18.54,1.03,10,8,3,4,2,27,Low Risk,OK,Verified ✓,16.86,21.83,19.08,20.37,N/A,VR Multicap TRI,9.19,17.21,14.86,N/A,N/A
Mirae Asset Multicap Dir,Direct,Multi Cap,43578,INF769K01KK8,151810,NAV-verified,,,,,,,1,1,1,1,1,5,High Risk,OK,Verified ✓,15.7,N/A,N/A,N/A,N/A,VR Multicap TRI,9.19,N/A,N/A,N/A,N/A
Mirae Asset Nifty500 Multicap 50:25:25 ETF,Direct,Multi Cap,44491,ETF NOT IN AMFI NAV FILE,ETF NOT IN AMFI NAV FILE,Missing from AMFI Database,,,,,,,1,1,1,1,1,5,High Risk,NOT_FOUND,Neither code ETF NOT IN AMFI NAV FILE nor ISIN ETF NOT IN AMFI NAV FILE confirmed in NAV,11.42,N/A,N/A,N/A,N/A,VR Multicap TRI,9.19,N/A,N/A,N/A,N/A
Motilal Oswal Multi Cap Dir,Direct,Multi Cap,44339,INF247L01CL8,152651,NAV-verified,,,,,,,1,1,1,1,1,5,High Risk,OK,Verified ✓,4.02,N/A,N/A,N/A,N/A,VR Multicap TRI,9.19,N/A,N/A,N/A,N/A
Navi Nifty 500 Multicap 50:25:25 Index Dir,Direct,Multi Cap,44439,INF959L01HO1,152751,NAV-verified,,,,,,,1,1,1,1,1,5,High Risk,OK,Verified ✓,11.12,N/A,N/A,N/A,N/A,VR Multicap TRI,9.19,N/A,N/A,N/A,N/A
Nippon India Multi Cap Dir,Direct,Multi Cap,16068,INF204K01D55,118651,NAV-verified,3.96,0.89,0.82,14.99,18.28,1.05,10,10,3,4,2,29,Low Risk,OK,Verified ✓,13.26,21.26,21.29,17.34,16.8,VR Multicap TRI,9.19,17.21,14.86,N/A,N/A
Nippon India Nifty 500 Equal Weight Index Dir,Direct,Multi Cap,44515,INF204KC1DA8,152842,NAV-verified,,,,,,,1,1,1,1,1,5,High Risk,OK,Verified ✓,11.82,N/A,N/A,N/A,N/A,VR Multicap TRI,9.19,N/A,N/A,N/A,N/A
PGIM India Multi Cap Dir,Direct,Multi Cap,44505,INF663L01Z03,152815,NAV-verified,,,,,,,1,1,1,1,1,5,High Risk,OK,Verified ✓,14.52,N/A,N/A,N/A,N/A,VR Multicap TRI,9.19,N/A,N/A,N/A,N/A
PGIM India Retirement Dir,Direct,Multi Cap,44253,INF663L01Y61,152537,NAV-verified,,,,,,,1,1,1,1,1,5,High Risk,OK,Verified ✓,8.05,N/A,N/A,N/A,N/A,VR Multicap TRI,9.19,N/A,N/A,N/A,N/A
Quant Multi Cap Dir,Direct,Multi Cap,17361,INF966L01614,120823,NAV-verified,-3.91,0.98,0.31,16.7,11.21,0.46,2,2,3,3,1,11,High Risk,OK,Verified ✓,6.79,13.23,14.48,19.66,18,VR Multicap TRI,9.19,17.21,14.86,N/A,N/A
SBI Multicap Dir,Direct,Multi Cap,42108,INF200KA18E2,149882,NAV-verified,1.47,0.79,0.67,13.26,14.86,0.86,6,8,4,5,2,25,Moderate Risk,OK,Verified ✓,5.3,17.71,N/A,N/A,N/A,VR Multicap TRI,9.19,17.21,N/A,N/A,N/A
Samco Multi Cap Dir,Direct,Multi Cap,44527,INF0K1H01198,152847,NAV-verified,,,,,,,1,1,1,1,1,5,High Risk,OK,Verified ✓,-5.77,N/A,N/A,N/A,N/A,VR Multicap TRI,9.19,N/A,N/A,N/A,N/A
Sundaram Multi Cap Dir,Direct,Multi Cap,16580,INF173K01FQ0,149669,NAV-verified,0.44,0.93,0.6,15.18,15.07,0.71,6,6,3,4,1,20,Moderate Risk,OK,Verified ✓,10.02,17.45,15.15,14.65,15.64,VR Multicap TRI,9.19,17.21,14.86,N/A,N/A
TRUSTMF Multi Cap Dir,Direct,Multi Cap,45282,INF0GCD01834,153644,NAV-verified,,,,,,,1,1,1,1,1,5,High Risk,OK,Verified ✓,N/A,N/A,N/A,N/A,N/A,VR Multicap TRI,N/A,N/A,N/A,N/A,N/A
Tata Multicap Dir,Direct,Multi Cap,43038,INF277KA1679,151232,NAV-verified,-2.26,0.89,0.41,14.67,12.05,0.48,2,4,3,4,1,14,Moderately High Risk,OK,Verified ✓,18.56,14.61,N/A,N/A,N/A,VR Multicap TRI,9.19,17.21,N/A,N/A,N/A
UTI Multi Cap Dir,Direct,Multi Cap,45143,INF789F1AB89,153515,NAV-verified,,,,,,,1,1,1,1,1,5,High Risk,OK,Verified ✓,N/A,N/A,N/A,N/A,N/A,VR Multicap TRI,N/A,N/A,N/A,N/A,N/A
Union Multicap Dir,Direct,Multi Cap,42779,INF582M01IO7,150858,NAV-verified,2.42,0.9,0.72,14.95,16.85,0.84,8,8,3,4,2,25,Moderate Risk,OK,Verified ✓,16.64,19.48,N/A,N/A,N/A,VR Multicap TRI,9.19,17.21,N/A,N/A,N/A
WhiteOak Capital Multi Cap Dir,Direct,Multi Cap,43759,INF03VN01803,152071,NAV-verified,,,,,,,1,1,1,1,1,5,High Risk,OK,Verified ✓,16.66,N/A,N/A,N/A,N/A,VR Multicap TRI,9.19,N/A,N/A,N/A,N/A
ABSL Banking & Financial Services Dir,Direct,Sectoral-Auto,22526,INF209K014W1,125597,NAV-verified,5.14,0.9,0.51,15.38,13.9,0.68,12,6,3,4,1,26,Moderate Risk,OK,Verified ✓,13.98,17.36,14.66,12.33,15.46,BSE Bankex TRI,10.55,11.81,12.18,10.03,14.21
ABSL Nifty Bank ETF,Direct,Sectoral-Auto,40378,INF209KB1W74,148807,NAV-verified,0.04,1,0.19,16.01,9.1,0.22,6,2,3,3,1,15,Moderately High Risk,OK,Verified ✓,11.97,11.77,12.1,N/A,N/A,BSE Bankex TRI,10.55,11.81,12.18,N/A,N/A
Aditya Birla SL BSE Top 10 Banks ETF,Direct,Sectoral-Auto,45861,ETF NOT IN AMFI NAV FILE,ETF NOT IN AMFI NAV FILE,Missing from AMFI Database,,,,,,,1,1,1,1,1,5,High Risk,NOT_FOUND,Neither code ETF NOT IN AMFI NAV FILE nor ISIN ETF NOT IN AMFI NAV FILE confirmed in NAV,N/A,N/A,N/A,N/A,N/A,BSE Bankex TRI,N/A,N/A,N/A,N/A,N/A
Axis Nifty Bank ETF,Direct,Sectoral-Auto,41162,INF846K015W7,152629,NAV-verified,0.01,1,0.19,16.01,9.06,0.22,6,2,3,3,1,15,Moderately High Risk,OK,Verified ✓,11.89,11.72,12.07,N/A,N/A,BSE Bankex TRI,10.55,11.81,12.18,N/A,N/A
Axis Nifty Bank Index Dir,Direct,Sectoral-Auto,44321,INF846K015W7,152629,NAV-verified,,,,,,,1,1,1,1,1,5,High Risk,OK,Verified ✓,11.9,N/A,N/A,N/A,N/A,BSE Bankex TRI,10.55,N/A,N/A,N/A,N/A
Bajaj Finserv Banking And Financial Services Dir,Direct,Sectoral-Auto,45563,INF0QA701BZ6,153937,NAV-verified,,,,,,,1,1,1,1,1,5,High Risk,OK,Verified ✓,N/A,N/A,N/A,N/A,N/A,BSE Bankex TRI,N/A,N/A,N/A,N/A,N/A
Bajaj Finserv Nifty Bank ETF,Direct,Sectoral-Auto,44067,ETF NOT IN AMFI NAV FILE,ETF NOT IN AMFI NAV FILE,Missing from AMFI Database,,,,,,,1,1,1,1,1,5,High Risk,NOT_FOUND,Neither code ETF NOT IN AMFI NAV FILE nor ISIN ETF NOT IN AMFI NAV FILE confirmed in NAV,12,N/A,N/A,N/A,N/A,BSE Bankex TRI,10.55,N/A,N/A,N/A,N/A
Bandhan Financial Services Dir,Direct,Sectoral-Auto,43567,INF194KB1GB2,151816,NAV-verified,,,,,,,1,1,1,1,1,5,High Risk,OK,Verified ✓,10.09,N/A,N/A,N/A,N/A,BSE Bankex TRI,10.55,N/A,N/A,N/A,N/A
Bandhan Nifty Bank Index Dir,Direct,Sectoral-Auto,44477,INF194KB1IO1,152793,NAV-verified,,,,,,,1,1,1,1,1,5,High Risk,OK,Verified ✓,11.83,N/A,N/A,N/A,N/A,BSE Bankex TRI,10.55,N/A,N/A,N/A,N/A
Bank of India Banking & Financial Services Dir,Direct,Sectoral-Auto,45745,INF761K01HE4,154093,NAV-verified,,,,,,,1,1,1,1,1,5,High Risk,OK,Verified ✓,N/A,N/A,N/A,N/A,N/A,BSE Bankex TRI,N/A,N/A,N/A,N/A,N/A
Baroda BNP Paribas Banking & Fin Srvcs Dir,Direct,Sectoral-Auto,15698,INF955L01971,119333,NAV-verified,5.97,0.91,0.57,15.22,14.75,0.72,12,6,3,4,1,26,Moderate Risk,OK,Verified ✓,12.68,18.14,13.56,12.27,14.45,BSE Bankex TRI,10.55,11.81,12.18,10.03,14.21
Baroda BNP Paribas Nifty Bank ETF,Direct,Sectoral-Auto,44357,ETF NOT IN AMFI NAV FILE,ETF NOT IN AMFI NAV FILE,Missing from AMFI Database,,,,,,,1,1,1,1,1,5,High Risk,NOT_FOUND,Neither code ETF NOT IN AMFI NAV FILE nor ISIN ETF NOT IN AMFI NAV FILE confirmed in NAV,11.95,N/A,N/A,N/A,N/A,BSE Bankex TRI,10.55,N/A,N/A,N/A,N/A
Canara Robeco Banking And Financial Services Dir,Direct,Sectoral-Auto,45866,INF760K01LN9,154250,Algorithm Match (83% Confidence),,,,,,,1,1,1,1,1,5,High Risk,NOT_FOUND,Neither code 154250 nor ISIN INF760K01LN9 confirmed in NAV,N/A,N/A,N/A,N/A,N/A,BSE Bankex TRI,N/A,N/A,N/A,N/A,N/A
DSP BSE Top 10 Banks ETF,Direct,Sectoral-Auto,45893,ETF NOT IN AMFI NAV FILE,ETF NOT IN AMFI NAV FILE,Missing from AMFI Database,,,,,,,1,1,1,1,1,5,High Risk,NOT_FOUND,Neither code ETF NOT IN AMFI NAV FILE nor ISIN ETF NOT IN AMFI NAV FILE confirmed in NAV,N/A,N/A,N/A,N/A,N/A,BSE Bankex TRI,N/A,N/A,N/A,N/A,N/A
DSP Banking & Financial Services Dir,Direct,Sectoral-Auto,43892,INF740KA1TQ3,152206,NAV-verified,,,,,,,1,1,1,1,1,5,High Risk,OK,Verified ✓,19.58,N/A,N/A,N/A,N/A,BSE Bankex TRI,10.55,N/A,N/A,N/A,N/A
DSP Nifty Bank ETF,Direct,Sectoral-Auto,42992,INF740KA1UO6,152654,NAV-verified,0.05,1,0.19,16.01,9.11,0.22,6,2,3,3,1,15,Moderately High Risk,OK,Verified ✓,11.97,11.77,N/A,N/A,N/A,BSE Bankex TRI,10.55,11.81,N/A,N/A,N/A
DSP Nifty Bank Index Dir,Direct,Sectoral-Auto,44336,INF740KA1UO6,152654,NAV-verified,,,,,,,1,1,1,1,1,5,High Risk,OK,Verified ✓,11.87,N/A,N/A,N/A,N/A,BSE Bankex TRI,10.55,N/A,N/A,N/A,N/A
DSP Nifty PSU Bank ETF,Direct,Sectoral-Auto,43656,ETF NOT IN AMFI NAV FILE,ETF NOT IN AMFI NAV FILE,Missing from AMFI Database,,,,,,,1,1,1,1,1,5,High Risk,NOT_FOUND,Neither code ETF NOT IN AMFI NAV FILE nor ISIN ETF NOT IN AMFI NAV FILE confirmed in NAV,44.8,N/A,N/A,N/A,N/A,BSE Bankex TRI,10.55,N/A,N/A,N/A,N/A
DSP Nifty Private Bank ETF,Direct,Sectoral-Auto,43655,INF740KA1VN6,153348,NAV-verified,,,,,,,1,1,1,1,1,5,High Risk,OK,Verified ✓,7.55,N/A,N/A,N/A,N/A,BSE Bankex TRI,10.55,N/A,N/A,N/A,N/A
DSP Nifty Private Bank Index Dir,Direct,Sectoral-Auto,44972,INF740KA1VN6,153348,NAV-verified,,,,,,,1,1,1,1,1,5,High Risk,OK,Verified ✓,7.01,N/A,N/A,N/A,N/A,BSE Bankex TRI,10.55,N/A,N/A,N/A,N/A
Edelweiss Financial Services Dir,Direct,Sectoral-Auto,45749,INF754K01WH1,154108,NAV-verified,,,,,,,1,1,1,1,1,5,High Risk,OK,Verified ✓,N/A,N/A,N/A,N/A,N/A,BSE Bankex TRI,N/A,N/A,N/A,N/A,N/A
Edelweiss Nifty Bank ETF,Direct,Sectoral-Auto,44536,ETF NOT IN AMFI NAV FILE,ETF NOT IN AMFI NAV FILE,Missing from AMFI Database,,,,,,,1,1,1,1,1,5,High Risk,NOT_FOUND,Neither code ETF NOT IN AMFI NAV FILE nor ISIN ETF NOT IN AMFI NAV FILE confirmed in NAV,11.92,N/A,N/A,N/A,N/A,BSE Bankex TRI,10.55,N/A,N/A,N/A,N/A
Groww Banking & Financial Services Dir,Direct,Sectoral-Auto,43974,INF666M01HS1,152254,NAV-verified,,,,,,,1,1,1,1,1,5,High Risk,OK,Verified ✓,17.95,N/A,N/A,N/A,N/A,BSE Bankex TRI,10.55,N/A,N/A,N/A,N/A
Groww Nifty PSU Bank ETF,Direct,Sectoral-Auto,45912,INF666M01OH0,154278,Algorithm Match (76% Confidence),,,,,,,1,1,1,1,1,5,High Risk,NOT_FOUND,Neither code 154278 nor ISIN INF666M01OH0 confirmed in NAV,N/A,N/A,N/A,N/A,N/A,BSE Bankex TRI,N/A,N/A,N/A,N/A,N/A
Groww Nifty PSU Bank Index Dir,Direct,Sectoral-Auto,45910,INF666M01OH0,154278,Algorithm Match (94% Confidence),,,,,,,1,1,1,1,1,5,High Risk,NOT_FOUND,Neither code 154278 nor ISIN INF666M01OH0 confirmed in NAV,N/A,N/A,N/A,N/A,N/A,BSE Bankex TRI,N/A,N/A,N/A,N/A,N/A
HDFC Banking & Financial Services Dir,Direct,Sectoral-Auto,41533,INF179KC1BG0,148986,NAV-verified,5.03,0.9,0.51,15.19,13.78,0.63,12,6,3,4,1,26,Moderate Risk,OK,Verified ✓,16.61,17.22,N/A,N/A,N/A,BSE Bankex TRI,10.55,11.81,N/A,N/A,N/A
HDFC NIFTY Bank ETF,Direct,Sectoral-Auto,41076,ETF NOT IN AMFI NAV FILE,ETF NOT IN AMFI NAV FILE,Missing from AMFI Database,0.03,1,0.19,16.02,9.08,0.22,6,2,3,3,1,15,Moderately High Risk,NOT_FOUND,Neither code ETF NOT IN AMFI NAV FILE nor ISIN ETF NOT IN AMFI NAV FILE confirmed in NAV,11.95,11.75,12.07,N/A,N/A,BSE Bankex TRI,10.55,11.81,12.18,N/A,N/A
HDFC NIFTY PSU BANK ETF,Direct,Sectoral-Auto,44059,ETF NOT IN AMFI NAV FILE,ETF NOT IN AMFI NAV FILE,Missing from AMFI Database,,,,,,,1,1,1,1,1,5,High Risk,NOT_FOUND,Neither code ETF NOT IN AMFI NAV FILE nor ISIN ETF NOT IN AMFI NAV FILE confirmed in NAV,44.51,N/A,N/A,N/A,N/A,BSE Bankex TRI,10.55,N/A,N/A,N/A,N/A
HDFC NIFTY Private Bank ETF,Direct,Sectoral-Auto,42715,ETF NOT IN AMFI NAV FILE,ETF NOT IN AMFI NAV FILE,Missing from AMFI Database,-1.9,0.94,0.06,15.48,6.99,0.08,4,1,3,4,1,13,Moderately High Risk,NOT_FOUND,Neither code ETF NOT IN AMFI NAV FILE nor ISIN ETF NOT IN AMFI NAV FILE confirmed in NAV,7.54,9.46,N/A,N/A,N/A,BSE Bankex TRI,10.55,11.81,N/A,N/A,N/A
HSBC Financial Services Dir,Direct,Sectoral-Auto,44926,INF336L01RU8,153266,NAV-verified,,,,,,,1,1,1,1,1,5,High Risk,OK,Verified ✓,18.78,N/A,N/A,N/A,N/A,BSE Bankex TRI,10.55,N/A,N/A,N/A,N/A
Helios Financial Services Dir,Direct,Sectoral-Auto,44374,INF0R8701202,152679,NAV-verified,,,,,,,1,1,1,1,1,5,High Risk,OK,Verified ✓,12.27,N/A,N/A,N/A,N/A,BSE Bankex TRI,10.55,N/A,N/A,N/A,N/A
ICICI Pru Banking & Financial Services Dir,Direct,Sectoral-Auto,15936,INF109K013J1,120244,NAV-verified,3.44,0.83,0.43,13.94,11.97,0.5,10,4,4,5,1,24,Moderate Risk,OK,Verified ✓,8.38,14.71,13.52,11.01,15.91,BSE Bankex TRI,10.55,11.81,12.18,10.03,14.21
ICICI Pru Nifty Bank ETF,Direct,Sectoral-Auto,40130,ETF NOT IN AMFI NAV FILE,ETF NOT IN AMFI NAV FILE,Missing from AMFI Database,0.06,1,0.19,16.02,9.12,0.22,6,2,3,3,1,15,Moderately High Risk,NOT_FOUND,Neither code ETF NOT IN AMFI NAV FILE nor ISIN ETF NOT IN AMFI NAV FILE confirmed in NAV,11.97,11.79,12.12,N/A,N/A,BSE Bankex TRI,10.55,11.81,12.18,N/A,N/A
ICICI Pru Nifty Bank Index Dir,Direct,Sectoral-Auto,42104,INF109KC11A4,149858,NAV-verified,-0.07,1,0.19,16,8.99,0.21,4,2,3,3,1,13,Moderately High Risk,OK,Verified ✓,11.93,11.63,N/A,N/A,N/A,BSE Bankex TRI,10.55,11.81,N/A,N/A,N/A
ICICI Pru Nifty Financial Services Ex-Bank ETF,Direct,Sectoral-Auto,42801,ETF NOT IN AMFI NAV FILE,ETF NOT IN AMFI NAV FILE,Missing from AMFI Database,11.9,0.82,0.85,16.97,20.42,1.08,12,10,3,5,2,32,Low Risk,NOT_FOUND,Neither code ETF NOT IN AMFI NAV FILE nor ISIN ETF NOT IN AMFI NAV FILE confirmed in NAV,20.33,24.44,N/A,N/A,N/A,BSE Bankex TRI,10.55,11.81,N/A,N/A,N/A
ICICI Pru Nifty PSU Bank ETF,Direct,Sectoral-Auto,43296,ETF NOT IN AMFI NAV FILE,ETF NOT IN AMFI NAV FILE,Missing from AMFI Database,19.55,1.16,0.87,26.6,29.09,1.31,12,10,1,1,2,26,Moderate Risk,NOT_FOUND,Neither code ETF NOT IN AMFI NAV FILE nor ISIN ETF NOT IN AMFI NAV FILE confirmed in NAV,44.43,33.61,N/A,N/A,N/A,BSE Bankex TRI,10.55,11.81,N/A,N/A,N/A
ICICI Pru Nifty Private Bank ETF,Direct,Sectoral-Auto,40210,INF109K1A369,153679,NAV-verified,-1.9,0.94,0.06,15.48,6.99,0.08,4,1,3,4,1,13,Moderately High Risk,OK,Verified ✓,7.54,9.47,9.48,N/A,N/A,BSE Bankex TRI,10.55,11.81,12.18,N/A,N/A
ICICI Pru Nifty Private Bank Index Dir,Direct,Sectoral-Auto,45300,INF109K1A369,153679,NAV-verified,,,,,,,1,1,1,1,1,5,High Risk,OK,Verified ✓,N/A,N/A,N/A,N/A,N/A,BSE Bankex TRI,N/A,N/A,N/A,N/A,N/A
ITI Banking and Financial Services Dir,Direct,Sectoral-Auto,41834,INF00XX01BU6,149321,NAV-verified,4.18,0.9,0.46,15.1,12.94,0.54,10,4,3,4,1,22,Moderate Risk,OK,Verified ✓,15.88,16.21,N/A,N/A,N/A,BSE Bankex TRI,10.55,11.81,N/A,N/A,N/A
Invesco India Financial Services Dir,Direct,Sectoral-Auto,16702,INF205K01KY4,120385,NAV-verified,9.81,0.81,0.84,14.58,18.28,1.01,12,10,3,5,2,32,Low Risk,OK,Verified ✓,20.74,22.91,18.12,15.63,18.13,BSE Bankex TRI,10.55,11.81,12.18,10.03,14.21
Kotak Banking & Financial Services Dir,Direct,Sectoral-Auto,43128,INF174KA1MD1,151384,NAV-verified,4.76,0.93,0.5,15.22,13.6,0.6,10,6,3,4,1,24,Moderate Risk,OK,Verified ✓,14.6,16.81,N/A,N/A,N/A,BSE Bankex TRI,10.55,11.81,N/A,N/A,N/A
Kotak Nifty Bank ETF,Direct,Sectoral-Auto,28873,INF174KA1OR7,151911,NAV-verified,0.02,1,0.19,16.01,9.08,0.22,6,2,3,3,1,15,Moderately High Risk,OK,Verified ✓,11.96,11.74,12.05,9.58,13.91,BSE Bankex TRI,10.55,11.81,12.18,10.03,14.21
Kotak Nifty Financial Services Ex-Bank Index Dir,Direct,Sectoral-Auto,43674,INF174KA1OR7,151911,NAV-verified,,,,,,,1,1,1,1,1,5,High Risk,OK,Verified ✓,19.66,N/A,N/A,N/A,N/A,BSE Bankex TRI,10.55,N/A,N/A,N/A,N/A
Kotak Nifty PSU Bank ETF,Direct,Sectoral-Auto,6157,ETF NOT IN AMFI NAV FILE,ETF NOT IN AMFI NAV FILE,Missing from AMFI Database,19.4,1.15,0.86,26.58,28.92,1.3,12,10,1,2,2,27,Low Risk,NOT_FOUND,Neither code ETF NOT IN AMFI NAV FILE nor ISIN ETF NOT IN AMFI NAV FILE confirmed in NAV,44.27,33.41,32.44,15.18,14.16,BSE Bankex TRI,10.55,11.81,12.18,10.03,14.21
LIC MF Banking & Financial Services Dir,Direct,Sectoral-Auto,29707,INF767K01NK6,134017,NAV-verified,1.64,0.9,0.29,15.31,10.4,0.42,8,2,3,4,1,18,Moderately High Risk,OK,Verified ✓,15.84,12.98,11.84,10.43,11.59,BSE Bankex TRI,10.55,11.81,12.18,10.03,14.21
Mahindra Manulife Banking & Financial Services Dir,Direct,Sectoral-Auto,45279,INF174V01CO7,153674,NAV-verified,,,,,,,1,1,1,1,1,5,High Risk,OK,Verified ✓,N/A,N/A,N/A,N/A,N/A,BSE Bankex TRI,N/A,N/A,N/A,N/A,N/A
Mirae Asset Banking and Fin Srvcs Dir,Direct,Sectoral-Auto,41190,INF769K01GX9,148623,NAV-verified,6.9,0.91,0.63,15.31,15.68,0.85,12,6,3,4,2,27,Low Risk,OK,Verified ✓,17.05,18.93,16.03,N/A,N/A,BSE Bankex TRI,10.55,11.81,12.18,N/A,N/A
Mirae Asset Nifty Bank ETF,Direct,Sectoral-Auto,43616,INF769K01QO7,154217,NAV-verified,,,,,,,1,1,1,1,1,5,High Risk,OK,Verified ✓,12.03,N/A,N/A,N/A,N/A,BSE Bankex TRI,10.55,N/A,N/A,N/A,N/A
Mirae Asset Nifty Financial Services ETF,Direct,Sectoral-Auto,41622,INF769K01GX9,148623,NAV-verified,2.02,0.92,0.32,15.01,10.85,0.37,8,2,3,4,1,18,Moderately High Risk,OK,Verified ✓,9.51,13.51,N/A,N/A,N/A,BSE Bankex TRI,10.55,11.81,N/A,N/A,N/A
Mirae Asset Nifty PSU Bank ETF,Direct,Sectoral-Auto,44589,ETF NOT IN AMFI NAV FILE,ETF NOT IN AMFI NAV FILE,Missing from AMFI Database,,,,,,,1,1,1,1,1,5,High Risk,NOT_FOUND,Neither code ETF NOT IN AMFI NAV FILE nor ISIN ETF NOT IN AMFI NAV FILE confirmed in NAV,44.76,N/A,N/A,N/A,N/A,BSE Bankex TRI,10.55,N/A,N/A,N/A,N/A
Motilal Oswal BSE Fins ex Bank 30 Index Dir,Direct,Sectoral-Auto,42352,INF247L01BC9,150443,NAV-verified,10.17,0.8,0.74,16.93,18.63,0.91,12,8,3,5,2,30,Low Risk,OK,Verified ✓,14.54,21.83,N/A,N/A,N/A,BSE Bankex TRI,10.55,11.81,N/A,N/A,N/A
Motilal Oswal BSE Top 10 Banks ETF,Direct,Sectoral-Auto,45948,ETF NOT IN AMFI NAV FILE,ETF NOT IN AMFI NAV FILE,Missing from AMFI Database,,,,,,,1,1,1,1,1,5,High Risk,NOT_FOUND,Neither code ETF NOT IN AMFI NAV FILE nor ISIN ETF NOT IN AMFI NAV FILE confirmed in NAV,N/A,N/A,N/A,N/A,N/A,BSE Bankex TRI,N/A,N/A,N/A,N/A,N/A
Motilal Oswal Financial Services Dir,Direct,Sectoral-Auto,45767,INF247L01GN5,154142,NAV-verified,,,,,,,1,1,1,1,1,5,High Risk,OK,Verified ✓,N/A,N/A,N/A,N/A,N/A,BSE Bankex TRI,N/A,N/A,N/A,N/A,N/A
Motilal Oswal Nifty Bank Index Dir,Direct,Sectoral-Auto,40246,INF247L01890,147620,NAV-verified,-0.05,1,0.19,15.99,9,0.21,4,2,3,3,1,13,Moderately High Risk,OK,Verified ✓,11.92,11.66,11.97,N/A,N/A,BSE Bankex TRI,10.55,11.81,12.18,N/A,N/A
Motilal Oswal Nifty MidSmall Financial Services Index Dir,Direct,Sectoral-Auto,44678,INF247L01DW3,153027,NAV-verified,,,,,,,1,1,1,1,1,5,High Risk,OK,Verified ✓,37.69,N/A,N/A,N/A,N/A,BSE Bankex TRI,10.55,N/A,N/A,N/A,N/A
Navi Nifty Bank Index Dir,Direct,Sectoral-Auto,42043,INF959L01FT4,149804,NAV-verified,-0.09,1,0.18,16.04,8.97,0.21,4,2,3,3,1,13,Moderately High Risk,OK,Verified ✓,11.85,11.63,N/A,N/A,N/A,BSE Bankex TRI,10.55,11.81,N/A,N/A,N/A
Nippon India Banking & Financial Srvices Dir,Direct,Sectoral-Auto,16048,INF204K01D22,118588,NAV-verified,6.28,0.88,0.6,14.78,14.96,0.71,12,6,3,4,1,26,Moderate Risk,OK,Verified ✓,12.82,18.22,17.82,12.85,15.96,BSE Bankex TRI,10.55,11.81,12.18,10.03,14.21
Nippon India ETF Nifty Bank BeES,Direct,Sectoral-Auto,2255,ETF NOT IN AMFI NAV FILE,ETF NOT IN AMFI NAV FILE,Missing from AMFI Database,0.02,1,0.19,16.01,9.07,0.22,6,2,3,3,1,15,Moderately High Risk,NOT_FOUND,Neither code ETF NOT IN AMFI NAV FILE nor ISIN ETF NOT IN AMFI NAV FILE confirmed in NAV,11.91,11.74,12.07,9.61,13.9,BSE Bankex TRI,10.55,11.81,12.18,10.03,14.21
Nippon India ETF Nifty PSU Bank BeES,Direct,Sectoral-Auto,6175,ETF NOT IN AMFI NAV FILE,ETF NOT IN AMFI NAV FILE,Missing from AMFI Database,19.38,1.15,0.86,26.57,28.91,1.3,12,10,1,2,2,27,Low Risk,NOT_FOUND,Neither code ETF NOT IN AMFI NAV FILE nor ISIN ETF NOT IN AMFI NAV FILE confirmed in NAV,44.27,33.39,32.48,15.22,14.21,BSE Bankex TRI,10.55,11.81,12.18,10.03,14.21
Nippon India Nifty Bank Index Dir,Direct,Sectoral-Auto,44106,INF204KC1BY2,152389,NAV-verified,,,,,,,1,1,1,1,1,5,High Risk,OK,Verified ✓,11.79,N/A,N/A,N/A,N/A,BSE Bankex TRI,10.55,N/A,N/A,N/A,N/A
Quant BFSI Dir,Direct,Sectoral-Auto,43555,INF966L01BX0,151791,NAV-verified,,,,,,,1,1,1,1,1,5,High Risk,OK,Verified ✓,31.27,N/A,N/A,N/A,N/A,BSE Bankex TRI,10.55,N/A,N/A,N/A,N/A
SBI BSE PSU Bank ETF,Direct,Sectoral-Auto,45068,INF200KB1688,153432,NAV-verified,,,,,,,1,1,1,1,1,5,High Risk,OK,Verified ✓,44.09,N/A,N/A,N/A,N/A,BSE Bankex TRI,10.55,N/A,N/A,N/A,N/A
SBI BSE PSU Bank Index Dir,Direct,Sectoral-Auto,45071,INF200KB1688,153432,NAV-verified,,,,,,,1,1,1,1,1,5,High Risk,OK,Verified ✓,43.36,N/A,N/A,N/A,N/A,BSE Bankex TRI,10.55,N/A,N/A,N/A,N/A
SBI Banking & Financial Services Dir,Direct,Sectoral-Auto,29463,INF200KA1507,133859,NAV-verified,9.22,0.84,0.82,14.29,17.81,0.93,12,10,3,5,2,32,Low Risk,OK,Verified ✓,17.74,21.55,15.78,14.89,18.38,BSE Bankex TRI,10.55,11.81,12.18,10.03,14.21
SBI Nifty Bank ETF,Direct,Sectoral-Auto,29709,INF200KB1563,153250,NAV-verified,0.03,1,0.19,16.02,9.08,0.22,6,2,3,3,1,15,Moderately High Risk,OK,Verified ✓,11.93,11.75,12.08,9.63,13.95,BSE Bankex TRI,10.55,11.81,12.18,10.03,14.21
SBI Nifty Bank Index Dir,Direct,Sectoral-Auto,44894,INF200KB1563,153250,NAV-verified,,,,,,,1,1,1,1,1,5,High Risk,OK,Verified ✓,12.04,N/A,N/A,N/A,N/A,BSE Bankex TRI,10.55,N/A,N/A,N/A,N/A
SBI Nifty Private Bank ETF,Direct,Sectoral-Auto,41149,ETF NOT IN AMFI NAV FILE,ETF NOT IN AMFI NAV FILE,Missing from AMFI Database,-1.91,0.94,0.06,15.48,6.98,0.08,4,1,3,4,1,13,Moderately High Risk,NOT_FOUND,Neither code ETF NOT IN AMFI NAV FILE nor ISIN ETF NOT IN AMFI NAV FILE confirmed in NAV,7.55,9.46,9.42,N/A,N/A,BSE Bankex TRI,10.55,11.81,12.18,N/A,N/A
Sundaram Financial Services Opportunities Dir,Direct,Sectoral-Auto,16148,INF903J01NB8,119597,NAV-verified,6.57,0.92,0.59,15.8,15.4,0.73,12,6,3,4,1,26,Moderate Risk,OK,Verified ✓,13.85,19.34,16.71,16.03,16.97,BSE Bankex TRI,10.55,11.81,12.18,10.03,14.21
Tata Banking & Financial Services Dir,Direct,Sectoral-Auto,31356,INF277K01Z10,135793,NAV-verified,5.95,0.9,0.57,15.35,14.7,0.75,12,6,3,4,1,26,Moderate Risk,OK,Verified ✓,12.62,17.98,15.12,14.51,17.58,BSE Bankex TRI,10.55,11.81,12.18,10.03,14.21
Tata Nifty Financial Services Index Dir,Direct,Sectoral-Auto,44257,INF277KA1BA6,152577,NAV-verified,,,,,,,1,1,1,1,1,5,High Risk,OK,Verified ✓,8.83,N/A,N/A,N/A,N/A,BSE Bankex TRI,10.55,N/A,N/A,N/A,N/A
Tata Nifty Private Bank ETF,Direct,Sectoral-Auto,40257,ETF NOT IN AMFI NAV FILE,ETF NOT IN AMFI NAV FILE,Missing from AMFI Database,-1.85,0.94,0.07,15.5,7.04,0.08,4,1,3,4,1,13,Moderately High Risk,NOT_FOUND,Neither code ETF NOT IN AMFI NAV FILE nor ISIN ETF NOT IN AMFI NAV FILE confirmed in NAV,7.68,9.52,9.55,N/A,N/A,BSE Bankex TRI,10.55,11.81,12.18,N/A,N/A
Taurus Banking & Financial Services Dir,Direct,Sectoral-Auto,17023,INF044D01CN2,118868,NAV-verified,2.02,0.85,0.32,14.24,10.63,0.43,8,2,3,5,1,19,Moderately High Risk,OK,Verified ✓,10.15,13.47,12.51,11.85,14.83,BSE Bankex TRI,10.55,11.81,12.18,10.03,14.21
UTI Banking and Financial Services Dir,Direct,Sectoral-Auto,15967,INF789F01SN3,120733,NAV-verified,5.29,0.88,0.53,15.08,13.97,0.64,12,6,3,4,1,26,Moderate Risk,OK,Verified ✓,13.12,17.28,14.7,10.62,14,BSE Bankex TRI,10.55,11.81,12.18,10.03,14.21
UTI Nifty Bank ETF,Direct,Sectoral-Auto,41106,INF789F1AZJ5,152864,NAV-verified,0.08,1,0.19,16.02,9.14,0.22,6,2,3,3,1,15,Moderately High Risk,OK,Verified ✓,11.98,11.81,12.16,N/A,N/A,BSE Bankex TRI,10.55,11.81,12.18,N/A,N/A
UTI Nifty Private Bank Index Dir,Direct,Sectoral-Auto,44546,INF789F1AZJ5,152864,NAV-verified,,,,,,,1,1,1,1,1,5,High Risk,OK,Verified ✓,7.05,N/A,N/A,N/A,N/A,BSE Bankex TRI,10.55,N/A,N/A,N/A,N/A
WhiteOak Capital Banking & Financial Services Dir,Direct,Sectoral-Auto,44045,INF03VN01860,152321,NAV-verified,,,,,,,1,1,1,1,1,5,High Risk,OK,Verified ✓,14.08,N/A,N/A,N/A,N/A,BSE Bankex TRI,10.55,N/A,N/A,N/A,N/A
ABSL Nifty Healthcare ETF,Direct,Sectoral-Pharma,41780,INF209KB1O25,147409,NAV-verified,-0.8,1,0.99,17.17,22.95,1.79,4,10,2,3,3,22,Moderate Risk,OK,Verified ✓,8.58,23.01,N/A,N/A,N/A,BSE Healthcare TRI,8.32,24.75,N/A,N/A,N/A
ABSL Pharma & Healthcare Dir,Direct,Sectoral-Pharma,40007,INF209KB1O25,147409,NAV-verified,0.8,0.93,1.07,16.07,23.2,1.92,6,12,3,4,3,28,Low Risk,OK,Verified ✓,10.62,24.04,13.93,N/A,N/A,BSE Healthcare TRI,8.32,24.75,14.08,N/A,N/A
Axis NIFTY Healthcare ETF,Direct,Sectoral-Pharma,41481,ETF NOT IN AMFI NAV FILE,ETF NOT IN AMFI NAV FILE,Missing from AMFI Database,-1.07,1,0.97,17.09,22.6,1.75,4,10,2,3,3,22,Moderate Risk,NOT_FOUND,Neither code ETF NOT IN AMFI NAV FILE nor ISIN ETF NOT IN AMFI NAV FILE confirmed in NAV,8.41,22.6,N/A,N/A,N/A,BSE Healthcare TRI,8.32,24.75,N/A,N/A,N/A
Bajaj Finserv Healthcare Dir,Direct,Sectoral-Pharma,44774,INF0QA701AB9,153157,NAV-verified,,,,,,,1,1,1,1,1,5,High Risk,OK,Verified ✓,8.94,N/A,N/A,N/A,N/A,BSE Healthcare TRI,8.32,N/A,N/A,N/A,N/A
Bandhan BSE Healthcare Index Dir,Direct,Sectoral-Pharma,44512,INF194KB1IS2,152844,NAV-verified,,,,,,,1,1,1,1,1,5,High Risk,OK,Verified ✓,7.96,N/A,N/A,N/A,N/A,BSE Healthcare TRI,8.32,N/A,N/A,N/A,N/A
Bandhan Healthcare Dir,Direct,Sectoral-Pharma,45548,INF194KB1KF5,153972,NAV-verified,,,,,,,1,1,1,1,1,5,High Risk,OK,Verified ✓,N/A,N/A,N/A,N/A,N/A,BSE Healthcare TRI,N/A,N/A,N/A,N/A,N/A
Baroda BNP Paribas Health and Wellness Dir,Direct,Sectoral-Pharma,45233,INF251K01VA5,153604,NAV-verified,,,,,,,1,1,1,1,1,5,High Risk,OK,Verified ✓,N/A,N/A,N/A,N/A,N/A,BSE Healthcare TRI,N/A,N/A,N/A,N/A,N/A
DSP Healthcare Dir,Direct,Sectoral-Pharma,38201,INF740KA1LG1,145454,NAV-verified,-0.02,0.84,0.98,15.1,20.83,1.62,4,10,3,5,3,25,Moderate Risk,OK,Verified ✓,5.59,21.75,14.36,21.65,N/A,BSE Healthcare TRI,8.32,24.75,14.08,17.48,N/A
DSP Nifty Healthcare ETF,Direct,Sectoral-Pharma,44001,INF740KA1WF0,153594,NAV-verified,,,,,,,1,1,1,1,1,5,High Risk,OK,Verified ✓,8.55,N/A,N/A,N/A,N/A,BSE Healthcare TRI,8.32,N/A,N/A,N/A,N/A
DSP Nifty Healthcare Index Dir,Direct,Sectoral-Pharma,45212,INF740KA1WF0,153594,NAV-verified,,,,,,,1,1,1,1,1,5,High Risk,OK,Verified ✓,N/A,N/A,N/A,N/A,N/A,BSE Healthcare TRI,N/A,N/A,N/A,N/A,N/A
Edelweiss MSCI India Domestic & World Healthcare 45 Index Dir,Direct,Sectoral-Pharma,41147,INF754K01LV5,148555,NAV-verified,1.94,0.68,1.11,12.58,19.98,2.09,8,12,4,6,4,34,Very Low Risk,OK,Verified ✓,12.63,19.92,12.74,N/A,N/A,BSE Healthcare TRI,8.32,24.75,14.08,N/A,N/A
Groww BSE Hospitals ETF,Direct,Sectoral-Pharma,45815,INF666M01NY7,154221,Algorithm Match (92% Confidence),,,,,,,1,1,1,1,1,5,High Risk,NOT_FOUND,Neither code 154221 nor ISIN INF666M01NY7 confirmed in NAV,N/A,N/A,N/A,N/A,N/A,BSE Healthcare TRI,N/A,N/A,N/A,N/A,N/A
Groww BSE Hospitals ETF FoF Dir,Direct,Sectoral-Pharma,45818,INF666M01NY7,154221,Algorithm Match (97% Confidence),,,,,,,1,1,1,1,1,5,High Risk,NOT_FOUND,Neither code 154221 nor ISIN INF666M01NY7 confirmed in NAV,N/A,N/A,N/A,N/A,N/A,BSE Healthcare TRI,N/A,N/A,N/A,N/A,N/A
HDFC Pharma And Healthcare Dir,Direct,Sectoral-Pharma,43786,INF179KC1HO1,152082,NAV-verified,,,,,,,1,1,1,1,1,5,High Risk,OK,Verified ✓,17.87,N/A,N/A,N/A,N/A,BSE Healthcare TRI,8.32,N/A,N/A,N/A,N/A
ICICI Pru Nifty Healthcare ETF,Direct,Sectoral-Pharma,41502,ETF NOT IN AMFI NAV FILE,ETF NOT IN AMFI NAV FILE,Missing from AMFI Database,-0.88,1,0.98,17.11,22.81,1.77,4,10,2,3,3,22,Moderate Risk,NOT_FOUND,Neither code ETF NOT IN AMFI NAV FILE nor ISIN ETF NOT IN AMFI NAV FILE confirmed in NAV,8.66,22.86,N/A,N/A,N/A,BSE Healthcare TRI,8.32,24.75,N/A,N/A,N/A
ICICI Pru Nifty Pharma Index Dir,Direct,Sectoral-Pharma,42840,INF109KC11M9,150930,NAV-verified,-1.14,0.96,0.94,16.81,21.86,1.73,4,10,3,3,3,23,Moderate Risk,OK,Verified ✓,11.2,21.47,N/A,N/A,N/A,BSE Healthcare TRI,8.32,24.75,N/A,N/A,N/A
ICICI Pru Pharma Healthcare and Diagnostics Dir,Direct,Sectoral-Pharma,36530,INF109KC1GH2,143874,NAV-verified,2.05,0.95,1.15,16.39,24.87,1.67,8,12,3,4,3,30,Low Risk,OK,Verified ✓,10.72,26.85,16.6,21.72,N/A,BSE Healthcare TRI,8.32,24.75,14.08,17.48,N/A
ITI Pharma and Healthcare Dir,Direct,Sectoral-Pharma,41793,INF00XX01BO9,149268,NAV-verified,-2.96,0.96,0.85,16.41,20.03,1.22,2,10,3,3,2,20,Moderate Risk,OK,Verified ✓,4.46,20.98,N/A,N/A,N/A,BSE Healthcare TRI,8.32,24.75,N/A,N/A,N/A
Kotak Healthcare Dir,Direct,Sectoral-Pharma,43896,INF174KA1PZ7,152214,NAV-verified,,,,,,,1,1,1,1,1,5,High Risk,OK,Verified ✓,11.96,N/A,N/A,N/A,N/A,BSE Healthcare TRI,8.32,N/A,N/A,N/A,N/A
LIC MF Healthcare Dir,Direct,Sectoral-Pharma,39051,INF397L01LK4,152024,NAV-verified,-1.46,0.92,0.92,16.05,20.85,1.46,4,10,3,4,2,23,Moderate Risk,OK,Verified ✓,5.21,21.29,11.71,17.17,N/A,BSE Healthcare TRI,8.32,24.75,14.08,17.48,N/A
Mirae Asset Healthcare Dir,Direct,Sectoral-Pharma,36382,INF769K01ED6,143783,NAV-verified,0.76,0.98,1.08,16.75,24.06,1.77,6,12,3,3,3,27,Low Risk,OK,Verified ✓,13.59,24.91,15.69,21.83,N/A,BSE Healthcare TRI,8.32,24.75,14.08,17.48,N/A
Mirae Asset Nifty 500 Healthcare ETF,Direct,Sectoral-Pharma,45788,ETF NOT IN AMFI NAV FILE,ETF NOT IN AMFI NAV FILE,Missing from AMFI Database,,,,,,,1,1,1,1,1,5,High Risk,NOT_FOUND,Neither code ETF NOT IN AMFI NAV FILE nor ISIN ETF NOT IN AMFI NAV FILE confirmed in NAV,N/A,N/A,N/A,N/A,N/A,BSE Healthcare TRI,N/A,N/A,N/A,N/A,N/A
Motilal Oswal BSE Healthcare ETF,Direct,Sectoral-Pharma,42344,ETF NOT IN AMFI NAV FILE,ETF NOT IN AMFI NAV FILE,Missing from AMFI Database,-0.26,1,1.03,16.81,23.42,1.59,4,12,3,3,3,25,Moderate Risk,NOT_FOUND,Neither code ETF NOT IN AMFI NAV FILE nor ISIN ETF NOT IN AMFI NAV FILE confirmed in NAV,8.05,24.4,N/A,N/A,N/A,BSE Healthcare TRI,8.32,24.75,N/A,N/A,N/A
Motilal Oswal Nifty MidSmall Helthcr Index Dir,Direct,Sectoral-Pharma,44676,INF247L01EA7,153023,NAV-verified,,,,,,,1,1,1,1,1,5,High Risk,OK,Verified ✓,11.19,N/A,N/A,N/A,N/A,BSE Healthcare TRI,8.32,N/A,N/A,N/A,N/A
Nippon India Nifty Pharma ETF,Direct,Sectoral-Pharma,41539,ETF NOT IN AMFI NAV FILE,ETF NOT IN AMFI NAV FILE,Missing from AMFI Database,-0.55,0.96,0.98,16.84,22.52,1.77,4,10,3,3,3,23,Moderate Risk,NOT_FOUND,Neither code ETF NOT IN AMFI NAV FILE nor ISIN ETF NOT IN AMFI NAV FILE confirmed in NAV,11.5,22.24,N/A,N/A,N/A,BSE Healthcare TRI,8.32,24.75,N/A,N/A,N/A
Nippon India Pharma Dir,Direct,Sectoral-Pharma,16150,INF204K01I27,118758,NAV-verified,-0.08,0.91,1.02,15.72,22.04,1.54,4,12,3,4,3,26,Moderate Risk,OK,Verified ✓,8.72,22.74,14.29,19.45,15.19,BSE Healthcare TRI,8.32,24.75,14.08,17.48,11.52
PGIM India Healthcare Dir,Direct,Sectoral-Pharma,44693,INF663L01Z45,153039,NAV-verified,,,,,,,1,1,1,1,1,5,High Risk,OK,Verified ✓,10.02,N/A,N/A,N/A,N/A,BSE Healthcare TRI,8.32,N/A,N/A,N/A,N/A
Quant Healthcare Dir,Direct,Sectoral-Pharma,43610,INF966L01CD0,151853,NAV-verified,,,,,,,1,1,1,1,1,5,High Risk,OK,Verified ✓,15.03,N/A,N/A,N/A,N/A,BSE Healthcare TRI,8.32,N/A,N/A,N/A,N/A
SBI Healthcare Opportunities Dir,Direct,Sectoral-Pharma,16327,INF200K01UP2,119783,NAV-verified,2.83,0.85,1.22,14.72,23.96,2.01,8,12,3,5,4,32,Low Risk,OK,Verified ✓,8.68,25.99,16.85,20.85,13.26,BSE Healthcare TRI,8.32,24.75,14.08,17.48,11.52
Tata India Pharma & Healthcare Dir,Direct,Sectoral-Pharma,31352,INF277K019A3,135810,NAV-verified,-1.46,0.99,0.95,16.86,22.04,1.48,4,10,3,3,2,22,Moderate Risk,OK,Verified ✓,6.82,23.17,14.9,19.69,13.61,BSE Healthcare TRI,8.32,24.75,14.08,17.48,11.52
Tata Nifty MidSmall Healthcare Index Dir,Direct,Sectoral-Pharma,44275,INF277KA1BG3,152564,NAV-verified,,,,,,,1,1,1,1,1,5,High Risk,OK,Verified ✓,11.3,N/A,N/A,N/A,N/A,BSE Healthcare TRI,8.32,N/A,N/A,N/A,N/A
UTI Healthcare Dir,Direct,Sectoral-Pharma,15932,INF789F01TO9,120782,NAV-verified,0.94,0.95,1.09,16.27,23.7,1.73,6,12,3,4,3,28,Low Risk,OK,Verified ✓,11.27,25.42,14.93,19.55,13.57,BSE Healthcare TRI,8.32,24.75,14.08,17.48,11.52
WhiteOak Capital Pharma and Healthcare Dir,Direct,Sectoral-Pharma,44061,INF03VN01886,152349,NAV-verified,,,,,,,1,1,1,1,1,5,High Risk,OK,Verified ✓,15.4,N/A,N/A,N/A,N/A,BSE Healthcare TRI,8.32,N/A,N/A,N/A,N/A
ABSL Digital India Dir,Direct,Sectoral-Technology,15878,INF209K01VF2,120539,NAV-verified,3.61,0.86,0.09,19.5,7.8,0.12,10,1,2,4,1,18,Moderately High Risk,OK,Verified ✓,0.89,8.18,8.41,16.59,16.45,BSE IT TRI,-4.5,3.41,3.29,11.91,12.64
ABSL Nifty IT ETF,Direct,Sectoral-Technology,41807,INF209KB10G3,149838,NAV-verified,1.08,1.01,-0.05,22.54,4.96,-0.06,6,1,1,3,1,12,High Risk,OK,Verified ✓,-2.14,4.28,N/A,N/A,N/A,BSE IT TRI,-4.5,3.41,N/A,N/A,N/A
Axis NIFTY IT ETF,Direct,Sectoral-Technology,41382,INF846K017R3,151785,NAV-verified,0.97,1.01,-0.05,22.51,4.86,-0.07,6,1,1,3,1,12,High Risk,OK,Verified ✓,-2.49,4.18,4.43,N/A,N/A,BSE IT TRI,-4.5,3.41,3.29,N/A,N/A
Axis Nifty IT Index Dir,Direct,Sectoral-Technology,43614,INF846K017R3,151785,NAV-verified,,,,,,,1,1,1,1,1,5,High Risk,OK,Verified ✓,-2.62,N/A,N/A,N/A,N/A,BSE IT TRI,-4.5,N/A,N/A,N/A,N/A
Bandhan Nifty IT Index Dir,Direct,Sectoral-Technology,43728,INF194KB1GK3,152041,NAV-verified,,,,,,,1,1,1,1,1,5,High Risk,OK,Verified ✓,-2.74,N/A,N/A,N/A,N/A,BSE IT TRI,-4.5,N/A,N/A,N/A,N/A
DSP Nifty IT ETF,Direct,Sectoral-Technology,43573,INF740KA1WL8,153590,NAV-verified,,,,,,,1,1,1,1,1,5,High Risk,OK,Verified ✓,-2.31,N/A,N/A,N/A,N/A,BSE IT TRI,-4.5,N/A,N/A,N/A,N/A
DSP Nifty IT Index Dir,Direct,Sectoral-Technology,45208,INF740KA1WL8,153590,NAV-verified,,,,,,,1,1,1,1,1,5,High Risk,OK,Verified ✓,N/A,N/A,N/A,N/A,N/A,BSE IT TRI,N/A,N/A,N/A,N/A,N/A
Edelweiss Technology Dir,Direct,Sectoral-Technology,44122,INF754K01SK3,152437,NAV-verified,,,,,,,1,1,1,1,1,5,High Risk,OK,Verified ✓,15.86,N/A,N/A,N/A,N/A,BSE IT TRI,-4.5,N/A,N/A,N/A,N/A
Franklin India Technology Dir,Direct,Sectoral-Technology,16018,INF090I01FE6,118537,NAV-verified,10.58,0.75,0.49,18.48,15.02,0.73,12,4,2,6,1,25,Moderate Risk,OK,Verified ✓,2.2,15.97,9.83,16.39,15.64,BSE IT TRI,-4.5,3.41,3.29,11.91,12.64
HDFC NIFTY IT ETF,Direct,Sectoral-Technology,42716,ETF NOT IN AMFI NAV FILE,ETF NOT IN AMFI NAV FILE,Missing from AMFI Database,1.01,1.01,-0.05,22.54,4.89,-0.07,6,1,1,3,1,12,High Risk,NOT_FOUND,Neither code ETF NOT IN AMFI NAV FILE nor ISIN ETF NOT IN AMFI NAV FILE confirmed in NAV,-2.45,4.2,N/A,N/A,N/A,BSE IT TRI,-4.5,3.41,N/A,N/A,N/A
HDFC Nifty India Digital Index Dir,Direct,Sectoral-Technology,44757,INF179KC1JB4,153097,NAV-verified,,,,,,,1,1,1,1,1,5,High Risk,OK,Verified ✓,2.84,N/A,N/A,N/A,N/A,BSE IT TRI,-4.5,N/A,N/A,N/A,N/A
HDFC Technology Dir,Direct,Sectoral-Technology,43756,INF179KC1HI3,152059,NAV-verified,,,,,,,1,1,1,1,1,5,High Risk,OK,Verified ✓,-2.73,N/A,N/A,N/A,N/A,BSE IT TRI,-4.5,N/A,N/A,N/A,N/A
ICICI Pru Nifty IT ETF,Direct,Sectoral-Technology,41081,ETF NOT IN AMFI NAV FILE,ETF NOT IN AMFI NAV FILE,Missing from AMFI Database,1.06,1.01,-0.05,22.54,4.94,-0.06,6,1,1,3,1,12,High Risk,NOT_FOUND,Neither code ETF NOT IN AMFI NAV FILE nor ISIN ETF NOT IN AMFI NAV FILE confirmed in NAV,-2.42,4.26,4.46,N/A,N/A,BSE IT TRI,-4.5,3.41,3.29,N/A,N/A
ICICI Pru Nifty IT Index Dir,Direct,Sectoral-Technology,42405,INF109KC13E2,150468,NAV-verified,0.85,1.01,-0.06,22.51,4.74,-0.07,6,1,1,3,1,12,High Risk,OK,Verified ✓,-2.67,4.05,N/A,N/A,N/A,BSE IT TRI,-4.5,3.41,N/A,N/A,N/A
ICICI Pru Technology Dir,Direct,Sectoral-Technology,15864,INF109K01Z48,120594,NAV-verified,5,0.84,0.17,19.01,9.24,0.23,12,2,2,5,1,22,Moderate Risk,OK,Verified ✓,0.82,9.69,9.36,17.28,16.46,BSE IT TRI,-4.5,3.41,3.29,11.91,12.64
Invesco India Tech Dir,Direct,Sectoral-Technology,44543,INF205KA1965,152863,NAV-verified,,,,,,,1,1,1,1,1,5,High Risk,OK,Verified ✓,11.73,N/A,N/A,N/A,N/A,BSE IT TRI,-4.5,N/A,N/A,N/A,N/A
Kotak Nifty IT ETF,Direct,Sectoral-Technology,41345,ETF NOT IN AMFI NAV FILE,ETF NOT IN AMFI NAV FILE,Missing from AMFI Database,1.14,1.01,-0.04,22.54,5.03,-0.06,6,1,1,3,1,12,High Risk,NOT_FOUND,Neither code ETF NOT IN AMFI NAV FILE nor ISIN ETF NOT IN AMFI NAV FILE confirmed in NAV,-2.26,4.35,4.55,N/A,N/A,BSE IT TRI,-4.5,3.41,3.29,N/A,N/A
Kotak Technology Dir,Direct,Sectoral-Technology,44164,INF174KA1QZ5,152462,NAV-verified,,,,,,,1,1,1,1,1,5,High Risk,OK,Verified ✓,0.77,N/A,N/A,N/A,N/A,BSE IT TRI,-4.5,N/A,N/A,N/A,N/A
LIC MF Technology Dir,Direct,Sectoral-Technology,45855,INF767K01SJ7,154244,Algorithm Match (89% Confidence),,,,,,,1,1,1,1,1,5,High Risk,NOT_FOUND,Neither code 154244 nor ISIN INF767K01SJ7 confirmed in NAV,N/A,N/A,N/A,N/A,N/A,BSE IT TRI,N/A,N/A,N/A,N/A,N/A
Mirae Asset Nifty IT ETF,Direct,Sectoral-Technology,43832,INF769K01QO7,154217,NAV-verified,,,,,,,1,1,1,1,1,5,High Risk,OK,Verified ✓,-2.39,N/A,N/A,N/A,N/A,BSE IT TRI,-4.5,N/A,N/A,N/A,N/A
Motilal Oswal Digital India Dir,Direct,Sectoral-Technology,44642,INF247L01DN2,152964,NAV-verified,,,,,,,1,1,1,1,1,5,High Risk,OK,Verified ✓,4.13,N/A,N/A,N/A,N/A,BSE IT TRI,-4.5,N/A,N/A,N/A,N/A
Navi Nifty IT Index Dir,Direct,Sectoral-Technology,44234,INF959L01FP2,149039,NAV-verified,,,,,,,1,1,1,1,1,5,High Risk,OK,Verified ✓,-2.79,N/A,N/A,N/A,N/A,BSE IT TRI,-4.5,N/A,N/A,N/A,N/A
Nippon India ETF Nifty IT,Direct,Sectoral-Technology,41024,INF204KC1CE2,152392,NAV-verified,1.01,1.01,-0.05,22.53,4.89,-0.07,6,1,1,3,1,12,High Risk,OK,Verified ✓,-2.51,4.2,4.41,N/A,N/A,BSE IT TRI,-4.5,3.41,3.29,N/A,N/A
Nippon India Nifty IT Index Dir,Direct,Sectoral-Technology,44110,INF204KC1CE2,152392,NAV-verified,,,,,,,1,1,1,1,1,5,High Risk,OK,Verified ✓,-2.55,N/A,N/A,N/A,N/A,BSE IT TRI,-4.5,N/A,N/A,N/A,N/A
Quant Teck Dir,Direct,Sectoral-Technology,43762,INF966L01CT6,152067,NAV-verified,,,,,,,1,1,1,1,1,5,High Risk,OK,Verified ✓,-14.05,N/A,N/A,N/A,N/A,BSE IT TRI,-4.5,N/A,N/A,N/A,N/A
SBI Nifty IT ETF,Direct,Sectoral-Technology,41150,INF200KB1621,153320,NAV-verified,1,1.01,-0.05,22.55,4.89,-0.07,6,1,1,3,1,12,High Risk,OK,Verified ✓,-2.48,4.2,4.41,N/A,N/A,BSE IT TRI,-4.5,3.41,3.29,N/A,N/A
SBI Nifty IT Index Dir,Direct,Sectoral-Technology,44960,INF200KB1621,153320,NAV-verified,,,,,,,1,1,1,1,1,5,High Risk,OK,Verified ✓,-2.68,N/A,N/A,N/A,N/A,BSE IT TRI,-4.5,N/A,N/A,N/A,N/A
SBI Technology Opportunities Dir,Direct,Sectoral-Technology,17526,INF200K01RV6,120578,NAV-verified,6.5,0.76,0.28,17.59,10.9,0.4,12,2,2,5,1,22,Moderate Risk,OK,Verified ✓,2.7,11.22,11.6,17.39,16.37,BSE IT TRI,-4.5,3.41,3.29,11.91,12.64
Tata Digital India Dir,Direct,Sectoral-Technology,31368,INF277K01Z77,135800,NAV-verified,4.96,0.89,0.15,20.04,9.11,0.21,10,2,2,4,1,19,Moderately High Risk,OK,Verified ✓,-0.8,9.29,9.19,16.59,16.44,BSE IT TRI,-4.5,3.41,3.29,11.91,12.64
Tata Nifty India Digital ETF,Direct,Sectoral-Technology,42165,INF277KA1430,150344,NAV-verified,9.68,0.77,0.43,18.89,14.08,0.58,12,4,2,5,1,24,Moderate Risk,OK,Verified ✓,3.04,15.39,N/A,N/A,N/A,BSE IT TRI,-4.5,3.41,N/A,N/A,N/A
Tata Nifty India Digital ETF FoF Dir,Direct,Sectoral-Technology,42256,INF277KA1430,150344,NAV-verified,8.99,0.73,0.4,18.51,13.46,0.51,12,4,2,6,1,25,Moderate Risk,OK,Verified ✓,2.44,14.67,N/A,N/A,N/A,BSE IT TRI,-4.5,3.41,N/A,N/A,N/A
UTI Nifty IT ETF,Direct,Sectoral-Technology,44072,ETF NOT IN AMFI NAV FILE,ETF NOT IN AMFI NAV FILE,Missing from AMFI Database,,,,,,,1,1,1,1,1,5,High Risk,NOT_FOUND,Neither code ETF NOT IN AMFI NAV FILE nor ISIN ETF NOT IN AMFI NAV FILE confirmed in NAV,-2.35,N/A,N/A,N/A,N/A,BSE IT TRI,-4.5,N/A,N/A,N/A,N/A
WhiteOak Capital Digital Bharat Dir,Direct,Sectoral-Technology,44576,INF03VN01936,152915,NAV-verified,,,,,,,1,1,1,1,1,5,High Risk,OK,Verified ✓,7.39,N/A,N/A,N/A,N/A,BSE IT TRI,-4.5,N/A,N/A,N/A,N/A
ABSL Nifty Smallcap 50 Index Dir,Direct,Small Cap,41389,INF209KB1W17,148815,NAV-verified,4.48,1.03,0.75,21.43,22.06,1.16,10,8,2,3,2,25,Moderate Risk,OK,Verified ✓,11.53,24.52,14.07,N/A,N/A,BSE 250 SmallCap TRI,7.76,18.83,16.44,N/A,N/A
ABSL Small Cap Dir,Direct,Small Cap,15935,INF209K01WN4,119556,NAV-verified,1.16,0.89,0.6,18.76,17.24,0.87,6,6,2,4,2,20,Moderate Risk,OK,Verified ✓,16.69,19.43,14.54,14.37,14.25,BSE 250 SmallCap TRI,7.76,18.83,16.44,16.39,15.24
Abakkus Small Cap Dir,Direct,Small Cap,45863,INF2JJD01177,154215,Algorithm Match (90% Confidence),,,,,,,1,1,1,1,1,5,High Risk,NOT_FOUND,Neither code 154215 nor ISIN INF2JJD01177 confirmed in NAV,N/A,N/A,N/A,N/A,N/A,BSE 250 SmallCap TRI,N/A,N/A,N/A,N/A,N/A
Axis Nifty Smallcap 50 Index Dir,Direct,Small Cap,42118,INF846K013H3,149894,NAV-verified,4.58,1.02,0.75,21.28,22.08,1.16,10,8,2,3,2,25,Moderate Risk,OK,Verified ✓,11.74,24.58,N/A,N/A,N/A,BSE 250 SmallCap TRI,7.76,18.83,N/A,N/A,N/A
Axis Small Cap Dir,Direct,Small Cap,22335,INF846K01K35,125354,NAV-verified,1.62,0.74,0.64,15.65,16.03,0.83,8,6,3,6,2,25,Moderate Risk,OK,Verified ✓,11.25,18.34,18.54,21.77,19.41,BSE 250 SmallCap TRI,7.76,18.83,16.44,16.39,15.24
Bajaj Finserv Small Cap Dir,Direct,Small Cap,45271,INF0QA701BN2,153612,NAV-verified,,,,,,,1,1,1,1,1,5,High Risk,OK,Verified ✓,N/A,N/A,N/A,N/A,N/A,BSE 250 SmallCap TRI,N/A,N/A,N/A,N/A,N/A
Bandhan Nifty Smallcap 250 Index Dir,Direct,Small Cap,43958,INF194KB1HG9,152264,NAV-verified,,,,,,,1,1,1,1,1,5,High Risk,OK,Verified ✓,9.62,N/A,N/A,N/A,N/A,BSE 250 SmallCap TRI,7.76,N/A,N/A,N/A,N/A
Bandhan Small Cap Dir,Direct,Small Cap,40564,INF194KB1AL4,147946,NAV-verified,10.2,0.92,1.07,19.26,26.59,1.57,12,12,2,4,3,33,Low Risk,OK,Verified ✓,17.03,31.3,23.68,N/A,N/A,BSE 250 SmallCap TRI,7.76,18.83,16.44,N/A,N/A
Bank of India Small Cap Dir,Direct,Small Cap,38283,INF761K01EP7,145678,NAV-verified,2.56,0.89,0.66,18.99,18.55,0.85,8,8,2,4,2,24,Moderate Risk,OK,Verified ✓,15.9,22.01,20.6,25.03,N/A,BSE 250 SmallCap TRI,7.76,18.83,16.44,16.39,N/A
Baroda BNP Paribas Small Cap Dir,Direct,Small Cap,43795,INF251K01SR5,152128,NAV-verified,,,,,,,1,1,1,1,1,5,High Risk,OK,Verified ✓,11.37,N/A,N/A,N/A,N/A,BSE 250 SmallCap TRI,7.76,N/A,N/A,N/A,N/A
Canara Robeco Small Cap Dir,Direct,Small Cap,38817,INF760K01JC6,146130,NAV-verified,-0.59,0.8,0.5,16.81,14.47,0.63,4,6,3,5,1,19,Moderately High Risk,OK,Verified ✓,11.93,16.56,19.77,21.33,N/A,BSE 250 SmallCap TRI,7.76,18.83,16.44,16.39,N/A
DSP Nifty Smallcap 250 ETF,Direct,Small Cap,45659,INF740KA1XH4,154018,NAV-verified,,,,,,,1,1,1,1,1,5,High Risk,OK,Verified ✓,N/A,N/A,N/A,N/A,N/A,BSE 250 SmallCap TRI,N/A,N/A,N/A,N/A,N/A
DSP Nifty Smallcap 250 Index Dir,Direct,Small Cap,45657,INF740KA1XH4,154018,NAV-verified,,,,,,,1,1,1,1,1,5,High Risk,OK,Verified ✓,N/A,N/A,N/A,N/A,N/A,BSE 250 SmallCap TRI,N/A,N/A,N/A,N/A,N/A
DSP Nifty Smallcap250 Quality 50 Index Dir,Direct,Small Cap,43941,INF740KA1TW1,152243,NAV-verified,,,,,,,1,1,1,1,1,5,High Risk,OK,Verified ✓,5.33,N/A,N/A,N/A,N/A,BSE 250 SmallCap TRI,7.76,N/A,N/A,N/A,N/A
DSP Small Cap Dir,Direct,Small Cap,16411,INF740K01QD1,119212,NAV-verified,2.36,0.94,0.64,20.15,18.96,0.95,8,6,2,4,2,22,Moderate Risk,OK,Verified ✓,21.18,21.29,19.86,20.6,17.67,BSE 250 SmallCap TRI,7.76,18.83,16.44,16.39,15.24
Edelweiss Nifty Smallcap 250 Index Dir,Direct,Small Cap,42808,INF754K01QT8,150892,NAV-verified,1.19,1.01,0.61,20.62,18.58,0.87,6,6,2,3,2,19,Moderately High Risk,OK,Verified ✓,10.22,20.75,N/A,N/A,N/A,BSE 250 SmallCap TRI,7.76,18.83,N/A,N/A,N/A
Edelweiss Small Cap Dir,Direct,Small Cap,38851,INF754K01JN6,146196,NAV-verified,2.68,0.83,0.7,17.22,18,0.92,8,8,2,5,2,25,Moderate Risk,OK,Verified ✓,13.62,20.51,20.15,22.7,N/A,BSE 250 SmallCap TRI,7.76,18.83,16.44,16.39,N/A
Franklin India Small Cap Dir,Direct,Small Cap,16010,INF090I01IQ4,118525,NAV-verified,0.38,0.87,0.55,18.26,16.15,0.76,6,6,2,4,1,19,Moderately High Risk,OK,Verified ✓,9.52,18.79,19.4,17.59,16.36,BSE 250 SmallCap TRI,7.76,18.83,16.44,16.39,15.24
Groww Nifty Smallcap 250 ETF,Direct,Small Cap,45552,INF666M01HY9,152431,NAV-verified,,,,,,,1,1,1,1,1,5,High Risk,OK,Verified ✓,N/A,N/A,N/A,N/A,N/A,BSE 250 SmallCap TRI,N/A,N/A,N/A,N/A,N/A
Groww Nifty Smallcap 250 Index Dir,Direct,Small Cap,44156,INF666M01HY9,152431,NAV-verified,,,,,,,1,1,1,1,1,5,High Risk,OK,Verified ✓,10.1,N/A,N/A,N/A,N/A,BSE 250 SmallCap TRI,7.76,N/A,N/A,N/A,N/A
Groww Small Cap Fund Dir,Direct,Small Cap,45697,INF666M01NJ8,154063,NAV-verified,,,,,,,1,1,1,1,1,5,High Risk,OK,Verified ✓,N/A,N/A,N/A,N/A,N/A,BSE 250 SmallCap TRI,N/A,N/A,N/A,N/A,N/A
HDFC Nifty Smallcap 250 ETF,Direct,Small Cap,43116,INF179KC1GE4,151727,NAV-verified,1.16,1.01,0.61,20.72,18.6,0.87,6,6,2,3,2,19,Moderately High Risk,OK,Verified ✓,10.07,20.76,N/A,N/A,N/A,BSE 250 SmallCap TRI,7.76,18.83,N/A,N/A,N/A
HDFC Nifty Smallcap 250 Index Dir,Direct,Small Cap,43484,INF179KC1GE4,151727,NAV-verified,,,,,,,1,1,1,1,1,5,High Risk,OK,Verified ✓,9.87,N/A,N/A,N/A,N/A,BSE 250 SmallCap TRI,7.76,N/A,N/A,N/A,N/A
HDFC Small Cap Dir,Direct,Small Cap,16617,INF179KA1RW5,130503,NAV-verified,0.29,0.83,0.55,17.44,15.66,0.76,6,6,2,5,1,20,Moderate Risk,OK,Verified ✓,12.77,17.86,19.56,17.61,18.88,BSE 250 SmallCap TRI,7.76,18.83,16.44,16.39,15.24
HSBC Small Cap Dir,Direct,Small Cap,26133,INF917K01QA1,151130,NAV-verified,-1.59,0.95,0.46,19.88,15.13,0.58,4,4,2,4,1,15,Moderately High Risk,OK,Verified ✓,10.56,17.16,20.03,18.39,17.84,BSE 250 SmallCap TRI,7.76,18.83,16.44,16.39,15.24
Helios Small Cap Dir,Direct,Small Cap,45559,INF0R8701384,153912,NAV-verified,,,,,,,1,1,1,1,1,5,High Risk,OK,Verified ✓,N/A,N/A,N/A,N/A,N/A,BSE 250 SmallCap TRI,N/A,N/A,N/A,N/A,N/A
ICICI Pru Nifty Smallcap 250 Index Dir,Direct,Small Cap,41789,INF109KC1V18,149283,NAV-verified,0.93,1.01,0.6,20.66,18.34,0.85,6,6,2,3,2,19,Moderately High Risk,OK,Verified ✓,9.92,20.41,N/A,N/A,N/A,BSE 250 SmallCap TRI,7.76,18.83,N/A,N/A,N/A
ICICI Pru Smallcap Dir,Direct,Small Cap,17116,INF109K015M0,120591,NAV-verified,-0.84,0.79,0.48,16.88,14.1,0.64,4,4,3,5,1,17,Moderately High Risk,OK,Verified ✓,10.02,16.08,18.15,19.79,17.06,BSE 250 SmallCap TRI,7.76,18.83,16.44,16.39,15.24
ITI Small Cap Dir,Direct,Small Cap,40532,INF00XX01747,147919,NAV-verified,6.58,0.84,0.9,17.91,22.07,1.13,12,10,2,5,2,31,Low Risk,OK,Verified ✓,14.84,25.88,18.11,N/A,N/A,BSE 250 SmallCap TRI,7.76,18.83,16.44,N/A,N/A
Invesco India Smallcap Dir,Direct,Small Cap,37843,INF205K013T3,145137,NAV-verified,5.97,0.85,0.85,18.31,21.54,0.99,12,10,2,5,2,31,Low Risk,OK,Verified ✓,17.03,25.2,22.13,22.95,N/A,BSE 250 SmallCap TRI,7.76,18.83,16.44,16.39,N/A
JM Small Cap Dir,Direct,Small Cap,44313,INF192K01NH3,152614,NAV-verified,,,,,,,1,1,1,1,1,5,High Risk,OK,Verified ✓,8.5,N/A,N/A,N/A,N/A,BSE 250 SmallCap TRI,7.76,N/A,N/A,N/A,N/A
JioBlackRock Nifty Smallcap 250 Index Dir,Direct,Small Cap,45424,NOT ISSUED BY AMFI YET,NOT ISSUED BY AMFI YET,Fund too new for AMFI NAV Database,,,,,,,1,1,1,1,1,5,High Risk,NOT_FOUND,Neither code NOT ISSUED BY AMFI YET nor ISIN NOT ISSUED BY AMFI YET confirmed in NAV,N/A,N/A,N/A,N/A,N/A,BSE 250 SmallCap TRI,N/A,N/A,N/A,N/A,N/A
Kotak Nifty Smallcap 250 Index Dir,Direct,Small Cap,44868,INF174KA1UK9,153223,NAV-verified,,,,,,,1,1,1,1,1,5,High Risk,OK,Verified ✓,9.93,N/A,N/A,N/A,N/A,BSE 250 SmallCap TRI,7.76,N/A,N/A,N/A,N/A
Kotak Nifty Smallcap 50 Index Dir,Direct,Small Cap,43357,INF174KA1NB3,151649,NAV-verified,,,,,,,1,1,1,1,1,5,High Risk,OK,Verified ✓,11.33,N/A,N/A,N/A,N/A,BSE 250 SmallCap TRI,7.76,N/A,N/A,N/A,N/A
Kotak Small Cap Dir,Direct,Small Cap,16382,INF174K01KT2,120164,NAV-verified,-1.9,0.86,0.42,18.38,13.83,0.58,4,4,2,4,1,15,Moderately High Risk,OK,Verified ✓,7.27,15.68,15.66,20.35,18.02,BSE 250 SmallCap TRI,7.76,18.83,16.44,16.39,15.24
LIC MF Small Cap Dir,Direct,Small Cap,34272,INF397L01JS1,152004,NAV-verified,0.19,0.9,0.53,19.43,16.36,0.62,6,6,2,4,1,19,Moderately High Risk,OK,Verified ✓,8.92,19.08,18.79,18.39,N/A,BSE 250 SmallCap TRI,7.76,18.83,16.44,16.39,N/A
Mahindra Manulife Small Cap Dir,Direct,Small Cap,42799,INF174V01BK7,150915,NAV-verified,5.99,0.89,0.86,18.68,22.05,1.18,12,10,2,4,2,30,Low Risk,OK,Verified ✓,16.87,25.64,N/A,N/A,N/A,BSE 250 SmallCap TRI,7.76,18.83,N/A,N/A,N/A
Mirae Asset Nifty Smallcap 250 ETF,Direct,Small Cap,45590,INF769K01LH2,152456,NAV-verified,,,,,,,1,1,1,1,1,5,High Risk,OK,Verified ✓,N/A,N/A,N/A,N/A,N/A,BSE 250 SmallCap TRI,N/A,N/A,N/A,N/A,N/A
Mirae Asset Nifty Smallcap 250 Momentum Quality 100 ETF,Direct,Small Cap,44091,INF769K01LH2,152456,NAV-verified,,,,,,,1,1,1,1,1,5,High Risk,OK,Verified ✓,5.91,N/A,N/A,N/A,N/A,BSE 250 SmallCap TRI,7.76,N/A,N/A,N/A,N/A
Mirae Asset Nifty Smallcap 250 Momentum Quality 100 ETF FoF Dir,Direct,Small Cap,44094,INF769K01LH2,152456,NAV-verified,,,,,,,1,1,1,1,1,5,High Risk,OK,Verified ✓,5.33,N/A,N/A,N/A,N/A,BSE 250 SmallCap TRI,7.76,N/A,N/A,N/A,N/A
Mirae Asset Small Cap Dir,Direct,Small Cap,44824,INF769K01NJ4,153196,NAV-verified,,,,,,,1,1,1,1,1,5,High Risk,OK,Verified ✓,19.82,N/A,N/A,N/A,N/A,BSE 250 SmallCap TRI,7.76,N/A,N/A,N/A,N/A
Motilal Oswal Nifty Microcap 250 Index Dir,Direct,Small Cap,43575,INF247L01BQ9,151814,NAV-verified,,,,,,,1,1,1,1,1,5,High Risk,OK,Verified ✓,7.83,N/A,N/A,N/A,N/A,BSE 250 SmallCap TRI,7.76,N/A,N/A,N/A,N/A
Motilal Oswal Nifty Smallcap 250 ETF,Direct,Small Cap,44249,INF247L01932,147623,NAV-verified,,,,,,,1,1,1,1,1,5,High Risk,OK,Verified ✓,10.14,N/A,N/A,N/A,N/A,BSE 250 SmallCap TRI,7.76,N/A,N/A,N/A,N/A
Motilal Oswal Nifty Smallcap 250 Index Dir,Direct,Small Cap,40244,INF247L01932,147623,NAV-verified,1.14,1.01,0.61,20.73,18.59,0.87,6,6,2,3,2,19,Moderately High Risk,OK,Verified ✓,10.04,20.7,16.88,N/A,N/A,BSE 250 SmallCap TRI,7.76,18.83,16.44,N/A,N/A
Motilal Oswal Small Cap Dir,Direct,Small Cap,43945,INF247L01BY3,152237,NAV-verified,,,,,,,1,1,1,1,1,5,High Risk,OK,Verified ✓,13.91,N/A,N/A,N/A,N/A,BSE 250 SmallCap TRI,7.76,N/A,N/A,N/A,N/A
Navi Nifty Smallcap250 Momentum Quality 100 Index Dir,Direct,Small Cap,45019,INF959L01HQ6,153362,NAV-verified,,,,,,,1,1,1,1,1,5,High Risk,OK,Verified ✓,5.56,N/A,N/A,N/A,N/A,BSE 250 SmallCap TRI,7.76,N/A,N/A,N/A,N/A
Nippon India Nifty Smallcap 250 Index Dir,Direct,Small Cap,41131,INF204KB15W0,148519,NAV-verified,0.78,1.01,0.59,20.61,18.16,0.84,6,6,2,3,2,19,Moderately High Risk,OK,Verified ✓,9.94,20.22,16.61,N/A,N/A,BSE 250 SmallCap TRI,7.76,18.83,16.44,N/A,N/A
Nippon India Small Cap Dir,Direct,Small Cap,16182,INF204K01J83,118777,NAV-verified,2.64,0.87,0.69,17.97,18.41,0.93,8,8,2,4,2,24,Moderate Risk,OK,Verified ✓,12,21.09,22.22,22.86,21.66,BSE 250 SmallCap TRI,7.76,18.83,16.44,16.39,15.24
PGIM India Small Cap Dir,Direct,Small Cap,41577,INF663L01W06,149019,NAV-verified,-0.29,0.73,0.5,15.89,13.99,0.71,4,6,3,6,1,20,Moderate Risk,OK,Verified ✓,14.65,16.27,N/A,N/A,N/A,BSE 250 SmallCap TRI,7.76,18.83,N/A,N/A,N/A
Quant Small Cap Dir,Direct,Small Cap,17366,INF966L01689,120828,NAV-verified,2.32,0.88,0.65,18.74,18.23,1.01,8,8,2,4,2,24,Moderate Risk,OK,Verified ✓,10.6,20.74,23.16,26.02,19.18,BSE 250 SmallCap TRI,7.76,18.83,16.44,16.39,15.24
Quantum Small Cap Dir,Direct,Small Cap,43814,INF082J01432,152107,NAV-verified,,,,,,,1,1,1,1,1,5,High Risk,OK,Verified ✓,14.34,N/A,N/A,N/A,N/A,BSE 250 SmallCap TRI,7.76,N/A,N/A,N/A,N/A
SBI Nifty Smallcap 250 Index Dir,Direct,Small Cap,42581,INF200KA16P2,150677,NAV-verified,0.95,1.01,0.6,20.71,18.39,0.85,6,6,2,3,2,19,Moderately High Risk,OK,Verified ✓,9.86,20.47,N/A,N/A,N/A,BSE 250 SmallCap TRI,7.76,18.83,N/A,N/A,N/A
SBI Small Cap Dir,Direct,Small Cap,15787,INF200K01T51,125497,NAV-verified,-2.14,0.74,0.4,15.51,12.25,0.54,2,4,3,6,1,16,Moderately High Risk,OK,Verified ✓,6.51,14.52,15.44,18.68,18.75,BSE 250 SmallCap TRI,7.76,18.83,16.44,16.39,15.24
Samco Small Cap Dir,Direct,Small Cap,45540,INF0K1H01297,153868,NAV-verified,,,,,,,1,1,1,1,1,5,High Risk,OK,Verified ✓,N/A,N/A,N/A,N/A,N/A,BSE 250 SmallCap TRI,N/A,N/A,N/A,N/A,N/A
Sundaram Small Cap Dir,Direct,Small Cap,16112,INF903J01NK9,119589,NAV-verified,2.15,0.82,0.66,17.24,17.4,0.87,8,8,2,5,2,25,Moderate Risk,OK,Verified ✓,17.87,20.98,19.74,19.21,16.2,BSE 250 SmallCap TRI,7.76,18.83,16.44,16.39,15.24
TRUST MF Small Cap Dir,Direct,Small Cap,44593,INF2F0001537,154269,Forced Match - Please Verify (51% Confidence),,,,,,,1,1,1,1,1,5,High Risk,NOT_FOUND,Neither code 154269 nor ISIN INF2F0001537 confirmed in NAV,25.03,N/A,N/A,N/A,N/A,BSE 250 SmallCap TRI,7.76,N/A,N/A,N/A,N/A
Tata Small Cap Dir,Direct,Small Cap,37991,INF277K011O1,145206,NAV-verified,-3.96,0.85,0.31,18.39,11.64,0.42,2,2,2,5,1,12,High Risk,OK,Verified ✓,-1.15,14.04,18.43,19.93,N/A,BSE 250 SmallCap TRI,7.76,18.83,16.44,16.39,N/A
The Wealth Company Small Cap Dir,Direct,Small Cap,45896,INF2F0001537,154269,Algorithm Match (94% Confidence),,,,,,,1,1,1,1,1,5,High Risk,NOT_FOUND,Neither code 154269 nor ISIN INF2F0001537 confirmed in NAV,N/A,N/A,N/A,N/A,N/A,BSE 250 SmallCap TRI,N/A,N/A,N/A,N/A,N/A
UTI Small Cap Dir,Direct,Small Cap,41233,INF789F1AUQ1,148618,NAV-verified,0.65,0.86,0.57,18.24,16.34,0.82,6,6,2,4,2,20,Moderate Risk,OK,Verified ✓,11.88,18.51,17.95,N/A,N/A,BSE 250 SmallCap TRI,7.76,18.83,16.44,N/A,N/A
Union Small Cap Dir,Direct,Small Cap,26860,INF582M01BU9,129649,NAV-verified,3.54,0.83,0.71,18.25,18.96,0.88,10,8,2,5,2,27,Low Risk,OK,Verified ✓,24.4,21.37,18.69,21,16.95,BSE 250 SmallCap TRI,7.76,18.83,16.44,16.39,15.24
Zerodha Nifty Smallcap 100 ETF,Direct,Small Cap,45480,ETF NOT IN AMFI NAV FILE,ETF NOT IN AMFI NAV FILE,Missing from AMFI Database,,,,,,,1,1,1,1,1,5,High Risk,NOT_FOUND,Neither code ETF NOT IN AMFI NAV FILE nor ISIN ETF NOT IN AMFI NAV FILE confirmed in NAV,N/A,N/A,N/A,N/A,N/A,BSE 250 SmallCap TRI,N/A,N/A,N/A,N/A,N/A
ABSL Conglomerate Dir,Direct,Thematic,44788,INF209KC1373,153124,NAV-verified,,,,,,,1,1,1,1,1,5,High Risk,OK,Verified ✓,11.43,N/A,N/A,N/A,N/A,BSE 500 TRI,10.42,N/A,N/A,N/A,N/A
ABSL Nifty India Defence Index Dir,Direct,Thematic,44489,INF209KC1183,152798,NAV-verified,,,,,,,1,1,1,1,1,5,High Risk,OK,Verified ✓,35.78,N/A,N/A,N/A,N/A,BSE 500 TRI,10.42,N/A,N/A,N/A,N/A
ABSL Special Opportunities Dir,Direct,Thematic,41143,INF209KB1T79,148539,NAV-verified,6.02,0.96,0.9,14.37,18.94,1.19,12,10,3,3,2,30,Low Risk,OK,Verified ✓,21.49,22.39,16.64,N/A,N/A,BSE 500 TRI,10.42,15.47,13.24,N/A,N/A
Axis BSE India Sector Leaders Index Dir,Direct,Thematic,45782,INF846KA1424,154171,NAV-verified,,,,,,,1,1,1,1,1,5,High Risk,OK,Verified ✓,N/A,N/A,N/A,N/A,N/A,BSE 500 TRI,N/A,N/A,N/A,N/A,N/A
Axis Momentum Dir,Direct,Thematic,44768,INF846K011Z9,153083,NAV-verified,,,,,,,1,1,1,1,1,5,High Risk,OK,Verified ✓,13.8,N/A,N/A,N/A,N/A,BSE 500 TRI,10.42,N/A,N/A,N/A,N/A
Axis Multi Factor Passive FoF Dir,Direct,Thematic,42080,INF846K011G9,149847,NAV-verified,-0.77,0.96,0.43,14.37,12.22,0.49,4,4,3,3,1,15,Moderately High Risk,OK,Verified ✓,14.79,14.36,N/A,N/A,N/A,BSE 500 TRI,10.42,15.47,N/A,N/A,N/A
Axis Services Opportunities Dir,Direct,Thematic,45324,INF846KA1168,153624,NAV-verified,,,,,,,1,1,1,1,1,5,High Risk,OK,Verified ✓,--,--,--,--,--,--,--,--,--,--,--
Bandhan BSE India Sector Leaders Index Dir,Direct,Thematic,45461,INF194KB1KB4,153838,NAV-verified,,,,,,,1,1,1,1,1,5,High Risk,OK,Verified ✓,N/A,N/A,N/A,N/A,N/A,BSE 500 TRI,N/A,N/A,N/A,N/A,N/A
Bandhan Multi-Factor Dir,Direct,Thematic,45334,INF194KB1JX0,153722,NAV-verified,,,,,,,1,1,1,1,1,5,High Risk,OK,Verified ✓,N/A,N/A,N/A,N/A,N/A,BSE 500 TRI,N/A,N/A,N/A,N/A,N/A
Baroda BNP Paribas Business Conglomerates Dir,Direct,Thematic,45458,INF251K01VJ6,153847,NAV-verified,,,,,,,1,1,1,1,1,5,High Risk,OK,Verified ✓,N/A,N/A,N/A,N/A,N/A,BSE 500 TRI,N/A,N/A,N/A,N/A,N/A
Edelweiss BSE Capital Mkts & Insurance ETF,Direct,Thematic,44826,ETF NOT IN AMFI NAV FILE,ETF NOT IN AMFI NAV FILE,Missing from AMFI Database,,,,,,,1,1,1,1,1,5,High Risk,NOT_FOUND,Neither code ETF NOT IN AMFI NAV FILE nor ISIN ETF NOT IN AMFI NAV FILE confirmed in NAV,N/A,N/A,N/A,N/A,N/A,BSE 500 TRI,N/A,N/A,N/A,N/A,N/A
Edelweiss BSE Internet Economy Index Dir,Direct,Thematic,45129,INF754K01UX2,153497,NAV-verified,,,,,,,1,1,1,1,1,5,High Risk,OK,Verified ✓,25.89,N/A,N/A,N/A,N/A,BSE 500 TRI,10.42,N/A,N/A,N/A,N/A
Edelweiss Recently Listed IPO Dir,Direct,Thematic,35234,INF754K01ML4,142388,NAV-verified,4.25,0.96,0.62,17.99,17.24,0.73,10,6,2,3,1,22,Moderate Risk,OK,Verified ✓,N/A,N/A,N/A,N/A,N/A,BSE 500 TRI,N/A,N/A,N/A,N/A,N/A
Franklin India Multi-Factor Dir,Direct,Thematic,45585,INF090I01YQ1,153942,NAV-verified,,,,,,,1,1,1,1,1,5,High Risk,OK,Verified ✓,19.34,20.48,12.78,18.19,N/A,BSE 500 TRI,10.42,15.47,13.24,13.98,N/A
Franklin India Opportunities Dir,Direct,Thematic,15999,INF090I01GC8,118539,NAV-verified,9.58,1.06,1,17.21,23.28,1.28,12,12,2,2,2,30,Low Risk,OK,Verified ✓,N/A,N/A,N/A,N/A,N/A,BSE 500 TRI,N/A,N/A,N/A,N/A,N/A
Groww BSE Power ETF,Direct,Thematic,45370,INF666M01LO2,153746,NAV-verified,,,,,,,1,1,1,1,1,5,High Risk,OK,Verified ✓,12.06,27.73,20.19,19.55,17.62,BSE 500 TRI,10.42,15.47,13.24,13.98,14.69
Groww BSE Power ETF FOF Dir,Direct,Thematic,45373,INF666M01LO2,153746,NAV-verified,,,,,,,1,1,1,1,1,5,High Risk,OK,Verified ✓,N/A,N/A,N/A,N/A,N/A,BSE 500 TRI,N/A,N/A,N/A,N/A,N/A
Groww Nifty Capital Markets ETF,Direct,Thematic,45632,INF666M01MH4,153917,NAV-verified,,,,,,,1,1,1,1,1,5,High Risk,OK,Verified ✓,N/A,N/A,N/A,N/A,N/A,BSE 500 TRI,N/A,N/A,N/A,N/A,N/A
Groww Nifty Capital Markets ETF FoF Dir,Direct,Thematic,45628,INF666M01MH4,153917,NAV-verified,,,,,,,1,1,1,1,1,5,High Risk,OK,Verified ✓,N/A,N/A,N/A,N/A,N/A,BSE 500 TRI,N/A,N/A,N/A,N/A,N/A
Groww Nifty Chemicals ETF,Direct,Thematic,45751,INF666M01MH4,153917,NAV-verified,,,,,,,1,1,1,1,1,5,High Risk,OK,Verified ✓,N/A,N/A,N/A,N/A,N/A,BSE 500 TRI,N/A,N/A,N/A,N/A,N/A
Groww Nifty India Defence ETF,Direct,Thematic,44590,INF666M01IR1,152926,NAV-verified,,,,,,,1,1,1,1,1,5,High Risk,OK,Verified ✓,N/A,N/A,N/A,N/A,N/A,BSE 500 TRI,N/A,N/A,N/A,N/A,N/A
Groww Nifty India Defence ETF FoF Dir,Direct,Thematic,44597,INF666M01IR1,152926,NAV-verified,,,,,,,1,1,1,1,1,5,High Risk,OK,Verified ✓,35.86,N/A,N/A,N/A,N/A,BSE 500 TRI,10.42,N/A,N/A,N/A,N/A
Groww Nifty India Internet ETF,Direct,Thematic,45241,INF666M01LD5,153632,NAV-verified,,,,,,,1,1,1,1,1,5,High Risk,OK,Verified ✓,35.54,N/A,N/A,N/A,N/A,BSE 500 TRI,10.42,N/A,N/A,N/A,N/A
Groww Nifty India Internet ETF FoF Dir,Direct,Thematic,45244,INF666M01LD5,153632,NAV-verified,,,,,,,1,1,1,1,1,5,High Risk,OK,Verified ✓,N/A,N/A,N/A,N/A,N/A,BSE 500 TRI,N/A,N/A,N/A,N/A,N/A
Groww Nifty Metal ETF,Direct,Thematic,45677,INF666M01NS9,154172,NAV-verified,,,,,,,1,1,1,1,1,5,High Risk,OK,Verified ✓,N/A,N/A,N/A,N/A,N/A,BSE 500 TRI,N/A,N/A,N/A,N/A,N/A
Groww Nifty Realty ETF,Direct,Thematic,45522,INF666M01NS9,154172,NAV-verified,,,,,,,1,1,1,1,1,5,High Risk,OK,Verified ✓,N/A,N/A,N/A,N/A,N/A,BSE 500 TRI,N/A,N/A,N/A,N/A,N/A
HDFC BSE India Sector Leaders Index Dir,Direct,Thematic,45589,INF179KC1JY6,153959,NAV-verified,,,,,,,1,1,1,1,1,5,High Risk,OK,Verified ✓,N/A,N/A,N/A,N/A,N/A,BSE 500 TRI,N/A,N/A,N/A,N/A,N/A
HDFC Defence Dir,Direct,Thematic,43512,INF179KC1GI5,151750,NAV-verified,,,,,,,1,1,1,1,1,5,High Risk,OK,Verified ✓,N/A,N/A,N/A,N/A,N/A,BSE 500 TRI,N/A,N/A,N/A,N/A,N/A
HDFC Housing Opportunities Dir,Direct,Thematic,34770,INF179KC1AU3,141924,NAV-verified,1.18,1.12,0.53,17.57,15.3,0.66,6,6,2,2,1,17,Moderately High Risk,OK,Verified ✓,33,N/A,N/A,N/A,N/A,BSE 500 TRI,10.42,N/A,N/A,N/A,N/A
HDFC NIFTY Growth Sectors 15 ETF,Direct,Thematic,42537,ETF NOT IN AMFI NAV FILE,ETF NOT IN AMFI NAV FILE,Missing from AMFI Database,-3.21,0.83,0.18,15.12,8.8,0.22,2,2,3,5,1,13,Moderately High Risk,NOT_FOUND,Neither code ETF NOT IN AMFI NAV FILE nor ISIN ETF NOT IN AMFI NAV FILE confirmed in NAV,9.24,17.22,16.18,13.2,N/A,BSE 500 TRI,10.42,15.47,13.24,13.98,N/A
HDFC NIFTY Realty Index Dir,Direct,Thematic,44211,INF179KC1IE0,152521,NAV-verified,,,,,,,1,1,1,1,1,5,High Risk,OK,Verified ✓,9.46,9.73,N/A,N/A,N/A,BSE 500 TRI,10.42,15.47,N/A,N/A,N/A
HSBC India Export Opportunities Dir,Direct,Thematic,44524,INF336L01RO1,152829,NAV-verified,,,,,,,1,1,1,1,1,5,High Risk,OK,Verified ✓,-2.82,N/A,N/A,N/A,N/A,BSE 500 TRI,10.42,N/A,N/A,N/A,N/A
ICICI Pru Active Momentum Dir,Direct,Thematic,45357,INF109K1A385,153684,NAV-verified,,,,,,,1,1,1,1,1,5,High Risk,OK,Verified ✓,17.01,N/A,N/A,N/A,N/A,BSE 500 TRI,10.42,N/A,N/A,N/A,N/A
ICICI Pru Commodities Dir,Direct,Thematic,40306,INF109KC1F91,147662,NAV-verified,5.2,0.93,0.76,15.73,17.94,1.03,12,8,3,4,2,29,Low Risk,OK,Verified ✓,N/A,N/A,N/A,N/A,N/A,BSE 500 TRI,N/A,N/A,N/A,N/A,N/A
ICICI Pru Conglomerate Dir,Direct,Thematic,45489,INF109K1A427,153867,NAV-verified,,,,,,,1,1,1,1,1,5,High Risk,OK,Verified ✓,31.05,21.21,21.38,N/A,N/A,BSE 500 TRI,10.42,15.47,13.24,N/A,N/A
ICICI Pru Eqt Minimum Variance Fund Dir,Direct,Thematic,44744,INF109KC10Y6,153070,NAV-verified,,,,,,,1,1,1,1,1,5,High Risk,OK,Verified ✓,N/A,N/A,N/A,N/A,N/A,BSE 500 TRI,N/A,N/A,N/A,N/A,N/A
ICICI Pru Exports & Services Dir,Direct,Thematic,15859,INF109K01W25,120688,NAV-verified,4.06,0.84,0.8,12.69,16.13,1.15,10,10,4,5,2,31,Low Risk,OK,Verified ✓,9.57,N/A,N/A,N/A,N/A,BSE 500 TRI,10.42,N/A,N/A,N/A,N/A
ICICI Pru FMCG Dir,Direct,Thematic,15836,INF109K01Z14,120587,NAV-verified,-10.28,0.83,-0.29,14.5,1.76,-0.35,1,1,3,5,1,11,High Risk,OK,Verified ✓,9.98,19.11,17.36,16.58,14.88,BSE 500 TRI,10.42,15.47,13.24,13.98,14.69
ICICI Pru Housing Opportunities Dir,Direct,Thematic,42250,INF109KC10C2,150310,NAV-verified,1.63,0.93,0.58,14.25,14.34,0.79,8,6,3,4,1,22,Moderate Risk,OK,Verified ✓,-11.07,2.52,8.88,8.93,11.24,BSE 500 TRI,10.42,15.47,13.24,13.98,14.69
ICICI Pru India Opportunities Dir,Direct,Thematic,38585,INF109KC1RH9,145897,NAV-verified,7.67,0.86,1.06,13.1,19.87,1.34,12,12,4,4,2,34,Very Low Risk,OK,Verified ✓,10.78,16.85,N/A,N/A,N/A,BSE 500 TRI,10.42,15.47,N/A,N/A,N/A
ICICI Pru Multi Sector Passive FoF Dir,Direct,Thematic,15812,INF109K01W58,120242,NAV-verified,1.94,0.89,0.63,13.32,14.41,0.76,8,6,4,4,1,23,Moderate Risk,OK,Verified ✓,13.35,22.76,23.04,19.9,N/A,BSE 500 TRI,10.42,15.47,13.24,13.98,N/A
ICICI Pru Nifty Commodities ETF,Direct,Thematic,42947,ETF NOT IN AMFI NAV FILE,ETF NOT IN AMFI NAV FILE,Missing from AMFI Database,5.54,0.98,0.75,16.76,18.65,1.12,12,8,3,3,2,28,Low Risk,NOT_FOUND,Neither code ETF NOT IN AMFI NAV FILE nor ISIN ETF NOT IN AMFI NAV FILE confirmed in NAV,10.45,16.85,14.53,13.87,13.68,BSE 500 TRI,10.42,15.47,13.24,13.98,14.69
ICICI Pru Nifty FMCG ETF,Direct,Thematic,41601,ETF NOT IN AMFI NAV FILE,ETF NOT IN AMFI NAV FILE,Missing from AMFI Database,-10.3,0.92,-0.23,16.19,2.37,-0.29,1,1,3,4,1,10,High Risk,NOT_FOUND,Neither code ETF NOT IN AMFI NAV FILE nor ISIN ETF NOT IN AMFI NAV FILE confirmed in NAV,23.76,20.84,N/A,N/A,N/A,BSE 500 TRI,10.42,15.47,N/A,N/A,N/A
ICICI Pru Nifty Metal ETF,Direct,Thematic,44461,ETF NOT IN AMFI NAV FILE,ETF NOT IN AMFI NAV FILE,Missing from AMFI Database,,,,,,,1,1,1,1,1,5,High Risk,NOT_FOUND,Neither code ETF NOT IN AMFI NAV FILE nor ISIN ETF NOT IN AMFI NAV FILE confirmed in NAV,-11.68,3.01,N/A,N/A,N/A,BSE 500 TRI,10.42,15.47,N/A,N/A,N/A
ICICI Pru Nifty Oil & Gas ETF,Direct,Thematic,44432,ETF NOT IN AMFI NAV FILE,ETF NOT IN AMFI NAV FILE,Missing from AMFI Database,,,,,,,1,1,1,1,1,5,High Risk,NOT_FOUND,Neither code ETF NOT IN AMFI NAV FILE nor ISIN ETF NOT IN AMFI NAV FILE confirmed in NAV,58.21,N/A,N/A,N/A,N/A,BSE 500 TRI,10.42,N/A,N/A,N/A,N/A
ICICI Pru Quality Dir,Direct,Thematic,45164,INF109K1A187,153458,NAV-verified,,,,,,,1,1,1,1,1,5,High Risk,OK,Verified ✓,12.05,N/A,N/A,N/A,N/A,BSE 500 TRI,10.42,N/A,N/A,N/A,N/A
ICICI Pru Rural Opportunities Dir,Direct,Thematic,44846,INF109KC12Z9,153184,NAV-verified,,,,,,,1,1,1,1,1,5,High Risk,OK,Verified ✓,N/A,N/A,N/A,N/A,N/A,BSE 500 TRI,N/A,N/A,N/A,N/A,N/A
JioBlackRock Sector Rotation Dir,Direct,Thematic,45730,NOT ISSUED BY AMFI YET,NOT ISSUED BY AMFI YET,Fund too new for AMFI NAV Database,,,,,,,1,1,1,1,1,5,High Risk,NOT_FOUND,Neither code NOT ISSUED BY AMFI YET nor ISIN NOT ISSUED BY AMFI YET confirmed in NAV,9.24,N/A,N/A,N/A,N/A,BSE 500 TRI,10.42,N/A,N/A,N/A,N/A
Kotak Active Momentum Dir,Direct,Thematic,45389,INF174KA1XA4,153753,NAV-verified,,,,,,,1,1,1,1,1,5,High Risk,OK,Verified ✓,N/A,N/A,N/A,N/A,N/A,BSE 500 TRI,N/A,N/A,N/A,N/A,N/A
Kotak BSE Housing Index Dir,Direct,Thematic,43706,INF174KA1OX5,152039,NAV-verified,,,,,,,1,1,1,1,1,5,High Risk,OK,Verified ✓,N/A,N/A,N/A,N/A,N/A,BSE 500 TRI,N/A,N/A,N/A,N/A,N/A
Kotak Multi Factor Passive FoF Dir,Direct,Thematic,45899,INF174KA1ZG6,154275,Algorithm Match (97% Confidence),,,,,,,1,1,1,1,1,5,High Risk,NOT_FOUND,Neither code 154275 nor ISIN INF174KA1ZG6 confirmed in NAV,1.71,N/A,N/A,N/A,N/A,BSE 500 TRI,10.42,N/A,N/A,N/A,N/A
Kotak Nifty Chemicals ETF,Direct,Thematic,45570,ETF NOT IN AMFI NAV FILE,ETF NOT IN AMFI NAV FILE,Missing from AMFI Database,,,,,,,1,1,1,1,1,5,High Risk,NOT_FOUND,Neither code ETF NOT IN AMFI NAV FILE nor ISIN ETF NOT IN AMFI NAV FILE confirmed in NAV,N/A,N/A,N/A,N/A,N/A,BSE 500 TRI,N/A,N/A,N/A,N/A,N/A
Kotak Nifty Commodities Index Dir,Direct,Thematic,44991,INF174KA1VE0,153353,NAV-verified,,,,,,,1,1,1,1,1,5,High Risk,OK,Verified ✓,N/A,N/A,N/A,N/A,N/A,BSE 500 TRI,N/A,N/A,N/A,N/A,N/A
Kotak Nifty India Tourism Index Dir,Direct,Thematic,44539,INF174KA1SZ1,152870,NAV-verified,,,,,,,1,1,1,1,1,5,High Risk,OK,Verified ✓,22.76,N/A,N/A,N/A,N/A,BSE 500 TRI,10.42,N/A,N/A,N/A,N/A
Kotak Rural Opportunities Dir,Direct,Thematic,45597,INF174KA1XW8,153970,NAV-verified,,,,,,,1,1,1,1,1,5,High Risk,OK,Verified ✓,-16.28,N/A,N/A,N/A,N/A,BSE 500 TRI,10.42,N/A,N/A,N/A,N/A
Kotak Services Dir,Direct,Thematic,45797,INF174KA1YV8,154149,Algorithm Match (93% Confidence),,,,,,,1,1,1,1,1,5,High Risk,NOT_FOUND,Neither code 154149 nor ISIN INF174KA1YV8 confirmed in NAV,N/A,N/A,N/A,N/A,N/A,BSE 500 TRI,N/A,N/A,N/A,N/A,N/A
Kotak Special Opportunities Dir,Direct,Thematic,44382,INF174KA1SF3,152702,NAV-verified,,,,,,,1,1,1,1,1,5,High Risk,OK,Verified ✓,N/A,N/A,N/A,N/A,N/A,BSE 500 TRI,N/A,N/A,N/A,N/A,N/A
Mirae Asset BSE India Defence ETF,Direct,Thematic,45790,INF769K01QI9,154188,NAV-verified,,,,,,,1,1,1,1,1,5,High Risk,OK,Verified ✓,14.13,N/A,N/A,N/A,N/A,BSE 500 TRI,10.42,N/A,N/A,N/A,N/A
Mirae Asset BSE India Defence ETF FoF Dir,Direct,Thematic,45811,INF769K01QI9,154188,NAV-verified,,,,,,,1,1,1,1,1,5,High Risk,OK,Verified ✓,N/A,N/A,N/A,N/A,N/A,BSE 500 TRI,N/A,N/A,N/A,N/A,N/A
Mirae Asset BSE Select IPO ETF,Direct,Thematic,45020,INF769K01OM6,153386,NAV-verified,,,,,,,1,1,1,1,1,5,High Risk,OK,Verified ✓,N/A,N/A,N/A,N/A,N/A,BSE 500 TRI,N/A,N/A,N/A,N/A,N/A
Mirae Asset BSE Select IPO ETF FoF Dir,Direct,Thematic,45023,INF769K01OM6,153386,NAV-verified,,,,,,,1,1,1,1,1,5,High Risk,OK,Verified ✓,3.14,N/A,N/A,N/A,N/A,BSE 500 TRI,10.42,N/A,N/A,N/A,N/A
Mirae Asset Multi Factor Passive FoF Dir,Direct,Thematic,45436,INF769K01PH3,153816,NAV-verified,,,,,,,1,1,1,1,1,5,High Risk,OK,Verified ✓,2.18,N/A,N/A,N/A,N/A,BSE 500 TRI,10.42,N/A,N/A,N/A,N/A
Mirae Asset Nifty India Internet ETF,Direct,Thematic,45250,INF769K01HY5,149787,NAV-verified,,,,,,,1,1,1,1,1,5,High Risk,OK,Verified ✓,N/A,N/A,N/A,N/A,N/A,BSE 500 TRI,N/A,N/A,N/A,N/A,N/A
Mirae Asset Nifty Metal ETF,Direct,Thematic,44588,INF769K01QO7,154217,NAV-verified,,,,,,,1,1,1,1,1,5,High Risk,OK,Verified ✓,N/A,N/A,N/A,N/A,N/A,BSE 500 TRI,N/A,N/A,N/A,N/A,N/A
Mirae Asset Nifty Metal ETF FoF Dir,Direct,Thematic,45833,INF769K01QO7,154217,NAV-verified,,,,,,,1,1,1,1,1,5,High Risk,OK,Verified ✓,58.3,N/A,N/A,N/A,N/A,BSE 500 TRI,10.42,N/A,N/A,N/A,N/A
Motilal Oswal Active Momentum Dir,Direct,Thematic,45002,INF247L01EP5,153364,NAV-verified,,,,,,,1,1,1,1,1,5,High Risk,OK,Verified ✓,N/A,N/A,N/A,N/A,N/A,BSE 500 TRI,N/A,N/A,N/A,N/A,N/A
Motilal Oswal BSE Select IPO ETF,Direct,Thematic,45639,ETF NOT IN AMFI NAV FILE,ETF NOT IN AMFI NAV FILE,Missing from AMFI Database,,,,,,,1,1,1,1,1,5,High Risk,NOT_FOUND,Neither code ETF NOT IN AMFI NAV FILE nor ISIN ETF NOT IN AMFI NAV FILE confirmed in NAV,25.63,N/A,N/A,N/A,N/A,BSE 500 TRI,10.42,N/A,N/A,N/A,N/A
Motilal Oswal Multi Factor Passive FoF Dir,Direct,Thematic,45874,INF247L01GT2,154239,Algorithm Match (84% Confidence),,,,,,,1,1,1,1,1,5,High Risk,NOT_FOUND,Neither code 154239 nor ISIN INF247L01GT2 confirmed in NAV,N/A,N/A,N/A,N/A,N/A,BSE 500 TRI,N/A,N/A,N/A,N/A,N/A
Motilal Oswal Nifty Capital Market ETF,Direct,Thematic,45051,INF247L01EB5,153138,NAV-verified,,,,,,,1,1,1,1,1,5,High Risk,OK,Verified ✓,N/A,N/A,N/A,N/A,N/A,BSE 500 TRI,N/A,N/A,N/A,N/A,N/A
Motilal Oswal Nifty Capital Market Index Dir,Direct,Thematic,44755,INF247L01EB5,153138,NAV-verified,,,,,,,1,1,1,1,1,5,High Risk,OK,Verified ✓,51.06,N/A,N/A,N/A,N/A,BSE 500 TRI,10.42,N/A,N/A,N/A,N/A
Motilal Oswal Nifty India Defence ETF,Direct,Thematic,44517,INF247L01CW5,152712,NAV-verified,,,,,,,1,1,1,1,1,5,High Risk,OK,Verified ✓,51.05,N/A,N/A,N/A,N/A,BSE 500 TRI,10.42,N/A,N/A,N/A,N/A
Motilal Oswal Nifty India Defence Index Dir,Direct,Thematic,44397,INF247L01CW5,152712,NAV-verified,,,,,,,1,1,1,1,1,5,High Risk,OK,Verified ✓,36.01,N/A,N/A,N/A,N/A,BSE 500 TRI,10.42,N/A,N/A,N/A,N/A
Motilal Oswal Nifty India Tourism ETF,Direct,Thematic,45240,ETF NOT IN AMFI NAV FILE,ETF NOT IN AMFI NAV FILE,Missing from AMFI Database,,,,,,,1,1,1,1,1,5,High Risk,NOT_FOUND,Neither code ETF NOT IN AMFI NAV FILE nor ISIN ETF NOT IN AMFI NAV FILE confirmed in NAV,35.95,N/A,N/A,N/A,N/A,BSE 500 TRI,10.42,N/A,N/A,N/A,N/A
Motilal Oswal Nifty MidSmall IT and Telecom Index Dir,Direct,Thematic,44682,INF247L01DY9,153029,NAV-verified,,,,,,,1,1,1,1,1,5,High Risk,OK,Verified ✓,N/A,N/A,N/A,N/A,N/A,BSE 500 TRI,N/A,N/A,N/A,N/A,N/A
Motilal Oswal Nifty Realty ETF,Direct,Thematic,44250,ETF NOT IN AMFI NAV FILE,ETF NOT IN AMFI NAV FILE,Missing from AMFI Database,,,,,,,1,1,1,1,1,5,High Risk,NOT_FOUND,Neither code ETF NOT IN AMFI NAV FILE nor ISIN ETF NOT IN AMFI NAV FILE confirmed in NAV,3.31,N/A,N/A,N/A,N/A,BSE 500 TRI,10.42,N/A,N/A,N/A,N/A
Motilal Oswal Nifty Services Sector ETF,Direct,Thematic,45660,ETF NOT IN AMFI NAV FILE,ETF NOT IN AMFI NAV FILE,Missing from AMFI Database,,,,,,,1,1,1,1,1,5,High Risk,NOT_FOUND,Neither code ETF NOT IN AMFI NAV FILE nor ISIN ETF NOT IN AMFI NAV FILE confirmed in NAV,-2.71,N/A,N/A,N/A,N/A,BSE 500 TRI,10.42,N/A,N/A,N/A,N/A
Motilal Oswal Services Dir,Direct,Thematic,45186,INF247L01FE6,153558,NAV-verified,,,,,,,1,1,1,1,1,5,High Risk,OK,Verified ✓,N/A,N/A,N/A,N/A,N/A,BSE 500 TRI,N/A,N/A,N/A,N/A,N/A
Motilal Oswal Special Opportunities Dir,Direct,Thematic,45393,INF247L01FS6,153749,NAV-verified,,,,,,,1,1,1,1,1,5,High Risk,OK,Verified ✓,N/A,N/A,N/A,N/A,N/A,BSE 500 TRI,N/A,N/A,N/A,N/A,N/A
Nippon India Active Momentum Dir,Direct,Thematic,44938,INF204KC1EK5,153274,NAV-verified,,,,,,,1,1,1,1,1,5,High Risk,OK,Verified ✓,N/A,N/A,N/A,N/A,N/A,BSE 500 TRI,N/A,N/A,N/A,N/A,N/A
Nippon India Nifty Realty Index Dir,Direct,Thematic,44712,INF204KC1DY8,153060,NAV-verified,,,,,,,1,1,1,1,1,5,High Risk,OK,Verified ✓,16.89,N/A,N/A,N/A,N/A,BSE 500 TRI,10.42,N/A,N/A,N/A,N/A
Quant Commodities Dir,Direct,Thematic,43966,INF966L01DF3,152255,NAV-verified,,,,,,,1,1,1,1,1,5,High Risk,OK,Verified ✓,-2.89,N/A,N/A,N/A,N/A,BSE 500 TRI,10.42,N/A,N/A,N/A,N/A
Quant Momentum Dir,Direct,Thematic,43882,INF966L01CZ3,152189,NAV-verified,,,,,,,1,1,1,1,1,5,High Risk,OK,Verified ✓,14.65,N/A,N/A,N/A,N/A,BSE 500 TRI,10.42,N/A,N/A,N/A,N/A
Quantum Ethical Dir,Direct,Thematic,44771,INF082J01473,153094,NAV-verified,,,,,,,1,1,1,1,1,5,High Risk,OK,Verified ✓,8.56,N/A,N/A,N/A,N/A,BSE 500 TRI,10.42,N/A,N/A,N/A,N/A
SBI Comma Dir,Direct,Thematic,17523,INF200K01SB6,119705,NAV-verified,6.18,0.95,0.83,15.78,19.07,1.24,12,10,3,4,2,31,Low Risk,OK,Verified ✓,7.39,N/A,N/A,N/A,N/A,BSE 500 TRI,10.42,N/A,N/A,N/A,N/A
SBI Equity Minimum Variance Dir,Direct,Thematic,39364,INF200KA1A71,146643,NAV-verified,-1.46,0.9,0.35,14.12,11.04,0.45,4,4,3,4,1,16,Moderately High Risk,OK,Verified ✓,26.03,21.41,15.08,18.49,17.78,BSE 500 TRI,10.42,15.47,13.24,13.98,14.69
SBI Quality Dir,Direct,Thematic,45793,INF200KB1AG6,154177,NAV-verified,,,,,,,1,1,1,1,1,5,High Risk,OK,Verified ✓,5.08,12.01,11.17,12.66,N/A,BSE 500 TRI,10.42,15.47,13.24,13.98,N/A
Samco Active Momentum Dir,Direct,Thematic,43515,INF0K1H01081,151753,NAV-verified,,,,,,,1,1,1,1,1,5,High Risk,OK,Verified ✓,N/A,N/A,N/A,N/A,N/A,BSE 500 TRI,N/A,N/A,N/A,N/A,N/A
Samco Special Opportunities Dir,Direct,Thematic,44280,INF0K1H01180,152586,NAV-verified,,,,,,,1,1,1,1,1,5,High Risk,OK,Verified ✓,-4.33,N/A,N/A,N/A,N/A,BSE 500 TRI,10.42,N/A,N/A,N/A,N/A
Shriram Multi Sector Rotation Dir,Direct,Thematic,44669,INF680P01455,153076,NAV-verified,,,,,,,1,1,1,1,1,5,High Risk,OK,Verified ✓,8.77,N/A,N/A,N/A,N/A,BSE 500 TRI,10.42,N/A,N/A,N/A,N/A
Sundaram Multi-Factor Dir,Direct,Thematic,45285,INF903JA1LV6,153669,NAV-verified,,,,,,,1,1,1,1,1,5,High Risk,OK,Verified ✓,2.24,N/A,N/A,N/A,N/A,BSE 500 TRI,10.42,N/A,N/A,N/A,N/A
Sundaram Services Dir,Direct,Thematic,37577,INF903JA1FA2,144835,NAV-verified,2.24,0.91,0.62,14.26,14.85,0.84,8,6,3,4,2,23,Moderate Risk,OK,Verified ✓,N/A,N/A,N/A,N/A,N/A,BSE 500 TRI,N/A,N/A,N/A,N/A,N/A
Tata BSE Select Business Groups Index Dir,Direct,Thematic,44792,INF277KA1DA2,153132,NAV-verified,,,,,,,1,1,1,1,1,5,High Risk,OK,Verified ✓,10.17,17.85,17.63,18.52,N/A,BSE 500 TRI,10.42,15.47,13.24,13.98,N/A
Tata Ethical Dir,Direct,Thematic,16683,INF277K01NG4,119172,NAV-verified,-3.62,0.91,0.21,14.29,9,0.26,2,2,3,4,1,12,High Risk,OK,Verified ✓,17.78,N/A,N/A,N/A,N/A,BSE 500 TRI,10.42,N/A,N/A,N/A,N/A
Tata Housing Opportunities Dir,Direct,Thematic,42447,INF277KA1497,150532,NAV-verified,-2.55,1.13,0.32,17.73,11.65,0.38,2,2,2,2,1,9,High Risk,OK,Verified ✓,3.62,10.15,10.41,13.81,12.41,BSE 500 TRI,10.42,15.47,13.24,13.98,14.69
Tata Nifty Capital Markets Index Fund Dir,Direct,Thematic,44638,INF277KA1CO5,152951,NAV-verified,,,,,,,1,1,1,1,1,5,High Risk,OK,Verified ✓,7.59,13.1,N/A,N/A,N/A,BSE 500 TRI,10.42,15.47,N/A,N/A,N/A
Tata Nifty India Tourism Index Dir,Direct,Thematic,44426,INF277KA1CC0,152742,NAV-verified,,,,,,,1,1,1,1,1,5,High Risk,OK,Verified ✓,50.38,N/A,N/A,N/A,N/A,BSE 500 TRI,10.42,N/A,N/A,N/A,N/A
Tata Nifty Realty Index Dir,Direct,Thematic,44261,INF277KA1AO9,152570,NAV-verified,,,,,,,1,1,1,1,1,5,High Risk,OK,Verified ✓,-16.34,N/A,N/A,N/A,N/A,BSE 500 TRI,10.42,N/A,N/A,N/A,N/A
Taurus Ethical Dir,Direct,Thematic,16658,INF044D01CJ0,118876,NAV-verified,1.57,0.95,0.56,15.05,14.46,0.71,8,6,3,4,1,22,Moderate Risk,OK,Verified ✓,-2.91,N/A,N/A,N/A,N/A,BSE 500 TRI,10.42,N/A,N/A,N/A,N/A
The Wealth Company Ethical Dir,Direct,Thematic,45525,INF2F0001214,153895,NAV-verified,,,,,,,1,1,1,1,1,5,High Risk,OK,Verified ✓,8.76,16.15,11.87,14.48,13.85,BSE 500 TRI,10.42,15.47,13.24,13.98,14.69
UTI BSE Housing Index Dir,Direct,Thematic,43521,INF789F1AYR1,151764,NAV-verified,,,,,,,1,1,1,1,1,5,High Risk,OK,Verified ✓,N/A,N/A,N/A,N/A,N/A,BSE 500 TRI,N/A,N/A,N/A,N/A,N/A
Union Active Momentum Dir,Direct,Thematic,44784,INF582M01KG9,153109,NAV-verified,,,,,,,1,1,1,1,1,5,High Risk,OK,Verified ✓,1.59,N/A,N/A,N/A,N/A,BSE 500 TRI,10.42,N/A,N/A,N/A,N/A
WhiteOak Capital Quality Equity Dir,Direct,Thematic,44853,INF03VN01977,153189,NAV-verified,,,,,,,1,1,1,1,1,5,High Risk,OK,Verified ✓,11.1,N/A,N/A,N/A,N/A,BSE 500 TRI,10.42,N/A,N/A,N/A,N/A
WhiteOak Capital Special Opportunities Dir,Direct,Thematic,44333,INF03VN01902,152644,NAV-verified,,,,,,,1,1,1,1,1,5,High Risk,OK,Verified ✓,3.14,N/A,N/A,N/A,N/A,BSE 500 TRI,10.42,N/A,N/A,N/A,N/A
ABSL MNC Dir,Direct,Thematic-Consumption,15872,INF209K01VT3,119646,NAV-verified,-1.92,0.95,0.32,15.57,10.97,0.43,4,2,3,4,1,14,Moderately High Risk,OK,Verified ✓,16.89,N/A,N/A,N/A,N/A,BSE 500 TRI,10.42,N/A,N/A,N/A,N/A
HDFC MNC Dir,Direct,Thematic-Consumption,43179,INF179KC1FC0,151458,NAV-verified,-4.99,0.96,0.13,15.2,7.96,0.14,2,2,3,3,1,11,High Risk,OK,Verified ✓,6.93,12.37,6.96,7.69,9.31,BSE 500 TRI,10.42,15.47,13.24,13.98,14.69
ICICI Pru MNC Dir,Direct,Thematic-Consumption,39977,INF109KC1D93,147346,NAV-verified,1.64,0.81,0.58,12.78,13.5,0.63,8,6,4,5,1,24,Moderate Risk,OK,Verified ✓,9.29,9.77,N/A,N/A,N/A,BSE 500 TRI,10.42,15.47,N/A,N/A,N/A
Kotak MNC Dir,Direct,Thematic-Consumption,44579,INF174KA1TG9,152910,NAV-verified,,,,,,,1,1,1,1,1,5,High Risk,OK,Verified ✓,13.34,15.28,14.09,N/A,N/A,BSE 500 TRI,10.42,15.47,13.24,N/A,N/A
Kotak Nifty MNC ETF,Direct,Thematic-Consumption,42418,ETF NOT IN AMFI NAV FILE,ETF NOT IN AMFI NAV FILE,Missing from AMFI Database,1.74,0.93,0.55,15.38,14.49,0.58,8,6,3,4,1,22,Moderate Risk,NOT_FOUND,Neither code ETF NOT IN AMFI NAV FILE nor ISIN ETF NOT IN AMFI NAV FILE confirmed in NAV,25.94,N/A,N/A,N/A,N/A,BSE 500 TRI,10.42,N/A,N/A,N/A,N/A
Motilal Oswal Nifty MNC ETF,Direct,Thematic-Consumption,45678,ETF NOT IN AMFI NAV FILE,ETF NOT IN AMFI NAV FILE,Missing from AMFI Database,,,,,,,1,1,1,1,1,5,High Risk,NOT_FOUND,Neither code ETF NOT IN AMFI NAV FILE nor ISIN ETF NOT IN AMFI NAV FILE confirmed in NAV,20.42,17.35,N/A,N/A,N/A,BSE 500 TRI,10.42,15.47,N/A,N/A,N/A
Nippon India MNC Dir,Direct,Thematic-Consumption,45296,INF204KC1FR7,153693,NAV-verified,,,,,,,1,1,1,1,1,5,High Risk,OK,Verified ✓,N/A,N/A,N/A,N/A,N/A,BSE 500 TRI,N/A,N/A,N/A,N/A,N/A
SBI MNC Dir,Direct,Thematic-Consumption,16224,INF200K01SN1,119711,NAV-verified,-4.54,0.71,0.05,11.9,6.58,0.06,2,1,5,6,1,15,Moderately High Risk,OK,Verified ✓,N/A,N/A,N/A,N/A,N/A,BSE 500 TRI,N/A,N/A,N/A,N/A,N/A
UTI MNC Dir,Direct,Thematic-Consumption,15820,INF789F01UD0,120682,NAV-verified,-1.5,0.9,0.35,14.01,10.99,0.41,4,4,3,4,1,16,Moderately High Risk,OK,Verified ✓,8.17,8.05,9.29,11.95,11.43,BSE 500 TRI,10.42,15.47,13.24,13.98,14.69
Baroda BNP Paribas Energy Opportunities Dir,Direct,Thematic-Dividend Yield,44850,INF251K01UJ8,153225,NAV-verified,,,,,,,1,1,1,1,1,5,High Risk,OK,Verified ✓,9.65,12.55,10.51,10.65,11.02,BSE 500 TRI,10.42,15.47,13.24,13.98,14.69
DSP Natural Resources and New Energy Dir,Direct,Thematic-Dividend Yield,16988,INF740K01QA7,119028,NAV-verified,9.2,0.63,1.08,15.64,22.97,1.9,12,12,3,6,3,36,Very Low Risk,OK,Verified ✓,15.22,N/A,N/A,N/A,N/A,BSE Energy TRI,13.68,N/A,N/A,N/A,N/A
ICICI Pru Energy Opportunities Dir,Direct,Thematic-Dividend Yield,44418,INF109KC12W6,152728,NAV-verified,,,,,,,1,1,1,1,1,5,High Risk,OK,Verified ✓,40.96,25.3,20.14,20,20.35,BSE Energy TRI,13.68,18.12,15.94,16.06,19.19
Kotak Energy Opportunities Dir,Direct,Thematic-Dividend Yield,45066,INF174KA1VX0,153447,NAV-verified,,,,,,,1,1,1,1,1,5,High Risk,OK,Verified ✓,20.33,N/A,N/A,N/A,N/A,BSE Energy TRI,13.68,N/A,N/A,N/A,N/A
Mirae Asset Nifty Energy ETF,Direct,Thematic-Dividend Yield,45587,INF769K01QO7,154217,NAV-verified,,,,,,,1,1,1,1,1,5,High Risk,OK,Verified ✓,N/A,N/A,N/A,N/A,N/A,BSE Energy TRI,N/A,N/A,N/A,N/A,N/A
Motilal Oswal Nifty Energy ETF,Direct,Thematic-Dividend Yield,45556,ETF NOT IN AMFI NAV FILE,ETF NOT IN AMFI NAV FILE,Missing from AMFI Database,,,,,,,1,1,1,1,1,5,High Risk,NOT_FOUND,Neither code ETF NOT IN AMFI NAV FILE nor ISIN ETF NOT IN AMFI NAV FILE confirmed in NAV,N/A,N/A,N/A,N/A,N/A,BSE Energy TRI,N/A,N/A,N/A,N/A,N/A
SBI Energy Opportunities Dir,Direct,Thematic-Dividend Yield,44146,INF200KB1126,152417,NAV-verified,,,,,,,1,1,1,1,1,5,High Risk,OK,Verified ✓,N/A,N/A,N/A,N/A,N/A,BSE Energy TRI,N/A,N/A,N/A,N/A,N/A
Tata Resources & Energy Dir,Direct,Thematic-Dividend Yield,31364,INF277K015B9,135813,NAV-verified,3.26,0.67,0.72,16.06,17.56,1.08,10,8,3,6,2,29,Low Risk,OK,Verified ✓,12.77,N/A,N/A,N/A,N/A,BSE Energy TRI,13.68,N/A,N/A,N/A,N/A
ABSL ESG Integration Strategy Dir,Direct,Thematic-ESG,41221,INF209KB1U76,148637,NAV-verified,1.41,0.99,0.49,14.48,13.1,0.59,6,4,3,3,1,17,Moderately High Risk,OK,Verified ✓,17.86,20.12,16.36,20.34,18.21,BSE Energy TRI,13.68,18.12,15.94,16.06,19.19
Axis ESG Integration Strategy Dir,Direct,Thematic-ESG,40536,INF846K01W23,147928,NAV-verified,-0.33,0.92,0.37,13.22,10.96,0.47,4,4,4,4,1,17,Moderately High Risk,OK,Verified ✓,12.34,15.88,11.81,N/A,N/A,BSE 100 TRI,9.21,13.75,12.37,N/A,N/A
Baroda BNP Paribas ESG Best-in-class strategy Dir,Direct,Thematic-ESG,45837,INF251K01VP3,154195,Algorithm Match (85% Confidence),,,,,,,1,1,1,1,1,5,High Risk,NOT_FOUND,Neither code 154195 nor ISIN INF251K01VP3 confirmed in NAV,5.3,12.63,8.98,N/A,N/A,BSE 100 TRI,9.21,13.75,12.37,N/A,N/A
ICICI Pru ESG Exclusionary Strategy Dir,Direct,Thematic-ESG,41127,INF109KC1O09,148516,NAV-verified,3.64,0.96,0.64,14.14,15.15,0.88,10,6,3,3,2,24,Moderate Risk,OK,Verified ✓,N/A,N/A,N/A,N/A,N/A,BSE 100 TRI,N/A,N/A,N/A,N/A,N/A
Invesco India ESG Integration Strategy Dir,Direct,Thematic-ESG,41339,INF205KA1338,148751,NAV-verified,-1.73,0.99,0.27,14.75,9.97,0.33,4,2,3,3,1,13,Moderately High Risk,OK,Verified ✓,6.26,17.4,13.27,N/A,N/A,BSE 100 TRI,9.21,13.75,12.37,N/A,N/A
Kotak ESG Exclusionary Strategy Dir,Direct,Thematic-ESG,41202,INF174KA1FI4,148606,NAV-verified,0.8,0.95,0.46,13.57,12.3,0.52,6,4,4,4,1,19,Moderately High Risk,OK,Verified ✓,2.22,12.24,11,N/A,N/A,BSE 100 TRI,9.21,13.75,12.37,N/A,N/A
Mirae Asset Nifty 100 ESG Sector Leaders ETF,Direct,Thematic-ESG,41157,INF769K01GQ3,148574,NAV-verified,-0.9,0.95,0.34,13.32,10.58,0.43,4,2,4,4,1,15,Moderately High Risk,OK,Verified ✓,10.46,14.52,10.8,N/A,N/A,BSE 100 TRI,9.21,13.75,12.37,N/A,N/A
Mirae Asset Nifty 100 ESG Sector Leaders FoF Dir,Direct,Thematic-ESG,41160,INF769K01GQ3,148574,NAV-verified,-0.96,0.95,0.34,13.35,10.52,0.42,4,2,4,4,1,15,Moderately High Risk,OK,Verified ✓,8.16,12.64,9.87,N/A,N/A,BSE 100 TRI,9.21,13.75,12.37,N/A,N/A
Quant ESG Integration Strategy Dir,Direct,Thematic-ESG,41165,INF966L01AD4,148564,NAV-verified,2.11,1.14,0.48,17.98,14.65,0.69,8,4,2,2,1,17,Moderately High Risk,OK,Verified ✓,8.07,12.51,9.64,N/A,N/A,BSE 100 TRI,9.21,13.75,12.37,N/A,N/A
Quantum ESG Best In Class Strategy Dir,Direct,Thematic-ESG,40010,INF082J01382,147372,NAV-verified,-1.67,1.01,0.28,14.58,10.13,0.32,4,2,3,3,1,13,Moderately High Risk,OK,Verified ✓,10.77,17.08,19.52,N/A,N/A,BSE 100 TRI,9.21,13.75,12.37,N/A,N/A
SBI ESG Exclusionary Strategy Dir,Direct,Thematic-ESG,16219,INF200K01SE0,119709,NAV-verified,-0.46,0.97,0.37,13.89,11.15,0.41,4,4,4,3,1,16,Moderately High Risk,OK,Verified ✓,6.04,12.42,9.87,N/A,N/A,BSE 100 TRI,9.21,13.75,12.37,N/A,N/A
WhiteOak Capital ESG Best-In-Class Strategy Dir,Direct,Thematic-ESG,44645,INF03VN01951,152962,NAV-verified,,,,,,,1,1,1,1,1,5,High Risk,OK,Verified ✓,9.48,13.61,11.72,12.87,13.29,BSE 100 TRI,9.21,13.75,12.37,13,14.14
ABSL Nifty PSE ETF,Direct,Thematic-Energy,44301,INF209KB17F0,149781,NAV-verified,,,,,,,1,1,1,1,1,5,High Risk,OK,Verified ✓,6.2,N/A,N/A,N/A,N/A,BSE 100 TRI,9.21,N/A,N/A,N/A,N/A
ABSL PSU Equity Dir,Direct,Thematic-Energy,40480,INF209KB1O82,147844,NAV-verified,-1.92,0.96,0.92,22.89,27.13,1.45,4,10,1,3,2,20,Moderate Risk,OK,Verified ✓,14.92,N/A,N/A,N/A,N/A,BSE PSU TRI,23.33,N/A,N/A,N/A,N/A
CPSE ETF,Direct,Thematic-Energy,25711,ETF NOT IN AMFI NAV FILE,ETF NOT IN AMFI NAV FILE,Missing from AMFI Database,7,0.85,1.29,21.29,33.41,2.12,12,12,2,5,4,35,Very Low Risk,NOT_FOUND,Neither code ETF NOT IN AMFI NAV FILE nor ISIN ETF NOT IN AMFI NAV FILE confirmed in NAV,20.81,30.48,27.83,N/A,N/A,BSE PSU TRI,23.33,33.76,29.98,N/A,N/A
Groww Nifty India Railways PSU ETF,Direct,Thematic-Energy,44875,INF666M01JK4,153230,NAV-verified,,,,,,,1,1,1,1,1,5,High Risk,OK,Verified ✓,23.52,36.43,35.58,21.06,18.23,BSE PSU TRI,23.33,33.76,29.98,19.98,17.15
Groww Nifty India Railways PSU Index Dir,Direct,Thematic-Energy,44878,INF666M01JK4,153230,NAV-verified,,,,,,,1,1,1,1,1,5,High Risk,OK,Verified ✓,-7.18,N/A,N/A,N/A,N/A,BSE PSU TRI,23.33,N/A,N/A,N/A,N/A
Groww Nifty PSE ETF,Direct,Thematic-Energy,45783,INF666M01NS9,154172,NAV-verified,,,,,,,1,1,1,1,1,5,High Risk,OK,Verified ✓,-7.43,N/A,N/A,N/A,N/A,BSE PSU TRI,23.33,N/A,N/A,N/A,N/A
Groww Nifty PSE ETF FOF Dir,Direct,Thematic-Energy,45786,INF666M01NS9,154172,NAV-verified,,,,,,,1,1,1,1,1,5,High Risk,OK,Verified ✓,N/A,N/A,N/A,N/A,N/A,BSE PSU TRI,N/A,N/A,N/A,N/A,N/A
ICICI Pru PSU Equity Dir,Direct,Thematic-Energy,42451,INF109KC12I5,150539,NAV-verified,-0.07,0.83,1,19.77,25.86,1.61,4,12,2,5,3,26,Moderate Risk,OK,Verified ✓,N/A,N/A,N/A,N/A,N/A,BSE PSU TRI,N/A,N/A,N/A,N/A,N/A
Invesco India PSU Equity Dir,Direct,Thematic-Energy,16831,INF205K01NG5,120395,NAV-verified,-1.76,0.96,0.91,23.41,27.27,1.38,4,10,1,3,2,20,Moderate Risk,OK,Verified ✓,16.08,29.11,N/A,N/A,N/A,BSE PSU TRI,23.33,33.76,N/A,N/A,N/A
Kotak BSE PSU Index Dir,Direct,Thematic-Energy,44430,INF174KA1SL1,152755,NAV-verified,,,,,,,1,1,1,1,1,5,High Risk,OK,Verified ✓,20.88,31.42,26.58,22.68,19.48,BSE PSU TRI,23.33,33.76,29.98,19.98,17.15
Motilal Oswal Nifty PSE ETF,Direct,Thematic-Energy,45230,ETF NOT IN AMFI NAV FILE,ETF NOT IN AMFI NAV FILE,Missing from AMFI Database,,,,,,,1,1,1,1,1,5,High Risk,NOT_FOUND,Neither code ETF NOT IN AMFI NAV FILE nor ISIN ETF NOT IN AMFI NAV FILE confirmed in NAV,24.11,N/A,N/A,N/A,N/A,BSE PSU TRI,23.33,N/A,N/A,N/A,N/A
Quant PSU Dir,Direct,Thematic-Energy,44142,INF966L01DT4,152415,NAV-verified,,,,,,,1,1,1,1,1,5,High Risk,OK,Verified ✓,N/A,N/A,N/A,N/A,N/A,BSE PSU TRI,N/A,N/A,N/A,N/A,N/A
SBI PSU Dir,Direct,Thematic-Energy,16311,INF200K01UY4,119732,NAV-verified,1.1,0.94,1.04,22.62,29.59,1.69,6,12,1,4,3,26,Moderate Risk,OK,Verified ✓,9.26,N/A,N/A,N/A,N/A,BSE PSU TRI,23.33,N/A,N/A,N/A,N/A
ABSL Consumption Dir,Direct,Thematic-Infrastructure,15834,INF209K01WC7,119591,NAV-verified,-1.98,0.8,0.42,15.12,12.42,0.51,4,4,3,5,1,17,Moderately High Risk,OK,Verified ✓,23.8,33.75,28.47,20.21,16.82,BSE PSU TRI,23.33,33.76,29.98,19.98,17.15
Axis Consumption Dir,Direct,Thematic-Infrastructure,44466,INF846K013X0,152805,NAV-verified,,,,,,,1,1,1,1,1,5,High Risk,OK,Verified ✓,3.29,14.48,13.52,14.84,15.77,BSE 500 TRI,10.42,15.47,13.24,13.98,14.69
Axis NIFTY India Consumption ETF,Direct,Thematic-Infrastructure,41685,ETF NOT IN AMFI NAV FILE,ETF NOT IN AMFI NAV FILE,Missing from AMFI Database,-0.63,0.82,0.5,15.85,14.02,0.59,4,6,3,5,1,19,Moderately High Risk,NOT_FOUND,Neither code ETF NOT IN AMFI NAV FILE nor ISIN ETF NOT IN AMFI NAV FILE confirmed in NAV,2.17,N/A,N/A,N/A,N/A,BSE 500 TRI,10.42,N/A,N/A,N/A,N/A
Bajaj Finserv Consumption Dir,Direct,Thematic-Infrastructure,44689,INF0QA701946,153075,NAV-verified,,,,,,,1,1,1,1,1,5,High Risk,OK,Verified ✓,5.13,16.25,N/A,N/A,N/A,BSE 500 TRI,10.42,15.47,N/A,N/A,N/A
Bank of India Consumption Dir,Direct,Thematic-Infrastructure,44808,INF761K01GI7,153139,NAV-verified,,,,,,,1,1,1,1,1,5,High Risk,OK,Verified ✓,-0.72,N/A,N/A,N/A,N/A,BSE 500 TRI,10.42,N/A,N/A,N/A,N/A
Baroda BNP Paribas India Consumption Dir,Direct,Thematic-Infrastructure,37339,INF251K01PT7,150266,NAV-verified,-0.95,0.81,0.49,15.28,13.55,0.55,4,4,3,5,1,17,Moderately High Risk,OK,Verified ✓,10.52,N/A,N/A,N/A,N/A,BSE 500 TRI,10.42,N/A,N/A,N/A,N/A
Canara Robeco Consumer Trends Dir,Direct,Thematic-Infrastructure,16600,INF760K01DU1,118273,NAV-verified,-1.61,0.81,0.45,15.32,12.89,0.54,4,4,3,5,1,17,Moderately High Risk,OK,Verified ✓,1.45,15.68,13.99,16.4,N/A,BSE 500 TRI,10.42,15.47,13.24,13.98,N/A
Edelweiss Consumption Dir,Direct,Thematic-Infrastructure,44882,INF754K01TY2,153214,NAV-verified,,,,,,,1,1,1,1,1,5,High Risk,OK,Verified ✓,3.74,15.55,14.24,16.14,17.36,BSE 500 TRI,10.42,15.47,13.24,13.98,14.69
Groww Nifty Non-Cyclical Consumer Index Dir,Direct,Thematic-Infrastructure,44325,INF666M01IE9,152637,NAV-verified,,,,,,,1,1,1,1,1,5,High Risk,OK,Verified ✓,5.85,N/A,N/A,N/A,N/A,BSE 500 TRI,10.42,N/A,N/A,N/A,N/A
HDFC Consumption Dir,Direct,Thematic-Infrastructure,43559,INF179KC1GO3,151804,NAV-verified,,,,,,,1,1,1,1,1,5,High Risk,OK,Verified ✓,-4.04,N/A,N/A,N/A,N/A,BSE 500 TRI,10.42,N/A,N/A,N/A,N/A
HDFC Nifty India Consumption Index Dir,Direct,Thematic-Infrastructure,45800,INF179KC1KA4,154179,NAV-verified,,,,,,,1,1,1,1,1,5,High Risk,OK,Verified ✓,-0.03,N/A,N/A,N/A,N/A,BSE 500 TRI,10.42,N/A,N/A,N/A,N/A
HSBC Consumption Dir,Direct,Thematic-Infrastructure,43710,INF336L01QZ9,152032,NAV-verified,,,,,,,1,1,1,1,1,5,High Risk,OK,Verified ✓,N/A,N/A,N/A,N/A,N/A,BSE 500 TRI,N/A,N/A,N/A,N/A,N/A
ICICI Pru Bharat Consumption Dir,Direct,Thematic-Infrastructure,39672,INF109KC1YD4,146951,NAV-verified,-0.99,0.75,0.48,14.45,12.93,0.55,4,4,3,6,1,18,Moderately High Risk,OK,Verified ✓,7.11,N/A,N/A,N/A,N/A,BSE 500 TRI,10.42,N/A,N/A,N/A,N/A
ICICI Pru Nifty India Consumption ETF,Direct,Thematic-Infrastructure,41802,ETF NOT IN AMFI NAV FILE,ETF NOT IN AMFI NAV FILE,Missing from AMFI Database,-0.45,0.83,0.52,15.88,14.21,0.6,4,6,3,5,1,19,Moderately High Risk,NOT_FOUND,Neither code ETF NOT IN AMFI NAV FILE nor ISIN ETF NOT IN AMFI NAV FILE confirmed in NAV,3.48,14.96,15.17,N/A,N/A,BSE 500 TRI,10.42,15.47,13.24,N/A,N/A
ITI Bharat Consumption Dir,Direct,Thematic-Infrastructure,44922,INF00XX01DG1,153260,NAV-verified,,,,,,,1,1,1,1,1,5,High Risk,OK,Verified ✓,5.3,16.47,N/A,N/A,N/A,BSE 500 TRI,10.42,15.47,N/A,N/A,N/A
Invesco India Consumption Dir,Direct,Thematic-Infrastructure,45529,INF205KA1BI6,153900,NAV-verified,,,,,,,1,1,1,1,1,5,High Risk,OK,Verified ✓,5.43,N/A,N/A,N/A,N/A,BSE 500 TRI,10.42,N/A,N/A,N/A,N/A
Kotak Consumption Dir,Direct,Thematic-Infrastructure,43860,INF174KA1PP8,152169,NAV-verified,,,,,,,1,1,1,1,1,5,High Risk,OK,Verified ✓,N/A,N/A,N/A,N/A,N/A,BSE 500 TRI,N/A,N/A,N/A,N/A,N/A
Kotak NIFTY India Consumption ETF,Direct,Thematic-Infrastructure,42398,INF174KA1SZ1,152870,NAV-verified,-0.37,0.83,0.52,15.87,14.29,0.61,4,6,3,5,1,19,Moderately High Risk,OK,Verified ✓,10.73,N/A,N/A,N/A,N/A,BSE 500 TRI,10.42,N/A,N/A,N/A,N/A
LIC MF Consumption Dir,Direct,Thematic-Infrastructure,45568,INF767K01SD0,153948,NAV-verified,,,,,,,1,1,1,1,1,5,High Risk,OK,Verified ✓,5.38,16.56,N/A,N/A,N/A,BSE 500 TRI,10.42,15.47,N/A,N/A,N/A
Mahindra Manulife Consumption Dir,Direct,Thematic-Infrastructure,37847,INF174V01663,145356,NAV-verified,-1.35,0.82,0.47,15.32,13.3,0.54,4,4,3,5,1,17,Moderately High Risk,OK,Verified ✓,N/A,N/A,N/A,N/A,N/A,BSE 500 TRI,N/A,N/A,N/A,N/A,N/A
Mirae Asset Great Consumer Dir,Direct,Thematic-Infrastructure,16584,INF769K01BL5,118837,NAV-verified,-1.25,0.88,0.48,16.55,14.02,0.57,4,4,3,4,1,16,Moderately High Risk,OK,Verified ✓,3.04,15.14,13.78,12.58,N/A,BSE 500 TRI,10.42,15.47,13.24,13.98,N/A
Mirae Asset Nifty India New Age Consumption ETF,Direct,Thematic-Infrastructure,44832,INF769K01NR7,153193,NAV-verified,,,,,,,1,1,1,1,1,5,High Risk,OK,Verified ✓,5.42,16.31,15.43,15.78,17.35,BSE 500 TRI,10.42,15.47,13.24,13.98,14.69
Mirae Asset Nifty India New Age Consumption ETF FoF Dir,Direct,Thematic-Infrastructure,44835,INF769K01NR7,153193,NAV-verified,,,,,,,1,1,1,1,1,5,High Risk,OK,Verified ✓,7.48,N/A,N/A,N/A,N/A,BSE 500 TRI,10.42,N/A,N/A,N/A,N/A
Motilal Oswal Consumption Dir,Direct,Thematic-Infrastructure,45543,INF247L01GA2,153913,NAV-verified,,,,,,,1,1,1,1,1,5,High Risk,OK,Verified ✓,7.21,N/A,N/A,N/A,N/A,BSE 500 TRI,10.42,N/A,N/A,N/A,N/A
Motilal Oswal Nifty MidSmall India Consumption Index Dir,Direct,Thematic-Infrastructure,44680,INF247L01DU7,153025,NAV-verified,,,,,,,1,1,1,1,1,5,High Risk,OK,Verified ✓,N/A,N/A,N/A,N/A,N/A,BSE 500 TRI,N/A,N/A,N/A,N/A,N/A
Nippon India Consumption Dir,Direct,Thematic-Infrastructure,16131,INF204K01G29,118722,NAV-verified,-1.72,0.8,0.43,15.43,12.68,0.49,4,4,3,5,1,17,Moderately High Risk,OK,Verified ✓,-5.06,N/A,N/A,N/A,N/A,BSE 500 TRI,10.42,N/A,N/A,N/A,N/A
Nippon India ETF Nifty India Consumption,Direct,Thematic-Infrastructure,25700,ETF NOT IN AMFI NAV FILE,ETF NOT IN AMFI NAV FILE,Missing from AMFI Database,-0.58,0.82,0.51,15.86,14.07,0.59,4,6,3,5,1,19,Moderately High Risk,NOT_FOUND,Neither code ETF NOT IN AMFI NAV FILE nor ISIN ETF NOT IN AMFI NAV FILE confirmed in NAV,-0.77,14.59,16.23,17.06,14.42,BSE 500 TRI,10.42,15.47,13.24,13.98,14.69
Quant Consumption Dir,Direct,Thematic-Infrastructure,44053,INF966L01DN7,152336,NAV-verified,,,,,,,1,1,1,1,1,5,High Risk,OK,Verified ✓,5.18,16.32,13.83,13.6,13.71,BSE 500 TRI,10.42,15.47,13.24,13.98,14.69
SBI Consumption Opportunities Dir,Direct,Thematic-Infrastructure,17525,INF200K01RM5,120575,NAV-verified,-3.43,0.83,0.33,15.83,11.26,0.41,2,2,3,5,1,13,Moderately High Risk,OK,Verified ✓,-4.98,N/A,N/A,N/A,N/A,BSE 500 TRI,10.42,N/A,N/A,N/A,N/A
SBI Nifty Consumption ETF,Direct,Thematic-Infrastructure,41572,INF200KB1449,153015,NAV-verified,-0.53,0.83,0.51,15.88,14.13,0.6,4,6,3,5,1,19,Moderately High Risk,OK,Verified ✓,-2.42,12.93,15.79,14.37,15.52,BSE 500 TRI,10.42,15.47,13.24,13.98,14.69
SBI Nifty India Consmpn Index Dir,Direct,Thematic-Infrastructure,44672,INF200KB1449,153015,NAV-verified,,,,,,,1,1,1,1,1,5,High Risk,OK,Verified ✓,5.22,16.38,N/A,N/A,N/A,BSE 500 TRI,10.42,15.47,N/A,N/A,N/A
Sundaram Consumption Dir,Direct,Thematic-Infrastructure,16163,INF903J01NH5,119595,NAV-verified,-1.94,0.82,0.42,15.68,12.62,0.48,4,4,3,5,1,17,Moderately High Risk,OK,Verified ✓,5.09,N/A,N/A,N/A,N/A,BSE 500 TRI,10.42,N/A,N/A,N/A,N/A
Tata BSE Multicap Consmpn 50:30:20 Index Dir,Direct,Thematic-Infrastructure,45705,INF277KA1EP8,154066,NAV-verified,,,,,,,1,1,1,1,1,5,High Risk,OK,Verified ✓,-0.29,14.68,13.02,12.26,13.9,BSE 500 TRI,10.42,15.47,13.24,13.98,14.69
Tata India Consumer Dir,Direct,Thematic-Infrastructure,31360,INF277K013A6,135805,NAV-verified,0.88,0.79,0.59,15.53,15.2,0.72,6,6,3,5,1,21,Moderate Risk,OK,Verified ✓,N/A,N/A,N/A,N/A,N/A,BSE 500 TRI,N/A,N/A,N/A,N/A,N/A
UTI India Consumer Dir,Direct,Thematic-Infrastructure,15894,INF789F01VF3,120780,NAV-verified,-2.39,0.84,0.41,15.9,12.47,0.46,2,4,3,5,1,15,Moderately High Risk,OK,Verified ✓,5.96,18.34,15.15,15.25,17.67,BSE 500 TRI,10.42,15.47,13.24,13.98,14.69
Union Consumption Dir,Direct,Thematic-Infrastructure,45669,INF582M01MH3,154020,NAV-verified,,,,,,,1,1,1,1,1,5,High Risk,OK,Verified ✓,4.93,14.78,11.95,12.35,12.34,BSE 500 TRI,10.42,15.47,13.24,13.98,14.69
WhiteOak Capital Consumption Opportunities Dir,Direct,Thematic-Infrastructure,45780,INF03VN01AD3,154161,NAV-verified,,,,,,,1,1,1,1,1,5,High Risk,OK,Verified ✓,N/A,N/A,N/A,N/A,N/A,BSE 500 TRI,N/A,N/A,N/A,N/A,N/A
360 ONE Silver ETF,Direct,Thematic-PSU,45054,ETF NOT IN AMFI NAV FILE,ETF NOT IN AMFI NAV FILE,Missing from AMFI Database,,,,,,,1,1,1,1,1,5,High Risk,NOT_FOUND,Neither code ETF NOT IN AMFI NAV FILE nor ISIN ETF NOT IN AMFI NAV FILE confirmed in NAV,N/A,N/A,N/A,N/A,N/A,BSE 500 TRI,N/A,N/A,N/A,N/A,N/A
ABSL Silver ETF,Direct,Thematic-PSU,42016,INF209KB17F0,149781,NAV-verified,-1.09,0.99,0.94,42.11,45.63,2.05,4,10,1,3,4,22,Moderate Risk,OK,Verified ✓,158.15,N/A,N/A,N/A,N/A,N/A,N/A,N/A,N/A,N/A,N/A
ABSL Silver ETF FoF Dir,Direct,Thematic-PSU,42019,INF209KB17F0,149781,NAV-verified,2.45,0.84,1.02,36.38,43.11,2.3,8,12,1,5,4,30,Low Risk,OK,Verified ✓,159.86,45.51,N/A,N/A,N/A,N/A,N/A,N/A,N/A,N/A,N/A
Angel One Silver ETF,Direct,Thematic-PSU,45828,INF1J2R01155,154206,Algorithm Match (91% Confidence),,,,,,,1,1,1,1,1,5,High Risk,NOT_FOUND,Neither code 154206 nor ISIN INF1J2R01155 confirmed in NAV,154.49,44.87,N/A,N/A,N/A,N/A,N/A,N/A,N/A,N/A,N/A
Angel One Silver ETF FoF Dir,Direct,Thematic-PSU,45827,INF1J2R01155,154206,Algorithm Match (95% Confidence),,,,,,,1,1,1,1,1,5,High Risk,NOT_FOUND,Neither code 154206 nor ISIN INF1J2R01155 confirmed in NAV,N/A,N/A,N/A,N/A,N/A,N/A,N/A,N/A,N/A,N/A,N/A
Axis Silver ETF,Direct,Thematic-PSU,42522,ETF NOT IN AMFI NAV FILE,ETF NOT IN AMFI NAV FILE,Missing from AMFI Database,-0.23,0.98,0.96,41.97,46.3,2.03,4,10,1,3,4,22,Moderate Risk,NOT_FOUND,Neither code ETF NOT IN AMFI NAV FILE nor ISIN ETF NOT IN AMFI NAV FILE confirmed in NAV,N/A,N/A,N/A,N/A,N/A,N/A,N/A,N/A,N/A,N/A,N/A
Axis Silver FoF Dir,Direct,Thematic-PSU,42525,INF846KA1408,154078,NAV-verified,2.99,0.83,1.03,36.05,43.33,2.33,8,12,1,5,4,30,Low Risk,OK,Verified ✓,159.24,46.06,N/A,N/A,N/A,N/A,N/A,N/A,N/A,N/A,N/A
Bandhan Silver ETF,Direct,Thematic-PSU,45671,INF194KB1KN9,154136,NAV-verified,,,,,,,1,1,1,1,1,5,High Risk,OK,Verified ✓,153.4,45.25,N/A,N/A,N/A,N/A,N/A,N/A,N/A,N/A,N/A
Bandhan Silver ETF FoF Dir,Direct,Thematic-PSU,45734,INF194KB1KN9,154136,NAV-verified,,,,,,,1,1,1,1,1,5,High Risk,OK,Verified ✓,N/A,N/A,N/A,N/A,N/A,N/A,N/A,N/A,N/A,N/A,N/A
DSP Silver ETF,Direct,Thematic-PSU,42419,INF740KA1WA1,153489,NAV-verified,-0.88,0.99,0.95,42.05,45.8,2,4,10,1,3,4,22,Moderate Risk,OK,Verified ✓,N/A,N/A,N/A,N/A,N/A,N/A,N/A,N/A,N/A,N/A,N/A
DSP Silver ETF FoF Dir,Direct,Thematic-PSU,45137,INF740KA1WA1,153489,NAV-verified,,,,,,,1,1,1,1,1,5,High Risk,OK,Verified ✓,159.87,45.97,N/A,N/A,N/A,N/A,N/A,N/A,N/A,N/A,N/A
Edelweiss Silver ETF,Direct,Thematic-PSU,43921,INF754K01OY3,150578,NAV-verified,,,,,,,1,1,1,1,1,5,High Risk,OK,Verified ✓,N/A,N/A,N/A,N/A,N/A,N/A,N/A,N/A,N/A,N/A,N/A
Edelweiss Silver ETF FoF Dir,Direct,Thematic-PSU,45702,INF754K01OY3,150578,NAV-verified,,,,,,,1,1,1,1,1,5,High Risk,OK,Verified ✓,158.73,N/A,N/A,N/A,N/A,N/A,N/A,N/A,N/A,N/A,N/A
Groww Silver ETF,Direct,Thematic-PSU,45150,INF666M01KR7,153526,NAV-verified,,,,,,,1,1,1,1,1,5,High Risk,OK,Verified ✓,N/A,N/A,N/A,N/A,N/A,N/A,N/A,N/A,N/A,N/A,N/A
Groww Silver ETF FoF Dir,Direct,Thematic-PSU,45153,INF666M01KR7,153526,NAV-verified,,,,,,,1,1,1,1,1,5,High Risk,OK,Verified ✓,N/A,N/A,N/A,N/A,N/A,N/A,N/A,N/A,N/A,N/A,N/A
HDFC Silver ETF,Direct,Thematic-PSU,42489,INF179KC1DU7,150737,NAV-verified,-1.06,1,0.94,42.71,46.03,2,4,10,1,3,4,22,Moderate Risk,OK,Verified ✓,N/A,N/A,N/A,N/A,N/A,N/A,N/A,N/A,N/A,N/A,N/A
HDFC Silver ETF FoF Dir,Direct,Thematic-PSU,42666,INF179KC1DU7,150737,NAV-verified,0.96,0.89,0.99,38.25,43.82,2.19,6,10,1,4,4,25,Moderate Risk,OK,Verified ✓,158.89,45.6,N/A,N/A,N/A,N/A,N/A,N/A,N/A,N/A,N/A
ICICI Pru Silver ETF,Direct,Thematic-PSU,41982,INF109KC1Z06,149776,NAV-verified,0.21,0.98,0.97,41.76,46.6,2.12,6,10,1,3,4,24,Moderate Risk,OK,Verified ✓,154.45,45.23,N/A,N/A,N/A,N/A,N/A,N/A,N/A,N/A,N/A
ICICI Pru Silver ETF FoF Dir,Direct,Thematic-PSU,42023,INF109KC1Z06,149776,NAV-verified,3.21,0.82,1.04,35.52,42.86,2.4,10,12,1,5,4,32,Low Risk,OK,Verified ✓,160.16,46.13,N/A,N/A,N/A,N/A,N/A,N/A,N/A,N/A,N/A
Kotak Silver ETF,Direct,Thematic-PSU,42858,INF174KA1MQ3,151603,NAV-verified,0.22,0.98,0.97,41.68,46.53,2.11,6,10,1,3,4,24,Moderate Risk,OK,Verified ✓,154.09,45.11,N/A,N/A,N/A,N/A,N/A,N/A,N/A,N/A,N/A
Kotak Silver ETF FoF Dir,Direct,Thematic-PSU,43295,INF174KA1XT4,153921,NAV-verified,,,,,,,1,1,1,1,1,5,High Risk,OK,Verified ✓,159.47,46,N/A,N/A,N/A,N/A,N/A,N/A,N/A,N/A,N/A
Mirae Asset Silver ETF,Direct,Thematic-PSU,43544,INF769K01QT6,154280,Algorithm Match (90% Confidence),,,,,,,1,1,1,1,1,5,High Risk,NOT_FOUND,Neither code 154280 nor ISIN INF769K01QT6 confirmed in NAV,155.97,N/A,N/A,N/A,N/A,N/A,N/A,N/A,N/A,N/A,N/A
Mirae Asset Silver ETF FoF Dir,Direct,Thematic-PSU,45902,INF769K01QT6,154280,Algorithm Match (95% Confidence),,,,,,,1,1,1,1,1,5,High Risk,NOT_FOUND,Neither code 154280 nor ISIN INF769K01QT6 confirmed in NAV,159.23,N/A,N/A,N/A,N/A,N/A,N/A,N/A,N/A,N/A,N/A
Motilal Oswal Silver ETF,Direct,Thematic-PSU,45453,INF247L01BM8,150642,NAV-verified,,,,,,,1,1,1,1,1,5,High Risk,OK,Verified ✓,N/A,N/A,N/A,N/A,N/A,N/A,N/A,N/A,N/A,N/A,N/A
Nippon India Silver ETF,Direct,Thematic-PSU,41984,INF204KC1386,149762,NAV-verified,0.04,0.98,0.97,41.61,46.29,2.11,6,10,1,3,4,24,Moderate Risk,OK,Verified ✓,N/A,N/A,N/A,N/A,N/A,N/A,N/A,N/A,N/A,N/A,N/A
Nippon India Silver ETF FoF Dir,Direct,Thematic-PSU,41987,INF204KC1386,149762,NAV-verified,-0.56,0.98,0.95,41.8,45.82,2.09,4,10,1,3,4,22,Moderate Risk,OK,Verified ✓,159.11,45.97,N/A,N/A,N/A,N/A,N/A,N/A,N/A,N/A,N/A
SBI Silver ETF,Direct,Thematic-PSU,44407,INF200KB1233,152735,NAV-verified,,,,,,,1,1,1,1,1,5,High Risk,OK,Verified ✓,154.71,44.88,N/A,N/A,N/A,N/A,N/A,N/A,N/A,N/A,N/A
SBI Silver ETF FoF Dir,Direct,Thematic-PSU,44422,INF200KB1233,152735,NAV-verified,,,,,,,1,1,1,1,1,5,High Risk,OK,Verified ✓,159.08,N/A,N/A,N/A,N/A,N/A,N/A,N/A,N/A,N/A,N/A
Tata Silver ETF,Direct,Thematic-PSU,44020,INF277KA1943,152293,NAV-verified,,,,,,,1,1,1,1,1,5,High Risk,OK,Verified ✓,158.63,N/A,N/A,N/A,N/A,N/A,N/A,N/A,N/A,N/A,N/A
Tata Silver ETF FoF Dir,Direct,Thematic-PSU,44026,INF277KA1943,152293,NAV-verified,,,,,,,1,1,1,1,1,5,High Risk,OK,Verified ✓,159.93,N/A,N/A,N/A,N/A,N/A,N/A,N/A,N/A,N/A,N/A
UTI Silver ETF,Direct,Thematic-PSU,43485,INF789F1AYL4,151731,NAV-verified,,,,,,,1,1,1,1,1,5,High Risk,OK,Verified ✓,150,N/A,N/A,N/A,N/A,N/A,N/A,N/A,N/A,N/A,N/A
UTI Silver ETF FoF Dir,Direct,Thematic-PSU,43487,INF789F1AYL4,151731,NAV-verified,,,,,,,1,1,1,1,1,5,High Risk,OK,Verified ✓,159.87,N/A,N/A,N/A,N/A,N/A,N/A,N/A,N/A,N/A,N/A
Zerodha Silver ETF,Direct,Thematic-PSU,45052,INF0R8F01109,153656,NAV-verified,,,,,,,1,1,1,1,1,5,High Risk,OK,Verified ✓,154.22,N/A,N/A,N/A,N/A,N/A,N/A,N/A,N/A,N/A,N/A
Zerodha Silver ETF FoF Dir,Direct,Thematic-PSU,45264,INF0R8F01109,153656,NAV-verified,,,,,,,1,1,1,1,1,5,High Risk,OK,Verified ✓,158.76,N/A,N/A,N/A,N/A,N/A,N/A,N/A,N/A,N/A,N/A
ABSL Value Dir,Direct,Value Oriented,15879,INF209K01WQ7,119659,NAV-verified,3.93,1.1,0.69,17.18,17.91,0.95,10,8,2,2,2,24,Moderate Risk,OK,Verified ✓,N/A,N/A,N/A,N/A,N/A,N/A,N/A,N/A,N/A,N/A,N/A
Axis Nifty500 Value 50 ETF,Direct,Value Oriented,45050,INF846K013Y8,152949,NAV-verified,,,,,,,1,1,1,1,1,5,High Risk,OK,Verified ✓,15.79,20.33,16.13,14.58,13.88,BSE 500 TRI,10.42,15.47,13.24,13.98,14.69
Axis Nifty500 Value 50 Index Dir,Direct,Value Oriented,44613,INF846K013Y8,152949,NAV-verified,,,,,,,1,1,1,1,1,5,High Risk,OK,Verified ✓,30.43,N/A,N/A,N/A,N/A,BSE 500 TRI,10.42,N/A,N/A,N/A,N/A
Axis Value Dir,Direct,Value Oriented,41696,INF846K010C0,149166,NAV-verified,7.33,1,0.97,15.03,20.58,1.18,12,10,3,3,2,30,Low Risk,OK,Verified ✓,30.34,N/A,N/A,N/A,N/A,BSE 500 TRI,10.42,N/A,N/A,N/A,N/A
Bandhan Nifty 500 Value 50 Index Dir,Direct,Value Oriented,44628,INF194KB1IW4,152990,NAV-verified,,,,,,,1,1,1,1,1,5,High Risk,OK,Verified ✓,15.38,23.15,N/A,N/A,N/A,BSE 500 TRI,10.42,15.47,N/A,N/A,N/A
Bandhan Value Dir,Direct,Value Oriented,16498,INF194K01Z85,118481,NAV-verified,1.73,0.93,0.61,13.91,14.46,0.75,8,6,4,4,1,23,Moderate Risk,OK,Verified ✓,29.93,N/A,N/A,N/A,N/A,BSE 500 TRI,10.42,N/A,N/A,N/A,N/A
Baroda BNP Paribas Value Dir,Direct,Value Oriented,43508,INF251K01SD5,151755,NAV-verified,,,,,,,1,1,1,1,1,5,High Risk,OK,Verified ✓,8.89,16.87,17.23,16.86,17.16,BSE 500 TRI,10.42,15.47,13.24,13.98,14.69
Canara Robeco Value Dir,Direct,Value Oriented,41625,INF760K01JW4,149085,NAV-verified,1.31,0.98,0.58,14.52,14.41,0.71,6,6,3,3,1,19,Moderately High Risk,OK,Verified ✓,6.72,N/A,N/A,N/A,N/A,BSE 500 TRI,10.42,N/A,N/A,N/A,N/A
DSP Value Fund Dir*,Direct,Value Oriented,41194,INF740KA1PP3,148595,NAV-verified,6.94,0.65,1.08,10.8,17.66,1.45,12,12,5,6,2,37,Very Low Risk,OK,Verified ✓,8.71,16.8,N/A,N/A,N/A,BSE 500 TRI,10.42,15.47,N/A,N/A,N/A
Groww Value Dir,Direct,Value Oriented,30921,INF666M01BE4,135341,NAV-verified,1.84,0.93,0.61,14.09,14.61,0.84,8,6,3,4,2,23,Moderate Risk,OK,Verified ✓,18.78,19.67,15.21,N/A,N/A,BSE 500 TRI,10.42,15.47,13.24,N/A,N/A
HDFC NIFTY50 Value 20 ETF,Direct,Value Oriented,42535,ETF NOT IN AMFI NAV FILE,ETF NOT IN AMFI NAV FILE,Missing from AMFI Database,-1.98,0.86,0.31,13.84,10.29,0.38,4,2,4,4,1,15,Moderately High Risk,NOT_FOUND,Neither code ETF NOT IN AMFI NAV FILE nor ISIN ETF NOT IN AMFI NAV FILE confirmed in NAV,12.07,17.44,14.4,13.83,12.54,BSE 500 TRI,10.42,15.47,13.24,13.98,14.69
HDFC Value Dir,Direct,Value Oriented,15989,INF179K01VC4,118935,NAV-verified,3.34,0.99,0.71,14.65,16.49,0.91,10,8,3,3,2,26,Moderate Risk,OK,Verified ✓,7.15,11.94,N/A,N/A,N/A,BSE 500 TRI,10.42,15.47,N/A,N/A,N/A
HSBC Value Dir,Direct,Value Oriented,16269,INF917K01HD4,151113,NAV-verified,6.25,1.02,0.87,15.71,19.64,1.07,12,10,3,3,2,30,Low Risk,OK,Verified ✓,14.87,19.46,16.91,14.71,15.55,BSE 500 TRI,10.42,15.47,13.24,13.98,14.69
ICICI Pru Nifty200 Value 30 ETF,Direct,Value Oriented,44607,INF109KC13X2,152936,NAV-verified,,,,,,,1,1,1,1,1,5,High Risk,OK,Verified ✓,18.19,22.97,19.91,18.56,17.73,BSE 500 TRI,10.42,15.47,13.24,13.98,14.69
ICICI Pru Nifty200 Value 30 Index Dir,Direct,Value Oriented,44605,INF109KC13X2,152936,NAV-verified,,,,,,,1,1,1,1,1,5,High Risk,OK,Verified ✓,31.54,N/A,N/A,N/A,N/A,BSE 500 TRI,10.42,N/A,N/A,N/A,N/A
ICICI Pru Nifty50 Value 20 ETF,Direct,Value Oriented,32540,INF109KC16T3,152365,NAV-verified,-2.08,0.86,0.3,13.84,10.18,0.37,2,2,4,4,1,13,Moderately High Risk,OK,Verified ✓,31.55,N/A,N/A,N/A,N/A,BSE 500 TRI,10.42,N/A,N/A,N/A,N/A
ICICI Pru Nifty50 Value 20 Index Dir,Direct,Value Oriented,44070,INF109KC16T3,152365,NAV-verified,,,,,,,1,1,1,1,1,5,High Risk,OK,Verified ✓,7.09,11.83,12.01,13.84,N/A,BSE 500 TRI,10.42,15.47,13.24,13.98,N/A
ICICI Pru Value Dir,Direct,Value Oriented,15822,INF109KC16T3,152365,NAV-verified,4.91,0.84,0.85,12.84,16.97,1.12,10,10,4,5,2,31,Low Risk,OK,Verified ✓,7.01,N/A,N/A,N/A,N/A,BSE 500 TRI,10.42,N/A,N/A,N/A,N/A
ITI Value Dir,Direct,Value Oriented,41509,INF00XX01AQ6,148972,NAV-verified,1.91,1.1,0.59,16.7,15.88,0.7,8,6,3,2,1,20,Moderate Risk,OK,Verified ✓,10.7,19,19.11,18.44,16.52,BSE 500 TRI,10.42,15.47,13.24,13.98,14.69
Invesco India Contra Dir,Direct,Value Oriented,16719,INF205K01LE4,120348,NAV-verified,3.15,1.02,0.68,15.43,16.56,0.82,10,8,3,3,2,26,Moderate Risk,OK,Verified ✓,14.51,18.95,N/A,N/A,N/A,BSE 500 TRI,10.42,15.47,N/A,N/A,N/A
JM Value Dir,Direct,Value Oriented,16530,INF192K01BT3,120486,NAV-verified,1.98,1.13,0.55,18.24,16.12,0.76,8,6,2,2,1,19,Moderately High Risk,OK,Verified ✓,8.44,19.36,16.2,16.34,17.23,BSE 500 TRI,10.42,15.47,13.24,13.98,14.69
Kotak Contra Dir,Direct,Value Oriented,16341,INF174K01KZ9,119769,NAV-verified,4.42,1.03,0.77,15.3,17.85,0.91,10,8,3,3,2,26,Moderate Risk,OK,Verified ✓,5.46,18.92,17.01,16.49,17.46,BSE 500 TRI,10.42,15.47,13.24,13.98,14.69
Kotak Nifty 50 Value 20 ETF,Direct,Value Oriented,31271,ETF NOT IN AMFI NAV FILE,ETF NOT IN AMFI NAV FILE,Missing from AMFI Database,-1.89,0.87,0.31,13.85,10.38,0.38,4,2,4,4,1,15,Moderately High Risk,NOT_FOUND,Neither code ETF NOT IN AMFI NAV FILE nor ISIN ETF NOT IN AMFI NAV FILE confirmed in NAV,13.49,20.66,17.4,17.45,18,BSE 500 TRI,10.42,15.47,13.24,13.98,14.69
Kotak Nifty200 Value 30 Index Dir,Direct,Value Oriented,45763,INF174KA1YP0,154145,NAV-verified,,,,,,,1,1,1,1,1,5,High Risk,OK,Verified ✓,7.33,12.04,12.15,13.87,15.41,BSE 500 TRI,10.42,15.47,13.24,13.98,14.69
LIC MF Value Dir,Direct,Value Oriented,37212,INF397L01KU5,152018,NAV-verified,1.41,1.05,0.52,17.2,15.03,0.56,6,6,2,3,1,18,Moderately High Risk,OK,Verified ✓,N/A,N/A,N/A,N/A,N/A,BSE 500 TRI,N/A,N/A,N/A,N/A,N/A
Mahindra Manulife Value Dir,Direct,Value Oriented,44934,INF174V01CI9,153303,NAV-verified,,,,,,,1,1,1,1,1,5,High Risk,OK,Verified ✓,19.37,17.53,N/A,N/A,N/A,BSE 500 TRI,10.42,15.47,N/A,N/A,N/A
Mirae Asset Nifty 500 Value 50 ETF,Direct,Value Oriented,45914,INF769K01HR9,149170,NAV-verified,,,,,,,1,1,1,1,1,5,High Risk,OK,Verified ✓,18.98,N/A,N/A,N/A,N/A,BSE 500 TRI,10.42,N/A,N/A,N/A,N/A
Motilal Oswal BSE Enhanced Value ETF,Direct,Value Oriented,42441,INF247L01BF2,150518,NAV-verified,13.8,1.29,1.05,21.94,29.17,1.42,12,12,2,1,2,29,Low Risk,OK,Verified ✓,N/A,N/A,N/A,N/A,N/A,BSE 500 TRI,N/A,N/A,N/A,N/A,N/A
Motilal Oswal BSE Enhanced Value Index Dir,Direct,Value Oriented,42443,INF247L01BF2,150518,NAV-verified,13.39,1.29,1.04,21.85,28.74,1.41,12,12,2,1,2,29,Low Risk,OK,Verified ✓,26.56,33.24,N/A,N/A,N/A,BSE 500 TRI,10.42,15.47,N/A,N/A,N/A
Nippon India ETF Nifty 50 Value 20,Direct,Value Oriented,30446,INF204KB12Z0,148721,NAV-verified,-2.1,0.86,0.3,13.82,10.16,0.37,2,2,4,4,1,13,Moderately High Risk,OK,Verified ✓,26.26,32.69,N/A,N/A,N/A,BSE 500 TRI,10.42,15.47,N/A,N/A,N/A
Nippon India Nifty 50 Value 20 Index Dir,Direct,Value Oriented,41291,INF204KB12Z0,148721,NAV-verified,-2.13,0.86,0.3,13.84,10.13,0.36,2,2,4,4,1,13,Moderately High Risk,OK,Verified ✓,7.1,11.79,11.89,13.88,15.38,BSE 500 TRI,10.42,15.47,13.24,13.98,14.69
Nippon India Value Dir,Direct,Value Oriented,16175,INF204K01K49,118784,NAV-verified,5.52,1.02,0.84,15.37,18.93,1.07,12,10,3,3,2,30,Low Risk,OK,Verified ✓,6.98,11.76,11.86,N/A,N/A,BSE 500 TRI,10.42,15.47,13.24,N/A,N/A
Quant Value Dir,Direct,Value Oriented,41848,INF966L01AN3,149335,NAV-verified,6.31,1.13,0.76,19.06,20.5,1.29,12,8,2,2,2,26,Moderate Risk,OK,Verified ✓,10.45,21.72,18.35,17.43,17.01,BSE 500 TRI,10.42,15.47,13.24,13.98,14.69
Quantum Value Dir,Direct,Value Oriented,3181,INF082J01036,103490,NAV-verified,1.42,0.87,0.58,13.19,13.72,0.72,6,6,4,4,1,21,Moderate Risk,OK,Verified ✓,17.57,23.61,N/A,N/A,N/A,BSE 500 TRI,10.42,15.47,N/A,N/A,N/A
SBI Contra Dir,Direct,Value Oriented,16322,INF200K01RA0,119835,NAV-verified,3.34,0.95,0.72,14.16,16.2,0.9,10,8,3,4,2,27,Low Risk,OK,Verified ✓,4.13,15.82,12.71,11.84,12.55,BSE 500 TRI,10.42,15.47,13.24,13.98,14.69
Sundaram Value Dir,Direct,Value Oriented,16169,INF903J01NN3,119549,NAV-verified,-2.08,0.91,0.33,13.69,10.54,0.37,2,2,4,4,1,13,Moderately High Risk,OK,Verified ✓,7.78,18.15,19.91,19.75,17.19,BSE 500 TRI,10.42,15.47,13.24,13.98,14.69
Tata Value Dir,Direct,Value Oriented,16952,INF277K01ND1,119231,NAV-verified,3.55,1.02,0.71,15.31,16.92,0.92,10,8,3,3,2,26,Moderate Risk,OK,Verified ✓,7.83,12.5,12.09,11.59,12.37,BSE 500 TRI,10.42,15.47,13.24,13.98,14.69
Templeton India Value Dir,Direct,Value Oriented,16824,INF090I01GY2,118494,NAV-verified,2.24,0.94,0.64,14.16,15.03,0.81,8,6,3,4,2,23,Moderate Risk,OK,Verified ✓,11.02,19.35,16.86,15.61,16.65,BSE 500 TRI,10.42,15.47,13.24,13.98,14.69
UTI Nifty 500 Value 50 Index Dir,Direct,Value Oriented,43495,INF789F1AYN0,151739,NAV-verified,,,,,,,1,1,1,1,1,5,High Risk,OK,Verified ✓,10.33,17.29,18.33,16.33,15.95,BSE 500 TRI,10.42,15.47,13.24,13.98,14.69
UTI Value Dir,Direct,Value Oriented,15927,INF789F01VB2,120751,NAV-verified,2.55,0.95,0.66,14.3,15.47,0.81,8,8,3,4,2,25,Moderate Risk,OK,Verified ✓,29.83,N/A,N/A,N/A,N/A,BSE 500 TRI,10.42,N/A,N/A,N/A,N/A
Union Value Dir,Direct,Value Oriented,38207,INF582M01EK4,145473,NAV-verified,3.5,0.93,0.72,14.12,16.23,0.89,10,8,3,4,2,27,Low Risk,OK,Verified ✓,9.62,17.86,14.8,15.58,14.98,BSE 500 TRI,10.42,15.47,13.24,13.98,14.69
360 ONE ELSS Tax Saver Nifty 50 Index Reg,Regular,ELSS (Tax Saver),42906,INF579M01AL6,151164,NAV-verified,-2.49,0.88,0.29,13.26,9.91,0.36,2,2,4,4,1,13,Moderately High Risk,OK,Verified ✓,15.42,18.98,16.35,15.82,N/A,BSE 500 TRI,10.42,15.47,13.24,13.98,N/A
ABSL ELSS Tax Saver Reg,Regular,ELSS (Tax Saver),24,INF209K01108,107745,NAV-verified,-0.19,0.92,0.47,13.75,12.51,0.59,4,4,4,4,1,17,Moderately High Risk,OK,Verified ✓,5.11,10.83,N/A,N/A,N/A,BSE 500 TRI,7.45,14.75,N/A,N/A,N/A
Axis ELSS Tax Saver Reg,Regular,ELSS (Tax Saver),10826,INF846K01131,112323,NAV-verified,-0.53,0.92,0.43,14.31,12.13,0.56,4,4,3,4,1,16,Moderately High Risk,OK,Verified ✓,10.73,14.51,9.23,9.14,10.67,BSE 500 TRI,7.45,14.75,13.7,13.76,14.21
Bajaj Finserv ELSS Tax Saver Reg,Regular,ELSS (Tax Saver),44854,INF0QA701AI4,153202,NAV-verified,,,,,,,1,1,1,1,1,5,High Risk,OK,Verified ✓,3.03,12.97,8.64,10.91,11.81,BSE 500 TRI,7.45,14.75,13.7,13.76,14.21
Bandhan ELSS Tax Saver Reg,Regular,ELSS (Tax Saver),10032,INF194K01292,111569,NAV-verified,-0.45,0.9,0.45,13.36,12.04,0.55,4,4,4,4,1,17,Moderately High Risk,OK,Verified ✓,4.32,N/A,N/A,N/A,N/A,BSE 500 TRI,7.45,N/A,N/A,N/A,N/A
Bank of Ind Midcap Tax 2 Reg,Regular,ELSS (Tax Saver),36920,INF209KB1W41,148805,NAV-verified,1.38,1.1,0.54,17.33,15.33,0.71,6,6,2,2,1,17,Moderately High Risk,OK,Verified ✓,7.52,13.7,14.47,14.75,14.9,BSE 500 TRI,7.45,14.75,13.7,13.76,14.21
Bank of India ELSS Tax Saver Eco,Regular,ELSS (Tax Saver),10099,INF761K01157,111709,NAV-verified,1.65,1.07,0.55,17.05,15.39,0.74,8,6,2,2,1,19,Moderately High Risk,OK,Verified ✓,14.11,17.11,14.24,16.24,N/A,BSE 500 TRI,7.45,14.75,13.7,13.76,N/A
Bank of India ELSS Tax Saver Reg,Regular,ELSS (Tax Saver),10097,INF761K01181,111710,NAV-verified,1.4,1.07,0.53,17.04,15.13,0.72,6,6,2,2,1,17,Moderately High Risk,OK,Verified ✓,10.75,16.84,15.4,18.17,16.64,BSE 500 TRI,7.45,14.75,13.7,13.76,14.21
Bank of India Midcap Tax Sr 1 Reg,Regular,ELSS (Tax Saver),34772,INF761K01DU9,141952,NAV-verified,1.9,1.1,0.56,17.64,15.87,0.72,8,6,2,2,1,19,Moderately High Risk,OK,Verified ✓,10.47,16.54,15.1,17.73,16.06,BSE 500 TRI,7.45,14.75,13.7,13.76,14.21
Baroda BNP Paribas ELSS Tax Saver  Reg,Regular,ELSS (Tax Saver),3001,INF251K01985,150156,NAV-verified,2.73,0.96,0.66,14.62,15.65,0.82,8,8,3,3,2,24,Moderate Risk,OK,Verified ✓,17.36,17.4,14.9,17.34,N/A,BSE 500 TRI,7.45,14.75,13.7,13.76,N/A
Canara Robeco ELSS Tax Saver Reg,Regular,ELSS (Tax Saver),59,INF760K01100,111722,NAV-verified,-0.67,0.94,0.44,13.89,12.14,0.53,4,4,4,4,1,17,Moderately High Risk,OK,Verified ✓,9.14,17.63,14,14.17,12.61,BSE 500 TRI,7.45,14.75,13.7,13.76,14.21
DSP ELSS Tax Saver Reg,Regular,ELSS (Tax Saver),3985,INF740K01185,104772,NAV-verified,2.64,1.01,0.65,15.16,15.95,0.8,8,8,3,3,2,24,Moderate Risk,OK,Verified ✓,8.16,13.75,12.93,14.62,14.47,BSE 500 TRI,7.45,14.75,13.7,13.76,14.21
Edelweiss ELSS Tax Saver Reg,Regular,ELSS (Tax Saver),10125,INF754K01517,111638,NAV-verified,0.32,0.98,0.51,14.62,13.44,0.63,6,6,3,3,1,19,Moderately High Risk,OK,Verified ✓,5.19,17.88,15.7,15.81,15.44,BSE 500 TRI,7.45,14.75,13.7,13.76,14.21
Franklin India ELSS Tax Saver Reg,Regular,ELSS (Tax Saver),601,INF090I01775,100526,NAV-verified,1.3,0.95,0.58,14.14,14.18,0.71,6,6,3,4,1,20,Moderate Risk,OK,Verified ✓,11.41,15.45,13.56,13,12.24,BSE 500 TRI,7.45,14.75,13.7,13.76,14.21
Groww ELSS Tax Saver Reg,Regular,ELSS (Tax Saver),34681,INF666M01DN1,141862,NAV-verified,-2.7,0.99,0.29,15.14,10.45,0.34,2,2,3,3,1,11,High Risk,OK,Verified ✓,3.13,15.9,15.11,13.47,12.68,BSE 500 TRI,7.45,14.75,13.7,13.76,14.21
HDFC ELSS Tax Saver Reg,Regular,ELSS (Tax Saver),854,INF179K01BB8,101979,NAV-verified,3.57,0.89,0.75,13.43,16.04,0.88,10,8,4,4,2,28,Low Risk,OK,Verified ✓,5.82,11.58,10.44,9.71,N/A,BSE 500 TRI,7.45,14.75,13.7,13.76,N/A
HSBC ELSS Tax Saver Reg,Regular,ELSS (Tax Saver),3112,INF677K01064,151076,NAV-verified,2.35,1.01,0.61,15.67,15.66,0.71,8,6,3,3,1,21,Moderate Risk,OK,Verified ✓,4.91,18.15,18.52,14.23,14.12,BSE 500 TRI,7.45,14.75,13.7,13.76,14.21
ICICI Pru ELSS Tax Saver,Regular,ELSS (Tax Saver),640,INF109K01464,100354,NAV-verified,1.01,0.89,0.55,13.41,13.43,0.7,6,6,4,4,1,21,Moderate Risk,OK,Verified ✓,9.59,17.86,14.08,13.45,13.57,BSE 500 TRI,7.45,14.75,13.7,13.76,14.21
ICICI Pru Long Term Wealth Enhancement,Regular,ELSS (Tax Saver),34950,INF109KC1077,142136,NAV-verified,2.84,0.89,0.67,13.89,15.33,0.85,8,8,4,4,2,26,Moderate Risk,OK,Verified ✓,6.52,15.21,13.73,13.03,13.21,BSE 500 TRI,7.45,14.75,13.7,13.76,14.21
ITI ELSS Tax Saver Reg,Regular,ELSS (Tax Saver),40135,INF00XX01374,147544,NAV-verified,0.45,1.13,0.49,17.52,14.62,0.6,6,4,2,2,1,15,Moderately High Risk,OK,Verified ✓,6.43,17.04,16.9,14.52,N/A,BSE 500 TRI,7.45,14.75,13.7,13.76,N/A
Invesco India ELSS Tax Saver Reg,Regular,ELSS (Tax Saver),3913,INF205K01270,104636,NAV-verified,-1.22,1.02,0.39,15.62,12.19,0.47,4,4,3,3,1,15,Moderately High Risk,OK,Verified ✓,6.78,17.32,12.37,N/A,N/A,BSE 500 TRI,7.45,14.75,13.7,N/A,N/A
JM ELSS Tax Saver Reg,Regular,ELSS (Tax Saver),6679,INF192K01650,107288,NAV-verified,1.61,1.03,0.56,16.08,15.07,0.74,8,6,3,3,1,21,Moderate Risk,OK,Verified ✓,1.04,13.82,11.27,12.09,12.67,BSE 500 TRI,7.45,14.75,13.7,13.76,14.21
Kotak ELSS Tax Saver Reg,Regular,ELSS (Tax Saver),2937,INF174K01369,103339,NAV-verified,-1.05,0.96,0.4,14.59,11.91,0.45,4,4,3,3,1,15,Moderately High Risk,OK,Verified ✓,5,16.96,14.73,15.1,15.38,BSE 500 TRI,7.45,14.75,13.7,13.76,14.21
LIC MF ELSS Tax Saver Reg,Regular,ELSS (Tax Saver),405,INF767K01956,100865,NAV-verified,-1.81,0.93,0.34,14.41,10.96,0.4,4,2,3,4,1,14,Moderately High Risk,OK,Verified ✓,6.27,13.46,13.54,14.11,14.14,BSE 500 TRI,7.45,14.75,13.7,13.76,14.21
Mahindra Manulife ELSS Tax Saver Reg,Regular,ELSS (Tax Saver),32893,INF174V01077,139783,NAV-verified,-1.88,0.93,0.35,13.73,10.82,0.44,4,4,4,4,1,17,Moderately High Risk,OK,Verified ✓,-0.67,12.5,11.96,11.21,11,BSE 500 TRI,7.45,14.75,13.7,13.76,14.21
Mirae Asset ELSS Tax Saver Reg,Regular,ELSS (Tax Saver),31316,INF769K01DK3,135784,NAV-verified,0.12,1,0.5,14.75,13.35,0.58,6,6,3,3,1,19,Moderately High Risk,OK,Verified ✓,4.24,11.72,12.72,12.67,N/A,BSE 500 TRI,7.45,14.75,13.7,13.76,N/A
Motilal Oswal ELSS Tax Saver Reg,Regular,ELSS (Tax Saver),29160,INF247L01544,133385,NAV-verified,6.1,1.08,0.71,19.53,19.9,0.83,12,8,2,2,2,26,Moderate Risk,OK,Verified ✓,9.7,15.2,13.49,15.09,16.89,BSE 500 TRI,7.45,14.75,13.7,13.76,14.21
NJ ELSS Tax Saver Reg,Regular,ELSS (Tax Saver),43363,INF0J8L01099,151609,NAV-verified,,,,,,,1,1,1,1,1,5,High Risk,OK,Verified ✓,17.04,23.52,18.68,16.9,16.74,BSE 500 TRI,7.45,14.75,13.7,13.76,14.21
Navi ELSS Tax Saver Nifty 50 Index Reg,Regular,ELSS (Tax Saver),43189,INF959L01GS4,151472,NAV-verified,-3.22,0.88,0.24,13.28,9.18,0.29,2,2,4,4,1,13,Moderately High Risk,OK,Verified ✓,2.45,N/A,N/A,N/A,N/A,BSE 500 TRI,7.45,N/A,N/A,N/A,N/A
Navi ELSS Tax Saver Reg,Regular,ELSS (Tax Saver),31263,INF959L01CF0,135655,NAV-verified,-3.55,0.96,0.23,14.46,9.39,0.3,2,2,3,3,1,11,High Risk,OK,Verified ✓,4.51,10.04,N/A,N/A,N/A,BSE 500 TRI,7.45,14.75,N/A,N/A,N/A
Nippon India ELSS Tax Saver Reg,Regular,ELSS (Tax Saver),2816,INF204K01GK4,103196,NAV-verified,1.88,0.97,0.61,14.45,14.89,0.81,8,6,3,3,2,22,Moderate Risk,OK,Verified ✓,5.63,10.89,9.54,9.5,10.89,BSE 500 TRI,7.45,14.75,13.7,13.76,14.21
PGIM India ELSS Tax Saver Reg,Regular,ELSS (Tax Saver),31165,INF663L01FQ8,135598,NAV-verified,-4.61,0.9,0.14,13.8,7.94,0.17,2,2,4,4,1,13,Moderately High Risk,OK,Verified ✓,9.03,16.84,15.24,12.02,11.13,BSE 500 TRI,7.45,14.75,13.7,13.76,14.21
Parag Parikh ELSS Tax Saver Reg,Regular,ELSS (Tax Saver),40104,INF879O01092,147482,NAV-verified,0.81,0.72,0.54,11.14,12.05,0.69,6,6,5,6,1,24,Moderate Risk,OK,Verified ✓,0.78,9.19,11.66,12.18,12.43,BSE 500 TRI,7.45,14.75,13.7,13.76,14.21
Quant ELSS Tax Saver Reg,Regular,ELSS (Tax Saver),818,INF966L01135,100175,NAV-verified,0.68,1.07,0.5,16.92,14.45,0.8,6,6,3,2,2,19,Moderately High Risk,OK,Verified ✓,1.28,13.66,15.27,N/A,N/A,BSE 500 TRI,7.45,14.75,13.7,N/A,N/A
Quantum ELSS Tax Saver Reg,Regular,ELSS (Tax Saver),33972,INF082J01366,141070,NAV-verified,0.42,0.86,0.51,13.11,12.68,0.62,6,6,4,4,1,21,Moderate Risk,OK,Verified ✓,12.49,16.71,17.58,21.28,19.59,BSE 500 TRI,7.45,14.75,13.7,13.76,14.21
SBI ELSS Tax Saver Reg,Regular,ELSS (Tax Saver),198,INF200K01495,105628,NAV-verified,5.29,1,0.83,15.1,18.52,1.04,12,10,3,3,2,30,Low Risk,OK,Verified ✓,1.42,14.08,12.33,10.95,11.45,BSE 500 TRI,7.45,14.75,13.7,13.76,14.21
SBI Long Term Advantage Sr IV Reg,Regular,ELSS (Tax Saver),33321,INF200KA1LQ3,140488,NAV-verified,0.13,0.91,0.44,15.31,12.7,0.56,6,4,3,4,1,18,Moderately High Risk,OK,Verified ✓,6.41,20.8,18.56,16.39,14.62,BSE 500 TRI,7.45,14.75,13.7,13.76,14.21
SBI Long Term Advantage Sr V Reg,Regular,ELSS (Tax Saver),34958,INF200KA1RU2,142139,NAV-verified,5.44,0.96,0.8,15.51,18.39,0.99,12,10,3,3,2,30,Low Risk,OK,Verified ✓,9.26,13.73,17.12,20.09,N/A,BSE 500 TRI,7.45,14.75,13.7,13.76,N/A
SBI Long Term Advantage Sr VI Reg,Regular,ELSS (Tax Saver),35969,INF200KA1TM5,143176,NAV-verified,-0.22,1.07,0.44,16.95,13.57,0.52,4,4,3,2,1,14,Moderately High Risk,OK,Verified ✓,8.33,21.03,17.53,16.55,N/A,BSE 500 TRI,7.45,14.75,13.7,13.76,N/A
Samco ELSS Tax Saver Reg,Regular,ELSS (Tax Saver),42759,INF0K1H01057,150839,NAV-verified,-8.48,1.09,-0.03,18.73,5.39,-0.04,1,1,2,2,1,7,High Risk,OK,Verified ✓,3.75,15.76,14.85,15.52,N/A,BSE 500 TRI,7.45,14.75,13.7,13.76,N/A
Shriram ELSS Tax Saver Reg,Regular,ELSS (Tax Saver),38437,INF680P01133,145820,NAV-verified,-4.76,1.02,0.16,16.37,8.62,0.18,2,2,3,3,1,11,High Risk,OK,Verified ✓,4.57,5.4,N/A,N/A,N/A,BSE 500 TRI,7.45,14.75,N/A,N/A,N/A
Sundaram  Long Term Tax Advantage IV Reg,Regular,ELSS (Tax Saver),35871,INF903JA1CX1,143077,NAV-verified,3.19,0.97,0.61,16.64,16.23,0.86,10,6,3,3,2,24,Moderate Risk,OK,Verified ✓,3.06,9.56,9,9.61,N/A,BSE 500 TRI,7.45,14.75,13.7,13.76,N/A
Sundaram ELSS Tax Saver Reg,Regular,ELSS (Tax Saver),89,INF173K01361,149569,NAV-verified,-0.72,0.91,0.43,13.57,11.84,0.5,4,4,4,4,1,17,Moderately High Risk,OK,Verified ✓,15.28,18.46,22.43,18.11,N/A,BSE 500 TRI,7.45,14.75,13.7,13.76,N/A
Sundaram Long Term Micro Cap Tax Advantage III Reg,Regular,ELSS (Tax Saver),32781,INF903JA1427,139709,NAV-verified,1.62,1,0.51,17.33,14.85,0.72,8,6,2,3,1,20,Moderate Risk,OK,Verified ✓,5.4,13.51,13.52,12.69,12.8,BSE 500 TRI,7.45,14.75,13.7,13.76,14.21
Sundaram Long Term Micro Cap Tax Advantage IV Reg,Regular,ELSS (Tax Saver),33064,INF903JA1500,139992,NAV-verified,1.94,0.99,0.53,17.21,15.12,0.75,8,6,2,3,1,20,Moderate Risk,OK,Verified ✓,13.47,16.81,21.57,16.79,N/A,BSE 500 TRI,7.45,14.75,13.7,13.76,N/A
Sundaram Long Term Micro Cap Tax Advantage V Reg,Regular,ELSS (Tax Saver),34224,INF903JA1930,141139,NAV-verified,2.3,0.99,0.55,17.11,15.47,0.77,8,6,2,3,1,20,Moderate Risk,OK,Verified ✓,13.54,17.13,21.82,17.28,N/A,BSE 500 TRI,7.45,14.75,13.7,13.76,N/A
Sundaram Long Term Micro Cap Tax Advantage VI Reg,Regular,ELSS (Tax Saver),34429,INF903JA1AX5,141565,NAV-verified,1.99,0.98,0.53,17.05,15.1,0.76,8,6,2,3,1,20,Moderate Risk,OK,Verified ✓,13.81,17.49,21.51,17.22,N/A,BSE 500 TRI,7.45,14.75,13.7,13.76,N/A
Sundaram Long Term Tax Advantage III Reg,Regular,ELSS (Tax Saver),35006,INF903JA1BR5,142151,NAV-verified,2.96,0.97,0.6,16.73,16.02,0.84,8,6,3,3,2,22,Moderate Risk,OK,Verified ✓,12.66,17.14,22.24,17.39,N/A,BSE 500 TRI,7.45,14.75,13.7,13.76,N/A
Tata ELSS Reg,Regular,ELSS (Tax Saver),212,INF277K01I52,132757,NAV-verified,0.14,0.99,0.49,14.85,13.29,0.6,6,4,3,3,1,17,Moderately High Risk,OK,Verified ✓,15.75,18.23,22.58,18,N/A,BSE 500 TRI,7.45,14.75,13.7,13.76,N/A
Taurus ELSS Tax Saver Reg,Regular,ELSS (Tax Saver),83,INF044D01AC9,100480,NAV-verified,-1.42,0.86,0.35,13.51,10.8,0.49,4,4,4,4,1,17,Moderately High Risk,OK,Verified ✓,10.66,15.23,14.02,13.52,13.82,BSE 500 TRI,7.45,14.75,13.7,13.76,14.21
UTI ELSS Tax Saver Reg,Regular,ELSS (Tax Saver),724,INF789F01547,100821,NAV-verified,-2.16,0.97,0.33,14.56,10.87,0.41,2,2,3,3,1,11,High Risk,OK,Verified ✓,1.26,12.47,12.44,11.61,12.92,BSE 500 TRI,7.45,14.75,13.7,13.76,14.21
UTI MEPUS Reg,Regular,ELSS (Tax Saver),1621,INF789FB1X58,135321,NAV-verified,-2.61,0.87,0.28,13.14,9.68,0.32,2,2,4,4,1,13,Moderately High Risk,OK,Verified ✓,3.92,12.22,10.77,11.92,11.88,BSE 500 TRI,7.45,14.75,13.7,13.76,14.21
Union ELSS Tax Saver Reg,Regular,ELSS (Tax Saver),13521,INF582M01302,116051,NAV-verified,-0.59,0.93,0.44,13.99,12.15,0.51,4,4,4,4,1,17,Moderately High Risk,OK,Verified ✓,3.16,10.9,10.67,10.33,11.52,BSE 500 TRI,7.45,14.75,13.7,13.76,14.21
WhiteOak Capital ELSS Tax Saver Reg,Regular,ELSS (Tax Saver),42485,INF03VN01647,150589,NAV-verified,3.41,0.93,0.71,14.28,16.16,0.9,10,8,3,4,2,27,Low Risk,OK,Verified ✓,8.09,13.56,13.51,14.29,12.69,BSE 500 TRI,7.45,14.75,13.7,13.76,14.21
360 ONE Flexicap Reg,Regular,Flexi Cap,43545,INF579M01AP7,151799,NAV-verified,,,,,,,1,1,1,1,1,5,High Risk,OK,Verified ✓,5.97,18.23,N/A,N/A,N/A,BSE 500 TRI,7.45,14.75,N/A,N/A,N/A
360 ONE Focused Reg,Regular,Flexi Cap,28456,INF579M01878,131578,NAV-verified,-0.93,0.92,0.41,13.94,11.75,0.51,4,4,4,4,1,17,Moderately High Risk,OK,Verified ✓,5.67,N/A,N/A,N/A,N/A,BSE 500 TRI,7.45,N/A,N/A,N/A,N/A
ABSL BSE 500 Momentum 50 Index Reg,Regular,Flexi Cap,45375,INF209KC1605,153735,NAV-verified,,,,,,,1,1,1,1,1,5,High Risk,OK,Verified ✓,4.6,13.3,13.94,15.94,15.73,BSE 500 TRI,7.45,14.75,13.7,13.76,14.21
ABSL BSE 500 Quality 50 Index Reg,Regular,Flexi Cap,45379,INF209KC1639,153742,NAV-verified,,,,,,,1,1,1,1,1,5,High Risk,OK,Verified ✓,N/A,N/A,N/A,N/A,N/A,BSE 500 TRI,N/A,N/A,N/A,N/A,N/A
ABSL Bal Bhavishya Yojna Reg,Regular,Flexi Cap,38819,INF209KB1E76,146409,NAV-verified,-1.19,0.94,0.39,14.15,11.61,0.49,4,4,3,4,1,16,Moderately High Risk,OK,Verified ✓,N/A,N/A,N/A,N/A,N/A,BSE 500 TRI,N/A,N/A,N/A,N/A,N/A
ABSL Flexi Cap Reg,Regular,Flexi Cap,561,INF209K01AJ8,103166,NAV-verified,2.21,0.95,0.65,14.02,15.09,0.82,8,8,3,4,2,25,Moderate Risk,OK,Verified ✓,10.98,13.71,9.17,8.83,N/A,BSE 500 TRI,7.45,14.75,13.7,13.76,N/A
ABSL Focused Reg,Regular,Flexi Cap,2865,INF209K01462,103309,NAV-verified,1.31,0.91,0.58,13.61,13.9,0.78,6,6,4,4,1,21,Moderate Risk,OK,Verified ✓,11.67,17.22,13.98,13.61,14.14,BSE 500 TRI,7.45,14.75,13.7,13.76,14.21
ABSL Retirement 30s Reg,Regular,Flexi Cap,39179,INF209KB1H99,146577,NAV-verified,0.51,0.94,0.51,14.34,13.32,0.65,6,6,3,4,1,20,Moderate Risk,OK,Verified ✓,10.31,15.72,13.32,12.94,12.86,BSE 500 TRI,7.45,14.75,13.7,13.76,14.21
Abakkus Flexi Cap Reg,Regular,Flexi Cap,45681,INF2JJD01169,154041,NAV-verified,,,,,,,1,1,1,1,1,5,High Risk,OK,Verified ✓,15.72,15.8,10.66,10.02,N/A,BSE 500 TRI,7.45,14.75,13.7,13.76,N/A
Angel One Nifty Total Market ETF,Regular,Flexi Cap,44964,INF1J2R01015,153332,NAV-verified,,,,,,,1,1,1,1,1,5,High Risk,OK,Verified ✓,N/A,N/A,N/A,N/A,N/A,BSE 500 TRI,N/A,N/A,N/A,N/A,N/A
Angel One Nifty Total Market Index Reg,Regular,Flexi Cap,44962,INF1J2R01031,153331,NAV-verified,,,,,,,1,1,1,1,1,5,High Risk,OK,Verified ✓,7.48,N/A,N/A,N/A,N/A,BSE 500 TRI,7.45,N/A,N/A,N/A,N/A
Angel One Nifty Total Market Momentum Quality 50 ETF,Regular,Flexi Cap,45605,INF1J2R01148,153957,NAV-verified,,,,,,,1,1,1,1,1,5,High Risk,OK,Verified ✓,6.59,N/A,N/A,N/A,N/A,BSE 500 TRI,7.45,N/A,N/A,N/A,N/A
Angel One Nifty Total Market Momentum Quality 50 Index Reg,Regular,Flexi Cap,45606,INF1J2R01130,153955,NAV-verified,,,,,,,1,1,1,1,1,5,High Risk,OK,Verified ✓,N/A,N/A,N/A,N/A,N/A,BSE 500 TRI,N/A,N/A,N/A,N/A,N/A
Axis Flexi Cap Reg,Regular,Flexi Cap,34709,INF846K01B51,141927,NAV-verified,-0.73,0.97,0.43,14.71,12.29,0.5,4,4,3,3,1,15,Moderately High Risk,OK,Verified ✓,N/A,N/A,N/A,N/A,N/A,BSE 500 TRI,N/A,N/A,N/A,N/A,N/A
Axis Focused Reg,Regular,Flexi Cap,14951,INF846K01CH7,117560,NAV-verified,-3.23,0.92,0.24,14.48,9.47,0.33,2,2,3,4,1,12,High Risk,OK,Verified ✓,6.81,13.92,10.76,12.26,N/A,BSE 500 TRI,7.45,14.75,13.7,13.76,N/A
Axis Nifty 500 Index Reg,Regular,Flexi Cap,44412,INF846K018W1,152730,NAV-verified,,,,,,,1,1,1,1,1,5,High Risk,OK,Verified ✓,-0.16,9.97,6.19,9,11.22,BSE 500 TRI,7.45,14.75,13.7,13.76,14.21
Axis Nifty500 Momentum 50 Index Reg,Regular,Flexi Cap,44904,INF846KA1036,153245,NAV-verified,,,,,,,1,1,1,1,1,5,High Risk,OK,Verified ✓,6.6,N/A,N/A,N/A,N/A,BSE 500 TRI,7.45,N/A,N/A,N/A,N/A
Axis Nifty500 Quality 50 Index Reg,Regular,Flexi Cap,45467,INF846KA1192,153830,NAV-verified,,,,,,,1,1,1,1,1,5,High Risk,OK,Verified ✓,9.52,N/A,N/A,N/A,N/A,BSE 500 TRI,7.45,N/A,N/A,N/A,N/A
Bajaj Finserv Flexi Cap Reg,Regular,Flexi Cap,43651,INF0QA701383,151898,NAV-verified,,,,,,,1,1,1,1,1,5,High Risk,OK,Verified ✓,N/A,N/A,N/A,N/A,N/A,BSE 500 TRI,N/A,N/A,N/A,N/A,N/A
Bandhan Flexi Cap Reg,Regular,Flexi Cap,2886,INF194K01391,108594,NAV-verified,0.55,0.87,0.52,13.11,12.88,0.63,6,6,4,4,1,21,Moderate Risk,OK,Verified ✓,12.2,N/A,N/A,N/A,N/A,BSE 500 TRI,7.45,N/A,N/A,N/A,N/A
Bandhan Focused Reg,Regular,Flexi Cap,3151,INF194K01466,108592,NAV-verified,2.37,0.94,0.59,15.46,15.19,0.76,8,6,3,4,1,22,Moderate Risk,OK,Verified ✓,7.99,14.58,12.69,11.6,11.02,BSE 500 TRI,7.45,14.75,13.7,13.76,14.21
Bandhan Nifty 500 Momentum 50 Index Reg,Regular,Flexi Cap,44629,INF194KB1IX2,153002,NAV-verified,,,,,,,1,1,1,1,1,5,High Risk,OK,Verified ✓,8.48,17.17,13.36,12.59,12.96,BSE 500 TRI,7.45,14.75,13.7,13.76,14.21
Bandhan Nifty Alpha 50 Index Reg,Regular,Flexi Cap,43862,INF194KB1GX6,152179,NAV-verified,,,,,,,1,1,1,1,1,5,High Risk,OK,Verified ✓,9.45,N/A,N/A,N/A,N/A,BSE 500 TRI,7.45,N/A,N/A,N/A,N/A
Bandhan Nifty Total Mkt Index Reg,Regular,Flexi Cap,44402,INF194KB1IH5,152717,NAV-verified,,,,,,,1,1,1,1,1,5,High Risk,OK,Verified ✓,9.36,N/A,N/A,N/A,N/A,BSE 500 TRI,7.45,N/A,N/A,N/A,N/A
Bank of India Flexi Cap Reg,Regular,Flexi Cap,41016,INF761K01FI9,148405,NAV-verified,5.12,1.08,0.73,17.79,18.97,1.02,12,8,2,2,2,26,Moderate Risk,OK,Verified ✓,6.55,N/A,N/A,N/A,N/A,BSE 500 TRI,7.45,N/A,N/A,N/A,N/A
Baroda BNP Paribas Children's Reg,Regular,Flexi Cap,44778,INF251K01UC3,153170,NAV-verified,,,,,,,1,1,1,1,1,5,High Risk,OK,Verified ✓,14.75,21.27,18.55,N/A,N/A,BSE 500 TRI,7.45,14.75,13.7,N/A,N/A
Baroda BNP Paribas Flexi Cap Reg,Regular,Flexi Cap,42310,INF251K01QW9,150385,NAV-verified,-0.14,1,0.47,15.08,13.08,0.55,4,4,3,3,1,15,Moderately High Risk,OK,Verified ✓,12.31,N/A,N/A,N/A,N/A,BSE 500 TRI,7.45,N/A,N/A,N/A,N/A
Baroda BNP Paribas Focused Reg,Regular,Flexi Cap,34651,INF251K01PK6,150263,NAV-verified,-3.13,1.09,0.28,16.6,10.73,0.34,2,2,3,2,1,10,High Risk,OK,Verified ✓,6.27,14.56,N/A,N/A,N/A,BSE 500 TRI,7.45,14.75,N/A,N/A,N/A
Canara Robeco Flexi Cap Reg,Regular,Flexi Cap,1839,INF760K01AR3,113221,NAV-verified,-0.81,0.93,0.43,13.84,11.96,0.51,4,4,4,4,1,17,Moderately High Risk,OK,Verified ✓,1.38,11.36,10.94,11.44,N/A,BSE 500 TRI,7.45,14.75,13.7,13.76,N/A
Canara Robeco Focused Reg,Regular,Flexi Cap,41456,INF760K01JT0,148884,NAV-verified,0.56,0.93,0.52,14.05,13.3,0.62,6,6,3,4,1,20,Moderate Risk,OK,Verified ✓,7.32,13.45,12.36,13.44,14.01,BSE 500 TRI,7.45,14.75,13.7,13.76,14.21
Capitalmind Flexi Cap Reg,Regular,Flexi Cap,45312,INF226401026,153739,NAV-verified,,,,,,,1,1,1,1,1,5,High Risk,OK,Verified ✓,6.69,14.96,N/A,N/A,N/A,BSE 500 TRI,7.45,14.75,N/A,N/A,N/A
DSP Flexi Cap Reg,Regular,Flexi Cap,393,INF740K01037,105875,NAV-verified,0.46,0.99,0.51,14.96,13.64,0.64,6,6,3,3,1,19,Moderately High Risk,OK,Verified ✓,N/A,N/A,N/A,N/A,N/A,BSE 500 TRI,N/A,N/A,N/A,N/A,N/A
DSP Focused Reg,Regular,Flexi Cap,11183,INF740K01532,112901,NAV-verified,2.2,0.98,0.61,15.18,15.31,0.81,8,6,3,3,2,22,Moderate Risk,OK,Verified ✓,4.97,15.15,12.61,14.04,14.14,BSE 500 TRI,7.45,14.75,13.7,13.76,14.21
DSP Nifty 500 Index Reg,Regular,Flexi Cap,45717,INF740KA1XV5,154090,NAV-verified,,,,,,,1,1,1,1,1,5,High Risk,OK,Verified ✓,4.02,17.03,12.13,12.29,11.89,BSE 500 TRI,7.45,14.75,13.7,13.76,14.21
DSP Nifty500 Flexicap Quality 30 ETF,Regular,Flexi Cap,45521,INF740KA1WU9,153874,NAV-verified,,,,,,,1,1,1,1,1,5,High Risk,OK,Verified ✓,N/A,N/A,N/A,N/A,N/A,BSE 500 TRI,N/A,N/A,N/A,N/A,N/A
DSP Nifty500 Flexicap Quality 30 Index Reg,Regular,Flexi Cap,45444,INF740KA1WO2,153802,NAV-verified,,,,,,,1,1,1,1,1,5,High Risk,OK,Verified ✓,N/A,N/A,N/A,N/A,N/A,BSE 500 TRI,N/A,N/A,N/A,N/A,N/A
Edelweiss Flexi Cap Reg,Regular,Flexi Cap,29261,INF843K01KN5,140355,NAV-verified,1.93,1,0.61,14.88,15.15,0.73,8,6,3,3,1,21,Moderate Risk,OK,Verified ✓,N/A,N/A,N/A,N/A,N/A,BSE 500 TRI,N/A,N/A,N/A,N/A,N/A
Edelweiss Focused Reg,Regular,Flexi Cap,42296,INF754K01OL0,150382,NAV-verified,0.45,1,0.51,15,13.66,0.57,6,6,3,3,1,19,Moderately High Risk,OK,Verified ✓,9.61,17.11,15.21,14.34,14.63,BSE 500 TRI,7.45,14.75,13.7,13.76,14.21
Franklin India Flexi Cap Reg,Regular,Flexi Cap,116,INF090I01239,100520,NAV-verified,1.68,0.94,0.61,13.99,14.5,0.73,8,6,4,4,1,23,Moderate Risk,OK,Verified ✓,7.51,15.61,N/A,N/A,N/A,BSE 500 TRI,7.45,14.75,N/A,N/A,N/A
Franklin India Focused Equity Reg,Regular,Flexi Cap,5141,INF090I01981,105817,NAV-verified,-0.42,0.9,0.44,13.69,12.1,0.51,4,4,4,4,1,17,Moderately High Risk,OK,Verified ✓,4.3,16.28,15.5,14.43,13.44,BSE 500 TRI,7.45,14.75,13.7,13.76,14.21
Groww Nifty 500 Low Volatility 50 ETF,Regular,Flexi Cap,45217,INF666M01LB9,153583,NAV-verified,,,,,,,1,1,1,1,1,5,High Risk,OK,Verified ✓,2.95,13.15,14.02,13.37,13.47,BSE 500 TRI,7.45,14.75,13.7,13.76,14.21
Groww Nifty 500 Momentum 50 ETF,Regular,Flexi Cap,45094,INF666M01KJ4,153452,NAV-verified,,,,,,,1,1,1,1,1,5,High Risk,OK,Verified ✓,N/A,N/A,N/A,N/A,N/A,BSE 500 TRI,N/A,N/A,N/A,N/A,N/A
Groww Nifty 500 Momentum 50 ETF FoF Reg,Regular,Flexi Cap,45095,INF666M01KH8,153455,NAV-verified,,,,,,,1,1,1,1,1,5,High Risk,OK,Verified ✓,N/A,N/A,N/A,N/A,N/A,BSE 500 TRI,N/A,N/A,N/A,N/A,N/A
Groww Nifty Total Market Index Reg,Regular,Flexi Cap,43804,INF666M01HJ0,152127,NAV-verified,,,,,,,1,1,1,1,1,5,High Risk,OK,Verified ✓,N/A,N/A,N/A,N/A,N/A,BSE 500 TRI,N/A,N/A,N/A,N/A,N/A
HDFC BSE 500 ETF,Regular,Flexi Cap,43117,INF179KC1EZ4,151376,NAV-verified,-0.32,1,0.47,14.62,12.92,0.57,4,4,3,3,1,15,Moderately High Risk,OK,Verified ✓,6.59,N/A,N/A,N/A,N/A,BSE 500 TRI,7.45,N/A,N/A,N/A,N/A
HDFC BSE 500 Index Reg,Regular,Flexi Cap,43476,INF179KC1GH7,151729,NAV-verified,,,,,,,1,1,1,1,1,5,High Risk,OK,Verified ✓,7.12,14.38,N/A,N/A,N/A,BSE 500 TRI,7.45,14.75,N/A,N/A,N/A
HDFC Diversified Equity All Cap Active FoF Reg,Regular,Flexi Cap,45483,INF179KC1JR0,153861,NAV-verified,,,,,,,1,1,1,1,1,5,High Risk,OK,Verified ✓,6.49,N/A,N/A,N/A,N/A,BSE 500 TRI,7.45,N/A,N/A,N/A,N/A
HDFC Flexi Cap Reg,Regular,Flexi Cap,219,INF179K01608,101762,NAV-verified,4.88,0.84,0.86,12.75,17.01,0.99,10,10,4,5,2,31,Low Risk,OK,Verified ✓,N/A,N/A,N/A,N/A,N/A,BSE 500 TRI,N/A,N/A,N/A,N/A,N/A
HDFC Focused Reg,Regular,Flexi Cap,2372,INF179K01574,102760,NAV-verified,4.36,0.81,0.82,12.43,16.26,0.86,10,10,4,5,2,31,Low Risk,OK,Verified ✓,7.74,19.53,20.1,16.3,16.51,BSE 500 TRI,7.45,14.75,13.7,13.76,14.21
HDFC Retirement Savings Equity Reg,Regular,Flexi Cap,31779,INF179KB1MG8,136090,NAV-verified,0.33,0.89,0.51,13.22,12.78,0.61,6,6,4,4,1,21,Moderate Risk,OK,Verified ✓,6.61,18.67,20.92,16.17,14.7,BSE 500 TRI,7.45,14.75,13.7,13.76,14.21
HSBC Flexi Cap Reg,Regular,Flexi Cap,2072,INF336L01AF5,102252,NAV-verified,1.47,1.04,0.57,15.73,14.98,0.68,6,6,3,3,1,19,Moderately High Risk,OK,Verified ✓,3.77,14.13,16.58,15.75,15.59,BSE 500 TRI,7.45,14.75,13.7,13.76,14.21
HSBC Focused Reg,Regular,Flexi Cap,41020,INF336L01PE6,148409,NAV-verified,0.62,1.01,0.5,15.8,13.91,0.55,6,6,3,3,1,19,Moderately High Risk,OK,Verified ✓,9.58,17.29,14.87,13.53,13.05,BSE 500 TRI,7.45,14.75,13.7,13.76,14.21
Helios Flexi Cap Reg,Regular,Flexi Cap,43837,INF0R8701012,152136,NAV-verified,,,,,,,1,1,1,1,1,5,High Risk,OK,Verified ✓,12.33,15.7,12.26,N/A,N/A,BSE 500 TRI,7.45,14.75,13.7,N/A,N/A
ICICI Pru BSE 500 ETF,Regular,Flexi Cap,36037,INF109KC1V59,143247,NAV-verified,-0.33,1,0.47,14.62,12.91,0.57,4,4,3,3,1,15,Moderately High Risk,OK,Verified ✓,9.62,N/A,N/A,N/A,N/A,BSE 500 TRI,7.45,N/A,N/A,N/A,N/A
ICICI Pru BSE 500 ETF FOF,Regular,Flexi Cap,41850,INF109KC1V75,149332,NAV-verified,-1.03,0.98,0.42,14.44,12.1,0.5,4,4,3,3,1,15,Moderately High Risk,OK,Verified ✓,7.1,14.37,13.33,13.43,N/A,BSE 500 TRI,7.45,14.75,13.7,13.76,N/A
ICICI Pru Diversified Equity All Cap Active FoF,Regular,Flexi Cap,45887,INF109K1A450,154265,Algorithm Match (88% Confidence),,,,,,,1,1,1,1,1,5,High Risk,NOT_FOUND,Neither code 154265 nor ISIN INF109K1A450 confirmed in NAV,6.2,13.64,N/A,N/A,N/A,BSE 500 TRI,7.45,14.75,N/A,N/A,N/A
ICICI Pru Diversified Equity All Cap Omni FoF,Regular,Flexi Cap,40660,INF109KC1I15,148033,NAV-verified,3.82,0.91,0.76,13.62,16.44,0.94,10,8,4,4,2,28,Low Risk,OK,Verified ✓,N/A,N/A,N/A,N/A,N/A,BSE 500 TRI,N/A,N/A,N/A,N/A,N/A
ICICI Pru Flexicap,Regular,Flexi Cap,41523,INF109KC1Q80,148989,NAV-verified,2.41,0.95,0.64,14.6,15.31,0.7,8,6,3,4,1,22,Moderate Risk,OK,Verified ✓,8.98,19.3,17.65,N/A,N/A,BSE 500 TRI,7.45,14.75,13.7,N/A,N/A
ICICI Pru Focused Equity,Regular,Flexi Cap,10399,INF109K01BZ4,111957,NAV-verified,4.64,0.97,0.79,14.7,17.65,0.97,10,8,3,3,2,26,Moderate Risk,OK,Verified ✓,11.84,17.6,N/A,N/A,N/A,BSE 500 TRI,7.45,14.75,N/A,N/A,N/A
ICICI Pru Nifty 500 Index,Regular,Flexi Cap,44818,INF109KC13Y0,153162,NAV-verified,,,,,,,1,1,1,1,1,5,High Risk,OK,Verified ✓,10.34,20.37,18.19,16.62,15.29,BSE 500 TRI,7.45,14.75,13.7,13.76,14.21
ICICI Pru Retirement Pure Equity,Regular,Flexi Cap,39053,INF109KC1TQ6,146346,NAV-verified,8.11,1.02,0.99,15.53,21.48,1.33,12,10,3,3,2,30,Low Risk,OK,Verified ✓,6.47,N/A,N/A,N/A,N/A,BSE 500 TRI,7.45,N/A,N/A,N/A,N/A
ITI Flexi Cap Reg,Regular,Flexi Cap,43118,INF00XX01CL3,151377,NAV-verified,3.64,1.06,0.69,16.37,17.33,0.83,10,8,3,2,2,25,Moderate Risk,OK,Verified ✓,20.15,24.61,21.61,18,N/A,BSE 500 TRI,7.45,14.75,13.7,13.76,N/A
ITI Focused Reg,Regular,Flexi Cap,43532,INF00XX01CV2,151778,NAV-verified,,,,,,,1,1,1,1,1,5,High Risk,OK,Verified ✓,11.38,19.37,N/A,N/A,N/A,BSE 500 TRI,7.45,14.75,N/A,N/A,N/A
Invesco India Flexi Cap Reg,Regular,Flexi Cap,42012,INF205KA1460,149766,NAV-verified,2.4,1.02,0.61,16.08,15.79,0.67,8,6,3,3,1,21,Moderate Risk,OK,Verified ✓,13.44,N/A,N/A,N/A,N/A,BSE 500 TRI,7.45,N/A,N/A,N/A,N/A
Invesco India Focused Reg,Regular,Flexi Cap,41094,INF205KA1189,148483,NAV-verified,4.63,0.98,0.72,16.22,17.75,1.02,10,8,3,3,2,26,Moderate Risk,OK,Verified ✓,5.95,18.54,N/A,N/A,N/A,BSE 500 TRI,7.45,14.75,N/A,N/A,N/A
JM Flexicap Reg,Regular,Flexi Cap,8653,INF192K01635,109522,NAV-verified,2.33,1.04,0.6,16.55,15.89,0.74,8,6,3,3,1,21,Moderate Risk,OK,Verified ✓,1.62,21.35,16.08,N/A,N/A,BSE 500 TRI,7.45,14.75,13.7,N/A,N/A
JM Focused Reg,Regular,Flexi Cap,6673,INF192K01577,107410,NAV-verified,0.01,1.02,0.46,16.08,13.39,0.57,6,4,3,3,1,17,Moderately High Risk,OK,Verified ✓,0.43,17.65,16.63,16.29,16.04,BSE 500 TRI,7.45,14.75,13.7,13.76,14.21
Kotak Flexicap Reg,Regular,Flexi Cap,10594,INF174K01336,112090,NAV-verified,0.46,0.95,0.51,14.36,13.36,0.6,6,6,3,4,1,20,Moderate Risk,OK,Verified ✓,3.17,15.5,13.4,10.33,13.15,BSE 500 TRI,7.45,14.75,13.7,13.76,14.21
Kotak Focused Reg,Regular,Flexi Cap,40096,INF174KA1EK3,147477,NAV-verified,1.4,0.93,0.59,13.85,14.13,0.65,6,6,4,4,1,21,Moderate Risk,OK,Verified ✓,10.86,15.32,13.31,12.97,13.93,BSE 500 TRI,7.45,14.75,13.7,13.76,14.21
Kotak Nifty Alpha 50 ETF,Regular,Flexi Cap,41896,INF174KA1IA5,149397,NAV-verified,4.37,1.35,0.63,22.29,20.16,0.81,10,6,1,1,2,20,Moderate Risk,OK,Verified ✓,15.22,16.26,13.97,N/A,N/A,BSE 500 TRI,7.45,14.75,13.7,N/A,N/A
Kotak Nifty Alpha 50 Index Reg,Regular,Flexi Cap,45400,INF174KA1XJ5,153784,NAV-verified,,,,,,,1,1,1,1,1,5,High Risk,OK,Verified ✓,10.32,22.72,N/A,N/A,N/A,BSE 500 TRI,7.45,14.75,N/A,N/A,N/A
Kotak Nifty500 Momentum 50 Index Reg,Regular,Flexi Cap,45644,INF174KA1YF1,154030,NAV-verified,,,,,,,1,1,1,1,1,5,High Risk,OK,Verified ✓,N/A,N/A,N/A,N/A,N/A,BSE 500 TRI,N/A,N/A,N/A,N/A,N/A
LIC MF Children's Reg,Regular,Flexi Cap,1135,INF767K01048,101271,NAV-verified,-3.75,0.89,0.19,14.12,8.66,0.2,2,2,3,4,1,12,High Risk,OK,Verified ✓,N/A,N/A,N/A,N/A,N/A,BSE 500 TRI,N/A,N/A,N/A,N/A,N/A
LIC MF Flexi Cap Reg,Regular,Flexi Cap,134,INF767K01071,100313,NAV-verified,-2.24,1,0.32,15.51,10.99,0.37,2,2,3,3,1,11,High Risk,OK,Verified ✓,3.35,9.86,8.3,8.95,7.67,BSE 500 TRI,7.45,14.75,13.7,13.76,14.21
LIC MF Focused Reg,Regular,Flexi Cap,34736,INF397L01KE9,152009,NAV-verified,-5.02,0.97,0.13,15.04,8.01,0.16,1,2,3,3,1,10,High Risk,OK,Verified ✓,8.72,12.1,11.43,11.5,10.57,BSE 500 TRI,7.45,14.75,13.7,13.76,14.21
Mahindra Manulife Flexi Cap Reg,Regular,Flexi Cap,41631,INF174V01AP8,149101,NAV-verified,-0.59,0.95,0.44,14.04,12.27,0.55,4,4,3,4,1,16,Moderately High Risk,OK,Verified ✓,0.96,8.36,9.87,10.04,N/A,BSE 500 TRI,7.45,14.75,13.7,13.76,N/A
Mahindra Manulife Focused Reg,Regular,Flexi Cap,41167,INF174V01AD4,148571,NAV-verified,3.15,0.92,0.69,14.06,15.79,0.87,10,8,3,4,2,27,Low Risk,OK,Verified ✓,4.5,13.32,N/A,N/A,N/A,BSE 500 TRI,7.45,14.75,N/A,N/A,N/A
Mirae Asset Flexi Cap Reg,Regular,Flexi Cap,43132,INF769K01JG8,151414,NAV-verified,0.43,0.94,0.52,13.91,13.23,0.62,6,6,4,4,1,21,Moderate Risk,OK,Verified ✓,6.78,17.56,16.73,N/A,N/A,BSE 500 TRI,7.45,14.75,13.7,N/A,N/A
Mirae Asset Focused Reg,Regular,Flexi Cap,39821,INF769K01ES4,147203,NAV-verified,-6.37,0.92,0.02,14.47,6.29,0.02,1,1,3,4,1,10,High Risk,OK,Verified ✓,12.02,15.04,N/A,N/A,N/A,BSE 500 TRI,7.45,14.75,N/A,N/A,N/A
Mirae Asset Nifty Total Market Index Reg,Regular,Flexi Cap,44599,INF769K01MA5,152970,NAV-verified,,,,,,,1,1,1,1,1,5,High Risk,OK,Verified ✓,-0.49,7.76,7.89,N/A,N/A,BSE 500 TRI,7.45,14.75,13.7,N/A,N/A
Motilal Oswal BSE 1000 Index Reg,Regular,Flexi Cap,45218,INF247L01FN7,153597,NAV-verified,,,,,,,1,1,1,1,1,5,High Risk,OK,Verified ✓,6.7,N/A,N/A,N/A,N/A,BSE 500 TRI,7.45,N/A,N/A,N/A,N/A
Motilal Oswal Diversified Equity Flexicap Passive FoF Reg,Regular,Flexi Cap,45728,INF247L01GM7,154113,NAV-verified,,,,,,,1,1,1,1,1,5,High Risk,OK,Verified ✓,N/A,N/A,N/A,N/A,N/A,BSE 500 TRI,N/A,N/A,N/A,N/A,N/A
Motilal Oswal Flexi Cap Reg,Regular,Flexi Cap,26123,INF247L01478,129048,NAV-verified,4.84,0.98,0.7,17.05,17.96,0.93,10,8,2,3,2,25,Moderate Risk,OK,Verified ✓,N/A,N/A,N/A,N/A,N/A,BSE 500 TRI,N/A,N/A,N/A,N/A,N/A
Motilal Oswal Focused Reg,Regular,Flexi Cap,19512,INF247L01155,122387,NAV-verified,-4.28,1.03,0.18,17.91,9.2,0.22,2,2,2,3,1,10,High Risk,OK,Verified ✓,1.79,19.98,11.99,11.41,12.49,BSE 500 TRI,7.45,14.75,13.7,13.76,14.21
Motilal Oswal Nifty 500 ETF,Regular,Flexi Cap,43812,INF247L01BU1,152106,NAV-verified,,,,,,,1,1,1,1,1,5,High Risk,OK,Verified ✓,15.22,9.78,7.78,10.17,10.96,BSE 500 TRI,7.45,14.75,13.7,13.76,14.21
Motilal Oswal Nifty 500 Index Reg,Regular,Flexi Cap,40239,INF247L01940,147626,NAV-verified,-0.69,1,0.45,14.63,12.55,0.54,4,4,3,3,1,15,Moderately High Risk,OK,Verified ✓,7.67,N/A,N/A,N/A,N/A,BSE 500 TRI,7.45,N/A,N/A,N/A,N/A
Motilal Oswal Nifty 500 Momentum 50 ETF,Regular,Flexi Cap,44555,INF247L01DK8,152874,NAV-verified,,,,,,,1,1,1,1,1,5,High Risk,OK,Verified ✓,6.92,14,12.67,N/A,N/A,BSE 500 TRI,7.45,14.75,13.7,N/A,N/A
Motilal Oswal Nifty 500 Momentum 50 Index Reg,Regular,Flexi Cap,44553,INF247L01DM4,152876,NAV-verified,,,,,,,1,1,1,1,1,5,High Risk,OK,Verified ✓,9.99,N/A,N/A,N/A,N/A,BSE 500 TRI,7.45,N/A,N/A,N/A,N/A
Motilal Oswal Nifty Alpha 50 ETF,Regular,Flexi Cap,45363,INF247L01FR8,153724,NAV-verified,,,,,,,1,1,1,1,1,5,High Risk,OK,Verified ✓,9.49,N/A,N/A,N/A,N/A,BSE 500 TRI,7.45,N/A,N/A,N/A,N/A
NJ Flexi Cap Reg,Regular,Flexi Cap,43712,INF0J8L01131,151920,NAV-verified,,,,,,,1,1,1,1,1,5,High Risk,OK,Verified ✓,N/A,N/A,N/A,N/A,N/A,BSE 500 TRI,N/A,N/A,N/A,N/A,N/A
Navi Flexi Cap Reg,Regular,Flexi Cap,36680,INF959L01EE9,143787,NAV-verified,-2.43,0.96,0.31,14.65,10.54,0.38,2,2,3,3,1,11,High Risk,OK,Verified ✓,1.15,N/A,N/A,N/A,N/A,BSE 500 TRI,7.45,N/A,N/A,N/A,N/A
Nippon India Diversified Equity Flexicap Passive FoF Reg,Regular,Flexi Cap,41239,INF204KB13X3,148641,NAV-verified,-0.6,1,0.45,14.71,12.65,0.57,4,4,3,3,1,15,Moderately High Risk,OK,Verified ✓,12.22,12.7,12.36,11.48,N/A,BSE 500 TRI,7.45,14.75,13.7,13.76,N/A
Nippon India Flexi Cap Reg,Regular,Flexi Cap,41614,INF204KC1097,149089,NAV-verified,-0.58,0.98,0.44,14.75,12.55,0.52,4,4,3,3,1,15,Moderately High Risk,OK,Verified ✓,6.33,13.96,12.92,N/A,N/A,BSE 500 TRI,7.45,14.75,13.7,N/A,N/A
Nippon India Focused Reg,Regular,Flexi Cap,3900,INF204K01GE7,104637,NAV-verified,-0.59,0.92,0.43,14.09,12.09,0.57,4,4,3,4,1,16,Moderately High Risk,OK,Verified ✓,5.7,14.09,N/A,N/A,N/A,BSE 500 TRI,7.45,14.75,N/A,N/A,N/A
Nippon India Nifty 500 Low Volatility 50 Index Reg,Regular,Flexi Cap,45107,INF204KC1EN9,153475,NAV-verified,,,,,,,1,1,1,1,1,5,High Risk,OK,Verified ✓,7.08,13.73,13.2,13.55,13.87,BSE 500 TRI,7.45,14.75,13.7,13.76,14.21
Nippon India Nifty 500 Momentum 50 Index Reg,Regular,Flexi Cap,44556,INF204KC1DD2,152883,NAV-verified,,,,,,,1,1,1,1,1,5,High Risk,OK,Verified ✓,N/A,N/A,N/A,N/A,N/A,BSE 500 TRI,N/A,N/A,N/A,N/A,N/A
Nippon India Nifty 500 Quality 50 Index Reg,Regular,Flexi Cap,45103,INF204KC1ET6,153472,NAV-verified,,,,,,,1,1,1,1,1,5,High Risk,OK,Verified ✓,9.64,N/A,N/A,N/A,N/A,BSE 500 TRI,7.45,N/A,N/A,N/A,N/A
Nippon India Retirement Wealth Creation Reg,Regular,Flexi Cap,29289,INF204KA1B64,133565,NAV-verified,1.1,0.97,0.56,14.53,14.13,0.66,6,6,3,3,1,19,Moderately High Risk,OK,Verified ✓,N/A,N/A,N/A,N/A,N/A,BSE 500 TRI,N/A,N/A,N/A,N/A,N/A
Old Bridge Flexi Cap Reg,Regular,Flexi Cap,45844,INF0S5R01166,154226,Algorithm Match (92% Confidence),,,,,,,1,1,1,1,1,5,High Risk,NOT_FOUND,Neither code 154226 nor ISIN INF0S5R01166 confirmed in NAV,6.26,16.02,14.14,10.64,11.15,BSE 500 TRI,7.45,14.75,13.7,13.76,14.21
Old Bridge Focused Reg,Regular,Flexi Cap,44036,INF0S5R01034,152361,NAV-verified,,,,,,,1,1,1,1,1,5,High Risk,OK,Verified ✓,N/A,N/A,N/A,N/A,N/A,BSE 500 TRI,N/A,N/A,N/A,N/A,N/A
PGIM India Flexi Cap Reg,Regular,Flexi Cap,29471,INF663L01FJ3,133836,NAV-verified,-2.8,0.9,0.27,13.85,9.75,0.35,2,2,4,4,1,13,Moderately High Risk,OK,Verified ✓,11.18,N/A,N/A,N/A,N/A,BSE 500 TRI,7.45,N/A,N/A,N/A,N/A
Parag Parikh Flexi Cap Reg,Regular,Flexi Cap,19699,INF879O01019,122640,NAV-verified,5.35,0.62,1.01,9.75,15.84,1.32,12,12,6,6,2,38,Very Low Risk,OK,Verified ✓,6.09,11.58,11.1,14.68,13.71,BSE 500 TRI,7.45,14.75,13.7,13.76,14.21
Quant Flexi Cap Reg,Regular,Flexi Cap,8827,INF966L01457,109830,NAV-verified,0.71,1.1,0.49,17.48,14.65,0.78,6,4,2,2,1,15,Moderately High Risk,OK,Verified ✓,7.5,17.79,15.77,18.62,17.38,BSE 500 TRI,7.45,14.75,13.7,13.76,14.21
Quantum Diversified Equity All Cap Active FoF Reg,Regular,Flexi Cap,33962,INF082J01275,141063,NAV-verified,0.33,0.93,0.51,13.77,13.1,0.59,6,6,4,4,1,21,Moderate Risk,OK,Verified ✓,8.69,17.27,18.77,20.57,18.86,BSE 500 TRI,7.45,14.75,13.7,13.76,14.21
SBI Flexicap Reg,Regular,Flexi Cap,2859,INF200K01222,103215,NAV-verified,-2.32,0.89,0.31,13.23,10.1,0.35,2,2,4,4,1,13,Moderately High Risk,OK,Verified ✓,9.19,15.44,12.37,12.53,13.07,BSE 500 TRI,7.45,14.75,13.7,13.76,14.21
SBI Focused Reg,Regular,Flexi Cap,2415,INF200K01370,102756,NAV-verified,3.86,0.75,0.77,12,15.3,0.97,10,8,5,6,2,31,Low Risk,OK,Verified ✓,7.47,12.1,10.66,11.75,12.53,BSE 500 TRI,7.45,14.75,13.7,13.76,14.21
SBI Nifty 500 Index Reg,Regular,Flexi Cap,44565,INF200KB1357,152906,NAV-verified,,,,,,,1,1,1,1,1,5,High Risk,OK,Verified ✓,15.94,18.18,13.96,14.55,14.97,BSE 500 TRI,7.45,14.75,13.7,13.76,14.21
SBI Retirement Benefit Aggressive Reg,Regular,Flexi Cap,41269,INF200KA1S30,148698,NAV-verified,-3.29,0.93,0.25,13.93,9.44,0.29,2,2,4,4,1,13,Moderately High Risk,OK,Verified ✓,6.96,N/A,N/A,N/A,N/A,BSE 500 TRI,7.45,N/A,N/A,N/A,N/A
Samco Flexi Cap Reg,Regular,Flexi Cap,41934,INF0K1H01016,149449,NAV-verified,-12.12,1.08,-0.23,18.87,1.7,-0.25,1,1,2,2,1,7,High Risk,OK,Verified ✓,5.52,10.81,13.53,N/A,N/A,BSE 500 TRI,7.45,14.75,13.7,N/A,N/A
Shriram Flexi Cap Reg,Regular,Flexi Cap,37579,INF680P01075,144902,NAV-verified,-4.82,1.02,0.15,16.46,8.55,0.18,2,2,3,3,1,11,High Risk,OK,Verified ✓,1.74,0.77,N/A,N/A,N/A,BSE 500 TRI,7.45,14.75,N/A,N/A,N/A
Sundaram Flexi Cap Reg,Regular,Flexi Cap,42502,INF903J01173,101539,NAV-verified,-1.3,0.91,0.39,13.69,11.3,0.46,4,4,4,4,1,17,Moderately High Risk,OK,Verified ✓,2.25,9.28,9.06,8.84,N/A,BSE 500 TRI,7.45,14.75,13.7,13.76,N/A
Sundaram Focused Reg,Regular,Flexi Cap,2916,INF173K01189,149532,NAV-verified,-1.08,0.84,0.39,12.76,10.99,0.48,4,4,4,5,1,18,Moderately High Risk,OK,Verified ✓,5.79,12.85,N/A,N/A,N/A,BSE 500 TRI,7.45,14.75,N/A,N/A,N/A
TRUST MF Flexi Cap Reg,Regular,Flexi Cap,44269,INF1MIY01049,153542,NAV-verified,,,,,,,1,1,1,1,1,5,High Risk,OK,Verified ✓,5.29,12.39,11.59,13.21,13.21,BSE 500 TRI,7.45,14.75,13.7,13.76,14.21
Tata Children's Reg,Regular,Flexi Cap,210,INF277K01AJ5,101491,NAV-verified,-4.9,0.97,0.15,14.64,8.16,0.18,2,2,3,3,1,11,High Risk,OK,Verified ✓,6.39,N/A,N/A,N/A,N/A,BSE 500 TRI,7.45,N/A,N/A,N/A,N/A
Tata Flexi Cap Reg,Regular,Flexi Cap,37435,INF277K019K2,144548,NAV-verified,0.83,0.87,0.54,13.2,13.11,0.69,6,6,4,4,1,21,Moderate Risk,OK,Verified ✓,-2.55,9.17,10.32,11.63,10.1,BSE 500 TRI,7.45,14.75,13.7,13.76,14.21
Tata Focused Reg,Regular,Flexi Cap,40403,INF277K010Y2,147760,NAV-verified,-0.81,0.92,0.42,14.08,11.89,0.48,4,4,3,4,1,16,Moderately High Risk,OK,Verified ✓,4.65,14.87,11.99,12.03,N/A,BSE 500 TRI,7.45,14.75,13.7,13.76,N/A
Tata Retirement Savings Progressive Reg,Regular,Flexi Cap,13413,INF277K01FG0,115942,NAV-verified,-0.57,0.94,0.43,14.61,12.26,0.53,4,4,3,4,1,16,Moderately High Risk,OK,Verified ✓,6.78,13.59,12.97,N/A,N/A,BSE 500 TRI,7.45,14.75,13.7,N/A,N/A
Taurus Flexi Cap Reg,Regular,Flexi Cap,214,INF044D01989,100476,NAV-verified,-1.42,0.99,0.38,15.03,11.73,0.49,4,4,3,3,1,15,Moderately High Risk,OK,Verified ✓,6.3,14.39,11.33,11.38,12.77,BSE 500 TRI,7.45,14.75,13.7,13.76,14.21
The Wealth Company Flexi Cap Reg,Regular,Flexi Cap,45497,INF2F0001016,153870,NAV-verified,,,,,,,1,1,1,1,1,5,High Risk,OK,Verified ✓,4.22,12.65,11.24,9.42,9.71,BSE 500 TRI,7.45,14.75,13.7,13.76,14.21
UTI Children's Equity Reg,Regular,Flexi Cap,2090,,154084,NAV-verified (corrected),-2.69,0.96,0.29,14.39,10.25,0.37,2,2,3,3,1,11,High Risk,FIXED,ISIN was missing → filled from NAV,N/A,N/A,N/A,N/A,N/A,BSE 500 TRI,N/A,N/A,N/A,N/A,N/A
UTI Flexi Cap Reg,Regular,Flexi Cap,247,INF789F01513,100669,NAV-verified,-4.75,0.87,0.11,13.84,7.56,0.15,2,2,4,4,1,13,Moderately High Risk,OK,Verified ✓,2.38,11.36,10.08,11.09,11.82,BSE 500 TRI,7.45,14.75,13.7,13.76,14.21
UTI Focused Reg,Regular,Flexi Cap,41627,INF789F1AUY5,149090,NAV-verified,-1.09,0.96,0.4,14.6,11.88,0.48,4,4,3,3,1,15,Moderately High Risk,OK,Verified ✓,-1.88,8.53,6.69,10.52,11.45,BSE 500 TRI,7.45,14.75,13.7,13.76,14.21
UTI Nifty500 Shariah Index Reg,Regular,Flexi Cap,45820,,154198,NAV-verified (corrected),,,,,,,1,1,1,1,1,5,High Risk,FIXED,ISIN was missing → filled from NAV,3.78,13.36,N/A,N/A,N/A,BSE 500 TRI,7.45,14.75,N/A,N/A,N/A
Unifi Flexi Cap Reg,Regular,Flexi Cap,45188,INF1MIY01049,153542,NAV-verified,,,,,,,1,1,1,1,1,5,High Risk,OK,Verified ✓,N/A,N/A,N/A,N/A,N/A,BSE 500 TRI,N/A,N/A,N/A,N/A,N/A
Union Children's Reg,Regular,Flexi Cap,43922,INF582M01JI7,152217,NAV-verified,,,,,,,1,1,1,1,1,5,High Risk,OK,Verified ✓,N/A,N/A,N/A,N/A,N/A,BSE 500 TRI,N/A,N/A,N/A,N/A,N/A
Union Diversified Equity All Cap Active FoF Reg,Regular,Flexi Cap,45471,INF582M01LV6,153822,NAV-verified,,,,,,,1,1,1,1,1,5,High Risk,OK,Verified ✓,9.3,N/A,N/A,N/A,N/A,BSE 500 TRI,7.45,N/A,N/A,N/A,N/A
Union Flexi Cap Reg,Regular,Flexi Cap,12817,INF582M01104,115270,NAV-verified,-0.55,0.94,0.44,14.21,12.29,0.48,4,4,3,4,1,16,Moderately High Risk,OK,Verified ✓,N/A,N/A,N/A,N/A,N/A,BSE 500 TRI,N/A,N/A,N/A,N/A,N/A
Union Focused Reg,Regular,Flexi Cap,40106,INF582M01FW6,147490,NAV-verified,-1.04,0.85,0.38,13.45,11.13,0.44,4,4,4,5,1,18,Moderately High Risk,OK,Verified ✓,7.01,13.79,13.03,13.96,13.07,BSE 500 TRI,7.45,14.75,13.7,13.76,14.21
Union Retirement Reg,Regular,Flexi Cap,42490,INF582M01IM1,150552,NAV-verified,2.02,0.91,0.63,13.66,14.63,0.73,8,6,4,4,1,23,Moderate Risk,OK,Verified ✓,11.38,12.64,11.7,N/A,N/A,BSE 500 TRI,7.45,14.75,13.7,N/A,N/A
WhiteOak Capital Flexi Cap Reg,Regular,Flexi Cap,42318,INF03VN01506,150347,NAV-verified,2.93,0.91,0.69,13.86,15.55,0.87,8,8,4,4,2,26,Moderate Risk,OK,Verified ✓,12.22,16.49,N/A,N/A,N/A,BSE 500 TRI,7.45,14.75,N/A,N/A,N/A
ABSL Global Emerging Opportunities Reg**,Regular,International,8751,INF084M01AT0,132138,NAV-verified,,,,,,,1,1,1,1,1,5,High Risk,OK,Verified ✓,7.94,17.57,N/A,N/A,N/A,BSE 500 TRI,7.45,14.75,N/A,N/A,N/A
ABSL Global Excellence Equity FoF Reg**,Regular,International,6275,INF084M01AZ7,132005,NAV-verified,,,,,,,1,1,1,1,1,5,High Risk,OK,Verified ✓,26.36,16.35,9.09,13.22,11.25,BSE 500 TRI,7.45,14.75,13.7,13.76,14.21
ABSL International Equity Reg,Regular,International,5802,INF209K01520,106873,NAV-verified,,,,,,,1,1,1,1,1,5,High Risk,OK,Verified ✓,30.4,20.84,13,10.64,8.04,BSE 500 TRI,7.45,14.75,13.7,13.76,14.21
ABSL US Equity Passive FoF Reg,Regular,International,41795,INF209KB15C1,149290,NAV-verified,,,,,,,1,1,1,1,1,5,High Risk,OK,Verified ✓,38.46,16.66,10.12,12.58,11.87,BSE 500 TRI,7.45,14.75,13.7,13.76,14.21
Axis Global Equity Alpha FoF Reg,Regular,International,41098,INF846K01X30,148486,NAV-verified,,,,,,,1,1,1,1,1,5,High Risk,OK,Verified ✓,55.62,29.4,N/A,N/A,N/A,BSE 500 TRI,7.45,14.75,N/A,N/A,N/A
Axis Global Innovation FoF Reg,Regular,International,41494,INF846K01Z53,148953,NAV-verified,,,,,,,1,1,1,1,1,5,High Risk,OK,Verified ✓,44.93,21.49,13.27,N/A,N/A,BSE 500 TRI,7.45,14.75,13.7,N/A,N/A
Axis Greater China Equity FoF Reg**,Regular,International,41285,INF846K01Y62,148701,NAV-verified,,,,,,,1,1,1,1,1,5,High Risk,OK,Verified ✓,45.08,20.18,N/A,N/A,N/A,BSE 500 TRI,7.45,14.75,N/A,N/A,N/A
Axis NASDAQ 100 US Specific Equity Passive FoF Reg,Regular,International,42631,INF846K015K2,150750,NAV-verified,,,,,,,1,1,1,1,1,5,High Risk,OK,Verified ✓,66.1,12.92,2.96,N/A,N/A,BSE 500 TRI,7.45,14.75,13.7,N/A,N/A
Bandhan US specific Equity Active FoF Reg**,Regular,International,41618,INF194KB1CC9,149100,NAV-verified,,,,,,,1,1,1,1,1,5,High Risk,OK,Verified ✓,54.43,28.75,N/A,N/A,N/A,BSE 500 TRI,7.45,14.75,N/A,N/A,N/A
Baroda BNP Paribas Aqua FoF Reg,Regular,International,41452,INF251K01QQ1,150284,NAV-verified,,,,,,,1,1,1,1,1,5,High Risk,OK,Verified ✓,37.99,25.62,N/A,N/A,N/A,BSE 500 TRI,7.45,14.75,N/A,N/A,N/A
DSP Global Clean Energy Overseas Equity Omni FoF Reg,Regular,International,10559,INF740K01284,112126,NAV-verified,,,,,,,1,1,1,1,1,5,High Risk,OK,Verified ✓,32.09,14.38,N/A,N/A,N/A,BSE 500 TRI,7.45,14.75,N/A,N/A,N/A
DSP Global Innovation Overseas Equity Omni FoF Reg**,Regular,International,42052,INF740KA1QM8,149817,NAV-verified,,,,,,,1,1,1,1,1,5,High Risk,OK,Verified ✓,95.85,17.14,12.24,11.28,9.67,BSE 500 TRI,7.45,14.75,13.7,13.76,14.21
DSP US Specific Equity Omni FoF Reg,Regular,International,15152,INF740K01LP6,117691,NAV-verified,,,,,,,1,1,1,1,1,5,High Risk,OK,Verified ✓,40.86,24.85,N/A,N/A,N/A,BSE 500 TRI,7.45,14.75,N/A,N/A,N/A
DSP World Gold Mining Overseas Equity Omni FoF Reg,Regular,International,5623,INF740K01250,106597,NAV-verified,,,,,,,1,1,1,1,1,5,High Risk,OK,Verified ✓,67.69,24.61,15.67,18.48,16.95,BSE 500 TRI,7.45,14.75,13.7,13.76,14.21
DSP World Mining Overseas Equity Omni FoF Reg,Regular,International,10799,INF740K01730,112293,NAV-verified,,,,,,,1,1,1,1,1,5,High Risk,OK,Verified ✓,145.23,50.03,27.54,27.28,18.59,BSE 500 TRI,7.45,14.75,13.7,13.76,14.21
Edelweiss ASEAN Equity Offshore Reg,Regular,International,12762,INF843K01609,140255,NAV-verified,,,,,,,1,1,1,1,1,5,High Risk,OK,Verified ✓,130.35,26.41,18.4,20.97,20.21,BSE 500 TRI,7.45,14.75,13.7,13.76,14.21
Edelweiss Emerging Markets Opportunities Equity Offshr Reg,Regular,International,27118,INF843K01IY6,140328,NAV-verified,,,,,,,1,1,1,1,1,5,High Risk,OK,Verified ✓,41.41,11.19,8.36,7.63,8.14,BSE 500 TRI,7.45,14.75,13.7,13.76,14.21
Edelweiss Europe Dynamic Equity Offshr Reg,Regular,International,23434,INF843K01GJ1,140295,NAV-verified,,,,,,,1,1,1,1,1,5,High Risk,OK,Verified ✓,79.36,22.26,6.62,9.84,11.45,BSE 500 TRI,7.45,14.75,13.7,13.76,14.21
Edelweiss Greater China Equity Offshore Reg,Regular,International,10567,INF843K01138,140242,NAV-verified,,,,,,,1,1,1,1,1,5,High Risk,OK,Verified ✓,52.37,22.26,14.55,15.42,12.14,BSE 500 TRI,7.45,14.75,13.7,13.76,14.21
Edelweiss US Technology Equity FoF Reg,Regular,International,40664,INF754K01LC5,148064,NAV-verified,,,,,,,1,1,1,1,1,5,High Risk,OK,Verified ✓,74,15.07,1.74,11.05,12.69,BSE 500 TRI,7.45,14.75,13.7,13.76,14.21
Edelweiss US Value Equity Offshore Reg,Regular,International,20059,INF843K01ED9,140273,NAV-verified,,,,,,,1,1,1,1,1,5,High Risk,OK,Verified ✓,48.35,28.82,10.52,N/A,N/A,BSE 500 TRI,7.45,14.75,13.7,N/A,N/A
Franklin Asian Equity Reg,Regular,International,6383,INF090I01AB3,106979,NAV-verified,,,,,,,1,1,1,1,1,5,High Risk,OK,Verified ✓,37.1,16.43,12.02,13.95,12.63,BSE 500 TRI,7.45,14.75,13.7,13.76,14.21
Franklin U.S. Opportunities Equity Active FoF Reg,Regular,International,14017,INF090I01EW1,116633,NAV-verified,,,,,,,1,1,1,1,1,5,High Risk,OK,Verified ✓,47.74,14.22,3.34,7.74,9.51,BSE 500 TRI,7.45,14.75,13.7,13.76,14.21
HDFC Developed World Overseas Equity Passive FoF Reg*,Regular,International,41713,INF179KC1BP1,149181,NAV-verified,,,,,,,1,1,1,1,1,5,High Risk,OK,Verified ✓,22.68,21.36,8.89,14.64,15.27,BSE 500 TRI,7.45,14.75,13.7,13.76,14.21
HSBC Asia Pacific (Ex Japan) Dividend Yield Reg**,Regular,International,23944,INF336L01RL7,152830,NAV-verified,,,,,,,1,1,1,1,1,5,High Risk,OK,Verified ✓,47.99,22.66,N/A,N/A,N/A,BSE 500 TRI,7.45,14.75,N/A,N/A,N/A
HSBC Brazil Reg,Regular,International,12632,INF336L01164,115116,NAV-verified,,,,,,,1,1,1,1,1,5,High Risk,OK,Verified ✓,70.33,21.98,10.54,12.05,12.88,BSE 500 TRI,7.45,14.75,13.7,13.76,14.21
HSBC Global Emerging Markets Reg**,Regular,International,6774,INF336L01446,107988,NAV-verified,,,,,,,1,1,1,1,1,5,High Risk,OK,Verified ✓,89.77,24.2,10.65,4.31,8.39,BSE 500 TRI,7.45,14.75,13.7,13.76,14.21
ICICI Pru Global Advantage (FOF),Regular,International,40280,INF109KC1F00,147647,NAV-verified,,,,,,,1,1,1,1,1,5,High Risk,OK,Verified ✓,73.2,22.88,7.94,11.08,11.56,BSE 500 TRI,7.45,14.75,13.7,13.76,14.21
ICICI Pru Global Stable Equity (FOF),Regular,International,20855,INF109KA1CB6,123651,NAV-verified,,,,,,,1,1,1,1,1,5,High Risk,OK,Verified ✓,35.25,16.88,7.37,N/A,N/A,BSE 500 TRI,7.45,14.75,13.7,N/A,N/A
ICICI Pru NASDAQ 100 Index,Regular,International,41742,INF109KC1U27,149218,NAV-verified,,,,,,,1,1,1,1,1,5,High Risk,OK,Verified ✓,25.08,11.42,9.59,11.03,9.47,BSE 500 TRI,7.45,14.75,13.7,13.76,14.21
ICICI Pru Strategic Metal and Energy Equity FoF,Regular,International,42033,INF109KC1Z22,149456,NAV-verified,,,,,,,1,1,1,1,1,5,High Risk,OK,Verified ✓,39.42,29.1,N/A,N/A,N/A,BSE 500 TRI,7.45,14.75,N/A,N/A,N/A
ICICI Pru US Bluechip Equity,Regular,International,14998,INF109K01E35,117620,NAV-verified,,,,,,,1,1,1,1,1,5,High Risk,OK,Verified ✓,83.28,27.67,N/A,N/A,N/A,BSE 500 TRI,7.45,14.75,N/A,N/A,N/A
Invesco India Global Equity Income FoF Reg,Regular,International,26147,INF205K01B15,129187,NAV-verified,,,,,,,1,1,1,1,1,5,High Risk,OK,Verified ✓,22.87,13.42,9.96,14.38,14.36,BSE 500 TRI,7.45,14.75,13.7,13.76,14.21
Invesco India Pan European Equity FoF Reg,Regular,International,23312,INF205K01ZZ9,126351,NAV-verified,,,,,,,1,1,1,1,1,5,High Risk,OK,Verified ✓,40.73,20.77,14.97,15.11,12.9,BSE 500 TRI,7.45,14.75,13.7,13.76,14.21
Invesco India-Invesco EQQQ NASDAQ-100 ETF FoF Reg,Regular,International,42217,INF205KA1577,149960,NAV-verified,,,,,,,1,1,1,1,1,5,High Risk,OK,Verified ✓,57.31,17.46,13.71,12.61,11.02,BSE 500 TRI,7.45,14.75,13.7,13.76,14.21
Invesco India-Invesco Global Consumer Trends FoF Reg,Regular,International,41227,INF205KA1247,148613,NAV-verified,,,,,,,1,1,1,1,1,5,High Risk,OK,Verified ✓,55.55,29.53,N/A,N/A,N/A,BSE 500 TRI,7.45,14.75,N/A,N/A,N/A
Kotak Global Emerging Market Overseas Equity Omni FoF Reg,Regular,International,5560,INF174K01DV3,106441,NAV-verified,,,,,,,1,1,1,1,1,5,High Risk,OK,Verified ✓,55.09,21.38,0.36,N/A,N/A,BSE 500 TRI,7.45,14.75,13.7,N/A,N/A
Kotak Global Innovation Overseas Equity Omni FoF Reg**,Regular,International,41593,INF174KA1HD1,149056,NAV-verified,,,,,,,1,1,1,1,1,5,High Risk,OK,Verified ✓,68.11,21.21,8.13,12.17,10.77,BSE 500 TRI,7.45,14.75,13.7,13.76,14.21
Kotak International REIT Overseas Equity Omni FoF Reg**,Regular,International,41235,INF174KA1FL8,148645,NAV-verified,,,,,,,1,1,1,1,1,5,High Risk,OK,Verified ✓,37.22,20.24,N/A,N/A,N/A,BSE 500 TRI,7.45,14.75,N/A,N/A,N/A
Kotak Quality Overseas Equity Omni FoF Reg,Regular,International,45904,INF174KA1ZL6,154286,Algorithm Match (96% Confidence),,,,,,,1,1,1,1,1,5,High Risk,NOT_FOUND,Neither code 154286 nor ISIN INF174KA1ZL6 confirmed in NAV,29.16,6.86,2.32,N/A,N/A,BSE 500 TRI,7.45,14.75,13.7,N/A,N/A
Kotak US Specific Equity Passive FoF Reg,Regular,International,41259,INF174KA1FR5,148661,NAV-verified,,,,,,,1,1,1,1,1,5,High Risk,OK,Verified ✓,N/A,N/A,N/A,N/A,N/A,BSE 500 TRI,N/A,N/A,N/A,N/A,N/A
Mahindra Manulife Asia Pacific REITs FoF Reg,Regular,International,41760,INF174V01AV6,149228,NAV-verified,,,,,,,1,1,1,1,1,5,High Risk,OK,Verified ✓,50.57,29.27,17.4,N/A,N/A,BSE 500 TRI,7.45,14.75,13.7,N/A,N/A
Mirae Asset Global Electric & Autonomous Vehicles Eqt Passive FoF Reg,Regular,International,42459,INF769K01IP1,150594,NAV-verified,,,,,,,1,1,1,1,1,5,High Risk,OK,Verified ✓,31.96,5.28,N/A,N/A,N/A,BSE 500 TRI,7.45,14.75,N/A,N/A,N/A
Mirae Asset Global X Artificial Intelligence & Tech ETF FoF Reg,Regular,International,42457,INF769K01IR7,150596,NAV-verified,,,,,,,1,1,1,1,1,5,High Risk,OK,Verified ✓,--,--,--,--,--,--,--,--,--,--,--
Mirae Asset Hang Seng TECH ETF FoF Reg**,Regular,International,41877,INF769K01HS7,149379,NAV-verified,,,,,,,1,1,1,1,1,5,High Risk,OK,Verified ✓,67.98,31.94,N/A,N/A,N/A,BSE 500 TRI,7.45,14.75,N/A,N/A,N/A
Mirae Asset Hang Seng TECH ETF**,Regular,International,41876,INF769K01HS7,149379,NAV-verified,,,,,,,1,1,1,1,1,5,High Risk,OK,Verified ✓,5.99,10.11,N/A,N/A,N/A,BSE 500 TRI,7.45,14.75,N/A,N/A,N/A
Mirae Asset NYSE FANG+ ETF,Regular,International,41429,INF769K01HF4,148927,NAV-verified,,,,,,,1,1,1,1,1,5,High Risk,OK,Verified ✓,12.48,15.68,N/A,N/A,N/A,BSE 500 TRI,7.45,14.75,N/A,N/A,N/A
Mirae Asset NYSE FANG+ ETF FoF Reg,Regular,International,41430,INF769K01HF4,148927,NAV-verified,,,,,,,1,1,1,1,1,5,High Risk,OK,Verified ✓,54.46,40.11,N/A,N/A,N/A,BSE 500 TRI,7.45,14.75,N/A,N/A,N/A
Mirae Asset S&P 500 Top 50 ETF,Regular,International,41698,INF769K01HP3,149169,NAV-verified,,,,,,,1,1,1,1,1,5,High Risk,OK,Verified ✓,49.47,47.65,N/A,N/A,N/A,BSE 500 TRI,7.45,14.75,N/A,N/A,N/A
Mirae Asset S&P 500 Top 50 ETF FoF Reg,Regular,International,41703,INF769K01HP3,149169,NAV-verified,,,,,,,1,1,1,1,1,5,High Risk,OK,Verified ✓,34.78,27.45,N/A,N/A,N/A,BSE 500 TRI,7.45,14.75,N/A,N/A,N/A
Motilal Oswal Developed Mkt Ex US ETFs Ovrses Eqt Pass FoF Reg,Regular,International,43801,ETF NOT IN AMFI NAV FILE,ETF NOT IN AMFI NAV FILE,Missing from AMFI Database,,,,,,,1,1,1,1,1,5,High Risk,NOT_FOUND,Neither code ETF NOT IN AMFI NAV FILE nor ISIN ETF NOT IN AMFI NAV FILE confirmed in NAV,52.47,34.15,N/A,N/A,N/A,BSE 500 TRI,7.45,14.75,N/A,N/A,N/A
Motilal Oswal NASDAQ 100 ETF,Regular,International,12498,INF247L01AP3,114984,NAV-verified,,,,,,,1,1,1,1,1,5,High Risk,OK,Verified ✓,43.79,N/A,N/A,N/A,N/A,BSE 500 TRI,7.45,N/A,N/A,N/A,N/A
Motilal Oswal Nasdaq 100 FOF Reg,Regular,International,38227,INF247L01AP3,114984,NAV-verified,,,,,,,1,1,1,1,1,5,High Risk,OK,Verified ✓,40.39,29.64,17.78,23.78,22.61,BSE 500 TRI,7.45,14.75,13.7,13.76,14.21
Motilal Oswal Nasdaq Q50 ETF,Regular,International,41923,INF247L01AU3,149438,NAV-verified,,,,,,,1,1,1,1,1,5,High Risk,OK,Verified ✓,51.35,34.33,19.06,24.75,N/A,BSE 500 TRI,7.45,14.75,13.7,13.76,N/A
Motilal Oswal S&P 500 Index Reg,Regular,International,40996,INF247L01AH0,148382,NAV-verified,,,,,,,1,1,1,1,1,5,High Risk,OK,Verified ✓,49.95,22.72,N/A,N/A,N/A,BSE 500 TRI,7.45,14.75,N/A,N/A,N/A
Navi Nasdaq100 US Specific Equity Passive FoF Reg,Regular,International,42134,INF959L01GA2,149911,NAV-verified,,,,,,,1,1,1,1,1,5,High Risk,OK,Verified ✓,33.45,23.14,15.41,N/A,N/A,BSE 500 TRI,7.45,14.75,13.7,N/A,N/A
Navi Total Stock Market US Specific Equity Passive FoF Reg,Regular,International,42068,INF959L01FW8,149831,NAV-verified,,,,,,,1,1,1,1,1,5,High Risk,OK,Verified ✓,40.26,29.63,N/A,N/A,N/A,BSE 500 TRI,7.45,14.75,N/A,N/A,N/A
Nippon India ETF Hang Seng BeES,Regular,International,10905,INF204KB19I1,140095,NAV-verified,,,,,,,1,1,1,1,1,5,High Risk,OK,Verified ✓,34.33,23.97,N/A,N/A,N/A,BSE 500 TRI,7.45,14.75,N/A,N/A,N/A
Nippon India Japan Equity Reg,Regular,International,27688,INF204KA1SH3,130863,NAV-verified,,,,,,,1,1,1,1,1,5,High Risk,OK,Verified ✓,34.19,16.17,4.69,4.68,7.88,BSE 500 TRI,7.45,14.75,13.7,13.76,14.21
Nippon India Taiwan Equity Reg,Regular,International,41836,INF204KC1279,149328,NAV-verified,,,,,,,1,1,1,1,1,5,High Risk,OK,Verified ✓,36.37,17.78,7.84,10.2,9.44,BSE 500 TRI,7.45,14.75,13.7,13.76,14.21
Nippon India US Equity Opportunities Reg,Regular,International,30564,INF204KA12G2,134922,NAV-verified,,,,,,,1,1,1,1,1,5,High Risk,OK,Verified ✓,217.78,53.24,N/A,N/A,N/A,BSE 500 TRI,7.45,14.75,N/A,N/A,N/A
PGIM India Emerging Markets Equity FoF Reg,Regular,International,5558,INF223J01AY0,138453,NAV-verified,,,,,,,1,1,1,1,1,5,High Risk,OK,Verified ✓,12.1,17.39,8.23,13.32,14.24,BSE 500 TRI,7.45,14.75,13.7,13.76,14.21
PGIM India Global Equity Opportunities FoF Reg,Regular,International,11136,INF223J01AU8,138523,NAV-verified,,,,,,,1,1,1,1,1,5,High Risk,OK,Verified ✓,58.84,24.96,3.11,7.34,6.59,BSE 500 TRI,7.45,14.75,13.7,13.76,14.21
PGIM India Global Select Real Estate Sec FoF Reg,Regular,International,41816,INF663L01W97,149299,NAV-verified,,,,,,,1,1,1,1,1,5,High Risk,OK,Verified ✓,22.38,16.85,5.37,13.93,13.38,BSE 500 TRI,7.45,14.75,13.7,13.76,14.21
SBI US Specific Equity Active FoF FoF Reg,Regular,International,41350,INF200KA1T96,148762,NAV-verified,,,,,,,1,1,1,1,1,5,High Risk,OK,Verified ✓,31.01,13.34,N/A,N/A,N/A,BSE 500 TRI,7.45,14.75,N/A,N/A,N/A
Sundaram Global Brand Theme-Equity Active FoF Reg*,Regular,International,5449,INF903J01EX1,106370,NAV-verified,,,,,,,1,1,1,1,1,5,High Risk,OK,Verified ✓,46.87,26.9,15.79,N/A,N/A,BSE 500 TRI,7.45,14.75,13.7,N/A,N/A
ABSL Large & Mid Cap Reg,Regular,Large & Mid Cap,27,INF209K01165,100033,NAV-verified,-0.51,1.03,0.43,15.35,12.66,0.51,4,4,3,3,1,15,Moderately High Risk,OK,Verified ✓,28.51,16.98,9.98,13.13,12.48,BSE 500 TRI,7.45,14.75,13.7,13.76,14.21
ABSL Nifty 200 Momentum 30 ETF,Regular,Large & Mid Cap,42334,INF209KB14K7,150498,NAV-verified,0.67,1.25,0.48,19.48,15.37,0.61,6,4,2,1,1,14,Moderately High Risk,OK,Verified ✓,11.12,14.57,10.42,11.9,11.75,BSE Large Mid Cap TRI,7.42,15.12,13.23,13.21,13.86
ABSL Nifty 200 Quality 30 ETF,Regular,Large & Mid Cap,42335,INF209KB15K4,150497,NAV-verified,-1.67,0.98,0.34,15.2,11.17,0.39,4,2,3,3,1,13,Moderately High Risk,OK,Verified ✓,11.67,17.48,N/A,N/A,N/A,BSE Large Mid Cap TRI,7.42,15.12,N/A,N/A,N/A
Aditya Birla SL MSCI India ETF,Regular,Large & Mid Cap,45843,INF209KC1662,154220,NAV-verified,,,,,,,1,1,1,1,1,5,High Risk,OK,Verified ✓,4.97,12.33,N/A,N/A,N/A,BSE Large Mid Cap TRI,7.42,15.12,N/A,N/A,N/A
Axis Large & Mid Cap Reg,Regular,Large & Mid Cap,37837,INF846K01J79,145112,NAV-verified,3.92,0.9,0.73,13.92,16.21,0.84,10,8,4,4,2,28,Low Risk,OK,Verified ✓,N/A,N/A,N/A,N/A,N/A,BSE Large Mid Cap TRI,N/A,N/A,N/A,N/A,N/A
Bajaj Finserv Large and Mid Cap Reg,Regular,Large & Mid Cap,44116,INF0QA701730,152406,NAV-verified,,,,,,,1,1,1,1,1,5,High Risk,OK,Verified ✓,12.91,18.67,14.25,16.95,N/A,BSE Large Mid Cap TRI,7.42,15.12,13.23,13.21,N/A
Bandhan Large & Mid Cap Reg,Regular,Large & Mid Cap,2797,INF194K01524,108596,NAV-verified,6.4,1,0.89,14.94,19.36,1.07,12,10,3,3,2,30,Low Risk,OK,Verified ✓,6.51,N/A,N/A,N/A,N/A,BSE Large Mid Cap TRI,7.42,N/A,N/A,N/A,N/A
Bandhan Nifty 200 Quality 30 Index Reg,Regular,Large & Mid Cap,44740,INF194KB1IZ7,153113,NAV-verified,,,,,,,1,1,1,1,1,5,High Risk,OK,Verified ✓,10.87,22.11,18.71,16.65,15.98,BSE Large Mid Cap TRI,7.42,15.12,13.23,13.21,13.86
Bandhan Nifty Alpha Low Volatility 30 Index Reg,Regular,Large & Mid Cap,44858,INF194KB1JB6,153212,NAV-verified,,,,,,,1,1,1,1,1,5,High Risk,OK,Verified ✓,4.04,N/A,N/A,N/A,N/A,BSE Large Mid Cap TRI,7.42,N/A,N/A,N/A,N/A
Bandhan Nifty200 Momentum 30 Index Reg,Regular,Large & Mid Cap,42494,INF194KB1DS3,150592,NAV-verified,-0.39,1.24,0.42,19.41,14.26,0.54,4,4,2,1,1,12,High Risk,OK,Verified ✓,2.17,N/A,N/A,N/A,N/A,BSE Large Mid Cap TRI,7.42,N/A,N/A,N/A,N/A
Bank of India Large & Mid Cap Eco,Regular,Large & Mid Cap,8989,INF761K01017,110601,NAV-verified,2.37,1.02,0.62,15.29,15.46,0.8,8,6,3,3,2,22,Moderate Risk,OK,Verified ✓,10.66,16.21,N/A,N/A,N/A,BSE Large Mid Cap TRI,7.42,15.12,N/A,N/A,N/A
Bank of India Large & Mid Cap Reg,Regular,Large & Mid Cap,8985,INF761K01074,110606,NAV-verified,1.66,1.01,0.57,15.28,14.75,0.74,8,6,3,3,1,21,Moderate Risk,OK,Verified ✓,13.36,16.9,15.63,15.39,13.55,BSE Large Mid Cap TRI,7.42,15.12,13.23,13.21,13.86
Baroda BNP Paribas Large & Mid Cap Reg,Regular,Large & Mid Cap,41086,INF955L01JR8,148471,NAV-verified,1.44,1.03,0.55,15.71,14.66,0.64,6,6,3,3,1,19,Moderately High Risk,OK,Verified ✓,12.55,16.08,14.96,14.68,12.8,BSE Large Mid Cap TRI,7.42,15.12,13.23,13.21,13.86
Baroda BNP Paribas Nifty200 Momentum 30 Index Reg,Regular,Large & Mid Cap,44581,INF251K01TZ6,152930,NAV-verified,,,,,,,1,1,1,1,1,5,High Risk,OK,Verified ✓,4.87,16.17,15.29,N/A,N/A,BSE Large Mid Cap TRI,7.42,15.12,13.23,N/A,N/A
Canara Robeco Large and Mid Cap Reg,Regular,Large & Mid Cap,2645,INF760K01167,102920,NAV-verified,-0.23,0.99,0.44,15.01,12.71,0.55,4,4,3,3,1,15,Moderately High Risk,OK,Verified ✓,10.24,N/A,N/A,N/A,N/A,BSE Large Mid Cap TRI,7.42,N/A,N/A,N/A,N/A
DSP Large & Mid Cap Reg,Regular,Large & Mid Cap,776,INF740K01094,103819,NAV-verified,3.49,1.03,0.69,15.29,16.65,0.86,10,8,3,3,2,26,Moderate Risk,OK,Verified ✓,3.75,14.44,13.36,14.19,15.07,BSE Large Mid Cap TRI,7.42,15.12,13.23,13.21,13.86
DSP MSCI India ETF,Regular,Large & Mid Cap,45616,INF740KA1WV7,153975,NAV-verified,,,,,,,1,1,1,1,1,5,High Risk,OK,Verified ✓,7.07,18.64,15.57,15.38,15.07,BSE Large Mid Cap TRI,7.42,15.12,13.23,13.21,13.86
Edelweiss Large & Mid Cap Reg,Regular,Large & Mid Cap,4871,INF843K01047,140172,NAV-verified,2.47,1,0.63,14.95,15.45,0.74,8,6,3,3,1,21,Moderate Risk,OK,Verified ✓,N/A,N/A,N/A,N/A,N/A,BSE Large Mid Cap TRI,N/A,N/A,N/A,N/A,N/A
Edelweiss NIFTY Large Mid Cap 250 Index Reg,Regular,Large & Mid Cap,41842,INF754K01NN8,149341,NAV-verified,1.59,1.05,0.58,15.21,14.91,0.7,8,6,3,3,1,21,Moderate Risk,OK,Verified ✓,11.86,17.64,15.22,15.51,14.56,BSE Large Mid Cap TRI,7.42,15.12,13.23,13.21,13.86
Edelweiss Nifty Alpha Low Volatility 30 Index Reg,Regular,Large & Mid Cap,44307,INF754K01SO5,152617,NAV-verified,,,,,,,1,1,1,1,1,5,High Risk,OK,Verified ✓,9.27,16.69,N/A,N/A,N/A,BSE Large Mid Cap TRI,7.42,15.12,N/A,N/A,N/A
Edelweiss Nifty LargeMidcap 250 ETF,Regular,Large & Mid Cap,45481,INF754K01VV4,153841,NAV-verified,,,,,,,1,1,1,1,1,5,High Risk,OK,Verified ✓,2.17,N/A,N/A,N/A,N/A,BSE Large Mid Cap TRI,7.42,N/A,N/A,N/A,N/A
Franklin India Large & Mid Cap Reg,Regular,Large & Mid Cap,2605,INF090I01205,102883,NAV-verified,0.57,0.97,0.5,14.52,13.35,0.7,6,6,3,3,1,19,Moderately High Risk,OK,Verified ✓,N/A,N/A,N/A,N/A,N/A,BSE Large Mid Cap TRI,N/A,N/A,N/A,N/A,N/A
Groww Nifty 200 ETF,Regular,Large & Mid Cap,44969,INF666M01JV1,153329,NAV-verified,,,,,,,1,1,1,1,1,5,High Risk,OK,Verified ✓,7.08,14.68,13.1,12.14,11.43,BSE Large Mid Cap TRI,7.42,15.12,13.23,13.21,13.86
Groww Nifty 200 ETF FoF Reg,Regular,Large & Mid Cap,44965,INF666M01JU3,153344,NAV-verified,,,,,,,1,1,1,1,1,5,High Risk,OK,Verified ✓,7.3,N/A,N/A,N/A,N/A,BSE Large Mid Cap TRI,7.42,N/A,N/A,N/A,N/A
HDFC Large and Mid Cap Reg,Regular,Large & Mid Cap,172,INF179KA1RT1,130496,NAV-verified,2.6,1.08,0.64,15.82,16.12,0.78,8,6,3,2,1,20,Moderate Risk,OK,Verified ✓,7.14,N/A,N/A,N/A,N/A,BSE Large Mid Cap TRI,7.42,N/A,N/A,N/A,N/A
HDFC NIFTY200 Momentum 30 ETF,Regular,Large & Mid Cap,42569,INF179KC1HV6,150657,NAV-verified,0.61,1.25,0.48,19.47,15.3,0.61,6,4,2,1,1,14,Moderately High Risk,OK,Verified ✓,11,18.6,17.13,16.24,15.19,BSE Large Mid Cap TRI,10.34,14.96,12.81,13.43,14.35
HDFC NIFTY200 Momentum 30 Index Reg,Regular,Large & Mid Cap,44152,INF179KC1IB6,152429,NAV-verified,,,,,,,1,1,1,1,1,5,High Risk,OK,Verified ✓,11.84,17.4,N/A,N/A,N/A,BSE Large Mid Cap TRI,7.42,15.12,N/A,N/A,N/A
HDFC Nifty LargeMidcap 250 Index Reg,Regular,Large & Mid Cap,44569,INF179KC1IP6,152890,NAV-verified,,,,,,,1,1,1,1,1,5,High Risk,OK,Verified ✓,11.01,N/A,N/A,N/A,N/A,BSE Large Mid Cap TRI,7.42,N/A,N/A,N/A,N/A
HSBC Large and Mid Cap Reg,Regular,Large & Mid Cap,39454,INF336L01NY9,146771,NAV-verified,4.12,1.01,0.65,16.99,17.14,0.66,10,8,3,3,1,25,Moderate Risk,OK,Verified ✓,9.48,N/A,N/A,N/A,N/A,BSE Large Mid Cap TRI,7.42,N/A,N/A,N/A,N/A
Helios Large & Mid Cap Reg,Regular,Large & Mid Cap,44608,INF0R8701236,152943,NAV-verified,,,,,,,1,1,1,1,1,5,High Risk,OK,Verified ✓,16.19,19.68,16.14,14.84,N/A,BSE Large Mid Cap TRI,7.42,15.12,13.23,13.21,N/A
ICICI Pru Large & Mid Cap,Regular,Large & Mid Cap,534,INF109K01431,100349,NAV-verified,4.62,0.92,0.8,13.75,17.08,0.92,10,10,4,4,2,30,Low Risk,OK,Verified ✓,13.26,N/A,N/A,N/A,N/A,BSE Large Mid Cap TRI,7.42,N/A,N/A,N/A,N/A
ICICI Pru Nifty 200 Momentum 30 ETF,Regular,Large & Mid Cap,42387,INF109KC17C7,150455,NAV-verified,0.55,1.25,0.47,19.5,15.26,0.61,6,4,2,1,1,14,Moderately High Risk,OK,Verified ✓,11.27,20.01,18.98,17.34,16.22,BSE Large Mid Cap TRI,10.34,14.96,12.81,13.43,14.35
ICICI Pru Nifty 200 Momentum 30 Index,Regular,Large & Mid Cap,42379,INF109KC18C5,150454,NAV-verified,-0.28,1.24,0.43,19.41,14.4,0.55,4,4,2,1,1,12,High Risk,OK,Verified ✓,11.77,17.34,N/A,N/A,N/A,BSE Large Mid Cap TRI,7.42,15.12,N/A,N/A,N/A
ICICI Pru Nifty 200 Quality 30 ETF,Regular,Large & Mid Cap,43676,INF109KC18V5,151907,NAV-verified,,,,,,,1,1,1,1,1,5,High Risk,OK,Verified ✓,10.93,16.38,N/A,N/A,N/A,BSE Large Mid Cap TRI,7.42,15.12,N/A,N/A,N/A
ICICI Pru Nifty Alpha Low-Volatility 30 ETF,Regular,Large & Mid Cap,41071,INF109KC17V7,148456,NAV-verified,0.04,1.09,0.46,16.53,13.68,0.59,6,4,3,2,1,16,Moderately High Risk,OK,Verified ✓,4.87,N/A,N/A,N/A,N/A,BSE Large Mid Cap TRI,7.42,N/A,N/A,N/A,N/A
ICICI Pru Nifty Alpha Low-Volatility 30 ETF FOF,Regular,Large & Mid Cap,41686,INF109KC1R71,149159,NAV-verified,-0.4,1.09,0.43,16.75,13.22,0.52,4,4,3,2,1,14,Moderately High Risk,OK,Verified ✓,3.05,14.67,12.76,N/A,N/A,BSE Large Mid Cap TRI,7.42,15.12,13.23,N/A,N/A
ICICI Pru Nifty LargeMidcap 250 Index,Regular,Large & Mid Cap,44178,INF109KC15U3,152481,NAV-verified,,,,,,,1,1,1,1,1,5,High Risk,OK,Verified ✓,2.35,14.08,N/A,N/A,N/A,BSE Large Mid Cap TRI,7.42,15.12,N/A,N/A,N/A
ICICI Pru Nifty200 Quality 30 Index,Regular,Large & Mid Cap,45191,INF109K1A229,153544,NAV-verified,,,,,,,1,1,1,1,1,5,High Risk,OK,Verified ✓,9.46,N/A,N/A,N/A,N/A,BSE Large Mid Cap TRI,7.42,N/A,N/A,N/A,N/A
ITI Large & Mid Cap Reg,Regular,Large & Mid Cap,44499,INF00XX01770,148351,NAV-verified,,,,,,,1,1,1,1,1,5,High Risk,OK,Verified ✓,N/A,N/A,N/A,N/A,N/A,BSE Large Mid Cap TRI,N/A,N/A,N/A,N/A,N/A
Invesco India Large & Mid Cap Reg,Regular,Large & Mid Cap,5346,INF205K01247,106144,NAV-verified,6.07,1.07,0.8,16.88,19.56,0.91,12,10,3,2,2,29,Low Risk,OK,Verified ✓,4.47,N/A,N/A,N/A,N/A,BSE Large Mid Cap TRI,7.42,N/A,N/A,N/A,N/A
JM Large & Mid Cap Reg,Regular,Large & Mid Cap,45302,INF192K01NM3,153627,NAV-verified,,,,,,,1,1,1,1,1,5,High Risk,OK,Verified ✓,11.27,22.49,17.27,15.69,15.66,BSE Large Mid Cap TRI,7.42,15.12,13.23,13.21,13.86
Kotak Large & Midcap Reg,Regular,Large & Mid Cap,2360,INF174K01187,103234,NAV-verified,2.61,0.98,0.64,14.83,15.49,0.71,8,6,3,3,1,21,Moderate Risk,OK,Verified ✓,N/A,N/A,N/A,N/A,N/A,BSE Large Mid Cap TRI,N/A,N/A,N/A,N/A,N/A
Kotak MSCI India ETF,Regular,Large & Mid Cap,44952,INF174KA1VD2,153314,NAV-verified,,,,,,,1,1,1,1,1,5,High Risk,OK,Verified ✓,11.82,17.41,15.75,15.91,15.47,BSE Large Mid Cap TRI,7.42,15.12,13.23,13.21,13.86
Kotak Nifty 200 Momentum 30 ETF,Regular,Large & Mid Cap,45531,INF174KA1XS6,153904,NAV-verified,,,,,,,1,1,1,1,1,5,High Risk,OK,Verified ✓,7.5,N/A,N/A,N/A,N/A,BSE Large Mid Cap TRI,7.42,N/A,N/A,N/A,N/A
Kotak Nifty 200 Momentum 30 Index Reg,Regular,Large & Mid Cap,43536,INF174KA1NY5,151783,NAV-verified,,,,,,,1,1,1,1,1,5,High Risk,OK,Verified ✓,N/A,N/A,N/A,N/A,N/A,BSE Large Mid Cap TRI,N/A,N/A,N/A,N/A,N/A
Kotak Nifty 200 Quality 30 Index Reg,Regular,Large & Mid Cap,45256,INF174KA1WQ2,153659,NAV-verified,,,,,,,1,1,1,1,1,5,High Risk,OK,Verified ✓,11.4,N/A,N/A,N/A,N/A,BSE Large Mid Cap TRI,7.42,N/A,N/A,N/A,N/A
Kotak Nifty200 Quality 30 ETF,Regular,Large & Mid Cap,45255,INF174KA1WT6,153657,NAV-verified,,,,,,,1,1,1,1,1,5,High Risk,OK,Verified ✓,N/A,N/A,N/A,N/A,N/A,BSE Large Mid Cap TRI,N/A,N/A,N/A,N/A,N/A
LIC MF Large & Mid Cap Reg,Regular,Large & Mid Cap,29414,INF767K01NB5,133711,NAV-verified,1.44,1.06,0.54,16.31,14.81,0.68,6,6,3,2,1,18,Moderately High Risk,OK,Verified ✓,N/A,N/A,N/A,N/A,N/A,BSE Large Mid Cap TRI,N/A,N/A,N/A,N/A,N/A
Mahindra Manulife Large & Mid Cap Reg,Regular,Large & Mid Cap,40395,INF174V01911,147843,NAV-verified,1.18,0.99,0.53,15.12,14.06,0.68,6,6,3,3,1,19,Moderately High Risk,OK,Verified ✓,5.85,16.46,13.78,13.86,14.43,BSE Large Mid Cap TRI,7.42,15.12,13.23,13.21,13.86
Mirae Asset BSE 200 Equal Weight ETF,Regular,Large & Mid Cap,45027,INF769K01OA1,153379,NAV-verified,,,,,,,1,1,1,1,1,5,High Risk,OK,Verified ✓,7.88,15.8,14.78,N/A,N/A,BSE Large Mid Cap TRI,7.42,15.12,13.23,N/A,N/A
Mirae Asset BSE 200 Equal Weight ETF FoF Reg,Regular,Large & Mid Cap,45028,INF769K01OA1,153379,NAV-verified,,,,,,,1,1,1,1,1,5,High Risk,OK,Verified ✓,10.84,N/A,N/A,N/A,N/A,BSE Large Mid Cap TRI,7.42,N/A,N/A,N/A,N/A
Mirae Asset Large & Midcap Reg,Regular,Large & Mid Cap,11213,INF769K01101,112932,NAV-verified,0.68,1.05,0.52,15.38,14.01,0.61,6,6,3,3,1,19,Moderately High Risk,OK,Verified ✓,9.02,N/A,N/A,N/A,N/A,BSE Large Mid Cap TRI,7.42,N/A,N/A,N/A,N/A
Mirae Asset Nifty 200 Alpha 30 ETF,Regular,Large & Mid Cap,43817,INF769K01KU7,152134,NAV-verified,,,,,,,1,1,1,1,1,5,High Risk,OK,Verified ✓,11.53,15.7,13.59,15.52,16.94,BSE Large Mid Cap TRI,7.42,15.12,13.23,13.21,13.86
Mirae Asset Nifty 200 Alpha 30 ETF FoF Reg,Regular,Large & Mid Cap,44398,INF769K01KU7,152134,NAV-verified,,,,,,,1,1,1,1,1,5,High Risk,OK,Verified ✓,12.91,N/A,N/A,N/A,N/A,BSE Large Mid Cap TRI,7.42,N/A,N/A,N/A,N/A
Mirae Asset Nifty LargeMidcap 250 Index Reg,Regular,Large & Mid Cap,44622,INF769K01MG2,152978,NAV-verified,,,,,,,1,1,1,1,1,5,High Risk,OK,Verified ✓,11.65,N/A,N/A,N/A,N/A,BSE Large Mid Cap TRI,7.42,N/A,N/A,N/A,N/A
Motilal Oswal BSE Low Volatility ETF,Regular,Large & Mid Cap,42147,INF247L01BL0,149921,NAV-verified,-0.29,0.92,0.44,13.79,12.12,0.54,4,4,4,4,1,17,Moderately High Risk,OK,Verified ✓,9.19,N/A,N/A,N/A,N/A,BSE Large Mid Cap TRI,7.42,N/A,N/A,N/A,N/A
Motilal Oswal BSE Low Volatility Index Reg,Regular,Large & Mid Cap,42154,INF247L01AZ2,149920,NAV-verified,-1.24,0.92,0.37,13.76,11.16,0.45,4,4,4,4,1,17,Moderately High Risk,OK,Verified ✓,1.85,12.94,N/A,N/A,N/A,BSE Large Mid Cap TRI,7.42,15.12,N/A,N/A,N/A
Motilal Oswal BSE Quality ETF,Regular,Large & Mid Cap,42438,INF247L01BH8,150520,NAV-verified,2.59,1.04,0.59,16.66,15.83,0.82,8,6,3,3,2,22,Moderate Risk,OK,Verified ✓,1.13,11.84,N/A,N/A,N/A,BSE Large Mid Cap TRI,7.42,15.12,N/A,N/A,N/A
Motilal Oswal BSE Quality Index Reg,Regular,Large & Mid Cap,42439,INF247L01BJ4,150522,NAV-verified,1.79,1.03,0.54,16.57,14.99,0.76,8,6,3,3,1,21,Moderate Risk,OK,Verified ✓,12.02,17.8,N/A,N/A,N/A,BSE Large Mid Cap TRI,7.42,15.12,N/A,N/A,N/A
Motilal Oswal Large and Midcap Reg,Regular,Large & Mid Cap,40336,INF247L01965,147701,NAV-verified,6.98,1.1,0.74,19.69,20.68,0.9,12,8,2,2,2,26,Moderate Risk,OK,Verified ✓,11.15,16.84,N/A,N/A,N/A,BSE Large Mid Cap TRI,7.42,15.12,N/A,N/A,N/A
Motilal Oswal Nifty 200 Momentum 30 ETF,Regular,Large & Mid Cap,42039,INF247L01BK2,149801,NAV-verified,0.57,1.25,0.47,19.51,15.28,0.61,6,4,2,1,1,14,Moderately High Risk,OK,Verified ✓,18.96,24.76,20.59,N/A,N/A,BSE Large Mid Cap TRI,7.42,15.12,13.23,N/A,N/A
Motilal Oswal Nifty 200 Momentum 30 Index Reg,Regular,Large & Mid Cap,42040,INF247L01AW9,149799,NAV-verified,-0.15,1.25,0.44,19.47,14.55,0.55,4,4,2,1,1,12,High Risk,OK,Verified ✓,11.35,17.36,N/A,N/A,N/A,BSE Large Mid Cap TRI,7.42,15.12,N/A,N/A,N/A
Navi Large & Midcap Reg,Regular,Large & Mid Cap,31276,INF959L01CK0,135678,NAV-verified,-3.32,1.04,0.25,15.89,9.97,0.31,2,2,3,3,1,11,High Risk,OK,Verified ✓,10.55,16.52,N/A,N/A,N/A,BSE Large Mid Cap TRI,7.42,15.12,N/A,N/A,N/A
Nippon India Nifty Alpha Low Volatility 30 Index Reg,Regular,Large & Mid Cap,42411,INF204KC1550,150490,NAV-verified,-0.56,1.09,0.43,16.48,13.05,0.54,4,4,3,2,1,14,Moderately High Risk,OK,Verified ✓,6.74,11.55,12.35,11.89,12.76,BSE Large Mid Cap TRI,7.42,15.12,13.23,13.21,13.86
Nippon India Vision Large & Mid Cap Reg,Regular,Large & Mid Cap,182,INF204K01406,100380,NAV-verified,3.75,1.02,0.73,14.9,16.85,0.82,10,8,3,3,2,26,Moderate Risk,OK,Verified ✓,2.4,13.96,N/A,N/A,N/A,BSE Large Mid Cap TRI,7.42,15.12,N/A,N/A,N/A
PGIM India Large and Mid Cap Reg,Regular,Large & Mid Cap,44083,INF663L01GW4,138308,NAV-verified,,,,,,,1,1,1,1,1,5,High Risk,OK,Verified ✓,8.37,19.26,16.69,14.81,13.03,BSE Large Mid Cap TRI,7.42,15.12,13.23,13.21,13.86
Quant Large & Mid Cap Reg,Regular,Large & Mid Cap,4111,INF966L01341,104513,NAV-verified,-0.08,1.1,0.43,17.42,13.59,0.62,4,4,2,2,1,13,Moderately High Risk,OK,Verified ✓,5.46,N/A,N/A,N/A,N/A,BSE Large Mid Cap TRI,7.42,N/A,N/A,N/A,N/A
SBI Large & Midcap Reg,Regular,Large & Mid Cap,197,INF200K01305,103024,NAV-verified,2.34,0.89,0.65,13.16,14.58,0.78,8,8,4,4,1,25,Moderate Risk,OK,Verified ✓,1.93,15.18,15.61,16.56,15.06,BSE Large Mid Cap TRI,7.42,15.12,13.23,13.21,13.86
SBI Nifty 200 Quality 30 ETF,Regular,Large & Mid Cap,38348,INF200KA1WX6,145648,NAV-verified,-1.88,0.98,0.32,15.22,10.97,0.38,4,2,3,3,1,13,Moderately High Risk,OK,Verified ✓,14.28,17.08,16.45,15.96,15.33,BSE Large Mid Cap TRI,10.34,14.96,12.81,13.43,14.35
SBI Nifty200 Momentum 30 Index Reg,Regular,Large & Mid Cap,45265,INF200KB1845,153663,NAV-verified,,,,,,,1,1,1,1,1,5,High Risk,OK,Verified ✓,4.81,12.1,10.82,11.68,N/A,BSE Large Mid Cap TRI,7.42,15.12,13.23,13.21,N/A
SBI Nifty200 Quality 30 Index Reg,Regular,Large & Mid Cap,45180,INF200KB1787,153554,NAV-verified,,,,,,,1,1,1,1,1,5,High Risk,OK,Verified ✓,N/A,N/A,N/A,N/A,N/A,BSE Large Mid Cap TRI,N/A,N/A,N/A,N/A,N/A
Samco Large & Mid Cap Reg,Regular,Large & Mid Cap,45200,INF0K1H01289,153533,NAV-verified,,,,,,,1,1,1,1,1,5,High Risk,OK,Verified ✓,N/A,N/A,N/A,N/A,N/A,BSE Large Mid Cap TRI,N/A,N/A,N/A,N/A,N/A
Sundaram Large & Midcap Reg,Regular,Large & Mid Cap,4152,INF903J01DT1,105001,NAV-verified,0.47,1.04,0.5,15.42,13.74,0.56,6,6,3,3,1,19,Moderately High Risk,OK,Verified ✓,N/A,N/A,N/A,N/A,N/A,BSE Large Mid Cap TRI,N/A,N/A,N/A,N/A,N/A
Tata BSE Quality Index Reg,Regular,Large & Mid Cap,45060,INF277KA1DH7,153425,NAV-verified,,,,,,,1,1,1,1,1,5,High Risk,OK,Verified ✓,7.48,15.3,13.76,14.04,14.5,BSE Large Mid Cap TRI,7.42,15.12,13.23,13.21,13.86
Tata Large & Midcap Reg,Regular,Large & Mid Cap,102,INF277K01428,101824,NAV-verified,-4.61,1.03,0.17,15.23,8.58,0.2,2,2,3,3,1,11,High Risk,OK,Verified ✓,10.94,N/A,N/A,N/A,N/A,BSE Large Mid Cap TRI,7.42,N/A,N/A,N/A,N/A
Tata Nifty200 Alpha 30 Index Reg,Regular,Large & Mid Cap,44507,INF277KA1CF3,152834,NAV-verified,,,,,,,1,1,1,1,1,5,High Risk,OK,Verified ✓,-2.96,9.87,11.33,12.81,12.3,BSE Large Mid Cap TRI,7.42,15.12,13.23,13.21,13.86
UTI BSE Low Volatility Index Reg,Regular,Large & Mid Cap,42110,INF789F1AVE5,149880,NAV-verified,-0.96,0.91,0.39,13.75,11.43,0.48,4,4,4,4,1,17,Moderately High Risk,OK,Verified ✓,11.94,N/A,N/A,N/A,N/A,BSE Large Mid Cap TRI,7.42,N/A,N/A,N/A,N/A
UTI Large & Mid Cap Reg,Regular,Large & Mid Cap,258,INF789F01869,100664,NAV-verified,5.14,1,0.82,14.83,18.15,1.02,12,10,3,3,2,30,Low Risk,OK,Verified ✓,1.38,12.16,N/A,N/A,N/A,BSE Large Mid Cap TRI,7.42,15.12,N/A,N/A,N/A
UTI Nifty Alpha Low-Volatility 30 Index Reg,Regular,Large & Mid Cap,44726,INF789F1AZL1,153087,NAV-verified,,,,,,,1,1,1,1,1,5,High Risk,OK,Verified ✓,13.29,21.04,17.27,16.11,14.77,BSE Large Mid Cap TRI,10.34,14.96,12.81,13.43,14.35
UTI Nifty200 Momentum 30 Index Reg,Regular,Large & Mid Cap,41311,INF789F1AUS7,148704,NAV-verified,0.38,1.25,0.47,19.49,15.1,0.58,6,4,2,1,1,14,Moderately High Risk,OK,Verified ✓,2.53,N/A,N/A,N/A,N/A,BSE Large Mid Cap TRI,7.42,N/A,N/A,N/A,N/A
UTI Nifty200 Quality 30 Index Reg,Regular,Large & Mid Cap,44547,INF789F1AZG1,152858,NAV-verified,,,,,,,1,1,1,1,1,5,High Risk,OK,Verified ✓,11.23,17.17,14.05,N/A,N/A,BSE Large Mid Cap TRI,7.42,15.12,13.23,N/A,N/A
Union Large & Midcap Reg,Regular,Large & Mid Cap,40383,INF582M01GD4,147748,NAV-verified,0.9,0.96,0.51,14.78,13.6,0.54,6,6,3,3,1,19,Moderately High Risk,OK,Verified ✓,4.22,N/A,N/A,N/A,N/A,BSE Large Mid Cap TRI,7.42,N/A,N/A,N/A,N/A
WhiteOak Capital Large & Mid Cap Reg,Regular,Large & Mid Cap,43931,INF03VN01837,152225,NAV-verified,,,,,,,1,1,1,1,1,5,High Risk,OK,Verified ✓,10.9,15.12,14.13,N/A,N/A,BSE Large Mid Cap TRI,7.42,15.12,13.23,N/A,N/A
ABSL BSE Sensex ETF,Regular,Large Cap,32649,INF209KB10E8,139581,NAV-verified,-2.76,0.94,0.2,13.19,8.66,0.25,2,2,4,4,1,13,Moderately High Risk,OK,Verified ✓,12.62,N/A,N/A,N/A,N/A,BSE Large Mid Cap TRI,7.42,N/A,N/A,N/A,N/A
ABSL Large Cap Reg,Regular,Large Cap,1400,INF209K01BR9,103174,NAV-verified,0.04,0.98,0.41,13.67,11.67,0.51,6,4,4,3,1,18,Moderately High Risk,OK,Verified ✓,6.2,10.28,10.57,11.71,N/A,BSE 100 TRI,9.21,13.75,12.37,13,N/A
ABSL Nifty 50 ETF,Regular,Large Cap,13012,INF209KB19D1,115512,NAV-verified,-1.07,0.95,0.33,13.34,10.43,0.41,4,2,4,4,1,15,Moderately High Risk,OK,Verified ✓,7.27,13.74,12.2,12.25,12.64,BSE 100 TRI,9.21,13.75,12.37,13,14.14
ABSL Nifty 50 Equal Weight Index Reg,Regular,Large Cap,41503,INF209KB1Z48,148965,NAV-verified,2.93,0.99,0.61,14.17,14.64,0.71,8,6,3,3,1,21,Moderate Risk,OK,Verified ✓,8.57,12.16,11.38,12.21,13.47,BSE 100 TRI,9.21,13.75,12.37,13,14.14
ABSL Nifty 50 Index Reg,Regular,Large Cap,1445,INF209K01LB2,101314,NAV-verified,-1.54,0.95,0.29,13.33,9.96,0.37,4,2,4,4,1,15,Moderately High Risk,OK,Verified ✓,13.69,16.71,N/A,N/A,N/A,BSE 100 TRI,9.21,13.75,N/A,N/A,N/A
ABSL Nifty Next 50 ETF,Regular,Large Cap,38491,INF209KB19D1,115512,NAV-verified,4.98,1.24,0.65,18.76,18.14,0.79,10,8,2,1,1,22,Moderate Risk,OK,Verified ✓,8.06,11.62,10.77,11.55,12.6,BSE 100 TRI,9.21,13.75,12.37,13,14.14
ABSL Nifty Next 50 Index Reg,Regular,Large Cap,42070,INF209KB12G9,149837,NAV-verified,3.94,1.24,0.59,18.74,17.09,0.72,10,6,2,1,1,20,Moderate Risk,OK,Verified ✓,12.45,21.7,14.66,14.2,N/A,BSE 100 TRI,9.21,13.75,12.37,13,N/A
Angel One Nifty 50 ETF,Regular,Large Cap,45159,INF1J2R01064,153531,NAV-verified,,,,,,,1,1,1,1,1,5,High Risk,OK,Verified ✓,11.61,20.46,N/A,N/A,N/A,BSE 100 TRI,9.21,13.75,N/A,N/A,N/A
Angel One Nifty 50 Index Reg,Regular,Large Cap,45160,INF1J2R01080,153530,NAV-verified,,,,,,,1,1,1,1,1,5,High Risk,OK,Verified ✓,N/A,N/A,N/A,N/A,N/A,BSE 100 TRI,N/A,N/A,N/A,N/A,N/A
Axis BSE Sensex ETF,Regular,Large Cap,43285,INF846K010Q0,151585,NAV-verified,-2.81,0.94,0.2,13.18,8.6,0.25,2,2,4,4,1,13,Moderately High Risk,OK,Verified ✓,N/A,N/A,N/A,N/A,N/A,BSE 100 TRI,N/A,N/A,N/A,N/A,N/A
Axis BSE Sensex Index Reg,Regular,Large Cap,44148,INF846K014V2,152421,NAV-verified,,,,,,,1,1,1,1,1,5,High Risk,OK,Verified ✓,6.16,10.22,N/A,N/A,N/A,BSE 100 TRI,9.21,13.75,N/A,N/A,N/A
Axis Large Cap Reg,Regular,Large Cap,10780,INF846K01164,112277,NAV-verified,-1.75,0.92,0.27,13.12,9.57,0.32,4,2,4,4,1,15,Moderately High Risk,OK,Verified ✓,5.62,N/A,N/A,N/A,N/A,BSE 100 TRI,9.21,N/A,N/A,N/A,N/A
Axis Nifty 100 Index Reg,Regular,Large Cap,40296,INF846K01S52,147665,NAV-verified,-1.1,1,0.33,13.97,10.68,0.4,4,2,4,3,1,14,Moderately High Risk,OK,Verified ✓,4.54,11.1,8.06,10.7,12.38,BSE 100 TRI,9.21,13.75,12.37,13,14.14
Axis Nifty 50 ETF,Regular,Large Cap,34322,INF846K01W98,141545,NAV-verified,-1.08,0.95,0.33,13.33,10.42,0.41,4,2,4,4,1,15,Moderately High Risk,OK,Verified ✓,8.26,12.6,10.69,N/A,N/A,BSE 100 TRI,9.21,13.75,12.37,N/A,N/A
Axis Nifty 50 Index Reg,Regular,Large Cap,41858,INF846K012F9,149467,NAV-verified,-1.49,0.95,0.3,13.29,9.99,0.37,4,2,4,4,1,15,Moderately High Risk,OK,Verified ✓,8.51,12.15,11.35,12.17,N/A,BSE 100 TRI,9.21,13.75,12.37,13,N/A
Axis Nifty Next 50 Index Reg,Regular,Large Cap,41944,INF846K012F9,149467,NAV-verified,4,1.24,0.59,18.68,17.13,0.73,10,6,2,1,1,20,Moderate Risk,OK,Verified ✓,8.07,11.66,N/A,N/A,N/A,BSE 100 TRI,9.21,13.75,N/A,N/A,N/A
BHARAT 22 ETF,Regular,Large Cap,34740,INF109KB15Y7,141957,NAV-verified,11.49,1.11,0.98,18.27,23.87,1.4,12,10,2,2,2,28,Low Risk,OK,Verified ✓,11.37,20.49,N/A,N/A,N/A,BSE 100 TRI,9.21,13.75,N/A,N/A,N/A
Bajaj Finserv Large Cap Reg,Regular,Large Cap,44453,INF0QA701862,152780,NAV-verified,,,,,,,1,1,1,1,1,5,High Risk,OK,Verified ✓,22.26,26.66,27.88,18.31,N/A,BSE 100 TRI,9.21,13.75,12.37,13,N/A
Bajaj Finserv Nifty 50 ETF,Regular,Large Cap,44066,INF0QA701722,152356,NAV-verified,,,,,,,1,1,1,1,1,5,High Risk,OK,Verified ✓,9.57,N/A,N/A,N/A,N/A,BSE 100 TRI,9.21,N/A,N/A,N/A,N/A
Bajaj Finserv Nifty 50 Index Reg,Regular,Large Cap,45131,INF0QA701AY1,153508,NAV-verified,,,,,,,1,1,1,1,1,5,High Risk,OK,Verified ✓,8.52,N/A,N/A,N/A,N/A,BSE 100 TRI,9.21,N/A,N/A,N/A,N/A
Bajaj Finserv Nifty Next 50 Index Reg,Regular,Large Cap,45111,INF0QA701BD3,153480,NAV-verified,,,,,,,1,1,1,1,1,5,High Risk,OK,Verified ✓,N/A,N/A,N/A,N/A,N/A,BSE 100 TRI,N/A,N/A,N/A,N/A,N/A
Bandhan BSE Sensex ETF,Regular,Large Cap,32902,INF194KA1T91,139840,NAV-verified,-3.12,0.94,0.17,13.17,8.29,0.22,2,2,4,4,1,13,Moderately High Risk,OK,Verified ✓,N/A,N/A,N/A,N/A,N/A,BSE 100 TRI,N/A,N/A,N/A,N/A,N/A
Bandhan Large Cap Reg,Regular,Large Cap,3400,INF194K01516,108799,NAV-verified,1.67,1.02,0.52,14.48,13.55,0.66,8,6,3,3,1,21,Moderate Risk,OK,Verified ✓,5.78,9.88,10.16,11.35,N/A,BSE 100 TRI,9.21,13.75,12.37,13,N/A
Bandhan Nifty 100 Index Reg,Regular,Large Cap,42074,INF194KB1CO4,149833,NAV-verified,-0.83,1,0.35,13.97,10.95,0.42,4,4,4,3,1,16,Moderately High Risk,OK,Verified ✓,11.04,15.52,12.4,12.83,13.13,BSE 100 TRI,9.21,13.75,12.37,13,14.14
Bandhan Nifty 50 ETF,Regular,Large Cap,32903,INF194KA1U07,139839,NAV-verified,-1.13,0.95,0.33,13.34,10.37,0.4,4,2,4,4,1,15,Moderately High Risk,OK,Verified ✓,8.55,12.91,N/A,N/A,N/A,BSE 100 TRI,9.21,13.75,N/A,N/A,N/A
Bandhan Nifty 50 Index Reg,Regular,Large Cap,11154,INF194K01920,112877,NAV-verified,-1.72,0.95,0.28,13.34,9.78,0.35,4,2,4,4,1,15,Moderately High Risk,OK,Verified ✓,8.46,12.09,11.25,12.09,N/A,BSE 100 TRI,9.21,13.75,12.37,13,N/A
Bandhan Nifty Next 50 Index Reg,Regular,Large Cap,44983,INF194KB1JJ9,153349,NAV-verified,,,,,,,1,1,1,1,1,5,High Risk,OK,Verified ✓,7.87,11.43,10.7,11.68,13.04,BSE 100 TRI,9.21,13.75,12.37,13,14.14
Bandhan Nifty100 Low Volatility 30 Index Reg,Regular,Large Cap,42542,INF194KB1DY1,150633,NAV-verified,0.57,0.95,0.43,14.09,12.06,0.52,6,4,3,4,1,18,Moderately High Risk,OK,Verified ✓,11.32,N/A,N/A,N/A,N/A,BSE 100 TRI,9.21,N/A,N/A,N/A,N/A
Bank of India Large Cap Reg,Regular,Large Cap,41519,INF761K01FO7,148982,NAV-verified,1.47,1.05,0.49,15.37,13.54,0.59,6,4,3,3,1,17,Moderately High Risk,OK,Verified ✓,7.06,13.64,N/A,N/A,N/A,BSE 100 TRI,9.21,13.75,N/A,N/A,N/A
Baroda BNP Paribas Large Cap Reg,Regular,Large Cap,2338,INF251K01894,150185,NAV-verified,0.86,0.97,0.47,13.83,12.46,0.56,6,4,4,3,1,18,Moderately High Risk,OK,Verified ✓,15.43,15.92,N/A,N/A,N/A,BSE 100 TRI,9.21,13.75,N/A,N/A,N/A
Baroda BNP Paribas NIFTY 50 Index Reg,Regular,Large Cap,43985,INF251K01SV7,152331,NAV-verified,,,,,,,1,1,1,1,1,5,High Risk,OK,Verified ✓,8.11,14.42,12.39,13.68,13.01,BSE 100 TRI,9.21,13.75,12.37,13,14.14
Canara Robeco Large Cap Reg,Regular,Large Cap,11333,INF760K01AR3,113221,NAV-verified,-0.06,0.94,0.41,13.2,11.38,0.48,4,4,4,4,1,17,Moderately High Risk,OK,Verified ✓,7.81,N/A,N/A,N/A,N/A,BSE 100 TRI,9.21,N/A,N/A,N/A,N/A
Choice Nifty 50 Index Reg,Regular,Large Cap,45931,INF2KCX01038,154302,Algorithm Match (91% Confidence),,,,,,,1,1,1,1,1,5,High Risk,NOT_FOUND,Neither code 154302 nor ISIN INF2KCX01038 confirmed in NAV,6.22,13.41,11.07,13.69,13.97,BSE 100 TRI,9.21,13.75,12.37,13,14.14
Choice Nifty Next 50 Index Reg,Regular,Large Cap,45937,INF2KCX01053,154303,Algorithm Match (92% Confidence),,,,,,,1,1,1,1,1,5,High Risk,NOT_FOUND,Neither code 154303 nor ISIN INF2KCX01053 confirmed in NAV,N/A,N/A,N/A,N/A,N/A,BSE 100 TRI,N/A,N/A,N/A,N/A,N/A
DSP BSE Sensex ETF,Regular,Large Cap,43657,INF740KA1SZ6,151886,NAV-verified,,,,,,,1,1,1,1,1,5,High Risk,OK,Verified ✓,N/A,N/A,N/A,N/A,N/A,BSE 100 TRI,N/A,N/A,N/A,N/A,N/A
DSP BSE Sensex Next 30 ETF,Regular,Large Cap,44874,INF740KA1VE5,153228,NAV-verified,,,,,,,1,1,1,1,1,5,High Risk,OK,Verified ✓,6.17,N/A,N/A,N/A,N/A,BSE 100 TRI,9.21,N/A,N/A,N/A,N/A
DSP BSE Sensex Next 30 Index Reg,Regular,Large Cap,44870,INF740KA1UY5,153216,NAV-verified,,,,,,,1,1,1,1,1,5,High Risk,OK,Verified ✓,18.11,N/A,N/A,N/A,N/A,BSE 100 TRI,9.21,N/A,N/A,N/A,N/A
DSP Large Cap Reg,Regular,Large Cap,1540,INF740K01243,101635,NAV-verified,2.79,0.9,0.62,12.94,13.99,0.8,8,6,4,4,2,24,Moderate Risk,OK,Verified ✓,16.94,N/A,N/A,N/A,N/A,BSE 100 TRI,9.21,N/A,N/A,N/A,N/A
DSP NIFTY 50 Equal Weight ETF,Regular,Large Cap,41801,INF740KA1QK2,149286,NAV-verified,3.77,0.99,0.67,14.19,15.48,0.78,10,8,3,3,1,25,Moderate Risk,OK,Verified ✓,5.23,16.17,12.07,11.97,12.16,BSE 100 TRI,9.21,13.75,12.37,13,14.14
DSP Nifty 50 ETF,Regular,Large Cap,41895,INF740KA1CL0,149392,NAV-verified,-1.09,0.95,0.33,13.34,10.41,0.41,4,2,4,4,1,15,Moderately High Risk,OK,Verified ✓,14.65,17.69,N/A,N/A,N/A,BSE 100 TRI,9.21,13.75,N/A,N/A,N/A
DSP Nifty 50 Equal Weight Index Reg,Regular,Large Cap,34693,INF740KA1CO4,141875,NAV-verified,3.06,0.99,0.62,14.18,14.77,0.72,10,6,3,3,1,23,Moderate Risk,OK,Verified ✓,8.53,12.14,N/A,N/A,N/A,BSE 100 TRI,9.21,13.75,N/A,N/A,N/A
DSP Nifty 50 Index Reg,Regular,Large Cap,39133,INF740KA1MJ3,146379,NAV-verified,-1.45,0.95,0.3,13.33,10.05,0.37,4,2,4,4,1,15,Moderately High Risk,OK,Verified ✓,13.82,16.86,14.39,13.93,N/A,BSE 100 TRI,9.21,13.75,12.37,13,N/A
DSP Nifty Next 50 ETF,Regular,Large Cap,45716,INF740KA1XU7,154087,NAV-verified,,,,,,,1,1,1,1,1,5,High Risk,OK,Verified ✓,8.18,11.73,10.93,11.68,N/A,BSE 100 TRI,9.21,13.75,12.37,13,N/A
DSP Nifty Next 50 Index Reg,Regular,Large Cap,39163,INF740KA1MD6,146380,NAV-verified,4.36,1.24,0.61,18.77,17.53,0.75,10,6,2,1,1,20,Moderate Risk,OK,Verified ✓,N/A,N/A,N/A,N/A,N/A,BSE 100 TRI,N/A,N/A,N/A,N/A,N/A
DSP Nifty Top 10 Equal Wght ETF,Regular,Large Cap,44494,INF740KA1UR9,152812,NAV-verified,,,,,,,1,1,1,1,1,5,High Risk,OK,Verified ✓,11.87,20.95,14.03,13.43,N/A,BSE 100 TRI,9.21,13.75,12.37,13,N/A
DSP Nifty Top 10 Equal Wght Index Reg,Regular,Large Cap,44492,INF740KA1UP3,152813,NAV-verified,,,,,,,1,1,1,1,1,5,High Risk,OK,Verified ✓,1.26,N/A,N/A,N/A,N/A,BSE 100 TRI,9.21,N/A,N/A,N/A,N/A
Edelweiss BSE Sensex ETF,Regular,Large Cap,45582,INF754K01VY8,153947,NAV-verified,,,,,,,1,1,1,1,1,5,High Risk,OK,Verified ✓,0.37,N/A,N/A,N/A,N/A,BSE 100 TRI,9.21,N/A,N/A,N/A,N/A
Edelweiss Large Cap B,Regular,Large Cap,10434,INF754K01087,111935,NAV-verified,-0.15,0.98,0.4,13.73,11.5,0.47,4,4,4,3,1,16,Moderately High Risk,OK,Verified ✓,N/A,N/A,N/A,N/A,N/A,BSE 100 TRI,N/A,N/A,N/A,N/A,N/A
Edelweiss Large Cap C,Regular,Large Cap,10436,INF754K01129,111937,NAV-verified,-0.15,0.98,0.4,13.73,11.5,0.47,4,4,4,3,1,16,Moderately High Risk,OK,Verified ✓,8.14,13.36,11.93,12.69,13.19,BSE 100 TRI,9.21,13.75,12.37,13,14.14
Edelweiss Large Cap Reg,Regular,Large Cap,10432,INF754K01046,111940,NAV-verified,-0.15,0.98,0.4,13.73,11.5,0.47,4,4,4,3,1,16,Moderately High Risk,OK,Verified ✓,8.12,13.36,11.93,12.69,13.19,BSE 100 TRI,9.21,13.75,12.37,13,14.14
Edelweiss Nifty 100 Quality 30 Index Reg,Regular,Large Cap,32428,INF754K01NF4,149256,NAV-verified,-0.71,0.95,0.33,14.39,10.77,0.38,4,2,3,4,1,14,Moderately High Risk,OK,Verified ✓,8.13,13.36,11.91,12.68,13.18,BSE 100 TRI,9.21,13.75,12.37,13,14.14
Edelweiss Nifty 50 ETF,Regular,Large Cap,45581,INF754K01VX0,153966,NAV-verified,,,,,,,1,1,1,1,1,5,High Risk,OK,Verified ✓,7.92,12.63,N/A,N/A,N/A,BSE 100 TRI,9.21,13.75,N/A,N/A,N/A
Edelweiss Nifty 50 Index,Regular,Large Cap,30199,INF754K01MX9,149252,NAV-verified,-1.72,0.95,0.28,13.29,9.76,0.35,4,2,4,4,1,15,Moderately High Risk,OK,Verified ✓,N/A,N/A,N/A,N/A,N/A,BSE 100 TRI,N/A,N/A,N/A,N/A,N/A
Edelweiss Nifty Next 50 Index Reg,Regular,Large Cap,42802,INF754K01QH3,150897,NAV-verified,4,1.24,0.59,18.71,17.14,0.73,10,6,2,1,1,20,Moderate Risk,OK,Verified ✓,8.01,11.42,N/A,N/A,N/A,BSE 100 TRI,9.21,13.75,N/A,N/A,N/A
Franklin India Large Cap Reg,Regular,Large Cap,114,INF090I01171,100471,NAV-verified,0.15,0.92,0.42,13.05,11.48,0.54,6,4,4,4,1,19,Moderately High Risk,OK,Verified ✓,11.49,20.5,N/A,N/A,N/A,BSE 100 TRI,9.21,13.75,N/A,N/A,N/A
Franklin India NSE Nifty 50 Index Reg,Regular,Large Cap,834,INF090I01890,100484,NAV-verified,-1.67,0.95,0.28,13.25,9.8,0.35,4,2,4,4,1,15,Moderately High Risk,OK,Verified ✓,8.55,13.14,10.53,11.2,11.31,BSE 100 TRI,9.21,13.75,12.37,13,14.14
Groww Large Cap Reg,Regular,Large Cap,14013,INF666M01NM2,154102,NAV-verified,-0.56,0.98,0.36,13.99,11.08,0.43,4,4,4,3,1,16,Moderately High Risk,OK,Verified ✓,7.92,11.47,10.63,11.32,12.48,BSE 100 TRI,9.21,13.75,12.37,13,14.14
Groww Nifty 50 ETF,Regular,Large Cap,45330,INF666M01LL8,153699,NAV-verified,,,,,,,1,1,1,1,1,5,High Risk,OK,Verified ✓,9.32,12.74,11.36,10.21,11.16,BSE 100 TRI,6.25,12.99,12.73,12.76,13.62
Groww Nifty 50 Index Reg,Regular,Large Cap,45326,INF666M01KW7,153710,NAV-verified,,,,,,,1,1,1,1,1,5,High Risk,OK,Verified ✓,N/A,N/A,N/A,N/A,N/A,BSE 100 TRI,N/A,N/A,N/A,N/A,N/A
Groww Nifty Next 50 ETF,Regular,Large Cap,45428,INF666M01LZ8,153785,NAV-verified,,,,,,,1,1,1,1,1,5,High Risk,OK,Verified ✓,N/A,N/A,N/A,N/A,N/A,BSE 100 TRI,N/A,N/A,N/A,N/A,N/A
Groww Nifty Next 50 Index Reg,Regular,Large Cap,45429,INF666M01LW5,153798,NAV-verified,,,,,,,1,1,1,1,1,5,High Risk,OK,Verified ✓,N/A,N/A,N/A,N/A,N/A,BSE 100 TRI,N/A,N/A,N/A,N/A,N/A
HDFC BSE Sensex ETF,Regular,Large Cap,31377,INF179KC1HX2,135854,NAV-verified,-2.76,0.94,0.2,13.2,8.66,0.25,2,2,4,4,1,13,Moderately High Risk,OK,Verified ✓,N/A,N/A,N/A,N/A,N/A,BSE 100 TRI,N/A,N/A,N/A,N/A,N/A
HDFC BSE Sensex Index Reg,Regular,Large Cap,1370,INF179K01LA9,101281,NAV-verified,-3.12,0.94,0.17,13.2,8.3,0.22,2,2,4,4,1,13,Moderately High Risk,OK,Verified ✓,3.33,9.59,10.86,11.48,12.88,BSE 100 TRI,6.25,12.99,12.73,12.76,13.62
HDFC Large Cap Reg,Regular,Large Cap,104,INF179K01BE2,102000,NAV-verified,0.23,0.96,0.42,13.65,11.79,0.49,6,4,4,3,1,18,Moderately High Risk,OK,Verified ✓,2.96,9.2,10.44,11.01,12.42,BSE 100 TRI,6.25,12.99,12.73,12.76,13.62
HDFC NIFTY 100 ETF,Regular,Large Cap,42416,INF179KC1HR4,150476,NAV-verified,-0.48,1,0.38,13.99,11.31,0.46,4,4,4,3,1,16,Moderately High Risk,OK,Verified ✓,3.97,12.98,14.12,11.76,13.22,BSE 100 TRI,6.25,12.99,12.73,12.76,13.62
HDFC NIFTY 100 Equal Wght Index Reg,Regular,Large Cap,42092,INF179KC1CB9,149871,NAV-verified,3.37,1.11,0.61,15.92,15.77,0.75,10,6,3,2,1,22,Moderate Risk,OK,Verified ✓,6.04,12.58,N/A,N/A,N/A,BSE 100 TRI,6.25,12.99,N/A,N/A,N/A
HDFC NIFTY 100 Index Reg,Regular,Large Cap,42090,INF179KC1BZ0,149869,NAV-verified,-0.98,1,0.34,13.96,10.79,0.41,4,2,4,3,1,14,Moderately High Risk,OK,Verified ✓,10.06,17.9,N/A,N/A,N/A,BSE 100 TRI,6.25,12.99,N/A,N/A,N/A
HDFC NIFTY 50 ETF,Regular,Large Cap,31376,INF179KC1965,135853,NAV-verified,-1.09,0.95,0.33,13.35,10.41,0.41,4,2,4,4,1,15,Moderately High Risk,OK,Verified ✓,5.52,12,N/A,N/A,N/A,BSE 100 TRI,6.25,12.99,N/A,N/A,N/A
HDFC NIFTY 50 Index Reg,Regular,Large Cap,1368,INF179K01KZ8,101525,NAV-verified,-1.45,0.95,0.3,13.34,10.06,0.37,4,2,4,4,1,15,Moderately High Risk,OK,Verified ✓,5.53,11.38,11.67,11.95,13,BSE 100 TRI,6.25,12.99,12.73,12.76,13.62
HDFC NIFTY Next 50 ETF,Regular,Large Cap,42417,INF179KC1HS2,150477,NAV-verified,4.81,1.24,0.64,18.77,17.97,0.78,10,6,2,1,1,20,Moderate Risk,OK,Verified ✓,5.17,10.99,11.24,11.5,12.55,BSE 100 TRI,6.25,12.99,12.73,12.76,13.62
HDFC NIFTY Next 50 Index Reg,Regular,Large Cap,41799,INF179KC1BR7,149287,NAV-verified,4.13,1.24,0.6,18.77,17.29,0.74,10,6,2,1,1,20,Moderate Risk,OK,Verified ✓,9.93,20.98,N/A,N/A,N/A,BSE 100 TRI,6.25,12.99,N/A,N/A,N/A
HDFC NIFTY100 Low Volatility 30 ETF,Regular,Large Cap,42568,INF179KC1HU8,150658,NAV-verified,1.72,0.95,0.51,14.13,13.23,0.62,8,6,3,4,1,22,Moderate Risk,OK,Verified ✓,9.37,20.16,N/A,N/A,N/A,BSE 100 TRI,6.25,12.99,N/A,N/A,N/A
HDFC NIFTY100 Low Volatility 30 Index Reg,Regular,Large Cap,44404,INF179KC1IL5,152714,NAV-verified,,,,,,,1,1,1,1,1,5,High Risk,OK,Verified ✓,5.64,14.47,N/A,N/A,N/A,BSE 100 TRI,6.25,12.99,N/A,N/A,N/A
HDFC NIFTY100 Quality 30 ETF,Regular,Large Cap,42536,INF179KC1DL6,150620,NAV-verified,-0.06,0.95,0.37,14.4,11.43,0.43,4,4,3,4,1,16,Moderately High Risk,OK,Verified ✓,4.94,N/A,N/A,N/A,N/A,BSE 100 TRI,6.25,N/A,N/A,N/A,N/A
HDFC NIFTY50 Equal Weight Index Reg,Regular,Large Cap,41635,INF179KC1BN6,149106,NAV-verified,3.13,0.99,0.62,14.19,14.84,0.73,10,6,3,3,1,23,Moderate Risk,OK,Verified ✓,5.99,12.76,N/A,N/A,N/A,BSE 100 TRI,6.25,12.99,N/A,N/A,N/A
HDFC Nifty Top 20 Equal Weight Index Reg,Regular,Large Cap,45042,INF179KC1JH1,153404,NAV-verified,,,,,,,1,1,1,1,1,5,High Risk,OK,Verified ✓,10.52,16.07,N/A,N/A,N/A,BSE 100 TRI,6.25,12.99,N/A,N/A,N/A
HDFC Nifty100 Quality 30 Index Reg,Regular,Large Cap,44914,INF179KC1JE8,153265,NAV-verified,,,,,,,1,1,1,1,1,5,High Risk,OK,Verified ✓,3.1,N/A,N/A,N/A,N/A,BSE 100 TRI,6.25,N/A,N/A,N/A,N/A
HSBC Large Cap Reg,Regular,Large Cap,1481,INF336L01016,101594,NAV-verified,0.43,0.97,0.43,13.87,12,0.48,6,4,4,3,1,18,Moderately High Risk,OK,Verified ✓,5.31,N/A,N/A,N/A,N/A,BSE 100 TRI,6.25,N/A,N/A,N/A,N/A
HSBC Nifty 50 Index Reg,Regular,Large Cap,40970,INF917K01D38,151158,NAV-verified,-1.45,0.95,0.3,13.29,10.03,0.37,4,2,4,4,1,15,Moderately High Risk,OK,Verified ✓,7.84,13.36,11.77,11.97,12.12,BSE 100 TRI,9.21,13.75,12.37,13,14.14
HSBC Nifty Next 50 Index Reg,Regular,Large Cap,40974,INF917K01D95,151162,NAV-verified,4.06,1.24,0.6,18.75,17.22,0.73,10,6,2,1,1,20,Moderate Risk,OK,Verified ✓,5.26,10.97,11.17,N/A,N/A,BSE 100 TRI,6.25,12.99,12.73,N/A,N/A
ICICI Pru BSE Sensex ETF,Regular,Large Cap,1512,INF346A01034,101705,NAV-verified,-2.73,0.94,0.2,13.2,8.69,0.25,2,2,4,4,1,13,Moderately High Risk,OK,Verified ✓,9.35,20.08,14.3,N/A,N/A,BSE 100 TRI,6.25,12.99,12.73,N/A,N/A
ICICI Pru BSE Sensex Index,Regular,Large Cap,34647,INF109KB17W7,141839,NAV-verified,-3.02,0.94,0.18,13.2,8.4,0.23,2,2,4,4,1,13,Moderately High Risk,OK,Verified ✓,3.35,9.63,10.89,11.51,12.84,BSE 100 TRI,6.25,12.99,12.73,12.76,13.62
ICICI Pru Bharat 22 FOF,Regular,Large Cap,36692,INF109KC1FW3,143904,NAV-verified,11.32,1.1,0.97,18.19,23.63,1.39,12,10,2,2,2,28,Low Risk,OK,Verified ✓,3.06,9.3,10.51,11.15,N/A,BSE 100 TRI,6.25,12.99,12.73,12.76,N/A
ICICI Pru Large Cap,Regular,Large Cap,7517,INF109K01431,100349,NAV-verified,2.63,0.92,0.61,13.12,13.96,0.74,8,6,4,4,1,23,Moderate Risk,OK,Verified ✓,18.98,26.15,28.83,17.96,N/A,BSE 100 TRI,6.25,12.99,12.73,12.76,N/A
ICICI Pru Nifty 100 ETF,Regular,Large Cap,20933,INF109KC16V9,123004,NAV-verified,-0.64,1,0.37,13.99,11.15,0.44,4,4,4,3,1,16,Moderately High Risk,OK,Verified ✓,6.46,15.58,15.09,14.08,14.28,BSE 100 TRI,6.25,12.99,12.73,12.76,13.62
ICICI Pru Nifty 100 Low Volatility 30 ETF,Regular,Large Cap,34396,INF109KC19U5,141596,NAV-verified,1.62,0.96,0.5,14.14,13.13,0.61,8,6,3,3,1,21,Moderate Risk,OK,Verified ✓,5.87,12.4,11.62,11.77,12.72,BSE 100 TRI,6.25,12.99,12.73,12.76,13.62
ICICI Pru Nifty 100 Low Volatility 30 ETF FOF,Regular,Large Cap,41397,INF109KC1P73,148824,NAV-verified,1.45,0.92,0.49,13.73,12.75,0.61,6,4,4,4,1,19,Moderately High Risk,OK,Verified ✓,5.53,14.36,12.53,12.92,N/A,BSE 100 TRI,6.25,12.99,12.73,12.76,N/A
ICICI Pru Nifty 50 ETF,Regular,Large Cap,18653,INF109K012R6,121366,NAV-verified,-1.07,0.95,0.33,13.35,10.44,0.41,4,2,4,4,1,15,Moderately High Risk,OK,Verified ✓,4.92,13.79,11.74,N/A,N/A,BSE 100 TRI,6.25,12.99,12.73,N/A,N/A
ICICI Pru Nifty 50 Index,Regular,Large Cap,1236,INF109K01IF1,112957,NAV-verified,-1.45,0.95,0.3,13.33,10.05,0.37,4,2,4,4,1,15,Moderately High Risk,OK,Verified ✓,5.55,11.41,11.69,11.98,13,BSE 100 TRI,6.25,12.99,12.73,12.76,13.62
ICICI Pru Nifty Next 50 ETF,Regular,Large Cap,37322,INF109KC1NS5,144587,NAV-verified,4.96,1.24,0.64,18.77,18.12,0.79,10,6,2,1,1,20,Moderate Risk,OK,Verified ✓,5.17,10.97,11.23,11.48,12.32,BSE 100 TRI,6.25,12.99,12.73,12.76,13.62
ICICI Pru Nifty Next 50 Index,Regular,Large Cap,11236,INF109K01IF1,112957,NAV-verified,4.24,1.24,0.61,18.77,17.41,0.74,10,6,2,1,1,20,Moderate Risk,OK,Verified ✓,10.12,21.16,15.34,13.95,N/A,BSE 100 TRI,6.25,12.99,12.73,12.76,N/A
ICICI Pru Nifty Top 15 Equal Weight ETF,Regular,Large Cap,45235,INF109K1A344,153617,NAV-verified,,,,,,,1,1,1,1,1,5,High Risk,OK,Verified ✓,9.34,20.29,14.51,13.05,13.41,BSE 100 TRI,6.25,12.99,12.73,12.76,13.62
ICICI Pru Nifty Top 15 Equal Weight Index,Regular,Large Cap,45236,INF109K1A286,153613,NAV-verified,,,,,,,1,1,1,1,1,5,High Risk,OK,Verified ✓,N/A,N/A,N/A,N/A,N/A,BSE 100 TRI,N/A,N/A,N/A,N/A,N/A
ICICI Pru Nifty50 Equal Weight Index,Regular,Large Cap,42546,INF109KC17I4,150637,NAV-verified,2.91,0.99,0.61,14.16,14.62,0.71,8,6,3,3,1,21,Moderate Risk,OK,Verified ✓,N/A,N/A,N/A,N/A,N/A,BSE 100 TRI,N/A,N/A,N/A,N/A,N/A
ITI Large Cap Reg,Regular,Large Cap,41208,INF00XX01770,148351,NAV-verified,-1.87,1.03,0.27,14.92,10.09,0.34,4,2,3,3,1,13,Moderately High Risk,OK,Verified ✓,10.31,15.83,N/A,N/A,N/A,BSE 100 TRI,6.25,12.99,N/A,N/A,N/A
Invesco India Largecap Reg,Regular,Large Cap,10565,INF205K01304,112098,NAV-verified,1.47,1.05,0.5,15.02,13.53,0.62,6,6,3,3,1,19,Moderately High Risk,OK,Verified ✓,3.45,11.63,9.48,N/A,N/A,BSE 100 TRI,6.25,12.99,12.73,N/A,N/A
Invesco India Nifty 50 ETF,Regular,Large Cap,12761,INF205K01DA9,115284,NAV-verified,-1.14,0.95,0.32,13.34,10.36,0.4,4,2,4,4,1,15,Moderately High Risk,OK,Verified ✓,12.01,16.6,13.66,13.05,13.25,BSE 100 TRI,9.21,13.75,12.37,13,14.14
JM Large Cap Reg,Regular,Large Cap,108,INF192K01601,100219,NAV-verified,0.18,1.02,0.41,14.94,12.09,0.52,6,4,3,3,1,17,Moderately High Risk,OK,Verified ✓,5.49,11.32,11.61,11.9,12.95,BSE 100 TRI,6.25,12.99,12.73,12.76,13.62
Kotak BSE Sensex ETF,Regular,Large Cap,7780,INF174KA1JD7,109010,NAV-verified,-2.94,0.94,0.19,13.19,8.48,0.23,2,2,4,4,1,13,Moderately High Risk,OK,Verified ✓,5.37,13.45,12.29,11.98,11.01,BSE 100 TRI,6.25,12.99,12.73,12.76,13.62
Kotak BSE Sensex Index Reg,Regular,Large Cap,44906,INF174KA1US2,153284,NAV-verified,,,,,,,1,1,1,1,1,5,High Risk,OK,Verified ✓,3.22,9.4,10.64,11.26,12.65,BSE 100 TRI,6.25,12.99,12.73,12.76,13.62
Kotak Large Cap Reg,Regular,Large Cap,577,INF174K01153,114458,NAV-verified,0.21,0.98,0.42,13.72,11.86,0.49,6,4,4,3,1,18,Moderately High Risk,OK,Verified ✓,2.95,N/A,N/A,N/A,N/A,BSE 100 TRI,6.25,N/A,N/A,N/A,N/A
Kotak Nifty 100 Equal Weight ETF,Regular,Large Cap,44953,INF174KA1UW4,153315,NAV-verified,,,,,,,1,1,1,1,1,5,High Risk,OK,Verified ✓,6.71,13.25,12.26,13.01,12.62,BSE 100 TRI,6.25,12.99,12.73,12.76,13.62
Kotak Nifty 100 Equal Weight Index Reg,Regular,Large Cap,44794,INF174KA1UB8,153145,NAV-verified,,,,,,,1,1,1,1,1,5,High Risk,OK,Verified ✓,10.73,N/A,N/A,N/A,N/A,BSE 100 TRI,6.25,N/A,N/A,N/A,N/A
Kotak Nifty 100 Low Volatility 30 ETF,Regular,Large Cap,42184,INF174KA1IY5,150000,NAV-verified,1.92,0.95,0.52,14.13,13.42,0.64,8,6,3,4,1,22,Moderate Risk,OK,Verified ✓,10,N/A,N/A,N/A,N/A,BSE 100 TRI,6.25,N/A,N/A,N/A,N/A
Kotak Nifty 100 Low Volatility 30 Index Reg,Regular,Large Cap,44349,INF174KA1RW0,152664,NAV-verified,,,,,,,1,1,1,1,1,5,High Risk,OK,Verified ✓,5.86,14.7,N/A,N/A,N/A,BSE 100 TRI,6.25,12.99,N/A,N/A,N/A
Kotak Nifty 50 ETF,Regular,Large Cap,10843,INF174K014P6,112351,NAV-verified,,,,,,,1,1,1,1,1,5,High Risk,OK,Verified ✓,4.77,N/A,N/A,N/A,N/A,BSE 100 TRI,6.25,N/A,N/A,N/A,N/A
Kotak Nifty 50 Equal Weight Index Reg,Regular,Large Cap,44798,INF174KA1UH5,153148,NAV-verified,,,,,,,1,1,1,1,1,5,High Risk,OK,Verified ✓,5.55,11.36,11.62,11.89,12.78,BSE 100 TRI,6.25,12.99,12.73,12.76,13.62
Kotak Nifty 50 Index Reg,Regular,Large Cap,41515,INF174KA1GX1,148974,NAV-verified,-1.65,0.95,0.29,13.33,9.85,0.36,4,2,4,4,1,15,Moderately High Risk,OK,Verified ✓,10.29,N/A,N/A,N/A,N/A,BSE 100 TRI,6.25,N/A,N/A,N/A,N/A
Kotak Nifty Next 50 ETF,Regular,Large Cap,45721,INF174KA1YO3,154101,NAV-verified,,,,,,,1,1,1,1,1,5,High Risk,OK,Verified ✓,5.15,10.75,N/A,N/A,N/A,BSE 100 TRI,6.25,12.99,N/A,N/A,N/A
Kotak Nifty Next 50 Index Reg,Regular,Large Cap,41325,INF174KA1FX3,148743,NAV-verified,4.27,1.24,0.61,18.68,17.4,0.75,10,6,2,1,1,20,Moderate Risk,OK,Verified ✓,N/A,N/A,N/A,N/A,N/A,BSE 100 TRI,N/A,N/A,N/A,N/A,N/A
Kotak Nifty Top 10 Equal Weight Index Reg,Regular,Large Cap,45099,INF174KA1WG3,153463,NAV-verified,,,,,,,1,1,1,1,1,5,High Risk,OK,Verified ✓,9.47,20.31,14.63,N/A,N/A,BSE 100 TRI,6.25,12.99,12.73,N/A,N/A
LIC MF BSE Sensex ETF,Regular,Large Cap,31256,INF767K01OT5,135672,NAV-verified,-2.84,0.94,0.19,13.2,8.58,0.24,2,2,4,4,1,13,Moderately High Risk,OK,Verified ✓,N/A,N/A,N/A,N/A,N/A,BSE 100 TRI,N/A,N/A,N/A,N/A,N/A
LIC MF BSE Sensex Index Reg,Regular,Large Cap,1479,INF767K01139,101199,NAV-verified,-3.78,0.94,0.12,13.14,7.62,0.15,2,2,4,4,1,13,Moderately High Risk,OK,Verified ✓,3.27,9.51,10.78,11.43,12.85,BSE 100 TRI,6.25,12.99,12.73,12.76,13.62
LIC MF Large Cap Reg,Regular,Large Cap,158,INF767K01105,106871,NAV-verified,-3.07,1.03,0.2,14.51,8.87,0.23,2,2,3,3,1,11,High Risk,OK,Verified ✓,2.32,8.46,9.74,10.41,11.59,BSE 100 TRI,6.25,12.99,12.73,12.76,13.62
LIC MF Nifty 100 ETF,Regular,Large Cap,32018,INF767K01PC8,136473,NAV-verified,-0.47,1,0.38,13.98,11.31,0.46,4,4,4,3,1,16,Moderately High Risk,OK,Verified ✓,0.35,9.86,10.22,11.2,10.68,BSE 100 TRI,6.25,12.99,12.73,12.76,13.62
LIC MF Nifty 50 ETF,Regular,Large Cap,31217,INF767K01OS7,135607,NAV-verified,-1.15,0.95,0.32,13.34,10.35,0.4,4,2,4,4,1,15,Moderately High Risk,OK,Verified ✓,6.05,12.56,11.83,11.93,12.94,BSE 100 TRI,6.25,12.99,12.73,12.76,13.62
LIC MF Nifty 50 Index Reg,Regular,Large Cap,1478,INF767K01162,101201,NAV-verified,-2.12,0.95,0.25,13.32,9.37,0.31,2,2,4,4,1,13,Moderately High Risk,OK,Verified ✓,5.5,11.3,11.62,11.94,12.97,BSE 100 TRI,6.25,12.99,12.73,12.76,13.62
LIC MF Nifty Next 50 Index Reg,Regular,Large Cap,11500,INF397L01174,151935,NAV-verified,4.04,1.24,0.6,18.68,17.17,0.73,10,6,2,1,1,20,Moderate Risk,OK,Verified ✓,4.45,10.24,10.58,10.78,11.57,BSE 100 TRI,6.25,12.99,12.73,12.76,13.62
Mahindra Manulife Large Cap Reg,Regular,Large Cap,39222,INF174V01697,146551,NAV-verified,-0.51,0.98,0.37,13.85,11.13,0.47,4,4,4,3,1,16,Moderately High Risk,OK,Verified ✓,9.27,20.03,14.4,12.92,13.02,BSE 100 TRI,6.25,12.99,12.73,12.76,13.62
Mirae Asset BSE Sensex ETF,Regular,Large Cap,43803,INF769K01KT9,152097,NAV-verified,,,,,,,1,1,1,1,1,5,High Risk,OK,Verified ✓,2.72,12.1,11.23,11.48,N/A,BSE 100 TRI,6.25,12.99,12.73,12.76,N/A
Mirae Asset Diversified Equity Allocator Passive FoF Reg,Regular,Large Cap,41119,INF769K01GB5,148502,NAV-verified,0.84,1.02,0.47,14.33,12.74,0.56,6,4,3,3,1,17,Moderately High Risk,OK,Verified ✓,3.32,N/A,N/A,N/A,N/A,BSE 100 TRI,6.25,N/A,N/A,N/A,N/A
Mirae Asset Large Cap Reg,Regular,Large Cap,6762,INF769K01010,107578,NAV-verified,-1.81,0.95,0.27,13.43,9.68,0.32,4,2,4,4,1,15,Moderately High Risk,OK,Verified ✓,7.56,14.29,13.1,N/A,N/A,BSE 100 TRI,6.25,12.99,12.73,N/A,N/A
Mirae Asset Nifty 100 Low Volatility 30 ETF,Regular,Large Cap,43284,INF769K01JU9,151604,NAV-verified,1.74,0.95,0.51,14.14,13.25,0.62,8,6,3,4,1,22,Moderate Risk,OK,Verified ✓,5.68,11.04,10.73,11.17,13,BSE 100 TRI,6.25,12.99,12.73,12.76,13.62
Mirae Asset Nifty 50 ETF,Regular,Large Cap,38323,INF769K01EG9,145633,NAV-verified,-1.09,0.95,0.33,13.35,10.42,0.41,4,2,4,4,1,15,Moderately High Risk,OK,Verified ✓,5.58,14.5,N/A,N/A,N/A,BSE 100 TRI,6.25,12.99,N/A,N/A,N/A
Mirae Asset Nifty 50 Index Reg,Regular,Large Cap,44618,INF769K01MO6,152974,NAV-verified,,,,,,,1,1,1,1,1,5,High Risk,OK,Verified ✓,5.53,11.38,11.67,11.97,N/A,BSE 100 TRI,6.25,12.99,12.73,12.76,N/A
Mirae Asset Nifty Next 50 ETF,Regular,Large Cap,40538,INF769K01FN2,147906,NAV-verified,4.92,1.24,0.64,18.76,18.08,0.79,10,6,2,1,1,20,Moderate Risk,OK,Verified ✓,4.68,N/A,N/A,N/A,N/A,BSE 100 TRI,6.25,N/A,N/A,N/A,N/A
Mirae Asset Nifty Top 20 Equal Wght ETF,Regular,Large Cap,45679,INF769K01PZ5,154060,NAV-verified,,,,,,,1,1,1,1,1,5,High Risk,OK,Verified ✓,12.5,21.63,14.59,N/A,N/A,BSE 100 TRI,9.21,13.75,12.37,N/A,N/A
Mirae Asset Nifty50 Equal Wght ETF,Regular,Large Cap,45149,,153519,NAV-verified (corrected),,,,,,,1,1,1,1,1,5,High Risk,FIXED,ISIN was missing → filled from NAV,N/A,N/A,N/A,N/A,N/A,BSE 100 TRI,N/A,N/A,N/A,N/A,N/A
Motilal Oswal Large Cap Reg,Regular,Large Cap,44062,INF247L01CB9,152352,NAV-verified,,,,,,,1,1,1,1,1,5,High Risk,OK,Verified ✓,N/A,N/A,N/A,N/A,N/A,BSE 100 TRI,N/A,N/A,N/A,N/A,N/A
Motilal Oswal Nifty 100 ETF,Regular,Large Cap,45555,INF247L01GG9,153928,NAV-verified,,,,,,,1,1,1,1,1,5,High Risk,OK,Verified ✓,5.41,N/A,N/A,N/A,N/A,BSE 100 TRI,6.25,N/A,N/A,N/A,N/A
Motilal Oswal Nifty 50 ETF,Regular,Large Cap,11348,INF247L01536,113069,NAV-verified,-1.09,0.95,0.33,13.35,10.42,0.41,4,2,4,4,1,15,Moderately High Risk,OK,Verified ✓,N/A,N/A,N/A,N/A,N/A,BSE 100 TRI,N/A,N/A,N/A,N/A,N/A
Motilal Oswal Nifty 50 Equal Weight ETF,Regular,Large Cap,45170,INF247L01FC0,153532,NAV-verified,,,,,,,1,1,1,1,1,5,High Risk,OK,Verified ✓,5.55,11.39,11.66,11.88,12.63,BSE 100 TRI,6.25,12.99,12.73,12.76,13.62
Motilal Oswal Nifty 50 Index Reg,Regular,Large Cap,40470,INF247L01AF4,147795,NAV-verified,-1.6,0.95,0.29,13.35,9.9,0.36,4,2,4,4,1,15,Moderately High Risk,OK,Verified ✓,N/A,N/A,N/A,N/A,N/A,BSE 100 TRI,N/A,N/A,N/A,N/A,N/A
Motilal Oswal Nifty Next 50 ETF,Regular,Large Cap,45175,INF247L01FD8,153535,NAV-verified,,,,,,,1,1,1,1,1,5,High Risk,OK,Verified ✓,5.02,10.81,11.04,N/A,N/A,BSE 100 TRI,6.25,12.99,12.73,N/A,N/A
Motilal Oswal Nifty Next 50 Index Reg,Regular,Large Cap,40468,INF247L01AD9,147797,NAV-verified,4.02,1.24,0.59,18.74,17.18,0.73,10,6,2,1,1,20,Moderate Risk,OK,Verified ✓,N/A,N/A,N/A,N/A,N/A,BSE 100 TRI,N/A,N/A,N/A,N/A,N/A
Navi BSE Sensex Index Reg,Regular,Large Cap,43744,INF959L01HJ1,152061,NAV-verified,,,,,,,1,1,1,1,1,5,High Risk,OK,Verified ✓,9.02,20.03,14.23,N/A,N/A,BSE 100 TRI,6.25,12.99,12.73,N/A,N/A
Navi Nifty 50 Index Reg,Regular,Large Cap,41573,INF959L01FQ0,149040,NAV-verified,-1.42,0.95,0.3,13.34,10.08,0.38,4,2,4,4,1,15,Moderately High Risk,OK,Verified ✓,2.55,N/A,N/A,N/A,N/A,BSE 100 TRI,6.25,N/A,N/A,N/A,N/A
Navi Nifty Next 50 Index Reg,Regular,Large Cap,41936,INF959L01FS6,149448,NAV-verified,4.07,1.24,0.6,18.73,17.23,0.73,10,6,2,1,1,20,Moderate Risk,OK,Verified ✓,5.24,11.02,N/A,N/A,N/A,BSE 100 TRI,6.25,12.99,N/A,N/A,N/A
Nippon India BSE Sensex Next 30 ETF,Regular,Large Cap,45190,INF204KC1EZ3,153569,NAV-verified,,,,,,,1,1,1,1,1,5,High Risk,OK,Verified ✓,9.02,20.09,N/A,N/A,N/A,BSE 100 TRI,6.25,12.99,N/A,N/A,N/A
Nippon India BSE Sensex Next 30 Index Reg,Regular,Large Cap,45195,INF204KC1FA3,153566,NAV-verified,,,,,,,1,1,1,1,1,5,High Risk,OK,Verified ✓,N/A,N/A,N/A,N/A,N/A,BSE 100 TRI,N/A,N/A,N/A,N/A,N/A
Nippon India ETF BSE Sensex,Regular,Large Cap,28136,INF204KA1UN7,131331,NAV-verified,-2.73,0.94,0.2,13.2,8.69,0.25,2,2,4,4,1,13,Moderately High Risk,OK,Verified ✓,N/A,N/A,N/A,N/A,N/A,BSE 100 TRI,N/A,N/A,N/A,N/A,N/A
Nippon India ETF BSE Sensex Next 50,Regular,Large Cap,40191,INF204KB15D0,147579,NAV-verified,5.74,1.18,0.73,17.12,18.55,0.87,12,8,2,1,2,25,Moderate Risk,OK,Verified ✓,3.34,9.62,10.86,11.47,12.86,BSE 100 TRI,6.25,12.99,12.73,12.76,13.62
Nippon India ETF Nifty 100,Regular,Large Cap,18234,INF204K014N5,121146,NAV-verified,-0.67,1,0.36,13.98,11.11,0.44,4,4,4,3,1,16,Moderately High Risk,OK,Verified ✓,8.19,21.03,16.86,N/A,N/A,BSE 100 TRI,6.25,12.99,12.73,N/A,N/A
Nippon India ETF Nifty 50 BeES,Regular,Large Cap,1171,INF204KB14I2,140084,NAV-verified,-1.08,0.95,0.33,13.35,10.43,0.41,4,2,4,4,1,15,Moderately High Risk,OK,Verified ✓,5.83,12.35,11.57,11.52,12.38,BSE 100 TRI,6.25,12.99,12.73,12.76,13.62
Nippon India ETF Nifty 50 Shariah BeES,Regular,Large Cap,10218,INF732E01128,140094,NAV-verified,-6.27,0.92,-0.06,15.95,5.06,-0.08,1,1,3,4,1,10,High Risk,OK,Verified ✓,5.54,11.4,11.68,11.98,12.98,BSE 100 TRI,6.25,12.99,12.73,12.76,13.62
Nippon India ETF Nifty Next 50 Junior BeES,Regular,Large Cap,1545,INF732E01045,140085,NAV-verified,4.9,1.24,0.64,18.76,18.06,0.79,10,6,2,1,1,20,Moderate Risk,OK,Verified ✓,-3.65,5.14,4.26,8.79,9.5,BSE 100 TRI,6.25,12.99,12.73,12.76,13.62
Nippon India Index BSE Sensex Plan,Regular,Large Cap,11541,INF204K01IN4,113270,NAV-verified,-3.27,0.94,0.16,13.17,8.14,0.2,2,2,4,4,1,13,Moderately High Risk,OK,Verified ✓,10.03,21.07,15.24,13.9,14.1,BSE 100 TRI,6.25,12.99,12.73,12.76,13.62
Nippon India Index-Nifty 50 Plan Reg,Regular,Large Cap,11536,INF204K01IE3,113296,NAV-verified,-1.59,0.95,0.29,13.32,9.91,0.36,4,2,4,4,1,15,Moderately High Risk,OK,Verified ✓,2.85,9.04,10.24,10.81,12.04,BSE 100 TRI,6.25,12.99,12.73,12.76,13.62
Nippon India Large Cap Reg,Regular,Large Cap,5270,INF204K01562,106235,NAV-verified,3.19,0.96,0.64,13.65,14.73,0.76,10,6,4,3,1,24,Moderate Risk,OK,Verified ✓,5.09,10.83,10.9,11.03,11.94,BSE 100 TRI,6.25,12.99,12.73,12.76,13.62
Nippon India Nifty Next 50 Junior BeES FoF Reg,Regular,Large Cap,39155,INF204KB1X17,146512,NAV-verified,4.68,1.22,0.63,18.48,17.72,0.78,10,6,2,1,1,20,Moderate Risk,OK,Verified ✓,8.06,16.6,17.17,13.69,14.56,BSE 100 TRI,6.25,12.99,12.73,12.76,13.62
PGIM India Large Cap Reg,Regular,Large Cap,1513,INF663L01GW4,138308,NAV-verified,-3.56,0.96,0.14,13.54,7.96,0.17,2,2,4,3,1,12,High Risk,OK,Verified ✓,9.52,20.69,14.83,13.45,N/A,BSE 100 TRI,6.25,12.99,12.73,12.76,N/A
Parag Parikh Large Cap Reg,Regular,Large Cap,45773,INF879O01365,154154,NAV-verified,,,,,,,1,1,1,1,1,5,High Risk,OK,Verified ✓,3.1,8.99,8.82,9.69,10.12,BSE 100 TRI,6.25,12.99,12.73,12.76,13.62
Quant Focused Reg,Regular,Large Cap,8216,INF966L01374,109275,NAV-verified,-1.85,1.14,0.27,17.25,10.75,0.36,4,2,2,2,1,11,High Risk,OK,Verified ✓,N/A,N/A,N/A,N/A,N/A,BSE 100 TRI,N/A,N/A,N/A,N/A,N/A
Quant Large Cap Reg,Regular,Large Cap,42365,INF966L01341,104513,NAV-verified,0.27,1.1,0.4,16.54,12.6,0.55,6,4,3,2,1,16,Moderately High Risk,OK,Verified ✓,4.03,13.28,12.01,14.21,13.32,BSE 100 TRI,6.25,12.99,12.73,12.76,13.62
Quantum Nifty 50 ETF,Regular,Large Cap,7834,INF082J01499,108479,NAV-verified,-1.14,0.95,0.33,13.34,10.37,0.4,4,2,4,4,1,15,Moderately High Risk,OK,Verified ✓,8.14,15.1,N/A,N/A,N/A,BSE 100 TRI,6.25,12.99,N/A,N/A,N/A
Quantum Nifty 50 ETF FoF Reg,Regular,Large Cap,42345,INF082J01499,108479,NAV-verified,-1.28,0.94,0.31,13.21,10.17,0.39,4,2,4,4,1,15,Moderately High Risk,OK,Verified ✓,5.48,11.33,11.63,11.9,12.91,BSE 100 TRI,6.25,12.99,12.73,12.76,13.62
SBI BSE 100 ETF,Regular,Large Cap,29714,INF200KA1572,134014,NAV-verified,-0.15,1,0.4,13.91,11.61,0.49,4,4,4,3,1,16,Moderately High Risk,OK,Verified ✓,8.05,11.79,N/A,N/A,N/A,BSE 100 TRI,6.25,12.99,N/A,N/A,N/A
SBI BSE Sensex ETF,Regular,Large Cap,18077,INF200K01VT2,121109,NAV-verified,-2.77,0.94,0.2,13.2,8.65,0.25,2,2,4,4,1,13,Moderately High Risk,OK,Verified ✓,6.1,12.81,12.56,12.54,13.41,BSE 100 TRI,6.25,12.99,12.73,12.76,13.62
SBI BSE Sensex Index Reg,Regular,Large Cap,43524,INF200KA13Y1,151765,NAV-verified,,,,,,,1,1,1,1,1,5,High Risk,OK,Verified ✓,3.33,9.58,10.84,11.47,12.87,BSE 100 TRI,6.25,12.99,12.73,12.76,13.62
SBI BSE Sensex Next 50 ETF,Regular,Large Cap,37639,INF200KA1VQ2,144916,NAV-verified,5.88,1.18,0.74,17.17,18.7,0.88,12,8,2,1,2,25,Moderate Risk,OK,Verified ✓,2.79,N/A,N/A,N/A,N/A,BSE 100 TRI,6.25,N/A,N/A,N/A,N/A
SBI Large Cap Reg,Regular,Large Cap,3083,INF200K01180,103504,NAV-verified,-0.31,0.94,0.38,13.26,11.09,0.46,4,4,4,4,1,17,Moderately High Risk,OK,Verified ✓,8.33,21.21,17.06,14.6,N/A,BSE 100 TRI,6.25,12.99,12.73,12.76,N/A
SBI Nifty 50 ETF,Regular,Large Cap,30710,INF200KA1FS1,135106,NAV-verified,-1.09,0.95,0.33,13.35,10.41,0.41,4,2,4,4,1,15,Moderately High Risk,OK,Verified ✓,7.93,12.39,12.14,12.66,12.23,BSE 100 TRI,6.25,12.99,12.73,12.76,13.62
SBI Nifty 50 Equal Weight ETF,Regular,Large Cap,44433,INF200KB1282,152749,NAV-verified,,,,,,,1,1,1,1,1,5,High Risk,OK,Verified ✓,8.52,12.14,11.35,12.17,13.53,BSE 100 TRI,9.21,13.75,12.37,13,14.14
SBI Nifty Index Reg,Regular,Large Cap,1164,INF200K01537,102272,NAV-verified,-1.55,0.95,0.29,13.35,9.95,0.36,4,2,4,4,1,15,Moderately High Risk,OK,Verified ✓,11.21,N/A,N/A,N/A,N/A,BSE 100 TRI,6.25,N/A,N/A,N/A,N/A
SBI Nifty Next 50 ETF,Regular,Large Cap,29715,INF200KA1598,134013,NAV-verified,4.92,1.24,0.64,18.77,18.09,0.79,10,6,2,1,1,20,Moderate Risk,OK,Verified ✓,5.07,10.87,11.12,11.28,12.26,BSE 100 TRI,6.25,12.99,12.73,12.76,13.62
SBI Nifty Next 50 Index Reg,Regular,Large Cap,41490,INF200KA1V76,148943,NAV-verified,4.25,1.24,0.61,18.76,17.41,0.74,10,6,2,1,1,20,Moderate Risk,OK,Verified ✓,10.07,21.11,15.29,13.88,14.24,BSE 100 TRI,6.25,12.99,12.73,12.76,13.62
SBI Nifty100 Low Volatility 30 Index Reg,Regular,Large Cap,45359,INF200KB1902,153716,NAV-verified,,,,,,,1,1,1,1,1,5,High Risk,OK,Verified ✓,9.37,20.3,N/A,N/A,N/A,BSE 100 TRI,6.25,12.99,N/A,N/A,N/A
SBI Nifty50 Equal Weight Index Reg,Regular,Large Cap,44073,INF200KA18Z7,152372,NAV-verified,,,,,,,1,1,1,1,1,5,High Risk,OK,Verified ✓,N/A,N/A,N/A,N/A,N/A,BSE 100 TRI,N/A,N/A,N/A,N/A,N/A
Samco Large Cap Reg,Regular,Large Cap,45016,INF0K1H01263,153238,NAV-verified,,,,,,,1,1,1,1,1,5,High Risk,OK,Verified ✓,10.47,N/A,N/A,N/A,N/A,BSE 100 TRI,6.25,N/A,N/A,N/A,N/A
Sundaram Large Cap Reg,Regular,Large Cap,41102,INF903JA1IZ3,148504,NAV-verified,-1.66,0.89,0.27,12.59,9.48,0.34,4,2,4,4,1,15,Moderately High Risk,OK,Verified ✓,-7.97,N/A,N/A,N/A,N/A,BSE 100 TRI,6.25,N/A,N/A,N/A,N/A
Sundaram Nifty 100 Equal Weight Reg,Regular,Large Cap,637,INF173K01AG2,149481,NAV-verified,3.32,1.09,0.61,15.61,15.58,0.75,10,6,3,2,1,22,Moderate Risk,OK,Verified ✓,4.15,10.66,10.63,10.97,12.11,BSE 100 TRI,6.25,12.99,12.73,12.76,13.62
Tata BSE Sensex Index Reg,Regular,Large Cap,1551,INF277K01758,101746,NAV-verified,-3.37,0.94,0.15,13.19,8.04,0.19,2,2,4,4,1,13,Moderately High Risk,OK,Verified ✓,9.95,17.61,13.99,13.05,12.01,BSE 100 TRI,6.25,12.99,12.73,12.76,13.62
Tata Large Cap Reg,Regular,Large Cap,509,INF277K01931,100475,NAV-verified,-0.04,1,0.4,14.05,11.7,0.48,4,4,3,3,1,15,Moderately High Risk,OK,Verified ✓,2.73,8.93,10.09,10.61,11.99,BSE 100 TRI,6.25,12.99,12.73,12.76,13.62
Tata Nifty 50 ETF,Regular,Large Cap,38578,INF277K015R5,145801,NAV-verified,-1.15,0.95,0.32,13.34,10.35,0.4,4,2,4,4,1,15,Moderately High Risk,OK,Verified ✓,6.3,13.12,12.64,12.2,11.93,BSE 100 TRI,6.25,12.99,12.73,12.76,13.62
Tata Nifty 50 Index Reg,Regular,Large Cap,1550,INF277K01741,101659,NAV-verified,-1.7,0.95,0.28,13.34,9.81,0.35,4,2,4,4,1,15,Moderately High Risk,OK,Verified ✓,5.5,11.32,11.62,11.98,N/A,BSE 100 TRI,6.25,12.99,12.73,12.76,N/A
Tata Nifty Next 50 Index Reg,Regular,Large Cap,45492,INF277KA1EG7,153855,NAV-verified,,,,,,,1,1,1,1,1,5,High Risk,OK,Verified ✓,4.94,10.72,11.03,11.27,12.25,BSE 100 TRI,6.25,12.99,12.73,12.76,13.62
Taurus Large Cap Reg,Regular,Large Cap,43,INF044D01773,101209,NAV-verified,2.29,0.95,0.55,13.99,13.77,0.72,8,6,4,4,1,23,Moderate Risk,OK,Verified ✓,N/A,N/A,N/A,N/A,N/A,BSE 100 TRI,N/A,N/A,N/A,N/A,N/A
Taurus Nifty 50 Index Reg,Regular,Large Cap,11215,INF044D01948,112948,NAV-verified,-2.3,0.95,0.24,13.22,9.16,0.29,2,2,4,4,1,13,Moderately High Risk,OK,Verified ✓,7.26,14.49,11.99,10.92,10.46,BSE 100 TRI,6.25,12.99,12.73,12.76,13.62
UTI BSE Sensex ETF,Regular,Large Cap,30885,INF789FB1X58,135321,NAV-verified,-2.76,0.94,0.2,13.2,8.66,0.25,2,2,4,4,1,13,Moderately High Risk,OK,Verified ✓,4.43,9.99,10.35,10.97,11.96,BSE 100 TRI,6.25,12.99,12.73,12.76,13.62
UTI BSE Sensex Index Reg,Regular,Large Cap,42037,INF789F1AVC9,149802,NAV-verified,-3.04,0.94,0.18,13.2,8.38,0.22,2,2,4,4,1,13,Moderately High Risk,OK,Verified ✓,3.35,9.59,10.85,11.48,12.89,BSE 100 TRI,6.25,12.99,12.73,12.76,13.62
UTI BSE Sensex Next 50 ETF,Regular,Large Cap,39221,INF789F1AUU3,146388,NAV-verified,5.93,1.18,0.74,17.16,18.75,0.89,12,8,2,1,2,25,Moderate Risk,OK,Verified ✓,3.08,9.29,N/A,N/A,N/A,BSE 100 TRI,6.25,12.99,N/A,N/A,N/A
UTI Large Cap Reg,Regular,Large Cap,22,INF789F01976,100651,NAV-verified,-1.8,0.93,0.27,13.17,9.58,0.32,4,2,4,4,1,15,Moderately High Risk,OK,Verified ✓,8.37,21.26,17.06,14.59,N/A,BSE 100 TRI,6.25,12.99,12.73,12.76,N/A
UTI NIFTY50 Equal Wght Index Reg,Regular,Large Cap,43522,INF789F1AYQ3,151761,NAV-verified,,,,,,,1,1,1,1,1,5,High Risk,OK,Verified ✓,2.93,10.69,10.06,11.15,11.59,BSE 100 TRI,6.25,12.99,12.73,12.76,13.62
UTI Nifty 50 ETF,Regular,Large Cap,30886,INF789F1AZC0,135320,NAV-verified,-1.08,0.95,0.33,13.35,10.43,0.41,4,2,4,4,1,15,Moderately High Risk,OK,Verified ✓,10.57,N/A,N/A,N/A,N/A,BSE 100 TRI,6.25,N/A,N/A,N/A,N/A
UTI Nifty 50 Index Reg,Regular,Large Cap,757,INF789F01JN2,100822,NAV-verified,-1.38,0.95,0.31,13.34,10.13,0.38,4,2,4,4,1,15,Moderately High Risk,OK,Verified ✓,5.56,11.39,11.67,11.95,13.03,BSE 100 TRI,6.25,12.99,12.73,12.76,13.62
UTI Nifty Next 50 ETF,Regular,Large Cap,34503,INF789F1AZC0,135320,NAV-verified,4.99,1.24,0.65,18.77,18.15,0.79,10,8,2,1,1,22,Moderate Risk,OK,Verified ✓,5.26,11.07,11.35,11.67,12.7,BSE 100 TRI,6.25,12.99,12.73,12.76,13.62
UTI Nifty Next 50 Index Reg,Regular,Large Cap,36490,INF789FC11T3,143340,NAV-verified,4.29,1.24,0.61,18.75,17.44,0.75,10,6,2,1,1,20,Moderate Risk,OK,Verified ✓,10.17,21.18,15.36,14.05,N/A,BSE 100 TRI,6.25,12.99,12.73,12.76,N/A
Union Largecap Reg,Regular,Large Cap,34080,INF582M01CQ5,141247,NAV-verified,-1.6,0.92,0.28,13.2,9.73,0.33,4,2,4,4,1,15,Moderately High Risk,OK,Verified ✓,9.37,20.35,14.54,13.22,N/A,BSE 100 TRI,6.25,12.99,12.73,12.76,N/A
WhiteOak Capital Large Cap Reg,Regular,Large Cap,42711,INF03VN01662,150799,NAV-verified,2.36,0.93,0.58,13.19,13.73,0.72,8,6,4,4,1,23,Moderate Risk,OK,Verified ✓,5.25,11.25,10.9,11.11,N/A,BSE 100 TRI,6.25,12.99,12.73,12.76,N/A
Zerodha Nifty 100 ETF,Regular,Large Cap,44358,INF0R8F01067,152667,NAV-verified,,,,,,,1,1,1,1,1,5,High Risk,OK,Verified ✓,7.03,15.4,N/A,N/A,N/A,BSE 100 TRI,6.25,12.99,N/A,N/A,N/A
Zerodha Nifty 50 ETF,Regular,Large Cap,45534,INF0R8F01166,153905,NAV-verified,,,,,,,1,1,1,1,1,5,High Risk,OK,Verified ✓,6.26,N/A,N/A,N/A,N/A,BSE 100 TRI,6.25,N/A,N/A,N/A,N/A
ABSL Mid Cap Reg,Regular,Mid Cap,1439,INF209K01165,100033,NAV-verified,-1.6,0.95,0.66,16.97,17.23,0.9,4,8,3,4,2,21,Moderate Risk,OK,Verified ✓,N/A,N/A,N/A,N/A,N/A,BSE 100 TRI,N/A,N/A,N/A,N/A,N/A
ABSL Nifty Midcap 150 Index Reg,Regular,Mid Cap,41383,INF209KB1W41,148805,NAV-verified,-0.25,1,0.76,17.34,19.24,0.95,4,8,2,3,2,19,Moderately High Risk,OK,Verified ✓,10.56,19.35,16.92,14.86,13.66,BSE 150 MidCap TRI,11.43,21.82,19,19.21,17.56
Axis Midcap Reg,Regular,Mid Cap,12052,INF846K01859,114564,NAV-verified,-0.51,0.84,0.7,15.54,16.86,0.85,4,8,3,5,2,22,Moderate Risk,OK,Verified ✓,13.25,21.59,18.66,N/A,N/A,BSE 150 MidCap TRI,11.43,21.82,19,N/A,N/A
Axis Nifty Midcap 50 Index Reg,Regular,Mid Cap,42156,INF846K012I3,149938,NAV-verified,0.27,1.02,0.78,18.02,20.07,1.02,6,8,2,3,2,21,Moderate Risk,OK,Verified ✓,12.87,18.9,15.62,17.27,16.48,BSE 150 MidCap TRI,11.43,21.82,19,19.21,17.56
Bandhan Midcap Reg,Regular,Mid Cap,42340,INF194KB1DM6,150402,NAV-verified,-1.54,0.96,0.65,17.71,17.47,0.77,4,8,2,3,1,18,Moderately High Risk,OK,Verified ✓,13.76,22.58,N/A,N/A,N/A,BSE 150 MidCap TRI,11.43,21.82,N/A,N/A,N/A
Bandhan Nifty Midcap 150 Index Reg,Regular,Mid Cap,44530,INF194KB1IU8,152856,NAV-verified,,,,,,,1,1,1,1,1,5,High Risk,OK,Verified ✓,13.84,19.41,N/A,N/A,N/A,BSE 150 MidCap TRI,11.43,21.82,N/A,N/A,N/A
Bank of India Mid Cap Reg,Regular,Mid Cap,45383,INF761K01HB0,153726,NAV-verified,,,,,,,1,1,1,1,1,5,High Risk,OK,Verified ✓,12.79,N/A,N/A,N/A,N/A,BSE 150 MidCap TRI,11.43,N/A,N/A,N/A,N/A
Baroda BNP Paribas Midcap Reg,Regular,Mid Cap,3259,INF251K01UB5,153001,NAV-verified,0.68,0.83,0.81,14.69,17.94,0.94,6,10,3,5,2,26,Moderate Risk,OK,Verified ✓,N/A,N/A,N/A,N/A,N/A,BSE 150 MidCap TRI,N/A,N/A,N/A,N/A,N/A
Baroda BNP Paribas Nifty Midcap 150 Index Reg,Regular,Mid Cap,44650,INF251K01UB5,153001,NAV-verified,,,,,,,1,1,1,1,1,5,High Risk,OK,Verified ✓,15.07,20.51,17.67,18.55,15.52,BSE 150 MidCap TRI,11.43,21.82,19,19.21,17.56
Canara Robeco Mid Cap Reg,Regular,Mid Cap,42703,INF760K01KL5,150816,NAV-verified,-1.62,0.9,0.65,16.24,16.6,0.83,4,8,3,4,2,21,Moderate Risk,OK,Verified ✓,12.91,N/A,N/A,N/A,N/A,BSE 150 MidCap TRI,11.43,N/A,N/A,N/A,N/A
DSP Midcap Reg,Regular,Mid Cap,3725,INF740KA1WW5,154025,NAV-verified,-1.55,0.98,0.66,17.55,17.63,0.86,4,8,2,3,2,19,Moderately High Risk,OK,Verified ✓,19.55,19.83,N/A,N/A,N/A,BSE 150 MidCap TRI,14.5,22.65,N/A,N/A,N/A
DSP Nifty Midcap 150 ETF,Regular,Mid Cap,45652,INF740KA1WW5,154025,NAV-verified,,,,,,,1,1,1,1,1,5,High Risk,OK,Verified ✓,14.61,19.26,13.55,14.82,14.77,BSE 150 MidCap TRI,11.43,21.82,19,19.21,17.56
DSP Nifty Midcap 150 Index Reg,Regular,Mid Cap,45648,INF740KA1WY1,154012,NAV-verified,,,,,,,1,1,1,1,1,5,High Risk,OK,Verified ✓,N/A,N/A,N/A,N/A,N/A,BSE 150 MidCap TRI,N/A,N/A,N/A,N/A,N/A
DSP Nifty Midcap 150 Quality 50 ETF,Regular,Mid Cap,41902,INF740KA1QL0,149403,NAV-verified,-6.07,0.91,0.38,16.26,12.17,0.48,1,4,3,4,1,13,Moderately High Risk,OK,Verified ✓,N/A,N/A,N/A,N/A,N/A,BSE 150 MidCap TRI,N/A,N/A,N/A,N/A,N/A
DSP Nifty Midcap 150 Quality 50 Index Reg,Regular,Mid Cap,42314,INF740KA1QY3,150427,NAV-verified,-6.68,0.9,0.34,16.25,11.55,0.44,1,2,3,4,1,11,High Risk,OK,Verified ✓,6.52,12.99,N/A,N/A,N/A,BSE 150 MidCap TRI,11.43,21.82,N/A,N/A,N/A
Edelweiss Mid Cap Reg,Regular,Mid Cap,6227,INF843K01013,140225,NAV-verified,2.53,0.94,0.9,16.95,21.29,1.07,8,10,3,4,2,27,Low Risk,OK,Verified ✓,5.84,12.3,N/A,N/A,N/A,BSE 150 MidCap TRI,11.43,21.82,N/A,N/A,N/A
Edelweiss Nifty Midcap150 Momentum 50 Index Reg,Regular,Mid Cap,42810,INF754K01PZ7,150900,NAV-verified,-0.96,1.07,0.7,19.4,19.52,0.85,4,8,2,2,2,18,Moderately High Risk,OK,Verified ✓,14.22,24.45,20.72,20.78,18.19,BSE 150 MidCap TRI,11.43,21.82,19,19.21,17.56
Franklin India Mid Cap Reg,Regular,Mid Cap,115,INF090I01809,100473,NAV-verified,-1.08,0.93,0.7,16.57,17.55,0.86,4,8,3,4,2,21,Moderate Risk,OK,Verified ✓,10.78,22.52,N/A,N/A,N/A,BSE 150 MidCap TRI,11.43,21.82,N/A,N/A,N/A
Groww Nifty Midcap 150 ETF,Regular,Mid Cap,45580,INF666M01MV5,153940,NAV-verified,,,,,,,1,1,1,1,1,5,High Risk,OK,Verified ✓,5.37,19.86,15.91,14.99,14.45,BSE 150 MidCap TRI,11.43,21.82,19,19.21,17.56
Groww Nifty Midcap 150 Index Reg,Regular,Mid Cap,45576,INF666M01MS1,153953,NAV-verified,,,,,,,1,1,1,1,1,5,High Risk,OK,Verified ✓,N/A,N/A,N/A,N/A,N/A,BSE 150 MidCap TRI,N/A,N/A,N/A,N/A,N/A
HDFC Mid Cap Reg,Regular,Mid Cap,5067,INF179K01CR2,105758,NAV-verified,3.2,0.88,0.97,15.59,21.09,1.17,10,10,3,4,2,29,Low Risk,OK,Verified ✓,N/A,N/A,N/A,N/A,N/A,BSE 150 MidCap TRI,N/A,N/A,N/A,N/A,N/A
HDFC NIFTY Midcap 150 ETF,Regular,Mid Cap,43115,INF179KC1HT0,151374,NAV-verified,0.42,1,0.8,17.33,19.89,0.99,6,10,2,3,2,23,Moderate Risk,OK,Verified ✓,15.57,23.65,21.53,19.47,17.92,BSE 150 MidCap TRI,11.43,21.82,19,19.21,17.56
HDFC NIFTY Midcap 150 Index Reg,Regular,Mid Cap,43474,INF179KC1GD6,151725,NAV-verified,,,,,,,1,1,1,1,1,5,High Risk,OK,Verified ✓,14.16,22.39,N/A,N/A,N/A,BSE 150 MidCap TRI,11.43,21.82,N/A,N/A,N/A
HSBC Midcap Reg,Regular,Mid Cap,2333,INF917K01254,151034,NAV-verified,2.27,0.97,0.85,17.96,21.35,0.88,8,10,2,3,2,25,Moderate Risk,OK,Verified ✓,13.35,N/A,N/A,N/A,N/A,BSE 150 MidCap TRI,11.43,N/A,N/A,N/A,N/A
Helios Mid Cap Reg,Regular,Mid Cap,44985,INF0R8701293,153327,NAV-verified,,,,,,,1,1,1,1,1,5,High Risk,OK,Verified ✓,22.56,24.77,17.91,16.65,16.7,BSE 150 MidCap TRI,11.43,21.82,19,19.21,17.56
ICICI Pru BSE Midcap Select ETF,Regular,Mid Cap,32594,INF109KC10W0,139519,NAV-verified,-0.69,1.01,0.71,18.27,19,0.85,4,8,2,3,2,19,Moderately High Risk,OK,Verified ✓,15.69,N/A,N/A,N/A,N/A,BSE 150 MidCap TRI,11.43,N/A,N/A,N/A,N/A
ICICI Pru Midcap,Regular,Mid Cap,2439,INF109K01AN2,102528,NAV-verified,2.81,0.96,0.91,17.23,21.73,1.18,8,10,2,3,2,25,Moderate Risk,OK,Verified ✓,11.97,21.76,15.21,14.15,N/A,BSE 150 MidCap TRI,11.43,21.82,19,19.21,N/A
ICICI Pru Nifty Midcap 150 ETF,Regular,Mid Cap,40555,INF109KC11W8,147921,NAV-verified,0.51,1,0.81,17.33,19.98,1,6,10,2,3,2,23,Moderate Risk,OK,Verified ✓,27.46,25.08,20.25,18.35,17,BSE 150 MidCap TRI,11.43,21.82,19,19.21,17.56
ICICI Pru Nifty Midcap 150 Index,Regular,Mid Cap,41891,INF109KC1W25,149390,NAV-verified,-0.45,0.99,0.75,17.28,18.98,0.94,4,8,2,3,2,19,Moderately High Risk,OK,Verified ✓,14.32,22.5,19.55,N/A,N/A,BSE 150 MidCap TRI,11.43,21.82,19,N/A,N/A
ITI Mid Cap Reg,Regular,Mid Cap,41317,INF00XX01895,148732,NAV-verified,0.4,1.01,0.78,17.94,20.02,0.93,6,8,2,3,2,21,Moderate Risk,OK,Verified ✓,13.29,21.3,N/A,N/A,N/A,BSE 150 MidCap TRI,11.43,21.82,N/A,N/A,N/A
Invesco India Mid cap Reg,Regular,Mid Cap,4280,INF205K01247,106144,NAV-verified,2.51,1,0.87,18.28,21.98,1.01,8,10,2,3,2,25,Moderate Risk,OK,Verified ✓,12.56,22.81,16.33,N/A,N/A,BSE 150 MidCap TRI,11.43,21.82,19,N/A,N/A
JM Midcap Reg,Regular,Mid Cap,42729,INF192K01MS2,150812,NAV-verified,0.04,1.01,0.74,18.28,19.63,1.05,6,8,2,3,2,21,Moderate Risk,OK,Verified ✓,19.25,26.07,19.94,19.91,18.29,BSE 150 MidCap TRI,14.5,22.65,18.23,19.4,17.94
Kotak Midcap Reg,Regular,Mid Cap,4270,INF174KA1IB3,149757,NAV-verified,-0.33,0.92,0.72,16.78,18.04,0.83,4,8,3,4,2,21,Moderate Risk,OK,Verified ✓,7.51,21.88,N/A,N/A,N/A,BSE 150 MidCap TRI,11.43,21.82,N/A,N/A,N/A
Kotak Nifty Midcap 150 ETF,Regular,Mid Cap,45037,INF174KA1VW2,153398,NAV-verified,,,,,,,1,1,1,1,1,5,High Risk,OK,Verified ✓,16.22,20.51,18.28,19.21,17.57,BSE 150 MidCap TRI,11.43,21.82,19,19.21,17.56
Kotak Nifty Midcap 150 Index Reg,Regular,Mid Cap,45038,INF174KA1VT8,153399,NAV-verified,,,,,,,1,1,1,1,1,5,High Risk,OK,Verified ✓,14.15,N/A,N/A,N/A,N/A,BSE 150 MidCap TRI,11.43,N/A,N/A,N/A,N/A
Kotak Nifty Midcap 150 Momentum 50 Index Reg,Regular,Mid Cap,44571,INF174KA1TP0,152918,NAV-verified,,,,,,,1,1,1,1,1,5,High Risk,OK,Verified ✓,12.96,N/A,N/A,N/A,N/A,BSE 150 MidCap TRI,11.43,N/A,N/A,N/A,N/A
Kotak Nifty Midcap 50 ETF,Regular,Mid Cap,41983,INF174KA1IB3,149757,NAV-verified,1.38,1.02,0.84,18.1,21.23,1.09,6,10,2,3,2,23,Moderate Risk,OK,Verified ✓,10.94,N/A,N/A,N/A,N/A,BSE 150 MidCap TRI,11.43,N/A,N/A,N/A,N/A
Kotak Nifty Midcap 50 Index Reg,Regular,Mid Cap,44444,INF174KA1SO5,152765,NAV-verified,,,,,,,1,1,1,1,1,5,High Risk,OK,Verified ✓,14.9,23.98,N/A,N/A,N/A,BSE 150 MidCap TRI,11.43,21.82,N/A,N/A,N/A
LIC MF Midcap Reg,Regular,Mid Cap,33331,INF767K01RN1,152404,NAV-verified,-2.43,1,0.62,17.86,17.11,0.78,2,6,2,3,1,14,Moderately High Risk,OK,Verified ✓,13.76,N/A,N/A,N/A,N/A,BSE 150 MidCap TRI,11.43,N/A,N/A,N/A,N/A
LIC MF Nifty Midcap 100 ETF,Regular,Mid Cap,44166,INF767K01RN1,152404,NAV-verified,,,,,,,1,1,1,1,1,5,High Risk,OK,Verified ✓,8.67,19.24,14.49,14.2,N/A,BSE 150 MidCap TRI,11.43,21.82,19,19.21,N/A
Mahindra Manulife Mid Cap Reg,Regular,Mid Cap,34954,INF174V01473,142109,NAV-verified,1.99,0.95,0.89,16.6,20.79,1.13,8,10,3,4,2,27,Low Risk,OK,Verified ✓,14.27,N/A,N/A,N/A,N/A,BSE 150 MidCap TRI,11.43,N/A,N/A,N/A,N/A
Mirae Asset Midcap Reg,Regular,Mid Cap,40046,INF769K01IC9,149918,NAV-verified,-1.83,0.99,0.66,17.4,17.52,0.8,4,8,2,3,2,19,Moderately High Risk,OK,Verified ✓,13.11,23.39,20.03,19.72,N/A,BSE 150 MidCap TRI,11.43,21.82,19,19.21,N/A
Mirae Asset Nifty MidSmallcap400 Mom Qlty 100 ETF FoF Reg,Regular,Mid Cap,44303,INF769K01LJ8,152634,NAV-verified,,,,,,,1,1,1,1,1,5,High Risk,OK,Verified ✓,16.73,19.63,17.23,N/A,N/A,BSE 150 MidCap TRI,11.43,21.82,19,N/A,N/A
Mirae Asset Nifty MidSmallcap400 Momentum Quality 100 ETF,Regular,Mid Cap,44302,INF769K01LJ8,152634,NAV-verified,,,,,,,1,1,1,1,1,5,High Risk,OK,Verified ✓,10.51,N/A,N/A,N/A,N/A,BSE 150 MidCap TRI,11.43,N/A,N/A,N/A,N/A
Mirae Asset Nifty Midcap 150 ETF,Regular,Mid Cap,42146,INF769K01IC9,149918,NAV-verified,0.57,1,0.81,17.33,20.04,1.01,6,10,2,3,2,23,Moderate Risk,OK,Verified ✓,11.34,N/A,N/A,N/A,N/A,BSE 150 MidCap TRI,11.43,N/A,N/A,N/A,N/A
Motilal Oswal Midcap Reg,Regular,Mid Cap,24078,INF247L01023,114456,NAV-verified,-0.5,0.95,0.63,19.71,18.39,0.83,4,6,2,4,2,18,Moderately High Risk,OK,Verified ✓,14.36,22.57,N/A,N/A,N/A,BSE 150 MidCap TRI,11.43,21.82,N/A,N/A,N/A
Motilal Oswal Nifty Midcap 100 ETF,Regular,Mid Cap,12012,INF247L01023,114456,NAV-verified,1.09,1.03,0.83,17.98,21,1.06,6,10,2,3,2,23,Moderate Risk,OK,Verified ✓,4.29,22.44,22.49,20.13,16.77,BSE 150 MidCap TRI,14.5,22.65,18.23,19.4,17.94
Motilal Oswal Nifty Midcap 150 Reg,Regular,Mid Cap,40241,INF247L01908,147621,NAV-verified,-0.27,1,0.76,17.33,19.21,0.96,4,8,2,3,2,19,Moderately High Risk,OK,Verified ✓,14.39,23.68,20.28,18.54,16.24,BSE 150 MidCap TRI,11.43,21.82,19,19.21,17.56
Motilal Oswal Nifty Midcap150 Momentum 50 ETF,Regular,Mid Cap,45331,INF247L01FQ0,153694,NAV-verified,,,,,,,1,1,1,1,1,5,High Risk,OK,Verified ✓,13.33,21.56,18.57,N/A,N/A,BSE 150 MidCap TRI,11.43,21.82,19,N/A,N/A
Navi Nifty MidSmallcap 400 Index Reg,Regular,Mid Cap,45653,INF959L01HS2,154026,NAV-verified,,,,,,,1,1,1,1,1,5,High Risk,OK,Verified ✓,N/A,N/A,N/A,N/A,N/A,BSE 150 MidCap TRI,N/A,N/A,N/A,N/A,N/A
Navi Nifty Midcap 150 Index Reg,Regular,Mid Cap,42120,INF959L01FY4,149893,NAV-verified,-0.63,0.99,0.74,17.26,18.78,0.93,4,8,2,3,2,19,Moderately High Risk,OK,Verified ✓,N/A,N/A,N/A,N/A,N/A,BSE 150 MidCap TRI,N/A,N/A,N/A,N/A,N/A
Nippon India ETF Nifty Midcap 150,Regular,Mid Cap,38950,INF204KB1V68,146271,NAV-verified,0.46,1,0.8,17.31,19.92,1.01,6,10,2,3,2,23,Moderate Risk,OK,Verified ✓,12.98,21.08,N/A,N/A,N/A,BSE 150 MidCap TRI,11.43,21.82,N/A,N/A,N/A
Nippon India Growth Mid Cap Inst,Regular,Mid Cap,5580,INF204K01315,100376,NAV-verified,1.62,0.91,0.84,16.59,19.96,1.05,8,10,3,4,2,27,Low Risk,OK,Verified ✓,14.16,22.42,19.5,19.01,N/A,BSE 150 MidCap TRI,11.43,21.82,19,19.21,N/A
Nippon India Growth Mid Cap Reg,Regular,Mid Cap,183,INF204K01323,100377,NAV-verified,2.7,0.97,0.92,17.18,21.78,1.16,8,10,2,3,2,25,Moderate Risk,OK,Verified ✓,16.11,22.67,20.92,19.89,18.52,BSE 150 MidCap TRI,11.43,21.82,19,19.21,17.56
Nippon India Nifty Midcap150 Reg,Regular,Mid Cap,41293,INF204KB1V68,146271,NAV-verified,-0.24,1,0.76,17.3,19.22,0.96,4,8,2,3,2,19,Moderately High Risk,OK,Verified ✓,15.11,24.76,21.99,20.57,18.77,BSE 150 MidCap TRI,11.43,21.82,19,19.21,17.56
PGIM India Midcap Reg,Regular,Mid Cap,22365,INF663L01DZ4,125305,NAV-verified,-6.23,0.83,0.32,15.32,10.97,0.39,1,2,3,5,1,12,High Risk,OK,Verified ✓,13.44,21.58,18.58,N/A,N/A,BSE 150 MidCap TRI,11.43,21.82,19,N/A,N/A
Quant Mid Cap Reg,Regular,Mid Cap,958,INF966L01176,101065,NAV-verified,-3.57,0.89,0.48,17.6,14.53,0.68,2,4,2,4,1,13,Moderately High Risk,OK,Verified ✓,6.58,12.86,14.23,18.83,15.36,BSE 150 MidCap TRI,11.43,21.82,19,19.21,17.56
SBI Midcap Reg,Regular,Mid Cap,2662,INF200KB1AK8,154305,Algorithm Match (89% Confidence),-3.62,0.83,0.51,15.11,13.67,0.58,2,6,3,5,1,17,Moderately High Risk,NOT_FOUND,Neither code 154305 nor ISIN INF200KB1AK8 confirmed in NAV,0.37,15.46,17.98,19.47,16.12,BSE 150 MidCap TRI,11.43,21.82,19,19.21,17.56
SBI Nifty Midcap 150 ETF,Regular,Mid Cap,45920,INF200KB1AK8,154305,Algorithm Match (100% Confidence),,,,,,,1,1,1,1,1,5,High Risk,NOT_FOUND,Neither code 154305 nor ISIN INF200KB1AK8 confirmed in NAV,4.04,14.96,16.07,17.03,13.89,BSE 150 MidCap TRI,11.43,21.82,19,19.21,17.56
SBI Nifty Midcap 150 Index Reg,Regular,Mid Cap,42583,INF200KA17O3,150672,NAV-verified,-0.28,1,0.76,17.3,19.17,0.95,4,8,2,3,2,19,Moderately High Risk,OK,Verified ✓,N/A,N/A,N/A,N/A,N/A,BSE 150 MidCap TRI,N/A,N/A,N/A,N/A,N/A
SBI Nifty Midcap 150 Momentum 50 ETF,Regular,Mid Cap,45872,INF200KB1AJ0,154237,Algorithm Match (100% Confidence),,,,,,,1,1,1,1,1,5,High Risk,NOT_FOUND,Neither code 154237 nor ISIN INF200KB1AJ0 confirmed in NAV,13.49,21.53,N/A,N/A,N/A,BSE 150 MidCap TRI,11.43,21.82,N/A,N/A,N/A
Samco Mid Cap Reg,Regular,Mid Cap,45739,INF0K1H01321,154115,NAV-verified,,,,,,,1,1,1,1,1,5,High Risk,OK,Verified ✓,N/A,N/A,N/A,N/A,N/A,BSE 150 MidCap TRI,N/A,N/A,N/A,N/A,N/A
Sundaram Midcap Reg,Regular,Mid Cap,1386,INF903J01DT1,105001,NAV-verified,1.94,0.94,0.88,16.64,20.68,1.02,8,10,3,4,2,27,Low Risk,OK,Verified ✓,N/A,N/A,N/A,N/A,N/A,BSE 150 MidCap TRI,N/A,N/A,N/A,N/A,N/A
TRUSTMF Mid Cap Reg,Regular,Mid Cap,45813,INF0GCD01883,154211,Algorithm Match (90% Confidence),,,,,,,1,1,1,1,1,5,High Risk,NOT_FOUND,Neither code 154211 nor ISIN INF0GCD01883 confirmed in NAV,13.97,23.51,19.51,16.75,15.1,BSE 150 MidCap TRI,11.43,21.82,19,19.21,17.56
Tata Mid Cap Reg,Regular,Mid Cap,103,INF277K01626,102328,NAV-verified,-0.27,0.91,0.75,16.1,18.09,0.93,4,8,3,4,2,21,Moderate Risk,OK,Verified ✓,N/A,N/A,N/A,N/A,N/A,BSE 150 MidCap TRI,N/A,N/A,N/A,N/A,N/A
Tata Nifty Midcap 150 Index Reg,Regular,Mid Cap,45220,INF277KA1DW6,153580,NAV-verified,,,,,,,1,1,1,1,1,5,High Risk,OK,Verified ✓,13.73,20.86,17.36,17.47,16.07,BSE 150 MidCap TRI,11.43,21.82,19,19.21,17.56
Tata Nifty Midcap 150 Momentum 50 Index Reg,Regular,Mid Cap,42653,INF277KA1646,150741,NAV-verified,-1.23,1.07,0.68,19.34,19.17,0.83,4,8,2,2,2,18,Moderately High Risk,OK,Verified ✓,N/A,N/A,N/A,N/A,N/A,BSE 150 MidCap TRI,N/A,N/A,N/A,N/A,N/A
Taurus Mid Cap Reg,Regular,Mid Cap,215,INF044D01815,100477,NAV-verified,-6.04,1,0.41,17.98,13.47,0.61,1,4,2,3,1,11,High Risk,OK,Verified ✓,10.88,22.13,N/A,N/A,N/A,BSE 150 MidCap TRI,11.43,21.82,N/A,N/A,N/A
UTI Midcap Reg,Regular,Mid Cap,2138,INF789F1AYX9,152050,NAV-verified,-4.12,0.96,0.52,17.02,14.88,0.65,2,6,2,3,1,14,Moderately High Risk,OK,Verified ✓,5.78,14.33,13.04,14.48,14.53,BSE 150 MidCap TRI,11.43,21.82,19,19.21,17.56
UTI Nifty Midcap 150 ETF,Regular,Mid Cap,43743,INF789F1AYX9,152050,NAV-verified,,,,,,,1,1,1,1,1,5,High Risk,OK,Verified ✓,10.49,16.34,14.69,16.19,13.94,BSE 150 MidCap TRI,11.43,21.82,19,19.21,17.56
UTI Nifty Midcap 150 Index Reg,Regular,Mid Cap,44724,INF789F1AZN7,153088,NAV-verified,,,,,,,1,1,1,1,1,5,High Risk,OK,Verified ✓,14.18,N/A,N/A,N/A,N/A,BSE 150 MidCap TRI,11.43,N/A,N/A,N/A,N/A
UTI Nifty Midcap 150 Quality 50 Index Reg,Regular,Mid Cap,42252,INF789F1AVG0,150312,NAV-verified,-6.69,0.91,0.34,16.26,11.54,0.43,1,2,3,4,1,11,High Risk,OK,Verified ✓,13.26,N/A,N/A,N/A,N/A,BSE 150 MidCap TRI,11.43,N/A,N/A,N/A,N/A
UTI Nifty Midsmallcap 400 Momentum Quality 100 Index Reg,Regular,Mid Cap,44912,INF789F1AB06,153273,NAV-verified,,,,,,,1,1,1,1,1,5,High Risk,OK,Verified ✓,5.77,12.3,N/A,N/A,N/A,BSE 150 MidCap TRI,11.43,21.82,N/A,N/A,N/A
Union Midcap Reg,Regular,Mid Cap,40767,INF582M01GM5,148071,NAV-verified,-0.51,0.92,0.72,16.64,18,0.83,4,8,3,4,2,21,Moderate Risk,OK,Verified ✓,10.87,N/A,N/A,N/A,N/A,BSE 150 MidCap TRI,11.43,N/A,N/A,N/A,N/A
WhiteOak Capital Mid Cap Reg,Regular,Mid Cap,42481,INF03VN01563,150583,NAV-verified,3.69,0.91,0.97,16.43,22.04,1.23,10,10,3,4,2,29,Low Risk,OK,Verified ✓,16.1,19.95,17.79,N/A,N/A,BSE 150 MidCap TRI,11.43,21.82,19,N/A,N/A
Zerodha Nifty Midcap 150 ETF,Regular,Mid Cap,44359,INF0R8F01059,152668,NAV-verified,,,,,,,1,1,1,1,1,5,High Risk,OK,Verified ✓,19.28,25.05,N/A,N/A,N/A,BSE 150 MidCap TRI,11.43,21.82,N/A,N/A,N/A
ABSL Multi-Cap Reg,Regular,Multi Cap,41464,INF209KB1Y23,148918,NAV-verified,-0.79,0.92,0.51,15.11,13.77,0.6,4,6,3,4,1,18,Moderately High Risk,OK,Verified ✓,14.91,N/A,N/A,N/A,N/A,BSE 150 MidCap TRI,11.43,N/A,N/A,N/A,N/A
Axis Multicap Reg,Regular,Multi Cap,41883,INF846K016E3,149382,NAV-verified,4.15,0.92,0.83,15.22,18.7,0.96,10,10,3,4,2,29,Low Risk,OK,Verified ✓,9.37,15.86,N/A,N/A,N/A,VR Multicap TRI,7.64,17.03,N/A,N/A,N/A
Bajaj Finserv Multi Cap Reg,Regular,Multi Cap,44916,INF0QA701AS3,153307,NAV-verified,,,,,,,1,1,1,1,1,5,High Risk,OK,Verified ✓,9.37,21.03,N/A,N/A,N/A,VR Multicap TRI,7.64,17.03,N/A,N/A,N/A
Bandhan Multi Cap Reg,Regular,Multi Cap,41820,INF194KB1CI6,149305,NAV-verified,-1.11,0.9,0.49,14.62,13.26,0.61,4,4,3,4,1,16,Moderately High Risk,OK,Verified ✓,6.96,N/A,N/A,N/A,N/A,VR Multicap TRI,7.64,N/A,N/A,N/A,N/A
Bank of India Multi Cap Reg,Regular,Multi Cap,43160,INF761K01FU4,151445,NAV-verified,3.64,0.94,0.8,15.52,18.42,1.08,10,10,3,4,2,29,Low Risk,OK,Verified ✓,6.07,14.99,N/A,N/A,N/A,VR Multicap TRI,7.64,17.03,N/A,N/A,N/A
Baroda BNP Paribas Multi Cap Reg,Regular,Multi Cap,1820,INF955L01674,102020,NAV-verified,0.92,0.89,0.62,14.97,15.24,0.71,6,6,3,4,1,20,Moderate Risk,OK,Verified ✓,14.5,20.78,N/A,N/A,N/A,VR Multicap TRI,7.64,17.03,N/A,N/A,N/A
Canara Robeco Multi Cap Reg,Regular,Multi Cap,43569,INF760K01KR2,151821,NAV-verified,,,,,,,1,1,1,1,1,5,High Risk,OK,Verified ✓,5.68,16.95,15.94,15.45,14.23,VR Multicap TRI,7.64,17.03,15.79,N/A,N/A
DSP Multicap Reg,Regular,Multi Cap,43997,INF740KA1TZ4,152307,NAV-verified,,,,,,,1,1,1,1,1,5,High Risk,OK,Verified ✓,8.21,N/A,N/A,N/A,N/A,VR Multicap TRI,7.64,N/A,N/A,N/A,N/A
Edelweiss Multi Cap Reg,Regular,Multi Cap,43780,INF754K01RW0,152095,NAV-verified,,,,,,,1,1,1,1,1,5,High Risk,OK,Verified ✓,6,N/A,N/A,N/A,N/A,VR Multicap TRI,7.64,N/A,N/A,N/A,N/A
Edelweiss Nifty500 Multicap Momentum Quality 50 ETF,Regular,Multi Cap,44626,INF754K01TF1,152981,NAV-verified,,,,,,,1,1,1,1,1,5,High Risk,OK,Verified ✓,9.64,N/A,N/A,N/A,N/A,VR Multicap TRI,7.64,N/A,N/A,N/A,N/A
Edelweiss Nifty500 Multicap Momentum Quality 50 Index Reg,Regular,Multi Cap,44646,INF754K01TJ3,152988,NAV-verified,,,,,,,1,1,1,1,1,5,High Risk,OK,Verified ✓,11.28,N/A,N/A,N/A,N/A,VR Multicap TRI,7.64,N/A,N/A,N/A,N/A
Franklin India Multi Cap Reg,Regular,Multi Cap,44408,INF090I01WX1,152738,NAV-verified,,,,,,,1,1,1,1,1,5,High Risk,OK,Verified ✓,10.43,N/A,N/A,N/A,N/A,VR Multicap TRI,7.64,N/A,N/A,N/A,N/A
Groww Multicap Reg,Regular,Multi Cap,44695,INF666M01JG2,153100,NAV-verified,,,,,,,1,1,1,1,1,5,High Risk,OK,Verified ✓,7.92,N/A,N/A,N/A,N/A,VR Multicap TRI,7.64,N/A,N/A,N/A,N/A
HDFC Multi Cap Reg,Regular,Multi Cap,41862,INF179KC1BV9,149366,NAV-verified,0.46,0.98,0.6,15.93,15.63,0.77,6,6,3,3,1,19,Moderately High Risk,OK,Verified ✓,20.09,N/A,N/A,N/A,N/A,VR Multicap TRI,7.64,N/A,N/A,N/A,N/A
HDFC Nifty500 Multicap 50:25:25 Index Reg,Regular,Multi Cap,44462,INF179KC1IN1,152779,NAV-verified,,,,,,,1,1,1,1,1,5,High Risk,OK,Verified ✓,7.18,17.25,N/A,N/A,N/A,VR Multicap TRI,7.64,17.03,N/A,N/A,N/A
HSBC Multi Cap Reg,Regular,Multi Cap,43021,INF336L01QQ8,151289,NAV-verified,3.25,0.99,0.76,16.47,18.47,0.94,10,8,3,3,2,26,Moderate Risk,OK,Verified ✓,7.55,N/A,N/A,N/A,N/A,VR Multicap TRI,7.64,N/A,N/A,N/A,N/A
ICICI Pru Multicap,Regular,Multi Cap,86,INF109K01613,101228,NAV-verified,2.21,0.86,0.71,14.29,16.2,0.91,8,8,3,4,2,25,Moderate Risk,OK,Verified ✓,10.64,21.26,N/A,N/A,N/A,VR Multicap TRI,7.64,17.03,N/A,N/A,N/A
ITI Multi Cap Reg,Regular,Multi Cap,39829,INF00XX01135,147184,NAV-verified,1.16,0.99,0.63,16.36,16.39,0.74,6,6,3,3,1,19,Moderately High Risk,OK,Verified ✓,8.95,19.36,17.42,14.9,14.92,VR Multicap TRI,7.64,17.03,15.79,N/A,N/A
Invesco India Multicap Reg,Regular,Multi Cap,6675,INF205K01DN2,107353,NAV-verified,-2.27,0.99,0.42,16.43,12.94,0.49,2,4,3,3,1,13,Moderately High Risk,OK,Verified ✓,13.18,18.58,12.66,N/A,N/A,VR Multicap TRI,7.64,17.03,15.79,N/A,N/A
Kotak Multicap Reg,Regular,Multi Cap,41705,INF174KA1HS9,149182,NAV-verified,4.27,1.02,0.82,16.86,19.81,0.93,10,10,3,3,2,28,Low Risk,OK,Verified ✓,1.37,14.95,14.03,14.04,13.26,VR Multicap TRI,7.64,17.03,15.79,N/A,N/A
LIC MF Multi Cap Reg,Regular,Multi Cap,42627,INF767K01RH3,150661,NAV-verified,1.06,1.01,0.62,16.86,16.46,0.74,6,6,3,3,1,19,Moderately High Risk,OK,Verified ✓,11.47,21.86,N/A,N/A,N/A,VR Multicap TRI,7.64,17.03,N/A,N/A,N/A
Mahindra Manulife Multi Cap Reg,Regular,Multi Cap,33984,INF174V01317,141224,NAV-verified,2.25,0.95,0.7,15.75,17.07,0.91,8,8,3,4,2,25,Moderate Risk,OK,Verified ✓,9.8,18.34,N/A,N/A,N/A,VR Multicap TRI,7.64,17.03,N/A,N/A,N/A
Mirae Asset Multicap Reg,Regular,Multi Cap,43576,INF769K01KH4,151812,NAV-verified,,,,,,,1,1,1,1,1,5,High Risk,OK,Verified ✓,11.76,19.54,17.86,18.24,N/A,VR Multicap TRI,7.64,17.03,15.79,N/A,N/A
Mirae Asset Nifty500 Multicap 50:25:25 ETF,Regular,Multi Cap,44491,INF769K01LX9,152811,NAV-verified,,,,,,,1,1,1,1,1,5,High Risk,OK,Verified ✓,10.95,N/A,N/A,N/A,N/A,VR Multicap TRI,7.64,N/A,N/A,N/A,N/A
Motilal Oswal Multi Cap Reg,Regular,Multi Cap,44337,INF247L01CO2,152650,NAV-verified,,,,,,,1,1,1,1,1,5,High Risk,OK,Verified ✓,8.3,N/A,N/A,N/A,N/A,VR Multicap TRI,7.64,N/A,N/A,N/A,N/A
Navi Nifty 500 Multicap 50:25:25 Index Reg,Regular,Multi Cap,44438,INF959L01HN3,152750,NAV-verified,,,,,,,1,1,1,1,1,5,High Risk,OK,Verified ✓,-0.09,N/A,N/A,N/A,N/A,VR Multicap TRI,7.64,N/A,N/A,N/A,N/A
Nippon India Multi Cap Reg,Regular,Multi Cap,2640,INF204K01489,101161,NAV-verified,3.17,0.89,0.76,14.99,17.49,0.98,10,8,3,4,2,27,Low Risk,OK,Verified ✓,7.35,N/A,N/A,N/A,N/A,VR Multicap TRI,7.64,N/A,N/A,N/A,N/A
Nippon India Nifty 500 Equal Weight Index Reg,Regular,Multi Cap,44513,INF204KC1CX2,152840,NAV-verified,,,,,,,1,1,1,1,1,5,High Risk,OK,Verified ✓,9.71,19.84,21.11,16.32,15.48,VR Multicap TRI,7.64,17.03,15.79,N/A,N/A
PGIM India Multi Cap Reg,Regular,Multi Cap,44503,INF663L01Y87,152816,NAV-verified,,,,,,,1,1,1,1,1,5,High Risk,OK,Verified ✓,7.99,N/A,N/A,N/A,N/A,VR Multicap TRI,7.64,N/A,N/A,N/A,N/A
PGIM India Retirement Reg,Regular,Multi Cap,44251,INF663L01Y46,152538,NAV-verified,,,,,,,1,1,1,1,1,5,High Risk,OK,Verified ✓,9.56,N/A,N/A,N/A,N/A,VR Multicap TRI,7.64,N/A,N/A,N/A,N/A
Quant Multi Cap Reg,Regular,Multi Cap,952,INF966L01234,100631,NAV-verified,-5.01,0.98,0.24,16.69,10.1,0.37,1,2,3,3,1,10,High Risk,OK,Verified ✓,3.43,N/A,N/A,N/A,N/A,VR Multicap TRI,7.64,N/A,N/A,N/A,N/A
SBI Multicap Reg,Regular,Multi Cap,42106,INF200KA15E8,149886,NAV-verified,0.63,0.79,0.6,13.25,14.01,0.78,6,6,4,5,1,22,Moderate Risk,OK,Verified ✓,3.7,11.51,13.52,17.99,16.64,VR Multicap TRI,7.64,17.03,15.79,N/A,N/A
Samco Multi Cap Reg,Regular,Multi Cap,44526,INF0K1H01206,152848,NAV-verified,,,,,,,1,1,1,1,1,5,High Risk,OK,Verified ✓,2.51,15.81,N/A,N/A,N/A,VR Multicap TRI,7.64,17.03,N/A,N/A,N/A
Sundaram Multi Cap Reg,Regular,Multi Cap,866,INF173K01940,149667,NAV-verified,-0.65,0.92,0.52,15.16,13.97,0.63,4,6,3,4,1,18,Moderately High Risk,OK,Verified ✓,-8.32,N/A,N/A,N/A,N/A,VR Multicap TRI,7.64,N/A,N/A,N/A,N/A
TRUSTMF Multi Cap Reg,Regular,Multi Cap,45281,INF0GCD01842,153645,NAV-verified,,,,,,,1,1,1,1,1,5,High Risk,OK,Verified ✓,5.87,15.42,14.43,13.14,13.93,VR Multicap TRI,7.64,17.03,15.79,N/A,N/A
Tata Multicap Reg,Regular,Multi Cap,43036,INF277KA1703,151235,NAV-verified,-3.81,0.89,0.3,14.64,10.48,0.36,2,2,3,4,1,12,High Risk,OK,Verified ✓,N/A,N/A,N/A,N/A,N/A,VR Multicap TRI,N/A,N/A,N/A,N/A,N/A
UTI Multi Cap Reg,Regular,Multi Cap,45141,INF789F1AB71,153516,NAV-verified,,,,,,,1,1,1,1,1,5,High Risk,OK,Verified ✓,13.58,12.57,N/A,N/A,N/A,VR Multicap TRI,7.64,17.03,N/A,N/A,N/A
Union Multicap Reg,Regular,Multi Cap,42777,INF582M01IS8,150855,NAV-verified,1.15,0.9,0.64,14.91,15.57,0.75,6,6,3,4,1,20,Moderate Risk,OK,Verified ✓,N/A,N/A,N/A,N/A,N/A,VR Multicap TRI,N/A,N/A,N/A,N/A,N/A
WhiteOak Capital Multi Cap Reg,Regular,Multi Cap,43758,INF03VN01795,152072,NAV-verified,,,,,,,1,1,1,1,1,5,High Risk,OK,Verified ✓,12.41,17.2,N/A,N/A,N/A,VR Multicap TRI,7.64,17.03,N/A,N/A,N/A
ABSL Banking & Financial Services Reg,Regular,Sectoral-Auto,22524,INF209K011W7,125595,NAV-verified,4.19,0.9,0.45,15.37,12.94,0.59,10,4,3,4,1,22,Moderate Risk,OK,Verified ✓,11.97,N/A,N/A,N/A,N/A,VR Multicap TRI,7.64,N/A,N/A,N/A,N/A
ABSL Nifty Bank ETF,Regular,Sectoral-Auto,40378,INF209KB17D5,147735,NAV-verified,0.04,1,0.19,16.01,9.1,0.22,6,2,3,3,1,15,Moderately High Risk,OK,Verified ✓,10.19,15.13,13.99,11.11,13.79,BSE Bankex TRI,8.22,10.41,12.49,9.9,13.62
Aditya Birla SL BSE Top 10 Banks ETF,Regular,Sectoral-Auto,45861,INF209KC1670,154224,Algorithm Match (89% Confidence),,,,,,,1,1,1,1,1,5,High Risk,NOT_FOUND,Neither code 154224 nor ISIN INF209KC1670 confirmed in NAV,9.64,10.41,12.46,N/A,N/A,BSE Bankex TRI,8.22,10.41,12.49,N/A,N/A
Axis Nifty Bank ETF,Regular,Sectoral-Auto,41162,INF846K01X63,148559,NAV-verified,0.01,1,0.19,16.01,9.06,0.22,6,2,3,3,1,15,Moderately High Risk,OK,Verified ✓,N/A,N/A,N/A,N/A,N/A,BSE Bankex TRI,N/A,N/A,N/A,N/A,N/A
Axis Nifty Bank Index Reg,Regular,Sectoral-Auto,44319,INF846K012W4,152632,NAV-verified,,,,,,,1,1,1,1,1,5,High Risk,OK,Verified ✓,9.55,10.36,12.43,N/A,N/A,BSE Bankex TRI,8.22,10.41,12.49,N/A,N/A
Bajaj Finserv Banking And Financial Services Reg,Regular,Sectoral-Auto,45561,INF0QA701BW3,153935,NAV-verified,,,,,,,1,1,1,1,1,5,High Risk,OK,Verified ✓,8.66,N/A,N/A,N/A,N/A,BSE Bankex TRI,8.22,N/A,N/A,N/A,N/A
Bajaj Finserv Nifty Bank ETF,Regular,Sectoral-Auto,44067,INF0QA701714,152357,NAV-verified,,,,,,,1,1,1,1,1,5,High Risk,OK,Verified ✓,N/A,N/A,N/A,N/A,N/A,BSE Bankex TRI,N/A,N/A,N/A,N/A,N/A
Bandhan Financial Services Reg,Regular,Sectoral-Auto,43565,INF194KB1GE6,151818,NAV-verified,,,,,,,1,1,1,1,1,5,High Risk,OK,Verified ✓,9.71,N/A,N/A,N/A,N/A,BSE Bankex TRI,8.22,N/A,N/A,N/A,N/A
Bandhan Nifty Bank Index Reg,Regular,Sectoral-Auto,44476,INF194KB1IN3,152792,NAV-verified,,,,,,,1,1,1,1,1,5,High Risk,OK,Verified ✓,6.06,N/A,N/A,N/A,N/A,BSE Bankex TRI,8.22,N/A,N/A,N/A,N/A
Bank of India Banking & Financial Services Reg,Regular,Sectoral-Auto,45743,INF761K01HH7,154095,NAV-verified,,,,,,,1,1,1,1,1,5,High Risk,OK,Verified ✓,8.62,N/A,N/A,N/A,N/A,BSE Bankex TRI,8.22,N/A,N/A,N/A,N/A
Baroda BNP Paribas Banking & Fin Srvcs Reg,Regular,Sectoral-Auto,14946,INF955L01856,117549,NAV-verified,4.53,0.91,0.48,15.24,13.32,0.6,10,4,3,4,1,22,Moderate Risk,OK,Verified ✓,N/A,N/A,N/A,N/A,N/A,BSE Bankex TRI,N/A,N/A,N/A,N/A,N/A
Baroda BNP Paribas Nifty Bank ETF,Regular,Sectoral-Auto,44357,INF251K01TL6,152683,NAV-verified,,,,,,,1,1,1,1,1,5,High Risk,OK,Verified ✓,8.23,15.44,12.67,10.89,12.92,BSE Bankex TRI,8.22,10.41,12.49,9.9,13.62
Canara Robeco Banking And Financial Services Reg,Regular,Sectoral-Auto,45864,INF760K01LM1,154248,Algorithm Match (83% Confidence),,,,,,,1,1,1,1,1,5,High Risk,NOT_FOUND,Neither code 154248 nor ISIN INF760K01LM1 confirmed in NAV,9.61,N/A,N/A,N/A,N/A,BSE Bankex TRI,8.22,N/A,N/A,N/A,N/A
DSP BSE Top 10 Banks ETF,Regular,Sectoral-Auto,45893,INF740KA1YH2,154256,Algorithm Match (100% Confidence),,,,,,,1,1,1,1,1,5,High Risk,NOT_FOUND,Neither code 154256 nor ISIN INF740KA1YH2 confirmed in NAV,N/A,N/A,N/A,N/A,N/A,BSE Bankex TRI,N/A,N/A,N/A,N/A,N/A
DSP Banking & Financial Services Reg,Regular,Sectoral-Auto,43890,INF740KA1TN0,152208,NAV-verified,,,,,,,1,1,1,1,1,5,High Risk,OK,Verified ✓,N/A,N/A,N/A,N/A,N/A,BSE Bankex TRI,N/A,N/A,N/A,N/A,N/A
DSP Nifty Bank ETF,Regular,Sectoral-Auto,42992,INF740KA1RX3,151262,NAV-verified,0.05,1,0.19,16.01,9.11,0.22,6,2,3,3,1,15,Moderately High Risk,OK,Verified ✓,15.31,N/A,N/A,N/A,N/A,BSE Bankex TRI,8.22,N/A,N/A,N/A,N/A
DSP Nifty Bank Index Reg,Regular,Sectoral-Auto,44335,INF740KA1UN8,152653,NAV-verified,,,,,,,1,1,1,1,1,5,High Risk,OK,Verified ✓,9.63,10.41,N/A,N/A,N/A,BSE Bankex TRI,8.22,10.41,N/A,N/A,N/A
DSP Nifty PSU Bank ETF,Regular,Sectoral-Auto,43656,INF740KA1SY9,151888,NAV-verified,,,,,,,1,1,1,1,1,5,High Risk,OK,Verified ✓,8.86,N/A,N/A,N/A,N/A,BSE Bankex TRI,8.22,N/A,N/A,N/A,N/A
DSP Nifty Private Bank ETF,Regular,Sectoral-Auto,43655,INF740KA1TA7,151887,NAV-verified,,,,,,,1,1,1,1,1,5,High Risk,OK,Verified ✓,41.63,N/A,N/A,N/A,N/A,BSE Bankex TRI,8.22,N/A,N/A,N/A,N/A
DSP Nifty Private Bank Index Reg,Regular,Sectoral-Auto,44970,INF740KA1VK2,153347,NAV-verified,,,,,,,1,1,1,1,1,5,High Risk,OK,Verified ✓,5.58,N/A,N/A,N/A,N/A,BSE Bankex TRI,8.22,N/A,N/A,N/A,N/A
Edelweiss Financial Services Reg,Regular,Sectoral-Auto,45747,INF754K01WL3,154107,NAV-verified,,,,,,,1,1,1,1,1,5,High Risk,OK,Verified ✓,4.32,N/A,N/A,N/A,N/A,BSE Bankex TRI,8.22,N/A,N/A,N/A,N/A
Edelweiss Nifty Bank ETF,Regular,Sectoral-Auto,44536,INF754K01TE4,152857,NAV-verified,,,,,,,1,1,1,1,1,5,High Risk,OK,Verified ✓,N/A,N/A,N/A,N/A,N/A,BSE Bankex TRI,N/A,N/A,N/A,N/A,N/A
Groww Banking & Financial Services Reg,Regular,Sectoral-Auto,43972,INF666M01HP7,152274,NAV-verified,,,,,,,1,1,1,1,1,5,High Risk,OK,Verified ✓,9.59,N/A,N/A,N/A,N/A,BSE Bankex TRI,8.22,N/A,N/A,N/A,N/A
Groww Nifty PSU Bank ETF,Regular,Sectoral-Auto,45912,INF666M01OG2,154277,Algorithm Match (100% Confidence),,,,,,,1,1,1,1,1,5,High Risk,NOT_FOUND,Neither code 154277 nor ISIN INF666M01OG2 confirmed in NAV,13.42,N/A,N/A,N/A,N/A,BSE Bankex TRI,8.22,N/A,N/A,N/A,N/A
Groww Nifty PSU Bank Index Reg,Regular,Sectoral-Auto,45908,INF666M01OK4,154284,Algorithm Match (94% Confidence),,,,,,,1,1,1,1,1,5,High Risk,NOT_FOUND,Neither code 154284 nor ISIN INF666M01OK4 confirmed in NAV,N/A,N/A,N/A,N/A,N/A,BSE Bankex TRI,N/A,N/A,N/A,N/A,N/A
HDFC Banking & Financial Services Reg,Regular,Sectoral-Auto,41531,INF179KC1BJ4,148987,NAV-verified,3.79,0.9,0.43,15.17,12.55,0.53,10,4,3,4,1,22,Moderate Risk,OK,Verified ✓,N/A,N/A,N/A,N/A,N/A,BSE Bankex TRI,N/A,N/A,N/A,N/A,N/A
HDFC NIFTY Bank ETF,Regular,Sectoral-Auto,41076,INF179KC1HW4,152350,NAV-verified,0.03,1,0.19,16.02,9.08,0.22,6,2,3,3,1,15,Moderately High Risk,OK,Verified ✓,12.81,14.83,N/A,N/A,N/A,BSE Bankex TRI,8.22,10.41,N/A,N/A,N/A
HDFC NIFTY PSU BANK ETF,Regular,Sectoral-Auto,44059,INF179KC1HW4,152350,NAV-verified,,,,,,,1,1,1,1,1,5,High Risk,OK,Verified ✓,9.62,10.39,12.43,N/A,N/A,BSE Bankex TRI,8.22,10.41,12.49,N/A,N/A
HDFC NIFTY Private Bank ETF,Regular,Sectoral-Auto,42715,INF179KC1HZ7,150802,NAV-verified,-1.9,0.94,0.06,15.48,6.99,0.08,4,1,3,4,1,13,Moderately High Risk,OK,Verified ✓,41.35,N/A,N/A,N/A,N/A,BSE Bankex TRI,8.22,N/A,N/A,N/A,N/A
HSBC Financial Services Reg,Regular,Sectoral-Auto,44924,INF336L01RR4,153267,NAV-verified,,,,,,,1,1,1,1,1,5,High Risk,OK,Verified ✓,5.57,8.38,N/A,N/A,N/A,BSE Bankex TRI,8.22,10.41,N/A,N/A,N/A
Helios Financial Services Reg,Regular,Sectoral-Auto,44372,INF0R8701178,152682,NAV-verified,,,,,,,1,1,1,1,1,5,High Risk,OK,Verified ✓,14.04,N/A,N/A,N/A,N/A,BSE Bankex TRI,8.22,N/A,N/A,N/A,N/A
ICICI Pru Banking & Financial Services,Regular,Sectoral-Auto,8293,INF109K01BU5,109445,NAV-verified,2.63,0.83,0.37,13.93,11.16,0.43,8,4,4,5,1,22,Moderate Risk,OK,Verified ✓,7.25,N/A,N/A,N/A,N/A,BSE Bankex TRI,8.22,N/A,N/A,N/A,N/A
ICICI Pru Nifty Bank ETF,Regular,Sectoral-Auto,40130,INF109KC15I8,147483,NAV-verified,0.06,1,0.19,16.02,9.12,0.22,6,2,3,3,1,15,Moderately High Risk,OK,Verified ✓,6,12.94,13.15,9.9,14.36,BSE Bankex TRI,8.22,10.41,12.49,9.9,13.62
ICICI Pru Nifty Bank Index,Regular,Sectoral-Auto,42102,INF109KC1Z89,149859,NAV-verified,-0.67,1,0.15,16,8.38,0.17,4,2,3,3,1,13,Moderately High Risk,OK,Verified ✓,9.64,10.43,12.48,N/A,N/A,BSE Bankex TRI,8.22,10.41,12.49,N/A,N/A
ICICI Pru Nifty Financial Services Ex-Bank ETF,Regular,Sectoral-Auto,42801,INF109KC17L8,150879,NAV-verified,11.9,0.82,0.85,16.97,20.42,1.08,12,10,3,5,2,32,Low Risk,OK,Verified ✓,8.93,9.61,N/A,N/A,N/A,BSE Bankex TRI,8.22,10.41,N/A,N/A,N/A
ICICI Pru Nifty PSU Bank ETF,Regular,Sectoral-Auto,43296,INF109KC10S8,151572,NAV-verified,19.55,1.16,0.87,26.6,29.09,1.31,12,10,1,1,2,26,Moderate Risk,OK,Verified ✓,16.56,23.42,N/A,N/A,N/A,BSE Bankex TRI,8.22,10.41,N/A,N/A,N/A
ICICI Pru Nifty Private Bank ETF,Regular,Sectoral-Auto,40210,INF109KC18U7,147530,NAV-verified,-1.9,0.94,0.06,15.48,6.99,0.08,4,1,3,4,1,13,Moderately High Risk,OK,Verified ✓,41.27,32.22,N/A,N/A,N/A,BSE Bankex TRI,8.22,10.41,N/A,N/A,N/A
ICICI Pru Nifty Private Bank Index,Regular,Sectoral-Auto,45298,INF109K1A351,153676,NAV-verified,,,,,,,1,1,1,1,1,5,High Risk,OK,Verified ✓,5.57,8.39,9.9,N/A,N/A,BSE Bankex TRI,8.22,10.41,12.49,N/A,N/A
ITI Banking and Financial Services Reg,Regular,Sectoral-Auto,41832,INF00XX01BR2,149324,NAV-verified,2.28,0.9,0.33,15.09,11.04,0.39,8,2,3,4,1,18,Moderately High Risk,OK,Verified ✓,N/A,N/A,N/A,N/A,N/A,BSE Bankex TRI,N/A,N/A,N/A,N/A,N/A
Invesco India Financial Services Reg,Regular,Sectoral-Auto,7830,INF205K01155,108378,NAV-verified,8.48,0.81,0.75,14.57,16.95,0.9,12,8,3,5,2,30,Low Risk,OK,Verified ✓,11.19,12.94,N/A,N/A,N/A,BSE Bankex TRI,8.22,10.41,N/A,N/A,N/A
Kotak Banking & Financial Services Reg,Regular,Sectoral-Auto,43126,INF174KA1MA7,151381,NAV-verified,3.19,0.93,0.39,15.2,12.02,0.48,10,4,3,4,1,22,Moderate Risk,OK,Verified ✓,16.79,20.45,17.1,14.01,15.97,BSE Bankex TRI,8.22,10.41,12.49,9.9,13.62
Kotak Nifty Bank ETF,Regular,Sectoral-Auto,28873,INF174K01F59,133122,NAV-verified,0.02,1,0.19,16.01,9.08,0.22,6,2,3,3,1,15,Moderately High Risk,OK,Verified ✓,10.5,14.06,N/A,N/A,N/A,BSE Bankex TRI,8.22,10.41,N/A,N/A,N/A
Kotak Nifty Financial Services Ex-Bank Index Reg,Regular,Sectoral-Auto,43672,INF174KA1OO4,151909,NAV-verified,,,,,,,1,1,1,1,1,5,High Risk,OK,Verified ✓,9.63,10.38,12.41,9.42,13.35,BSE Bankex TRI,8.22,10.41,12.49,9.9,13.62
Kotak Nifty PSU Bank ETF,Regular,Sectoral-Auto,6157,INF373I01023,106929,NAV-verified,19.4,1.15,0.86,26.58,28.92,1.3,12,10,1,2,2,27,Low Risk,OK,Verified ✓,15.31,N/A,N/A,N/A,N/A,BSE Bankex TRI,8.22,N/A,N/A,N/A,N/A
LIC MF Banking & Financial Services Reg,Regular,Sectoral-Auto,29705,INF767K01NH2,134016,NAV-verified,0.16,0.9,0.19,15.3,8.92,0.28,6,2,3,4,1,16,Moderately High Risk,OK,Verified ✓,41.11,32.02,33.68,14.93,13.53,BSE Bankex TRI,8.22,10.41,12.49,9.9,13.62
Mahindra Manulife Banking & Financial Services Reg,Regular,Sectoral-Auto,45277,INF174V01CL3,153675,NAV-verified,,,,,,,1,1,1,1,1,5,High Risk,OK,Verified ✓,11.67,10.34,10.4,8.73,9.68,BSE Bankex TRI,8.22,10.41,12.49,9.9,13.62
Mirae Asset Banking and Fin Srvcs Reg,Regular,Sectoral-Auto,41188,INF769K01GU5,148621,NAV-verified,5.42,0.91,0.53,15.3,14.2,0.72,12,6,3,4,1,26,Moderate Risk,OK,Verified ✓,N/A,N/A,N/A,N/A,N/A,BSE Bankex TRI,N/A,N/A,N/A,N/A,N/A
Mirae Asset Nifty Bank ETF,Regular,Sectoral-Auto,43616,INF769K01KR3,151857,NAV-verified,,,,,,,1,1,1,1,1,5,High Risk,OK,Verified ✓,12.96,16.28,14.56,N/A,N/A,BSE Bankex TRI,8.22,10.41,12.49,N/A,N/A
Mirae Asset Nifty Financial Services ETF,Regular,Sectoral-Auto,41622,INF769K01HI8,149105,NAV-verified,2.02,0.92,0.32,15.01,10.85,0.37,8,2,3,4,1,18,Moderately High Risk,OK,Verified ✓,9.69,N/A,N/A,N/A,N/A,BSE Bankex TRI,8.22,N/A,N/A,N/A,N/A
Mirae Asset Nifty PSU Bank ETF,Regular,Sectoral-Auto,44589,INF769K01LZ4,152929,NAV-verified,,,,,,,1,1,1,1,1,5,High Risk,OK,Verified ✓,6.9,12.33,N/A,N/A,N/A,BSE Bankex TRI,8.22,10.41,N/A,N/A,N/A
Motilal Oswal BSE Fins ex Bank 30 Index Reg,Regular,Sectoral-Auto,42351,INF247L01BD7,150444,NAV-verified,9.48,0.8,0.7,16.92,17.94,0.86,12,8,3,5,2,30,Low Risk,OK,Verified ✓,41.59,N/A,N/A,N/A,N/A,BSE Bankex TRI,8.22,N/A,N/A,N/A,N/A
Motilal Oswal BSE Top 10 Banks ETF,Regular,Sectoral-Auto,45948,ETF NOT IN AMFI NAV FILE,ETF NOT IN AMFI NAV FILE,Missing from AMFI Database,,,,,,,1,1,1,1,1,5,High Risk,NOT_FOUND,Neither code ETF NOT IN AMFI NAV FILE nor ISIN ETF NOT IN AMFI NAV FILE confirmed in NAV,10.21,19.92,N/A,N/A,N/A,BSE Bankex TRI,8.22,10.41,N/A,N/A,N/A
Motilal Oswal Financial Services Reg,Regular,Sectoral-Auto,45765,INF247L01GQ8,154137,NAV-verified,,,,,,,1,1,1,1,1,5,High Risk,OK,Verified ✓,N/A,N/A,N/A,N/A,N/A,BSE Bankex TRI,N/A,N/A,N/A,N/A,N/A
Motilal Oswal Nifty Bank Index  Reg,Regular,Sectoral-Auto,40245,INF247L01882,147619,NAV-verified,-0.78,1,0.14,15.99,8.28,0.16,4,2,3,3,1,13,Moderately High Risk,OK,Verified ✓,N/A,N/A,N/A,N/A,N/A,BSE Bankex TRI,N/A,N/A,N/A,N/A,N/A
Motilal Oswal Nifty MidSmall Financial Services Index Reg,Regular,Sectoral-Auto,44677,INF247L01DX1,153026,NAV-verified,,,,,,,1,1,1,1,1,5,High Risk,OK,Verified ✓,8.71,9.5,11.5,N/A,N/A,BSE Bankex TRI,8.22,10.41,12.49,N/A,N/A
Navi Nifty Bank Index Reg,Regular,Sectoral-Auto,42042,INF959L01FU2,149805,NAV-verified,-0.82,1,0.14,16.03,8.24,0.16,4,2,3,3,1,13,Moderately High Risk,OK,Verified ✓,34.09,N/A,N/A,N/A,N/A,BSE Bankex TRI,8.22,N/A,N/A,N/A,N/A
Nippon India Banking & Financial Srvices Reg,Regular,Sectoral-Auto,1708,INF204K01927,101862,NAV-verified,5.45,0.88,0.55,14.77,14.13,0.65,12,6,3,4,1,26,Moderate Risk,OK,Verified ✓,8.69,9.46,N/A,N/A,N/A,BSE Bankex TRI,8.22,10.41,N/A,N/A,N/A
Nippon India ETF Nifty Bank BeES,Regular,Sectoral-Auto,2255,INF204KB15I9,140087,NAV-verified,0.02,1,0.19,16.01,9.07,0.22,6,2,3,3,1,15,Moderately High Risk,OK,Verified ✓,9.81,16.52,17.49,11.85,14.58,BSE Bankex TRI,8.22,10.41,12.49,9.9,13.62
Nippon India ETF Nifty PSU Bank BeES,Regular,Sectoral-Auto,6175,INF204KB16I7,140089,NAV-verified,19.38,1.15,0.86,26.57,28.91,1.3,12,10,1,2,2,27,Low Risk,OK,Verified ✓,9.58,10.38,12.43,9.45,13.34,BSE Bankex TRI,8.22,10.41,12.49,9.9,13.62
Nippon India Nifty Bank Index Reg,Regular,Sectoral-Auto,44104,INF204KC1BV8,152387,NAV-verified,,,,,,,1,1,1,1,1,5,High Risk,OK,Verified ✓,41.12,32,33.71,14.97,13.59,BSE Bankex TRI,8.22,10.41,12.49,9.9,13.62
Quant BFSI Reg,Regular,Sectoral-Auto,43553,INF966L01CA6,151788,NAV-verified,,,,,,,1,1,1,1,1,5,High Risk,OK,Verified ✓,8.8,N/A,N/A,N/A,N/A,BSE Bankex TRI,8.22,N/A,N/A,N/A,N/A
SBI BSE PSU Bank ETF,Regular,Sectoral-Auto,45068,INF200KB1712,153435,NAV-verified,,,,,,,1,1,1,1,1,5,High Risk,OK,Verified ✓,24.92,N/A,N/A,N/A,N/A,BSE Bankex TRI,8.22,N/A,N/A,N/A,N/A
SBI BSE PSU Bank Index Reg,Regular,Sectoral-Auto,45069,INF200KB1654,153434,NAV-verified,,,,,,,1,1,1,1,1,5,High Risk,OK,Verified ✓,41.07,N/A,N/A,N/A,N/A,BSE Bankex TRI,8.22,N/A,N/A,N/A,N/A
SBI Banking & Financial Services Reg,Regular,Sectoral-Auto,29461,INF200KA1473,133858,NAV-verified,8.12,0.84,0.75,14.27,16.71,0.85,12,8,3,5,2,30,Low Risk,OK,Verified ✓,39.69,N/A,N/A,N/A,N/A,BSE Bankex TRI,8.22,N/A,N/A,N/A,N/A
SBI Nifty Bank ETF,Regular,Sectoral-Auto,29709,INF200KA1580,134008,NAV-verified,0.03,1,0.19,16.02,9.08,0.22,6,2,3,3,1,15,Moderately High Risk,OK,Verified ✓,14.38,19.35,14.99,13.5,16.63,BSE Bankex TRI,8.22,10.41,12.49,9.9,13.62
SBI Nifty Bank Index Reg,Regular,Sectoral-Auto,44892,INF200KB1530,153253,NAV-verified,,,,,,,1,1,1,1,1,5,High Risk,OK,Verified ✓,9.6,10.39,12.43,9.47,13.39,BSE Bankex TRI,8.22,10.41,12.49,9.9,13.62
SBI Nifty Private Bank ETF,Regular,Sectoral-Auto,41149,INF200KA1S22,148541,NAV-verified,-1.91,0.94,0.06,15.48,6.98,0.08,4,1,3,4,1,13,Moderately High Risk,OK,Verified ✓,9.18,N/A,N/A,N/A,N/A,BSE Bankex TRI,8.22,N/A,N/A,N/A,N/A
Sundaram Financial Services Opportunities Reg,Regular,Sectoral-Auto,7611,INF903J01629,109059,NAV-verified,5.22,0.92,0.51,15.79,14.04,0.63,12,6,3,4,1,26,Moderate Risk,OK,Verified ✓,5.58,8.38,9.84,N/A,N/A,BSE Bankex TRI,8.22,10.41,12.49,N/A,N/A
Tata Banking & Financial Services Reg,Regular,Sectoral-Auto,31354,INF277K01Y86,135794,NAV-verified,4.47,0.9,0.47,15.33,13.22,0.62,10,4,3,4,1,22,Moderate Risk,OK,Verified ✓,9.71,16.76,15.48,14.34,15.12,BSE Bankex TRI,8.22,10.41,12.49,9.9,13.62
Tata Nifty Financial Services Index Reg,Regular,Sectoral-Auto,44255,INF277KA1AX0,152574,NAV-verified,,,,,,,1,1,1,1,1,5,High Risk,OK,Verified ✓,8.62,15.41,13.65,12.56,15.32,BSE Bankex TRI,8.22,10.41,12.49,9.9,13.62
Tata Nifty Private Bank ETF,Regular,Sectoral-Auto,40257,INF277K010X4,147614,NAV-verified,-1.85,0.94,0.07,15.5,7.04,0.08,4,1,3,4,1,13,Moderately High Risk,OK,Verified ✓,5.61,N/A,N/A,N/A,N/A,BSE Bankex TRI,8.22,N/A,N/A,N/A,N/A
Taurus Banking & Financial Services Reg,Regular,Sectoral-Auto,14718,INF044D01BI4,117312,NAV-verified,1.25,0.85,0.27,14.22,9.86,0.36,6,2,3,5,1,17,Moderately High Risk,OK,Verified ✓,5.71,8.44,9.91,N/A,N/A,BSE Bankex TRI,8.22,10.41,12.49,N/A,N/A
UTI Banking and Financial Services Reg,Regular,Sectoral-Auto,2144,INF789F01372,102401,NAV-verified,4.24,0.88,0.46,15.07,12.92,0.55,10,4,3,4,1,22,Moderate Risk,OK,Verified ✓,7.24,11.67,11.97,10.88,13.32,BSE Bankex TRI,8.22,10.41,12.49,9.9,13.62
UTI Nifty Bank ETF,Regular,Sectoral-Auto,41106,INF789F1AUV1,148173,NAV-verified,0.08,1,0.19,16.02,9.14,0.22,6,2,3,3,1,15,Moderately High Risk,OK,Verified ✓,9.57,15.15,13.82,9.34,12.29,BSE Bankex TRI,8.22,10.41,12.49,9.9,13.62
UTI Nifty Private Bank Index Reg,Regular,Sectoral-Auto,44545,INF789F1AZI7,152865,NAV-verified,,,,,,,1,1,1,1,1,5,High Risk,OK,Verified ✓,9.64,10.45,12.52,N/A,N/A,BSE Bankex TRI,8.22,10.41,12.49,N/A,N/A
WhiteOak Capital Banking & Financial Services Reg,Regular,Sectoral-Auto,44044,INF03VN01852,152322,NAV-verified,,,,,,,1,1,1,1,1,5,High Risk,OK,Verified ✓,4.61,N/A,N/A,N/A,N/A,BSE Bankex TRI,8.22,N/A,N/A,N/A,N/A
ABSL Nifty Healthcare ETF,Regular,Sectoral-Pharma,41780,INF209KB10C2,149262,NAV-verified,-0.8,1,0.99,17.17,22.95,1.79,4,10,2,3,3,22,Moderate Risk,OK,Verified ✓,9.46,N/A,N/A,N/A,N/A,BSE Bankex TRI,8.22,N/A,N/A,N/A,N/A
ABSL Pharma & Healthcare Reg,Regular,Sectoral-Pharma,40005,INF209KB1N91,147407,NAV-verified,-0.54,0.92,0.99,16.03,21.82,1.77,4,10,3,4,3,24,Moderate Risk,OK,Verified ✓,6.61,22,N/A,N/A,N/A,BSE Healthcare TRI,5.77,23.8,N/A,N/A,N/A
Axis NIFTY Healthcare ETF,Regular,Sectoral-Pharma,41481,INF846K01Z12,148934,NAV-verified,-1.07,1,0.97,17.09,22.6,1.75,4,10,2,3,3,22,Moderate Risk,OK,Verified ✓,7.16,21.9,12.69,N/A,N/A,BSE Healthcare TRI,5.77,23.8,14.36,N/A,N/A
Bajaj Finserv Healthcare Reg,Regular,Sectoral-Pharma,44772,INF0QA701987,153155,NAV-verified,,,,,,,1,1,1,1,1,5,High Risk,OK,Verified ✓,6.44,21.6,N/A,N/A,N/A,BSE Healthcare TRI,5.77,23.8,N/A,N/A,N/A
Bandhan BSE Healthcare Index Reg,Regular,Sectoral-Pharma,44511,INF194KB1IR4,152843,NAV-verified,,,,,,,1,1,1,1,1,5,High Risk,OK,Verified ✓,4.76,N/A,N/A,N/A,N/A,BSE Healthcare TRI,5.77,N/A,N/A,N/A,N/A
Bandhan Healthcare Reg,Regular,Sectoral-Pharma,45546,INF194KB1KC2,153974,NAV-verified,,,,,,,1,1,1,1,1,5,High Risk,OK,Verified ✓,4.58,N/A,N/A,N/A,N/A,BSE Healthcare TRI,5.77,N/A,N/A,N/A,N/A
Baroda BNP Paribas Health and Wellness Reg,Regular,Sectoral-Pharma,45231,INF251K01UY7,153602,NAV-verified,,,,,,,1,1,1,1,1,5,High Risk,OK,Verified ✓,N/A,N/A,N/A,N/A,N/A,BSE Healthcare TRI,N/A,N/A,N/A,N/A,N/A
DSP Healthcare Reg,Regular,Sectoral-Pharma,38197,INF740KA1UF4,152306,NAV-verified,-1.36,0.84,0.89,15.08,19.47,1.48,4,10,3,5,2,24,Moderate Risk,OK,Verified ✓,N/A,N/A,N/A,N/A,N/A,BSE Healthcare TRI,N/A,N/A,N/A,N/A,N/A
DSP Nifty Healthcare ETF,Regular,Sectoral-Pharma,44001,INF740KA1UF4,152306,NAV-verified,,,,,,,1,1,1,1,1,5,High Risk,OK,Verified ✓,4.19,20.13,12.82,19.9,N/A,BSE Healthcare TRI,5.77,23.8,14.36,17.39,N/A
DSP Nifty Healthcare Index Reg,Regular,Sectoral-Pharma,45210,INF740KA1WC7,153592,NAV-verified,,,,,,,1,1,1,1,1,5,High Risk,OK,Verified ✓,6.58,N/A,N/A,N/A,N/A,BSE Healthcare TRI,5.77,N/A,N/A,N/A,N/A
Edelweiss MSCI India Domestic & World Healthcare 45 Index Reg,Regular,Sectoral-Pharma,41145,INF754K01LR3,148557,NAV-verified,1.38,0.68,1.07,12.57,19.42,2,6,12,4,6,4,32,Low Risk,OK,Verified ✓,N/A,N/A,N/A,N/A,N/A,BSE Healthcare TRI,N/A,N/A,N/A,N/A,N/A
Groww BSE Hospitals ETF,Regular,Sectoral-Pharma,45815,INF666M01OD9,154199,Algorithm Match (100% Confidence),,,,,,,1,1,1,1,1,5,High Risk,NOT_FOUND,Neither code 154199 nor ISIN INF666M01OD9 confirmed in NAV,12.02,19.26,12.1,N/A,N/A,BSE Healthcare TRI,5.77,23.8,14.36,N/A,N/A
Groww BSE Hospitals ETF FoF Reg,Regular,Sectoral-Pharma,45816,INF666M01OB3,154222,Algorithm Match (96% Confidence),,,,,,,1,1,1,1,1,5,High Risk,NOT_FOUND,Neither code 154222 nor ISIN INF666M01OB3 confirmed in NAV,N/A,N/A,N/A,N/A,N/A,BSE Healthcare TRI,N/A,N/A,N/A,N/A,N/A
HDFC Pharma And Healthcare Reg,Regular,Sectoral-Pharma,43784,INF179KC1HL7,152084,NAV-verified,,,,,,,1,1,1,1,1,5,High Risk,OK,Verified ✓,N/A,N/A,N/A,N/A,N/A,BSE Healthcare TRI,N/A,N/A,N/A,N/A,N/A
ICICI Pru Nifty Healthcare ETF,Regular,Sectoral-Pharma,41502,INF109KC1Q72,148957,NAV-verified,-0.88,1,0.98,17.11,22.81,1.77,4,10,2,3,3,22,Moderate Risk,OK,Verified ✓,13.06,N/A,N/A,N/A,N/A,BSE Healthcare TRI,5.77,N/A,N/A,N/A,N/A
ICICI Pru Nifty Pharma Index,Regular,Sectoral-Pharma,42838,INF109KC18L6,150929,NAV-verified,-1.77,0.96,0.9,16.8,21.22,1.66,4,10,3,3,3,23,Moderate Risk,OK,Verified ✓,6.68,21.85,N/A,N/A,N/A,BSE Healthcare TRI,5.77,23.8,N/A,N/A,N/A
ICICI Pru Pharma Healthcare and Diagnostics,Regular,Sectoral-Pharma,36528,INF109KC1GE9,143873,NAV-verified,1.19,0.95,1.1,16.38,24.01,1.59,6,12,3,4,3,28,Low Risk,OK,Verified ✓,7.53,20.02,N/A,N/A,N/A,BSE Healthcare TRI,5.77,23.8,N/A,N/A,N/A
ITI Pharma and Healthcare Reg,Regular,Sectoral-Pharma,41791,INF00XX01BL5,149270,NAV-verified,-4.91,0.96,0.73,16.38,18.05,1.05,2,8,3,3,2,18,Moderately High Risk,OK,Verified ✓,6.64,25.23,15.8,20.38,N/A,BSE Healthcare TRI,5.77,23.8,14.36,17.39,N/A
Kotak Healthcare Reg,Regular,Sectoral-Pharma,43894,INF174KA1PW4,152216,NAV-verified,,,,,,,1,1,1,1,1,5,High Risk,OK,Verified ✓,-0.52,17.88,N/A,N/A,N/A,BSE Healthcare TRI,5.77,23.8,N/A,N/A,N/A
LIC MF Healthcare Reg,Regular,Sectoral-Pharma,39049,INF397L01LG2,152025,NAV-verified,-2.71,0.92,0.84,16.04,19.59,1.34,2,10,3,4,2,21,Moderate Risk,OK,Verified ✓,7.35,N/A,N/A,N/A,N/A,BSE Healthcare TRI,5.77,N/A,N/A,N/A,N/A
Mirae Asset Healthcare Reg,Regular,Sectoral-Pharma,36380,INF769K01QA6,154169,NAV-verified,-0.71,0.97,0.99,16.73,22.57,1.63,4,10,3,3,3,23,Moderate Risk,OK,Verified ✓,1.37,19.04,10.53,15.56,N/A,BSE Healthcare TRI,5.77,23.8,14.36,17.39,N/A
Mirae Asset Nifty 500 Healthcare ETF,Regular,Sectoral-Pharma,45788,INF769K01QA6,154169,NAV-verified,,,,,,,1,1,1,1,1,5,High Risk,OK,Verified ✓,9.03,22.3,14.21,19.9,N/A,BSE Healthcare TRI,5.77,23.8,14.36,17.39,N/A
Motilal Oswal BSE Healthcare ETF,Regular,Sectoral-Pharma,42344,INF247L01BB1,150445,NAV-verified,-0.26,1,1.03,16.81,23.42,1.59,4,12,3,3,3,25,Moderate Risk,OK,Verified ✓,N/A,N/A,N/A,N/A,N/A,BSE Healthcare TRI,N/A,N/A,N/A,N/A,N/A
Motilal Oswal Nifty MidSmall Helthcr Index Reg,Regular,Sectoral-Pharma,44675,INF247L01DT9,153022,NAV-verified,,,,,,,1,1,1,1,1,5,High Risk,OK,Verified ✓,5.51,23.45,N/A,N/A,N/A,BSE Healthcare TRI,5.77,23.8,N/A,N/A,N/A
Nippon India Nifty Pharma ETF,Regular,Sectoral-Pharma,41539,INF204KC1089,149008,NAV-verified,-0.55,0.96,0.98,16.84,22.52,1.77,4,10,3,3,3,23,Moderate Risk,OK,Verified ✓,8.33,N/A,N/A,N/A,N/A,BSE Healthcare TRI,5.77,N/A,N/A,N/A,N/A
Nippon India Pharma Reg,Regular,Sectoral-Pharma,2241,INF204KC1089,149008,NAV-verified,-0.98,0.91,0.96,15.71,21.12,1.46,4,10,3,4,2,23,Moderate Risk,OK,Verified ✓,8.49,21.53,N/A,N/A,N/A,BSE Healthcare TRI,5.77,23.8,N/A,N/A,N/A
PGIM India Healthcare Reg,Regular,Sectoral-Pharma,44691,INF663L01Z52,153040,NAV-verified,,,,,,,1,1,1,1,1,5,High Risk,OK,Verified ✓,5.44,21.04,13.72,18.3,13.99,BSE Healthcare TRI,5.77,23.8,14.36,17.39,11.3
Quant Healthcare Reg,Regular,Sectoral-Pharma,43608,INF966L01CG3,151855,NAV-verified,,,,,,,1,1,1,1,1,5,High Risk,OK,Verified ✓,5.52,N/A,N/A,N/A,N/A,BSE Healthcare TRI,5.77,N/A,N/A,N/A,N/A
SBI Healthcare Opportunities Reg,Regular,Sectoral-Pharma,632,INF200K01446,102823,NAV-verified,1.78,0.85,1.15,14.71,22.89,1.9,8,12,3,5,3,31,Low Risk,OK,Verified ✓,10.79,N/A,N/A,N/A,N/A,BSE Healthcare TRI,5.77,N/A,N/A,N/A,N/A
Tata India Pharma & Healthcare Reg,Regular,Sectoral-Pharma,31350,INF277K016A9,135812,NAV-verified,-2.93,0.99,0.86,16.84,20.55,1.34,2,10,3,3,2,20,Moderate Risk,OK,Verified ✓,7.57,24.68,15.62,19.58,12.02,BSE Healthcare TRI,5.77,23.8,14.36,17.39,11.3
Tata Nifty MidSmall Healthcare Index Reg,Regular,Sectoral-Pharma,44273,INF277KA1BD0,152567,NAV-verified,,,,,,,1,1,1,1,1,5,High Risk,OK,Verified ✓,2.84,20.87,13.51,17.8,11.65,BSE Healthcare TRI,5.77,23.8,14.36,17.39,11.3
UTI Healthcare Reg,Regular,Sectoral-Pharma,654,INF789F01695,100807,NAV-verified,-0.05,0.95,1.03,16.26,22.7,1.64,4,12,3,4,3,26,Moderate Risk,OK,Verified ✓,8.27,N/A,N/A,N/A,N/A,BSE Healthcare TRI,5.77,N/A,N/A,N/A,N/A
WhiteOak Capital Pharma and Healthcare Reg,Regular,Sectoral-Pharma,44060,INF03VN01878,152348,NAV-verified,,,,,,,1,1,1,1,1,5,High Risk,OK,Verified ✓,7.38,23.56,14.08,18.25,12.25,BSE Healthcare TRI,5.77,23.8,14.36,17.39,11.3
ABSL Digital India Reg,Regular,Sectoral-Technology,727,INF209K01140,103168,NAV-verified,2.51,0.86,0.04,19.48,6.71,0.05,8,1,2,4,1,16,Moderately High Risk,OK,Verified ✓,10.81,N/A,N/A,N/A,N/A,BSE Healthcare TRI,5.77,N/A,N/A,N/A,N/A
ABSL Nifty IT ETF,Regular,Sectoral-Technology,41807,INF209KB11D8,149293,NAV-verified,1.08,1.01,-0.05,22.54,4.96,-0.06,6,1,1,3,1,12,High Risk,OK,Verified ✓,-0.16,7.02,7.17,15.31,15.26,BSE IT TRI,-6.4,3.68,4.05,11.86,12.3
Axis NIFTY IT ETF,Regular,Sectoral-Technology,41382,INF846K01W98,141545,NAV-verified,0.97,1.01,-0.05,22.51,4.86,-0.07,6,1,1,3,1,12,High Risk,OK,Verified ✓,-3.91,4.72,N/A,N/A,N/A,BSE IT TRI,-6.4,3.68,N/A,N/A,N/A
Axis Nifty IT Index Reg,Regular,Sectoral-Technology,43612,INF846K010S6,151787,NAV-verified,,,,,,,1,1,1,1,1,5,High Risk,OK,Verified ✓,-4.26,4.62,5.37,N/A,N/A,BSE IT TRI,-6.4,3.68,4.05,N/A,N/A
Bandhan Nifty IT Index Reg,Regular,Sectoral-Technology,43726,INF194KB1GH9,152043,NAV-verified,,,,,,,1,1,1,1,1,5,High Risk,OK,Verified ✓,-5.07,N/A,N/A,N/A,N/A,BSE IT TRI,-6.4,N/A,N/A,N/A,N/A
DSP Nifty IT ETF,Regular,Sectoral-Technology,43573,INF740KA1SX1,151820,NAV-verified,,,,,,,1,1,1,1,1,5,High Risk,OK,Verified ✓,-5.12,N/A,N/A,N/A,N/A,BSE IT TRI,-6.4,N/A,N/A,N/A,N/A
DSP Nifty IT Index Reg,Regular,Sectoral-Technology,45206,INF740KA1WI4,153588,NAV-verified,,,,,,,1,1,1,1,1,5,High Risk,OK,Verified ✓,-4.09,N/A,N/A,N/A,N/A,BSE IT TRI,-6.4,N/A,N/A,N/A,N/A
Edelweiss Technology Reg,Regular,Sectoral-Technology,44120,INF754K01SG1,152439,NAV-verified,,,,,,,1,1,1,1,1,5,High Risk,OK,Verified ✓,N/A,N/A,N/A,N/A,N/A,BSE IT TRI,N/A,N/A,N/A,N/A,N/A
Franklin India Technology Reg,Regular,Sectoral-Technology,548,INF090I01742,100522,NAV-verified,9.52,0.75,0.43,18.46,13.95,0.65,12,4,2,6,1,25,Moderate Risk,OK,Verified ✓,13.91,N/A,N/A,N/A,N/A,BSE IT TRI,-6.4,N/A,N/A,N/A,N/A
HDFC NIFTY IT ETF,Regular,Sectoral-Technology,42716,INF179KC1IA8,150801,NAV-verified,1.01,1.01,-0.05,22.54,4.89,-0.07,6,1,1,3,1,12,High Risk,OK,Verified ✓,1.15,14.76,8.72,15.27,14.65,BSE IT TRI,-6.4,3.68,4.05,11.86,12.3
HDFC Nifty India Digital Index Reg,Regular,Sectoral-Technology,44756,INF179KC1JA6,153096,NAV-verified,,,,,,,1,1,1,1,1,5,High Risk,OK,Verified ✓,-4.22,4.64,N/A,N/A,N/A,BSE IT TRI,-6.4,3.68,N/A,N/A,N/A
HDFC Technology Reg,Regular,Sectoral-Technology,43754,INF179KC1HF9,152058,NAV-verified,,,,,,,1,1,1,1,1,5,High Risk,OK,Verified ✓,-0.67,N/A,N/A,N/A,N/A,BSE IT TRI,-6.4,N/A,N/A,N/A,N/A
ICICI Pru Nifty IT ETF,Regular,Sectoral-Technology,41081,INF109KC16I6,148466,NAV-verified,1.06,1.01,-0.05,22.54,4.94,-0.06,6,1,1,3,1,12,High Risk,OK,Verified ✓,-6.02,N/A,N/A,N/A,N/A,BSE IT TRI,-6.4,N/A,N/A,N/A,N/A
ICICI Pru Nifty IT Index,Regular,Sectoral-Technology,42403,INF109KC10E8,150466,NAV-verified,0.33,1.01,-0.08,22.49,4.22,-0.1,6,1,1,3,1,12,High Risk,OK,Verified ✓,-4.19,4.7,5.41,N/A,N/A,BSE IT TRI,-6.4,3.68,4.05,N/A,N/A
ICICI Pru Technology,Regular,Sectoral-Technology,737,INF109K01506,100363,NAV-verified,4.21,0.84,0.13,18.99,8.45,0.17,10,2,2,5,1,20,Moderate Risk,OK,Verified ✓,-4.93,3.95,N/A,N/A,N/A,BSE IT TRI,-6.4,3.68,N/A,N/A,N/A
Invesco India Tech Reg,Regular,Sectoral-Technology,44541,INF205K01361,112368,NAV-verified,,,,,,,1,1,1,1,1,5,High Risk,OK,Verified ✓,0.05,8.84,8.34,16.25,15.45,BSE IT TRI,-6.4,3.68,4.05,11.86,12.3
Kotak Nifty IT ETF,Regular,Sectoral-Technology,41345,INF174KA1GC5,148763,NAV-verified,1.14,1.01,-0.04,22.54,5.03,-0.06,6,1,1,3,1,12,High Risk,OK,Verified ✓,7.2,N/A,N/A,N/A,N/A,BSE IT TRI,-6.4,N/A,N/A,N/A,N/A
Kotak Technology Reg,Regular,Sectoral-Technology,44162,INF174KA1QW2,152460,NAV-verified,,,,,,,1,1,1,1,1,5,High Risk,OK,Verified ✓,-4.03,4.79,5.51,N/A,N/A,BSE IT TRI,-6.4,3.68,4.05,N/A,N/A
LIC MF Technology Reg,Regular,Sectoral-Technology,45853,INF767K01SG3,154247,Algorithm Match (89% Confidence),,,,,,,1,1,1,1,1,5,High Risk,NOT_FOUND,Neither code 154247 nor ISIN INF767K01SG3 confirmed in NAV,-0.7,N/A,N/A,N/A,N/A,BSE IT TRI,-6.4,N/A,N/A,N/A,N/A
Mirae Asset Nifty IT ETF,Regular,Sectoral-Technology,43832,INF769K01KV5,152155,NAV-verified,,,,,,,1,1,1,1,1,5,High Risk,OK,Verified ✓,N/A,N/A,N/A,N/A,N/A,BSE IT TRI,N/A,N/A,N/A,N/A,N/A
Motilal Oswal Digital India Reg,Regular,Sectoral-Technology,44640,INF247L01DQ5,152966,NAV-verified,,,,,,,1,1,1,1,1,5,High Risk,OK,Verified ✓,-4.16,N/A,N/A,N/A,N/A,BSE IT TRI,-6.4,N/A,N/A,N/A,N/A
Navi Nifty IT Index Reg,Regular,Sectoral-Technology,44232,INF959L01FQ0,149040,NAV-verified,,,,,,,1,1,1,1,1,5,High Risk,OK,Verified ✓,-0.72,N/A,N/A,N/A,N/A,BSE IT TRI,-6.4,N/A,N/A,N/A,N/A
Nippon India ETF Nifty IT,Regular,Sectoral-Technology,41024,INF204KB15V2,148408,NAV-verified,1.01,1.01,-0.05,22.53,4.89,-0.07,6,1,1,3,1,12,High Risk,OK,Verified ✓,-5.16,N/A,N/A,N/A,N/A,BSE IT TRI,-6.4,N/A,N/A,N/A,N/A
Nippon India Nifty IT Index Reg,Regular,Sectoral-Technology,44108,INF204KC1CB8,152391,NAV-verified,,,,,,,1,1,1,1,1,5,High Risk,OK,Verified ✓,-4.28,4.64,5.36,N/A,N/A,BSE IT TRI,-6.4,3.68,4.05,N/A,N/A
Quant Teck Reg,Regular,Sectoral-Technology,43760,INF966L01CQ2,152070,NAV-verified,,,,,,,1,1,1,1,1,5,High Risk,OK,Verified ✓,-4.9,N/A,N/A,N/A,N/A,BSE IT TRI,-6.4,N/A,N/A,N/A,N/A
SBI Nifty IT ETF,Regular,Sectoral-Technology,41150,INF200KA1S14,148542,NAV-verified,1,1.01,-0.05,22.55,4.89,-0.07,6,1,1,3,1,12,High Risk,OK,Verified ✓,-18.53,N/A,N/A,N/A,N/A,BSE IT TRI,-6.4,N/A,N/A,N/A,N/A
SBI Nifty IT Index Reg,Regular,Sectoral-Technology,44958,INF200KB1597,153323,NAV-verified,,,,,,,1,1,1,1,1,5,High Risk,OK,Verified ✓,-4.25,4.64,5.36,N/A,N/A,BSE IT TRI,-6.4,3.68,4.05,N/A,N/A
SBI Technology Opportunities Reg,Regular,Sectoral-Technology,631,INF200K01VS4,120577,NAV-verified,5.42,0.76,0.22,17.57,9.83,0.31,12,2,2,5,1,22,Moderate Risk,OK,Verified ✓,-4.88,N/A,N/A,N/A,N/A,BSE IT TRI,-6.4,N/A,N/A,N/A,N/A
Tata Digital India Reg,Regular,Sectoral-Technology,31366,INF277K01Z44,135797,NAV-verified,3.66,0.89,0.09,20.01,7.8,0.12,10,1,2,4,1,18,Moderately High Risk,OK,Verified ✓,1.67,10.05,10.37,16.17,15.18,BSE IT TRI,-6.4,3.68,4.05,11.86,12.3
Tata Nifty India Digital ETF,Regular,Sectoral-Technology,42165,INF277KA1463,150345,NAV-verified,9.68,0.77,0.43,18.89,14.08,0.58,12,4,2,5,1,24,Moderate Risk,OK,Verified ✓,-4.32,8.16,8.45,14.74,14.34,BSE IT TRI,-6.4,3.68,4.05,11.86,12.3
Tata Nifty India Digital ETF FoF Reg,Regular,Sectoral-Technology,42254,INF277KA1463,150345,NAV-verified,8.58,0.73,0.38,18.51,13.05,0.49,12,4,2,6,1,25,Moderate Risk,OK,Verified ✓,0,15.2,N/A,N/A,N/A,BSE IT TRI,-6.4,3.68,N/A,N/A,N/A
UTI Nifty IT ETF,Regular,Sectoral-Technology,44072,INF789F1AZD8,152355,NAV-verified,,,,,,,1,1,1,1,1,5,High Risk,OK,Verified ✓,-1.14,13.85,N/A,N/A,N/A,BSE IT TRI,-6.4,3.68,N/A,N/A,N/A
WhiteOak Capital Digital Bharat Reg,Regular,Sectoral-Technology,44575,INF03VN01944,152914,NAV-verified,,,,,,,1,1,1,1,1,5,High Risk,OK,Verified ✓,-4.13,N/A,N/A,N/A,N/A,BSE IT TRI,-6.4,N/A,N/A,N/A,N/A
ABSL Nifty Smallcap 50 Index Reg,Regular,Small Cap,41387,INF209KB1V83,148811,NAV-verified,3.92,1.03,0.72,21.42,21.5,1.12,10,8,2,3,2,25,Moderate Risk,OK,Verified ✓,2.09,N/A,N/A,N/A,N/A,BSE IT TRI,-6.4,N/A,N/A,N/A,N/A
ABSL Small Cap Reg,Regular,Small Cap,5006,INF209K01EN2,105804,NAV-verified,0.13,0.89,0.54,18.74,16.2,0.79,6,6,2,4,1,19,Moderately High Risk,OK,Verified ✓,7.35,23.04,14.28,N/A,N/A,BSE 250 SmallCap TRI,5.9,18.86,17.67,N/A,N/A
Abakkus Small Cap Reg,Regular,Small Cap,45862,INF2JJD01185,154214,Algorithm Match (90% Confidence),,,,,,,1,1,1,1,1,5,High Risk,NOT_FOUND,Neither code 154214 nor ISIN INF2JJD01185 confirmed in NAV,11.68,17.62,14.32,13.02,12.73,BSE 250 SmallCap TRI,5.9,18.86,17.67,16.47,15.08
Axis Nifty Smallcap 50 Index Reg,Regular,Small Cap,42116,INF846K016H6,149896,NAV-verified,3.85,1.02,0.72,21.26,21.33,1.11,10,8,2,3,2,25,Moderate Risk,OK,Verified ✓,N/A,N/A,N/A,N/A,N/A,BSE 250 SmallCap TRI,N/A,N/A,N/A,N/A,N/A
Axis Small Cap Reg,Regular,Small Cap,22333,INF846K01K01,125350,NAV-verified,0.54,0.74,0.57,15.63,14.94,0.74,6,6,3,6,1,22,Moderate Risk,OK,Verified ✓,7.31,22.88,N/A,N/A,N/A,BSE 250 SmallCap TRI,5.9,18.86,N/A,N/A,N/A
Bajaj Finserv Small Cap Reg,Regular,Small Cap,45269,INF0QA701BK8,153609,NAV-verified,,,,,,,1,1,1,1,1,5,High Risk,OK,Verified ✓,6.87,16.49,17.81,20.11,17.65,BSE 250 SmallCap TRI,5.9,18.86,17.67,16.47,15.08
Bandhan Nifty Smallcap 250 Index Reg,Regular,Small Cap,43956,INF194KB1HD6,152266,NAV-verified,,,,,,,1,1,1,1,1,5,High Risk,OK,Verified ✓,N/A,N/A,N/A,N/A,N/A,BSE 250 SmallCap TRI,N/A,N/A,N/A,N/A,N/A
Bandhan Small Cap Reg,Regular,Small Cap,40562,INF194KB1AJ8,147944,NAV-verified,8.84,0.92,1,19.22,25.21,1.51,12,12,2,4,3,33,Low Risk,OK,Verified ✓,5.16,N/A,N/A,N/A,N/A,BSE 250 SmallCap TRI,5.9,N/A,N/A,N/A,N/A
Bank of India Small Cap Reg,Regular,Small Cap,38281,INF761K01ER3,145677,NAV-verified,1.09,0.88,0.58,18.95,17.06,0.75,6,6,2,4,1,19,Moderately High Risk,OK,Verified ✓,11.74,28.88,22.62,N/A,N/A,BSE 250 SmallCap TRI,5.9,18.86,17.67,N/A,N/A
Baroda BNP Paribas Small Cap Reg,Regular,Small Cap,43793,INF251K01SO2,152130,NAV-verified,,,,,,,1,1,1,1,1,5,High Risk,OK,Verified ✓,9.92,19.73,19.61,22.98,N/A,BSE 250 SmallCap TRI,5.9,18.86,17.67,16.47,N/A
Canara Robeco Small Cap Reg,Regular,Small Cap,38815,INF760K01JF9,146127,NAV-verified,-1.82,0.8,0.43,16.78,13.22,0.54,4,4,3,5,1,17,Moderately High Risk,OK,Verified ✓,7.73,N/A,N/A,N/A,N/A,BSE 250 SmallCap TRI,5.9,N/A,N/A,N/A,N/A
DSP Nifty Smallcap 250 ETF,Regular,Small Cap,45659,INF740KA1WX3,154024,NAV-verified,,,,,,,1,1,1,1,1,5,High Risk,OK,Verified ✓,7.35,14.86,18.75,19.39,N/A,BSE 250 SmallCap TRI,5.9,18.86,17.67,16.47,N/A
DSP Nifty Smallcap 250 Index Reg,Regular,Small Cap,45655,INF740KA1XE1,154016,NAV-verified,,,,,,,1,1,1,1,1,5,High Risk,OK,Verified ✓,N/A,N/A,N/A,N/A,N/A,BSE 250 SmallCap TRI,N/A,N/A,N/A,N/A,N/A
DSP Nifty Smallcap250 Quality 50 Index Reg,Regular,Small Cap,43939,INF740KA1TT7,152245,NAV-verified,,,,,,,1,1,1,1,1,5,High Risk,OK,Verified ✓,N/A,N/A,N/A,N/A,N/A,BSE 250 SmallCap TRI,N/A,N/A,N/A,N/A,N/A
DSP Small Cap Reg,Regular,Small Cap,5069,INF740K01797,105989,NAV-verified,1.47,0.94,0.6,20.14,18.06,0.88,6,6,2,4,2,20,Moderate Risk,OK,Verified ✓,1.78,N/A,N/A,N/A,N/A,BSE 250 SmallCap TRI,5.9,N/A,N/A,N/A,N/A
Edelweiss Nifty Smallcap 250 Index Reg,Regular,Small Cap,42806,INF754K01QP6,150894,NAV-verified,0.51,1.01,0.58,20.61,17.89,0.82,6,6,2,3,2,19,Moderately High Risk,OK,Verified ✓,16,20.06,19.46,19.47,16.33,BSE 250 SmallCap TRI,5.9,18.86,17.67,16.47,15.08
Edelweiss Small Cap Reg,Regular,Small Cap,38849,INF754K01JJ4,146193,NAV-verified,1.23,0.82,0.61,17.2,16.53,0.81,6,6,2,5,2,21,Moderate Risk,OK,Verified ✓,5.78,19.32,N/A,N/A,N/A,BSE 250 SmallCap TRI,5.9,18.86,N/A,N/A,N/A
Franklin India Small Cap Reg,Regular,Small Cap,3019,INF090I01569,103360,NAV-verified,-0.47,0.86,0.51,18.24,15.29,0.7,4,6,2,4,1,17,Moderately High Risk,OK,Verified ✓,9.01,18.37,19.15,20.73,N/A,BSE 250 SmallCap TRI,5.9,18.86,17.67,16.47,N/A
Groww Nifty Smallcap 250 ETF,Regular,Small Cap,45552,INF666M01HV5,152433,NAV-verified,,,,,,,1,1,1,1,1,5,High Risk,OK,Verified ✓,5.66,17.52,19.15,16.55,14.95,BSE 250 SmallCap TRI,5.9,18.86,17.67,16.47,15.08
Groww Nifty Smallcap 250 Index Reg,Regular,Small Cap,44154,INF666M01HV5,152433,NAV-verified,,,,,,,1,1,1,1,1,5,High Risk,OK,Verified ✓,N/A,N/A,N/A,N/A,N/A,BSE 250 SmallCap TRI,N/A,N/A,N/A,N/A,N/A
Groww Small Cap Fund Reg,Regular,Small Cap,45695,INF666M01NM2,154102,NAV-verified,,,,,,,1,1,1,1,1,5,High Risk,OK,Verified ✓,5.69,N/A,N/A,N/A,N/A,BSE 250 SmallCap TRI,5.9,N/A,N/A,N/A,N/A
HDFC Nifty Smallcap 250 ETF,Regular,Small Cap,43116,INF179KC1FB2,151375,NAV-verified,1.16,1.01,0.61,20.72,18.6,0.87,6,6,2,3,2,19,Moderately High Risk,OK,Verified ✓,N/A,N/A,N/A,N/A,N/A,BSE 250 SmallCap TRI,N/A,N/A,N/A,N/A,N/A
HDFC Nifty Smallcap 250 Index Reg,Regular,Small Cap,43483,INF179KC1GF1,151726,NAV-verified,,,,,,,1,1,1,1,1,5,High Risk,OK,Verified ✓,6.31,20.13,N/A,N/A,N/A,BSE 250 SmallCap TRI,5.9,18.86,N/A,N/A,N/A
HDFC Small Cap Reg,Regular,Small Cap,6770,INF179KA1RZ8,130502,NAV-verified,-0.6,0.83,0.5,17.43,14.77,0.69,4,6,2,5,1,18,Moderately High Risk,OK,Verified ✓,5.62,N/A,N/A,N/A,N/A,BSE 250 SmallCap TRI,5.9,N/A,N/A,N/A,N/A
HSBC Small Cap Reg,Regular,Small Cap,26131,INF917K01QC7,151133,NAV-verified,-2.61,0.95,0.41,19.86,14.1,0.51,2,4,2,4,1,13,Moderately High Risk,OK,Verified ✓,8.33,16.32,19.05,16.34,17.16,BSE 250 SmallCap TRI,5.9,18.86,17.67,16.47,15.08
Helios Small Cap Reg,Regular,Small Cap,45557,INF0R8701350,153909,NAV-verified,,,,,,,1,1,1,1,1,5,High Risk,OK,Verified ✓,5.55,15.13,19.13,16.9,16.67,BSE 250 SmallCap TRI,5.9,18.86,17.67,16.47,15.08
ICICI Pru Nifty Smallcap 250 Index,Regular,Small Cap,41787,INF109KC1U84,149281,NAV-verified,0.37,1.01,0.57,20.63,17.77,0.81,6,6,2,3,2,19,Moderately High Risk,OK,Verified ✓,N/A,N/A,N/A,N/A,N/A,BSE 250 SmallCap TRI,N/A,N/A,N/A,N/A,N/A
ICICI Pru Smallcap,Regular,Small Cap,5646,INF109K01BI0,106823,NAV-verified,-1.91,0.79,0.41,16.86,13.02,0.55,4,4,3,5,1,17,Moderately High Risk,OK,Verified ✓,5.6,19.13,N/A,N/A,N/A,BSE 250 SmallCap TRI,5.9,18.86,N/A,N/A,N/A
ITI Small Cap Reg,Regular,Small Cap,40530,INF00XX01713,147920,NAV-verified,4.95,0.84,0.81,17.87,20.42,1.01,10,10,2,5,2,29,Low Risk,OK,Verified ✓,5.9,14.59,17.64,18.17,15.51,BSE 250 SmallCap TRI,5.9,18.86,17.67,16.47,15.08
Invesco India Smallcap Reg,Regular,Small Cap,37841,INF205K011T7,145139,NAV-verified,4.59,0.85,0.77,18.29,20.15,0.9,10,8,2,5,2,27,Low Risk,OK,Verified ✓,8.89,23.39,16.81,N/A,N/A,BSE 250 SmallCap TRI,5.9,18.86,17.67,N/A,N/A
JM Small Cap Reg,Regular,Small Cap,44311,INF192K01NE0,152612,NAV-verified,,,,,,,1,1,1,1,1,5,High Risk,OK,Verified ✓,11.06,22.91,21.17,20.94,N/A,BSE 250 SmallCap TRI,5.9,18.86,17.67,16.47,N/A
Kotak Nifty Smallcap 250 Index Reg,Regular,Small Cap,44866,INF174KA1UN3,153221,NAV-verified,,,,,,,1,1,1,1,1,5,High Risk,OK,Verified ✓,2.77,N/A,N/A,N/A,N/A,BSE 250 SmallCap TRI,5.9,N/A,N/A,N/A,N/A
Kotak Nifty Smallcap 50 Index Reg,Regular,Small Cap,43355,INF174KA1MY7,151647,NAV-verified,,,,,,,1,1,1,1,1,5,High Risk,OK,Verified ✓,5.68,N/A,N/A,N/A,N/A,BSE 250 SmallCap TRI,5.9,N/A,N/A,N/A,N/A
Kotak Small Cap Reg,Regular,Small Cap,2597,INF174K01211,102875,NAV-verified,-3.07,0.86,0.36,18.36,12.65,0.49,2,4,2,4,1,13,Moderately High Risk,OK,Verified ✓,7.05,N/A,N/A,N/A,N/A,BSE 250 SmallCap TRI,5.9,N/A,N/A,N/A,N/A
LIC MF Small Cap Reg,Regular,Small Cap,34270,INF397L01JW3,152003,NAV-verified,-0.99,0.9,0.47,19.44,15.18,0.55,4,4,2,4,1,15,Moderately High Risk,OK,Verified ✓,3.29,13.79,14.84,18.66,16.08,BSE 250 SmallCap TRI,5.9,18.86,17.67,16.47,15.08
Mahindra Manulife Small Cap Reg,Regular,Small Cap,42797,INF174V01BH3,150912,NAV-verified,4.44,0.89,0.78,18.63,20.48,1.06,10,8,2,4,2,26,Moderate Risk,OK,Verified ✓,4.08,17.12,18.28,17.02,N/A,BSE 250 SmallCap TRI,5.9,18.86,17.67,16.47,N/A
Mirae Asset Nifty Smallcap 250 ETF,Regular,Small Cap,45590,INF769K01PQ4,153946,NAV-verified,,,,,,,1,1,1,1,1,5,High Risk,OK,Verified ✓,11.81,23.45,N/A,N/A,N/A,BSE 250 SmallCap TRI,5.9,18.86,N/A,N/A,N/A
Mirae Asset Nifty Smallcap 250 Momentum Quality 100 ETF,Regular,Small Cap,44091,INF769K01LC3,152455,NAV-verified,,,,,,,1,1,1,1,1,5,High Risk,OK,Verified ✓,N/A,N/A,N/A,N/A,N/A,BSE 250 SmallCap TRI,N/A,N/A,N/A,N/A,N/A
Mirae Asset Nifty Smallcap 250 Momentum Quality 100 ETF FoF Reg,Regular,Small Cap,44092,INF769K01LC3,152455,NAV-verified,,,,,,,1,1,1,1,1,5,High Risk,OK,Verified ✓,2.62,N/A,N/A,N/A,N/A,BSE 250 SmallCap TRI,5.9,N/A,N/A,N/A,N/A
Mirae Asset Small Cap Reg,Regular,Small Cap,44822,INF769K01NG0,153198,NAV-verified,,,,,,,1,1,1,1,1,5,High Risk,OK,Verified ✓,1.71,N/A,N/A,N/A,N/A,BSE 250 SmallCap TRI,5.9,N/A,N/A,N/A,N/A
Motilal Oswal Nifty Microcap 250 Index Reg,Regular,Small Cap,43574,INF247L01BR7,151815,NAV-verified,,,,,,,1,1,1,1,1,5,High Risk,OK,Verified ✓,13.81,N/A,N/A,N/A,N/A,BSE 250 SmallCap TRI,5.9,N/A,N/A,N/A,N/A
Motilal Oswal Nifty Smallcap 250 ETF,Regular,Small Cap,44249,INF247L01CH6,152546,NAV-verified,,,,,,,1,1,1,1,1,5,High Risk,OK,Verified ✓,3.56,N/A,N/A,N/A,N/A,BSE 250 SmallCap TRI,5.9,N/A,N/A,N/A,N/A
Motilal Oswal Nifty Smallcap 250 Index Reg,Regular,Small Cap,40243,INF247L01924,147624,NAV-verified,0.44,1.01,0.57,20.72,17.88,0.82,6,6,2,3,2,19,Moderately High Risk,OK,Verified ✓,6.38,N/A,N/A,N/A,N/A,BSE 250 SmallCap TRI,5.9,N/A,N/A,N/A,N/A
Motilal Oswal Small Cap Reg,Regular,Small Cap,43943,INF247L01BV9,152232,NAV-verified,,,,,,,1,1,1,1,1,5,High Risk,OK,Verified ✓,5.51,19.24,16.86,N/A,N/A,BSE 250 SmallCap TRI,5.9,18.86,17.67,N/A,N/A
Navi Nifty Smallcap250 Momentum Quality 100 Index Reg,Regular,Small Cap,45018,INF959L01HP8,153363,NAV-verified,,,,,,,1,1,1,1,1,5,High Risk,OK,Verified ✓,9.53,N/A,N/A,N/A,N/A,BSE 250 SmallCap TRI,5.9,N/A,N/A,N/A,N/A
Nippon India Nifty Smallcap 250 Index Reg,Regular,Small Cap,41129,INF204KB12W7,148518,NAV-verified,0.17,1.01,0.56,20.6,17.54,0.8,6,6,2,3,2,19,Moderately High Risk,OK,Verified ✓,1.57,N/A,N/A,N/A,N/A,BSE 250 SmallCap TRI,5.9,N/A,N/A,N/A,N/A
Nippon India Small Cap Reg,Regular,Small Cap,11463,INF204K01HY3,113177,NAV-verified,1.86,0.86,0.65,17.95,17.62,0.87,8,8,2,4,2,24,Moderate Risk,OK,Verified ✓,5.55,18.88,16.66,N/A,N/A,BSE 250 SmallCap TRI,5.9,18.86,17.67,N/A,N/A
PGIM India Small Cap Reg,Regular,Small Cap,41575,INF663L01W30,149020,NAV-verified,-1.85,0.73,0.4,15.88,12.42,0.57,4,4,3,6,1,18,Moderately High Risk,OK,Verified ✓,8.46,19.71,22.11,21.75,20.29,BSE 250 SmallCap TRI,5.9,18.86,17.67,16.47,15.08
Quant Small Cap Reg,Regular,Small Cap,66,INF966L01AA0,100177,NAV-verified,1.36,0.88,0.6,18.72,17.26,0.93,6,6,2,4,2,20,Moderate Risk,OK,Verified ✓,9.83,14.41,N/A,N/A,N/A,BSE 250 SmallCap TRI,5.9,18.86,N/A,N/A,N/A
Quantum Small Cap Reg,Regular,Small Cap,43813,INF082J01440,152108,NAV-verified,,,,,,,1,1,1,1,1,5,High Risk,OK,Verified ✓,6.88,18.96,22.28,24.48,18.2,BSE 250 SmallCap TRI,5.9,18.86,17.67,16.47,15.08
SBI Nifty Smallcap 250 Index Reg,Regular,Small Cap,42579,INF200KA13P9,150676,NAV-verified,0.43,1.01,0.57,20.69,17.86,0.82,6,6,2,3,2,19,Moderately High Risk,OK,Verified ✓,9.98,N/A,N/A,N/A,N/A,BSE 250 SmallCap TRI,5.9,N/A,N/A,N/A,N/A
SBI Small Cap Reg,Regular,Small Cap,10603,INF200K01T28,125494,NAV-verified,-3.05,0.74,0.34,15.49,11.32,0.46,2,2,3,6,1,14,Moderately High Risk,OK,Verified ✓,5.67,19.23,N/A,N/A,N/A,BSE 250 SmallCap TRI,5.9,18.86,N/A,N/A,N/A
Samco Small Cap Reg,Regular,Small Cap,45539,INF0K1H01305,153869,NAV-verified,,,,,,,1,1,1,1,1,5,High Risk,OK,Verified ✓,3.06,13.09,15.09,17.35,17.24,BSE 250 SmallCap TRI,5.9,18.86,17.67,16.47,15.08
Sundaram Small Cap Reg,Regular,Small Cap,2599,INF903J01470,100795,NAV-verified,1.05,0.82,0.6,17.22,16.29,0.79,6,6,2,5,1,20,Moderate Risk,OK,Verified ✓,N/A,N/A,N/A,N/A,N/A,BSE 250 SmallCap TRI,N/A,N/A,N/A,N/A,N/A
TRUST MF Small Cap Reg,Regular,Small Cap,44591,INF209K01EN2,105804,NAV-verified,,,,,,,1,1,1,1,1,5,High Risk,OK,Verified ✓,12.46,19.06,19.09,17.83,14.73,BSE 250 SmallCap TRI,5.9,18.86,17.67,16.47,15.08
Tata Small Cap Reg,Regular,Small Cap,37989,INF277K015O2,145208,NAV-verified,-5.35,0.85,0.23,18.36,10.24,0.31,1,2,2,5,1,11,High Risk,OK,Verified ✓,19.2,N/A,N/A,N/A,N/A,BSE 250 SmallCap TRI,5.9,N/A,N/A,N/A,N/A
The Wealth Company Small Cap Reg,Regular,Small Cap,45894,INF2F0001503,154268,Algorithm Match (94% Confidence),,,,,,,1,1,1,1,1,5,High Risk,NOT_FOUND,Neither code 154268 nor ISIN INF2F0001503 confirmed in NAV,-5.59,12.11,17.14,17.86,N/A,BSE 250 SmallCap TRI,5.9,18.86,17.67,16.47,N/A
UTI Small Cap Reg,Regular,Small Cap,41231,INF789F1AUO6,148617,NAV-verified,-0.63,0.86,0.49,18.21,15.04,0.71,4,4,2,4,1,15,Moderately High Risk,OK,Verified ✓,N/A,N/A,N/A,N/A,N/A,BSE 250 SmallCap TRI,N/A,N/A,N/A,N/A,N/A
Union Small Cap Reg,Regular,Small Cap,26858,INF582M01BY1,129647,NAV-verified,2.37,0.83,0.64,18.23,17.77,0.8,8,6,2,5,2,23,Moderate Risk,OK,Verified ✓,7.17,16.7,16.92,N/A,N/A,BSE 250 SmallCap TRI,5.9,18.86,17.67,N/A,N/A
Zerodha Nifty Smallcap 100 ETF,Regular,Small Cap,45480,INF0R8F01141,153837,NAV-verified,,,,,,,1,1,1,1,1,5,High Risk,OK,Verified ✓,19.26,19.07,18.21,19.72,15.53,BSE 250 SmallCap TRI,5.9,18.86,17.67,16.47,15.08
ABSL Conglomerate Reg,Regular,Thematic,44786,INF209KC1399,153127,NAV-verified,,,,,,,1,1,1,1,1,5,High Risk,OK,Verified ✓,N/A,N/A,N/A,N/A,N/A,BSE 250 SmallCap TRI,N/A,N/A,N/A,N/A,N/A
ABSL Nifty India Defence Index Reg,Regular,Thematic,44487,INF209KC1159,152800,NAV-verified,,,,,,,1,1,1,1,1,5,High Risk,OK,Verified ✓,6.25,N/A,N/A,N/A,N/A,BSE 500 TRI,7.45,N/A,N/A,N/A,N/A
ABSL Special Opportunities Reg,Regular,Thematic,41141,INF209KB1T46,148537,NAV-verified,4.83,0.96,0.82,14.37,17.76,1.08,10,10,3,3,2,28,Low Risk,OK,Verified ✓,31.62,N/A,N/A,N/A,N/A,BSE 500 TRI,7.45,N/A,N/A,N/A,N/A
Axis BSE India Sector Leaders Index Reg,Regular,Thematic,45781,INF846KA1416,154170,NAV-verified,,,,,,,1,1,1,1,1,5,High Risk,OK,Verified ✓,17.4,20.38,15.65,N/A,N/A,BSE 500 TRI,7.45,14.75,13.7,N/A,N/A
Axis Momentum Reg,Regular,Thematic,44766,INF846K010Z1,153085,NAV-verified,,,,,,,1,1,1,1,1,5,High Risk,OK,Verified ✓,N/A,N/A,N/A,N/A,N/A,BSE 500 TRI,N/A,N/A,N/A,N/A,N/A
Axis Multi Factor Passive FoF Reg,Regular,Thematic,42078,INF846K014G3,149844,NAV-verified,-1.13,0.97,0.41,14.39,11.87,0.47,4,4,3,3,1,15,Moderately High Risk,OK,Verified ✓,8.46,N/A,N/A,N/A,N/A,BSE 500 TRI,7.45,N/A,N/A,N/A,N/A
Axis Services Opportunities Reg,Regular,Thematic,45322,INF846KA1135,153621,NAV-verified,,,,,,,1,1,1,1,1,5,High Risk,OK,Verified ✓,11.02,13.18,N/A,N/A,N/A,BSE 500 TRI,7.45,14.75,N/A,N/A,N/A
Bandhan BSE India Sector Leaders Index Reg,Regular,Thematic,45460,INF194KB1KA6,153839,NAV-verified,,,,,,,1,1,1,1,1,5,High Risk,OK,Verified ✓,--,--,--,--,--,--,--,--,--,--,--
Bandhan Multi-Factor Reg,Regular,Thematic,45332,INF194KB1JU6,153721,NAV-verified,,,,,,,1,1,1,1,1,5,High Risk,OK,Verified ✓,N/A,N/A,N/A,N/A,N/A,BSE 500 TRI,N/A,N/A,N/A,N/A,N/A
Baroda BNP Paribas Business Conglomerates Reg,Regular,Thematic,45456,INF251K01VG2,153844,NAV-verified,,,,,,,1,1,1,1,1,5,High Risk,OK,Verified ✓,N/A,N/A,N/A,N/A,N/A,BSE 500 TRI,N/A,N/A,N/A,N/A,N/A
Edelweiss BSE Capital Mkts & Insurance ETF,Regular,Thematic,44826,INF754K01TX4,153180,NAV-verified,,,,,,,1,1,1,1,1,5,High Risk,OK,Verified ✓,N/A,N/A,N/A,N/A,N/A,BSE 500 TRI,N/A,N/A,N/A,N/A,N/A
Edelweiss BSE Internet Economy Index Reg,Regular,Thematic,45127,INF754K01VB6,153495,NAV-verified,,,,,,,1,1,1,1,1,5,High Risk,OK,Verified ✓,N/A,N/A,N/A,N/A,N/A,BSE 500 TRI,N/A,N/A,N/A,N/A,N/A
Edelweiss Recently Listed IPO Reg,Regular,Thematic,35232,INF754K01MH2,142383,NAV-verified,2.96,0.96,0.55,17.97,15.93,0.64,8,6,2,3,1,20,Moderate Risk,OK,Verified ✓,24.1,N/A,N/A,N/A,N/A,BSE 500 TRI,7.45,N/A,N/A,N/A,N/A
Franklin India Multi-Factor Reg,Regular,Thematic,45583,INF090I01YN8,153943,NAV-verified,,,,,,,1,1,1,1,1,5,High Risk,OK,Verified ✓,N/A,N/A,N/A,N/A,N/A,BSE 500 TRI,N/A,N/A,N/A,N/A,N/A
Franklin India Opportunities Reg,Regular,Thematic,753,INF090I01841,103151,NAV-verified,8.37,1.06,0.93,17.21,22.07,1.19,12,10,2,2,2,28,Low Risk,OK,Verified ✓,15.39,17.92,12.22,16.81,N/A,BSE 500 TRI,7.45,14.75,13.7,13.76,N/A
Groww BSE Power ETF,Regular,Thematic,45370,INF666M01LM6,153744,NAV-verified,,,,,,,1,1,1,1,1,5,High Risk,OK,Verified ✓,N/A,N/A,N/A,N/A,N/A,BSE 500 TRI,N/A,N/A,N/A,N/A,N/A
Groww BSE Power ETF FOF Reg,Regular,Thematic,45371,INF666M01LR5,153747,NAV-verified,,,,,,,1,1,1,1,1,5,High Risk,OK,Verified ✓,10.68,26.22,19.01,18.42,16.56,BSE 500 TRI,7.45,14.75,13.7,13.76,14.21
Groww Nifty Capital Markets ETF,Regular,Thematic,45632,INF666M01MM4,153907,NAV-verified,,,,,,,1,1,1,1,1,5,High Risk,OK,Verified ✓,N/A,N/A,N/A,N/A,N/A,BSE 500 TRI,N/A,N/A,N/A,N/A,N/A
Groww Nifty Capital Markets ETF FoF Reg,Regular,Thematic,45626,INF666M01MK8,153919,NAV-verified,,,,,,,1,1,1,1,1,5,High Risk,OK,Verified ✓,N/A,N/A,N/A,N/A,N/A,BSE 500 TRI,N/A,N/A,N/A,N/A,N/A
Groww Nifty Chemicals ETF,Regular,Thematic,45751,INF666M01NP5,154111,NAV-verified,,,,,,,1,1,1,1,1,5,High Risk,OK,Verified ✓,N/A,N/A,N/A,N/A,N/A,BSE 500 TRI,N/A,N/A,N/A,N/A,N/A
Groww Nifty India Defence ETF,Regular,Thematic,44590,INF666M01IO8,152845,NAV-verified,,,,,,,1,1,1,1,1,5,High Risk,OK,Verified ✓,N/A,N/A,N/A,N/A,N/A,BSE 500 TRI,N/A,N/A,N/A,N/A,N/A
Groww Nifty India Defence ETF FoF Reg,Regular,Thematic,44595,INF666M01IU5,152928,NAV-verified,,,,,,,1,1,1,1,1,5,High Risk,OK,Verified ✓,N/A,N/A,N/A,N/A,N/A,BSE 500 TRI,N/A,N/A,N/A,N/A,N/A
Groww Nifty India Internet ETF,Regular,Thematic,45241,INF666M01LI4,153625,NAV-verified,,,,,,,1,1,1,1,1,5,High Risk,OK,Verified ✓,32.68,N/A,N/A,N/A,N/A,BSE 500 TRI,7.45,N/A,N/A,N/A,N/A
Groww Nifty India Internet ETF FoF Reg,Regular,Thematic,45242,INF666M01LG8,153631,NAV-verified,,,,,,,1,1,1,1,1,5,High Risk,OK,Verified ✓,31.94,N/A,N/A,N/A,N/A,BSE 500 TRI,7.45,N/A,N/A,N/A,N/A
Groww Nifty Metal ETF,Regular,Thematic,45677,INF666M01NI0,154034,NAV-verified,,,,,,,1,1,1,1,1,5,High Risk,OK,Verified ✓,N/A,N/A,N/A,N/A,N/A,BSE 500 TRI,N/A,N/A,N/A,N/A,N/A
Groww Nifty Realty ETF,Regular,Thematic,45522,INF666M01MN2,153899,NAV-verified,,,,,,,1,1,1,1,1,5,High Risk,OK,Verified ✓,N/A,N/A,N/A,N/A,N/A,BSE 500 TRI,N/A,N/A,N/A,N/A,N/A
HDFC BSE India Sector Leaders Index Reg,Regular,Thematic,45588,INF179KC1JX8,153958,NAV-verified,,,,,,,1,1,1,1,1,5,High Risk,OK,Verified ✓,N/A,N/A,N/A,N/A,N/A,BSE 500 TRI,N/A,N/A,N/A,N/A,N/A
HDFC Defence Reg,Regular,Thematic,43510,INF179KC1GL9,151751,NAV-verified,,,,,,,1,1,1,1,1,5,High Risk,OK,Verified ✓,N/A,N/A,N/A,N/A,N/A,BSE 500 TRI,N/A,N/A,N/A,N/A,N/A
HDFC Housing Opportunities Reg,Regular,Thematic,34768,INF179KC1AX7,141923,NAV-verified,0.19,1.12,0.47,17.56,14.3,0.59,6,4,2,2,1,15,Moderately High Risk,OK,Verified ✓,N/A,N/A,N/A,N/A,N/A,BSE 500 TRI,N/A,N/A,N/A,N/A,N/A
HDFC NIFTY Growth Sectors 15 ETF,Regular,Thematic,42537,INF179KC1DJ0,150621,NAV-verified,-3.21,0.83,0.18,15.12,8.8,0.22,2,2,3,5,1,13,Moderately High Risk,OK,Verified ✓,28.59,N/A,N/A,N/A,N/A,BSE 500 TRI,7.45,N/A,N/A,N/A,N/A
HDFC NIFTY Realty Index Reg,Regular,Thematic,44210,INF179KC1ID2,152522,NAV-verified,,,,,,,1,1,1,1,1,5,High Risk,OK,Verified ✓,5.87,15.59,15.6,12.11,N/A,BSE 500 TRI,7.45,14.75,13.7,13.76,N/A
HSBC India Export Opportunities Reg,Regular,Thematic,44522,INF336L01RL7,152830,NAV-verified,,,,,,,1,1,1,1,1,5,High Risk,OK,Verified ✓,5.85,9.07,N/A,N/A,N/A,BSE 500 TRI,7.45,14.75,N/A,N/A,N/A
ICICI Pru Active Momentum,Regular,Thematic,45355,INF109K1A377,153685,NAV-verified,,,,,,,1,1,1,1,1,5,High Risk,OK,Verified ✓,-4.72,N/A,N/A,N/A,N/A,BSE 500 TRI,7.45,N/A,N/A,N/A,N/A
ICICI Pru Commodities,Regular,Thematic,40304,INF109KC19O8,151207,NAV-verified,4.13,0.93,0.69,15.71,16.87,0.94,10,8,3,4,2,27,Low Risk,OK,Verified ✓,10.87,N/A,N/A,N/A,N/A,BSE 500 TRI,7.45,N/A,N/A,N/A,N/A
ICICI Pru Conglomerate,Regular,Thematic,45487,INF109K1A393,153865,NAV-verified,,,,,,,1,1,1,1,1,5,High Risk,OK,Verified ✓,N/A,N/A,N/A,N/A,N/A,BSE 500 TRI,N/A,N/A,N/A,N/A,N/A
ICICI Pru Eqt Minimum Variance Fund Reg,Regular,Thematic,44742,INF109KC17X3,153069,NAV-verified,,,,,,,1,1,1,1,1,5,High Risk,OK,Verified ✓,29.71,19.93,19.91,N/A,N/A,BSE 500 TRI,7.45,14.75,13.7,N/A,N/A
ICICI Pru Exports & Services,Regular,Thematic,2968,INF109K01BB5,103312,NAV-verified,3.45,0.84,0.75,12.69,15.51,1.08,10,8,4,5,2,29,Low Risk,OK,Verified ✓,N/A,N/A,N/A,N/A,N/A,BSE 500 TRI,N/A,N/A,N/A,N/A,N/A
ICICI Pru FMCG,Regular,Thematic,591,INF109KC19V3,149072,NAV-verified,-11.14,0.83,-0.35,14.49,0.9,-0.42,1,1,3,5,1,11,High Risk,OK,Verified ✓,5.94,N/A,N/A,N/A,N/A,BSE 500 TRI,7.45,N/A,N/A,N/A,N/A
ICICI Pru Housing Opportunities,Regular,Thematic,42248,INF109KC17B9,150308,NAV-verified,0.54,0.92,0.51,14.23,13.23,0.69,6,6,3,4,1,20,Moderate Risk,OK,Verified ✓,7.15,18.15,17.1,15.81,13.84,BSE 500 TRI,7.45,14.75,13.7,13.76,14.21
ICICI Pru India Opportunities,Regular,Thematic,38583,INF109KC1RE6,145896,NAV-verified,6.66,0.85,0.98,13.07,18.84,1.24,12,10,4,5,2,33,Low Risk,OK,Verified ✓,-11.83,1.64,7.96,8.03,10.33,BSE 500 TRI,7.45,14.75,13.7,13.76,14.21
ICICI Pru Multi Sector Passive FoF,Regular,Thematic,1935,INF109K01795,102133,NAV-verified,1.7,0.89,0.61,13.31,14.17,0.74,8,6,4,4,1,23,Moderate Risk,OK,Verified ✓,8.05,15.35,N/A,N/A,N/A,BSE 500 TRI,7.45,14.75,N/A,N/A,N/A
ICICI Pru Nifty Commodities ETF,Regular,Thematic,42947,INF109KC19O8,151207,NAV-verified,5.54,0.98,0.75,16.76,18.65,1.12,12,8,3,3,2,28,Low Risk,OK,Verified ✓,10.13,21.25,22.31,18.34,N/A,BSE 500 TRI,7.45,14.75,13.7,13.76,N/A
ICICI Pru Nifty FMCG ETF,Regular,Thematic,41601,INF109KC19V3,149072,NAV-verified,-10.3,0.92,-0.23,16.19,2.37,-0.29,1,1,3,4,1,10,High Risk,OK,Verified ✓,7.91,16.02,14.71,13.41,13.06,BSE 500 TRI,7.45,14.75,13.7,13.76,14.21
ICICI Pru Nifty Metal ETF,Regular,Thematic,44461,INF109KC19W1,152769,NAV-verified,,,,,,,1,1,1,1,1,5,High Risk,OK,Verified ✓,19.72,20.37,N/A,N/A,N/A,BSE 500 TRI,7.45,14.75,N/A,N/A,N/A
ICICI Pru Nifty Oil & Gas ETF,Regular,Thematic,44432,INF109KC18W3,152748,NAV-verified,,,,,,,1,1,1,1,1,5,High Risk,OK,Verified ✓,-13.5,2.3,N/A,N/A,N/A,BSE 500 TRI,7.45,14.75,N/A,N/A,N/A
ICICI Pru Quality,Regular,Thematic,45162,INF109K1A211,153459,NAV-verified,,,,,,,1,1,1,1,1,5,High Risk,OK,Verified ✓,51.32,N/A,N/A,N/A,N/A,BSE 500 TRI,7.45,N/A,N/A,N/A,N/A
ICICI Pru Rural Opportunities,Regular,Thematic,44844,INF109KC19Y7,153181,NAV-verified,,,,,,,1,1,1,1,1,5,High Risk,OK,Verified ✓,8.05,N/A,N/A,N/A,N/A,BSE 500 TRI,7.45,N/A,N/A,N/A,N/A
Kotak Active Momentum Reg,Regular,Thematic,45387,INF174KA1XD8,153755,NAV-verified,,,,,,,1,1,1,1,1,5,High Risk,OK,Verified ✓,N/A,N/A,N/A,N/A,N/A,BSE 500 TRI,N/A,N/A,N/A,N/A,N/A
Kotak BSE Housing Index Reg,Regular,Thematic,43704,INF174KA1OU1,152038,NAV-verified,,,,,,,1,1,1,1,1,5,High Risk,OK,Verified ✓,5.68,N/A,N/A,N/A,N/A,BSE 500 TRI,7.45,N/A,N/A,N/A,N/A
Kotak Multi Factor Passive FoF Reg,Regular,Thematic,45898,INF174KA1ZH4,154276,Algorithm Match (97% Confidence),,,,,,,1,1,1,1,1,5,High Risk,NOT_FOUND,Neither code 154276 nor ISIN INF174KA1ZH4 confirmed in NAV,N/A,N/A,N/A,N/A,N/A,BSE 500 TRI,N/A,N/A,N/A,N/A,N/A
Kotak Nifty Chemicals ETF,Regular,Thematic,45570,INF174KA1XV0,153934,NAV-verified,,,,,,,1,1,1,1,1,5,High Risk,OK,Verified ✓,-0.65,N/A,N/A,N/A,N/A,BSE 500 TRI,7.45,N/A,N/A,N/A,N/A
Kotak Nifty Commodities Index Reg,Regular,Thematic,44989,INF174KA1VH3,153351,NAV-verified,,,,,,,1,1,1,1,1,5,High Risk,OK,Verified ✓,N/A,N/A,N/A,N/A,N/A,BSE 500 TRI,N/A,N/A,N/A,N/A,N/A
Kotak Nifty India Tourism Index Reg,Regular,Thematic,44537,INF174KA1TC8,152872,NAV-verified,,,,,,,1,1,1,1,1,5,High Risk,OK,Verified ✓,N/A,N/A,N/A,N/A,N/A,BSE 500 TRI,N/A,N/A,N/A,N/A,N/A
Kotak Rural Opportunities Reg,Regular,Thematic,45595,INF174KA1XZ1,153969,NAV-verified,,,,,,,1,1,1,1,1,5,High Risk,OK,Verified ✓,18.49,N/A,N/A,N/A,N/A,BSE 500 TRI,7.45,N/A,N/A,N/A,N/A
Kotak Services Reg,Regular,Thematic,45795,INF174KA1YY2,154151,Algorithm Match (93% Confidence),,,,,,,1,1,1,1,1,5,High Risk,NOT_FOUND,Neither code 154151 nor ISIN INF174KA1YY2 confirmed in NAV,-18.84,N/A,N/A,N/A,N/A,BSE 500 TRI,7.45,N/A,N/A,N/A,N/A
Kotak Special Opportunities Reg,Regular,Thematic,44380,INF174KA1SC0,152703,NAV-verified,,,,,,,1,1,1,1,1,5,High Risk,OK,Verified ✓,N/A,N/A,N/A,N/A,N/A,BSE 500 TRI,N/A,N/A,N/A,N/A,N/A
Mirae Asset BSE India Defence ETF,Regular,Thematic,45790,INF769K01QC2,154182,NAV-verified,,,,,,,1,1,1,1,1,5,High Risk,OK,Verified ✓,N/A,N/A,N/A,N/A,N/A,BSE 500 TRI,N/A,N/A,N/A,N/A,N/A
Mirae Asset BSE India Defence ETF FoF Reg,Regular,Thematic,45809,INF769K01QF5,154190,NAV-verified,,,,,,,1,1,1,1,1,5,High Risk,OK,Verified ✓,8.52,N/A,N/A,N/A,N/A,BSE 500 TRI,7.45,N/A,N/A,N/A,N/A
Mirae Asset BSE Select IPO ETF,Regular,Thematic,45020,INF769K01ON4,153384,NAV-verified,,,,,,,1,1,1,1,1,5,High Risk,OK,Verified ✓,N/A,N/A,N/A,N/A,N/A,BSE 500 TRI,N/A,N/A,N/A,N/A,N/A
Mirae Asset BSE Select IPO ETF FoF Reg,Regular,Thematic,45021,INF769K01ON4,153384,NAV-verified,,,,,,,1,1,1,1,1,5,High Risk,OK,Verified ✓,N/A,N/A,N/A,N/A,N/A,BSE 500 TRI,N/A,N/A,N/A,N/A,N/A
Mirae Asset Multi Factor Passive FoF Reg,Regular,Thematic,45434,INF769K01PE0,153818,NAV-verified,,,,,,,1,1,1,1,1,5,High Risk,OK,Verified ✓,-0.11,N/A,N/A,N/A,N/A,BSE 500 TRI,7.45,N/A,N/A,N/A,N/A
Mirae Asset Nifty India Internet ETF,Regular,Thematic,45250,INF769K01PB6,153642,NAV-verified,,,,,,,1,1,1,1,1,5,High Risk,OK,Verified ✓,-1.44,N/A,N/A,N/A,N/A,BSE 500 TRI,7.45,N/A,N/A,N/A,N/A
Mirae Asset Nifty Metal ETF,Regular,Thematic,44588,INF769K01LY7,152924,NAV-verified,,,,,,,1,1,1,1,1,5,High Risk,OK,Verified ✓,N/A,N/A,N/A,N/A,N/A,BSE 500 TRI,N/A,N/A,N/A,N/A,N/A
Mirae Asset Nifty Metal ETF FoF Reg,Regular,Thematic,45831,INF769K01QL3,154219,NAV-verified,,,,,,,1,1,1,1,1,5,High Risk,OK,Verified ✓,N/A,N/A,N/A,N/A,N/A,BSE 500 TRI,N/A,N/A,N/A,N/A,N/A
Motilal Oswal Active Momentum Reg,Regular,Thematic,45000,INF247L01ES9,153365,NAV-verified,,,,,,,1,1,1,1,1,5,High Risk,OK,Verified ✓,51.4,N/A,N/A,N/A,N/A,BSE 500 TRI,7.45,N/A,N/A,N/A,N/A
Motilal Oswal BSE Select IPO ETF,Regular,Thematic,45639,INF247L01GI5,154003,NAV-verified,,,,,,,1,1,1,1,1,5,High Risk,OK,Verified ✓,N/A,N/A,N/A,N/A,N/A,BSE 500 TRI,N/A,N/A,N/A,N/A,N/A
Motilal Oswal Multi Factor Passive FoF Reg,Regular,Thematic,45873,INF247L01GU0,154238,Algorithm Match (84% Confidence),,,,,,,1,1,1,1,1,5,High Risk,NOT_FOUND,Neither code 154238 nor ISIN INF247L01GU0 confirmed in NAV,22.45,N/A,N/A,N/A,N/A,BSE 500 TRI,7.45,N/A,N/A,N/A,N/A
Motilal Oswal Nifty Capital Market ETF,Regular,Thematic,45051,INF247L01EV3,153406,NAV-verified,,,,,,,1,1,1,1,1,5,High Risk,OK,Verified ✓,N/A,N/A,N/A,N/A,N/A,BSE 500 TRI,N/A,N/A,N/A,N/A,N/A
Motilal Oswal Nifty Capital Market Index Reg,Regular,Thematic,44754,INF247L01EC3,153137,NAV-verified,,,,,,,1,1,1,1,1,5,High Risk,OK,Verified ✓,N/A,N/A,N/A,N/A,N/A,BSE 500 TRI,N/A,N/A,N/A,N/A,N/A
Motilal Oswal Nifty India Defence ETF,Regular,Thematic,44517,INF247L01DJ0,152846,NAV-verified,,,,,,,1,1,1,1,1,5,High Risk,OK,Verified ✓,46.45,N/A,N/A,N/A,N/A,BSE 500 TRI,7.45,N/A,N/A,N/A,N/A
Motilal Oswal Nifty India Defence Index Reg,Regular,Thematic,44396,INF247L01CV7,152711,NAV-verified,,,,,,,1,1,1,1,1,5,High Risk,OK,Verified ✓,45.48,N/A,N/A,N/A,N/A,BSE 500 TRI,7.45,N/A,N/A,N/A,N/A
Motilal Oswal Nifty India Tourism ETF,Regular,Thematic,45240,INF247L01FP2,153618,NAV-verified,,,,,,,1,1,1,1,1,5,High Risk,OK,Verified ✓,32.83,N/A,N/A,N/A,N/A,BSE 500 TRI,7.45,N/A,N/A,N/A,N/A
Motilal Oswal Nifty MidSmall IT and Telecom Index Reg,Regular,Thematic,44681,INF247L01DZ6,153028,NAV-verified,,,,,,,1,1,1,1,1,5,High Risk,OK,Verified ✓,31.9,N/A,N/A,N/A,N/A,BSE 500 TRI,7.45,N/A,N/A,N/A,N/A
Motilal Oswal Nifty Realty ETF,Regular,Thematic,44250,INF247L01CI4,152541,NAV-verified,,,,,,,1,1,1,1,1,5,High Risk,OK,Verified ✓,N/A,N/A,N/A,N/A,N/A,BSE 500 TRI,N/A,N/A,N/A,N/A,N/A
Motilal Oswal Nifty Services Sector ETF,Regular,Thematic,45660,INF247L01GJ3,154033,NAV-verified,,,,,,,1,1,1,1,1,5,High Risk,OK,Verified ✓,0.49,N/A,N/A,N/A,N/A,BSE 500 TRI,7.45,N/A,N/A,N/A,N/A
Motilal Oswal Services Reg,Regular,Thematic,45184,INF247L01GJ3,154033,NAV-verified,,,,,,,1,1,1,1,1,5,High Risk,OK,Verified ✓,-4.16,N/A,N/A,N/A,N/A,BSE 500 TRI,7.45,N/A,N/A,N/A,N/A
Motilal Oswal Special Opportunities Reg,Regular,Thematic,45391,INF247L01FV0,153751,NAV-verified,,,,,,,1,1,1,1,1,5,High Risk,OK,Verified ✓,N/A,N/A,N/A,N/A,N/A,BSE 500 TRI,N/A,N/A,N/A,N/A,N/A
Nippon India Active Momentum Reg,Regular,Thematic,44936,INF204KC1EH1,153276,NAV-verified,,,,,,,1,1,1,1,1,5,High Risk,OK,Verified ✓,N/A,N/A,N/A,N/A,N/A,BSE 500 TRI,N/A,N/A,N/A,N/A,N/A
Nippon India Nifty Realty Index Reg,Regular,Thematic,44710,INF204KC1DV4,153061,NAV-verified,,,,,,,1,1,1,1,1,5,High Risk,OK,Verified ✓,N/A,N/A,N/A,N/A,N/A,BSE 500 TRI,N/A,N/A,N/A,N/A,N/A
Quant Commodities Reg,Regular,Thematic,43964,INF966L01DC0,152256,NAV-verified,,,,,,,1,1,1,1,1,5,High Risk,OK,Verified ✓,12.96,N/A,N/A,N/A,N/A,BSE 500 TRI,7.45,N/A,N/A,N/A,N/A
Quant Momentum Reg,Regular,Thematic,43880,INF966L01CW0,152190,NAV-verified,,,,,,,1,1,1,1,1,5,High Risk,OK,Verified ✓,-4.84,N/A,N/A,N/A,N/A,BSE 500 TRI,7.45,N/A,N/A,N/A,N/A
Quantum Ethical Reg,Regular,Thematic,44770,INF082J01481,153095,NAV-verified,,,,,,,1,1,1,1,1,5,High Risk,OK,Verified ✓,9.78,N/A,N/A,N/A,N/A,BSE 500 TRI,7.45,N/A,N/A,N/A,N/A
SBI Comma Reg,Regular,Thematic,2812,INF200K01339,103145,NAV-verified,5.55,0.95,0.79,15.78,18.44,1.18,12,8,3,4,2,29,Low Risk,OK,Verified ✓,5.38,N/A,N/A,N/A,N/A,BSE 500 TRI,7.45,N/A,N/A,N/A,N/A
SBI Equity Minimum Variance Reg,Regular,Thematic,39362,INF200KA1A48,146644,NAV-verified,-1.78,0.9,0.33,14.12,10.71,0.42,4,2,3,4,1,14,Moderately High Risk,OK,Verified ✓,3.01,N/A,N/A,N/A,N/A,BSE 500 TRI,7.45,N/A,N/A,N/A,N/A
SBI Quality Reg,Regular,Thematic,45791,INF200KA1WX6,145648,NAV-verified,,,,,,,1,1,1,1,1,5,High Risk,OK,Verified ✓,21.31,19.77,14.89,17.74,16.46,BSE 500 TRI,7.45,14.75,13.7,13.76,14.21
Samco Active Momentum Reg,Regular,Thematic,43514,INF0K1H01073,151752,NAV-verified,,,,,,,1,1,1,1,1,5,High Risk,OK,Verified ✓,2.21,11.01,11.09,12.07,N/A,BSE 500 TRI,7.45,14.75,13.7,13.76,N/A
Samco Special Opportunities Reg,Regular,Thematic,44279,INF0K1H01172,152587,NAV-verified,,,,,,,1,1,1,1,1,5,High Risk,OK,Verified ✓,N/A,N/A,N/A,N/A,N/A,BSE 500 TRI,N/A,N/A,N/A,N/A,N/A
Shriram Multi Sector Rotation Reg,Regular,Thematic,44668,INF680P01463,153077,NAV-verified,,,,,,,1,1,1,1,1,5,High Risk,OK,Verified ✓,-6.89,N/A,N/A,N/A,N/A,BSE 500 TRI,7.45,N/A,N/A,N/A,N/A
Sundaram Multi-Factor Reg,Regular,Thematic,45283,INF903JA1LY0,153667,NAV-verified,,,,,,,1,1,1,1,1,5,High Risk,OK,Verified ✓,4.39,N/A,N/A,N/A,N/A,BSE 500 TRI,7.45,N/A,N/A,N/A,N/A
Sundaram Services Reg,Regular,Thematic,37575,INF903JA1EX7,144838,NAV-verified,1.07,0.91,0.54,14.25,13.68,0.73,6,6,3,4,1,20,Moderate Risk,OK,Verified ✓,-1.42,N/A,N/A,N/A,N/A,BSE 500 TRI,7.45,N/A,N/A,N/A,N/A
Tata BSE Select Business Groups Index Reg,Regular,Thematic,44790,INF277KA1CX6,153134,NAV-verified,,,,,,,1,1,1,1,1,5,High Risk,OK,Verified ✓,N/A,N/A,N/A,N/A,N/A,BSE 500 TRI,N/A,N/A,N/A,N/A,N/A
Tata Ethical Reg,Regular,Thematic,213,INF277K01956,100415,NAV-verified,-4.85,0.91,0.12,14.27,7.76,0.15,2,2,3,4,1,12,High Risk,OK,Verified ✓,8.91,16.5,16.17,17.14,N/A,BSE 500 TRI,7.45,14.75,13.7,13.76,N/A
Tata Housing Opportunities Reg,Regular,Thematic,42445,INF277KA1521,150537,NAV-verified,-4.21,1.13,0.22,17.71,9.97,0.27,2,2,2,2,1,9,High Risk,OK,Verified ✓,13.02,N/A,N/A,N/A,N/A,BSE 500 TRI,7.45,N/A,N/A,N/A,N/A
Tata Nifty Capital Markets Index Fund Reg,Regular,Thematic,44636,INF277KA1CL1,152954,NAV-verified,,,,,,,1,1,1,1,1,5,High Risk,OK,Verified ✓,-0.11,8.42,9.7,12.21,10.77,BSE 500 TRI,7.45,14.75,13.7,13.76,14.21
Tata Nifty India Tourism Index Reg,Regular,Thematic,44424,INF277KA1BZ3,152746,NAV-verified,,,,,,,1,1,1,1,1,5,High Risk,OK,Verified ✓,3.74,10.72,N/A,N/A,N/A,BSE 500 TRI,7.45,14.75,N/A,N/A,N/A
Tata Nifty Realty Index Reg,Regular,Thematic,44259,INF277KA1AL5,152573,NAV-verified,,,,,,,1,1,1,1,1,5,High Risk,OK,Verified ✓,44.89,N/A,N/A,N/A,N/A,BSE 500 TRI,7.45,N/A,N/A,N/A,N/A
Taurus Ethical Reg,Regular,Thematic,10244,INF044D01864,111787,NAV-verified,0.25,0.95,0.47,15.06,13.14,0.6,6,4,3,4,1,18,Moderately High Risk,OK,Verified ✓,-18.89,N/A,N/A,N/A,N/A,BSE 500 TRI,7.45,N/A,N/A,N/A,N/A
The Wealth Company Ethical Reg,Regular,Thematic,45523,INF2F0001248,153897,NAV-verified,,,,,,,1,1,1,1,1,5,High Risk,OK,Verified ✓,-4.96,N/A,N/A,N/A,N/A,BSE 500 TRI,7.45,N/A,N/A,N/A,N/A
UTI BSE Housing Index Reg,Regular,Thematic,43520,INF789F1AYS9,151763,NAV-verified,,,,,,,1,1,1,1,1,5,High Risk,OK,Verified ✓,4.67,14.13,11.11,12.95,12.16,BSE 500 TRI,7.45,14.75,13.7,13.76,14.21
Union Active Momentum Reg,Regular,Thematic,44782,INF582M01KC8,153111,NAV-verified,,,,,,,1,1,1,1,1,5,High Risk,OK,Verified ✓,N/A,N/A,N/A,N/A,N/A,BSE 500 TRI,N/A,N/A,N/A,N/A,N/A
WhiteOak Capital Quality Equity Reg,Regular,Thematic,44852,INF03VN01985,153190,NAV-verified,,,,,,,1,1,1,1,1,5,High Risk,OK,Verified ✓,-0.71,N/A,N/A,N/A,N/A,BSE 500 TRI,7.45,N/A,N/A,N/A,N/A
WhiteOak Capital Special Opportunities Reg,Regular,Thematic,44332,INF03VN01894,152643,NAV-verified,,,,,,,1,1,1,1,1,5,High Risk,OK,Verified ✓,5.75,N/A,N/A,N/A,N/A,BSE 500 TRI,7.45,N/A,N/A,N/A,N/A
ABSL MNC Reg,Regular,Thematic-Consumption,25,INF209K01322,100064,NAV-verified,-2.63,0.95,0.27,15.55,10.25,0.36,2,2,3,4,1,12,High Risk,OK,Verified ✓,-0.48,N/A,N/A,N/A,N/A,BSE 500 TRI,7.45,N/A,N/A,N/A,N/A
HDFC MNC Reg,Regular,Thematic-Consumption,43177,INF179KC1FF3,151457,NAV-verified,-6.18,0.96,0.05,15.19,6.76,0.05,1,1,3,3,1,9,High Risk,OK,Verified ✓,12.41,N/A,N/A,N/A,N/A,BSE 500 TRI,7.45,N/A,N/A,N/A,N/A
ICICI Pru MNC,Regular,Thematic-Consumption,39975,INF109KC1D69,147345,NAV-verified,0.53,0.81,0.5,12.77,12.39,0.54,6,6,4,5,1,22,Moderate Risk,OK,Verified ✓,6.19,11.58,6.17,6.87,8.38,BSE 500 TRI,7.45,14.75,13.7,13.76,14.21
Kotak MNC Reg,Regular,Thematic-Consumption,44577,INF174KA1JF2,150531,NAV-verified,,,,,,,1,1,1,1,1,5,High Risk,OK,Verified ✓,5.35,7.87,N/A,N/A,N/A,BSE 500 TRI,7.45,14.75,N/A,N/A,N/A
Kotak Nifty MNC ETF,Regular,Thematic-Consumption,42418,INF174KA1JF2,150531,NAV-verified,1.74,0.93,0.55,15.38,14.49,0.58,8,6,3,4,1,22,Moderate Risk,OK,Verified ✓,12.19,14.02,12.72,N/A,N/A,BSE 500 TRI,7.45,14.75,13.7,N/A,N/A
Motilal Oswal Nifty MNC ETF,Regular,Thematic-Consumption,45678,INF247L01GK1,154062,NAV-verified,,,,,,,1,1,1,1,1,5,High Risk,OK,Verified ✓,20.9,N/A,N/A,N/A,N/A,BSE 500 TRI,7.45,N/A,N/A,N/A,N/A
Nippon India MNC Reg,Regular,Thematic-Consumption,45294,INF204KC1FO4,153691,NAV-verified,,,,,,,1,1,1,1,1,5,High Risk,OK,Verified ✓,16.96,16.67,N/A,N/A,N/A,BSE 500 TRI,7.45,14.75,N/A,N/A,N/A
SBI MNC Reg,Regular,Thematic-Consumption,201,INF200K01271,103034,NAV-verified,-5.22,0.7,-0.01,11.89,5.9,-0.01,1,1,5,6,1,14,Moderately High Risk,OK,Verified ✓,N/A,N/A,N/A,N/A,N/A,BSE 500 TRI,N/A,N/A,N/A,N/A,N/A
UTI MNC Reg,Regular,Thematic-Consumption,544,INF789F01844,100740,NAV-verified,-2.34,0.89,0.29,14,10.15,0.34,2,2,4,4,1,13,Moderately High Risk,OK,Verified ✓,N/A,N/A,N/A,N/A,N/A,BSE 500 TRI,N/A,N/A,N/A,N/A,N/A
Baroda BNP Paribas Energy Opportunities Reg,Regular,Thematic-Dividend Yield,44848,INF251K01UH2,153224,NAV-verified,,,,,,,1,1,1,1,1,5,High Risk,OK,Verified ✓,5.08,6.87,8.89,11.01,10.3,BSE 500 TRI,7.45,14.75,13.7,13.76,14.21
DSP Natural Resources and New Energy Reg,Regular,Thematic-Dividend Yield,7128,INF740K01060,108202,NAV-verified,8.08,0.63,1.01,15.63,21.84,1.77,12,12,3,6,3,36,Very Low Risk,OK,Verified ✓,6.22,11.1,9.81,9.48,9.63,BSE 500 TRI,7.45,14.75,13.7,13.76,14.21
ICICI Pru Energy Opportunities Reg,Regular,Thematic-Dividend Yield,44416,INF109KC15W9,152726,NAV-verified,,,,,,,1,1,1,1,1,5,High Risk,OK,Verified ✓,10.79,N/A,N/A,N/A,N/A,BSE Energy TRI,9.36,N/A,N/A,N/A,N/A
Kotak Energy Opportunities Reg,Regular,Thematic-Dividend Yield,45064,INF174KA1WA6,153449,NAV-verified,,,,,,,1,1,1,1,1,5,High Risk,OK,Verified ✓,39.35,23.92,18.79,18.7,19.17,BSE Energy TRI,9.36,17.24,16.26,15.7,18.76
Mirae Asset Nifty Energy ETF,Regular,Thematic-Dividend Yield,45587,INF769K01PR2,153945,NAV-verified,,,,,,,1,1,1,1,1,5,High Risk,OK,Verified ✓,16.75,N/A,N/A,N/A,N/A,BSE Energy TRI,9.36,N/A,N/A,N/A,N/A
Motilal Oswal Nifty Energy ETF,Regular,Thematic-Dividend Yield,45556,INF247L01GH7,153931,NAV-verified,,,,,,,1,1,1,1,1,5,High Risk,OK,Verified ✓,N/A,N/A,N/A,N/A,N/A,BSE Energy TRI,N/A,N/A,N/A,N/A,N/A
SBI Energy Opportunities Reg,Regular,Thematic-Dividend Yield,44144,INF200KB1092,152418,NAV-verified,,,,,,,1,1,1,1,1,5,High Risk,OK,Verified ✓,N/A,N/A,N/A,N/A,N/A,BSE Energy TRI,N/A,N/A,N/A,N/A,N/A
Tata Resources & Energy Reg,Regular,Thematic-Dividend Yield,31362,INF277K012B6,135815,NAV-verified,1.67,0.67,0.62,16.03,15.96,0.93,8,6,3,6,2,25,Moderate Risk,OK,Verified ✓,N/A,N/A,N/A,N/A,N/A,BSE Energy TRI,N/A,N/A,N/A,N/A,N/A
ABSL ESG Integration Strategy Reg,Regular,Thematic-ESG,41219,INF209KB1U43,148635,NAV-verified,0.25,0.98,0.41,14.46,11.93,0.5,6,4,3,3,1,17,Moderately High Risk,OK,Verified ✓,9.35,N/A,N/A,N/A,N/A,BSE Energy TRI,9.36,N/A,N/A,N/A,N/A
Axis ESG Integration Strategy Reg,Regular,Thematic-ESG,40534,INF846K01W56,147929,NAV-verified,-1.28,0.91,0.3,13.2,9.99,0.38,4,2,4,4,1,15,Moderately High Risk,OK,Verified ✓,13.48,18.05,15.26,18.37,16.01,BSE Energy TRI,9.36,17.24,16.26,15.7,18.76
Baroda BNP Paribas ESG Best-in-class strategy Reg,Regular,Thematic-ESG,45835,INF251K01VM0,154194,Algorithm Match (84% Confidence),,,,,,,1,1,1,1,1,5,High Risk,NOT_FOUND,Neither code 154194 nor ISIN INF251K01VM0 confirmed in NAV,8.48,13.98,10.92,N/A,N/A,BSE 100 TRI,6.25,12.99,12.73,N/A,N/A
ICICI Pru ESG Exclusionary Strategy,Regular,Thematic-ESG,41125,INF109KC1N75,148517,NAV-verified,2.44,0.96,0.56,14.14,13.95,0.77,8,6,3,3,1,21,Moderate Risk,OK,Verified ✓,2.18,10.79,8.06,N/A,N/A,BSE 100 TRI,6.25,12.99,12.73,N/A,N/A
Invesco India ESG Integration Strategy Reg,Regular,Thematic-ESG,41337,INF205KA1304,148753,NAV-verified,-3.14,0.99,0.17,14.73,8.55,0.21,2,2,3,3,1,11,High Risk,OK,Verified ✓,N/A,N/A,N/A,N/A,N/A,BSE 100 TRI,N/A,N/A,N/A,N/A,N/A
Kotak ESG Exclusionary Strategy Reg,Regular,Thematic-ESG,41200,INF174KA1FF0,148602,NAV-verified,-0.7,0.95,0.35,13.55,10.79,0.4,4,4,4,4,1,17,Moderately High Risk,OK,Verified ✓,2.51,15.75,12.17,N/A,N/A,BSE 100 TRI,6.25,12.99,12.73,N/A,N/A
Mirae Asset Nifty 100 ESG Sector Leaders ETF,Regular,Thematic-ESG,41157,INF769K01GS9,148572,NAV-verified,-0.9,0.95,0.34,13.32,10.58,0.43,4,2,4,4,1,15,Moderately High Risk,OK,Verified ✓,-1.94,10.08,9.5,N/A,N/A,BSE 100 TRI,6.25,12.99,12.73,N/A,N/A
Mirae Asset Nifty 100 ESG Sector Leaders FoF Reg,Regular,Thematic-ESG,41158,INF769K01GS9,148572,NAV-verified,-1.34,0.95,0.31,13.35,10.13,0.39,4,2,4,4,1,15,Moderately High Risk,OK,Verified ✓,6.49,12.05,9.45,N/A,N/A,BSE 100 TRI,6.25,12.99,12.73,N/A,N/A
Quant ESG Integration Strategy Reg,Regular,Thematic-ESG,41163,INF966L01AB8,148560,NAV-verified,0.52,1.13,0.39,17.96,13.05,0.57,6,4,2,2,1,15,Moderately High Risk,OK,Verified ✓,5.39,11.99,10.22,N/A,N/A,BSE 100 TRI,6.25,12.99,12.73,N/A,N/A
Quantum ESG Best In Class Strategy Reg,Regular,Thematic-ESG,40009,INF082J01390,147371,NAV-verified,-2.94,1,0.19,14.58,8.85,0.22,2,2,3,3,1,11,High Risk,OK,Verified ✓,4.83,11.5,9.6,N/A,N/A,BSE 100 TRI,6.25,12.99,12.73,N/A,N/A
SBI ESG Exclusionary Strategy Reg,Regular,Thematic-ESG,190,INF200K01214,104523,NAV-verified,-1.07,0.97,0.32,13.88,10.53,0.36,4,2,4,3,1,14,Moderately High Risk,OK,Verified ✓,6.85,15,18.45,N/A,N/A,BSE 100 TRI,6.25,12.99,12.73,N/A,N/A
WhiteOak Capital ESG Best-In-Class Strategy Reg,Regular,Thematic-ESG,44644,INF03VN01969,152963,NAV-verified,,,,,,,1,1,1,1,1,5,High Risk,OK,Verified ✓,1.83,10.32,9.12,N/A,N/A,BSE 100 TRI,6.25,12.99,12.73,N/A,N/A
ABSL Nifty PSE ETF,Regular,Thematic-Energy,44301,INF209KB19Z4,152620,NAV-verified,,,,,,,1,1,1,1,1,5,High Risk,OK,Verified ✓,6.15,12.46,11.44,11.94,12.01,BSE 100 TRI,6.25,12.99,12.73,12.76,13.62
ABSL PSU Equity Reg,Regular,Thematic-Energy,40478,INF209KB1O66,147846,NAV-verified,-3.22,0.96,0.86,22.85,25.78,1.36,2,10,1,3,2,18,Moderately High Risk,OK,Verified ✓,1.86,N/A,N/A,N/A,N/A,BSE 100 TRI,6.25,N/A,N/A,N/A,N/A
CPSE ETF,Regular,Thematic-Energy,25711,INF457M01133,140107,NAV-verified,7,0.85,1.29,21.29,33.41,2.12,12,12,2,5,4,35,Very Low Risk,OK,Verified ✓,11.98,N/A,N/A,N/A,N/A,BSE PSU TRI,21.74,N/A,N/A,N/A,N/A
Groww Nifty India Railways PSU ETF,Regular,Thematic-Energy,44875,INF666M01JJ6,153229,NAV-verified,,,,,,,1,1,1,1,1,5,High Risk,OK,Verified ✓,16.34,28.34,26.71,N/A,N/A,BSE PSU TRI,21.74,33.56,31.02,N/A,N/A
Groww Nifty India Railways PSU Index Reg,Regular,Thematic-Energy,44876,INF666M01JN8,153232,NAV-verified,,,,,,,1,1,1,1,1,5,High Risk,OK,Verified ✓,20,36.26,36.19,21.05,18.04,BSE PSU TRI,21.74,33.56,31.02,20.07,16.96
Groww Nifty PSE ETF,Regular,Thematic-Energy,45783,INF666M01NQ3,154163,NAV-verified,,,,,,,1,1,1,1,1,5,High Risk,OK,Verified ✓,-9.39,N/A,N/A,N/A,N/A,BSE PSU TRI,21.74,N/A,N/A,N/A,N/A
Groww Nifty PSE ETF FOF Reg,Regular,Thematic-Energy,45784,INF666M01NV3,154174,NAV-verified,,,,,,,1,1,1,1,1,5,High Risk,OK,Verified ✓,-10.14,N/A,N/A,N/A,N/A,BSE PSU TRI,21.74,N/A,N/A,N/A,N/A
ICICI Pru PSU Equity,Regular,Thematic-Energy,42449,INF109KC19H2,150538,NAV-verified,-1.4,0.83,0.94,19.76,24.53,1.5,4,10,2,5,3,24,Moderate Risk,OK,Verified ✓,N/A,N/A,N/A,N/A,N/A,BSE PSU TRI,N/A,N/A,N/A,N/A,N/A
Invesco India PSU Equity Reg,Regular,Thematic-Energy,10694,INF205K01338,112171,NAV-verified,-3.05,0.96,0.85,23.39,25.96,1.3,2,10,1,3,2,18,Moderately High Risk,OK,Verified ✓,N/A,N/A,N/A,N/A,N/A,BSE PSU TRI,N/A,N/A,N/A,N/A,N/A
Kotak BSE PSU Index Reg,Regular,Thematic-Energy,44428,INF174KA1SI7,152752,NAV-verified,,,,,,,1,1,1,1,1,5,High Risk,OK,Verified ✓,12.36,27.09,N/A,N/A,N/A,BSE PSU TRI,21.74,33.56,N/A,N/A,N/A
Motilal Oswal Nifty PSE ETF,Regular,Thematic-Energy,45230,INF247L01FO5,153608,NAV-verified,,,,,,,1,1,1,1,1,5,High Risk,OK,Verified ✓,17.01,29.21,25.78,21.03,17.57,BSE PSU TRI,21.74,33.56,31.02,20.07,16.96
Quant PSU Reg,Regular,Thematic-Energy,44140,INF966L01DQ0,152413,NAV-verified,,,,,,,1,1,1,1,1,5,High Risk,OK,Verified ✓,20.42,N/A,N/A,N/A,N/A,BSE PSU TRI,21.74,N/A,N/A,N/A,N/A
SBI PSU Reg,Regular,Thematic-Energy,11198,INF200KB1712,153435,NAV-verified,0.01,0.94,0.99,22.6,28.47,1.61,6,10,1,4,3,24,Moderate Risk,OK,Verified ✓,N/A,N/A,N/A,N/A,N/A,BSE PSU TRI,N/A,N/A,N/A,N/A,N/A
ABSL Consumption Reg,Regular,Thematic-Infrastructure,2787,INF209K01447,103111,NAV-verified,-3.05,0.8,0.35,15.11,11.34,0.42,2,4,3,5,1,15,Moderately High Risk,OK,Verified ✓,5.73,N/A,N/A,N/A,N/A,BSE PSU TRI,21.74,N/A,N/A,N/A,N/A
Axis Consumption Reg,Regular,Thematic-Infrastructure,44464,INF846K016C7,149156,NAV-verified,,,,,,,1,1,1,1,1,5,High Risk,OK,Verified ✓,19.85,31.95,27.62,18.94,15.42,BSE PSU TRI,21.74,33.56,31.02,20.07,16.96
Axis NIFTY India Consumption ETF,Regular,Thematic-Infrastructure,41685,INF846K016C7,149156,NAV-verified,-0.63,0.82,0.5,15.85,14.02,0.59,4,6,3,5,1,19,Moderately High Risk,OK,Verified ✓,-0.18,12.35,12.6,13.27,13.98,BSE 500 TRI,7.45,14.75,13.7,13.76,14.21
Bajaj Finserv Consumption Reg,Regular,Thematic-Infrastructure,44687,INF0QA701979,153072,NAV-verified,,,,,,,1,1,1,1,1,5,High Risk,OK,Verified ✓,-1.7,N/A,N/A,N/A,N/A,BSE 500 TRI,7.45,N/A,N/A,N/A,N/A
Bank of India Consumption Reg,Regular,Thematic-Infrastructure,44806,INF761K01GL1,153140,NAV-verified,,,,,,,1,1,1,1,1,5,High Risk,OK,Verified ✓,2.49,15.34,N/A,N/A,N/A,BSE 500 TRI,7.45,14.75,N/A,N/A,N/A
Baroda BNP Paribas India Consumption Reg,Regular,Thematic-Infrastructure,37337,INF251K01PQ3,150268,NAV-verified,-2.41,0.81,0.4,15.26,12.08,0.44,2,4,3,5,1,15,Moderately High Risk,OK,Verified ✓,-4.79,N/A,N/A,N/A,N/A,BSE 500 TRI,7.45,N/A,N/A,N/A,N/A
Canara Robeco Consumer Trends Reg,Regular,Thematic-Infrastructure,10590,INF760K01241,112152,NAV-verified,-2.87,0.81,0.37,15.3,11.62,0.44,2,4,3,5,1,15,Moderately High Risk,OK,Verified ✓,6.67,N/A,N/A,N/A,N/A,BSE 500 TRI,7.45,N/A,N/A,N/A,N/A
Edelweiss Consumption Reg,Regular,Thematic-Infrastructure,44880,INF754K01UC6,153255,NAV-verified,,,,,,,1,1,1,1,1,5,High Risk,OK,Verified ✓,-2.62,13.17,12.6,14.3,N/A,BSE 500 TRI,7.45,14.75,13.7,13.76,N/A
Groww Nifty Non-Cyclical Consumer Index Reg,Regular,Thematic-Infrastructure,44323,INF666M01IB5,152633,NAV-verified,,,,,,,1,1,1,1,1,5,High Risk,OK,Verified ✓,-0.35,13.39,13.21,14.39,15.38,BSE 500 TRI,7.45,14.75,13.7,13.76,14.21
HDFC Consumption Reg,Regular,Thematic-Infrastructure,43557,INF179KC1GR6,151803,NAV-verified,,,,,,,1,1,1,1,1,5,High Risk,OK,Verified ✓,1.19,N/A,N/A,N/A,N/A,BSE 500 TRI,7.45,N/A,N/A,N/A,N/A
HDFC Nifty India Consumption Index Reg,Regular,Thematic-Infrastructure,45799,INF179KC1JZ3,154180,NAV-verified,,,,,,,1,1,1,1,1,5,High Risk,OK,Verified ✓,-6.93,N/A,N/A,N/A,N/A,BSE 500 TRI,7.45,N/A,N/A,N/A,N/A
HSBC Consumption Reg,Regular,Thematic-Infrastructure,43708,INF336L01RC6,152027,NAV-verified,,,,,,,1,1,1,1,1,5,High Risk,OK,Verified ✓,-3.65,N/A,N/A,N/A,N/A,BSE 500 TRI,7.45,N/A,N/A,N/A,N/A
ICICI Pru Bharat Consumption,Regular,Thematic-Infrastructure,39670,INF109KC1YA0,146950,NAV-verified,-1.88,0.76,0.42,14.48,12.05,0.48,4,4,3,5,1,17,Moderately High Risk,OK,Verified ✓,N/A,N/A,N/A,N/A,N/A,BSE 500 TRI,N/A,N/A,N/A,N/A,N/A
ICICI Pru Nifty India Consumption ETF,Regular,Thematic-Infrastructure,41802,INF109KC1V42,149285,NAV-verified,-0.45,0.83,0.52,15.88,14.21,0.6,4,6,3,5,1,19,Moderately High Risk,OK,Verified ✓,2.29,N/A,N/A,N/A,N/A,BSE 500 TRI,7.45,N/A,N/A,N/A,N/A
ITI Bharat Consumption Reg,Regular,Thematic-Infrastructure,44920,INF00XX01DD8,153263,NAV-verified,,,,,,,1,1,1,1,1,5,High Risk,OK,Verified ✓,0,13.42,14.32,N/A,N/A,BSE 500 TRI,7.45,14.75,13.7,N/A,N/A
Invesco India Consumption Reg,Regular,Thematic-Infrastructure,45527,INF205KA1BF2,153902,NAV-verified,,,,,,,1,1,1,1,1,5,High Risk,OK,Verified ✓,2.65,15.55,N/A,N/A,N/A,BSE 500 TRI,7.45,14.75,N/A,N/A,N/A
Kotak Consumption Reg,Regular,Thematic-Infrastructure,43858,INF174KA1JE5,150492,NAV-verified,,,,,,,1,1,1,1,1,5,High Risk,OK,Verified ✓,1.24,N/A,N/A,N/A,N/A,BSE 500 TRI,7.45,N/A,N/A,N/A,N/A
Kotak NIFTY India Consumption ETF,Regular,Thematic-Infrastructure,42398,INF174KA1JE5,150492,NAV-verified,-0.37,0.83,0.52,15.87,14.29,0.61,4,6,3,5,1,19,Moderately High Risk,OK,Verified ✓,N/A,N/A,N/A,N/A,N/A,BSE 500 TRI,N/A,N/A,N/A,N/A,N/A
LIC MF Consumption Reg,Regular,Thematic-Infrastructure,45566,INF767K01SA6,153950,NAV-verified,,,,,,,1,1,1,1,1,5,High Risk,OK,Verified ✓,5.71,N/A,N/A,N/A,N/A,BSE 500 TRI,7.45,N/A,N/A,N/A,N/A
Mahindra Manulife Consumption Reg,Regular,Thematic-Infrastructure,37845,INF174V01630,145355,NAV-verified,-3.04,0.82,0.36,15.3,11.6,0.41,2,4,3,5,1,15,Moderately High Risk,OK,Verified ✓,2.73,15.65,N/A,N/A,N/A,BSE 500 TRI,7.45,14.75,N/A,N/A,N/A
Mirae Asset Great Consumer Reg,Regular,Thematic-Infrastructure,12342,INF769K01135,114931,NAV-verified,-2.69,0.88,0.4,16.53,12.57,0.47,2,4,3,4,1,14,Moderately High Risk,OK,Verified ✓,N/A,N/A,N/A,N/A,N/A,BSE 500 TRI,N/A,N/A,N/A,N/A,N/A
Mirae Asset Nifty India New Age Consumption ETF,Regular,Thematic-Infrastructure,44832,INF769K01NS5,153191,NAV-verified,,,,,,,1,1,1,1,1,5,High Risk,OK,Verified ✓,-1.09,12.56,12.2,10.49,N/A,BSE 500 TRI,7.45,14.75,13.7,13.76,N/A
Mirae Asset Nifty India New Age Consumption ETF FoF Reg,Regular,Thematic-Infrastructure,44833,INF769K01NS5,153191,NAV-verified,,,,,,,1,1,1,1,1,5,High Risk,OK,Verified ✓,1.06,13.73,13.96,13.65,15.13,BSE 500 TRI,7.45,14.75,13.7,13.76,14.21
Motilal Oswal Consumption Reg,Regular,Thematic-Infrastructure,45541,INF247L01GD6,153916,NAV-verified,,,,,,,1,1,1,1,1,5,High Risk,OK,Verified ✓,3.65,N/A,N/A,N/A,N/A,BSE 500 TRI,7.45,N/A,N/A,N/A,N/A
Motilal Oswal Nifty MidSmall India Consumption Index Reg,Regular,Thematic-Infrastructure,44679,INF247L01DV5,153024,NAV-verified,,,,,,,1,1,1,1,1,5,High Risk,OK,Verified ✓,2.91,N/A,N/A,N/A,N/A,BSE 500 TRI,7.45,N/A,N/A,N/A,N/A
Nippon India Consumption Reg,Regular,Thematic-Infrastructure,2474,INF204KA1LD7,128331,NAV-verified,-3.04,0.8,0.35,15.43,11.36,0.39,2,4,3,5,1,15,Moderately High Risk,OK,Verified ✓,N/A,N/A,N/A,N/A,N/A,BSE 500 TRI,N/A,N/A,N/A,N/A,N/A
Nippon India ETF Nifty India Consumption,Regular,Thematic-Infrastructure,25700,INF204KA1LD7,128331,NAV-verified,-0.58,0.82,0.51,15.86,14.07,0.59,4,6,3,5,1,19,Moderately High Risk,OK,Verified ✓,-7.54,N/A,N/A,N/A,N/A,BSE 500 TRI,7.45,N/A,N/A,N/A,N/A
Quant Consumption Reg,Regular,Thematic-Infrastructure,44051,INF966L01DI7,152338,NAV-verified,,,,,,,1,1,1,1,1,5,High Risk,OK,Verified ✓,-4.42,12.66,15.02,15.39,12.8,BSE 500 TRI,7.45,14.75,13.7,13.76,14.21
SBI Consumption Opportunities Reg,Regular,Thematic-Infrastructure,630,INF200K01VR6,120576,NAV-verified,-4.5,0.83,0.26,15.81,10.17,0.32,2,2,3,5,1,13,Moderately High Risk,OK,Verified ✓,2.54,15.4,14,13.18,13.06,BSE 500 TRI,7.45,14.75,13.7,13.76,14.21
SBI Nifty Consumption ETF,Regular,Thematic-Infrastructure,41572,INF200KA1X17,149041,NAV-verified,-0.53,0.83,0.51,15.88,14.13,0.6,4,6,3,5,1,19,Moderately High Risk,OK,Verified ✓,-8.55,N/A,N/A,N/A,N/A,BSE 500 TRI,7.45,N/A,N/A,N/A,N/A
SBI Nifty India Consmpn Index Reg,Regular,Thematic-Infrastructure,44670,INF200KB1415,153012,NAV-verified,,,,,,,1,1,1,1,1,5,High Risk,OK,Verified ✓,-5.29,11.18,15.05,12.98,13.97,BSE 500 TRI,7.45,14.75,13.7,13.76,14.21
Sundaram Consumption Reg,Regular,Thematic-Infrastructure,3268,INF903J01561,102142,NAV-verified,-2.82,0.82,0.36,15.68,11.74,0.42,2,4,3,5,1,15,Moderately High Risk,OK,Verified ✓,2.58,15.46,N/A,N/A,N/A,BSE 500 TRI,7.45,14.75,N/A,N/A,N/A
Tata BSE Multicap Consmpn 50:30:20 Index Reg,Regular,Thematic-Infrastructure,45703,INF277KA1EM5,154064,NAV-verified,,,,,,,1,1,1,1,1,5,High Risk,OK,Verified ✓,1.96,N/A,N/A,N/A,N/A,BSE 500 TRI,7.45,N/A,N/A,N/A,N/A
Tata India Consumer Reg,Regular,Thematic-Infrastructure,31358,INF277K010A2,135804,NAV-verified,-0.39,0.79,0.51,15.51,13.93,0.62,4,6,3,5,1,19,Moderately High Risk,OK,Verified ✓,-3.92,12.8,12.26,10.95,12.3,BSE 500 TRI,7.45,14.75,13.7,13.76,14.21
UTI India Consumer Reg,Regular,Thematic-Infrastructure,5437,INF789F01CE6,106425,NAV-verified,-3.29,0.84,0.35,15.89,11.57,0.4,2,4,3,5,1,15,Moderately High Risk,OK,Verified ✓,N/A,N/A,N/A,N/A,N/A,BSE 500 TRI,N/A,N/A,N/A,N/A,N/A
Union Consumption Reg,Regular,Thematic-Infrastructure,45667,INF582M01MD2,154022,NAV-verified,,,,,,,1,1,1,1,1,5,High Risk,OK,Verified ✓,1.61,16.22,14.09,13.49,15.52,BSE 500 TRI,7.45,14.75,13.7,13.76,14.21
WhiteOak Capital Consumption Opportunities Reg,Regular,Thematic-Infrastructure,45779,INF03VN01AE1,154162,NAV-verified,,,,,,,1,1,1,1,1,5,High Risk,OK,Verified ✓,1.14,12.8,11.21,11.18,11.04,BSE 500 TRI,7.45,14.75,13.7,13.76,14.21
360 ONE Silver ETF,Regular,Thematic-PSU,45054,INF579M01BC3,153415,NAV-verified,,,,,,,1,1,1,1,1,5,High Risk,OK,Verified ✓,N/A,N/A,N/A,N/A,N/A,BSE 500 TRI,N/A,N/A,N/A,N/A,N/A
ABSL Silver ETF,Regular,Thematic-PSU,42016,INF209KB19F6,149779,NAV-verified,-1.09,0.99,0.94,42.11,45.63,2.05,4,10,1,3,4,22,Moderate Risk,OK,Verified ✓,N/A,N/A,N/A,N/A,N/A,BSE 500 TRI,N/A,N/A,N/A,N/A,N/A
ABSL Silver ETF FoF Reg,Regular,Thematic-PSU,42017,INF209KB14F7,149784,NAV-verified,2.02,0.84,1.01,36.37,42.68,2.28,8,12,1,5,4,30,Low Risk,OK,Verified ✓,146.84,N/A,N/A,N/A,N/A,N/A,N/A,N/A,N/A,N/A,N/A
Angel One Silver ETF,Regular,Thematic-PSU,45828,INF1J2R01171,154205,Algorithm Match (100% Confidence),,,,,,,1,1,1,1,1,5,High Risk,NOT_FOUND,Neither code 154205 nor ISIN INF1J2R01171 confirmed in NAV,148.36,43.77,N/A,N/A,N/A,N/A,N/A,N/A,N/A,N/A,N/A
Angel One Silver ETF FoF Reg,Regular,Thematic-PSU,45826,INF1J2R01163,154207,Algorithm Match (95% Confidence),,,,,,,1,1,1,1,1,5,High Risk,NOT_FOUND,Neither code 154207 nor ISIN INF1J2R01163 confirmed in NAV,145.79,43.35,N/A,N/A,N/A,N/A,N/A,N/A,N/A,N/A,N/A
Axis Silver ETF,Regular,Thematic-PSU,42522,INF846K011K1,150610,NAV-verified,-0.23,0.98,0.96,41.97,46.3,2.03,4,10,1,3,4,22,Moderate Risk,OK,Verified ✓,N/A,N/A,N/A,N/A,N/A,Commodities: Silver,N/A,N/A,N/A,N/A,N/A
Axis Silver FoF Reg,Regular,Thematic-PSU,42523,INF846KA1390,154077,NAV-verified,2.48,0.83,1.02,36.04,42.8,2.3,8,12,1,5,4,30,Low Risk,OK,Verified ✓,N/A,N/A,N/A,N/A,N/A,N/A,N/A,N/A,N/A,N/A,N/A
Bandhan Silver ETF,Regular,Thematic-PSU,45671,INF194KB1KI9,153929,NAV-verified,,,,,,,1,1,1,1,1,5,High Risk,OK,Verified ✓,147.78,44.3,N/A,N/A,N/A,N/A,N/A,N/A,N/A,N/A,N/A
Bandhan Silver ETF FoF Reg,Regular,Thematic-PSU,45733,INF194KB1KM1,154135,NAV-verified,,,,,,,1,1,1,1,1,5,High Risk,OK,Verified ✓,142.83,43.14,N/A,N/A,N/A,N/A,N/A,N/A,N/A,N/A,N/A
DSP Silver ETF,Regular,Thematic-PSU,42419,INF740KA1RE3,150523,NAV-verified,-0.88,0.99,0.95,42.05,45.8,2,4,10,1,3,4,22,Moderate Risk,OK,Verified ✓,N/A,N/A,N/A,N/A,N/A,N/A,N/A,N/A,N/A,N/A,N/A
DSP Silver ETF FoF Reg,Regular,Thematic-PSU,45135,INF740KA1RE3,150523,NAV-verified,,,,,,,1,1,1,1,1,5,High Risk,OK,Verified ✓,N/A,N/A,N/A,N/A,N/A,N/A,N/A,N/A,N/A,N/A,N/A
Edelweiss Silver ETF,Regular,Thematic-PSU,43921,INF754K01SF3,152212,NAV-verified,,,,,,,1,1,1,1,1,5,High Risk,OK,Verified ✓,148.36,44.45,N/A,N/A,N/A,N/A,N/A,N/A,N/A,N/A,N/A
Edelweiss Silver ETF FoF Reg,Regular,Thematic-PSU,45701,INF754K01OU1,150580,NAV-verified,,,,,,,1,1,1,1,1,5,High Risk,OK,Verified ✓,N/A,N/A,N/A,N/A,N/A,N/A,N/A,N/A,N/A,N/A,N/A
Groww Silver ETF,Regular,Thematic-PSU,45150,INF666M01OF4,153524,NAV-verified,,,,,,,1,1,1,1,1,5,High Risk,OK,Verified ✓,147.33,N/A,N/A,N/A,N/A,N/A,N/A,N/A,N/A,N/A,N/A
Groww Silver ETF FoF Reg,Regular,Thematic-PSU,45151,INF666M01KY3,153528,NAV-verified,,,,,,,1,1,1,1,1,5,High Risk,OK,Verified ✓,N/A,N/A,N/A,N/A,N/A,Commodities: Silver,N/A,N/A,N/A,N/A,N/A
HDFC Silver ETF,Regular,Thematic-PSU,42489,INF179KC1DI2,150556,NAV-verified,-1.06,1,0.94,42.71,46.03,2,4,10,1,3,4,22,Moderate Risk,OK,Verified ✓,N/A,N/A,N/A,N/A,N/A,N/A,N/A,N/A,N/A,N/A,N/A
HDFC Silver ETF FoF Reg,Regular,Thematic-PSU,42665,INF179KC1DI2,150556,NAV-verified,0.61,0.89,0.98,38.23,43.45,2.17,6,10,1,4,4,25,Moderate Risk,OK,Verified ✓,N/A,N/A,N/A,N/A,N/A,N/A,N/A,N/A,N/A,N/A,N/A
ICICI Pru Silver ETF,Regular,Thematic-PSU,41982,INF109KC1Y56,149464,NAV-verified,0.21,0.98,0.97,41.76,46.6,2.12,6,10,1,3,4,24,Moderate Risk,OK,Verified ✓,147.46,43.86,N/A,N/A,N/A,N/A,N/A,N/A,N/A,N/A,N/A
ICICI Pru Silver ETF FoF,Regular,Thematic-PSU,42021,INF109KC1Y72,149778,NAV-verified,2.76,0.82,1.02,35.5,42.39,2.37,8,12,1,5,4,30,Low Risk,OK,Verified ✓,143.44,43.19,N/A,N/A,N/A,N/A,N/A,N/A,N/A,N/A,N/A
Kotak Silver ETF,Regular,Thematic-PSU,42858,INF174KA1KU9,150948,NAV-verified,0.22,0.98,0.97,41.68,46.53,2.11,6,10,1,3,4,24,Moderate Risk,OK,Verified ✓,148.63,44.61,N/A,N/A,N/A,N/A,N/A,N/A,N/A,N/A,N/A
Kotak Silver ETF FoF Reg,Regular,Thematic-PSU,43294,INF174KA1KU9,150948,NAV-verified,,,,,,,1,1,1,1,1,5,High Risk,OK,Verified ✓,143.56,43.13,N/A,N/A,N/A,N/A,N/A,N/A,N/A,N/A,N/A
Mirae Asset Silver ETF,Regular,Thematic-PSU,43544,INF769K01KG6,151779,NAV-verified,,,,,,,1,1,1,1,1,5,High Risk,OK,Verified ✓,148.01,44.48,N/A,N/A,N/A,N/A,N/A,N/A,N/A,N/A,N/A
Mirae Asset Silver ETF FoF Reg,Regular,Thematic-PSU,45900,INF769K01QQ2,154282,Algorithm Match (94% Confidence),,,,,,,1,1,1,1,1,5,High Risk,NOT_FOUND,Neither code 154282 nor ISIN INF769K01QQ2 confirmed in NAV,146.05,43.05,N/A,N/A,N/A,N/A,N/A,N/A,N/A,N/A,N/A
Motilal Oswal Silver ETF,Regular,Thematic-PSU,45453,INF247L01FZ1,153820,NAV-verified,,,,,,,1,1,1,1,1,5,High Risk,OK,Verified ✓,147.79,N/A,N/A,N/A,N/A,N/A,N/A,N/A,N/A,N/A,N/A
Nippon India Silver ETF,Regular,Thematic-PSU,41984,INF204KC1402,149758,NAV-verified,0.04,0.98,0.97,41.61,46.29,2.11,6,10,1,3,4,24,Moderate Risk,OK,Verified ✓,N/A,N/A,N/A,N/A,N/A,N/A,N/A,N/A,N/A,N/A,N/A
Nippon India Silver ETF FoF Reg,Regular,Thematic-PSU,41985,INF204KC1352,149761,NAV-verified,-0.89,0.98,0.94,41.79,45.48,2.08,4,10,1,3,4,22,Moderate Risk,OK,Verified ✓,N/A,N/A,N/A,N/A,N/A,N/A,N/A,N/A,N/A,N/A,N/A
SBI Silver ETF,Regular,Thematic-PSU,44407,INF200KB1217,152725,NAV-verified,,,,,,,1,1,1,1,1,5,High Risk,OK,Verified ✓,147.66,44.25,N/A,N/A,N/A,N/A,N/A,N/A,N/A,N/A,N/A
SBI Silver ETF FoF Reg,Regular,Thematic-PSU,44420,INF200KB1225,152734,NAV-verified,,,,,,,1,1,1,1,1,5,High Risk,OK,Verified ✓,144.24,43.04,N/A,N/A,N/A,N/A,N/A,N/A,N/A,N/A,N/A
Tata Silver ETF,Regular,Thematic-PSU,44020,INF277KA1893,152297,NAV-verified,,,,,,,1,1,1,1,1,5,High Risk,OK,Verified ✓,147.67,N/A,N/A,N/A,N/A,N/A,N/A,N/A,N/A,N/A,N/A
Tata Silver ETF FoF Reg,Regular,Thematic-PSU,44024,INF277KA1893,152297,NAV-verified,,,,,,,1,1,1,1,1,5,High Risk,OK,Verified ✓,147.44,N/A,N/A,N/A,N/A,N/A,N/A,N/A,N/A,N/A,N/A
UTI Silver ETF,Regular,Thematic-PSU,43485,INF789F1AYM2,151732,NAV-verified,,,,,,,1,1,1,1,1,5,High Risk,OK,Verified ✓,150.16,N/A,N/A,N/A,N/A,N/A,N/A,N/A,N/A,N/A,N/A
UTI Silver ETF FoF Reg,Regular,Thematic-PSU,43486,INF789F1AYM2,151732,NAV-verified,,,,,,,1,1,1,1,1,5,High Risk,OK,Verified ✓,139.75,N/A,N/A,N/A,N/A,N/A,N/A,N/A,N/A,N/A,N/A
Zerodha Silver ETF,Regular,Thematic-PSU,45052,INF0R8F01091,153413,NAV-verified,,,,,,,1,1,1,1,1,5,High Risk,OK,Verified ✓,148.57,N/A,N/A,N/A,N/A,N/A,N/A,N/A,N/A,N/A,N/A
ABSL Value Reg,Regular,Value Oriented,6778,INF209K01LF3,108167,NAV-verified,3.07,1.1,0.64,17.16,17.04,0.88,10,6,2,2,2,22,Moderate Risk,OK,Verified ✓,144.1,N/A,N/A,N/A,N/A,N/A,N/A,N/A,N/A,N/A,N/A
Axis Nifty500 Value 50 ETF,Regular,Value Oriented,45050,INF846KA1119,153414,NAV-verified,,,,,,,1,1,1,1,1,5,High Risk,OK,Verified ✓,158.76,N/A,N/A,N/A,N/A,Commodities: Silver,145.15,N/A,N/A,N/A,N/A
Axis Nifty500 Value 50 Index Reg,Regular,Value Oriented,44612,INF846K012Y0,152950,NAV-verified,,,,,,,1,1,1,1,1,5,High Risk,OK,Verified ✓,12.06,18.98,15.78,13.35,12.33,BSE 500 TRI,7.45,14.75,13.7,13.76,14.21
Axis Value Reg,Regular,Value Oriented,41694,INF846KA1119,153414,NAV-verified,5.93,1,0.88,14.99,19.17,1.07,12,10,3,3,2,30,Low Risk,OK,Verified ✓,26.38,N/A,N/A,N/A,N/A,BSE 500 TRI,7.45,N/A,N/A,N/A,N/A
Bandhan Nifty 500 Value 50 Index Reg,Regular,Value Oriented,44627,INF194KB1IV6,152991,NAV-verified,,,,,,,1,1,1,1,1,5,High Risk,OK,Verified ✓,25.21,N/A,N/A,N/A,N/A,BSE 500 TRI,7.45,N/A,N/A,N/A,N/A
Bandhan Value Reg,Regular,Value Oriented,6693,INF194K01342,108909,NAV-verified,0.66,0.93,0.53,13.89,13.38,0.66,6,6,4,4,1,21,Moderate Risk,OK,Verified ✓,10.95,20.97,N/A,N/A,N/A,BSE 500 TRI,7.45,14.75,N/A,N/A,N/A
Baroda BNP Paribas Value Reg,Regular,Value Oriented,43506,INF251K01SA1,151747,NAV-verified,,,,,,,1,1,1,1,1,5,High Risk,OK,Verified ✓,25.09,N/A,N/A,N/A,N/A,BSE 500 TRI,7.45,N/A,N/A,N/A,N/A
Canara Robeco Value Reg,Regular,Value Oriented,41623,INF760K01JZ7,149088,NAV-verified,-0.22,0.98,0.47,14.49,12.86,0.58,4,4,3,3,1,15,Moderately High Risk,OK,Verified ✓,5.33,15.02,16.72,15.45,15.52,BSE 500 TRI,7.45,14.75,13.7,13.76,14.21
DSP Value Fund Reg*,Regular,Value Oriented,41192,INF740KA1PM0,148594,NAV-verified,6.14,0.65,1,10.79,16.87,1.35,12,12,5,6,2,37,Very Low Risk,OK,Verified ✓,3.26,N/A,N/A,N/A,N/A,BSE 500 TRI,7.45,N/A,N/A,N/A,N/A
Groww Value Reg,Regular,Value Oriented,30919,INF666M01BH7,135343,NAV-verified,0.47,0.93,0.51,14.08,13.23,0.7,6,6,3,4,1,20,Moderate Risk,OK,Verified ✓,4.74,14.59,N/A,N/A,N/A,BSE 500 TRI,7.45,14.75,N/A,N/A,N/A
HDFC NIFTY50 Value 20 ETF,Regular,Value Oriented,42535,INF179KC1DK8,150619,NAV-verified,-1.98,0.86,0.31,13.84,10.29,0.38,4,2,4,4,1,15,Moderately High Risk,OK,Verified ✓,18.63,18.92,14.47,N/A,N/A,BSE 500 TRI,7.45,14.75,13.7,N/A,N/A
HDFC Value Reg,Regular,Value Oriented,218,INF179K01426,101764,NAV-verified,2.5,0.99,0.66,14.64,15.64,0.84,8,8,3,3,2,24,Moderate Risk,OK,Verified ✓,7.76,15.47,13.18,11.83,10.27,BSE 500 TRI,7.45,14.75,13.7,13.76,14.21
HSBC Value Reg,Regular,Value Oriented,10789,INF677K01023,151110,NAV-verified,5.28,1.02,0.8,15.7,18.66,0.99,12,10,3,3,2,30,Low Risk,OK,Verified ✓,5.09,11.91,N/A,N/A,N/A,BSE 500 TRI,7.45,14.75,N/A,N/A,N/A
ICICI Pru Nifty200 Value 30 ETF,Regular,Value Oriented,44607,INF109KC16X5,152932,NAV-verified,,,,,,,1,1,1,1,1,5,High Risk,OK,Verified ✓,11.42,18.06,16.46,13.51,14.01,BSE 500 TRI,7.45,14.75,13.7,13.76,14.21
ICICI Pru Nifty200 Value 30 Index Reg,Regular,Value Oriented,44603,INF109KC10X8,152934,NAV-verified,,,,,,,1,1,1,1,1,5,High Risk,OK,Verified ✓,13.9,21.46,19.22,17.22,16.24,BSE 500 TRI,7.45,14.75,13.7,13.76,14.21
ICICI Pru Nifty50 Value 20 ETF,Regular,Value Oriented,32540,INF109KC11V0,139455,NAV-verified,-2.08,0.86,0.3,13.84,10.18,0.37,2,2,4,4,1,13,Moderately High Risk,OK,Verified ✓,27.49,N/A,N/A,N/A,N/A,BSE 500 TRI,7.45,N/A,N/A,N/A,N/A
ICICI Pru Nifty50 Value 20 Index,Regular,Value Oriented,44068,INF109KC19T7,152366,NAV-verified,,,,,,,1,1,1,1,1,5,High Risk,OK,Verified ✓,26.81,N/A,N/A,N/A,N/A,BSE 500 TRI,7.45,N/A,N/A,N/A,N/A
ICICI Pru Value,Regular,Value Oriented,2310,INF109KC11V0,139455,NAV-verified,4.37,0.84,0.81,12.83,16.44,1.07,10,10,4,5,2,31,Low Risk,OK,Verified ✓,5.04,11.8,12.67,13.76,N/A,BSE 500 TRI,7.45,14.75,13.7,13.76,N/A
ITI Value Reg,Regular,Value Oriented,41507,INF00XX01AN3,148973,NAV-verified,0.05,1.1,0.48,16.67,14.01,0.57,6,4,3,2,1,16,Moderately High Risk,OK,Verified ✓,4.53,N/A,N/A,N/A,N/A,BSE 500 TRI,7.45,N/A,N/A,N/A,N/A
Invesco India Contra Reg,Regular,Value Oriented,4278,INF205K01189,105460,NAV-verified,2.01,1.02,0.61,15.41,15.41,0.73,8,6,3,3,1,21,Moderate Risk,OK,Verified ✓,7.73,17.96,18.92,17.62,15.23,BSE 500 TRI,7.45,14.75,13.7,13.76,14.21
JM Value Reg,Regular,Value Oriented,403,INF137A01037,100254,NAV-verified,0.83,1.13,0.49,18.24,14.98,0.67,6,4,2,2,1,15,Moderately High Risk,OK,Verified ✓,8.97,16.31,N/A,N/A,N/A,BSE 500 TRI,7.45,14.75,N/A,N/A,N/A
Kotak Contra Reg,Regular,Value Oriented,2780,INF174K01245,103040,NAV-verified,3.09,1.02,0.69,15.28,16.52,0.81,10,8,3,3,2,26,Moderate Risk,OK,Verified ✓,4.29,17.46,15.33,14.77,15.31,BSE 500 TRI,7.45,14.75,13.7,13.76,14.21
Kotak Nifty 50 Value 20 ETF,Regular,Value Oriented,31271,INF174K01Z71,135744,NAV-verified,-1.89,0.87,0.31,13.85,10.38,0.38,4,2,4,4,1,15,Moderately High Risk,OK,Verified ✓,0.89,17.04,16.38,15.27,15.77,BSE 500 TRI,7.45,14.75,13.7,13.76,14.21
Kotak Nifty200 Value 30 Index Reg,Regular,Value Oriented,45761,INF174KA1YS4,154148,NAV-verified,,,,,,,1,1,1,1,1,5,High Risk,OK,Verified ✓,9.23,18.49,16.35,15.68,15.89,BSE 500 TRI,7.45,14.75,13.7,13.76,14.21
LIC MF Value Reg,Regular,Value Oriented,37210,INF397L01KQ3,152016,NAV-verified,0.35,1.05,0.46,17.2,13.96,0.5,6,4,2,3,1,16,Moderately High Risk,OK,Verified ✓,5.27,12.01,12.8,13.8,14.92,BSE 500 TRI,7.45,14.75,13.7,13.76,14.21
Mahindra Manulife Value Reg,Regular,Value Oriented,44932,INF174V01CF5,153304,NAV-verified,,,,,,,1,1,1,1,1,5,High Risk,OK,Verified ✓,N/A,N/A,N/A,N/A,N/A,BSE 500 TRI,N/A,N/A,N/A,N/A,N/A
Mirae Asset Nifty 500 Value 50 ETF,Regular,Value Oriented,45914,INF769K01QV2,154299,Algorithm Match (100% Confidence),,,,,,,1,1,1,1,1,5,High Risk,NOT_FOUND,Neither code 154299 nor ISIN INF769K01QV2 confirmed in NAV,14.12,15.72,13.88,13.04,N/A,BSE 500 TRI,7.45,14.75,13.7,13.76,N/A
Motilal Oswal BSE Enhanced Value ETF,Regular,Value Oriented,42441,INF247L01BE5,150517,NAV-verified,13.8,1.29,1.05,21.94,29.17,1.42,12,12,2,1,2,29,Low Risk,OK,Verified ✓,14.32,N/A,N/A,N/A,N/A,BSE 500 TRI,7.45,N/A,N/A,N/A,N/A
Motilal Oswal BSE Enhanced Value Index Reg,Regular,Value Oriented,42442,INF247L01BG0,150519,NAV-verified,12.69,1.29,1.01,21.84,28.03,1.37,12,12,2,1,2,29,Low Risk,OK,Verified ✓,N/A,N/A,N/A,N/A,N/A,BSE 500 TRI,N/A,N/A,N/A,N/A,N/A
Nippon India ETF Nifty 50 Value 20,Regular,Value Oriented,30446,INF204KB18I3,134782,NAV-verified,-2.1,0.86,0.3,13.82,10.16,0.37,2,2,4,4,1,13,Moderately High Risk,OK,Verified ✓,23.29,32.64,N/A,N/A,N/A,BSE 500 TRI,7.45,14.75,N/A,N/A,N/A
Nippon India Nifty 50 Value 20 Index Reg,Regular,Value Oriented,41289,INF204KB19Y8,148719,NAV-verified,-2.66,0.86,0.26,13.83,9.6,0.32,2,2,4,4,1,13,Moderately High Risk,OK,Verified ✓,22.11,31.19,N/A,N/A,N/A,BSE 500 TRI,7.45,14.75,N/A,N/A,N/A
Nippon India Value Reg,Regular,Value Oriented,2790,INF204K01GB3,103085,NAV-verified,4.79,1.02,0.79,15.36,18.2,1.01,10,8,3,3,2,26,Moderate Risk,OK,Verified ✓,5.05,11.76,12.54,13.81,14.89,BSE 500 TRI,7.45,14.75,13.7,13.76,14.21
Quant Value Reg,Regular,Value Oriented,41846,INF966L01AQ6,149337,NAV-verified,4.77,1.13,0.68,19.05,18.95,1.15,10,8,2,2,2,24,Moderate Risk,OK,Verified ✓,4.38,11.15,11.9,N/A,N/A,BSE 500 TRI,7.45,14.75,13.7,N/A,N/A
Quantum Value Reg,Regular,Value Oriented,33968,INF082J01242,141068,NAV-verified,0.52,0.87,0.51,13.2,12.82,0.63,6,6,4,4,1,21,Moderate Risk,OK,Verified ✓,6.92,20.27,18.09,16.52,15.75,BSE 500 TRI,7.45,14.75,13.7,13.76,14.21
SBI Contra Reg,Regular,Value Oriented,633,INF200K01362,102414,NAV-verified,2.44,0.95,0.65,14.15,15.29,0.83,8,8,3,4,2,25,Moderate Risk,OK,Verified ✓,13.77,21.54,N/A,N/A,N/A,BSE 500 TRI,7.45,14.75,N/A,N/A,N/A
Sundaram Value Reg,Regular,Value Oriented,687,INF903J01538,101853,NAV-verified,-2.63,0.91,0.29,13.69,9.98,0.32,2,2,4,4,1,13,Moderately High Risk,OK,Verified ✓,1.32,14.2,12.36,10.89,11.39,BSE 500 TRI,7.45,14.75,13.7,13.76,14.21
Tata Value Reg,Regular,Value Oriented,2267,INF277K01451,101672,NAV-verified,2.57,1.02,0.65,15.3,15.93,0.84,8,8,3,3,2,24,Moderate Risk,OK,Verified ✓,6.91,17.1,18.9,18.83,16.32,BSE 500 TRI,10.42,15.47,13.24,13.98,14.69
Templeton India Value Reg,Regular,Value Oriented,221,INF090I01296,100496,NAV-verified,1.04,0.94,0.55,14.14,13.82,0.7,6,6,3,4,1,20,Moderate Risk,OK,Verified ✓,4.7,11.26,11.84,10.83,11.28,BSE 500 TRI,7.45,14.75,13.7,13.76,14.21
UTI Nifty 500 Value 50 Index Reg,Regular,Value Oriented,43494,INF789F1AYO8,151738,NAV-verified,,,,,,,1,1,1,1,1,5,High Risk,OK,Verified ✓,7.31,17.57,16.2,14.13,15,BSE 500 TRI,7.45,14.75,13.7,13.76,14.21
UTI Value Reg,Regular,Value Oriented,2820,INF789F01AG5,103098,NAV-verified,1.87,0.95,0.61,14.29,14.77,0.75,8,6,3,4,1,22,Moderate Risk,OK,Verified ✓,6.06,15.21,17.41,14.98,14.32,BSE 500 TRI,7.45,14.75,13.7,13.76,14.21
Union Value Reg,Regular,Value Oriented,38205,INF582M01EO6,145471,NAV-verified,2.38,0.93,0.64,14.11,15.1,0.79,8,6,3,4,1,22,Moderate Risk,OK,Verified ✓,25.22,N/A,N/A,N/A,N/A,BSE 500 TRI,7.45,N/A,N/A,N/A,N/A
,,,,,,,,,,,,,,,,,,,,,,6.24,16.44,14.43,14.58,13.73,BSE 500 TRI,7.45,14.75,13.7,13.76,14.21
,,,,,,,,,,,,,,,,,,,,,,11,17.15,15.64,14.52,N/A,BSE 500 TRI,7.45,14.75,13.7,13.76,N/A