Fund Name,Scheme Code,ISIN,Plan,Category,VR ID,"Mean Return
(%)","Std Dev
(%)",Sharpe,Sortino,Beta,Alpha,"No. of
Stocks","Top 10
Holdings %","Top 5
Stocks %","Top 3
Sectors %","P/B
Ratio","P/E
Ratio","No. of
Securities","Mac Dur
(yrs)","Avg Mat
(yrs)","YTM
(%)","Avg Credit
Rating","YTM
Score","Mac Dur
Score","Avg Mat
Score","Credit
Score","StdDev
Score","Sharpe
Score","Sortino
Score","Return
Score","Stocks
Score","Top10
Score","Top5
Score","Sector
Score","P/E
Score","P/B
Score","Securities
Score","Debt
Total","Risk
Total","Divers.
Total","Valuation
Total","Breadth
Total","TOTAL
SCORE","RISK
LABEL",Verification Status,Note,Fund 1Y,Fund 3Y,Fund 5Y,Bench 1Y,Bench 3Y,Bench 5Y
ABSL Aggressive Hybrid Omni FoF Dir*,132185,INF084M01ET2,Direct,Aggressive Hybrid,16932,11.11,9.33,0.54,0.61,,,,,,,,,9,,,,AAA,,,,3,1.5,1.5,1.5,2,,,,,,,0.5,3,6.5,,,0.5,10,High Risk,OK,Verified ✓,7.45,13.07,11.1,10,14.97,13.03
ABSL Equity Hybrid '95 Dir,120517,INF209K01ZC0,Direct,Aggressive Hybrid,15692,11.84,10.97,0.53,0.63,,,81,34.7,22.07,46.47,3.68,26.45,166,4.06,5.67,7.82,AAA,2.5,1.5,2,3,1.5,1.5,1.5,2,2.5,2,2,1.5,1.25,1.25,1.75,9,6.5,8,2.5,1.75,27.75,Low Risk,OK,Verified ✓,9.25,13.77,10.76,10,14.97,13.03
ABSL Retirement 40s Dir,146930,INF209KB1I80,Direct,Aggressive Hybrid,39185,13,11.18,0.62,0.78,,,52,39.86,25.78,45.29,3.37,23.84,57,4.17,8.35,6.76,GOI/Cash,2,1.5,1,3,1.5,1.5,1.5,2.5,1.5,2,2,1.5,1.5,1.5,1,7.5,7,7,3,1,25.5,Moderate Risk,OK,Verified ✓,11.52,15.03,10.34,10,14.97,13.03
Axis Aggressive Hybrid Dir,144394,INF846K01E25,Direct,Aggressive Hybrid,37134,10.98,10.86,0.46,0.61,,,84,36.97,24.18,39.79,3.32,22.86,115,4.16,8.5,7.74,AA,2.5,1.5,1,2.5,1.5,1,1.5,2,2.5,2,2,2,1.5,1.5,1.5,7.5,6,8.5,3,1.5,26.5,Moderate Risk,OK,Verified ✓,8.38,12.43,10.06,10,14.97,13.03
Axis Children's Dir,135762,INF846K01WO1,Direct,Aggressive Hybrid,31507,9.92,10.56,0.37,0.47,,,88,41.78,27.78,39.39,3.24,22.46,106,4.17,5.29,7.03,AAA,2.5,1.5,2,3,1.5,1,1,1.5,2.5,1.5,2,2,1.5,1.5,1.5,9,5,8,3,1.5,26.5,Moderate Risk,OK,Verified ✓,7.59,11.24,9.2,10,14.97,13.03
Axis Retirement-Aggressive Plan Dir,147825,INF846K01S86,Direct,Aggressive Hybrid,40429,12.66,11.81,0.56,0.69,,,85,43.72,27.42,42.14,3.43,23.59,93,6.24,11.31,6.63,GOI/Cash,2,1,1,3,1.5,1.5,1.5,2.5,2.5,1.5,2,1.5,1.5,1.5,1.25,7,7,7.5,3,1.25,25.75,Moderate Risk,OK,Verified ✓,5.71,14.56,9.23,10,14.97,13.03
Bandhan Aggressive Hybrid Dir,140382,INF194KA1U56,Direct,Aggressive Hybrid,33270,14.67,12.02,0.72,0.83,,,79,35.92,23.48,42.32,3.43,24.37,97,2.05,3.18,6.95,AAA,2,2,2.5,3,1,1.5,1.5,2.5,2,2,2,1.5,1.5,1.5,1.25,9.5,6.5,7.5,3,1.25,27.75,Low Risk,OK,Verified ✓,15.69,17.06,14.18,10,14.97,13.03
Bandhan Aggressive Hybrid Passive FoF Dir,118485,INF194K012B6,Direct,Aggressive Hybrid,16468,12.68,10.73,0.62,0.7,,,,,,,,,3,,,,GOI/Cash,,,,3,1.5,1.5,1.5,2.5,,,,,,,0.5,3,7,,,0.5,10.5,High Risk,OK,Verified ✓,12.94,15.46,12.04,10,14.97,13.03
Bandhan Retirement Dir,152102,INF194KB1GU2,Direct,Aggressive Hybrid,43791,,,,,,,56,59.06,44.49,38.41,3.14,21.09,65,10.11,23.05,7.06,GOI/Cash,2.5,1,1,3,,,,,1.5,1,1,2,1.75,1.5,1.25,7.5,,5.5,3.25,1.25,17.5,Moderately High Risk,OK,Verified ✓,7.96,N/A,N/A,10,N/A,N/A
Bank of India Mid & Small Cap Eqt & Debt Dir,139527,INF761K01DM6,Direct,Aggressive Hybrid,32609,17.87,14.8,0.8,0.99,,,65,23.46,13.13,47.11,3.72,29.2,93,1.57,1.91,6.53,AAA,2,2.5,3,3,1,2,1.5,3,2,2.5,2.5,1.5,1.25,1.25,1.25,10.5,7.5,8.5,2.5,1.25,30.25,Low Risk,OK,Verified ✓,17.45,20.43,17.71,10,14.97,13.03
Baroda BNP Paribas Aggressive Hybrid Dir,150260,INF251K01OZ7,Direct,Aggressive Hybrid,33836,13.04,10.5,0.67,0.79,,,55,34.6,23.56,45.43,3.65,26.33,87,3.08,4.68,6.87,AAA,2,1.5,2,3,1.5,1.5,1.5,2.5,1.5,2,2,1.5,1.25,1.25,1.25,8.5,7,7,2.5,1.25,26.25,Moderate Risk,OK,Verified ✓,9.79,15.07,13.27,10,14.97,13.03
Baroda BNP Paribas Retirement Dir,152628,INF251K01TJ0,Direct,Aggressive Hybrid,44295,,,,,,,52,39.67,29.59,48.32,4.2,30.68,61,10.11,29.25,7.11,AAA,2.5,1,1,3,,,,,1.5,2,1.5,1.5,1,1.25,1.25,7.5,,6.5,2.25,1.25,17.5,Moderately High Risk,OK,Verified ✓,11.48,N/A,N/A,10,N/A,N/A
Canara Robeco Equity Hybrid Dir,118272,INF760K01EZ8,Direct,Aggressive Hybrid,16384,12.15,10.81,0.57,0.69,,,66,28.84,17.78,45.71,3.55,23.08,131,2.18,3.93,6.66,AAA,2,2,2.5,3,1.5,1.5,1.5,2.5,2,2.5,2.5,1.5,1.5,1.25,1.5,9.5,7,8.5,2.75,1.5,29.25,Low Risk,OK,Verified ✓,10.17,14.23,12.08,10,14.97,13.03
DSP Aggressive Hybrid Dir,119019,INF740K01NY4,Direct,Aggressive Hybrid,15793,13.55,10.94,0.69,0.89,,,44,,,,,18.75,88,5.88,13.66,7.2,AAA,2.5,1,1,3,1.5,1.5,1.5,2.5,1.5,,,,1.75,,1.25,7.5,7,1.5,1.75,1.25,19,Moderately High Risk,OK,Verified ✓,4.9,15.56,12.11,10,14.97,13.03
Edelweiss Aggressive Hybrid Dir,118624,INF754K01CE0,Direct,Aggressive Hybrid,17354,14.94,11.05,0.81,0.98,,,87,34.24,21.66,43.48,3.3,22.1,102,1.07,1.15,6.35,AAA,1.5,2.5,3,3,1.5,2,1.5,2.5,2.5,2,2,1.5,1.5,1.5,1.5,10,7.5,8,3,1.5,30,Low Risk,OK,Verified ✓,10.39,17.29,16.15,10,14.97,13.03
Edelweiss Nifty LargeMidcap250 Plus 8-13 Yr G-Sec 70:30 Index Dir,149340,INF754K01NM0,Direct,Aggressive Hybrid,45923,,,,,,,,,,,,,,,,,,,,,,,,,,,,,,,,,,,,,,,N/A,NOT_FOUND,Neither code 149340 nor ISIN INF754K01NM0 confirmed in NAV,N/A,N/A,N/A,N/A,N/A,N/A
Franklin India Aggressive Hybrid Dir,118546,INF090I01FZ1,Direct,Aggressive Hybrid,16020,12.79,11.45,0.58,0.72,,,49,38.11,22.67,43.13,3.72,26.58,73,3.99,6.91,7.39,AAA,2.5,1.5,1.5,3,1.5,1.5,1.5,2.5,1.5,2,2,1.5,1.25,1.25,1.25,8.5,7,7,2.5,1.25,26.25,Moderate Risk,OK,Verified ✓,6.79,14.45,12.53,10,14.97,13.03
Groww Aggressive Hybrid Dir,145599,INF666M01FA3,Direct,Aggressive Hybrid,38328,10.18,11.02,0.38,0.45,,,39,47.71,31.25,50.72,3.51,21.29,42,0,0,5.69,GOI/Cash,1,3,3,3,1.5,1,1,2,1,1.5,1.5,1,1.75,1.25,1,10,5.5,5,3,1,24.5,Moderate Risk,OK,Verified ✓,7.53,11.98,10.59,10,14.97,13.03
HDFC Children's Dir,100900,INF179KC1IY8,Direct,Aggressive Hybrid,15995,10.85,10.69,0.45,0.58,,,45,38.74,24.59,45.11,3.05,19.07,98,4.89,7.31,6.72,AAA,2,1.5,1.5,3,1.5,1,1.5,2,1.5,2,2,1.5,1.75,1.5,1.25,8,6,7,3.25,1.25,25.5,Moderate Risk,OK,Verified ✓,5.27,12.2,13.36,10,14.97,13.03
HDFC Hybrid Equity Dir,119062,INF179K01XZ1,Direct,Aggressive Hybrid,16132,8.65,10.53,0.25,0.27,,,49,38.47,25.59,44.21,3.08,20.49,130,5.33,9.67,7.29,AAA,2.5,1,1,3,1.5,1,1,1.5,1.5,2,2,1.5,1.75,1.5,1.5,7.5,5,7,3.25,1.5,24.25,Moderate Risk,OK,Verified ✓,4.18,10.11,11.39,10,14.97,13.03
HDFC Retirement Savings Hybrid Equity Dir,136464,INF179KB1MH6,Direct,Aggressive Hybrid,31782,11.16,10.6,0.48,0.57,,,72,,,,,20.01,85,4.29,5.9,6.47,AAA,1.5,1.5,2,3,1.5,1,1.5,2,2,,,,1.75,,1.25,8,6,2,1.75,1.25,19,Moderately High Risk,OK,Verified ✓,6.05,12.89,12.77,10,14.97,13.03
HSBC Aggressive Hybrid Active FoF Dir*,129200,INF336L01ID3,Direct,Aggressive Hybrid,25860,12.79,11.49,0.59,0.69,,,,,,,,,6,,,,AAA,,,,3,1.5,1.5,1.5,2.5,,,,,,,0.5,3,7,,,0.5,10.5,High Risk,OK,Verified ✓,11.78,14.87,12.41,10,14.97,13.03
HSBC Aggressive Hybrid Dir,151122,INF917K01LE4,Direct,Aggressive Hybrid,16264,13.67,13.3,0.57,0.63,,,66,30,18.89,50.85,4.31,28.94,100,2.22,2.72,7.11,AAA,2.5,2,2.5,3,1,1.5,1.5,2.5,2,2.5,2.5,1,1.25,1.25,1.5,10,6.5,8,2.5,1.5,28.5,Low Risk,OK,Verified ✓,16.83,15.82,11.96,10,14.97,13.03
ICICI Pru Aggressive Hybrid Active FoF Dir*,,,Direct,Aggressive Hybrid,17838,15.96,11.75,0.85,1.19,0.77,4.39,,,,,,,8,,,,AAA,,,,3,1.5,2,2,3,,,,,,,0.5,3,8.5,,,0.5,12,High Risk,NOT_FOUND,Both code and ISIN missing,7.7,18.07,17.22,10,14.97,13.03
ICICI Pru Children's Dir,120579,INF109K01Y49,Direct,Aggressive Hybrid,15940,15.52,13.75,0.69,0.86,,,84,36.34,24.92,60.21,2.71,21.83,94,,,,AAA,,,,3,1,1.5,1.5,3,2.5,2,2,0.5,1.75,1.75,1.25,3,7,7,3.5,1.25,21.75,Moderate Risk,OK,Verified ✓,12.11,18.23,14.37,10,14.97,13.03
ICICI Pru Equity & Debt Dir,120251,INF109K01Y07,Direct,Aggressive Hybrid,15815,16.27,10.34,0.99,1.26,,,126,37.48,24.91,41.22,2.91,21.41,245,4.26,8.19,7.17,AAA,2.5,1.5,1,3,1.5,2,2,3,2.5,2,2,1.5,1.75,1.75,2,8,8.5,8,3.5,2,30,Low Risk,OK,Verified ✓,11.46,18.64,18.86,10,14.97,13.03
ICICI Pru Retirement Hybrid Aggressive Dir,146721,INF109KC1TW4,Direct,Aggressive Hybrid,39059,20.02,13.39,1.05,1.34,,,75,20.73,11.64,40.17,4.68,31.27,96,2.1,3.59,6.69,AAA,2,2,2.5,3,1,2.5,2,3,2,2.5,2.5,1.5,1,1,1.25,9.5,8.5,8.5,2,1.25,29.75,Low Risk,OK,Verified ✓,21.36,23.2,17.25,10,14.97,13.03
Invesco India Aggressive Hybrid Dir,143537,INF205K014Q7,Direct,Aggressive Hybrid,36540,13.1,12.31,0.57,0.66,,,50,40.24,25.95,44.28,4.19,27.8,64,1.89,2.13,7,AAA,2.5,2.5,2.5,3,1,1.5,1.5,2.5,1.5,1.5,2,1.5,1.25,1.25,1.25,10.5,6.5,6.5,2.5,1.25,27.25,Low Risk,OK,Verified ✓,2.71,15.16,12.05,10,14.97,13.03
JM Aggressive Hybrid Dir,120484,INF192K01BQ9,Direct,Aggressive Hybrid,17144,15.8,13.59,0.72,1.03,,,43,32.22,18.48,51.77,4.1,28.95,76,3.63,5,6.91,AAA,2,1.5,2,3,1,1.5,2,3,1.5,2,2.5,1,1.25,1.25,1.25,8.5,7.5,7,2.5,1.25,26.75,Moderate Risk,OK,Verified ✓,5.31,18.25,15.34,10,14.97,13.03
Kotak Aggressive Hybrid Dir,133035,INF174K01F00,Direct,Aggressive Hybrid,16338,13.41,12.03,0.61,0.66,,,60,31.57,17.9,50.1,3.47,22.42,110,5.89,13.69,6.75,AAA,2,1,1,3,1,1.5,1.5,2.5,2,2,2.5,1,1.5,1.5,1.5,7,6.5,7.5,3,1.5,25.5,Moderate Risk,OK,Verified ✓,13.78,15.87,13.99,10,14.97,13.03
LIC MF Aggressive Hybrid Dir,120261,INF767K01ED0,Direct,Aggressive Hybrid,16765,11.33,11.79,0.45,0.53,,,59,28.44,17.45,42.61,3.46,24.21,74,,,,AAA,,,,3,1.5,1,1.5,2,1.5,2.5,2.5,1.5,1.5,1.5,1.25,3,6,8,3,1.25,21.25,Moderate Risk,OK,Verified ✓,10.89,13.54,10.26,10,14.97,13.03
LIC MF ULIS Dir,134878,,Direct,Aggressive Hybrid,17866,8.75,11.04,0.25,0.31,,,44,40.24,25.35,43.91,4.04,26.27,55,,,,AAA,,,,3,1.5,1,1,1.5,1.5,1.5,2,1.5,1.25,1.25,1,3,5,6.5,2.5,1,18,Moderately High Risk,FIXED,ISIN was missing → filled from NAV,4.7,10.53,9.93,10,14.97,13.03
Mahindra Manulife Aggressive Hybrid Dir,147446,INF174V01788,Direct,Aggressive Hybrid,40094,14.96,11.37,0.79,1,,,63,31.92,21.35,45.47,3.13,24.38,99,2.88,4.5,7.63,AAA,2.5,2,2,3,1.5,2,2,2.5,2,2,2,1.5,1.5,1.5,1.25,9.5,8,7.5,3,1.25,29.25,Low Risk,OK,Verified ✓,8.41,17,15.18,10,14.97,13.03
Mirae Asset Aggressive Hybrid Dir,134813,INF769K01DH9,Direct,Aggressive Hybrid,30604,12.91,11.06,0.62,0.72,,,76,33.26,22.03,45.25,3.18,21.78,137,3.09,5.13,7.14,AAA,2.5,1.5,2,3,1.5,1.5,1.5,2.5,2,2,2,1.5,1.75,1.5,1.5,9,7,7.5,3.25,1.5,28.25,Low Risk,OK,Verified ✓,13.35,15.01,12.82,10,14.97,13.03
Navi Aggressive Hybrid Dir,143163,INF959L01CX3,Direct,Aggressive Hybrid,35943,11.48,11.07,0.49,0.57,,,57,39.48,22.83,48,3.13,21.92,63,0.12,0.12,6.58,AAA,2,3,3,3,1.5,1,1.5,2,1.5,2,2,1.5,1.75,1.5,1.25,11,6,7,3.25,1.25,28.5,Low Risk,OK,Verified ✓,12.79,14.28,12.69,10,14.97,13.03
Nippon India Aggressive Hybrid Dir,118794,INF204K01B08,Direct,Aggressive Hybrid,16159,12.76,10.37,0.65,0.76,,,,,,,,,,,1,,,,,3,,1.5,1.5,1.5,2.5,,,,,,,,3,7,,,,10,High Risk,OK,Verified ✓,10.83,14.74,13.34,10,14.97,13.03
Nippon India Aggressive Hybrid Seg Port 1 Direct,147689,INF204KB16F3,Direct,Aggressive Hybrid,40312,,,,,,,,,,,,,,,1,,,,,3,,,,,,,,,,,,,3,,,,,3,High Risk,OK,Verified ✓,N/A,N/A,N/A,N/A,N/A,N/A
Nippon India Aggressive Hybrid Seg Port 2 Dir,148271,INF204KB10U5,Direct,Aggressive Hybrid,40856,,,,,,,,,,,,,,,1,,,,,3,,,,,,,,,,,,,3,,,,,3,High Risk,OK,Verified ✓,N/A,N/A,N/A,N/A,N/A,N/A
PGIM India Aggressive Hybrid Equity Dir*,138386,INF663L01GX2,Direct,Aggressive Hybrid,15620,9.46,10.06,0.34,0.46,,,47,46.51,30.73,37.06,3.94,26.87,60,,6.49,6.54,AAA,2,,1.5,3,1.5,1,1,1.5,1.5,1.5,1.5,2,1.25,1.25,1.25,6.5,5,6.5,2.5,1.25,21.75,Moderate Risk,OK,Verified ✓,6.14,11.26,9.55,10,14.97,13.03
Quant Aggressive Hybrid Dir,120819,INF966L01556,Direct,Aggressive Hybrid,17357,12.28,13.41,0.47,0.71,,,17,60.07,36.78,52.48,3.46,26.58,32,,,,AAA,,,,3,1,1,1.5,2.5,0.5,0.5,1,1,1.25,1.5,1,3,6,3,2.75,1,15.75,Moderately High Risk,OK,Verified ✓,14.09,14.62,15.44,10,14.97,13.03
SBI Children's Investment Plan Dir*,148490,INF200KA1R07,Direct,Aggressive Hybrid,41124,19.85,14.14,0.98,1.31,,,37,44.42,27.4,54.78,3.3,22.62,38,0.01,0.01,4.93,Cash,1,3,3,3,1,2,2,3,1,1.5,2,1,1.5,1.5,1,10,8,5.5,3,1,27.5,Low Risk,OK,Verified ✓,16.35,23.52,25.77,10,14.97,13.03
SBI Equity Hybrid Dir,119609,INF200K01RY0,Direct,Aggressive Hybrid,16215,12.94,9.86,0.7,0.87,,,50,31.43,17.44,41.03,3.56,23.62,111,2.93,3.39,6.93,AAA,2,2,2.5,3,1.5,1.5,1.5,2.5,1.5,2,2.5,1.5,1.5,1.25,1.5,9.5,7,7.5,2.75,1.5,28.25,Low Risk,OK,Verified ✓,10.94,15.25,12.31,10,14.97,13.03
SBI Retirement Benefit Aggressive Hybrid Dir,148685,INF200KA1S97,Direct,Aggressive Hybrid,41275,10.73,11.39,0.41,0.47,,,53,40.29,25.29,47.99,3.55,26.21,60,2.14,2.98,4.01,GOI/Cash,1,2,2.5,3,1.5,1,1,2,1.5,1.5,2,1.5,1.25,1.25,1.25,8.5,5.5,6.5,2.5,1.25,24.25,Moderate Risk,OK,Verified ✓,11.22,12.71,13.87,10,14.97,13.03
Shriram Aggressive Hybrid Dir,125711,INF680P01042,Direct,Aggressive Hybrid,22588,11.04,11.36,0.44,0.5,,,69,44.13,25.87,39.89,3.04,20.07,77,1.96,2.25,6.34,AAA,1.5,2.5,2.5,3,1.5,1,1.5,2,2,1.5,2,2,1.75,1.5,1.25,9.5,6,7.5,3.25,1.25,27.5,Low Risk,OK,Verified ✓,8.57,12.65,10.31,10,14.97,13.03
Sundaram Aggressive Hybrid Dir,149601,INF173K01FE6,Direct,Aggressive Hybrid,16521,11.21,10.97,0.47,0.57,,,50,34.7,22.55,44.05,3.73,24.82,114,3.15,4.46,6.35,AAA,1.5,1.5,2,3,1.5,1,1.5,2,1.5,2,2,1.5,1.5,1.25,1.5,8,6,7,2.75,1.5,25.25,Moderate Risk,OK,Verified ✓,7.17,13.14,11.97,10,14.97,13.03
Tata Aggressive Hybrid Dir,119053,INF277K01MN2,Direct,Aggressive Hybrid,16662,9.44,11.39,0.3,0.34,,,41,37.19,23,45.99,3.1,23.35,91,4.01,6.63,7.72,AAA,2.5,1.5,1.5,3,1.5,1,1,1.5,1.5,2,2,1.5,1.5,1.5,1.25,8.5,5,7,3,1.25,24.75,Moderate Risk,OK,Verified ✓,7.18,11.13,11.36,10,14.97,13.03
Tata Retirement Savings Moderate Dir,119255,INF277K01QN3,Direct,Aggressive Hybrid,17017,12.82,12.47,0.54,0.69,,,45,36.99,22.7,50.43,3.98,27.21,57,,,,AAA,,,,3,1,1.5,1.5,2.5,1.5,2,2,1,1.25,1.25,1,3,6.5,6.5,2.5,1,19.5,Moderately High Risk,OK,Verified ✓,9.27,15.47,12.05,10,14.97,13.03
UTI Aggressive Hybrid Dir,120674,INF789F01SK9,Direct,Aggressive Hybrid,15702,13.94,10.78,0.73,0.89,,,62,29.89,18.7,39.26,2.8,19.35,128,5.61,9.4,7.17,AAA,2.5,1,1,3,1.5,1.5,1.5,2.5,2,2.5,2.5,2,1.75,1.75,1.5,7.5,7,9,3.5,1.5,28.5,Low Risk,OK,Verified ✓,8.76,15.87,14.55,10,14.97,13.03
Union Aggressive Hybrid Dir,148592,INF582M01GY0,Direct,Aggressive Hybrid,41186,12.09,11.22,0.54,0.64,,,68,30.48,17.96,43.34,4.02,29.23,80,3.07,3.99,6.47,AAA,1.5,1.5,2.5,3,1.5,1.5,1.5,2.5,2,2,2.5,1.5,1.25,1.25,1.25,8.5,7,8,2.5,1.25,27.25,Low Risk,OK,Verified ✓,10.76,14.08,11.89,10,14.97,13.03
Zerodha Nifty LargeMidcap250 Plus 8-13 Yr G-Sec 70:30 Index Dir,152156,INF0R8F01018,Direct,Aggressive Hybrid,45943,,,,,,,,,,,,,,,,,,,,,,,,,,,,,,,,,,,,,,,N/A,OK,Verified ✓,N/A,N/A,N/A,N/A,N/A,N/A
ABSL Aggressive Hybrid Omni FoF Reg,132174,INF084M01077,Regular,Aggressive Hybrid,12659,10.55,9.33,0.49,0.54,,,,,,,,,9,,,,AAA,,,,3,1.5,1,1.5,2,,,,,,,0.5,3,6,,,0.5,9.5,High Risk,OK,Verified ✓,6.78,7.71,6.67,6.6,7.5,6.46
ABSL Equity Hybrid '95 Reg,103155,INF209K01BT5,Regular,Aggressive Hybrid,511,11.06,10.96,0.46,0.54,,,81,34.7,22.07,46.47,3.68,26.45,166,4.06,5.67,7.82,AAA,2.5,1.5,2,3,1.5,1,1.5,2,2.5,2,2,1.5,1.25,1.25,1.75,9,6,8,2.5,1.75,27.25,Low Risk,OK,Verified ✓,6.73,7.61,6.67,6.6,7.5,6.46
ABSL Retirement 40s Reg,146929,INF209KB1I56,Regular,Aggressive Hybrid,39183,11.6,11.17,0.5,0.62,,,52,39.86,25.78,45.29,3.37,23.84,57,4.17,8.35,6.76,GOI/Cash,2,1.5,1,3,1.5,1.5,1.5,2,1.5,2,2,1.5,1.5,1.5,1,7.5,6.5,7,3,1,25,Moderate Risk,OK,Verified ✓,6.53,N/A,N/A,6.6,N/A,N/A
Axis Aggressive Hybrid Reg,144393,INF846K01E90,Regular,Aggressive Hybrid,37130,9.86,10.84,0.35,0.47,,,84,36.97,24.18,39.79,3.32,22.86,115,4.16,8.5,7.74,AA,2.5,1.5,1,2.5,1.5,1,1,1.5,2.5,2,2,2,1.5,1.5,1.5,7.5,5,8.5,3,1.5,25.5,Moderate Risk,OK,Verified ✓,6.51,7.62,6.59,6.6,7.5,6.46
Axis Children's Reg,135759,INF846K01WJ1,Regular,Aggressive Hybrid,31505,8.83,10.54,0.27,0.34,,,88,41.78,27.78,39.39,3.24,22.46,106,4.17,5.29,7.03,AAA,2.5,1.5,2,3,1.5,1,1,1.5,2.5,1.5,2,2,1.5,1.5,1.5,9,5,8,3,1.5,26.5,Moderate Risk,OK,Verified ✓,6.1,7.02,5.63,6.6,7.5,6.46
Axis Retirement-Aggressive Plan Reg,147823,INF846K01T02,Regular,Aggressive Hybrid,40427,11.33,11.8,0.45,0.55,,,85,43.72,27.42,42.14,3.43,23.59,93,6.24,11.31,6.63,GOI/Cash,2,1,1,3,1.5,1,1.5,2,2.5,1.5,2,1.5,1.5,1.5,1.25,7,6,7.5,3,1.25,24.75,Moderate Risk,OK,Verified ✓,6.6,7.63,6.5,6.6,7.5,6.46
Bandhan Aggressive Hybrid Passive FoF Reg,112332,INF194K01953,Regular,Aggressive Hybrid,10846,11.97,10.71,0.55,0.63,,,,,,,,,3,,,,GOI/Cash,,,,3,1.5,1.5,1.5,2,,,,,,,0.5,3,6.5,,,0.5,10,High Risk,OK,Verified ✓,N/A,N/A,N/A,N/A,N/A,N/A
Bandhan Aggressive Hybrid Reg,140381,INF194KA1U15,Regular,Aggressive Hybrid,33268,13.33,12.01,0.61,0.7,,,79,35.92,23.48,42.32,3.43,24.37,97,2.05,3.18,6.95,AAA,2,2,2.5,3,1,1.5,1.5,2.5,2,2,2,1.5,1.5,1.5,1.25,9.5,6.5,7.5,3,1.25,27.75,Low Risk,OK,Verified ✓,6.54,7.54,6.5,6.6,7.5,6.46
Bandhan Retirement Reg,152103,INF194KB1GN7,Regular,Aggressive Hybrid,43789,,,,,,,56,59.06,44.49,38.41,3.14,21.09,65,10.11,23.05,7.06,GOI/Cash,2.5,1,1,3,,,,,1.5,1,1,2,1.75,1.5,1.25,7.5,,5.5,3.25,1.25,17.5,Moderately High Risk,OK,Verified ✓,6.67,7.72,6.76,6.6,7.5,6.46
Bank of India Mid & Small Cap Eqt & Debt Reg,139529,INF761K01DP9,Regular,Aggressive Hybrid,32607,16.66,14.8,0.72,0.89,,,65,23.46,13.13,47.11,3.72,29.2,93,1.57,1.91,6.53,AAA,2,2.5,3,3,1,1.5,1.5,3,2,2.5,2.5,1.5,1.25,1.25,1.25,10.5,7,8.5,2.5,1.25,29.75,Low Risk,OK,Verified ✓,7.03,N/A,N/A,6.6,N/A,N/A
Baroda BNP Paribas Aggressive Hybrid Reg,150258,INF251K01OW4,Regular,Aggressive Hybrid,33834,11.4,10.48,0.51,0.6,,,55,34.6,23.56,45.43,3.65,26.33,87,3.08,4.68,6.87,AAA,2,1.5,2,3,1.5,1.5,1.5,2,1.5,2,2,1.5,1.25,1.25,1.25,8.5,6.5,7,2.5,1.25,25.75,Moderate Risk,OK,Verified ✓,N/A,N/A,N/A,N/A,N/A,N/A
Baroda BNP Paribas Retirement Reg,152625,INF251K01TH4,Regular,Aggressive Hybrid,44293,,,,,,,52,39.67,29.59,48.32,4.2,30.68,61,10.11,29.25,7.11,AAA,2.5,1,1,3,,,,,1.5,2,1.5,1.5,1,1.25,1.25,7.5,,6.5,2.25,1.25,17.5,Moderately High Risk,OK,Verified ✓,6.6,7.56,6.52,6.6,7.5,6.46
Canara Robeco Equity Hybrid Reg,106166,INF760K01050,Regular,Aggressive Hybrid,75,11,10.8,0.46,0.56,,,66,28.84,17.78,45.71,3.55,23.08,131,2.18,3.93,6.66,AAA,2,2,2.5,3,1.5,1,1.5,2,2,2.5,2.5,1.5,1.5,1.25,1.5,9.5,6,8.5,2.75,1.5,28.25,Low Risk,OK,Verified ✓,6.6,7.56,6.52,6.6,7.5,6.46
DSP Aggressive Hybrid Reg,100081,INF740K01318,Regular,Aggressive Hybrid,610,12.49,10.94,0.59,0.76,,,44,,,,,18.75,88,5.88,13.66,7.2,AAA,2.5,1,1,3,1.5,1.5,1.5,2.5,1.5,,,,1.75,,1.25,7.5,7,1.5,1.75,1.25,19,Moderately High Risk,OK,Verified ✓,6.62,7.51,6.47,6.6,7.5,6.46
Edelweiss Aggressive Hybrid B,112012,INF754K01160,Regular,Aggressive Hybrid,10478,13.33,11.03,0.66,0.81,,,87,34.24,21.66,43.48,3.3,22.1,102,1.07,1.15,6.35,AAA,1.5,2.5,3,3,1.5,1.5,1.5,2.5,2.5,2,2,1.5,1.5,1.5,1.5,10,7,8,3,1.5,29.5,Low Risk,OK,Verified ✓,N/A,N/A,N/A,N/A,N/A,N/A
Edelweiss Aggressive Hybrid Reg,112108,INF754K01202,Regular,Aggressive Hybrid,10609,13.3,11.02,0.66,0.8,,,87,34.24,21.66,43.48,3.3,22.1,102,1.07,1.15,6.35,AAA,1.5,2.5,3,3,1.5,1.5,1.5,2.5,2.5,2,2,1.5,1.5,1.5,1.5,10,7,8,3,1.5,29.5,Low Risk,OK,Verified ✓,6.61,7.61,6.6,6.6,7.5,6.46
Edelweiss Nifty LargeMidcap250 Plus 8-13 Yr G-Sec 70:30 Index Reg,149341,INF754K01NN8,Regular,Aggressive Hybrid,45921,,,,,,,,,,,,,,,,,,,,,,,,,,,,,,,,,,,,,,,N/A,OK,Verified ✓,6.97,7.67,6.04,6.6,7.5,6.46
Franklin India Aggressive Hybrid Reg,100550,INF090I01817,Regular,Aggressive Hybrid,692,11.63,11.44,0.48,0.59,,,49,38.11,22.67,43.13,3.72,26.58,73,3.99,6.91,7.39,AAA,2.5,1.5,1.5,3,1.5,1,1.5,2,1.5,2,2,1.5,1.25,1.25,1.25,8.5,6,7,2.5,1.25,25.25,Moderate Risk,OK,Verified ✓,6.81,7.75,6.87,6.6,7.5,6.46
Groww Aggressive Hybrid Reg,145605,INF666M01FJ4,Regular,Aggressive Hybrid,38324,8.87,11.01,0.26,0.31,,,39,47.71,31.25,50.72,3.51,21.29,42,0,0,5.69,GOI/Cash,1,3,3,3,1.5,1,1,1.5,1,1.5,1.5,1,1.75,1.25,1,10,5,5,3,1,24,Moderate Risk,OK,Verified ✓,6.27,7.23,6.16,6.6,7.5,6.46
HDFC Children's Reg,100900,INF179KC1IY8,Regular,Aggressive Hybrid,936,10.01,10.68,0.37,0.48,,,45,38.74,24.59,45.11,3.05,19.07,98,4.89,7.31,6.72,AAA,2,1.5,1.5,3,1.5,1,1,2,1.5,2,2,1.5,1.75,1.5,1.25,8,5.5,7,3.25,1.25,25,Moderate Risk,OK,Verified ✓,N/A,N/A,N/A,N/A,N/A,N/A
HDFC Hybrid Equity Reg,102948,INF179K01AS4,Regular,Aggressive Hybrid,2668,8,10.52,0.19,0.21,,,49,38.47,25.59,44.21,3.08,20.49,130,5.33,9.67,7.29,AAA,2.5,1,1,3,1.5,1,1,1.5,1.5,2,2,1.5,1.75,1.5,1.5,7.5,5,7,3.25,1.5,24.25,Moderate Risk,OK,Verified ✓,6.72,7.79,6.79,6.6,7.5,6.46
HDFC Retirement Savings Hybrid Equity Reg,136463,INF179KB1MI4,Regular,Aggressive Hybrid,31781,10,10.59,0.37,0.44,,,72,,,,,20.01,85,4.29,5.9,6.47,AAA,1.5,1.5,2,3,1.5,1,1,2,2,,,,1.75,,1.25,8,5.5,2,1.75,1.25,18.5,Moderately High Risk,OK,Verified ✓,6.55,7.33,6.4,6.6,7.5,6.46
HSBC Aggressive Hybrid Active FoF Reg,129065,INF336L01IA9,Regular,Aggressive Hybrid,25858,11.75,11.48,0.5,0.59,,,,,,,,,6,,,,AAA,,,,3,1.5,1.5,1.5,2,,,,,,,0.5,3,6.5,,,0.5,10,High Risk,OK,Verified ✓,6.08,6.57,5.67,6.6,7.5,6.46
HSBC Aggressive Hybrid Reg,151120,INF917K01LB0,Regular,Aggressive Hybrid,12056,12.62,13.29,0.5,0.54,,,66,30,18.89,50.85,4.31,28.94,100,2.22,2.72,7.11,AAA,2.5,2,2.5,3,1,1.5,1.5,2.5,2,2.5,2.5,1,1.25,1.25,1.5,10,6.5,8,2.5,1.5,28.5,Low Risk,OK,Verified ✓,6.62,7.65,6.61,6.6,7.5,6.46
ICICI Pru Aggressive Hybrid Active FoF*,,,Regular,Aggressive Hybrid,1936,14.83,11.74,0.75,1.05,0.77,3.26,,,,,,,8,,,,AAA,,,,3,1.5,2,2,2.5,,,,,,,0.5,3,8,,,0.5,11.5,High Risk,NOT_FOUND,Both code and ISIN missing,7.31,N/A,N/A,6.6,N/A,N/A
ICICI Pru Children's,101127,INF109K01605,Regular,Aggressive Hybrid,1031,14.77,13.74,0.64,0.79,,,84,36.34,24.92,60.21,2.71,21.83,94,,,,AAA,,,,3,1,1.5,1.5,2.5,2.5,2,2,0.5,1.75,1.75,1.25,3,6.5,7,3.5,1.25,21.25,Moderate Risk,OK,Verified ✓,6.21,7.09,N/A,6.6,7.5,N/A
ICICI Pru Equity & Debt,100356,INF109K01480,Regular,Aggressive Hybrid,686,15.67,10.34,0.93,1.19,,,126,37.48,24.91,41.22,2.91,21.41,245,4.26,8.19,7.17,AAA,2.5,1.5,1,3,1.5,2,2,3,2.5,2,2,1.5,1.75,1.75,2,8,8.5,8,3.5,2,30,Low Risk,OK,Verified ✓,6.61,7.6,6.64,6.6,7.5,6.46
ICICI Pru Retirement Hybrid Aggressive,146722,INF109KC1TU8,Regular,Aggressive Hybrid,39057,18.59,13.36,0.94,1.21,,,75,20.73,11.64,40.17,4.68,31.27,96,2.1,3.59,6.69,AAA,2,2,2.5,3,1,2,2,3,2,2.5,2.5,1.5,1,1,1.25,9.5,8,8.5,2,1.25,29.25,Low Risk,OK,Verified ✓,N/A,N/A,N/A,N/A,N/A,N/A
Invesco India Aggressive Hybrid Reg,143536,INF205K011Q3,Regular,Aggressive Hybrid,36538,11.49,12.29,0.44,0.51,,,50,40.24,25.95,44.28,4.19,27.8,64,1.89,2.13,7,AAA,2.5,2.5,2.5,3,1,1,1.5,2,1.5,1.5,2,1.5,1.25,1.25,1.25,10.5,5.5,6.5,2.5,1.25,26.25,Moderate Risk,OK,Verified ✓,6.26,7.26,6.28,6.6,7.5,6.46
JM Aggressive Hybrid Reg,100221,INF192K01544,Regular,Aggressive Hybrid,106,14.21,13.58,0.6,0.86,,,43,32.22,18.48,51.77,4.1,28.95,76,3.63,5,6.91,AAA,2,1.5,2,3,1,1.5,1.5,2.5,1.5,2,2.5,1,1.25,1.25,1.25,8.5,6.5,7,2.5,1.25,25.75,Moderate Risk,OK,Verified ✓,6.41,N/A,N/A,6.6,N/A,N/A
Kotak Aggressive Hybrid Reg,133036,INF174K01E92,Regular,Aggressive Hybrid,707,12.07,12.01,0.5,0.54,,,60,31.57,17.9,50.1,3.47,22.42,110,5.89,13.69,6.75,AAA,2,1,1,3,1,1.5,1.5,2.5,2,2,2.5,1,1.5,1.5,1.5,7,6.5,7.5,3,1.5,25.5,Moderate Risk,OK,Verified ✓,7.41,N/A,N/A,6.6,N/A,N/A
LIC MF Aggressive Hybrid Reg,100323,INF767K01030,Regular,Aggressive Hybrid,140,10.21,11.77,0.36,0.42,,,59,28.44,17.45,42.61,3.46,24.21,74,,,,AAA,,,,3,1.5,1,1,2,1.5,2.5,2.5,1.5,1.5,1.5,1.25,3,5.5,8,3,1.25,20.75,Moderate Risk,OK,Verified ✓,6.68,7.64,6.71,6.6,7.5,6.46
LIC MF ULIS Reg,134865,,Regular,Aggressive Hybrid,120,7.74,11.03,0.16,0.2,,,44,40.24,25.35,43.91,4.04,26.27,55,,,,AAA,,,,3,1.5,1,1,1,1.5,1.5,2,1.5,1.25,1.25,1,3,4.5,6.5,2.5,1,17.5,Moderately High Risk,FIXED,ISIN was missing → filled from NAV,5.19,N/A,N/A,6.6,N/A,N/A
Mahindra Manulife Aggressive Hybrid Reg,147447,INF174V01754,Regular,Aggressive Hybrid,40092,13.33,11.35,0.64,0.82,,,63,31.92,21.35,45.47,3.13,24.38,99,2.88,4.5,7.63,AAA,2.5,2,2,3,1.5,1.5,1.5,2.5,2,2,2,1.5,1.5,1.5,1.25,9.5,7,7.5,3,1.25,28.25,Low Risk,OK,Verified ✓,6.91,7.46,6.25,6.6,7.5,6.46
Mirae Asset Aggressive Hybrid Reg,134815,INF769K01DE6,Regular,Aggressive Hybrid,30602,11.56,11.05,0.5,0.58,,,76,33.26,22.03,45.25,3.18,21.78,137,3.09,5.13,7.14,AAA,2.5,1.5,2,3,1.5,1.5,1.5,2,2,2,2,1.5,1.75,1.5,1.5,9,6.5,7.5,3.25,1.5,27.75,Low Risk,OK,Verified ✓,N/A,N/A,N/A,N/A,N/A,N/A
Navi Aggressive Hybrid Reg,143162,INF959L01DI2,Regular,Aggressive Hybrid,35937,9.64,11.05,0.33,0.38,,,57,39.48,22.83,48,3.13,21.92,63,0.12,0.12,6.58,AAA,2,3,3,3,1.5,1,1,1.5,1.5,2,2,1.5,1.75,1.5,1.25,11,5,7,3.25,1.25,27.5,Low Risk,OK,Verified ✓,6.88,7.76,6.73,6.6,7.5,6.46
Nippon India Aggressive Hybrid Reg,112936,INF204K01FW1,Regular,Aggressive Hybrid,2791,11.93,10.37,0.57,0.68,,,,,,,,,,,1,,,,,3,,1.5,1.5,1.5,2,,,,,,,,3,6.5,,,,9.5,High Risk,OK,Verified ✓,N/A,N/A,N/A,N/A,N/A,N/A
Nippon India Aggressive Hybrid Seg Port 1 Reg,147685,INF204KB13G8,Regular,Aggressive Hybrid,40308,,,,,,,,,,,,,,,1,,,,,3,,,,,,,,,,,,,3,,,,,3,High Risk,OK,Verified ✓,6.65,7.63,6.58,6.6,7.5,6.46
Nippon India Aggressive Hybrid Seg Port 2 Reg,148271,INF204KB10U5,Regular,Aggressive Hybrid,40852,,,,,,,,,,,,,,,1,,,,,3,,,,,,,,,,,,,3,,,,,3,High Risk,OK,Verified ✓,6.31,7.45,6.36,6.6,7.5,6.46
PGIM India Aggressive Hybrid Equity Reg,138382,INF663L01HC4,Regular,Aggressive Hybrid,2057,7.86,10.05,0.18,0.25,,,47,46.51,30.73,37.06,3.94,26.87,60,,6.49,6.54,AAA,2,,1.5,3,1.5,1,1,1,1.5,1.5,1.5,2,1.25,1.25,1.25,6.5,4.5,6.5,2.5,1.25,21.25,Moderate Risk,OK,Verified ✓,7.04,N/A,N/A,6.6,N/A,N/A
Quant Aggressive Hybrid Reg,101070,INF966L01267,Regular,Aggressive Hybrid,950,10.94,13.39,0.37,0.56,,,17,60.07,36.78,52.48,3.46,26.58,32,,,,AAA,,,,3,1,1,1.5,2,0.5,0.5,1,1,1.25,1.5,1,3,5.5,3,2.75,1,15.25,Moderately High Risk,OK,Verified ✓,7.33,N/A,N/A,6.17,N/A,N/A
SBI Children's Investment Plan Reg,148489,INF200KA1Q99,Regular,Aggressive Hybrid,41123,18.72,14.12,0.9,1.2,,,37,44.42,27.4,54.78,3.3,22.62,38,0.01,0.01,4.93,Cash,1,3,3,3,1,2,2,3,1,1.5,2,1,1.5,1.5,1,10,8,5.5,3,1,27.5,Low Risk,OK,Verified ✓,5.05,10.11,8.36,6.17,10.2,9.17
SBI Equity Hybrid Reg,102885,INF200K01107,Regular,Aggressive Hybrid,204,12.26,9.86,0.63,0.79,,,50,31.43,17.44,41.03,3.56,23.62,111,2.93,3.39,6.93,AAA,2,2,2.5,3,1.5,1.5,1.5,2.5,1.5,2,2.5,1.5,1.5,1.25,1.5,9.5,7,7.5,2.75,1.5,28.25,Low Risk,OK,Verified ✓,3.27,8.79,8.15,6.17,10.2,9.17
SBI Retirement Benefit Aggressive Hybrid Reg,148695,INF200KA1S71,Regular,Aggressive Hybrid,41273,9.68,11.38,0.32,0.37,,,53,40.29,25.29,47.99,3.55,26.21,60,2.14,2.98,4.01,GOI/Cash,1,2,2.5,3,1.5,1,1,1.5,1.5,1.5,2,1.5,1.25,1.25,1.25,8.5,5,6.5,2.5,1.25,23.75,Moderate Risk,OK,Verified ✓,6.04,11.69,11.01,6.17,10.2,9.17
Shriram Aggressive Hybrid Reg,125713,INF680P01018,Regular,Aggressive Hybrid,22586,9.37,11.35,0.29,0.34,,,69,44.13,25.87,39.89,3.04,20.07,77,1.96,2.25,6.34,AAA,1.5,2.5,2.5,3,1.5,1,1,1.5,2,1.5,2,2,1.75,1.5,1.25,9.5,5,7.5,3.25,1.25,26.5,Moderate Risk,OK,Verified ✓,9.16,N/A,N/A,6.17,N/A,N/A
Sundaram Aggressive Hybrid Reg,149599,INF173K01CL8,Regular,Aggressive Hybrid,714,10.08,10.95,0.37,0.45,,,50,34.7,22.55,44.05,3.73,24.82,114,3.15,4.46,6.35,AAA,1.5,1.5,2,3,1.5,1,1,2,1.5,2,2,1.5,1.5,1.25,1.5,8,5.5,7,2.75,1.5,24.75,Moderate Risk,OK,Verified ✓,6.58,11.18,9.59,5.76,9.39,8.36
Tata Aggressive Hybrid Reg,100414,INF277K01303,Regular,Aggressive Hybrid,211,8.49,11.38,0.22,0.25,,,41,37.19,23,45.99,3.1,23.35,91,4.01,6.63,7.72,AAA,2.5,1.5,1.5,3,1.5,1,1,1.5,1.5,2,2,1.5,1.5,1.5,1.25,8.5,5,7,3,1.25,24.75,Moderate Risk,OK,Verified ✓,7.87,9.89,9.02,5.76,9.39,8.36
Tata Retirement Savings Moderate Reg,115943,INF277K01FH8,Regular,Aggressive Hybrid,13414,11.4,12.45,0.43,0.54,,,45,36.99,22.7,50.43,3.98,27.21,57,,,,AAA,,,,3,1,1,1.5,2,1.5,2,2,1,1.25,1.25,1,3,5.5,6.5,2.5,1,18.5,Moderately High Risk,OK,Verified ✓,7.2,9.41,6.97,5.76,9.39,8.36
UTI Aggressive Hybrid,100684,INF789F01323,Regular,Aggressive Hybrid,284,13.3,10.77,0.67,0.82,,,62,29.89,18.7,39.26,2.8,19.35,128,5.61,9.4,7.17,AAA,2.5,1,1,3,1.5,1.5,1.5,2.5,2,2.5,2.5,2,1.75,1.75,1.5,7.5,7,9,3.5,1.5,28.5,Low Risk,OK,Verified ✓,4.41,8.12,7.29,5.76,9.39,8.36
Union Aggressive Hybrid Reg,148591,INF582M01HC4,Regular,Aggressive Hybrid,41184,10.91,11.17,0.44,0.52,,,68,30.48,17.96,43.34,4.02,29.23,80,3.07,3.99,6.47,AAA,1.5,1.5,2.5,3,1.5,1,1.5,2,2,2,2.5,1.5,1.25,1.25,1.25,8.5,6,8,2.5,1.25,26.25,Moderate Risk,OK,Verified ✓,3.71,10.27,7.74,5.76,9.39,8.36
ABSL Arbitrage Dir,119526,INF209K01VP1,Direct,Arbitrage,15739,7.46,0.36,3.99,6.49,,,177,37.28,25.96,1.11,2.81,22.66,393,0.71,0.79,7.47,GOI/Cash,2.5,3,3,3,3,3,3,1,2.5,2,2,2.5,1.5,1.75,2,11.5,10,9,3.25,2,35.75,Very Low Risk,OK,Verified ✓,5.75,8.31,6.55,5.76,9.39,8.36
Axis Arbitrage Dir,130773,INF846K01PZ1,Direct,Arbitrage,27587,7.38,0.36,3.77,5.85,,,145,35.88,25.91,,2.72,22.2,324,0.58,0.58,6.8,GOI/Cash,2,3,3,3,3,3,3,1,2.5,2,2,,1.5,1.75,2,11,10,6.5,3.25,2,32.75,Low Risk,OK,Verified ✓,7.41,9.17,7.59,5.76,9.39,8.36
Bajaj Finserv Arbitrage Dir,152077,INF0QA701524,Direct,Arbitrage,43770,,,,,,,110,58.12,45.85,,2.05,19.12,303,0.27,0.29,6.19,GOI/Cash,1.5,3,3,3,,,,,2.5,1,0.5,,1.75,2,2,10.5,,4,3.75,2,20.25,Moderate Risk,OK,Verified ✓,6.67,8.08,10.73,5.76,9.39,8.36
Bandhan Arbitrage Dir,118474,INF194K01Y60,Direct,Arbitrage,17551,7.39,0.36,3.73,6.1,,,147,45.93,35.87,,2.25,20.19,351,0.62,0.69,6.47,GOI/Cash,1.5,3,3,3,3,3,3,1,2.5,1.5,1,,1.75,2,2,10.5,10,5,3.75,2,31.25,Low Risk,OK,Verified ✓,7.09,9.62,8.16,5.76,9.39,8.36
Bank of India Arbitrage Dir,143614,INF761K01ED3,Direct,Arbitrage,36392,6.83,0.33,2.45,3.29,,,30,47.06,30.99,,1.85,18.95,66,0.19,0.19,5.76,GOI/Cash,1,3,3,3,3,3,3,1,1,1.5,1.5,,1.75,2,1.25,10,10,4,3.75,1.25,29,Low Risk,OK,Verified ✓,4.65,8.65,7.87,5.76,9.39,8.36
Baroda BNP Paribas Arbitrage Dir,150251,INF251K01OT0,Direct,Arbitrage,33244,7.39,0.38,3.59,6.25,,,97,46.86,34.44,,2.42,20.49,200,0.35,0.36,6.25,GOI/Cash,1.5,3,3,3,3,3,3,1,2.5,1.5,1.5,,1.75,2,2,10.5,10,5.5,3.75,2,31.75,Low Risk,OK,Verified ✓,5.28,9.93,8.29,5.76,9.39,8.36
Capitalmind Arbitrage Dir,,,Direct,Arbitrage,45859,,,,,,,,,,,,,,,,,,,,,,,,,,,,,,,,,,,,,,,N/A,NOT_FOUND,Both code and ISIN missing,5.2,9.29,7.92,5.76,9.39,8.36
DSP Arbitrage Dir,142283,INF740KA1DN4,Direct,Arbitrage,35111,7.31,0.36,3.6,5.31,,,140,34.56,24.81,,2.29,19.54,309,0.54,0.55,6.6,GOI/Cash,2,3,3,3,3,3,3,1,2.5,2,2,,1.75,2,2,11,10,6.5,3.75,2,33.25,Low Risk,OK,Verified ✓,4.23,9.6,9.34,5.76,9.39,8.36
Edelweiss Arbitrage Dir,130206,INF754K01EA4,Direct,Arbitrage,27145,7.47,0.39,3.71,6.38,,,169,35.31,24.51,,2.63,21.52,383,0.45,0.44,6.38,GOI/Cash,1.5,3,3,3,3,3,3,1,2.5,2,2,,1.75,1.75,2,10.5,10,6.5,3.5,2,32.5,Low Risk,OK,Verified ✓,4.51,8.71,8.1,5.76,9.39,8.36
Franklin India Arbitrage Dir,153043,INF090I01XS9,Direct,Arbitrage,44703,7.27,0.37,3.39,5.41,,,84,44.59,31.73,1.55,2.87,24.61,180,0.61,0.61,6.3,GOI/Cash,1.5,3,3,3,3,3,3,1,2.5,1.5,1.5,2.5,1.5,1.75,1.75,10.5,10,8,3.25,1.75,33.5,Low Risk,OK,Verified ✓,6.86,10.39,8.37,5.76,9.39,8.36
Groww Arbitrage Dir,,,Direct,Arbitrage,45946,,,,,,,,,,,,,,,,,,,,,,,,,,,,,,,,,,,,,,,N/A,NOT_FOUND,Both code and ISIN missing,7.57,10.52,9.42,5.76,9.39,8.36
HDFC Arbitrage Dir,129052,INF179KA1KT6,Direct,Arbitrage,26024,7.32,0.37,3.54,6.22,,,155,37.16,26.23,,2.49,19.08,343,0.6,0.6,6.55,GOI/Cash,2,3,3,3,3,3,3,1,2.5,2,2,,1.75,2,2,11,10,6.5,3.75,2,33.25,Low Risk,OK,Verified ✓,11.25,12.48,9.29,5.76,9.39,8.36
HDFC Arbitrage Direct,118931,INF179K01UU8,Direct,Arbitrage,15981,7.32,0.37,3.54,6.3,,,155,37.16,26.23,,2.49,19.08,343,0.6,0.6,6.55,GOI/Cash,2,3,3,3,3,3,3,1,2.5,2,2,,1.75,2,2,11,10,6.5,3.75,2,33.25,Low Risk,OK,Verified ✓,4.84,10.58,9.89,5.76,9.39,8.36
HSBC Arbitrage Dir,151138,INF917K01QR5,Direct,Arbitrage,27300,7.28,0.35,3.6,6.01,,,130,46.35,34.39,0.01,2.05,19.62,269,,,,GOI/Cash,,,,3,3,3,3,1,2.5,1.5,1.5,2.5,1.75,2,2,3,10,8,3.75,2,26.75,Moderate Risk,OK,Verified ✓,5.55,7.16,6.34,5.76,9.39,8.36
Helios Arbitrage Dir,,,Direct,Arbitrage,45891,,,,,,,,,,,,,,,,,,,,,,,,,,,,,,,,,,,,,,,N/A,NOT_FOUND,Both code and ISIN missing,9.45,9.18,8.83,5.76,9.39,8.36
ICICI Pru Equity Arbitrage Dir,120364,INF109K016O4,Direct,Arbitrage,17396,7.37,0.37,3.65,5.82,,,171,37.49,29.16,,2.81,22.6,371,0.61,0.62,5.6,GOI/Cash,1,3,3,3,3,3,3,1,2.5,2,1.5,,1.5,1.75,2,10,10,6,3.25,2,31.25,Low Risk,OK,Verified ✓,N/A,N/A,N/A,N/A,N/A,N/A
ITI Arbitrage Dir,147617,INF00XX01440,Direct,Arbitrage,40255,7.45,0.37,3.88,6.04,,,31,59.04,41.96,,2.83,19.96,63,,,,GOI/Cash,,,,3,3,3,3,1,1,1,1,,1.75,1.75,1.25,3,10,3,3.5,1.25,20.75,Moderate Risk,OK,Verified ✓,N/A,N/A,N/A,N/A,N/A,N/A
Invesco India Arbitrage Dir,120401,INF205K01KR8,Direct,Arbitrage,16368,7.5,0.35,4.14,6.58,,,167,37.36,26.28,,3.13,25.53,391,0.49,0.5,6.1,GOI/Cash,1.5,3,3,3,3,3,3,1,2.5,2,2,,1.5,1.5,2,10.5,10,6.5,3,2,32,Low Risk,OK,Verified ✓,2.09,8.19,6.83,5.76,9.39,8.36
JM Arbitrage Dir,120482,INF192K01BN6,Direct,Arbitrage,17142,7.04,0.38,2.69,4.04,,,84,41.81,25.21,,2.59,25.09,186,0.16,0.17,4.94,GOI/Cash,1,3,3,3,3,3,3,1,2.5,1.5,2,,1.5,1.75,1.75,10,10,6,3.25,1.75,31,Low Risk,OK,Verified ✓,6.57,11.2,N/A,5.76,9.39,N/A
JioBlackRock Arbitrage Dir,154076,INF22M001101,Direct,Arbitrage,45707,,,,,,,58,49.59,32.83,,2.71,15.63,141,0.04,0.04,5.07,GOI/Cash,1,3,3,3,,,,,1.5,1.5,1.5,,2,1.75,1.5,10,,4.5,3.75,1.5,19.75,Moderately High Risk,OK,Verified ✓,6.2,12.39,11.4,5.76,9.39,8.36
Kotak Arbitrage Dir,119771,INF174K01LC6,Direct,Arbitrage,17136,7.54,0.39,3.88,6.03,,,169,43.99,34.29,,2.59,19.9,441,0.5,0.53,6.76,AAA,2,3,3,3,3,3,3,1,2.5,1.5,1.5,,1.75,1.75,2,11,10,5.5,3.5,2,32,Low Risk,OK,Verified ✓,7.31,10.07,9.54,5.76,9.39,8.36
LIC MF Arbitrage Dir,145895,INF767K01PP0,Direct,Arbitrage,38702,7.1,0.33,3.27,5.36,,,38,64.96,43.38,,2.49,19.4,79,,,,GOI/Cash,,,,3,3,3,3,1,1,0.5,1,,1.75,2,1.25,3,10,2.5,3.75,1.25,20.5,Moderate Risk,OK,Verified ✓,3.3,7.67,7.46,5.76,9.39,8.36
Mahindra Manulife Arbitrage Dir,148468,INF174V01AA0,Direct,Arbitrage,41084,6.39,0.35,1.05,1.58,,,23,65.88,43.71,,2.69,21.93,51,0.01,0.01,5,GOI/Cash,1,3,3,3,3,2.5,2.5,1,1,0.5,1,,1.75,1.75,1,10,9,2.5,3.5,1,26,Moderate Risk,OK,Verified ✓,4.59,8.84,9.13,5.76,9.39,8.36
Mirae Asset Arbitrage Dir,148401,INF769K01FS1,Direct,Arbitrage,41014,7.44,0.38,3.68,6.26,,,176,23.41,18.59,,3.14,22.63,356,0.09,0.09,5.16,GOI/Cash,1,3,3,3,3,3,3,1,2.5,2.5,2.5,,1.5,1.5,2,10,10,7.5,3,2,32.5,Low Risk,OK,Verified ✓,1.74,6.88,7.67,5.76,9.39,8.36
Motilal Oswal Arbitrage Dir,153187,INF247L01ED1,Direct,Arbitrage,44839,,,,,,,92,42.36,30.83,0.14,2.91,26.04,194,0.23,0.23,5.99,GOI/Cash,1,3,3,3,,,,,2.5,1.5,1.5,2.5,1.25,1.75,1.75,10,,8,3,1.75,22.75,Moderate Risk,OK,Verified ✓,5.62,9.07,7.26,5.76,9.39,8.36
NJ Arbitrage Dir,150367,INF0J8L01065,Direct,Arbitrage,42435,6.93,0.38,2.36,3.56,,,54,53.93,35.76,,1.99,19.7,150,0.11,0.11,5.08,GOI/Cash,1,3,3,3,3,3,3,1,1.5,1,1,,1.75,2,1.75,10,10,3.5,3.75,1.75,29,Low Risk,OK,Verified ✓,N/A,N/A,N/A,N/A,N/A,N/A
Nippon India Arbitrage Dir,118585,INF204K01XZ7,Direct,Arbitrage,17008,7.36,0.36,3.7,5.74,,,157,41.85,30.8,,2.85,24.86,353,,,,GOI/Cash,,,,3,3,3,3,1,2.5,1.5,1.5,,1.5,1.75,2,3,10,5.5,3.25,2,23.75,Moderate Risk,OK,Verified ✓,4.34,9.36,8.84,5.76,9.39,8.36
Old Bridge Arbitrage Dir,153979,INF0S5R01125,Direct,Arbitrage,45603,,,,,,,69,42.48,23.29,,2.45,23.28,157,,,,AAA,,,,3,,,,,2,1.5,2,,1.5,2,1.75,3,,5.5,3.5,1.75,13.75,Moderately High Risk,OK,Verified ✓,12.5,13.89,11.59,7.83,12.44,10.59
PGIM India Arbitrage Dir,138875,INF223J013N7,Direct,Arbitrage,27877,7.06,0.43,2.42,3.14,,,24,72.5,52.18,,2.41,19.81,51,,,,GOI/Cash,,,,3,3,3,3,1,1,0.5,0.5,,1.75,2,1,3,10,2,3.75,1,19.75,Moderately High Risk,OK,Verified ✓,11.77,16.1,13.44,7.83,12.44,10.59
Parag Parikh Arbitrage Dir,152109,INF879O01225,Direct,Arbitrage,43816,,,,,,,80,45.82,31.26,,2.55,22.25,177,0.32,0.32,6.59,GOI/Cash,2,3,3,3,,,,,2.5,1.5,1.5,,1.5,1.75,1.75,11,,5.5,3.25,1.75,21.5,Moderate Risk,OK,Verified ✓,7.59,15.09,11.71,7.83,12.44,10.59
Quant Arbitrage Dir,153426,INF966L01DW8,Direct,Arbitrage,45075,,,,,,,40,56.8,39.4,,2.63,23.95,84,,,,GOI/Cash,,,,3,,,,,1.5,1,1,,1.5,1.75,1.25,3,,3.5,3.25,1.25,11,High Risk,OK,Verified ✓,5.48,15.02,10.58,7.83,12.44,10.59
SBI Arbitrage Opportunities Dir,119574,INF200K01QU0,Direct,Arbitrage,17570,7.4,0.37,3.75,6.04,,,174,36.26,27.11,,2.51,18.12,501,0.34,0.4,6.38,GOI/Cash,1.5,3,3,3,3,3,3,1,2.5,2,2,,1.75,1.75,2,10.5,10,6.5,3.5,2,32.5,Low Risk,OK,Verified ✓,9.09,N/A,N/A,7.83,N/A,N/A
Samco Arbitrage Dir,153090,INF0K1H01214,Direct,Arbitrage,44723,,,,,,,10,73.09,43.89,,4.15,31.18,20,,,,Cash,,,,3,,,,,0.5,0.5,1,,1,1.25,0.5,3,,2,2.25,0.5,7.75,High Risk,OK,Verified ✓,8.8,12.16,9.52,7.83,12.44,10.59
Sundaram Arbitrage Dir,149550,INF173K01NF7,Direct,Arbitrage,32287,7.21,0.34,3.44,5.75,,,30,57.4,37,,2.54,17.7,66,0.27,0.27,4.39,GOI/Cash,1,3,3,3,3,3,3,1,1,1,1,,2,1.75,1.25,10,10,3,3.75,1.25,28,Low Risk,OK,Verified ✓,15.03,12.78,11.53,7.83,12.44,10.59
TRUSTMF Arbitrage Dir,153804,INF0GCD01859,Direct,Arbitrage,45455,,,,,,,33,46.43,28.93,,2.21,24.78,73,,,,Cash,,,,3,,,,,1,1.5,1.5,,1.5,2,1.25,3,,4,3.5,1.25,11.75,High Risk,OK,Verified ✓,13.04,14.41,12.34,7.83,12.44,10.59
Tata Arbitrage Dir,145724,INF277K017Q3,Direct,Arbitrage,38502,7.51,0.35,4.22,6.81,,,150,36.97,26.68,,2.86,21.95,330,0.52,0.52,6.95,GOI/Cash,2,3,3,3,3,3,3,1,2.5,2,2,,1.75,1.75,2,11,10,6.5,3.5,2,33,Low Risk,OK,Verified ✓,6.9,N/A,N/A,7.83,N/A,N/A
The Wealth Company Arbtg Dir,153891,INF2F0001271,Direct,Arbitrage,45515,,,,,,,46,54.69,34.98,,2.57,23.5,97,,,,GOI/Cash,,,,3,,,,,1.5,1,1.5,,1.5,1.75,1.25,3,,4,3.25,1.25,11.5,High Risk,OK,Verified ✓,8.4,13.6,9.87,7.83,12.44,10.59
UTI Arbitrage Dir,120795,INF789FB1RG6,Direct,Arbitrage,17771,7.38,0.36,3.78,5.86,,,153,41.62,30.53,,2.65,20.29,332,0.58,0.59,6.65,GOI/Cash,2,3,3,3,3,3,3,1,2.5,1.5,1.5,,1.75,1.75,2,11,10,5.5,3.5,2,32,Low Risk,OK,Verified ✓,10.99,13.47,11.43,7.83,12.44,10.59
Union Arbitrage Dir,146297,INF582M01ES7,Direct,Arbitrage,38971,7.23,0.4,2.97,4.74,,,70,44.64,34.63,,3.07,25.76,145,0.13,0.13,6.15,GOI/Cash,1.5,3,3,3,3,3,3,1,2,1.5,1.5,,1.5,1.5,1.5,10.5,10,5,3,1.5,30,Low Risk,OK,Verified ✓,7.08,13.57,N/A,7.83,12.44,N/A
WhiteOak Capital Arbitrage Dir,152849,INF03VN01910,Direct,Arbitrage,44529,,,,,,,111,35.8,24.6,,2.98,22.81,245,0.18,0.18,6.06,GOI/Cash,1.5,3,3,3,,,,,2.5,2,2,,1.5,1.75,2,10.5,,6.5,3.25,2,22.25,Moderate Risk,OK,Verified ✓,6.7,13.28,14.63,7.83,12.44,10.59
ABSL Arbitrage Reg,112088,INF209K01264,Regular,Arbitrage,10586,6.75,0.36,2.01,3.29,,,177,37.28,25.96,1.11,2.81,22.66,393,0.71,0.79,7.47,GOI/Cash,2.5,3,3,3,3,3,3,1,2.5,2,2,2.5,1.5,1.75,2,11.5,10,9,3.25,2,35.75,Very Low Risk,OK,Verified ✓,7.76,16.68,17.39,7.83,12.44,10.59
Axis Arbitrage Reg,130771,INF846K01QC8,Regular,Arbitrage,27585,6.7,0.36,1.85,2.94,,,145,35.88,25.91,,2.72,22.2,324,0.58,0.58,6.8,GOI/Cash,2,3,3,3,3,3,3,1,2.5,2,2,,1.5,1.75,2,11,10,6.5,3.25,2,32.75,Low Risk,OK,Verified ✓,6.14,11.76,9.43,7.83,12.44,10.59
Bajaj Finserv Arbitrage Reg,152078,INF0QA701490,Regular,Arbitrage,43768,,,,,,,110,58.12,45.85,,2.05,19.12,303,0.27,0.29,6.19,GOI/Cash,1.5,3,3,3,,,,,2.5,1,0.5,,1.75,2,2,10.5,,4,3.75,2,20.25,Moderate Risk,OK,Verified ✓,8.17,N/A,N/A,7.83,N/A,N/A
Bandhan Arbitrage Reg,108845,INF194K01649,Regular,Arbitrage,3971,6.67,0.36,1.76,2.95,,,147,45.93,35.87,,2.25,20.19,351,0.62,0.69,6.47,GOI/Cash,1.5,3,3,3,3,3,3,1,2.5,1.5,1,,1.75,2,2,10.5,10,5,3.75,2,31.25,Low Risk,OK,Verified ✓,12.01,13.55,12.08,7.83,12.44,10.59
Bank of India Arbitrage Reg,143620,INF761K01DW5,Regular,Arbitrage,36388,6.22,0.31,0.62,0.83,,,30,47.06,30.99,,1.85,18.95,66,0.19,0.19,5.76,GOI/Cash,1,3,3,3,3,1.5,1.5,1,1,1.5,1.5,,1.75,2,1.25,10,7,4,3.75,1.25,26,Moderate Risk,OK,Verified ✓,9.31,13.24,12.68,7.83,12.44,10.59
Baroda BNP Paribas Arbitrage Reg,150250,INF251K01ON3,Regular,Arbitrage,33242,6.64,0.39,1.58,2.76,,,97,46.86,34.44,,2.42,20.49,200,0.35,0.36,6.25,GOI/Cash,1.5,3,3,3,3,3,3,1,2.5,1.5,1.5,,1.75,2,2,10.5,10,5.5,3.75,2,31.75,Low Risk,OK,Verified ✓,5.33,11.69,9.74,7.83,12.44,10.59
Capitalmind Arbitrage Reg,,,Regular,Arbitrage,45857,,,,,,,,,,,,,,,,,,,,,,,,,,,,,,,,,,,,,,,N/A,NOT_FOUND,Both code and ISIN missing,5.4,12.22,10.46,7.83,12.44,10.59
DSP Arbitrage Reg,142282,INF740KA1DI4,Regular,Arbitrage,35108,6.65,0.35,1.78,2.61,,,140,34.56,24.81,,2.29,19.54,309,0.54,0.55,6.6,GOI/Cash,2,3,3,3,3,3,3,1,2.5,2,2,,1.75,2,2,11,10,6.5,3.75,2,33.25,Low Risk,OK,Verified ✓,9,11.75,10.29,7.83,12.44,10.59
Edelweiss Arbitrage Reg,130205,INF754K01EF3,Regular,Arbitrage,27142,6.78,0.39,1.95,3.15,,,169,35.31,24.51,,2.63,21.52,383,0.45,0.44,6.38,GOI/Cash,1.5,3,3,3,3,3,3,1,2.5,2,2,,1.75,1.75,2,10.5,10,6.5,3.5,2,32.5,Low Risk,OK,Verified ✓,5.89,9.75,N/A,7.83,12.44,N/A
Franklin India Arbitrage Reg,153042,INF090I01XP5,Regular,Arbitrage,44701,6.6,0.36,1.57,2.5,,,84,44.59,31.73,1.55,2.87,24.61,180,0.61,0.61,6.3,GOI/Cash,1.5,3,3,3,3,3,3,1,2.5,1.5,1.5,2.5,1.5,1.75,1.75,10.5,10,8,3.25,1.75,33.5,Low Risk,OK,Verified ✓,9.02,14.16,N/A,7.83,12.44,N/A
Groww Arbitrage Reg,,,Regular,Arbitrage,45944,,,,,,,,,,,,,,,,,,,,,,,,,,,,,,,,,,,,,,,N/A,NOT_FOUND,Both code and ISIN missing,10.95,13.53,N/A,7.83,12.44,N/A
HDFC Arbitrage Reg,106793,INF179K01343,Regular,Arbitrage,6037,6.79,0.36,2.1,3.53,,,155,37.16,26.23,,2.49,19.08,343,0.6,0.6,6.55,GOI/Cash,2,3,3,3,3,3,3,1,2.5,2,2,,1.75,2,2,11,10,6.5,3.75,2,33.25,Low Risk,OK,Verified ✓,4.52,7.34,5.17,7.83,12.44,10.59
HDFC Arbitrage Retail,106796,INF179K01319,Regular,Arbitrage,6034,6.62,0.41,1.46,2.1,,,155,37.16,26.23,,2.49,19.08,343,0.6,0.6,6.55,GOI/Cash,2,3,3,3,3,2.5,2.5,1,2.5,2,2,,1.75,2,2,11,9,6.5,3.75,2,32.25,Low Risk,OK,Verified ✓,6.26,11.36,N/A,7.83,12.44,N/A
HSBC Arbitrage Reg,151134,INF917K01QL8,Regular,Arbitrage,27296,6.65,0.35,1.8,2.9,,,130,46.35,34.39,0.01,2.05,19.62,269,,,,GOI/Cash,,,,3,3,3,3,1,2.5,1.5,1.5,2.5,1.75,2,2,3,10,8,3.75,2,26.75,Moderate Risk,OK,Verified ✓,8.81,13.32,11.47,7.83,12.44,10.59
Helios Arbitrage Reg,,,Regular,Arbitrage,45889,,,,,,,,,,,,,,,,,,,,,,,,,,,,,,,,,,,,,,,N/A,NOT_FOUND,Both code and ISIN missing,6.96,9.96,9.33,7.83,12.44,10.59
ICICI Pru Equity Arbitrage,104683,INF109K01BF6,Regular,Arbitrage,3902,6.8,0.36,2.13,3.36,,,171,37.49,29.16,,2.81,22.6,371,0.61,0.62,5.6,GOI/Cash,1,3,3,3,3,3,3,1,2.5,2,1.5,,1.5,1.75,2,10,10,6,3.25,2,31.25,Low Risk,OK,Verified ✓,5.04,N/A,N/A,7.83,N/A,N/A
ITI Arbitrage Reg,147618,INF00XX01416,Regular,Arbitrage,40253,6.72,0.36,1.9,2.99,,,31,59.04,41.96,,2.83,19.96,63,,,,GOI/Cash,,,,3,3,3,3,1,1,1,1,,1.75,1.75,1.25,3,10,3,3.5,1.25,20.75,Moderate Risk,OK,Verified ✓,9.63,N/A,N/A,7.83,N/A,N/A
Invesco India Arbitrage Reg,105603,INF205K01122,Regular,Arbitrage,4840,6.82,0.35,2.26,3.6,,,167,37.36,26.28,,3.13,25.53,391,0.49,0.5,6.1,GOI/Cash,1.5,3,3,3,3,3,3,1,2.5,2,2,,1.5,1.5,2,10.5,10,6.5,3,2,32,Low Risk,OK,Verified ✓,10.1,13.74,N/A,7.83,12.44,N/A
JM Arbitrage Reg,103780,INF192K01510,Regular,Arbitrage,3446,6.34,0.37,0.85,1.28,,,84,41.81,25.21,,2.59,25.09,186,0.16,0.17,4.94,GOI/Cash,1,3,3,3,3,2,2,1,2.5,1.5,2,,1.5,1.75,1.75,10,8,6,3.25,1.75,29,Low Risk,OK,Verified ✓,N/A,N/A,N/A,N/A,N/A,N/A
Kotak Arbitrage Reg,105968,INF174K01302,Regular,Arbitrage,2882,6.94,0.39,2.34,3.7,,,169,43.99,34.29,,2.59,19.9,441,0.5,0.53,6.76,AAA,2,3,3,3,3,3,3,1,2.5,1.5,1.5,,1.75,1.75,2,11,10,5.5,3.5,2,32,Low Risk,OK,Verified ✓,1.87,N/A,N/A,7.83,N/A,N/A
LIC MF Arbitrage Reg,145890,INF767K01PL9,Regular,Arbitrage,38699,6.43,0.33,1.22,1.96,,,38,64.96,43.38,,2.49,19.4,79,,,,GOI/Cash,,,,3,3,2.5,2.5,1,1,0.5,1,,1.75,2,1.25,3,9,2.5,3.75,1.25,19.5,Moderately High Risk,OK,Verified ✓,4.76,9.32,8.16,7.83,12.44,10.59
Mahindra Manulife Arbitrage Reg,148467,INF174V01978,Regular,Arbitrage,41082,5.6,0.34,-1.25,-1.9,,,23,65.88,43.71,,2.69,21.93,51,0.01,0.01,5,GOI/Cash,1,3,3,3,3,1,1,1,1,0.5,1,,1.75,1.75,1,10,6,2.5,3.5,1,23,Moderate Risk,OK,Verified ✓,7.15,11.42,10.33,7.83,12.44,10.59
Mirae Asset Arbitrage Reg,148400,INF769K01FP7,Regular,Arbitrage,41012,6.66,0.38,1.65,2.6,,,176,23.41,18.59,,3.14,22.63,356,0.09,0.09,5.16,GOI/Cash,1,3,3,3,3,3,3,1,2.5,2.5,2.5,,1.5,1.5,2,10,10,7.5,3,2,32.5,Low Risk,OK,Verified ✓,7.56,11.36,10.69,7.83,12.44,10.59
Motilal Oswal Arbitrage Reg,153188,INF247L01EG4,Regular,Arbitrage,44837,,,,,,,92,42.36,30.83,0.14,2.91,26.04,194,0.23,0.23,5.99,GOI/Cash,1,3,3,3,,,,,2.5,1.5,1.5,2.5,1.25,1.75,1.75,10,,8,3,1.75,22.75,Moderate Risk,OK,Verified ✓,N/A,N/A,N/A,N/A,N/A,N/A
NJ Arbitrage Reg,150366,INF0J8L01057,Regular,Arbitrage,42434,6.22,0.39,0.5,0.76,,,54,53.93,35.76,,1.99,19.7,150,0.11,0.11,5.08,GOI/Cash,1,3,3,3,3,1.5,1.5,1,1.5,1,1,,1.75,2,1.75,10,7,3.5,3.75,1.75,26,Moderate Risk,OK,Verified ✓,6.52,N/A,N/A,7.83,N/A,N/A
Nippon India Arbitrage Reg,113345,INF204K01IY1,Regular,Arbitrage,11625,6.66,0.36,1.77,2.73,,,157,41.85,30.8,,2.85,24.86,353,,,,GOI/Cash,,,,3,3,3,3,1,2.5,1.5,1.5,,1.5,1.75,2,3,10,5.5,3.25,2,23.75,Moderate Risk,OK,Verified ✓,2.55,8.69,7.27,7.83,12.44,10.59
Old Bridge Arbitrage Reg,153977,INF0S5R01091,Regular,Arbitrage,45601,,,,,,,69,42.48,23.29,,2.45,23.28,157,,,,AAA,,,,3,,,,,2,1.5,2,,1.5,2,1.75,3,,5.5,3.5,1.75,13.75,Moderately High Risk,OK,Verified ✓,7.76,N/A,N/A,7.83,N/A,N/A
PGIM India Arbitrage Reg,138876,INF223J019N4,Regular,Arbitrage,27870,6.35,0.42,0.76,0.99,,,24,72.5,52.18,,2.41,19.81,51,,,,GOI/Cash,,,,3,3,2,1.5,1,1,0.5,0.5,,1.75,2,1,3,7.5,2,3.75,1,17.25,Moderately High Risk,OK,Verified ✓,7.81,10.3,8.67,7.83,12.44,10.59
Parag Parikh Arbitrage Reg,152110,INF879O01217,Regular,Arbitrage,43815,,,,,,,80,45.82,31.26,,2.55,22.25,177,0.32,0.32,6.59,GOI/Cash,2,3,3,3,,,,,2.5,1.5,1.5,,1.5,1.75,1.75,11,,5.5,3.25,1.75,21.5,Moderate Risk,OK,Verified ✓,8.97,14.1,N/A,7.83,12.44,N/A
Quant Arbitrage Reg,153428,INF966L01DZ1,Regular,Arbitrage,45073,,,,,,,40,56.8,39.4,,2.63,23.95,84,,,,GOI/Cash,,,,3,,,,,1.5,1,1,,1.5,1.75,1.25,3,,3.5,3.25,1.25,11,High Risk,OK,Verified ✓,8.71,10.22,7.84,7.95,10.58,9.19
SBI Arbitrage Opportunities Reg,104457,INF200K01156,Regular,Arbitrage,3687,6.88,0.36,2.34,3.8,,,174,36.26,27.11,,2.51,18.12,501,0.34,0.4,6.38,GOI/Cash,1.5,3,3,3,3,3,3,1,2.5,2,2,,1.75,1.75,2,10.5,10,6.5,3.5,2,32.5,Low Risk,OK,Verified ✓,7.07,11.09,9.22,7.95,10.58,9.19
Samco Arbitrage Reg,153091,INF0K1H01222,Regular,Arbitrage,44722,,,,,,,10,73.09,43.89,,4.15,31.18,20,,,,Cash,,,,3,,,,,0.5,0.5,1,,1,1.25,0.5,3,,2,2.25,0.5,7.75,High Risk,OK,Verified ✓,N/A,N/A,N/A,N/A,N/A,N/A
Sundaram Arbitrage Reg,149552,INF173K01NB6,Regular,Arbitrage,32285,6.48,0.33,1.35,2.17,,,30,57.4,37,,2.54,17.7,66,0.27,0.27,4.39,GOI/Cash,1,3,3,3,3,2.5,2.5,1,1,1,1,,2,1.75,1.25,10,9,3,3.75,1.25,27,Low Risk,OK,Verified ✓,5.32,8.42,7.58,7.95,10.58,9.19
TRUSTMF Arbitrage Reg,153805,INF0GCD01867,Regular,Arbitrage,45454,,,,,,,33,46.43,28.93,,2.21,24.78,73,,,,Cash,,,,3,,,,,1,1.5,1.5,,1.5,2,1.25,3,,4,3.5,1.25,11.75,High Risk,OK,Verified ✓,9.29,10.72,8.69,7.95,10.58,9.19
Tata Arbitrage Reg,145723,INF277K015Q7,Regular,Arbitrage,38500,6.72,0.35,2.01,3.26,,,150,36.97,26.68,,2.86,21.95,330,0.52,0.52,6.95,GOI/Cash,2,3,3,3,3,3,3,1,2.5,2,2,,1.75,1.75,2,11,10,6.5,3.5,2,33,Low Risk,OK,Verified ✓,5.08,10.54,9.23,7.95,10.58,9.19
The Wealth Company Arbtg Reg,153892,INF2F0001305,Regular,Arbitrage,45513,,,,,,,46,54.69,34.98,,2.57,23.5,97,,,,GOI/Cash,,,,3,,,,,1.5,1,1.5,,1.5,1.75,1.25,3,,4,3.25,1.25,11.5,High Risk,OK,Verified ✓,9.8,12.24,10.31,7.95,10.58,9.19
UTI Arbitrage Reg,104075,INF789FB1RJ0,Regular,Arbitrage,3464,6.86,0.35,2.36,3.7,,,153,41.62,30.53,,2.65,20.29,332,0.58,0.59,6.65,GOI/Cash,2,3,3,3,3,3,3,1,2.5,1.5,1.5,,1.75,1.75,2,11,10,5.5,3.5,2,32,Low Risk,OK,Verified ✓,6.45,9.17,8.72,7.95,10.58,9.19
Union Arbitrage Reg,146294,INF582M01EW9,Regular,Arbitrage,38969,6.64,0.4,1.53,2.45,,,70,44.64,34.63,,3.07,25.76,145,0.13,0.13,6.15,GOI/Cash,1.5,3,3,3,3,3,2.5,1,2,1.5,1.5,,1.5,1.5,1.5,10.5,9.5,5,3,1.5,29.5,Low Risk,OK,Verified ✓,7.51,10.59,10.17,7.95,10.58,9.19
WhiteOak Capital Arbitrage Reg,152850,INF03VN01928,Regular,Arbitrage,44528,,,,,,,111,35.8,24.6,,2.98,22.81,245,0.18,0.18,6.06,GOI/Cash,1.5,3,3,3,,,,,2.5,2,2,,1.5,1.75,2,10.5,,6.5,3.25,2,22.25,Moderate Risk,OK,Verified ✓,13.62,14.41,11.75,7.95,10.58,9.19
360 ONE Balanced Hybrid Dir,152076,INF579M01AY9,Direct,Balanced Hybrid,43766,,,,,,,45,33.96,19.02,28.67,4.09,26.38,76,2.75,3.3,6.99,AAA,2,2,2.5,3,,,,,1.5,2,2.5,2.5,1.25,1.25,1.25,9.5,,8.5,2.5,1.25,21.75,Moderate Risk,OK,Verified ✓,5.93,8.37,7.97,7.95,10.58,9.19
Franklin India Retirement Dir,118548,INF090I01JZ3,Direct,Balanced Hybrid,16753,9.12,6.42,0.48,0.59,,,43,55.99,32.14,19.75,3.33,23.85,58,3.52,6.69,7.31,AAA,2.5,1.5,1.5,3,2,1,1.5,1.5,1.5,1,1.5,2.5,1.5,1.5,1,8.5,6,6.5,3,1,25,Moderate Risk,OK,Verified ✓,3.55,10.9,8.56,7.95,10.58,9.19
UTI Children's Hybrid Dir,120724,,Direct,Balanced Hybrid,15865,7.79,6.71,0.26,0.31,,,63,34.14,21.2,24.21,4.01,27.55,121,6.26,9.53,7.19,AAA,2.5,1,1,3,2,1,1,1,2,2,2,2.5,1.25,1.25,1.5,7.5,5,8.5,2.5,1.5,25,Moderate Risk,FIXED,ISIN was missing → filled from NAV,9.14,11.89,10.83,7.95,10.58,9.19
UTI Retirement Dir,120766,,Direct,Balanced Hybrid,15840,10.5,6.61,0.68,0.81,,,64,32.38,19.7,21.09,2.83,19.67,131,6.21,9.36,7.17,AAA,2.5,1,1,3,2,1.5,1.5,2,2,2,2.5,2.5,1.75,1.75,1.5,7.5,7,9,3.5,1.5,28.5,Low Risk,FIXED,ISIN was missing → filled from NAV,7.28,10.17,8.3,7.95,10.58,9.19
WhiteOak Capital Balanced Hybrid Dir,152132,INF03VN01829,Direct,Balanced Hybrid,43827,,,,,,,108,29.06,19.83,33.82,3.75,26.07,136,2.93,3.82,6.62,AAA,2,2,2.5,3,,,,,2.5,2.5,2.5,2,1.25,1.25,1.5,9.5,,9.5,2.5,1.5,23,Moderate Risk,OK,Verified ✓,10.44,11.9,10.37,7.95,10.58,9.19
360 ONE Balanced Hybrid Reg,152075,INF579M01AV5,Regular,Balanced Hybrid,43764,,,,,,,45,33.96,19.02,28.67,4.09,26.38,76,2.75,3.3,6.99,AAA,2,2,2.5,3,,,,,1.5,2,2.5,2.5,1.25,1.25,1.25,9.5,,8.5,2.5,1.25,21.75,Moderate Risk,OK,Verified ✓,10.57,12.14,10.43,7.95,10.58,9.19
Franklin India Retirement Reg,100536,INF090I01510,Regular,Balanced Hybrid,392,8.59,6.41,0.4,0.48,,,43,55.99,32.14,19.75,3.33,23.85,58,3.52,6.69,7.31,AAA,2.5,1.5,1.5,3,2,1,1,1.5,1.5,1,1.5,2.5,1.5,1.5,1,8.5,5.5,6.5,3,1,24.5,Moderate Risk,OK,Verified ✓,7.43,8.45,8.26,7.95,10.58,9.19
UTI Children's Hybrid Reg,102267,,Regular,Balanced Hybrid,265,7.6,6.71,0.23,0.28,,,63,34.14,21.2,24.21,4.01,27.55,121,6.26,9.53,7.19,AAA,2.5,1,1,3,2,1,1,1,2,2,2,2.5,1.25,1.25,1.5,7.5,5,8.5,2.5,1.5,25,Moderate Risk,FIXED,ISIN was missing → filled from NAV,N/A,N/A,N/A,N/A,N/A,N/A
UTI Retirement Reg,100682,,Regular,Balanced Hybrid,281,9.88,6.61,0.58,0.69,,,64,32.38,19.7,21.09,2.83,19.67,131,6.21,9.36,7.17,AAA,2.5,1,1,3,2,1.5,1.5,1.5,2,2,2.5,2.5,1.75,1.75,1.5,7.5,6.5,9,3.5,1.5,28,Low Risk,FIXED,ISIN was missing → filled from NAV,N/A,N/A,N/A,N/A,N/A,N/A
WhiteOak Capital Balanced Hybrid Reg,152133,INF03VN01811,Regular,Balanced Hybrid,43826,,,,,,,108,29.06,19.83,33.82,3.75,26.07,136,2.93,3.82,6.62,AAA,2,2,2.5,3,,,,,2.5,2.5,2.5,2,1.25,1.25,1.5,9.5,,9.5,2.5,1.5,23,Moderate Risk,OK,Verified ✓,5.33,7.32,7.34,7.95,10.58,9.19
ABSL Conservative Hybrid Active FoF Dir*,132183,INF084M01EQ8,Direct,Conservative Hybrid,16925,10.33,5.07,0.85,1.13,,,,98.94,,,3.38,23.37,7,,,,AAA,,,,3,2.5,2,2,2,,0.5,,,1.5,1.5,0.5,3,8.5,0.5,3,0.5,15.5,Moderately High Risk,OK,Verified ✓,N/A,N/A,N/A,N/A,N/A,N/A
ABSL Regular Savings Dir,120705,INF209K01XH4,Direct,Conservative Hybrid,15919,9.05,3.6,0.84,1.04,,,,25.83,,,3.16,24,128,3.8,5.28,8.09,AAA,3,1.5,2,3,2.5,2,2,1.5,,2.5,,,1.5,1.5,1.5,9.5,8,2.5,3,1.5,24.5,Moderate Risk,OK,Verified ✓,9.05,11.79,9.57,7.95,10.58,9.19
ABSL Retirement 50s Dir,146940,INF209KB1J48,Direct,Conservative Hybrid,39189,8.53,4.15,0.6,0.69,,,,71.5,,,3.12,22.77,46,2.76,3.61,6.49,AAA,1.5,2,2.5,3,2.5,1.5,1.5,1.5,,0.5,,,1.5,1.5,1,9,7,0.5,3,1,20.5,Moderate Risk,OK,Verified ✓,6.7,12.48,10.58,7.95,10.58,9.19
Axis Conservative Hybrid Dir,120480,INF846K01EA8,Direct,Conservative Hybrid,17334,7.58,4.2,0.37,0.47,,,,,,,2.97,19.94,52,4.38,6.06,6.94,AAA,2,1.5,1.5,3,2.5,1,1,1,,,,,1.75,1.75,1,8,5.5,,3.5,1,18,Moderately High Risk,OK,Verified ✓,8.18,11.1,10.32,7.95,10.58,9.19
Axis Retirement-Conservative Plan Dir,147830,INF846K01T69,Direct,Conservative Hybrid,40437,9.4,6.86,0.49,0.61,,,,76.99,,,3.19,19.43,35,8.34,16.58,6.93,GOI/Cash,2,1,1,3,2,1,1.5,1.5,,0.5,,,1.75,1.5,1,7,6,0.5,3.25,1,17.75,Moderately High Risk,OK,Verified ✓,5.81,8.33,6.94,7.95,10.58,9.19
Bandhan Conservative Hybrid Dir,118491,INF194K015B9,Direct,Conservative Hybrid,16525,7.53,4.27,0.35,0.43,,,,60.04,,,4.13,22.77,23,2.34,4.07,6.57,AAA,2,2,2,3,2.5,1,1,1,,0.5,,,1.5,1.25,0.5,9,5.5,0.5,2.75,0.5,18.25,Moderately High Risk,OK,Verified ✓,12.53,N/A,N/A,7.95,N/A,N/A
Bandhan Conservative Hybrid Passive FoF Dir,118486,INF194K016A9,Direct,Conservative Hybrid,17859,8.49,3.81,0.65,0.73,,,,99.8,,,2.94,18.96,3,,,,GOI/Cash,,,,3,2.5,1.5,1.5,1.5,,0.5,,,1.75,1.75,0.5,3,7,0.5,3.5,0.5,14.5,Moderately High Risk,OK,Verified ✓,N/A,N/A,N/A,N/A,N/A,N/A
Bank of India Conservative Hybrid Dir,119393,INF761K01819,Direct,Conservative Hybrid,17549,7.46,4.08,0.35,0.51,,,,51.6,,,2.84,18.38,40,2.39,2.86,6.46,AAA,1.5,2,2.5,3,2.5,1,1.5,1,,1,,,1.75,1.75,1,9,6,1,3.5,1,20.5,Moderate Risk,OK,Verified ✓,22.71,19.09,N/A,19.39,17.98,N/A
Baroda BNP Paribas Conservative Hybrid Dir,150206,INF251K01HR8,Direct,Conservative Hybrid,15728,8.7,3.94,0.68,0.79,,,,27.83,,,3.72,27.14,104,3.64,6.12,7.15,AAA,2.5,1.5,1.5,3,2.5,1.5,1.5,1.5,,2.5,,,1.25,1.25,1.5,8.5,7,2.5,2.5,1.5,22,Moderate Risk,OK,Verified ✓,18.59,19.13,14.32,19.39,17.98,15.18
Canara Robeco Conservative Hybrid Dir,118309,INF760K01GB4,Direct,Conservative Hybrid,15770,7.86,4.1,0.45,0.59,,,,38,,,5,33.34,84,3.18,5.88,6.73,AAA,2,1.5,2,3,2.5,1,1.5,1,,2,,,1,1,1.25,8.5,6,2,2,1.25,19.75,Moderately High Risk,OK,Verified ✓,15.38,18.18,N/A,19.39,17.98,N/A
DSP Regular Savings Dir,118994,INF740K01NO5,Direct,Conservative Hybrid,16984,9.1,3.82,0.8,1.09,,,,61.47,,,2.82,19.16,50,2.89,4.7,6.6,AAA,2,2,2,3,2.5,2,2,1.5,,0.5,,,1.75,1.75,1,9,8,0.5,3.5,1,22,Moderate Risk,OK,Verified ✓,19.77,16.1,12.08,19.39,17.98,15.18
Franklin India Conservative Hybrid Dir,118574,INF090I01GF1,Direct,Conservative Hybrid,17832,8.63,4.4,0.62,0.77,,,,63.7,,,3.27,23.51,56,5.12,11.26,7.24,AAA,2.5,1,1,3,2.5,1.5,1.5,1.5,,0.5,,,1.5,1.5,1,7.5,7,0.5,3,1,19,Moderately High Risk,OK,Verified ✓,N/A,N/A,N/A,N/A,N/A,N/A
HDFC Hybrid Debt Dir,119118,INF179K01XE6,Direct,Conservative Hybrid,16453,8.83,4.56,0.62,0.78,,,,27.33,,,2.26,15.16,105,6.4,12.25,7.2,AAA,2.5,1,1,3,2.5,1.5,1.5,1.5,,2.5,,,2,2,1.5,7.5,7,2.5,4,1.5,22.5,Moderate Risk,OK,Verified ✓,20.1,N/A,N/A,19.39,N/A,N/A
HDFC Retirement Savings Hybrid Debt Dir,136465,INF179KB1MJ2,Direct,Conservative Hybrid,31784,7.95,4.29,0.45,0.52,,,,57.59,,,3.07,20.48,55,4.97,7.82,6.46,GOI/Cash,1.5,1.5,1.5,3,2.5,1,1.5,1,,1,,,1.75,1.5,1,7.5,6,1,3.25,1,18.75,Moderately High Risk,OK,Verified ✓,25.75,N/A,N/A,19.39,N/A,N/A
HSBC Conservative Hybrid Dir,120073,INF336L01DW4,Direct,Conservative Hybrid,17058,9.32,5.13,0.64,0.77,,,,56.95,,,6.17,39.86,42,4.34,5.57,6.84,AAA,2,1.5,2,3,2.5,1.5,1.5,1.5,,1,,,0.5,0.5,1,8.5,7,1,1,1,18.5,Moderately High Risk,OK,Verified ✓,11.01,12.74,10.2,19.39,17.98,15.18
ICICI Pru Regular Savings Dir,120616,INF109K01S39,Direct,Conservative Hybrid,15851,9.56,3.42,1.03,1.28,,,,25.02,,,3.15,21.95,142,2.97,5.52,7.88,AAA,2.5,2,2,3,2.5,2.5,2,1.5,,2.5,,,1.75,1.5,1.5,9.5,8.5,2.5,3.25,1.5,25.25,Moderate Risk,OK,Verified ✓,17.51,N/A,N/A,19.39,N/A,N/A
ICICI Pru Retirement Hybrid Conservative Dir,146716,INF109KC1UA8,Direct,Conservative Hybrid,39063,11.39,4.52,1.18,1.4,,,,47.22,,,4.32,25.95,37,4.45,7.94,6.95,AAA,2,1.5,1.5,3,2.5,2.5,2,2,,1.5,,,1.5,1.25,1,8,9,1.5,2.75,1,22.25,Moderate Risk,OK,Verified ✓,N/A,N/A,N/A,N/A,N/A,N/A
Kotak Debt Hybrid Dir,120154,INF174K01JZ1,Direct,Conservative Hybrid,17795,9.67,5.27,0.69,0.83,,,,37.51,,,2.8,19.27,121,6.35,14.22,7.29,AAA,2.5,1,1,3,2.5,1.5,1.5,1.5,,2,,,1.75,1.75,1.5,7.5,7,2,3.5,1.5,21.5,Moderate Risk,OK,Verified ✓,18.59,17.61,N/A,19.39,17.98,N/A
LIC MF Conservative Hybrid Dir,120276,INF767K01EO7,Direct,Conservative Hybrid,17456,6.55,3.8,0.14,0.17,,,,80.08,,,2.87,20.33,19,3.69,4.3,6.31,AAA,1.5,1.5,2,3,2.5,1,1,1,,0.5,,,1.75,1.75,0.5,8,5.5,0.5,3.5,0.5,18,Moderately High Risk,OK,Verified ✓,N/A,N/A,N/A,N/A,N/A,N/A
Nippon India Conservative Hybrid Dir,118726,INF204K01YV4,Direct,Conservative Hybrid,16144,8.54,2.17,1.16,1.25,,,,34.72,,,2.9,19.12,90,1.93,2.26,8.74,AA,3,2.5,2.5,2.5,3,2.5,2,1.5,,2,,,1.75,1.75,1.25,10.5,9,2,3.5,1.25,26.25,Moderate Risk,OK,Verified ✓,N/A,N/A,N/A,N/A,N/A,N/A
Nippon India Conservative Hybrid Seg Port 2 Direct,148296,INF204KB14O0,Direct,Conservative Hybrid,40873,,,,,,,,,,,,,,,,,,,,,,,,,,,,,,,,,,,,,,,N/A,OK,Verified ✓,28.04,N/A,N/A,19.39,N/A,N/A
Nippon India Conservative Hybrid Seg Port1 Dir,148143,INF204KB12K2,Direct,Conservative Hybrid,40704,,,,,,,,99.5,,,,,1,,,,B,,,,1.5,,,,,,0.5,,,,,0.5,1.5,,0.5,,0.5,2.5,High Risk,OK,Verified ✓,N/A,N/A,N/A,N/A,N/A,N/A
Nippon India Retirement Incm Generation Dir,133569,INF204KA1C30,Direct,Conservative Hybrid,29298,7.47,5.14,0.28,0.35,,,,79.9,,,2.75,19.85,28,9.16,16.75,7.13,GOI/Cash,2.5,1,1,3,2.5,1,1,1,,0.5,,,1.75,1.75,0.5,7.5,5.5,0.5,3.5,0.5,17.5,Moderately High Risk,OK,Verified ✓,6.53,N/A,N/A,19.39,N/A,N/A
Parag Parikh Conservative Hybrid Dir,148958,INF879O01175,Direct,Conservative Hybrid,41484,10.43,3.49,1.26,1.78,,,,33.93,,,2.5,11.06,111,3.82,4.64,6.89,AAA,2,1.5,2,3,2.5,2.5,2.5,2,,2,,,2,2,1.5,8.5,9.5,2,4,1.5,25.5,Moderate Risk,OK,Verified ✓,N/A,N/A,N/A,N/A,N/A,N/A
SBI Children's Savings Plan Dir,119719,INF200K01QR6,Direct,Conservative Hybrid,17524,11.48,4.73,1.15,1.64,,,,48.22,,,3.79,30.13,38,4.61,6.33,6.74,AAA,2,1.5,1.5,3,2.5,2.5,2.5,2,,1.5,,,1,1.25,1,8,9.5,1.5,2.25,1,22.25,Moderate Risk,OK,Verified ✓,N/A,N/A,N/A,N/A,N/A,N/A
SBI Conservative Hybrid Dir,119839,INF200K01TS8,Direct,Conservative Hybrid,17516,9.19,4,0.79,1,,,,27.04,,,2.79,30.03,93,3.07,3.81,7.56,AAA,2.5,1.5,2.5,3,2.5,2,2,1.5,,2.5,,,1,1.75,1.25,9.5,8,2.5,2.75,1.25,24,Moderate Risk,OK,Verified ✓,N/A,N/A,N/A,N/A,N/A,N/A
SBI Retirement Benefit Conservative Dir,148688,INF200KA1T39,Direct,Conservative Hybrid,41283,6.83,4.5,0.18,0.19,,,,63.51,,,3.51,25.97,66,7.33,18.84,7.01,AAA,2.5,1,1,3,2.5,1,1,1,,0.5,,,1.5,1.25,1.25,7.5,5.5,0.5,2.75,1.25,17.5,Moderately High Risk,OK,Verified ✓,N/A,N/A,N/A,N/A,N/A,N/A
SBI Retirement Benefit Conservative Hybrid Dir,148690,INF200KA1T70,Direct,Conservative Hybrid,41279,7.68,6.57,0.25,0.28,,,,51.28,,,3.49,25.9,68,4.95,12.89,6.63,AAA,2,1.5,1,3,2,1,1,1,,1,,,1.5,1.5,1.25,7.5,5,1,3,1.25,17.75,Moderately High Risk,OK,Verified ✓,13.23,16.32,N/A,19.39,17.98,N/A
Sundaram Conservative Hybrid Dir,119635,INF903J01OP6,Direct,Conservative Hybrid,17227,6.43,4.21,0.1,0.13,,,,38.55,,,3.26,21.87,23,5.34,10.97,6.21,GOI/Cash,1.5,1,1,3,2.5,1,1,1,,2,,,1.75,1.5,0.5,6.5,5.5,2,3.25,0.5,17.75,Moderately High Risk,OK,Verified ✓,13,14.92,13.63,19.39,17.98,15.18
Tata Retirement Savings Conservative Dir,119256,INF277K01QM5,Direct,Conservative Hybrid,17019,7.98,5,0.39,0.47,,,,,,,3.76,24.36,51,4.71,8.83,6.67,AAA,2,1.5,1,3,2.5,1,1,1,,,,,1.5,1.25,1,7.5,5.5,,2.75,1,16.75,Moderately High Risk,OK,Verified ✓,23.73,17.7,13.72,19.39,17.98,15.18
UTI Cons Hybrid Seg Port Dir,,,Direct,Conservative Hybrid,40729,,,,,,,,90.36,,,,,1,,0.07,,B,,,3,1.5,,,,,,0.5,,,,,0.5,4.5,,0.5,,0.5,5.5,High Risk,NOT_FOUND,Both code and ISIN missing,28.61,N/A,N/A,19.39,N/A,N/A
UTI Conservative Hybrid Dir,120779,INF789F01UJ7,Direct,Conservative Hybrid,15804,8.52,4.65,0.54,0.63,,,,35.83,,,2.9,22.05,101,5.78,10.05,7.27,AAA,2.5,1,1,3,2.5,1.5,1.5,1.5,,2,,,1.5,1.75,1.5,7.5,7,2,3.25,1.5,21.25,Moderate Risk,OK,Verified ✓,14.63,18.95,19.73,19.39,17.98,15.18
ABSL Conservative Hybrid Active FoF Reg*,132178,INF084M01044,Regular,Conservative Hybrid,12657,9.91,5.07,0.77,1.02,,,,98.94,,,3.38,23.37,7,,,,AAA,,,,3,2.5,2,2,1.5,,0.5,,,1.5,1.5,0.5,3,8,0.5,3,0.5,15,Moderately High Risk,OK,Verified ✓,17.12,14.93,N/A,19.39,17.98,N/A
ABSL Regular Savings Reg,101818,INF209K01751,Regular,Conservative Hybrid,2234,8.13,3.6,0.58,0.72,,,,25.83,,,3.16,24,128,3.8,5.28,8.09,AAA,3,1.5,2,3,2.5,1.5,1.5,1.5,,2.5,,,1.5,1.5,1.5,9.5,7,2.5,3,1.5,23.5,Moderate Risk,OK,Verified ✓,25.08,N/A,N/A,19.39,N/A,N/A
ABSL Retirement 50s Reg,146938,INF209KB1J14,Regular,Conservative Hybrid,39187,7.2,4.15,0.28,0.32,,,,71.5,,,3.12,22.77,46,2.76,3.61,6.49,AAA,1.5,2,2.5,3,2.5,1,1,1,,0.5,,,1.5,1.5,1,9,5.5,0.5,3,1,19,Moderately High Risk,OK,Verified ✓,N/A,N/A,N/A,N/A,N/A,N/A
Axis Conservative Hybrid Reg,112924,INF846K01693,Regular,Conservative Hybrid,11200,6.3,4.19,0.06,0.08,,,,,,,2.97,19.94,52,4.38,6.06,6.94,AAA,2,1.5,1.5,3,2.5,1,1,1,,,,,1.75,1.75,1,8,5.5,,3.5,1,18,Moderately High Risk,OK,Verified ✓,31.29,N/A,N/A,19.39,N/A,N/A
Axis Retirement-Conservative Plan Reg,147832,INF846K01T85,Regular,Conservative Hybrid,40435,8.09,6.83,0.3,0.38,,,,76.99,,,3.19,19.43,35,8.34,16.58,6.93,GOI/Cash,2,1,1,3,2,1,1,1.5,,0.5,,,1.75,1.5,1,7,5.5,0.5,3.25,1,17.25,Moderately High Risk,OK,Verified ✓,21.02,19.27,17.57,19.39,17.98,15.18
Bandhan Conservative Hybrid Passive FoF Reg,112327,INF194K01987,Regular,Conservative Hybrid,10844,7.97,3.8,0.51,0.58,,,,99.8,,,2.94,18.96,3,,,,GOI/Cash,,,,3,2.5,1.5,1.5,1,,0.5,,,1.75,1.75,0.5,3,6.5,0.5,3.5,0.5,14,Moderately High Risk,OK,Verified ✓,16.75,N/A,N/A,19.39,N/A,N/A
Bandhan Conservative Hybrid Reg,108999,INF194K01631,Regular,Conservative Hybrid,10841,6.58,4.27,0.13,0.16,,,,60.04,,,4.13,22.77,23,2.34,4.07,6.57,AAA,2,2,2,3,2.5,1,1,1,,0.5,,,1.5,1.25,0.5,9,5.5,0.5,2.75,0.5,18.25,Moderately High Risk,NOT_FOUND,Neither code 108999 nor ISIN INF194K01631 confirmed in NAV,25.02,N/A,N/A,19.39,N/A,N/A
Bank of India Conservative Hybrid Eco,111715,INF761K01397,Regular,Conservative Hybrid,10202,7.05,4.1,0.25,0.36,,,,51.6,,,2.84,18.38,40,2.39,2.86,6.46,AAA,1.5,2,2.5,3,2.5,1,1,1,,1,,,1.75,1.75,1,9,5.5,1,3.5,1,20,Moderate Risk,OK,Verified ✓,21.22,N/A,N/A,19.39,N/A,N/A
Bank of India Conservative Hybrid Reg,111712,INF761K01462,Regular,Conservative Hybrid,10198,6.68,4.1,0.16,0.23,,,,51.6,,,2.84,18.38,40,2.39,2.86,6.46,AAA,1.5,2,2.5,3,2.5,1,1,1,,1,,,1.75,1.75,1,9,5.5,1,3.5,1,20,Moderate Risk,OK,Verified ✓,19.32,17.87,13.69,19.39,17.98,15.18
Baroda BNP Paribas Conservative Hybrid Reg,150203,INF251K01845,Regular,Conservative Hybrid,2345,7.17,3.94,0.29,0.34,,,,27.83,,,3.72,27.14,104,3.64,6.12,7.15,AAA,2.5,1.5,1.5,3,2.5,1,1,1,,2.5,,,1.25,1.25,1.5,8.5,5.5,2.5,2.5,1.5,20.5,Moderate Risk,OK,Verified ✓,15.96,14.65,11.31,19.39,17.98,15.18
Canara Robeco Conservative Hybrid Reg,100601,INF760K01282,Regular,Conservative Hybrid,976,6.69,4.09,0.16,0.21,,,,38,,,5,33.34,84,3.18,5.88,6.73,AAA,2,1.5,2,3,2.5,1,1,1,,2,,,1,1,1.25,8.5,5.5,2,2,1.25,19.25,Moderately High Risk,OK,Verified ✓,25.11,21.75,17.21,19.39,17.98,15.18
DSP Regular Savings Reg,102448,INF740K01441,Regular,Conservative Hybrid,2227,8.45,3.82,0.63,0.86,,,,61.47,,,2.82,19.16,50,2.89,4.7,6.6,AAA,2,2,2,3,2.5,1.5,1.5,1.5,,0.5,,,1.75,1.75,1,9,7,0.5,3.5,1,21,Moderate Risk,OK,Verified ✓,18.31,20.69,17.76,19.39,17.98,15.18
Franklin India Conservative Hybrid Reg,100948,INF090I01EA7,Regular,Conservative Hybrid,860,7.77,4.39,0.41,0.52,,,,63.7,,,3.27,23.51,56,5.12,11.26,7.24,AAA,2.5,1,1,3,2.5,1,1.5,1,,0.5,,,1.5,1.5,1,7.5,6,0.5,3,1,18,Moderately High Risk,OK,Verified ✓,N/A,N/A,N/A,N/A,N/A,N/A
HDFC Hybrid Debt Reg,102147,INF179K01AE4,Regular,Conservative Hybrid,1930,8.28,4.56,0.49,0.63,,,,27.33,,,2.26,15.16,105,6.4,12.25,7.2,AAA,2.5,1,1,3,2.5,1,1.5,1.5,,2.5,,,2,2,1.5,7.5,6.5,2.5,4,1.5,22,Moderate Risk,OK,Verified ✓,29.08,24.61,23.77,19.39,17.98,15.18
HDFC Retirement Savings Hybrid Debt Reg,136466,INF179KB1MK0,Regular,Conservative Hybrid,31783,6.84,4.29,0.19,0.22,,,,57.59,,,3.07,20.48,55,4.97,7.82,6.46,GOI/Cash,1.5,1.5,1.5,3,2.5,1,1,1,,1,,,1.75,1.5,1,7.5,5.5,1,3.25,1,18.25,Moderately High Risk,OK,Verified ✓,12.59,12.94,10.53,19.39,17.98,15.18
HSBC Conservative Hybrid Reg,102262,INF336L01099,Regular,Conservative Hybrid,2077,8.45,5.13,0.47,0.56,,,,56.95,,,6.17,39.86,42,4.34,5.57,6.84,AAA,2,1.5,2,3,2.5,1,1.5,1.5,,1,,,0.5,0.5,1,8.5,6.5,1,1,1,18,Moderately High Risk,OK,Verified ✓,10.71,N/A,N/A,19.39,N/A,N/A
ICICI Pru Regular Savings Reg,102330,INF109K01902,Regular,Conservative Hybrid,2100,8.8,3.41,0.81,1.01,,,,25.02,,,3.15,21.95,142,2.97,5.52,7.88,AAA,2.5,2,2,3,2.5,2,2,1.5,,2.5,,,1.75,1.5,1.5,9.5,8,2.5,3.25,1.5,24.75,Moderate Risk,OK,Verified ✓,21.46,18.62,15.25,19.39,17.98,15.18
ICICI Pru Retirement Hybrid Conservative,146717,INF109KC1TY0,Regular,Conservative Hybrid,39061,10.24,4.52,0.93,1.1,,,,47.22,,,4.32,25.95,37,4.45,7.94,6.95,AAA,2,1.5,1.5,3,2.5,2,2,2,,1.5,,,1.5,1.25,1,8,8.5,1.5,2.75,1,21.75,Moderate Risk,OK,Verified ✓,12.86,N/A,N/A,19.39,N/A,N/A
Kotak Debt Hybrid Reg,114859,INF174K01393,Regular,Conservative Hybrid,1901,8.43,5.26,0.46,0.55,,,,37.51,,,2.8,19.27,121,6.35,14.22,7.29,AAA,2.5,1,1,3,2.5,1,1.5,1.5,,2,,,1.75,1.75,1.5,7.5,6.5,2,3.5,1.5,21,Moderate Risk,OK,Verified ✓,17.2,N/A,N/A,19.39,N/A,N/A
LIC MF Conservative Hybrid Reg,101869,INF767K01808,Regular,Conservative Hybrid,552,5.57,3.79,-0.12,-0.15,,,,80.08,,,2.87,20.33,19,3.69,4.3,6.31,AAA,1.5,1.5,2,3,2.5,1,1,1,,0.5,,,1.75,1.75,0.5,8,5.5,0.5,3.5,0.5,18,Moderately High Risk,OK,Verified ✓,18.26,N/A,N/A,19.39,N/A,N/A
Nippon India Conservative Hybrid Reg,102172,INF204K01FD1,Regular,Conservative Hybrid,1990,7.76,2.17,0.8,0.86,,,,34.72,,,2.9,19.12,90,1.93,2.26,8.74,AA,3,2.5,2.5,2.5,3,2,1.5,1,,2,,,1.75,1.75,1.25,10.5,7.5,2,3.5,1.25,24.75,Moderate Risk,OK,Verified ✓,16.66,16.52,14.56,19.39,17.98,15.18
Nippon India Conservative Hybrid Seg Port 2 Reg,148293,INF204KB19O9,Regular,Conservative Hybrid,40870,,,,,,,,,,,,,,,,,,,,,,,,,,,,,,,,,,,,,,,N/A,OK,Verified ✓,N/A,N/A,N/A,N/A,N/A,N/A
Nippon India Conservative Hybrid Seg Port1 Reg,148141,INF204KB17K1,Regular,Conservative Hybrid,40701,,,,,,,,99.5,,,,,1,,,,B,,,,1.5,,,,,,0.5,,,,,0.5,1.5,,0.5,,0.5,2.5,High Risk,OK,Verified ✓,14.47,19.77,14.91,19.39,17.98,15.18
Nippon India Retirement Incm Generation Reg,133572,INF204KA1C22,Regular,Conservative Hybrid,29295,6.39,5.14,0.07,0.09,,,,79.9,,,2.75,19.85,28,9.16,16.75,7.13,GOI/Cash,2.5,1,1,3,2.5,1,1,1,,0.5,,,1.75,1.75,0.5,7.5,5.5,0.5,3.5,0.5,17.5,Moderately High Risk,OK,Verified ✓,23.39,N/A,N/A,19.39,N/A,N/A
Parag Parikh Conservative Hybrid Reg,148959,INF879O01209,Regular,Conservative Hybrid,41482,10.13,3.49,1.18,1.66,,,,33.93,,,2.5,11.06,111,3.82,4.64,6.89,AAA,2,1.5,2,3,2.5,2.5,2.5,2,,2,,,2,2,1.5,8.5,9.5,2,4,1.5,25.5,Moderate Risk,OK,Verified ✓,18.36,N/A,N/A,19.39,N/A,N/A
SBI Children's Savings Plan Reg,101169,INF200K01776,Regular,Conservative Hybrid,1229,11.12,4.73,1.08,1.53,,,,48.22,,,3.79,30.13,38,4.61,6.33,6.74,AAA,2,1.5,1.5,3,2.5,2.5,2.5,2,,1.5,,,1,1.25,1,8,9.5,1.5,2.25,1,22.25,Moderate Risk,OK,Verified ✓,N/A,N/A,N/A,N/A,N/A,N/A
SBI Conservative Hybrid Reg,100968,INF200K01859,Regular,Conservative Hybrid,960,8.69,4,0.66,0.85,,,,27.04,,,2.79,30.03,93,3.07,3.81,7.56,AAA,2.5,1.5,2.5,3,2.5,1.5,1.5,1.5,,2.5,,,1,1.75,1.25,9.5,7,2.5,2.75,1.25,23,Moderate Risk,OK,Verified ✓,6.88,12.44,10.46,8.71,13.63,11.72
SBI Retirement Benefit Conservative Hybrid Reg,148692,INF200KA1T54,Regular,Conservative Hybrid,41277,7.17,6.56,0.17,0.19,,,,51.28,,,3.49,25.9,68,4.95,12.89,6.63,AAA,2,1.5,1,3,2,1,1,1,,1,,,1.5,1.5,1.25,7.5,5,1,3,1.25,17.75,Moderately High Risk,OK,Verified ✓,8.41,12.89,9.9,8.71,13.63,11.72
SBI Retirement Benefit Conservative Reg,148696,INF200KA1T13,Regular,Conservative Hybrid,41281,6.36,4.5,0.07,0.08,,,,63.51,,,3.51,25.97,66,7.33,18.84,7.01,AAA,2.5,1,1,3,2.5,1,1,1,,0.5,,,1.5,1.25,1.25,7.5,5.5,0.5,2.75,1.25,17.5,Moderately High Risk,OK,Verified ✓,10,13.44,8.78,8.71,13.63,11.72
Sundaram Conservative Hybrid Reg,112868,INF903J01HB0,Regular,Conservative Hybrid,10863,5.53,4.18,-0.12,-0.16,,,,38.55,,,3.26,21.87,23,5.34,10.97,6.21,GOI/Cash,1.5,1,1,3,2.5,1,1,1,,2,,,1.75,1.5,0.5,6.5,5.5,2,3.25,0.5,17.75,Moderately High Risk,OK,Verified ✓,7.23,11.19,8.74,8.71,13.63,11.72
Tata Retirement Savings Conservative Reg,115944,INF277K01FI6,Regular,Conservative Hybrid,13415,6.8,5,0.15,0.19,,,,,,,3.76,24.36,51,4.71,8.83,6.67,AAA,2,1.5,1,3,2.5,1,1,1,,,,,1.5,1.25,1,7.5,5.5,,2.75,1,16.75,Moderately High Risk,OK,Verified ✓,6.58,10.04,7.99,8.71,13.63,11.72
UTI Cons Hybrid Seg Port Reg,,,Regular,Conservative Hybrid,40725,,,,,,,,90.36,,,,,1,,0.07,,B,,,3,1.5,,,,,,0.5,,,,,0.5,4.5,,0.5,,0.5,5.5,High Risk,NOT_FOUND,Both code and ISIN missing,4.37,13.05,7.65,8.71,13.63,11.72
UTI Conservative Hybrid Reg,102535,INF789F01893,Regular,Conservative Hybrid,1993,7.91,4.65,0.4,0.47,,,,35.83,,,2.9,22.05,101,5.78,10.05,7.27,AAA,2.5,1,1,3,2.5,1,1,1,,2,,,1.5,1.75,1.5,7.5,5.5,2,3.25,1.5,19.75,Moderately High Risk,OK,Verified ✓,12.24,14.65,11.24,8.71,13.63,11.72
ABSL Balanced Advantage Dir,131670,INF084M01DJ5,Direct,Dynamic Asset Allocation,16897,11.97,8.28,0.72,0.89,,,84,24.9,15.02,34.73,3.63,26.5,150,2.82,3.72,7.66,AAA,2.5,2,2.5,3,2,1.5,1.5,2,2.5,2.5,2.5,2,1.25,1.25,1.75,10,7,9.5,2.5,1.75,30.75,Low Risk,OK,Verified ✓,14.1,15.52,12.69,8.71,13.63,11.72
ABSL Dynamic Asset Allocation Omni FoF Dir*,132186,INF084M01EW6,Direct,Dynamic Asset Allocation,16914,14.27,10.88,0.76,0.94,,,,,,,,,9,,,,AAA,,,,3,1.5,2,1.5,2.5,,,,,,,0.5,3,7.5,,,0.5,11,High Risk,OK,Verified ✓,6.2,N/A,N/A,8.71,N/A,N/A
Axis Balanced Advantage Dir,141642,INF846K01A29,Direct,Dynamic Asset Allocation,34467,13.27,8.41,0.86,1.07,,,102,34.54,23.13,32.41,3.23,21.8,212,2.79,3.53,6.93,AAA,2,2,2.5,3,2,2,2,2.5,2.5,2,2,2,1.75,1.5,2,9.5,8.5,8.5,3.25,2,31.75,Low Risk,OK,Verified ✓,15.9,18.98,16.42,8.71,13.63,11.72
Axis Retirement-Dynamic Plan Dir,147826,INF846K01T28,Direct,Dynamic Asset Allocation,40433,12.85,12.92,0.53,0.61,,,91,,,,,23.81,95,7.12,16.49,6.5,GOI/Cash,2,1,1,3,1,1.5,1.5,2.5,2.5,,,,1.5,,1.25,7,6.5,2.5,1.5,1.25,18.75,Moderately High Risk,OK,Verified ✓,8.05,13.22,11.41,8.71,13.63,11.72
Bajaj Finserv Balanced Advantage Dir,152194,INF0QA701656,Direct,Dynamic Asset Allocation,43877,,,,,,,57,40.35,25.92,45.77,3.1,20.54,65,2.13,4.33,6.1,AAA,1.5,2,2,3,,,,,1.5,1.5,2,1.5,1.75,1.5,1.25,8.5,,6.5,3.25,1.25,19.5,Moderately High Risk,OK,Verified ✓,9.92,N/A,N/A,8.71,N/A,N/A
Bandhan Balanced Advantage Dir,131355,INF194KA1UH1,Direct,Dynamic Asset Allocation,28342,10.36,7.65,0.57,0.62,,,100,29.45,16.82,33.15,3.18,24.54,128,2.36,4.47,6.3,AAA,1.5,2,2,3,2,1.5,1.5,2,2.5,2.5,2.5,2,1.5,1.5,1.5,8.5,7,9.5,3,1.5,29.5,Low Risk,OK,Verified ✓,8.92,12.95,10.78,8.71,13.63,11.72
Bank of India Balanced Advantage Dir,127850,INF761K01BO6,Direct,Dynamic Asset Allocation,24756,11.2,9.45,0.55,0.84,,,56,40.42,25.1,40.02,3.03,19.62,69,1.77,2.02,6.4,AAA,1.5,2.5,2.5,3,1.5,1.5,1.5,2,1.5,1.5,2,1.5,1.75,1.5,1.25,9.5,6.5,6.5,3.25,1.25,27,Low Risk,OK,Verified ✓,3.79,14.36,10.95,8.71,13.63,11.72
Baroda BNP Paribas Balanced Advantage Dir,145396,INF955L01HF7,Direct,Dynamic Asset Allocation,38113,12.59,10.89,0.6,0.69,,,54,26.96,16.21,43.51,3.78,27.9,104,3.85,5.67,6.77,AAA,2,1.5,2,3,1.5,1.5,1.5,2.5,1.5,2.5,2.5,1.5,1.25,1.25,1.5,8.5,7,8,2.5,1.5,27.5,Low Risk,OK,Verified ✓,8.75,15.44,14.2,8.71,13.63,11.72
Canara Robeco Balanced Advantage Dir,152688,INF760K01LD0,Direct,Dynamic Asset Allocation,44370,,,,,,,59,39.2,24.61,42.61,3.19,21.17,81,2.88,3.72,6.69,AAA,2,2,2.5,3,,,,,1.5,2,2,1.5,1.75,1.5,1.25,9.5,,7,3.25,1.25,21,Moderate Risk,OK,Verified ✓,8.76,15.41,14.14,8.71,13.63,11.72
DSP Dynamic Asset Allocation Dir,126393,INF740K01K81,Direct,Dynamic Asset Allocation,23438,12.04,6.43,0.93,1.32,,,53,32.39,23.25,29.54,2.62,19.17,101,2.63,3.1,6.86,AAA,2,2,2.5,3,2,2,2,2.5,1.5,2,2,2.5,1.75,1.75,1.5,9.5,8.5,8,3.5,1.5,31,Low Risk,OK,Verified ✓,N/A,N/A,N/A,N/A,N/A,N/A
Edelweiss Balanced Advantage Dir,118615,INF754K01BS2,Direct,Dynamic Asset Allocation,17768,11.58,8.93,0.62,0.76,,,101,30.1,18.8,48.99,3.59,23.35,128,0.84,0.92,5.88,AAA,1,3,3,3,2,1.5,1.5,2,2.5,2,2.5,1.5,1.5,1.25,1.5,10,7,8.5,2.75,1.5,29.75,Low Risk,OK,Verified ✓,5.6,13.21,11.34,8.71,13.63,11.72
Franklin India Balanced Advantage Dir,150481,INF090I01WQ5,Direct,Dynamic Asset Allocation,42455,10.95,8.86,0.57,0.69,,,49,38.85,23.38,34.14,3.57,26.03,96,3.76,6.57,7.34,AAA,2.5,1.5,1.5,3,2,1.5,1.5,2,1.5,2,2,2,1.25,1.25,1.25,8.5,7,7.5,2.5,1.25,26.75,Moderate Risk,OK,Verified ✓,6.35,10.53,9.02,8.71,13.63,11.72
Franklin India Dynamic Asset Allocation Active FoF Dir*,118543,INF090I01HV6,Direct,Dynamic Asset Allocation,16024,10.95,8.86,0.57,0.69,,,,,,,,,3,,,,AAA,,,,3,2,1.5,1.5,2,,,,,,,0.5,3,7,,,0.5,10.5,High Risk,OK,Verified ✓,4.4,11.28,12.42,8.71,13.63,11.72
HDFC Balanced Advantage Dir,118968,INF179K01WA6,Direct,Dynamic Asset Allocation,16055,14.62,10.35,0.83,1.07,,,152,30.81,19.36,42.3,2.56,16.76,317,4.47,7.6,7.01,AAA,2.5,1.5,1.5,3,1.5,2,2,2.5,2.5,2,2.5,1.5,2,1.75,2,8.5,8,8.5,3.75,2,30.75,Low Risk,OK,Verified ✓,3.49,9.4,10.67,8.71,13.63,11.72
HSBC Balanced Advantage Dir,151129,INF917K01IN1,Direct,Dynamic Asset Allocation,16259,10.6,7.61,0.6,0.76,,,55,35.02,20.53,24.5,2.94,22.96,89,2.77,3.5,6.68,GOI/Cash,2,2,2.5,3,2,1.5,1.5,2,1.5,2,2,2.5,1.5,1.75,1.25,9.5,7,8,3.25,1.25,29,Low Risk,OK,Verified ✓,4.86,11.6,11.43,8.71,13.63,11.72
Helios Balanced Advantage Dir,152509,INF0R8701145,Direct,Dynamic Asset Allocation,44208,,,,,,,53,40.43,25.18,50.85,2.98,17.89,76,,,,GOI/Cash,,,,3,,,,,1.5,1.5,2,1,2,1.75,1.25,3,,6,3.75,1.25,14,Moderately High Risk,OK,Verified ✓,10.42,13.7,11.54,8.71,13.63,11.72
ICICI Pru Balanced Advantage Dir,120377,INF109K012B0,Direct,Dynamic Asset Allocation,15829,11.31,7.07,0.75,0.78,,,98,30.28,19.77,32.96,4.22,28.44,233,3.37,6.73,6.69,AAA,2,1.5,1.5,3,2,2,1.5,2,2.5,2,2.5,2,1.25,1.25,2,8,7.5,9,2.5,2,29,Low Risk,OK,Verified ✓,15.62,14.62,10.84,8.71,13.63,11.72
ICICI Pru Dynamic Asset Allocation Active FoF Dir*,120679,INF109K01X16,Direct,Dynamic Asset Allocation,17406,11.37,6.79,0.79,0.86,,,,,,,,,29,4.26,9.07,7.34,AAA,2.5,1.5,1,3,2,2,1.5,2,,,,,,,0.5,8,7.5,,,0.5,16,Moderately High Risk,OK,Verified ✓,6.39,16.75,15.9,8.71,13.63,11.72
ITI Balanced Advantage Dir,147789,INF00XX01689,Direct,Dynamic Asset Allocation,40425,10.87,8.23,0.59,0.79,,,40,35.49,20.19,36.41,3.6,24.44,63,0.36,0.39,5.32,AAA,1,3,3,3,2,1.5,1.5,2,1.5,2,2,2,1.5,1.25,1.25,10,7,7.5,2.75,1.25,28.5,Low Risk,OK,Verified ✓,11.28,17.35,13.53,8.71,13.63,11.72
Invesco India Balanced Advantage Dir,120333,INF205K01LN5,Direct,Dynamic Asset Allocation,16740,10.87,9.1,0.53,0.66,,,40,48.7,32.9,33.62,4.01,28.37,57,1.78,2.13,6.11,AAA,1.5,2.5,2.5,3,1.5,1.5,1.5,2,1.5,1.5,1.5,2,1.25,1.25,1,9.5,6.5,6.5,2.5,1,26,Moderate Risk,OK,Verified ✓,10.8,17.94,18.18,8.71,13.63,11.72
Kotak Balanced Advantage Dir,144335,INF174KA1210,Direct,Dynamic Asset Allocation,37076,10.08,8.51,0.48,0.51,,,116,28.78,19.57,33.26,3.11,20.85,223,5.4,12.9,6.83,AAA,2,1,1,3,2,1,1.5,2,2.5,2.5,2.5,2,1.75,1.5,2,7,6.5,9.5,3.25,2,28.25,Low Risk,OK,Verified ✓,19.61,21.47,15.6,8.71,13.63,11.72
LIC MF Balanced Advantage Dir,149261,INF767K01QY0,Direct,Dynamic Asset Allocation,41810,8.49,8.74,0.28,0.35,,,78,44.44,28.55,33.09,2.74,17.93,111,,,,AAA,,,,3,2,1,1,1.5,2,1.5,1.5,2,2,1.75,1.5,3,5.5,7,3.75,1.5,20.75,Moderate Risk,OK,Verified ✓,1.09,13.33,10.26,8.71,13.63,11.72
Mahindra Manulife Balanced Advantage Dir,149406,INF174V01BE0,Direct,Dynamic Asset Allocation,41921,12.03,9.71,0.62,0.76,,,57,27.94,15.08,40.58,3.09,23.12,79,2.84,4.28,7.23,AAA,2.5,2,2,3,1.5,1.5,1.5,2.5,1.5,2.5,2.5,1.5,1.5,1.5,1.25,9.5,7,8,3,1.25,28.75,Low Risk,OK,Verified ✓,3.65,16.4,13.83,8.71,13.63,11.72
Mirae Asset Balanced Advantage Dir,150470,INF769K01IN6,Direct,Dynamic Asset Allocation,42308,11.88,7.92,0.74,0.88,,,107,29.33,18.66,31.58,3.14,19.61,187,3.56,4.79,6.27,AAA,1.5,1.5,2,3,2,1.5,1.5,2,2.5,2.5,2.5,2,1.75,1.5,1.75,8,7,9.5,3.25,1.75,29.5,Low Risk,OK,Verified ✓,12.33,14.35,12.46,8.71,13.63,11.72
Motilal Oswal Balanced Advantage Dir,139872,INF247L01635,Direct,Dynamic Asset Allocation,32933,7.12,15.19,0.07,0.1,,,18,52.32,33.01,38.08,3.69,31.65,28,,,,A,,,,2,1,1,1,1,0.5,1,1.5,2,1,1.25,0.5,2,4,5,2.25,0.5,13.75,Moderately High Risk,OK,Verified ✓,9.69,12.21,9.3,8.71,13.63,11.72
NJ Balanced Advantage Dir,149264,INF0J8L01040,Direct,Dynamic Asset Allocation,41748,9.97,9.3,0.42,0.54,,,104,40.29,27.06,38.69,3.48,25.18,226,0.1,0.1,5.09,GOI/Cash,1,3,3,3,1.5,1,1.5,1.5,2.5,1.5,2,2,1.5,1.5,2,10,5.5,8,3,2,28.5,Low Risk,OK,Verified ✓,3.64,9.42,8.89,8.71,13.63,11.72
Nippon India Balanced Advantage Dir,118736,INF204K01G94,Direct,Dynamic Asset Allocation,17097,11.46,8.02,0.68,0.77,,,73,29.22,17.9,34.78,3.95,27.34,203,2.55,3.59,7.02,AAA,2.5,2,2.5,3,2,1.5,1.5,2,2,2.5,2.5,2,1.25,1.25,2,10,7,9,2.5,2,30.5,Low Risk,OK,Verified ✓,6.75,15.13,13.18,8.71,13.63,11.72
PGIM India Balanced Advantage Dir,148658,INF663L01V49,Direct,Dynamic Asset Allocation,41263,8.58,9.62,0.27,0.36,,,71,34.57,24.07,36.3,3.53,24.35,102,,9.93,6.72,AAA,2,,1,3,1.5,1,1,1.5,2,2,2,2,1.5,1.25,1.5,6,5,8,2.75,1.5,23.25,Moderate Risk,OK,Verified ✓,11.86,13.49,11.3,8.71,13.63,11.72
Parag Parikh Dynamic Asset Allocation Dir,152468,INF879O01266,Direct,Dynamic Asset Allocation,44169,,,,,,,42,34.7,20.62,11.59,2.78,15.8,153,3.79,4.62,6.85,GOI/Cash,2,1.5,2,3,,,,,1.5,2,2,2.5,2,1.75,1.75,8.5,,8,3.75,1.75,22,Moderate Risk,OK,Verified ✓,10.81,12.22,10.64,8.71,13.63,11.72
Quant Dynamic Asset Allocation Dir,151713,INF966L01BL5,Direct,Dynamic Asset Allocation,43471,,,,,,,13,64.11,39.91,44.67,3.27,25.14,25,,,,GOI/Cash,,,,3,,,,,0.5,0.5,1,1.5,1.5,1.5,0.5,3,,3.5,3,0.5,10,High Risk,OK,Verified ✓,9.87,13.8,12.44,8.71,13.63,11.72
SBI Balanced Advantage Dir,149134,INF200KA1Y73,Direct,Dynamic Asset Allocation,41655,12.08,7.63,0.79,0.91,,,93,26.98,17.43,34.34,2.15,13,196,2.76,3.88,6.65,AAA,2,2,2.5,3,2,2,1.5,2.5,2.5,2.5,2.5,2,2,2,1.75,9.5,8,9.5,4,1.75,32.75,Low Risk,OK,Verified ✓,N/A,N/A,N/A,N/A,N/A,N/A
SBI Dynamic Asset Allocation Active FoF Dir*,153832,INF200KB1AA9,Direct,Dynamic Asset Allocation,45477,,,,,,,,,,,,,14,,,,AAA,,,,3,,,,,,,,,,,0.5,3,,,,0.5,3.5,High Risk,OK,Verified ✓,N/A,N/A,N/A,N/A,N/A,N/A
Samco Dynamic Asset Allocation Dir,152188,INF0K1H01131,Direct,Dynamic Asset Allocation,43873,,,,,,,101,39.25,29.95,66.54,3.49,28.24,103,0.41,0.43,5.11,GOI/Cash,1,3,3,3,,,,,2.5,2,1.5,0.5,1.25,1.5,1.5,10,,6.5,2.75,1.5,20.75,Moderate Risk,OK,Verified ✓,4.48,9.52,7.8,8.71,13.63,11.72
Shriram Balanced Advantage Dir,147406,INF680P01208,Direct,Dynamic Asset Allocation,40003,8.09,10.54,0.2,0.22,,,61,45.09,28.18,41.44,3.12,19.82,74,2.01,2.26,6.66,AAA,2,2,2.5,3,1.5,1,1,1.5,2,1.5,1.5,1.5,1.75,1.5,1.25,9.5,5,6.5,3.25,1.25,25.5,Moderate Risk,OK,Verified ✓,12.62,13.12,14.04,8.71,13.63,11.72
Sundaram Balanced Advantage Dir,149717,INF173K01FI7,Direct,Dynamic Asset Allocation,16642,9.61,8.73,0.41,0.49,,,54,37.97,24.94,37.22,3.5,24.21,86,4.08,6.12,6.51,AAA,2,1.5,1.5,3,2,1,1,1.5,1.5,2,2,2,1.5,1.5,1.25,8,5.5,7.5,3,1.25,25.25,Moderate Risk,OK,Verified ✓,15.18,22.15,24.24,8.71,13.63,11.72
Tata Balanced Advantage Dir,146010,INF277K013S8,Direct,Dynamic Asset Allocation,38707,9.76,7.96,0.47,0.53,,,78,26.44,17.56,33.35,3.54,26.48,166,4.28,7.82,7.53,AAA,2.5,1.5,1.5,3,2,1,1.5,1.5,2,2.5,2.5,2,1.25,1.25,1.75,8.5,6,9,2.5,1.75,27.75,Low Risk,OK,Verified ✓,10.21,14.48,11.54,8.71,13.63,11.72
The Wealth Company Balanced Advantage Dir,154185,INF2F0001479,Direct,Dynamic Asset Allocation,45771,,,,,,,43,44.94,30.51,38.28,3.32,18.69,48,,,,AAA,,,,3,,,,,1.5,1.5,1.5,2,1.75,1.5,1,3,,6.5,3.25,1,13.75,Moderately High Risk,OK,Verified ✓,10.09,11.53,12.58,8.71,13.63,11.72
UTI Balanced Advantage Dir,151885,INF789F1AYV3,Direct,Dynamic Asset Allocation,43666,,,,,,,67,40.06,25.05,41.48,3.46,23.36,113,2.24,2.68,6.41,AAA,1.5,2,2.5,3,,,,,2,1.5,2,1.5,1.5,1.5,1.5,9,,7,3,1.5,20.5,Moderate Risk,OK,Verified ✓,6.75,10.81,8.56,8.71,13.63,11.72
UTI Unit Linked Insurance Dir,120784,,Direct,Dynamic Asset Allocation,17462,7.58,6.46,0.24,0.31,,,65,36.43,23.54,25.77,5.02,36.75,126,6.28,9.53,7.12,AAA,2.5,1,1,3,2,1,1,1,2,2,2,2.5,0.5,1,1.5,7.5,5,8.5,1.5,1.5,24,Moderate Risk,FIXED,ISIN was missing → filled from NAV,6.01,11.88,10.66,8.71,13.63,11.72
Unifi Dynamic Asset Allocation Dir,153376,INF1MIY01015,Direct,Dynamic Asset Allocation,45026,,,,,,,101,33.97,19.99,1.12,2.66,19.65,235,1.88,2.59,9.75,AAA,3,2.5,2.5,3,,,,,2.5,2,2.5,2.5,1.75,1.75,2,11,,9.5,3.5,2,26,Moderate Risk,OK,Verified ✓,6.18,10.08,10.31,8.71,13.63,11.72
Union Balanced Advantage Dir,142038,INF582M01DE9,Direct,Dynamic Asset Allocation,34862,8.73,8.37,0.32,0.35,,,73,29.22,18.66,40,3.75,28.1,100,3.31,4.39,6.39,AAA,1.5,1.5,2,3,2,1,1,1.5,2,2.5,2.5,2,1.25,1.25,1.5,8,5.5,9,2.5,1.5,26.5,Moderate Risk,OK,Verified ✓,7.76,13.87,10.47,8.71,13.63,11.72
WhiteOak Capital Balanced Advantage Dir,151267,INF03VN01738,Direct,Dynamic Asset Allocation,43008,11.98,8.45,0.7,0.82,,,106,33.2,22.37,38.88,3.53,24.95,151,3.26,4.37,6.61,AAA,2,1.5,2,3,2,1.5,1.5,2,2.5,2,2,2,1.5,1.25,1.75,8.5,7,8.5,2.75,1.75,28.5,Low Risk,OK,Verified ✓,8.06,15.14,13.83,8.71,13.63,11.72
ABSL Balanced Advantage Reg,131666,INF084M01AB8,Regular,Dynamic Asset Allocation,797,10.84,8.26,0.58,0.72,,,84,24.9,15.02,34.73,3.63,26.5,150,2.82,3.72,7.66,AAA,2.5,2,2.5,3,2,1.5,1.5,2,2.5,2.5,2.5,2,1.25,1.25,1.75,10,7,9.5,2.5,1.75,30.75,Low Risk,OK,Verified ✓,9.45,12.75,10.62,8.71,13.63,11.72
ABSL Dynamic Asset Allocation Omni FoF Reg,132180,INF084M01101,Regular,Dynamic Asset Allocation,12661,13.49,10.88,0.69,0.85,,,,,,,,,9,,,,AAA,,,,3,1.5,1.5,1.5,2.5,,,,,,,0.5,3,7,,,0.5,10.5,High Risk,OK,Verified ✓,6.02,6.95,5.92,5.88,6.78,5.76
Axis Balanced Advantage Reg,141644,INF846K01A52,Regular,Dynamic Asset Allocation,34465,12.06,8.41,0.72,0.89,,,102,34.54,23.13,32.41,3.23,21.8,212,2.79,3.53,6.93,AAA,2,2,2.5,3,2,1.5,1.5,2.5,2.5,2,2,2,1.75,1.5,2,9.5,7.5,8.5,3.25,2,30.75,Low Risk,OK,Verified ✓,6,6.89,5.92,5.88,6.78,5.76
Axis Retirement-Dynamic Plan Reg,147828,INF846K01T44,Regular,Dynamic Asset Allocation,40431,11.53,12.9,0.43,0.5,,,91,,,,,23.81,95,7.12,16.49,6.5,GOI/Cash,2,1,1,3,1,1,1.5,2,2.5,,,,1.5,,1.25,7,5.5,2.5,1.5,1.25,17.75,Moderately High Risk,OK,Verified ✓,5.78,N/A,N/A,5.88,N/A,N/A
Bajaj Finserv Balanced Advantage Reg,152196,INF0QA701680,Regular,Dynamic Asset Allocation,43875,,,,,,,57,40.35,25.92,45.77,3.1,20.54,65,2.13,4.33,6.1,AAA,1.5,2,2,3,,,,,1.5,1.5,2,1.5,1.75,1.5,1.25,8.5,,6.5,3.25,1.25,19.5,Moderately High Risk,OK,Verified ✓,5.74,6.85,5.84,5.88,6.78,5.76
Bandhan Balanced Advantage Reg,131357,INF194KA1UE8,Regular,Dynamic Asset Allocation,28340,9.06,7.64,0.4,0.43,,,100,29.45,16.82,33.15,3.18,24.54,128,2.36,4.47,6.3,AAA,1.5,2,2,3,2,1,1,1.5,2.5,2.5,2.5,2,1.5,1.5,1.5,8.5,5.5,9.5,3,1.5,28,Low Risk,OK,Verified ✓,5.56,6.37,5.07,5.88,6.78,5.76
Bank of India Balanced Advantage Reg,127849,INF761K01BR9,Regular,Dynamic Asset Allocation,24754,10.14,9.46,0.43,0.67,,,56,40.42,25.1,40.02,3.03,19.62,69,1.77,2.02,6.4,AAA,1.5,2.5,2.5,3,1.5,1,1.5,2,1.5,1.5,2,1.5,1.75,1.5,1.25,9.5,6,6.5,3.25,1.25,26.5,Moderate Risk,OK,Verified ✓,5.75,6.82,5.74,5.88,6.78,5.76
Baroda BNP Paribas Balanced Advantage Reg,145387,INF955L01HC4,Regular,Dynamic Asset Allocation,38111,11.41,10.88,0.49,0.57,,,54,26.96,16.21,43.51,3.78,27.9,104,3.85,5.67,6.77,AAA,2,1.5,2,3,1.5,1,1.5,2,1.5,2.5,2.5,1.5,1.25,1.25,1.5,8.5,6,8,2.5,1.5,26.5,Moderate Risk,OK,Verified ✓,N/A,N/A,N/A,N/A,N/A,N/A
Canara Robeco Balanced Advantage Reg,152690,INF760K01LA6,Regular,Dynamic Asset Allocation,44368,,,,,,,59,39.2,24.61,42.61,3.19,21.17,81,2.88,3.72,6.69,AAA,2,2,2.5,3,,,,,1.5,2,2,1.5,1.75,1.5,1.25,9.5,,7,3.25,1.25,21,Moderate Risk,OK,Verified ✓,5.86,6.85,5.83,5.88,6.78,5.76
DSP Dynamic Asset Allocation Reg,126394,INF740K01K57,Regular,Dynamic Asset Allocation,23436,10.82,6.43,0.74,1.05,,,53,32.39,23.25,29.54,2.62,19.17,101,2.63,3.1,6.86,AAA,2,2,2.5,3,2,1.5,2,2,1.5,2,2,2.5,1.75,1.75,1.5,9.5,7.5,8,3.5,1.5,30,Low Risk,OK,Verified ✓,5.95,6.98,6.02,5.88,6.78,5.76
Edelweiss Balanced Advantage Reg,112117,INF754K01285,Regular,Dynamic Asset Allocation,10607,10.38,8.93,0.49,0.6,,,101,30.1,18.8,48.99,3.59,23.35,128,0.84,0.92,5.88,AAA,1,3,3,3,2,1,1.5,2,2.5,2,2.5,1.5,1.5,1.25,1.5,10,6.5,8.5,2.75,1.5,29.25,Low Risk,OK,Verified ✓,6.26,N/A,N/A,5.88,N/A,N/A
Franklin India Balanced Advantage Reg,150480,INF090I01WN2,Regular,Dynamic Asset Allocation,42453,9.7,8.85,0.43,0.52,,,49,38.85,23.38,34.14,3.57,26.03,96,3.76,6.57,7.34,AAA,2.5,1.5,1.5,3,2,1,1.5,1.5,1.5,2,2,2,1.25,1.25,1.25,8.5,6,7.5,2.5,1.25,25.75,Moderate Risk,OK,Verified ✓,N/A,N/A,N/A,N/A,N/A,N/A
Franklin India Dynamic Asset Allocation Active FoF Reg,101656,INF090I01262,Regular,Dynamic Asset Allocation,1915,9.7,8.85,0.43,0.52,,,,,,,,,3,,,,AAA,,,,3,2,1,1.5,1.5,,,,,,,0.5,3,6,,,0.5,9.5,High Risk,OK,Verified ✓,6.03,7,5.95,5.88,6.78,5.76
HDFC Balanced Advantage Reg,100119,INF179K01830,Regular,Dynamic Asset Allocation,842,14.01,10.34,0.77,0.99,,,152,30.81,19.36,42.3,2.56,16.76,317,4.47,7.6,7.01,AAA,2.5,1.5,1.5,3,1.5,2,1.5,2.5,2.5,2,2.5,1.5,2,1.75,2,8.5,7.5,8.5,3.75,2,30.25,Low Risk,OK,Verified ✓,6.06,6.82,5.8,5.88,6.78,5.76
HSBC Balanced Advantage Reg,151127,INF917K01KY4,Regular,Dynamic Asset Allocation,12058,9.27,7.6,0.43,0.54,,,55,35.02,20.53,24.5,2.94,22.96,89,2.77,3.5,6.68,GOI/Cash,2,2,2.5,3,2,1,1.5,1.5,1.5,2,2,2.5,1.5,1.75,1.25,9.5,6,8,3.25,1.25,28,Low Risk,OK,Verified ✓,6.03,6.84,5.78,5.88,6.78,5.76
Helios Balanced Advantage Reg,152512,INF0R8701111,Regular,Dynamic Asset Allocation,44206,,,,,,,53,40.43,25.18,50.85,2.98,17.89,76,,,,GOI/Cash,,,,3,,,,,1.5,1.5,2,1,2,1.75,1.25,3,,6,3.75,1.25,14,Moderately High Risk,OK,Verified ✓,N/A,N/A,N/A,N/A,N/A,N/A
ICICI Pru Balanced Advantage,104685,INF109K01BH2,Regular,Dynamic Asset Allocation,3906,10.71,7.06,0.66,0.69,,,98,30.28,19.77,32.96,4.22,28.44,233,3.37,6.73,6.69,AAA,2,1.5,1.5,3,2,1.5,1.5,2,2.5,2,2.5,2,1.25,1.25,2,8,7,9,2.5,2,28.5,Low Risk,OK,Verified ✓,6.05,7.01,6,5.88,6.78,5.76
ICICI Pru Dynamic Asset Allocation Active FoF*,102137,INF109K01837,Regular,Dynamic Asset Allocation,1934,10.32,6.78,0.63,0.69,,,,,,,,,29,4.26,9.07,7.34,AAA,2.5,1.5,1,3,2,1.5,1.5,2,,,,,,,0.5,8,7,,,0.5,15.5,Moderately High Risk,OK,Verified ✓,6.21,6.89,5.26,5.88,6.78,5.76
ITI Balanced Advantage Reg,147787,INF00XX01655,Regular,Dynamic Asset Allocation,40423,9.06,8.21,0.37,0.49,,,40,35.49,20.19,36.41,3.6,24.44,63,0.36,0.39,5.32,AAA,1,3,3,3,2,1,1,1.5,1.5,2,2,2,1.5,1.25,1.25,10,5.5,7.5,2.75,1.25,27,Low Risk,OK,Verified ✓,6.1,7.04,6.16,5.88,6.78,5.76
Invesco India Balanced Advantage Reg,106317,INF205K01213,Regular,Dynamic Asset Allocation,5566,9.53,9.09,0.38,0.48,,,40,48.7,32.9,33.62,4.01,28.37,57,1.78,2.13,6.11,AAA,1.5,2.5,2.5,3,1.5,1,1,1.5,1.5,1.5,1.5,2,1.25,1.25,1,9.5,5,6.5,2.5,1,24.5,Moderate Risk,OK,Verified ✓,5.56,6.49,5.49,5.88,6.78,5.76
Kotak Balanced Advantage Reg,144333,INF174KA1186,Regular,Dynamic Asset Allocation,37074,8.94,8.5,0.34,0.36,,,116,28.78,19.57,33.26,3.11,20.85,223,5.4,12.9,6.83,AAA,2,1,1,3,2,1,1,1.5,2.5,2.5,2.5,2,1.75,1.5,2,7,5.5,9.5,3.25,2,27.25,Low Risk,OK,Verified ✓,6.06,7.14,6.16,5.88,6.78,5.76
LIC MF Balanced Advantage Reg,149259,INF767K01QV6,Regular,Dynamic Asset Allocation,41808,6.9,8.72,0.1,0.13,,,78,44.44,28.55,33.09,2.74,17.93,111,,,,AAA,,,,3,2,1,1,1,2,1.5,1.5,2,2,1.75,1.5,3,5,7,3.75,1.5,20.25,Moderate Risk,OK,Verified ✓,5.82,6.62,5.63,5.88,6.78,5.76
Mahindra Manulife Balanced Advantage Reg,149404,INF174V01BB6,Regular,Dynamic Asset Allocation,41919,10.34,9.7,0.44,0.55,,,57,27.94,15.08,40.58,3.09,23.12,79,2.84,4.28,7.23,AAA,2.5,2,2,3,1.5,1,1.5,2,1.5,2.5,2.5,1.5,1.5,1.5,1.25,9.5,6,8,3,1.25,27.75,Low Risk,OK,Verified ✓,5.26,5.74,4.82,5.88,6.78,5.76
Mirae Asset Balanced Advantage Reg,150473,INF769K01IK2,Regular,Dynamic Asset Allocation,42306,10.49,7.91,0.56,0.67,,,107,29.33,18.66,31.58,3.14,19.61,187,3.56,4.79,6.27,AAA,1.5,1.5,2,3,2,1.5,1.5,2,2.5,2.5,2.5,2,1.75,1.5,1.75,8,7,9.5,3.25,1.75,29.5,Low Risk,OK,Verified ✓,5.79,6.82,5.81,5.88,6.78,5.76
Motilal Oswal Balanced Advantage Reg,139870,INF247L01585,Regular,Dynamic Asset Allocation,32930,5.82,15.18,-0.01,-0.02,,,18,52.32,33.01,38.08,3.69,31.65,28,,,,A,,,,2,1,1,1,1,0.5,1,1.5,2,1,1.25,0.5,2,4,5,2.25,0.5,13.75,Moderately High Risk,OK,Verified ✓,6.35,N/A,N/A,5.88,N/A,N/A
NJ Balanced Advantage Reg,149266,INF0J8L01024,Regular,Dynamic Asset Allocation,41746,8.67,9.27,0.29,0.36,,,104,40.29,27.06,38.69,3.48,25.18,226,0.1,0.1,5.09,GOI/Cash,1,3,3,3,1.5,1,1,1.5,2.5,1.5,2,2,1.5,1.5,2,10,5,8,3,2,28,Low Risk,OK,Verified ✓,5.43,6.32,N/A,5.88,6.78,N/A
Nippon India Balanced Advantage Reg,102846,INF204K01604,Regular,Dynamic Asset Allocation,2510,10.25,8.01,0.53,0.6,,,73,29.22,17.9,34.78,3.95,27.34,203,2.55,3.59,7.02,AAA,2.5,2,2.5,3,2,1.5,1.5,2,2,2.5,2.5,2,1.25,1.25,2,10,7,9,2.5,2,30.5,Low Risk,OK,Verified ✓,5.87,6.85,5.88,5.88,6.78,5.76
PGIM India Balanced Advantage Reg,148657,INF663L01V72,Regular,Dynamic Asset Allocation,41261,6.86,9.6,0.09,0.12,,,71,34.57,24.07,36.3,3.53,24.35,102,,9.93,6.72,AAA,2,,1,3,1.5,1,1,1,2,2,2,2,1.5,1.25,1.5,6,4.5,8,2.75,1.5,22.75,Moderate Risk,OK,Verified ✓,N/A,N/A,N/A,N/A,N/A,N/A
Parag Parikh Dynamic Asset Allocation Reg,152464,INF879O01233,Regular,Dynamic Asset Allocation,44167,,,,,,,42,34.7,20.62,11.59,2.78,15.8,153,3.79,4.62,6.85,GOI/Cash,2,1.5,2,3,,,,,1.5,2,2,2.5,2,1.75,1.75,8.5,,8,3.75,1.75,22,Moderate Risk,OK,Verified ✓,5.53,6.51,5.55,5.88,6.78,5.76
Quant Dynamic Asset Allocation Reg,151714,INF966L01BO9,Regular,Dynamic Asset Allocation,43469,,,,,,,13,64.11,39.91,44.67,3.27,25.14,25,,,,GOI/Cash,,,,3,,,,,0.5,0.5,1,1.5,1.5,1.5,0.5,3,,3.5,3,0.5,10,High Risk,OK,Verified ✓,6.04,N/A,N/A,5.88,N/A,N/A
SBI Balanced Advantage Reg,149132,INF200KA1Y40,Regular,Dynamic Asset Allocation,41653,11.19,7.63,0.68,0.78,,,93,26.98,17.43,34.34,2.15,13,196,2.76,3.88,6.65,AAA,2,2,2.5,3,2,1.5,1.5,2,2.5,2.5,2.5,2,2,2,1.75,9.5,7,9.5,4,1.75,31.75,Low Risk,OK,Verified ✓,6.79,N/A,N/A,5.88,N/A,N/A
SBI Dynamic Asset Allocation Active FoF Reg,153831,INF200KB1977,Regular,Dynamic Asset Allocation,45475,,,,,,,,,,,,,14,,,,AAA,,,,3,,,,,,,,,,,0.5,3,,,,0.5,3.5,High Risk,OK,Verified ✓,6.15,7.08,6.18,5.88,6.78,5.76
Samco Dynamic Asset Allocation Reg,152187,INF0K1H01099,Regular,Dynamic Asset Allocation,43871,,,,,,,101,39.25,29.95,66.54,3.49,28.24,103,0.41,0.43,5.11,GOI/Cash,1,3,3,3,,,,,2.5,2,1.5,0.5,1.25,1.5,1.5,10,,6.5,2.75,1.5,20.75,Moderate Risk,OK,Verified ✓,4.03,N/A,N/A,5.88,N/A,N/A
Shriram Balanced Advantage Reg,147405,INF680P01174,Regular,Dynamic Asset Allocation,40001,6.28,10.53,0.02,0.03,,,61,45.09,28.18,41.44,3.12,19.82,74,2.01,2.26,6.66,AAA,2,2,2.5,3,1.5,1,1,1,2,1.5,1.5,1.5,1.75,1.5,1.25,9.5,4.5,6.5,3.25,1.25,25,Moderate Risk,OK,Verified ✓,5.95,6.68,5.53,5.88,6.78,5.76
Sundaram Balanced Advantage Reg,149715,INF173K01585,Regular,Dynamic Asset Allocation,11824,8.15,8.72,0.24,0.29,,,54,37.97,24.94,37.22,3.5,24.21,86,4.08,6.12,6.51,AAA,2,1.5,1.5,3,2,1,1,1.5,1.5,2,2,2,1.5,1.5,1.25,8,5.5,7.5,3,1.25,25.25,Moderate Risk,OK,Verified ✓,N/A,N/A,N/A,N/A,N/A,N/A
Tata Balanced Advantage Reg,146007,INF277K010S4,Regular,Dynamic Asset Allocation,38705,8.42,7.95,0.3,0.34,,,78,26.44,17.56,33.35,3.54,26.48,166,4.28,7.82,7.53,AAA,2.5,1.5,1.5,3,2,1,1,1.5,2,2.5,2.5,2,1.25,1.25,1.75,8.5,5.5,9,2.5,1.75,27.25,Low Risk,OK,Verified ✓,6.06,6.92,5.9,5.88,6.78,5.76
The Wealth Company Balanced Advantage Reg,154183,INF2F0001446,Regular,Dynamic Asset Allocation,45769,,,,,,,43,44.94,30.51,38.28,3.32,18.69,48,,,,AAA,,,,3,,,,,1.5,1.5,1.5,2,1.75,1.5,1,3,,6.5,3.25,1,13.75,Moderately High Risk,OK,Verified ✓,N/A,N/A,N/A,N/A,N/A,N/A
UTI Balanced Advantage Reg,151882,INF789F1AYT7,Regular,Dynamic Asset Allocation,43664,,,,,,,67,40.06,25.05,41.48,3.46,23.36,113,2.24,2.68,6.41,AAA,1.5,2,2.5,3,,,,,2,1.5,2,1.5,1.5,1.5,1.5,9,,7,3,1.5,20.5,Moderate Risk,OK,Verified ✓,6.11,7.08,6,5.88,6.78,5.76
UTI Unit Linked Insurance Reg,100646,,Regular,Dynamic Asset Allocation,222,6.91,6.45,0.14,0.18,,,65,36.43,23.54,25.77,5.02,36.75,126,6.28,9.53,7.12,AAA,2.5,1,1,3,2,1,1,1,2,2,2,2.5,0.5,1,1.5,7.5,5,8.5,1.5,1.5,24,Moderate Risk,FIXED,ISIN was missing → filled from NAV,5.69,6.82,5.76,5.88,6.78,5.76
Unifi Dynamic Asset Allocation Reg,153377,INF1MIY01023,Regular,Dynamic Asset Allocation,45025,,,,,,,101,33.97,19.99,1.12,2.66,19.65,235,1.88,2.59,9.75,AAA,3,2.5,2.5,3,,,,,2.5,2,2.5,2.5,1.75,1.75,2,11,,9.5,3.5,2,26,Moderate Risk,OK,Verified ✓,6.23,N/A,N/A,5.88,N/A,N/A
Union Balanced Advantage Reg,142035,INF582M01DI0,Regular,Dynamic Asset Allocation,34860,7.54,8.37,0.18,0.2,,,73,29.22,18.66,40,3.75,28.1,100,3.31,4.39,6.39,AAA,1.5,1.5,2,3,2,1,1,1,2,2.5,2.5,2,1.25,1.25,1.5,8,5,9,2.5,1.5,26,Moderate Risk,OK,Verified ✓,5.74,N/A,N/A,5.2,N/A,N/A
WhiteOak Capital Balanced Advantage Reg,151268,INF03VN01720,Regular,Dynamic Asset Allocation,43007,10.39,8.43,0.52,0.6,,,106,33.2,22.37,38.88,3.53,24.95,151,3.26,4.37,6.61,AAA,2,1.5,2,3,2,1.5,1.5,2,2.5,2,2,2,1.5,1.25,1.75,8.5,7,8.5,2.75,1.75,28.5,Low Risk,OK,Verified ✓,4.23,9.27,7.53,5.2,9.62,8.58
ABSL Equity Savings Dir,132995,INF209KA1TP9,Direct,Equity Savings,28671,9.44,3.3,1.03,1.33,,,,43.14,,,2.74,21.91,152,1.83,2.19,7.38,GOI/Cash,2.5,2.5,2.5,3,2.5,2.5,2,1.5,,1.5,,,1.75,1.75,1.75,10.5,8.5,1.5,3.5,1.75,25.75,Moderate Risk,OK,Verified ✓,3.09,8.58,7.93,5.2,9.62,8.58
Axis Equity Savings Dir,135120,INF846K01VJ3,Direct,Equity Savings,30703,10.09,5.6,0.73,0.87,,,,44.92,,,2.72,22.59,176,2.64,3.32,6.87,AAA,2,2,2.5,3,2.5,1.5,1.5,2,,1.5,,,1.5,1.75,1.75,9.5,7.5,1.5,3.25,1.75,23.5,Moderate Risk,OK,Verified ✓,5.43,11,10.29,5.2,9.62,8.58
Bajaj Finserv Equity Savings Dir,153758,INF0QA701BT9,Direct,Equity Savings,45398,,,,,,,,50.39,,,2.99,21.55,80,0.36,0.38,6.1,GOI/Cash,1.5,3,3,3,,,,,,1,,,1.75,1.75,1.25,10.5,,1,3.5,1.25,16.25,Moderately High Risk,OK,Verified ✓,7.52,N/A,N/A,5.2,N/A,N/A
Bandhan Equity Savings Dir,118477,INF194K01Z02,Direct,Equity Savings,17857,7.81,2.54,0.7,0.79,,,,38.3,,,3.27,23.27,122,2.07,2.44,6.39,GOI/Cash,1.5,2,2.5,3,3,1.5,1.5,1,,2,,,1.5,1.5,1.5,9,7,2,3,1.5,22.5,Moderate Risk,OK,Verified ✓,6.15,10.72,9.12,4.85,8.45,7.39
Baroda BNP Paribas Equity Svngs Dir,147496,INF955L01IL3,Direct,Equity Savings,40120,9.54,5.68,0.62,0.76,,,,31.29,,,3.41,27.2,96,3,3.55,6.93,AAA,2,2,2.5,3,2.5,1.5,1.5,1.5,,2,,,1.25,1.5,1.25,9.5,7,2,2.75,1.25,22.5,Moderate Risk,OK,Verified ✓,6.9,8.9,8.03,4.85,8.45,7.39
DSP Equity Savings Dir,136567,INF740KA1504,Direct,Equity Savings,32141,9.79,3.98,0.95,1.58,,,,32.17,,,2.64,18.17,162,2.54,5.51,6.51,GOI/Cash,2,2,2,3,2.5,2,2.5,1.5,,2,,,1.75,1.75,1.75,9,8.5,2,3.5,1.75,24.75,Moderate Risk,OK,Verified ✓,5.76,7.97,5.55,4.85,8.45,7.39
Edelweiss Equity Savings Dir,140347,INF843K01KC8,Direct,Equity Savings,28229,10.95,4.07,1.21,1.39,,,,39.84,,,2.72,24.08,177,1.08,1.21,6.32,GOI/Cash,1.5,2.5,3,3,2.5,2.5,2,2,,2,,,1.5,1.75,1.75,10,9,2,3.25,1.75,26,Moderate Risk,OK,Verified ✓,3.19,6.75,5.92,4.85,8.45,7.39
Franklin India Equity Savings Dir,144466,INF090I01PD7,Direct,Equity Savings,37266,9.59,4.87,0.73,0.9,,,,40.57,,,2.87,22.71,98,4.33,8.29,6.82,AAA,2,1.5,1,3,2.5,1.5,1.5,1.5,,1.5,,,1.5,1.75,1.25,7.5,7,1.5,3.25,1.25,20.5,Moderate Risk,OK,Verified ✓,2.62,8.86,6.19,4.85,8.45,7.39
HDFC Equity Savings Dir,119128,INF179K01XT4,Direct,Equity Savings,16118,9.57,5.18,0.68,0.79,,,,36.49,,,2.88,20.88,145,2.6,3.43,6.4,GOI/Cash,1.5,2,2.5,3,2.5,1.5,1.5,1.5,,2,,,1.75,1.75,1.5,9,7,2,3.5,1.5,23,Moderate Risk,OK,Verified ✓,6.93,8.62,6.99,4.85,8.45,7.39
HSBC Equity Savings Dir,151060,INF917K01GE4,Direct,Equity Savings,16283,13.02,7.73,0.91,0.88,,,,37.59,,,2.47,17.45,128,2.65,3.14,6.66,GOI/Cash,2,2,2.5,3,2,2,1.5,2.5,,2,,,2,2,1.5,9.5,8,2,4,1.5,25,Moderate Risk,OK,Verified ✓,4.73,7.29,5.55,4.85,8.45,7.39
ICICI Pru Equity Savings Dir,133054,INF109KA11J9,Direct,Equity Savings,28745,7.81,2.91,0.61,0.74,,,,47.58,,,3.23,22.16,198,1.77,3.14,5.73,GOI/Cash,1,2.5,2.5,3,3,1.5,1.5,1,,1.5,,,1.5,1.5,1.75,9,7,1.5,3,1.75,22.25,Moderate Risk,OK,Verified ✓,6.09,7.63,10.27,4.85,8.45,7.39
Invesco India Equity Savings Dir,146457,INF205KA1049,Direct,Equity Savings,39161,9.9,6.39,0.61,0.81,,,,43.83,,,3.29,25.25,94,2.45,3.14,6.71,AAA,2,2,2.5,3,2,1.5,1.5,1.5,,1.5,,,1.5,1.5,1.25,9.5,6.5,1.5,3,1.25,21.75,Moderate Risk,OK,Verified ✓,5.74,7.23,9.99,4.85,8.45,7.39
Kotak Equity Savings Dir,131373,INF174K01D28,Direct,Equity Savings,28168,10.61,5.93,0.77,0.85,,,,35.54,,,2.62,18.31,200,1.59,2.45,6.15,AAA,1.5,2.5,2.5,3,2.5,2,1.5,2,,2,,,1.75,1.75,2,9.5,8,2,3.5,2,25,Moderate Risk,OK,Verified ✓,5.5,7.96,6.5,4.85,8.45,7.39
LIC MF Equity Savings Dir,151952,INF397L01AZ5,Direct,Equity Savings,16516,9.1,6.88,0.45,0.58,,,,29.01,,,3.02,17.71,95,,,,GOI/Cash,,,,3,2,1,1.5,1.5,,2.5,,,2,1.5,1.25,3,6,2.5,3.5,1.25,16.25,Moderately High Risk,OK,Verified ✓,3.46,7.39,6.59,4.85,8.45,7.39
Mahindra Manulife Equity Savings Dir,140444,INF174V01184,Direct,Equity Savings,33353,10.66,5.38,0.86,1.09,,,,36.87,,,2.65,20.63,104,1.83,2.18,7.03,AAA,2.5,2.5,2.5,3,2.5,2,2,2,,2,,,1.75,1.75,1.5,10.5,8.5,2,3.5,1.5,26,Moderate Risk,OK,Verified ✓,4.56,9.23,7.45,4.85,8.45,7.39
Mirae Asset Equity Savings Dir,145693,INF769K01EK1,Direct,Equity Savings,38387,10.87,6.13,0.79,0.95,,,,24.19,,,3.2,22.26,230,2.98,4.03,5.95,AAA,1,2,2,3,2,2,1.5,2,,2.5,,,1.5,1.5,2,8,7.5,2.5,3,2,23,Moderate Risk,OK,Verified ✓,4.51,8.53,7.12,4.85,8.45,7.39
Nippon India Equity Savings Dir,134594,INF204KA1W77,Direct,Equity Savings,30217,7.67,3.73,0.44,0.5,,,,46.35,,,3.17,22.77,99,2.66,3.19,6.43,GOI/Cash,1.5,2,2.5,3,2.5,1,1.5,1,,1.5,,,1.5,1.5,1.25,9,6,1.5,3,1.25,20.75,Moderate Risk,OK,Verified ✓,3.64,9,8.78,4.85,8.45,7.39
Nippon India Equity Savings Seg Port 1 Direct,147697,INF204KB11E7,Direct,Equity Savings,40321,,,,,,,,92.69,,,,,1,,,,C,,,,1,,,,,,0.5,,,,,0.5,1,,0.5,,0.5,2,High Risk,OK,Verified ✓,3.37,7.51,6.86,4.85,8.45,7.39
Nippon India Equity Savings Seg Port 2 Direct,148274,INF204KB18R4,Direct,Equity Savings,40865,,,,,,,,,,,,,,,,,,,,,,,,,,,,,,,,,,,,,,,N/A,OK,Verified ✓,5.84,9.44,7.48,4.85,8.45,7.39
PGIM India Equity Savings Dir,138376,INF223J01QD0,Direct,Equity Savings,16392,6.64,2.98,0.21,0.2,,,,61.56,,,2.9,22.1,83,,5.45,6.56,GOI/Cash,2,,2,3,3,1,1,1,,0.5,,,1.5,1.75,1.25,7,6,0.5,3.25,1.25,18,Moderately High Risk,OK,Verified ✓,6.77,9.69,8.57,4.85,8.45,7.39
Quant Equity Savings Dir,153705,INF966L01EC8,Direct,Equity Savings,45353,,,,,,,,70.73,,,3.62,23.98,29,,,,GOI/Cash,,,,3,,,,,,0.5,,,1.5,1.25,0.5,3,,0.5,2.75,0.5,6.75,High Risk,OK,Verified ✓,9.88,11.21,8.05,4.85,8.45,7.39
SBI Equity Savings Dir,134643,INF200KA1DF3,Direct,Equity Savings,30277,10.93,5.48,0.89,1.26,,,,34.05,,,2.41,19.15,260,1.82,2.06,7.33,AAA,2.5,2.5,2.5,3,2.5,2,2,2,,2,,,1.75,2,2,10.5,8.5,2,3.75,2,26.75,Moderate Risk,OK,Verified ✓,3.6,9.24,8.48,4.85,8.45,7.39
Sundaram Equity Savings Dir,149679,INF173K01GZ9,Direct,Equity Savings,16819,11.07,6.06,0.83,1.04,,,,50.1,,,3.19,23.16,86,1.89,2.45,5.85,AAA,1,2.5,2.5,3,2,2,2,2,,1,,,1.5,1.5,1.25,9,8,1,3,1.25,22.25,Moderate Risk,OK,Verified ✓,4.55,6.12,5.35,4.85,8.45,7.39
UTI Equity Savings Dir,144490,INF789F1A777,Direct,Equity Savings,37353,10.01,4.95,0.8,0.9,,,,44.35,,,2.92,19.83,83,2.76,3.16,5.85,GOI/Cash,1,2,2.5,3,2.5,2,1.5,2,,1.5,,,1.75,1.75,1.25,8.5,8,1.5,3.5,1.25,22.75,Moderate Risk,OK,Verified ✓,8.59,8.35,8.04,4.85,8.45,7.39
Union Equity Savings Dir,144312,INF582M01EC1,Direct,Equity Savings,37122,7.41,4.7,0.29,0.35,,,,38.18,,,3.82,29.01,112,2.17,2.61,6.25,GOI/Cash,1.5,2,2.5,3,2.5,1,1,1,,2,,,1.25,1.25,1.5,9,5.5,2,2.5,1.5,20.5,Moderate Risk,OK,Verified ✓,N/A,N/A,N/A,N/A,N/A,N/A
WhiteOak Capital Equity Savings Dir,153355,INF03VN01AB7,Direct,Equity Savings,44999,,,,,,,,34.71,,,3.43,24.04,186,3.92,5.07,6.34,GOI/Cash,1.5,1.5,2,3,,,,,,2,,,1.5,1.5,1.75,8,,2,3,1.75,14.75,Moderately High Risk,OK,Verified ✓,N/A,N/A,N/A,N/A,N/A,N/A
ABSL Equity Savings Reg,132998,INF209KA1TS3,Regular,Equity Savings,28669,8.85,3.27,0.86,1.12,,,,43.14,,,2.74,21.91,152,1.83,2.19,7.38,GOI/Cash,2.5,2.5,2.5,3,2.5,2,2,1.5,,1.5,,,1.75,1.75,1.75,10.5,8,1.5,3.5,1.75,25.25,Moderate Risk,OK,Verified ✓,0.97,7.03,5.67,4.85,8.45,7.39
Axis Equity Savings Reg,135122,INF846K01VO3,Regular,Equity Savings,30700,8.82,5.58,0.5,0.61,,,,44.92,,,2.72,22.59,176,2.64,3.32,6.87,AAA,2,2,2.5,3,2.5,1.5,1.5,1.5,,1.5,,,1.5,1.75,1.75,9.5,7,1.5,3.25,1.75,23,Moderate Risk,OK,Verified ✓,6.25,10.87,N/A,4.85,8.45,N/A
Bajaj Finserv Equity Savings Reg,153769,INF0QA701BQ5,Regular,Equity Savings,45396,,,,,,,,50.39,,,2.99,21.55,80,0.36,0.38,6.1,GOI/Cash,1.5,3,3,3,,,,,,1,,,1.75,1.75,1.25,10.5,,1,3.5,1.25,16.25,Moderately High Risk,OK,Verified ✓,5.8,11.99,10.98,4.85,8.45,7.39
Bandhan Equity Savings Reg,108995,INF194K01581,Regular,Equity Savings,7762,6.86,2.54,0.33,0.37,,,,38.3,,,3.27,23.27,122,2.07,2.44,6.39,GOI/Cash,1.5,2,2.5,3,3,1,1,1,,2,,,1.5,1.5,1.5,9,6,2,3,1.5,21.5,Moderate Risk,OK,Verified ✓,6.79,9.53,8.98,4.85,8.45,7.39
Baroda BNP Paribas Equity Svngs Reg,147494,INF955L01II9,Regular,Equity Savings,40118,8.44,5.68,0.42,0.52,,,,31.29,,,3.41,27.2,96,3,3.55,6.93,AAA,2,2,2.5,3,2.5,1,1.5,1.5,,2,,,1.25,1.5,1.25,9.5,6.5,2,2.75,1.25,22,Moderate Risk,OK,Verified ✓,4.07,8.29,8.5,4.85,8.45,7.39
DSP Equity Savings Reg,136563,INF740KA1439,Regular,Equity Savings,32137,8.93,3.98,0.73,1.22,,,,32.17,,,2.64,18.17,162,2.54,5.51,6.51,GOI/Cash,2,2,2,3,2.5,1.5,2,1.5,,2,,,1.75,1.75,1.75,9,7.5,2,3.5,1.75,23.75,Moderate Risk,OK,Verified ✓,2.83,7.17,6.94,4.85,8.45,7.39
Edelweiss Equity Savings Reg,140351,INF843K01KG9,Regular,Equity Savings,28226,9.93,4.06,0.96,1.1,,,,39.84,,,2.72,24.08,177,1.08,1.21,6.32,GOI/Cash,1.5,2.5,3,3,2.5,2,2,1.5,,2,,,1.5,1.75,1.75,10,8,2,3.25,1.75,25,Moderate Risk,OK,Verified ✓,0.93,5.93,6.7,4.85,8.45,7.39
Franklin India Equity Savings Reg,144461,INF090I01PA3,Regular,Equity Savings,37262,8.61,4.87,0.52,0.64,,,,40.57,,,2.87,22.71,98,4.33,8.29,6.82,AAA,2,1.5,1,3,2.5,1.5,1.5,1.5,,1.5,,,1.5,1.75,1.25,7.5,7,1.5,3.25,1.25,20.5,Moderate Risk,OK,Verified ✓,4.38,7.79,6,4.85,8.45,7.39
HDFC Equity Savings Reg,101585,INF179K01AM7,Regular,Equity Savings,2374,8.62,5.18,0.5,0.58,,,,36.49,,,2.88,20.88,145,2.6,3.43,6.4,GOI/Cash,1.5,2,2.5,3,2.5,1.5,1.5,1.5,,2,,,1.75,1.75,1.5,9,7,2,3.5,1.5,23,Moderate Risk,OK,Verified ✓,N/A,N/A,N/A,N/A,N/A,N/A
HSBC Equity Savings Reg,151058,INF917K01AA5,Regular,Equity Savings,13338,12.13,7.72,0.79,0.77,,,,37.59,,,2.47,17.45,128,2.65,3.14,6.66,GOI/Cash,2,2,2.5,3,2,2,1.5,2.5,,2,,,2,2,1.5,9.5,8,2,4,1.5,25,Moderate Risk,OK,Verified ✓,3.72,8.7,8.2,4.85,8.45,7.39
ICICI Pru Equity Savings,133051,INF109KA14I5,Regular,Equity Savings,28743,7.36,2.88,0.46,0.56,,,,47.58,,,3.23,22.16,198,1.77,3.14,5.73,GOI/Cash,1,2.5,2.5,3,3,1,1.5,1,,1.5,,,1.5,1.5,1.75,9,6.5,1.5,3,1.75,21.75,Moderate Risk,OK,Verified ✓,11.25,12.62,10.29,6.51,11.04,9.22
Invesco India Equity Savings Reg,146456,INF205KA1023,Regular,Equity Savings,39159,8.32,6.38,0.36,0.48,,,,43.83,,,3.29,25.25,94,2.45,3.14,6.71,AAA,2,2,2.5,3,2,1,1,1.5,,1.5,,,1.5,1.5,1.25,9.5,5.5,1.5,3,1.25,20.75,Moderate Risk,OK,Verified ✓,10.9,15.21,12.52,6.51,11.04,9.22
Kotak Equity Savings Reg,131372,INF174K01C78,Regular,Equity Savings,28165,9.51,5.93,0.59,0.64,,,,35.54,,,2.62,18.31,200,1.59,2.45,6.15,AAA,1.5,2.5,2.5,3,2.5,1.5,1.5,1.5,,2,,,1.75,1.75,2,9.5,7,2,3.5,2,24,Moderate Risk,OK,Verified ✓,6.35,13.72,10.33,6.51,11.04,9.22
LIC MF Equity Savings Reg,151950,INF397L01315,Regular,Equity Savings,12137,8.06,6.87,0.3,0.39,,,,29.01,,,3.02,17.71,95,,,,GOI/Cash,,,,3,2,1,1,1.5,,2.5,,,2,1.5,1.25,3,5.5,2.5,3.5,1.25,15.75,Moderately High Risk,OK,Verified ✓,4.25,13.52,8.91,6.51,11.04,9.22
Mahindra Manulife Equity Savings Reg,140447,INF174V01150,Regular,Equity Savings,33351,8.99,5.37,0.55,0.71,,,,36.87,,,2.65,20.63,104,1.83,2.18,7.03,AAA,2.5,2.5,2.5,3,2.5,1.5,1.5,1.5,,2,,,1.75,1.75,1.5,10.5,7,2,3.5,1.5,24.5,Moderate Risk,OK,Verified ✓,7.43,N/A,N/A,6.51,N/A,N/A
Mirae Asset Equity Savings Reg,145695,INF769K01EI5,Regular,Equity Savings,38385,9.88,6.13,0.63,0.75,,,,24.19,,,3.2,22.26,230,2.98,4.03,5.95,AAA,1,2,2,3,2,1.5,1.5,1.5,,2.5,,,1.5,1.5,2,8,6.5,2.5,3,2,22,Moderate Risk,OK,Verified ✓,7.43,10.73,8.06,6.51,11.04,9.22
Nippon India Equity Savings Reg,134593,INF204KA1V94,Regular,Equity Savings,30212,6.7,3.73,0.18,0.2,,,,46.35,,,3.17,22.77,99,2.66,3.19,6.43,GOI/Cash,1.5,2,2.5,3,2.5,1,1,1,,1.5,,,1.5,1.5,1.25,9,5.5,1.5,3,1.25,20.25,Moderate Risk,OK,Verified ✓,13.64,11.59,10.48,6.51,11.04,9.22
Nippon India Equity Savings Seg Port 1 Reg,147700,INF204KB19E0,Regular,Equity Savings,40316,,,,,,,,92.69,,,,,1,,,,C,,,,1,,,,,,0.5,,,,,0.5,1,,0.5,,0.5,2,High Risk,OK,Verified ✓,11.76,13.08,10.95,6.51,11.04,9.22
Nippon India Equity Savings Seg Port 2 Reg,148280,INF204KB16S6,Regular,Equity Savings,40860,,,,,,,,,,,,,,,,,,,,,,,,,,,,,,,,,,,,,,,N/A,OK,Verified ✓,5.5,N/A,N/A,6.51,N/A,N/A
PGIM India Equity Savings Reg,138372,INF223J01FB7,Regular,Equity Savings,2059,5.86,2.98,-0.06,-0.06,,,,61.56,,,2.9,22.1,83,,5.45,6.56,GOI/Cash,2,,2,3,3,1,1,1,,0.5,,,1.5,1.75,1.25,7,6,0.5,3.25,1.25,18,Moderately High Risk,OK,Verified ✓,7.08,12.24,8.52,6.51,11.04,9.22
Quant Equity Savings Reg,153707,INF966L01EF1,Regular,Equity Savings,45351,,,,,,,,70.73,,,3.62,23.98,29,,,,GOI/Cash,,,,3,,,,,,0.5,,,1.5,1.25,0.5,3,,0.5,2.75,0.5,6.75,High Risk,OK,Verified ✓,9.7,12.14,10.05,6.51,11.04,9.22
SBI Equity Savings Reg,134644,INF200KA1DA4,Regular,Equity Savings,30274,10.39,5.47,0.8,1.12,,,,34.05,,,2.41,19.15,260,1.82,2.06,7.33,AAA,2.5,2.5,2.5,3,2.5,2,2,2,,2,,,1.75,2,2,10.5,8.5,2,3.75,2,26.75,Moderate Risk,OK,Verified ✓,5.53,11.8,N/A,6.51,11.04,N/A
Sundaram Equity Savings Reg,149674,INF173K01213,Regular,Equity Savings,1306,9.47,6.05,0.57,0.71,,,,50.1,,,3.19,23.16,86,1.89,2.45,5.85,AAA,1,2.5,2.5,3,2,1.5,1.5,1.5,,1,,,1.5,1.5,1.25,9,6.5,1,3,1.25,20.75,Moderate Risk,OK,Verified ✓,5.72,12.25,13.56,6.51,11.04,9.22
UTI Equity Savings Reg,144484,INF789F1A744,Regular,Equity Savings,37349,9.08,4.96,0.62,0.69,,,,44.35,,,2.92,19.83,83,2.76,3.16,5.85,GOI/Cash,1,2,2.5,3,2.5,1.5,1.5,1.5,,1.5,,,1.75,1.75,1.25,8.5,7,1.5,3.5,1.25,21.75,Moderate Risk,OK,Verified ✓,7.11,15.98,16.66,6.51,11.04,9.22
Union Equity Savings Reg,144310,INF582M01EG2,Regular,Equity Savings,37120,6.93,4.7,0.19,0.23,,,,38.18,,,3.82,29.01,112,2.17,2.61,6.25,GOI/Cash,1.5,2,2.5,3,2.5,1,1,1,,2,,,1.25,1.25,1.5,9,5.5,2,2.5,1.5,20.5,Moderate Risk,OK,Verified ✓,4.78,10.29,7.97,6.51,11.04,9.22
WhiteOak Capital Equity Savings Reg,153356,INF03VN01AC5,Regular,Equity Savings,44998,,,,,,,,34.71,,,3.43,24.04,186,3.92,5.07,6.34,GOI/Cash,1.5,1.5,2,3,,,,,,2,,,1.5,1.5,1.75,8,,2,3,1.75,14.75,Moderately High Risk,OK,Verified ✓,6.49,N/A,N/A,6.51,N/A,N/A
360 ONE Multi Asset Allocation Dir*,153774,INF579M01BM2,Direct,Multi Asset Allocation,45414,,,,,,,33,50.91,40.37,16.77,4.8,29.36,59,4.41,6.99,6.94,AAA,2,1.5,1.5,3,,,,,1,1,1,2.5,1.25,1,1,8,,5.5,2.25,1,16.75,Moderately High Risk,OK,Verified ✓,11.35,12.88,11.39,6.51,11.04,9.22
ABSL Multi Asset Allocation Dir,151307,INF209KB15R9,Direct,Multi Asset Allocation,43042,16.36,9.82,1.05,1.15,,,71,37.11,26.01,38.84,3.53,23.66,102,1.59,1.84,6.99,AAA,2,2.5,3,3,1.5,2.5,2,3,2,2,2,2,1.5,1.25,1.5,10.5,9,8,2.75,1.5,31.75,Low Risk,OK,Verified ✓,8.17,12.06,11.44,6.51,11.04,9.22
ABSL Multi-Asset Omni FoF Dir*,131865,INF084M01DM9,Direct,Multi Asset Allocation,16889,16.73,10.43,1.03,1.19,,,,,,,,,11,,,,AAA,,,,3,1.5,2.5,2,3,,,,,,,0.5,3,9,,,0.5,12.5,High Risk,OK,Verified ✓,3.5,9.71,7.66,6.51,11.04,9.22
ABSL Multi-Asset Passive FoF Dir*,150688,INF209KB15M0,Direct,Multi Asset Allocation,42609,15.95,10.88,0.91,0.98,,,,,,,,,10,,,,GOI/Cash,,,,3,1.5,2,1.5,3,,,,,,,0.5,3,8,,,0.5,11.5,High Risk,OK,Verified ✓,4.01,10.74,9,6.51,11.04,9.22
Axis Multi Asset Allocation Dir,120524,INF846K01EV4,Direct,Multi Asset Allocation,15693,14.35,9.63,0.86,0.93,,,66,42.28,30.02,33.15,3.28,23.21,105,1.81,2.2,6.56,AAA,2,2.5,2.5,3,1.5,2,1.5,2.5,2,1.5,1.5,2,1.5,1.5,1.5,10,7.5,7,3,1.5,29,Low Risk,OK,Verified ✓,7.8,10.5,8.99,6.51,11.04,9.22
Axis Multi-Asset Active FoF Dir*,153960,INF846KA1366,Direct,Multi Asset Allocation,45610,,,,,,,,,,,,,18,,,,AAA,,,,3,,,,,,,,,,,0.5,3,,,,0.5,3.5,High Risk,OK,Verified ✓,4.36,8.03,N/A,6.51,11.04,N/A
Bajaj Finserv Multi Asset Allocation Dir,152639,INF0QA701821,Direct,Multi Asset Allocation,44329,,,,,,,54,43.87,29.4,36.93,3.18,22.86,67,1.15,1.31,6.35,AAA,1.5,2.5,3,3,,,,,1.5,1.5,1.5,2,1.5,1.5,1.25,10,,6.5,3,1.25,20.75,Moderate Risk,OK,Verified ✓,7.24,12.26,N/A,6.51,11.04,N/A
Bandhan Multi Asset Allocation Dir,152324,INF194KB1HM7,Direct,Multi Asset Allocation,44030,,,,,,,136,36.3,25.37,28.66,3.01,22.15,179,0.7,1.43,5.16,GOI/Cash,1,3,3,3,,,,,2.5,2,2,2.5,1.5,1.5,1.75,10,,9,3,1.75,23.75,Moderate Risk,OK,Verified ✓,9.45,11.97,N/A,6.51,11.04,N/A
Bandhan Multi-Asset Passive FoF Dir,118489,INF194K019A3,Direct,Multi Asset Allocation,17861,11.56,7.44,0.74,0.88,,,,,,,,,5,,,,GOI/Cash,,,,3,2,1.5,1.5,2,,,,,,,0.5,3,7,,,0.5,10.5,High Risk,OK,Verified ✓,3.07,5.97,3.84,6.51,11.04,9.22
Bank of India Multi Asset Allocation Dir,152396,INF761K01FZ3,Direct,Multi Asset Allocation,44098,,,,,,,47,49.67,31.29,22.73,3.6,24.27,64,2.97,3.66,7,AAA,2.5,2,2.5,3,,,,,1.5,1.5,1.5,2.5,1.5,1.25,1.25,10,,7,2.75,1.25,21,Moderate Risk,OK,Verified ✓,4.96,9.97,N/A,6.51,11.04,N/A
Baroda BNP Paribas Multi Asset Active FoF Dir,153552,INF251K01UO8,Direct,Multi Asset Allocation,45178,,,,,,,,,,,,,5,,,,AAA,,,,3,,,,,,,,,,,0.5,3,,,,0.5,3.5,High Risk,OK,Verified ✓,7.53,11.98,10.06,6.51,11.04,9.22
Baroda BNP Paribas Multi Asset Dir,150865,INF251K01RF2,Direct,Multi Asset Allocation,42783,15.12,10.25,0.89,1,,,50,45.12,30.04,40.11,3.68,27.4,60,3.96,7.27,6.07,GOI/Cash,1.5,1.5,1.5,3,1.5,2,2,3,1.5,1.5,1.5,1.5,1.25,1.25,1.25,7.5,8.5,6,2.5,1.25,25.75,Moderate Risk,OK,Verified ✓,5.14,8.09,7.44,6.51,11.04,9.22
Canara Robeco Multi Asset Allocation Dir,153465,INF760K01LH1,Direct,Multi Asset Allocation,45168,,,,,,,39,43.83,32.08,34.28,4.46,31.83,57,0.41,0.42,5.68,AAA,1,3,3,3,,,,,1,1.5,1.5,2,1,1.25,1,10,,6,2.25,1,19.25,Moderately High Risk,OK,Verified ✓,4.71,N/A,N/A,6.51,N/A,N/A
Capitalmind Multi Asset Allocation Dir*,,,Direct,Multi Asset Allocation,45851,,,,,,,,,,,,,,,,,,,,,,,,,,,,,,,,,,,,,,,N/A,NOT_FOUND,Both code and ISIN missing,8.06,N/A,N/A,6.51,N/A,N/A
DSP Multi Asset Allocation Dir*,152056,INF740KA1TE9,Direct,Multi Asset Allocation,43741,,,,,,,48,31.39,21.77,28.35,2.97,18.54,80,2.92,5.89,5.97,GOI/Cash,1,2,2,3,,,,,1.5,2,2,2.5,1.75,1.75,1.25,8,,8,3.5,1.25,20.75,Moderate Risk,OK,Verified ✓,9.18,12.74,N/A,6.51,11.04,N/A
DSP Multi Asset Omni FoF Dir*,154167,INF740KA1YE9,Direct,Multi Asset Allocation,45803,,,,,,,,,,,,,10,,,,GOI/Cash,,,,3,,,,,,,,,,,0.5,3,,,,0.5,3.5,High Risk,OK,Verified ✓,N/A,N/A,N/A,N/A,N/A,N/A
Edelweiss Multi Asset Allocation Dir,151792,INF754K01RS8,Direct,Multi Asset Allocation,43551,,,,,,,42,30.83,18.16,,2.26,22.7,121,1.57,1.73,6.69,AAA,2,2.5,3,3,,,,,1.5,2,2.5,,1.5,2,1.5,10.5,,6,3.5,1.5,21.5,Moderate Risk,OK,Verified ✓,0.3,N/A,N/A,6.51,N/A,N/A
Edelweiss Multi Asset Omni FoF Dir*,153776,INF754K01VN1,Direct,Multi Asset Allocation,45419,,,,,,,,,,,,,11,,,,AAA,,,,3,,,,,,,,,,,0.5,3,,,,0.5,3.5,High Risk,OK,Verified ✓,2.92,7.37,6.22,6.51,11.04,9.22
Franklin India Multi Asset Allocation Dir,153731,INF090I01YH0,Direct,Multi Asset Allocation,45368,15.44,8.91,1.06,1.17,,,41,39.97,26.9,33.62,3.56,26.68,54,1.68,3.64,6.7,AAA,2,2.5,2.5,3,2,2.5,2,3,1.5,2,2,2,1.25,1.25,1,10,9.5,7.5,2.5,1,30.5,Low Risk,OK,Verified ✓,5.6,9.82,8.65,6.51,11.04,9.22
Groww Multi Asset Allocation Dir,153821,INF666M01MA9,Direct,Multi Asset Allocation,45464,,,,,,,65,42.52,30.81,34.84,3.5,22.26,87,0,0,5.55,CASH,1,3,3,3,,,,,2,1.5,1.5,2,1.5,1.5,1.25,10,,7,3,1.25,21.25,Moderate Risk,OK,Verified ✓,6.2,9.89,9.11,6.51,11.04,9.22
Groww Multi Asset Omni FoF Dir*,154028,INF666M01NC3,Direct,Multi Asset Allocation,45675,,,,,,,,,,,,,16,,,,AAA,,,,3,,,,,,,,,,,0.5,3,,,,0.5,3.5,High Risk,OK,Verified ✓,N/A,N/A,N/A,N/A,N/A,N/A
HDFC Multi-Asset Active FoF Dir,148903,INF179KC1BA3,Direct,Multi Asset Allocation,41462,14.19,7.38,1.11,1.14,,,,,,,,,19,,,,AAA,,,,3,2,2.5,2,2.5,,,,,,,0.5,3,9,,,0.5,12.5,High Risk,OK,Verified ✓,5.1,N/A,N/A,6.51,N/A,N/A
HDFC Multi-Asset Allocation Dir,119131,INF179K01XW8,Direct,Multi Asset Allocation,16128,13.15,7.43,0.96,1,,,79,41.76,30.83,35.43,2.81,20.65,147,1.56,2.14,5.85,GOI/Cash,1,2.5,2.5,3,2,2,2,2.5,2,1.5,1.5,2,1.75,1.75,1.5,9,8.5,7,3.5,1.5,29.5,Low Risk,FIXED,ISIN mismatch: had INF179K01X49 → corrected to INF179K01XW8 (NAV name: HDFC Multi-Asset Fund - Growth Option - Direct Plan),1.91,7.96,6.51,6.51,11.04,9.22
HSBC Multi Asset Active FoF Dir*,129193,INF336L01IJ0,Direct,Multi Asset Allocation,25864,15.14,10.33,0.88,0.91,,,,,,,,,10,,,,AAA,,,,3,1.5,2,1.5,3,,,,,,,0.5,3,8,,,0.5,11.5,High Risk,OK,Verified ✓,7.13,N/A,N/A,6.51,N/A,N/A
HSBC Multi Asset Allocation Dir,152380,INF336L01RI3,Direct,Multi Asset Allocation,44089,,,,,,,65,35.16,19.77,52.93,5.42,33.41,88,2.69,3.42,7.16,AAA,2.5,2,2.5,3,,,,,2,2,2.5,1,1,1,1.25,10,,7.5,2,1.25,20.75,Moderate Risk,OK,Verified ✓,6.57,9.03,7.38,6.51,11.04,9.22
ICICI Pru Multi Asset Dir*,120334,INF109K015K4,Direct,Multi Asset Allocation,15945,16.41,8.46,1.23,1.3,,,125,32.42,21.81,35.37,3.25,20,291,2.94,5.56,6.64,AAA,2,2,2,3,2,2.5,2,3,2.5,2,2,2,1.75,1.5,2,9,9.5,8.5,3.25,2,32.25,Low Risk,OK,Verified ✓,7.38,12.33,N/A,6.51,11.04,N/A
ICICI Pru Passive Multi-Asset FoF Dir*,149441,INF109KC1Y15,Direct,Multi Asset Allocation,41932,13.03,6.61,1.06,1.13,,,,,,,,,33,,,,AAA,,,,3,2,2.5,2,2.5,,,,,,,1,3,9,,,1,13,Moderately High Risk,OK,Verified ✓,8.17,9.6,7.01,6.87,9.51,8.09
Invesco India Multi Asset Allocation Dir,153047,INF205KA1AC1,Direct,Multi Asset Allocation,44738,,,,,,,72,59.17,43.68,25.71,3.36,22.29,87,,,,AAA,,,,3,,,,,2,1,1,2.5,1.5,1.5,1.25,3,,6.5,3,1.25,13.75,Moderately High Risk,OK,Verified ✓,5.79,9.72,7.84,6.87,9.51,8.09
Kotak Multi Asset Active FoF Dir,,,Direct,Multi Asset Allocation,45941,,,,,,,,,,,,,,,,,,,,,,,,,,,,,,,,,,,,,,,N/A,NOT_FOUND,Both code and ISIN missing,N/A,N/A,N/A,N/A,N/A,N/A
Kotak Multi Asset Allocation Dir,152064,INF174KA1PD4,Direct,Multi Asset Allocation,43732,,,,,,,65,37.86,24.26,42.56,2.34,16.13,98,4.21,11.13,6.52,AAA,2,1.5,1,3,,,,,2,2,2,1.5,2,2,1.25,7.5,,7.5,4,1.25,20.25,Moderate Risk,OK,Verified ✓,4.36,7.4,6.52,6.87,9.51,8.09
Kotak Multi Asset Omni FoF Dir*,119777,INF174K01LN3,Direct,Multi Asset Allocation,17436,16.43,10.21,1.02,1,,,,,,,,,16,,,,GOI/Cash,,,,3,1.5,2.5,2,3,,,,,,,0.5,3,9,,,0.5,12.5,High Risk,OK,Verified ✓,8.06,9.51,7.52,6.87,9.51,8.09
LIC MF Multi Asset Allocation Dir,153246,INF767K01RZ5,Direct,Multi Asset Allocation,44886,,,,,,,70,37.68,28.53,35.72,3.63,19.14,82,,,,GOI/Cash,,,,3,,,,,2,2,1.5,2,1.75,1.25,1.25,3,,7.5,3,1.25,14.75,Moderately High Risk,OK,Verified ✓,4.17,9.6,8.2,6.87,9.51,8.09
Mahindra Manulife Multi Asset Allocation Dir,152443,INF174V01BW2,Direct,Multi Asset Allocation,44130,,,,,,,58,36.29,24.82,29.04,3.17,22.72,83,2.1,2.94,7.43,AAA,2.5,2,2.5,3,,,,,1.5,2,2,2.5,1.5,1.5,1.25,10,,8,3,1.25,22.25,Moderate Risk,OK,Verified ✓,8.72,11.11,9.05,6.87,9.51,8.09
Mirae Asset Multi Asset Allocation Dir,152344,INF769K01KZ6,Direct,Multi Asset Allocation,44004,,,,,,,124,35.38,25.72,31.02,3.34,21.73,217,2.19,2.77,6.02,AAA,1.5,2,2.5,3,,,,,2.5,2,2,2,1.75,1.5,2,9,,8.5,3.25,2,22.75,Moderate Risk,OK,Verified ✓,5.6,8.26,7.62,6.87,9.51,8.09
Motilal Oswal Asset Allocation Passive FoF-Agrssv Dir*,,,Direct,Multi Asset Allocation,41334,15.52,8.55,1.11,1.2,,,,,,,,,4,,,,GOI/Cash,,,,3,2,2.5,2,3,,,,,,,0.5,3,9.5,,,0.5,13,Moderately High Risk,NOT_FOUND,Both code and ISIN missing,6.48,9.56,9.17,6.87,9.51,8.09
Motilal Oswal Asset Allocation Passive FoF-Cons Dir*,,,Direct,Multi Asset Allocation,41336,13.04,5.64,1.24,1.31,,,,,,,,,4,,,,GOI/Cash,,,,3,2.5,2.5,2,2.5,,,,,,,0.5,3,9.5,,,0.5,13,Moderately High Risk,NOT_FOUND,Both code and ISIN missing,12.66,13.41,10.76,6.87,9.51,8.09
Nippon India Multi Asset Allocation Dir*,148457,INF204KB19V4,Direct,Multi Asset Allocation,41074,18.8,9.09,1.4,1.58,,,94,36.3,26.09,36.62,3.52,24.6,146,,,,AAA,,,,3,1.5,2.5,2.5,3,2.5,2,2,2,1.5,1.25,1.5,3,9.5,8.5,2.75,1.5,25.25,Moderate Risk,OK,Verified ✓,5.43,7.87,7.42,6.87,9.51,8.09
Nippon India Multi-Asset Omni FoF Dir,148666,INF204KB16Y4,Direct,Multi Asset Allocation,41267,17.81,9.46,1.25,1.42,,,,,,,,,8,,,,AAA,,,,3,1.5,2.5,2,3,,,,,,,0.5,3,9,,,0.5,12.5,High Risk,OK,Verified ✓,1.93,9.18,6.83,6.87,9.51,8.09
PGIM India Multi Asset Allocation Dir,153987,INF663L010A3,Direct,Multi Asset Allocation,45619,,,,,,,75,40.08,24.53,30.25,4.69,32.88,94,,2.77,5.85,GOI/Cash,1,,2.5,3,,,,,2,1.5,2,2,1,1,1.25,6.5,,7.5,2,1.25,17.25,Moderately High Risk,OK,Verified ✓,7.96,10.67,9.67,6.87,9.51,8.09
Quant Multi Asset Allocation Dir,120821,INF966L01580,Direct,Multi Asset Allocation,17359,21.59,11.77,1.32,1.99,,,26,57.72,41.06,32.27,3.29,19.08,59,0.82,1.25,5.1,GOI/Cash,1,3,3,3,1.5,2.5,2.5,3,1,1,1,2,1.75,1.5,1,10,9.5,5,3.25,1,28.75,Low Risk,OK,Verified ✓,6.11,9.04,7.22,6.87,9.51,8.09
Quantum Multi Asset Active FoF Dir*,117608,INF082J01168,Direct,Multi Asset Allocation,15074,11.43,6.29,0.86,0.82,,,,,,,,,6,,,,AAA,,,,3,2,2,1.5,2,,,,,,,0.5,3,7.5,,,0.5,11,High Risk,OK,Verified ✓,8.65,10.07,8.48,6.87,9.51,8.09
Quantum Multi Asset Allocation Dir,152474,INF082J01457,Direct,Multi Asset Allocation,44176,,,,,,,40,63.75,50.85,39.18,2.95,20.79,45,,,,GOI/Cash,,,,3,,,,,1.5,0.5,0.5,2,1.75,1.75,1,3,,4.5,3.5,1,12,High Risk,OK,Verified ✓,9.48,11.04,9.34,6.87,9.51,8.09
SBI Multi Asset Allocation Dir,119843,INF200K01TZ3,Direct,Multi Asset Allocation,17657,16.67,8.07,1.32,1.51,,,68,28.85,19.58,26.5,1.83,15.64,118,2.48,3.49,7.2,AAA,2.5,2,2.5,3,2,2.5,2.5,3,2,2.5,2.5,2.5,2,2,1.5,10,10,9.5,4,1.5,35,Very Low Risk,OK,Verified ✓,6.31,7.41,7.27,6.87,9.51,8.09
Samco Multi Asset Allocation Dir*,153092,INF0K1H01230,Direct,Multi Asset Allocation,44777,,,,,,,78,43.81,29.73,52.33,4.14,24.19,83,0.1,0.11,4.98,GOI/Cash,1,3,3,3,,,,,2,1.5,1.5,1,1.5,1.25,1.25,10,,6,2.75,1.25,20,Moderate Risk,OK,Verified ✓,N/A,N/A,N/A,N/A,N/A,N/A
Shriram Multi Asset Allocation Dir,152051,INF680P01406,Direct,Multi Asset Allocation,43717,,,,,,,62,48.01,32.91,36.46,3.32,21.37,79,0.83,0.88,6.07,AAA,1.5,3,3,3,,,,,2,1.5,1.5,2,1.75,1.5,1.25,10.5,,7,3.25,1.25,22,Moderate Risk,OK,Verified ✓,N/A,N/A,N/A,N/A,N/A,N/A
Sundaram Multi Asset Allocation Dir,152314,INF903JA1LK9,Direct,Multi Asset Allocation,44042,,,,,,,52,44.75,26.83,40.69,3.75,24.98,71,2.63,3.12,5.89,GOI/Cash,1,2,2.5,3,,,,,1.5,1.5,2,1.5,1.5,1.25,1.25,8.5,,6.5,2.75,1.25,19,Moderately High Risk,OK,Verified ✓,4.54,6.49,6.43,6.87,9.51,8.09
Tata Multi Asset Allocation Dir*,148053,INF277K019Y3,Direct,Multi Asset Allocation,40686,14.3,9.17,0.9,1.03,,,71,27.89,17.61,33.28,2.92,18.1,106,2.69,3.65,6.29,GOI/Cash,1.5,2,2.5,3,1.5,2,2,2.5,2,2.5,2.5,2,1.75,1.75,1.5,9,8,9,3.5,1.5,31,Low Risk,OK,Verified ✓,N/A,N/A,N/A,N/A,N/A,N/A
The Wealth Company Multi Asset Allocation Dir,153999,INF2F0001347,Direct,Multi Asset Allocation,45635,,,,,,,40,35.05,22.38,30.89,4.17,25.74,57,,,,AAA,,,,3,,,,,1.5,2,2,2,1.5,1.25,1,3,,7.5,2.75,1,14.25,Moderately High Risk,OK,Verified ✓,8.45,11.19,8.98,6.87,9.51,8.09
UTI Multi Asset Allocation Dir,120760,INF789F01VE6,Direct,Multi Asset Allocation,15963,16.62,10.16,1.04,1.14,,,82,34.27,24.24,37.21,5.19,26.37,121,5.01,9.26,6.62,AAA,2,1,1,3,1.5,2.5,2,3,2.5,2,2,2,1.25,1,1.5,7,9,8.5,2.25,1.5,28.25,Low Risk,OK,Verified ✓,5.11,10.72,8.79,6.87,9.51,8.09
Union Multi Asset Allocation Dir,152787,INF582M01JY4,Direct,Multi Asset Allocation,44470,,,,,,,75,42.73,28.48,40.76,3.75,27.66,96,3.09,4.29,6.04,GOI/Cash,1.5,1.5,2,3,,,,,2,1.5,1.5,1.5,1.25,1.25,1.25,8,,6.5,2.5,1.25,18.25,Moderately High Risk,OK,Verified ✓,7.09,10.08,9.35,6.87,9.51,8.09
WhiteOak Capital Multi Asset Allocation Dir*,151745,INF03VN01761,Direct,Multi Asset Allocation,43501,,,,,,,116,27.23,16.09,17.93,3.81,25.55,175,2.17,2.8,6.15,AAA,1.5,2,2.5,3,,,,,2.5,2.5,2.5,2.5,1.5,1.25,1.75,9,,10,2.75,1.75,23.5,Moderate Risk,OK,Verified ✓,5.29,7.8,6.37,6.87,9.51,8.09
Zerodha Multi Asset Passive FoF Dir,153757,INF0R8F01117,Direct,Multi Asset Allocation,45395,,,,,,,,,,,,,4,,,,GOI/Cash,,,,3,,,,,,,,,,,0.5,3,,,,0.5,3.5,High Risk,OK,Verified ✓,10.86,N/A,N/A,6.87,N/A,N/A
360 ONE Multi Asset Allocation Reg*,153772,INF579M01BJ8,Regular,Multi Asset Allocation,45412,,,,,,,33,50.91,40.37,16.77,4.8,29.36,59,4.41,6.99,6.94,AAA,2,1.5,1.5,3,,,,,1,1,1,2.5,1.25,1,1,8,,5.5,2.25,1,16.75,Moderately High Risk,OK,Verified ✓,N/A,N/A,N/A,N/A,N/A,N/A
ABSL Multi Asset Allocation Reg,151309,INF209KB12R6,Regular,Multi Asset Allocation,43040,14.93,9.8,0.91,1,,,71,37.11,26.01,38.84,3.53,23.66,102,1.59,1.84,6.99,AAA,2,2.5,3,3,1.5,2,2,2.5,2,2,2,2,1.5,1.25,1.5,10.5,8,8,2.75,1.5,30.75,Low Risk,OK,Verified ✓,21.2,17.44,N/A,18.1,16.91,N/A
ABSL Multi-Asset Omni FoF Reg*,131864,INF084M01AE2,Regular,Multi Asset Allocation,3514,15.7,10.42,0.93,1.08,,,,,,,,,11,,,,AAA,,,,3,1.5,2,2,3,,,,,,,0.5,3,8.5,,,0.5,12,High Risk,OK,Verified ✓,17.43,17.93,13.23,18.1,16.91,14.06
ABSL Multi-Asset Passive FoF Reg*,150690,INF209KB12M7,Regular,Multi Asset Allocation,42607,15.63,10.88,0.88,0.95,,,,,,,,,10,,,,GOI/Cash,,,,3,1.5,2,1.5,3,,,,,,,0.5,3,8,,,0.5,11.5,High Risk,OK,Verified ✓,15.07,17.8,N/A,18.1,16.91,N/A
Axis Multi Asset Allocation Reg,113064,INF846K01768,Regular,Multi Asset Allocation,11343,13.29,9.63,0.75,0.81,,,66,42.28,30.02,33.15,3.28,23.21,105,1.81,2.2,6.56,AAA,2,2.5,2.5,3,1.5,2,1.5,2.5,2,1.5,1.5,2,1.5,1.5,1.5,10,7.5,7,3,1.5,29,Low Risk,OK,Verified ✓,18.53,14.89,10.69,18.1,16.91,14.06
Axis Multi-Asset Active FoF Reg*,153963,INF846KA1333,Regular,Multi Asset Allocation,45608,,,,,,,,,,,,,18,,,,AAA,,,,3,,,,,,,,,,,0.5,3,,,,0.5,3.5,High Risk,OK,Verified ✓,N/A,N/A,N/A,N/A,N/A,N/A
Bajaj Finserv Multi Asset Allocation Reg,152642,INF0QA701797,Regular,Multi Asset Allocation,44327,,,,,,,54,43.87,29.4,36.93,3.18,22.86,67,1.15,1.31,6.35,AAA,1.5,2.5,3,3,,,,,1.5,1.5,1.5,2,1.5,1.5,1.25,10,,6.5,3,1.25,20.75,Moderate Risk,OK,Verified ✓,18.34,N/A,N/A,18.1,N/A,N/A
Bandhan Multi Asset Allocation Reg,152326,INF194KB1HJ3,Regular,Multi Asset Allocation,44028,,,,,,,136,36.3,25.37,28.66,3.01,22.15,179,0.7,1.43,5.16,GOI/Cash,1,3,3,3,,,,,2.5,2,2,2.5,1.5,1.5,1.75,10,,9,3,1.75,23.75,Moderate Risk,OK,Verified ✓,23.91,N/A,N/A,18.1,N/A,N/A
Bandhan Multi-Asset Passive FoF Reg,112329,INF194K01AB9,Regular,Multi Asset Allocation,10848,10.97,7.43,0.67,0.79,,,,,,,,,5,,,,GOI/Cash,,,,3,2,1.5,1.5,2,,,,,,,0.5,3,7,,,0.5,10.5,High Risk,OK,Verified ✓,10.48,12.09,9.54,18.1,16.91,14.06
Bank of India Multi Asset Allocation Reg,152398,INF761K01FW0,Regular,Multi Asset Allocation,44096,,,,,,,47,49.67,31.29,22.73,3.6,24.27,64,2.97,3.66,7,AAA,2.5,2,2.5,3,,,,,1.5,1.5,1.5,2.5,1.5,1.25,1.25,10,,7,2.75,1.25,21,Moderate Risk,OK,Verified ✓,16.22,N/A,N/A,18.1,N/A,N/A
Baroda BNP Paribas Multi Asset Active FoF Reg,153548,INF251K01UM2,Regular,Multi Asset Allocation,45176,,,,,,,,,,,,,5,,,,AAA,,,,3,,,,,,,,,,,0.5,3,,,,0.5,3.5,High Risk,OK,Verified ✓,N/A,N/A,N/A,N/A,N/A,N/A
Baroda BNP Paribas Multi Asset Reg,150863,INF251K01RC9,Regular,Multi Asset Allocation,42781,13.75,10.22,0.76,0.85,,,50,45.12,30.04,40.11,3.68,27.4,60,3.96,7.27,6.07,GOI/Cash,1.5,1.5,1.5,3,1.5,2,1.5,2.5,1.5,1.5,1.5,1.5,1.25,1.25,1.25,7.5,7.5,6,2.5,1.25,24.75,Moderate Risk,OK,Verified ✓,17.19,16.05,N/A,18.1,16.91,N/A
Canara Robeco Multi Asset Allocation Reg,153466,INF760K01LG3,Regular,Multi Asset Allocation,45166,,,,,,,39,43.83,32.08,34.28,4.46,31.83,57,0.41,0.42,5.68,AAA,1,3,3,3,,,,,1,1.5,1.5,2,1,1.25,1,10,,6,2.25,1,19.25,Moderately High Risk,OK,Verified ✓,N/A,N/A,N/A,N/A,N/A,N/A
Capitalmind Multi Asset Allocation Reg*,,,Regular,Multi Asset Allocation,45849,,,,,,,,,,,,,,,,,,,,,,,,,,,,,,,,,,,,,,,N/A,NOT_FOUND,Both code and ISIN missing,N/A,N/A,N/A,N/A,N/A,N/A
DSP Multi Asset Allocation Reg*,152053,INF740KA1TB5,Regular,Multi Asset Allocation,43739,,,,,,,48,31.39,21.77,28.35,2.97,18.54,80,2.92,5.89,5.97,GOI/Cash,1,2,2,3,,,,,1.5,2,2,2.5,1.75,1.75,1.25,8,,8,3.5,1.25,20.75,Moderate Risk,OK,Verified ✓,26.47,N/A,N/A,18.1,N/A,N/A
DSP Multi Asset Omni FoF Reg*,154165,INF740KA1YB5,Regular,Multi Asset Allocation,45801,,,,,,,,,,,,,10,,,,GOI/Cash,,,,3,,,,,,,,,,,0.5,3,,,,0.5,3.5,High Risk,OK,Verified ✓,N/A,N/A,N/A,N/A,N/A,N/A
Edelweiss Multi Asset Allocation Reg,151795,INF754K01RO7,Regular,Multi Asset Allocation,43549,,,,,,,42,30.83,18.16,,2.26,22.7,121,1.57,1.73,6.69,AAA,2,2.5,3,3,,,,,1.5,2,2.5,,1.5,2,1.5,10.5,,6,3.5,1.5,21.5,Moderate Risk,OK,Verified ✓,6.17,N/A,N/A,18.1,N/A,N/A
Edelweiss Multi Asset Omni FoF Reg*,153779,INF754K01VR2,Regular,Multi Asset Allocation,45417,,,,,,,,,,,,,11,,,,AAA,,,,3,,,,,,,,,,,0.5,3,,,,0.5,3.5,High Risk,OK,Verified ✓,N/A,N/A,N/A,N/A,N/A,N/A
Franklin India Multi Asset Allocation Reg,153733,INF090I01YM0,Regular,Multi Asset Allocation,45366,14.53,8.89,0.96,1.06,,,41,39.97,26.9,33.62,3.56,26.68,54,1.68,3.64,6.7,AAA,2,2.5,2.5,3,2,2,2,2.5,1.5,2,2,2,1.25,1.25,1,10,8.5,7.5,2.5,1,29.5,Low Risk,OK,Verified ✓,N/A,N/A,N/A,N/A,N/A,N/A
Groww Multi Asset Allocation Reg,153851,INF666M01MD3,Regular,Multi Asset Allocation,45462,,,,,,,65,42.52,30.81,34.84,3.5,22.26,87,0,0,5.55,CASH,1,3,3,3,,,,,2,1.5,1.5,2,1.5,1.5,1.25,10,,7,3,1.25,21.25,Moderate Risk,OK,Verified ✓,N/A,N/A,N/A,N/A,N/A,N/A
Groww Multi Asset Omni FoF Reg*,154057,INF666M01NF6,Regular,Multi Asset Allocation,45673,,,,,,,,,,,,,16,,,,AAA,,,,3,,,,,,,,,,,0.5,3,,,,0.5,3.5,High Risk,OK,Verified ✓,N/A,N/A,N/A,N/A,N/A,N/A
HDFC Multi-Asset Active FoF Reg,148901,INF179KC1BD7,Regular,Multi Asset Allocation,41460,13.12,7.39,0.96,0.98,,,,,,,,,19,,,,AAA,,,,3,2,2,1.5,2.5,,,,,,,0.5,3,8,,,0.5,11.5,High Risk,OK,Verified ✓,12.04,15.08,N/A,18.1,16.91,N/A
HDFC Multi-Asset Allocation Reg,103131,INF179K01AP0,Regular,Multi Asset Allocation,2818,12,7.42,0.8,0.84,,,79,41.76,30.83,35.43,2.81,20.65,147,1.56,2.14,5.85,GOI/Cash,1,2.5,2.5,3,2,2,1.5,2.5,2,1.5,1.5,2,1.75,1.75,1.5,9,8,7,3.5,1.5,29,Low Risk,FIXED,ISIN mismatch: had INF179K01530 → corrected to INF179K01AP0 (NAV name: HDFC Multi-Asset Fund - Growth Option),11.77,13.61,12.23,18.1,16.91,14.06
HSBC Multi Asset Active FoF Reg*,129191,INF336L01IG6,Regular,Multi Asset Allocation,25862,14.26,10.08,0.82,0.86,,,,,,,,,10,,,,AAA,,,,3,1.5,2,1.5,2.5,,,,,,,0.5,3,7.5,,,0.5,11,High Risk,OK,Verified ✓,23.21,16.72,12.87,18.1,16.91,14.06
HSBC Multi Asset Allocation Reg,152378,INF336L01RF9,Regular,Multi Asset Allocation,44087,,,,,,,65,35.16,19.77,52.93,5.42,33.41,88,2.69,3.42,7.16,AAA,2.5,2,2.5,3,,,,,2,2,2.5,1,1,1,1.25,10,,7.5,2,1.25,20.75,Moderate Risk,OK,Verified ✓,26.89,N/A,N/A,18.1,N/A,N/A
ICICI Pru Multi Asset*,101144,INF109K01761,Regular,Multi Asset Allocation,1471,15.68,8.46,1.14,1.21,,,125,32.42,21.81,35.37,3.25,20,291,2.94,5.56,6.64,AAA,2,2,2,3,2,2.5,2,3,2.5,2,2,2,1.75,1.5,2,9,9.5,8.5,3.25,2,32.25,Low Risk,OK,Verified ✓,13.82,18.09,18.91,18.1,16.91,14.06
ICICI Pru Passive Multi-Asset FoF*,149439,INF109KC1X81,Regular,Multi Asset Allocation,41930,12.6,6.61,0.99,1.06,,,,,,,,,33,,,,AAA,,,,3,2,2,2,2.5,,,,,,,1,3,8.5,,,1,12.5,High Risk,OK,Verified ✓,16.66,14.44,N/A,18.1,16.91,N/A
Invesco India Multi Asset Allocation Reg,153046,INF205KA1999,Regular,Multi Asset Allocation,44736,,,,,,,72,59.17,43.68,25.71,3.36,22.29,87,,,,AAA,,,,3,,,,,2,1,1,2.5,1.5,1.5,1.25,3,,6.5,3,1.25,13.75,Moderately High Risk,OK,Verified ✓,23.45,N/A,N/A,18.1,N/A,N/A
Kotak Multi Asset Active FoF Reg,,,Regular,Multi Asset Allocation,45939,,,,,,,,,,,,,,,,,,,,,,,,,,,,,,,,,,,,,,,N/A,NOT_FOUND,Both code and ISIN missing,N/A,N/A,N/A,N/A,N/A,N/A
Kotak Multi Asset Allocation Reg,152065,INF174KA1PA0,Regular,Multi Asset Allocation,43730,,,,,,,65,37.86,24.26,42.56,2.34,16.13,98,4.21,11.13,6.52,AAA,2,1.5,1,3,,,,,2,2,2,1.5,2,2,1.25,7.5,,7.5,4,1.25,20.25,Moderate Risk,OK,Verified ✓,29.65,N/A,N/A,18.1,N/A,N/A
Kotak Multi Asset Omni FoF Reg*,102574,INF174K01468,Regular,Multi Asset Allocation,2308,15.72,10.21,0.95,0.93,,,,,,,,,16,,,,GOI/Cash,,,,3,1.5,2,1.5,3,,,,,,,0.5,3,8,,,0.5,11.5,High Risk,OK,Verified ✓,20.2,18.44,16.7,18.1,16.91,14.06
LIC MF Multi Asset Allocation Reg,153248,INF767K01RW2,Regular,Multi Asset Allocation,44884,,,,,,,70,37.68,28.53,35.72,3.63,19.14,82,,,,GOI/Cash,,,,3,,,,,2,2,1.5,2,1.75,1.25,1.25,3,,7.5,3,1.25,14.75,Moderately High Risk,OK,Verified ✓,14.94,N/A,N/A,18.1,N/A,N/A
Mahindra Manulife Multi Asset Allocation Reg,152441,INF174V01BT8,Regular,Multi Asset Allocation,44128,,,,,,,58,36.29,24.82,29.04,3.17,22.72,83,2.1,2.94,7.43,AAA,2.5,2,2.5,3,,,,,1.5,2,2,2.5,1.5,1.5,1.25,10,,8,3,1.25,22.25,Moderate Risk,OK,Verified ✓,23.03,N/A,N/A,18.1,N/A,N/A
Mirae Asset Multi Asset Allocation Reg,152347,INF769K01KW3,Regular,Multi Asset Allocation,44002,,,,,,,124,35.38,25.72,31.02,3.34,21.73,217,2.19,2.77,6.02,AAA,1.5,2,2.5,3,,,,,2.5,2,2,2,1.75,1.5,2,9,,8.5,3.25,2,22.75,Moderate Risk,OK,Verified ✓,19.36,N/A,N/A,18.1,N/A,N/A
Motilal Oswal Asset Allocation Passive FoF-Agrssv Reg*,,,Regular,Multi Asset Allocation,41333,15.03,8.55,1.05,1.14,,,,,,,,,4,,,,GOI/Cash,,,,3,2,2.5,2,3,,,,,,,0.5,3,9.5,,,0.5,13,Moderately High Risk,NOT_FOUND,Both code and ISIN missing,18.77,17.3,13.1,18.1,16.91,14.06
Motilal Oswal Asset Allocation Passive FoF-Cons Reg*,,,Regular,Multi Asset Allocation,41335,12.55,5.63,1.16,1.22,,,,,,,,,4,,,,GOI/Cash,,,,3,2.5,2.5,2,2.5,,,,,,,0.5,3,9.5,,,0.5,13,Moderately High Risk,NOT_FOUND,Both code and ISIN missing,15.42,14.1,10.74,18.1,16.91,14.06
Nippon India Multi Asset Allocation Reg*,148459,INF204KB16V0,Regular,Multi Asset Allocation,41072,17.57,9.07,1.27,1.43,,,94,36.3,26.09,36.62,3.52,24.6,146,,,,AAA,,,,3,1.5,2.5,2,3,2.5,2,2,2,1.5,1.25,1.5,3,9,8.5,2.75,1.5,24.75,Moderate Risk,OK,Verified ✓,23.69,20.28,15.7,18.1,16.91,14.06
Nippon India Multi-Asset Omni FoF Reg,148663,INF204KB13Y1,Regular,Multi Asset Allocation,41265,16.87,9.45,1.15,1.3,,,,,,,,,8,,,,AAA,,,,3,1.5,2.5,2,3,,,,,,,0.5,3,9,,,0.5,12.5,High Risk,OK,Verified ✓,17.18,19.58,16.61,18.1,16.91,14.06
PGIM India Multi Asset Allocation Reg,153988,INF663L013A7,Regular,Multi Asset Allocation,45617,,,,,,,75,40.08,24.53,30.25,4.69,32.88,94,,2.77,5.85,GOI/Cash,1,,2.5,3,,,,,2,1.5,2,2,1,1,1.25,6.5,,7.5,2,1.25,17.25,Moderately High Risk,OK,Verified ✓,N/A,N/A,N/A,N/A,N/A,N/A
Quant Multi Asset Allocation Reg,101072,INF966L01200,Regular,Multi Asset Allocation,954,20.25,11.75,1.21,1.82,,,26,57.72,41.06,32.27,3.29,19.08,59,0.82,1.25,5.1,GOI/Cash,1,3,3,3,1.5,2.5,2.5,3,1,1,1,2,1.75,1.5,1,10,9.5,5,3.25,1,28.75,Low Risk,OK,Verified ✓,27.51,22.99,21.91,18.1,16.91,14.06
Quantum Multi Asset Active FoF Reg*,141072,INF082J01341,Regular,Multi Asset Allocation,33970,11.07,6.29,0.8,0.76,,,,,,,,,6,,,,AAA,,,,3,2,2,1.5,2,,,,,,,0.5,3,7.5,,,0.5,11,High Risk,OK,Verified ✓,12.17,12.53,10.13,18.1,16.91,14.06
Quantum Multi Asset Allocation Reg,152475,INF082J01465,Regular,Multi Asset Allocation,44175,,,,,,,40,63.75,50.85,39.18,2.95,20.79,45,,,,GOI/Cash,,,,3,,,,,1.5,0.5,0.5,2,1.75,1.75,1,3,,4.5,3.5,1,12,High Risk,OK,Verified ✓,9.05,N/A,N/A,18.1,N/A,N/A
SBI Multi Asset Allocation Reg,103408,INF200K01800,Regular,Multi Asset Allocation,3015,15.78,8.06,1.21,1.39,,,68,28.85,19.58,26.5,1.83,15.64,118,2.48,3.49,7.2,AAA,2.5,2,2.5,3,2,2.5,2,3,2,2.5,2.5,2.5,2,2,1.5,10,9.5,9.5,4,1.5,34.5,Very Low Risk,OK,Verified ✓,20.46,17.59,14.23,18.1,16.91,14.06
Samco Multi Asset Allocation Reg*,153093,INF0K1H01248,Regular,Multi Asset Allocation,44776,,,,,,,78,43.81,29.73,52.33,4.14,24.19,83,0.1,0.11,4.98,GOI/Cash,1,3,3,3,,,,,2,1.5,1.5,1,1.5,1.25,1.25,10,,6,2.75,1.25,20,Moderate Risk,OK,Verified ✓,10.96,N/A,N/A,18.1,N/A,N/A
Shriram Multi Asset Allocation Reg,152052,INF680P01414,Regular,Multi Asset Allocation,43716,,,,,,,62,48.01,32.91,36.46,3.32,21.37,79,0.83,0.88,6.07,AAA,1.5,3,3,3,,,,,2,1.5,1.5,2,1.75,1.5,1.25,10.5,,7,3.25,1.25,22,Moderate Risk,OK,Verified ✓,15.2,N/A,N/A,18.1,N/A,N/A
Sundaram Multi Asset Allocation Reg,152311,INF903JA1LH5,Regular,Multi Asset Allocation,44040,,,,,,,52,44.75,26.83,40.69,3.75,24.98,71,2.63,3.12,5.89,GOI/Cash,1,2,2.5,3,,,,,1.5,1.5,2,1.5,1.5,1.25,1.25,8.5,,6.5,2.75,1.25,19,Moderately High Risk,OK,Verified ✓,16.56,N/A,N/A,18.1,N/A,N/A
Tata Multi Asset Allocation Reg*,148050,INF277K012Z5,Regular,Multi Asset Allocation,40684,12.81,9.15,0.74,0.84,,,71,27.89,17.61,33.28,2.92,18.1,106,2.69,3.65,6.29,GOI/Cash,1.5,2,2.5,3,1.5,1.5,1.5,2.5,2,2.5,2.5,2,1.75,1.75,1.5,9,7,9,3.5,1.5,30,Low Risk,OK,Verified ✓,15,14.83,12.75,18.1,16.91,14.06
The Wealth Company Multi Asset Allocation Reg,154002,INF2F0001313,Regular,Multi Asset Allocation,45633,,,,,,,40,35.05,22.38,30.89,4.17,25.74,57,,,,AAA,,,,3,,,,,1.5,2,2,2,1.5,1.25,1,3,,7.5,2.75,1,14.25,Moderately High Risk,OK,Verified ✓,N/A,N/A,N/A,N/A,N/A,N/A
UTI Multi Asset Allocation Reg,111599,INF789F01AP6,Regular,Multi Asset Allocation,9758,15.59,10.18,0.94,1.03,,,82,34.27,24.24,37.21,5.19,26.37,121,5.01,9.26,6.62,AAA,2,1,1,3,1.5,2,2,3,2.5,2,2,2,1.25,1,1.5,7,8.5,8.5,2.25,1.5,27.75,Low Risk,OK,Verified ✓,13.16,18.55,13.82,18.1,16.91,14.06
Union Multi Asset Allocation Reg,152786,INF582M01JU2,Regular,Multi Asset Allocation,44468,,,,,,,75,42.73,28.48,40.76,3.75,27.66,96,3.09,4.29,6.04,GOI/Cash,1.5,1.5,2,3,,,,,2,1.5,1.5,1.5,1.25,1.25,1.25,8,,6.5,2.5,1.25,18.25,Moderately High Risk,OK,Verified ✓,22.02,N/A,N/A,18.1,N/A,N/A
WhiteOak Capital Multi Asset Allocation Reg*,151746,INF03VN01779,Regular,Multi Asset Allocation,43500,,,,,,,116,27.23,16.09,17.93,3.81,25.55,175,2.17,2.8,6.15,AAA,1.5,2,2.5,3,,,,,2.5,2.5,2.5,2.5,1.5,1.25,1.75,9,,10,2.75,1.75,23.5,Moderate Risk,OK,Verified ✓,16.96,N/A,N/A,18.1,N/A,N/A