Fund Name,Plan,Category,VR ID,Scheme Code,ISIN,Alpha,Beta,Sharpe,Standard Deviation,Mean Return,Sortino,No. of Stocks,Top 10 Stocks (%),Top 5 Stocks (%),Top 3 Sectors (%),P/B Ratio,P/E Ratio,Alpha Score (/12),Sharpee Score(/12),Std Dev Score(/6),Beta Score(/6),Sortino Score(/4),Total Score(/40),Risk Category,Yield to Maturity (%),Macaulay Duration (yrs),Average Maturity (yrs),Avg Credit Rating,Fund 1Y,Fund 3Y,Fund 5Y,Bench 1Y,Bench 3Y,Bench 5Y
ABSL Business Cycle Dir,Direct,Solution: Retirement - Equity,41814,149295,INF209KB14D2,-0.26,0.95,0.47,14.15,12.64,0.6,68,33.12%,20.42%,58.72%,3.47,25.59,4,4,3,4,1,16,Moderately High Risk,N/A,N/A,N/A,N/A,2.28,N/A,N/A,2.49,N/A,N/A
Axis Business Cycles Dir,Direct,Solution: Retirement - Equity,43124,151368,INF846K016N4,1.64,1,0.59,14.95,14.86,0.66,76,29.16%,16.83%,56.61%,3.37,28.56,8,6,3,3,1,21,Moderate Risk,N/A,N/A,N/A,N/A,3.83,7.68,5.85,3.04,7.23,5.6
Bandhan Business Cycle Dir,Direct,Solution: Retirement - Equity,44520,152878,INF194KB1IQ6,--,--,--,--,--,--,89,34.34%,20.37%,61.14%,2.6,20.57,1,1,1,1,1,5,High Risk,N/A,N/A,N/A,N/A,2.03,6.74,4.7,3.04,7.23,5.6
Bank of India Business Cycle Dir,Direct,Solution: Retirement - Equity,44474,152789,INF761K01GF3,--,--,--,--,--,--,54,38.45%,22.62%,54.78%,3.64,24.47,1,1,1,1,1,5,High Risk,N/A,N/A,N/A,N/A,3.52,7.41,5.96,3.04,7.23,5.6
Baroda BNP Paribas Business Cycle Dir,Direct,Solution: Retirement - Equity,41671,149141,INF955L01KK1,1.29,1.01,0.57,15.17,14.61,0.69,58,37.47%,25.06%,54.13%,3.81,27.01,6,6,3,3,1,19,Moderately High Risk,N/A,N/A,N/A,N/A,2.15,6.9,N/A,2.49,6.93,N/A
DSP Business Cycle Fund Dir,Direct,Solution: Retirement - Equity,44760,153121,INF740KA1UX7,--,--,--,--,--,--,50,41.43%,24.90%,55.69%,3.6,26.12,1,1,1,1,1,5,High Risk,N/A,N/A,N/A,N/A,2.89,7.16,5.88,3.04,7.23,5.6
Edelweiss Business Cycle Dir,Direct,Solution: Retirement - Equity,44394,152710,INF754K01TA2,--,--,--,--,--,--,71,28.98%,16.18%,66.31%,2.84,18.57,1,1,1,1,1,5,High Risk,N/A,N/A,N/A,N/A,2.24,6.92,4.85,2.49,6.93,5.27
HDFC Business Cycle Dir,Direct,Solution: Retirement - Equity,42727,150805,INF179KC1DY9,-1.42,0.92,0.38,13.82,11.22,0.45,59,45.10%,28.22%,54.90%,3.41,28.75,4,4,4,4,1,17,Moderately High Risk,N/A,N/A,N/A,N/A,2.92,7.17,N/A,3.04,7.23,N/A
HSBC Business Cycles Dir,Direct,Solution: Retirement - Equity,27583,151142,INF917K01RI2,2.02,1.15,0.56,18.48,16.33,0.73,70,32.07%,20.33%,73.34%,2.8,21.55,8,6,2,2,1,19,Moderately High Risk,N/A,N/A,N/A,N/A,1.98,N/A,N/A,2.49,N/A,N/A
ICICI Pru Business Cycle Dir,Direct,Solution: Retirement - Equity,41245,148651,INF109KC1P24,6.24,0.91,0.92,13.89,18.83,1.11,77,49.99%,33.89%,63.82%,2.94,22.43,12,10,4,4,2,32,Low Risk,N/A,N/A,N/A,N/A,26.02,16.67,9.49,10.42,15.47,13.24
Invesco India Business Cycle Dir,Direct,Solution: Retirement - Equity,44930,153291,INF205KA1AI8,--,--,--,--,--,--,35,48.16%,27.42%,64.96%,3.91,40.81,1,1,1,1,1,5,High Risk,N/A,N/A,N/A,N/A,31.14,21.55,13.65,10.42,15.47,13.24
ITI Business Cycle Dir,Direct,Solution: Retirement - Equity,45807,154157,INF00XX01DM9,--,--,--,--,--,--,47,28.19%,18.70%,42.85%,2.76,19.73,1,1,1,1,1,5,High Risk,N/A,N/A,N/A,N/A,39.1,17.31,10.86,10.42,15.47,13.24
Kotak Business Cycle Dir,Direct,Solution: Retirement - Equity,42533,150624,INF174KA1JN6,2.91,0.95,0.66,14.66,15.76,0.75,54,36.13%,22.65%,55.99%,3.82,27.03,8,8,3,4,1,24,Moderate Risk,N/A,N/A,N/A,N/A,56.15,29.85,N/A,10.42,15.47,N/A
Mahindra Manulife Business Cycle Dir,Direct,Solution: Retirement - Equity,43736,152045,INF174V01BQ4,--,--,--,--,--,--,64,30.28%,18.52%,51.80%,2.36,20.82,1,1,1,1,1,5,High Risk,N/A,N/A,N/A,N/A,46.04,22.47,14.37,10.42,15.47,13.24
Motilal Oswal Business Cycle Dir,Direct,Solution: Retirement - Equity,44480,152796,INF247L01DG6,--,--,--,--,--,--,22,63.21%,40.59%,67.07%,4.21,36.04,1,1,1,1,1,5,High Risk,N/A,N/A,N/A,N/A,46.19,21.25,N/A,10.42,15.47,N/A
Quant Business Cycle Dir,Direct,Solution: Retirement - Equity,43518,151757,INF966L01BR2,--,--,--,--,--,--,21,74.80%,47.23%,70.10%,2.87,28.88,1,1,1,1,1,5,High Risk,N/A,N/A,N/A,N/A,67.79,14.06,4.08,10.42,15.47,13.24
Sundaram Business Cycle Dir,Direct,Solution: Retirement - Equity,44362,152677,INF903JA1LQ6,--,--,--,--,--,--,43,38.13%,21.62%,68.06%,3.93,31.39,1,1,1,1,1,5,High Risk,N/A,N/A,N/A,N/A,54.95,29.22,N/A,10.42,15.47,N/A
Tata Business Cycle Dir,Direct,Solution: Retirement - Equity,41581,149071,INF277KA1166,2.27,0.98,0.63,14.69,15.35,0.8,51,38.34%,23.89%,62.82%,2.98,26.17,8,6,3,3,2,22,Moderate Risk,N/A,N/A,N/A,N/A,39.35,26.88,N/A,10.42,15.47,N/A
Union Business Cycle Dir,Direct,Solution: Retirement - Equity,44138,152409,INF582M01JQ0,--,--,--,--,--,--,55,33.10%,18.49%,62.32%,3.5,25.26,1,1,1,1,1,5,High Risk,N/A,N/A,N/A,N/A,33.44,15.56,N/A,10.42,15.47,N/A
Axis Innovation Dir,Direct,Solution: Retirement - Hybrid,41225,148634,INF846K01X71,3.13,0.77,0.69,12.52,14.7,0.92,71,31.18%,18.67%,64.27%,6.11,52.37,10,8,4,5,2,29,Low Risk,N/A,N/A,N/A,N/A,97.03,17.84,12.93,10.42,15.47,13.24
Bandhan Innovation Dir,Direct,Solution: Retirement - Hybrid,44247,152607,INF194KB1IE2,--,--,--,--,--,--,73,32.42%,21.24%,49.01%,4.53,38.62,1,1,1,1,1,5,High Risk,N/A,N/A,N/A,N/A,42.59,26.13,N/A,10.42,15.47,N/A
Baroda BNP Paribas Innovation Dir,Direct,Solution: Retirement - Hybrid,44102,152470,INF251K01TE1,--,--,--,--,--,--,44,35.90%,20.00%,56.91%,5.9,47.49,1,1,1,1,1,5,High Risk,N/A,N/A,N/A,N/A,69.1,25.66,16.67,10.42,15.47,13.24
HDFC Innovation Dir,Direct,Solution: Retirement - Hybrid,45275,153620,INF179KC1JO7,--,--,--,--,--,--,59,42.37%,26.72%,55.11%,5.5,46.55,1,1,1,1,1,5,High Risk,N/A,N/A,N/A,N/A,146.89,51.02,28.38,10.42,15.47,13.24
ICICI Pru Innovation Dir,Direct,Solution: Retirement - Hybrid,43444,151580,INF109KC12T2,--,--,--,--,--,--,60,32.59%,18.96%,53.02%,3.73,19.3,1,1,1,1,1,5,High Risk,N/A,N/A,N/A,N/A,131.86,27.24,19.19,10.42,15.47,13.24
Kotak Pioneer Dir*,Direct,Solution: Retirement - Hybrid,40376,147727,INF174KA1EZ1,6.46,0.89,0.89,14.51,18.92,1.05,49,30.33%,17.83%,41.78%,5.12,40.52,12,10,3,4,2,31,Low Risk,N/A,N/A,N/A,N/A,42.45,11.99,9.16,10.42,15.47,13.24
Mahindra Manulife Innovation Opportunities Dir,Direct,Solution: Retirement - Hybrid,45737,154121,INF174V01DA4,--,--,--,--,--,--,40,33.22%,19.15%,56.34%,4.55,38.21,1,1,1,1,1,5,High Risk,N/A,N/A,N/A,N/A,80.92,23.33,7.57,10.42,15.47,13.24
Motilal Oswal Innovation Opportunities Dir,Direct,Solution: Retirement - Hybrid,44902,153258,INF247L01EJ8,--,--,--,--,--,--,28,41.74%,22.55%,63.06%,4.68,36.96,1,1,1,1,1,5,High Risk,N/A,N/A,N/A,N/A,53.66,23.28,15.52,10.42,15.47,13.24
Nippon India Innovation Dir,Direct,Solution: Retirement - Hybrid,43721,152033,INF204KC1BO3,--,--,--,--,--,--,49,37.36%,20.03%,59.78%,4.5,28.77,1,1,1,1,1,5,High Risk,N/A,N/A,N/A,N/A,75.55,16.12,2.68,10.42,15.47,13.24
SBI Innovative Opportunities Dir,Direct,Solution: Retirement - Hybrid,44459,152776,INF200KB1324,--,--,--,--,--,--,37,46.31%,28.68%,65.77%,5.02,39.92,1,1,1,1,1,5,High Risk,N/A,N/A,N/A,N/A,49.67,29.99,11.56,10.42,15.47,13.24
Tata India Innovation Dir,Direct,Solution: Retirement - Hybrid,44716,153055,INF277KA1CU2,--,--,--,--,--,--,61,35.22%,20.60%,57.32%,3.55,26.05,1,1,1,1,1,5,High Risk,N/A,N/A,N/A,N/A,38.36,17.49,13.03,10.42,15.47,13.24
Union Innovation & Opportunities Dir,Direct,Solution: Retirement - Hybrid,43670,151905,INF582M01JE6,--,--,--,--,--,--,50,35.33%,20.43%,61.71%,4.8,49.09,1,1,1,1,1,5,High Risk,N/A,N/A,N/A,N/A,48.99,15.26,4.24,10.42,15.47,13.24
UTI Innovation Dir,Direct,Solution: Retirement - Hybrid,43799,152087,INF789F1AZA4,--,--,--,--,--,--,28,58.70%,36.73%,84.32%,4.01,48.54,1,1,1,1,1,5,High Risk,N/A,N/A,N/A,N/A,23.83,22.51,9.96,10.42,15.47,13.24
360 ONE Quant Dir,Direct,Solution: Children - Equity,41830,149318,INF579M01AI2,6.46,1.19,0.83,18,21.05,0.95,37,34.40%,18.15%,61.50%,5.11,25.47,12,10,2,1,2,27,Low Risk,N/A,N/A,N/A,N/A,47.97,22.92,N/A,10.42,15.47,N/A
ABSL Quant Dir,Direct,Solution: Children - Equity,44378,152684,INF209KC1118,--,--,--,--,--,--,42,40.73%,21.84%,63.02%,3.08,20.4,1,1,1,1,1,5,High Risk,N/A,N/A,N/A,N/A,70.98,22.5,11.16,10.42,15.47,13.24
Axis Quant Dir,Direct,Solution: Children - Equity,41529,148993,INF846K01Z87,-1.75,1.05,0.37,16,11.88,0.43,54,30.36%,17.91%,51.47%,2.46,13.96,4,4,3,3,1,15,Moderately High Risk,N/A,N/A,N/A,N/A,90.77,24.9,11.37,10.42,15.47,13.24
DSP Quant Dir,Direct,Solution: Children - Equity,39945,147306,INF740KA1NQ6,-2.86,0.9,0.26,13.86,9.64,0.33,41,35.24%,20.98%,58.94%,4.26,23.41,2,2,4,4,1,13,Moderately High Risk,N/A,N/A,N/A,N/A,74.13,23.67,8.66,10.42,15.47,13.24
ICICI Pru Quant Dir,Direct,Solution: Children - Equity,41206,148600,INF109KC1O66,1.7,0.84,0.61,12.71,13.82,0.74,53,40.08%,22.95%,65.78%,4.11,20.64,8,6,4,5,1,24,Moderate Risk,N/A,N/A,N/A,N/A,36.22,17.71,8.14,10.42,15.47,13.24
Kotak Quant Dir,Direct,Solution: Children - Equity,43641,151881,INF174KA1OL0,--,--,--,--,--,--,59,31.09%,17.51%,54.17%,3.47,21.84,1,1,1,1,1,5,High Risk,N/A,N/A,N/A,N/A,26,12.06,10.01,10.42,15.47,13.24
Motilal Oswal Quant Dir,Direct,Solution: Children - Equity,44386,152694,INF247L01CS3,--,--,--,--,--,--,30,47.65%,25.58%,62.47%,3.21,14.88,1,1,1,1,1,5,High Risk,N/A,N/A,N/A,N/A,40.09,29.69,N/A,10.42,15.47,N/A
Nippon India Quant Dir,Direct,Solution: Children - Equity,16155,118769,INF204K01J34,4.07,0.98,0.76,14.78,17.19,0.95,34,47.57%,29.70%,59.09%,3.28,20.56,10,8,3,3,2,26,Moderate Risk,N/A,N/A,N/A,N/A,84.96,28.83,N/A,10.42,15.47,N/A
Quant Quantamental Dir,Direct,Solution: Children - Equity,41450,148925,INF966L01AK9,3.65,1.06,0.67,16.9,17.35,0.97,28,64.72%,40.69%,64.71%,2.75,25.43,10,8,3,2,2,25,Moderate Risk,N/A,N/A,N/A,N/A,23.92,14.38,10.98,10.42,15.47,13.24
SBI Quant Dir,Direct,Solution: Children - Equity,44804,153154,INF200KB1506,--,--,--,--,--,--,29,56.37%,31.79%,77.56%,2.8,15.6,1,1,1,1,1,5,High Risk,N/A,N/A,N/A,N/A,41.47,21.34,15.62,10.42,15.47,13.24
UTI Quant Dir,Direct,Solution: Children - Equity,44865,153204,INF789F1AA98,--,--,--,--,--,--,86,37.10%,19.75%,57.09%,4.81,24.01,1,1,1,1,1,5,High Risk,N/A,N/A,N/A,N/A,57.91,17.91,14.15,10.42,15.47,13.24
360 ONE Flexicap Dir,Direct,Solution: Children - Debt,43547,151796,INF579M01AS1,--,--,--,--,--,--,49,35.67%,20.33%,65.79%,4.09,25.67,1,1,1,1,1,5,High Risk,N/A,N/A,N/A,N/A,55.91,29.83,N/A,10.42,15.47,N/A
360 ONE Focused Dir,Direct,Solution: Children - Debt,28458,131580,INF579M01902,0.06,0.92,0.48,13.95,12.74,0.6,30,50.36%,30.45%,72.14%,4.14,25.07,6,4,4,4,1,19,Moderately High Risk,N/A,N/A,N/A,N/A,56.54,22.5,1.34,10.42,15.47,13.24
Abakkus Flexi Cap Dir,Direct,Solution: Children - Debt,45683,154043,INF2JJD01136,--,--,--,--,--,--,44,32.03%,19.27%,55.63%,2.96,22.32,1,1,1,1,1,5,High Risk,N/A,N/A,N/A,N/A,68.97,21.79,8.67,10.42,15.47,13.24
ABSL Bal Bhavishya Yojna Dir,Direct,Solution: Children - Debt,38821,146407,INF209KB1E84,0.16,0.94,0.49,14.22,12.99,0.61,71,32.68%,20.80%,53.63%,2.98,23.65,6,4,3,4,1,18,Moderately High Risk,N/A,N/A,N/A,N/A,37.7,21.33,N/A,10.42,15.47,N/A
ABSL BSE 500 Momentum 50 Index Fund Dir,Direct,Solution: Children - Debt,45377,153736,INF209KC1589,--,--,--,--,--,--,50,N/A,N/A,N/A,N/A,15.64,1,1,1,1,1,5,High Risk,N/A,N/A,N/A,N/A,30.26,7.79,3.23,10.42,15.47,13.24
ABSL BSE 500 Quality 50 Index Dir,Direct,Solution: Children - Debt,45381,153740,INF209KC1613,--,--,--,--,--,--,50,40.98%,20.96%,59.55%,7.65,22.31,1,1,1,1,1,5,High Risk,N/A,N/A,N/A,N/A,N/A,N/A,N/A,N/A,N/A,N/A
ABSL Flexi Cap Dir,Direct,Solution: Children - Debt,15741,120564,INF209K01XX1,3.02,0.95,0.7,14.03,15.91,0.89,78,31.98%,20.25%,59.33%,3.5,25.24,10,8,3,4,2,27,Low Risk,N/A,N/A,N/A,N/A,51.13,29.76,17.85,10.42,15.47,13.24
ABSL Focused Dir,Direct,Solution: Children - Debt,15883,119564,INF209K01WE3,2.26,0.91,0.65,13.62,14.86,0.87,31,46.80%,27.33%,61.97%,3.27,24.27,8,8,4,4,2,26,Moderate Risk,N/A,N/A,N/A,N/A,37.19,6.65,N/A,10.42,15.47,N/A
ABSL Retirement 30s Dir,Direct,Solution: Children - Debt,39181,146575,INF209KB1I23,1.84,0.94,0.6,14.35,14.66,0.77,74,24.36%,13.75%,53.10%,3.48,24.63,8,6,3,4,1,22,Moderate Risk,N/A,N/A,N/A,N/A,100.93,18.29,N/A,10.42,15.47,N/A
Angel One Nifty Total Market ETF,Direct,Solution: Children - Debt,44964,153332,INF1J2R01015,--,--,--,--,--,--,751,30.57%,21.28%,53.25%,2.97,20.44,1,1,1,1,1,5,High Risk,N/A,N/A,N/A,N/A,68.23,32.12,N/A,10.42,15.47,N/A
Angel One Nifty Total Market Index Dir,Direct,Solution: Children - Debt,44963,153330,INF1J2R01023,--,--,--,--,--,--,751,30.50%,21.23%,53.12%,3.14,21.34,1,1,1,1,1,5,High Risk,N/A,N/A,N/A,N/A,10.07,9.41,N/A,10.42,15.47,N/A
Angel One Nifty Total Market Momentum Quality 50 ETF,Direct,Solution: Children - Debt,45605,153957,INF1J2R01148,--,--,--,--,--,--,50,48.57%,26.19%,69.61%,5.95,28.19,1,1,1,1,1,5,High Risk,N/A,N/A,N/A,N/A,19.67,16.22,N/A,10.42,15.47,N/A
Angel One Nifty Total Market Momentum Quality 50 Index Dir,Direct,Solution: Children - Debt,45607,153956,INF1J2R01122,--,--,--,--,--,--,50,48.71%,26.24%,69.86%,5.54,27.38,1,1,1,1,1,5,High Risk,N/A,N/A,N/A,N/A,54.46,40.11,N/A,10.42,15.47,N/A
Axis Flexi Cap Dir,Direct,Solution: Children - Debt,34711,141925,INF846K01B28,0.31,0.97,0.5,14.73,13.33,0.58,60,40.48%,24.27%,56.98%,4.35,30.28,6,6,3,3,1,19,Moderately High Risk,N/A,N/A,N/A,N/A,50.03,48.23,N/A,10.42,15.47,N/A
Axis Focused Dir,Direct,Solution: Children - Debt,15684,120468,INF846K01CQ8,-2.3,0.92,0.3,14.49,10.41,0.42,28,48.57%,28.44%,55.78%,4.51,29.48,2,2,3,4,1,12,High Risk,N/A,N/A,N/A,N/A,34.78,27.45,N/A,10.42,15.47,N/A
Axis Nifty 500 Index Dir,Direct,Solution: Children - Debt,44413,152731,INF846K019W9,--,--,--,--,--,--,501,31.59%,21.98%,53.95%,3.15,21.12,1,1,1,1,1,5,High Risk,N/A,N/A,N/A,N/A,53.08,34.69,N/A,10.42,15.47,N/A
Axis Nifty500 Momentum 50 Index Dir,Direct,Solution: Children - Debt,44905,153244,INF846KA1044,--,--,--,--,--,--,50,44.54%,24.34%,75.37%,4.37,26.75,1,1,1,1,1,5,High Risk,N/A,N/A,N/A,N/A,44.76,N/A,N/A,10.42,N/A,N/A
Axis Nifty500 Quality 50 Index Dir,Direct,Solution: Children - Debt,45468,153829,INF846KA1200,--,--,--,--,--,--,50,38.54%,22.41%,61.28%,7.29,23.31,1,1,1,1,1,5,High Risk,N/A,N/A,N/A,N/A,40.39,29.64,17.78,10.42,15.47,13.24
Bajaj Finserv Flexi Cap Dir,Direct,Solution: Children - Debt,43653,151895,INF0QA701342,--,--,--,--,--,--,58,35.54%,20.15%,57.08%,3.87,27.71,1,1,1,1,1,5,High Risk,N/A,N/A,N/A,N/A,56.6,34.63,19.99,10.42,15.47,13.24
Bandhan Flexi Cap Dir,Direct,Solution: Children - Debt,16501,118424,INF194K01W62,1.28,0.87,0.58,13.12,13.61,0.7,94,37.97%,25.29%,58.18%,3.01,21.81,6,6,4,4,1,21,Moderate Risk,N/A,N/A,N/A,N/A,49.95,22.72,N/A,10.42,15.47,N/A
Bandhan Focused Dir,Direct,Solution: Children - Debt,16507,118421,INF194K01W21,3.67,0.94,0.68,15.48,16.49,0.87,29,54.05%,32.31%,66.71%,2.25,15.97,10,8,3,4,2,27,Low Risk,N/A,N/A,N/A,N/A,34.16,23.81,16.05,10.42,15.47,13.24
Bandhan Nifty 500 Momentum 50 Index Dir,Direct,Solution: Children - Debt,44630,153003,INF194KB1IY0,--,--,--,--,--,--,50,44.64%,24.39%,75.58%,4.37,26.75,1,1,1,1,1,5,High Risk,N/A,N/A,N/A,N/A,40.46,29.83,N/A,10.42,15.47,N/A
Bandhan Nifty Alpha 50 Index Dir,Direct,Solution: Children - Debt,43864,152177,INF194KB1HA2,--,--,--,--,--,--,50,32.42%,18.42%,78.06%,3.15,20,1,1,1,1,1,5,High Risk,N/A,N/A,N/A,N/A,34.21,23.93,N/A,10.42,15.47,N/A
Bandhan Nifty Total Mkt Index Dir,Direct,Solution: Children - Debt,44403,152716,INF194KB1IK9,--,--,--,--,--,--,750,30.50%,21.22%,53.17%,3.14,21.34,1,1,1,1,1,5,High Risk,N/A,N/A,N/A,N/A,38.23,16.26,4.83,10.42,15.47,13.24
Bank of India Flexi Cap Dir,Direct,Solution: Children - Debt,41018,148404,INF761K01FF5,6.56,1.08,0.81,17.8,20.41,1.14,58,31.88%,18.45%,56.27%,3.13,20.69,12,10,2,2,2,28,Low Risk,N/A,N/A,N/A,N/A,45.14,19.53,9.18,10.42,15.47,13.24
Baroda BNP Paribas Children's Dir,Direct,Solution: Children - Debt,44780,153171,INF251K01UE9,--,--,--,--,--,--,52,31.04%,19.39%,56.91%,3.74,26.79,1,1,1,1,1,5,High Risk,N/A,N/A,N/A,N/A,275.37,54.33,N/A,10.42,15.47,N/A
Baroda BNP Paribas Flexi Cap Dir,Direct,Solution: Children - Debt,42312,150387,INF251K01QZ2,1.16,1,0.55,15.1,14.39,0.65,43,32.58%,18.56%,58.45%,3.06,24.8,6,6,3,3,1,19,Moderately High Risk,N/A,N/A,N/A,N/A,13.37,18.71,9.5,10.42,15.47,13.24
Baroda BNP Paribas Focused Dir,Direct,Solution: Children - Debt,34653,150264,INF251K01PN0,-1.31,1.09,0.39,16.62,12.56,0.47,27,51.98%,30.49%,62.71%,3.2,25.76,4,4,3,2,1,14,Moderately High Risk,N/A,N/A,N/A,N/A,60.43,26.22,4.22,10.42,15.47,13.24
Canara Robeco Flexi Cap Dir,Direct,Solution: Children - Debt,16588,118275,INF760K01EF0,0.35,0.93,0.51,13.86,13.12,0.61,72,38.76%,24.99%,56.71%,4.12,27.55,6,6,4,4,1,21,Moderate Risk,N/A,N/A,N/A,N/A,23.54,17.95,6.41,10.42,15.47,13.24
Canara Robeco Focused Dir,Direct,Solution: Children - Debt,41458,148883,INF760K01JQ6,2.01,0.93,0.62,14.06,14.76,0.74,30,48.41%,29.07%,58.14%,4.05,28.55,8,6,3,4,1,22,Moderate Risk,N/A,N/A,N/A,N/A,32.14,14.31,N/A,10.42,15.47,N/A
Capitalmind Flexi Cap Dir,Direct,Solution: Children - Debt,45313,153738,INF226401018,--,--,--,--,--,--,35,27.64%,15.15%,42.53%,2.72,16.92,1,1,1,1,1,5,High Risk,N/A,N/A,N/A,N/A,47.85,27.77,16.64,10.42,15.47,13.24
DSP Flexi Cap Dir,Direct,Solution: Children - Debt,16386,119076,INF740K01PI2,1.5,0.99,0.58,14.97,14.69,0.73,65,40.89%,27.76%,63.70%,3.13,20.69,8,6,3,3,1,21,Moderate Risk,N/A,N/A,N/A,N/A,29.96,17.96,11.12,10.42,15.47,13.24
DSP Focused Dir,Direct,Solution: Children - Debt,16388,119096,INF740K01OB0,3.26,0.98,0.68,15.19,16.38,0.9,28,48.30%,29.99%,61.00%,3.12,19.82,10,8,3,3,2,26,Moderate Risk,N/A,N/A,N/A,N/A,11.43,N/A,N/A,10.42,N/A,N/A
DSP Nifty500 Flexicap Quality 30 ETF,Direct,Solution: Children - Debt,45521,153874,INF740KA1WU9,--,--,--,--,--,--,30,66.55%,33.53%,68.14%,5.68,25.82,1,1,1,1,1,5,High Risk,N/A,N/A,N/A,N/A,35.78,N/A,N/A,10.42,N/A,N/A
DSP Nifty500 Flexicap Quality 30 Index Dir,Direct,Solution: Children - Debt,45446,153801,INF740KA1WR5,--,--,--,--,--,--,30,66.36%,33.43%,67.95%,6.74,23.4,1,1,1,1,1,5,High Risk,N/A,N/A,N/A,N/A,21.49,22.39,16.64,10.42,15.47,13.24
DSP Nifty 500 Index Dir,Direct,Solution: Children - Debt,45719,154088,INF740KA1XY9,--,--,--,--,--,--,500,30.69%,21.31%,52.73%,3.16,21.19,1,1,1,1,1,5,High Risk,N/A,N/A,N/A,N/A,N/A,N/A,N/A,N/A,N/A,N/A
Edelweiss Flexi Cap Dir,Direct,Solution: Children - Debt,29263,140353,INF843K01KK1,3.48,1,0.72,14.9,16.71,0.85,85,32.77%,20.96%,54.63%,3.18,23.21,10,8,3,3,2,26,Moderate Risk,N/A,N/A,N/A,N/A,13.8,N/A,N/A,10.42,N/A,N/A
Edelweiss Focused Dir,Direct,Solution: Children - Debt,42298,150376,INF754K01OP1,2.05,1,0.62,15.02,15.27,0.69,30,51.15%,29.12%,60.35%,3.39,25.36,8,6,3,3,1,21,Moderate Risk,N/A,N/A,N/A,N/A,14.79,14.36,N/A,10.42,15.47,N/A
Franklin India Flexi Cap Dir,Direct,Solution: Children - Debt,16008,118535,INF090I01FK3,2.48,0.94,0.66,14,15.3,0.8,54,43.51%,27.13%,55.92%,3.09,23.36,8,8,4,4,2,26,Moderate Risk,N/A,N/A,N/A,N/A,N/A,N/A,N/A,N/A,N/A,N/A
Franklin India Focused Equity Dir,Direct,Solution: Children - Debt,15990,118564,INF090I01IW2,0.4,0.9,0.5,13.7,12.92,0.58,28,59.16%,35.71%,64.20%,3.2,23.37,6,6,4,4,1,21,Moderate Risk,N/A,N/A,N/A,N/A,N/A,N/A,N/A,N/A,N/A,N/A
Groww Nifty 500 Low Volatility 50 ETF,Direct,Solution: Children - Debt,45217,153583,INF666M01LB9,--,--,--,--,--,--,50,43.84%,24.38%,48.37%,3.76,23,1,1,1,1,1,5,High Risk,N/A,N/A,N/A,N/A,N/A,N/A,N/A,N/A,N/A,N/A
Groww Nifty 500 Momentum 50 ETF,Direct,Solution: Children - Debt,45094,153452,INF666M01KJ4,--,--,--,--,--,--,50,44.63%,24.40%,75.65%,3.74,25.59,1,1,1,1,1,5,High Risk,N/A,N/A,N/A,N/A,N/A,N/A,N/A,N/A,N/A,N/A
Groww Nifty 500 Momentum 50 ETF FoF Dir,Direct,Solution: Children - Debt,45097,153453,INF666M01JX7,--,--,--,--,--,--,N/A,N/A,N/A,N/A,N/A,N/A,1,1,1,1,1,5,High Risk,N/A,N/A,N/A,N/A,N/A,N/A,N/A,N/A,N/A,N/A
Groww Nifty Total Market Index Dir,Direct,Solution: Children - Debt,43806,152092,INF666M01HM4,--,--,--,--,--,--,752,30.66%,21.34%,53.44%,3.13,21.27,1,1,1,1,1,5,High Risk,N/A,N/A,N/A,N/A,25.89,N/A,N/A,10.42,N/A,N/A
HDFC BSE 500 ETF,Direct,Solution: Children - Debt,43117,151376,INF179KC1EZ4,-0.32,1,0.47,14.62,12.92,0.57,500,32.26%,22.38%,53.79%,2.98,20.32,4,4,3,3,1,15,Moderately High Risk,N/A,N/A,N/A,N/A,N/A,N/A,N/A,N/A,N/A,N/A
HDFC BSE 500 Index Dir,Direct,Solution: Children - Debt,43477,151728,INF179KC1GG9,--,--,--,--,--,--,500,32.20%,22.34%,53.67%,3.1,20.74,1,1,1,1,1,5,High Risk,N/A,N/A,N/A,N/A,19.34,20.48,12.78,10.42,15.47,13.24
HDFC Diversified Equity All Cap Active FoF Dir,Direct,Solution: Children - Debt,45485,153860,INF179KC1JU4,--,--,--,--,--,--,N/A,N/A,N/A,N/A,N/A,N/A,1,1,1,1,1,5,High Risk,N/A,N/A,N/A,N/A,N/A,N/A,N/A,N/A,N/A,N/A
HDFC Flexi Cap Dir,Direct,Solution: Children - Debt,16026,118955,INF179K01UT0,5.55,0.84,0.91,12.75,17.67,1.05,59,47.24%,31.37%,64.22%,2.96,21.27,12,10,4,5,2,33,Low Risk,N/A,N/A,N/A,N/A,12.06,27.73,20.19,10.42,15.47,13.24
HDFC Focused Dir,Direct,Solution: Children - Debt,16021,118950,INF179K01VK7,5.49,0.82,0.91,12.45,17.4,0.96,29,55.48%,36.41%,75.10%,3.04,21.15,12,10,4,5,2,33,Low Risk,N/A,N/A,N/A,N/A,N/A,N/A,N/A,N/A,N/A,N/A
HDFC Retirement Savings Equity Dir,Direct,Solution: Children - Debt,31780,136094,INF179KB1MF0,1.4,0.89,0.59,13.23,13.86,0.71,74,41.13%,26.14%,55.48%,2.84,20.14,6,6,4,4,1,21,Moderate Risk,N/A,N/A,N/A,N/A,N/A,N/A,N/A,N/A,N/A,N/A
Helios Flexi Cap Dir,Direct,Solution: Children - Debt,43839,152135,INF0R8701046,--,--,--,--,--,--,64,37.79%,23.25%,66.34%,3.71,27.36,1,1,1,1,1,5,High Risk,N/A,N/A,N/A,N/A,N/A,N/A,N/A,N/A,N/A,N/A
HSBC Flexi Cap Dir,Direct,Solution: Children - Debt,16320,120046,INF336L01DH5,2.23,1.04,0.62,15.74,15.74,0.74,78,27.61%,16.88%,56.88%,2.92,23.52,8,6,3,3,1,21,Moderate Risk,N/A,N/A,N/A,N/A,N/A,N/A,N/A,N/A,N/A,N/A
HSBC Focused Dir,Direct,Solution: Children - Debt,41022,148411,INF336L01PB2,1.8,1.01,0.57,15.82,15.09,0.64,28,52.61%,30.64%,64.47%,3.71,27.1,8,6,3,3,1,21,Moderate Risk,N/A,N/A,N/A,N/A,N/A,N/A,N/A,N/A,N/A,N/A
ICICI Pru BSE 500 ETF,Direct,Solution: Children - Debt,36037,143247,INF109KC1V59,-0.33,1,0.47,14.62,12.91,0.57,500,32.26%,22.38%,53.75%,2.97,20.31,4,4,3,3,1,15,Moderately High Risk,N/A,N/A,N/A,N/A,35.86,N/A,N/A,10.42,N/A,N/A
ICICI Pru BSE 500 ETF FOF Dir,Direct,Solution: Children - Debt,41852,149331,INF109KC1V91,-0.58,0.98,0.45,14.44,12.56,0.54,N/A,N/A,N/A,N/A,N/A,N/A,4,4,3,3,1,15,Moderately High Risk,N/A,N/A,N/A,N/A,35.54,N/A,N/A,10.42,N/A,N/A
ICICI Pru Diversified Equity All Cap Active FoF Dir,Direct,Solution: Children - Debt,45888,154266,INF109K1A468,--,--,--,--,--,--,N/A,N/A,N/A,N/A,N/A,N/A,1,1,1,1,1,5,High Risk,N/A,N/A,N/A,N/A,N/A,N/A,N/A,N/A,N/A,N/A
ICICI Pru Diversified Equity All Cap Omni FoF Dir*,Direct,Solution: Children - Debt,40662,148035,INF109KC1I49,4.38,0.91,0.81,13.63,17,1,N/A,N/A,N/A,N/A,N/A,N/A,10,10,4,4,2,30,Low Risk,N/A,N/A,N/A,N/A,N/A,N/A,N/A,N/A,N/A,N/A
ICICI Pru Flexicap Dir,Direct,Solution: Children - Debt,41525,148990,INF109KC1R14,3.39,0.95,0.7,14.62,16.31,0.77,75,46.55%,32.15%,69.49%,4.5,31.18,10,8,3,4,1,26,Moderate Risk,N/A,N/A,N/A,N/A,N/A,N/A,N/A,N/A,N/A,N/A
ICICI Pru Focused Equity Dir,Direct,Solution: Children - Debt,17412,120722,INF109K018N2,5.8,0.97,0.87,14.71,18.82,1.07,30,43.97%,27.45%,63.27%,3.76,18.58,12,10,3,3,2,30,Low Risk,N/A,N/A,N/A,N/A,N/A,N/A,N/A,N/A,N/A,N/A
ICICI Pru Nifty 500 Index Dir,Direct,Solution: Children - Debt,44820,153161,INF109KC16Y3,--,--,--,--,--,--,500,30.53%,21.25%,52.18%,3.16,21.19,1,1,1,1,1,5,High Risk,N/A,N/A,N/A,N/A,N/A,N/A,N/A,N/A,N/A,N/A
ICICI Pru Retirement Pure Equity Dir,Direct,Solution: Children - Debt,39055,146349,INF109KC1TS2,9.51,1.02,1.08,15.55,22.89,1.45,98,28.82%,17.75%,48.34%,3.78,29.85,12,12,3,3,2,32,Low Risk,N/A,N/A,N/A,N/A,33,N/A,N/A,10.42,N/A,N/A
Invesco India Flexi Cap Dir,Direct,Solution: Children - Debt,42014,149763,INF205KA1494,3.81,1.02,0.69,16.12,17.22,0.76,63,34.18%,20.37%,64.64%,5.18,34.72,10,8,3,3,1,25,Moderate Risk,N/A,N/A,N/A,N/A,9.24,17.22,16.18,10.42,15.47,13.24
Invesco India Focused Dir,Direct,Solution: Children - Debt,41096,148481,INF205KA1213,5.99,0.98,0.81,16.25,19.11,1.14,20,61.15%,36.90%,74.10%,5.11,32.42,12,10,3,3,2,30,Low Risk,N/A,N/A,N/A,N/A,9.46,9.73,N/A,10.42,15.47,N/A
ITI Flexi Cap Dir,Direct,Solution: Children - Debt,43120,151379,INF00XX01CO7,5.37,1.06,0.8,16.4,19.07,0.96,74,30.17%,19.88%,53.44%,3.42,23.84,12,10,3,2,2,29,Low Risk,N/A,N/A,N/A,N/A,-2.82,N/A,N/A,10.42,N/A,N/A
ITI Focused Dir,Direct,Solution: Children - Debt,43534,151777,INF00XX01CS8,--,--,--,--,--,--,31,46.22%,26.62%,53.83%,3.52,25.15,1,1,1,1,1,5,High Risk,N/A,N/A,N/A,N/A,17.01,N/A,N/A,10.42,N/A,N/A
JioBlackRock Flexi Cap Dir,Direct,Solution: Children - Debt,45482,153859,INF22M001093,--,--,--,--,--,--,107,39.79%,25.66%,55.06%,2.93,18.66,1,1,1,1,1,5,High Risk,N/A,N/A,N/A,N/A,N/A,N/A,N/A,N/A,N/A,N/A
JM Flexicap Dir,Direct,Solution: Children - Debt,16547,120492,INF192K01CC7,3.65,1.05,0.68,16.57,17.22,0.83,77,29.98%,17.36%,54.47%,2.72,20.23,10,8,3,3,2,26,Moderate Risk,N/A,N/A,N/A,N/A,31.05,21.21,21.38,10.42,15.47,13.24
JM Focused Dir,Direct,Solution: Children - Debt,16539,120488,INF192K01BW7,1.41,1.02,0.55,16.06,14.79,0.68,28,47.01%,25.74%,59.67%,3.96,30.19,6,6,3,3,1,19,Moderately High Risk,N/A,N/A,N/A,N/A,N/A,N/A,N/A,N/A,N/A,N/A
Kotak Flexicap Dir,Direct,Solution: Children - Debt,17140,120166,INF174K01LS2,1.32,0.95,0.57,14.37,14.23,0.67,59,42.60%,25.95%,62.03%,3.04,22.76,6,6,3,4,1,20,Moderate Risk,N/A,N/A,N/A,N/A,9.57,N/A,N/A,10.42,N/A,N/A
Kotak Focused Dir,Direct,Solution: Children - Debt,40098,147473,INF174KA1EN7,2.79,0.93,0.69,13.86,15.53,0.76,29,47.15%,27.04%,65.27%,3.7,25.96,8,8,4,4,1,25,Moderate Risk,N/A,N/A,N/A,N/A,9.98,19.11,17.36,10.42,15.47,13.24
Kotak Nifty500 Momentum 50 Index Dir,Direct,Solution: Children - Debt,45646,154032,INF174KA1YC8,--,--,--,--,--,--,50,44.60%,24.34%,75.58%,4.37,26.75,1,1,1,1,1,5,High Risk,N/A,N/A,N/A,N/A,-11.07,2.52,8.88,10.42,15.47,13.24
Kotak Nifty Alpha 50 ETF,Direct,Solution: Children - Debt,41896,149397,INF174KA1IA5,4.37,1.35,0.63,22.29,20.16,0.81,50,32.32%,18.37%,77.84%,3.38,24.17,10,6,1,1,2,20,Moderate Risk,N/A,N/A,N/A,N/A,10.78,16.85,N/A,10.42,15.47,N/A
Kotak Nifty Alpha 50 Index Dir,Direct,Solution: Children - Debt,45402,153781,INF174KA1XG1,--,--,--,--,--,--,50,32.29%,18.36%,77.73%,3.15,20,1,1,1,1,1,5,High Risk,N/A,N/A,N/A,N/A,13.35,22.76,23.04,10.42,15.47,13.24
LIC MF Children's Dir,Direct,Solution: Children - Debt,17648,120285,INF767K01FB1,-2.95,0.89,0.24,14.12,9.47,0.26,58,24.89%,14.66%,47.95%,3.74,25.8,2,2,3,4,1,12,High Risk,N/A,N/A,N/A,N/A,10.45,16.85,14.53,10.42,15.47,13.24
LIC MF Flexi Cap Dir,Direct,Solution: Children - Debt,16756,120264,INF767K01EG3,-1.3,1,0.38,15.53,11.93,0.44,69,29.58%,18.17%,52.13%,3.36,24.68,4,4,3,3,1,15,Moderately High Risk,N/A,N/A,N/A,N/A,23.76,20.84,N/A,10.42,15.47,N/A
LIC MF Focused Dir,Direct,Solution: Children - Debt,34738,152010,INF397L01KA7,-4.04,0.97,0.2,15.03,8.98,0.24,30,50.58%,29.59%,51.18%,3.38,21.06,2,2,3,3,1,11,High Risk,N/A,N/A,N/A,N/A,-11.68,3.01,N/A,10.42,15.47,N/A
Mahindra Manulife Flexi Cap Dir,Direct,Solution: Children - Debt,41633,149104,INF174V01AS2,1.08,0.95,0.56,14.07,13.95,0.69,70,37.38%,25.23%,55.52%,3.18,25.06,6,6,3,4,1,20,Moderate Risk,N/A,N/A,N/A,N/A,58.21,N/A,N/A,10.42,N/A,N/A
Mahindra Manulife Focused Dir,Direct,Solution: Children - Debt,41169,148567,INF174V01AG7,4.78,0.92,0.81,14.09,17.43,1.02,30,47.89%,28.61%,56.88%,2.37,18.37,10,10,3,4,2,29,Low Risk,N/A,N/A,N/A,N/A,12.05,N/A,N/A,10.42,N/A,N/A
Mirae Asset Flexi Cap Dir,Direct,Solution: Children - Debt,43134,151412,INF769K01JJ2,1.9,0.94,0.62,13.93,14.72,0.75,85,31.26%,21.24%,56.63%,3.41,22.61,8,6,4,4,1,23,Moderate Risk,N/A,N/A,N/A,N/A,N/A,N/A,N/A,N/A,N/A,N/A
Mirae Asset Focused Dir,Direct,Solution: Children - Debt,39823,147206,INF769K01EU0,-5.19,0.92,0.1,14.48,7.48,0.12,28,52.33%,33.35%,60.03%,3.5,24.87,1,2,3,4,1,11,High Risk,N/A,N/A,N/A,N/A,9.24,N/A,N/A,10.42,N/A,N/A
Mirae Asset Nifty Total Market Index Dir,Direct,Solution: Children - Debt,44601,152968,INF769K01MD9,--,--,--,--,--,--,750,30.54%,21.25%,53.20%,3.14,21.34,1,1,1,1,1,5,High Risk,N/A,N/A,N/A,N/A,N/A,N/A,N/A,N/A,N/A,N/A
Motilal Oswal BSE 1000 Index Dir,Direct,Solution: Children - Debt,45219,153596,INF247L01FM9,--,--,--,--,--,--,1,30.48%,21.15%,51.96%,3.05,20.99,1,1,1,1,1,5,High Risk,N/A,N/A,N/A,N/A,N/A,N/A,N/A,N/A,N/A,N/A
Motilal Oswal Diversified Equity Flexicap Passive FoF Dir,Direct,Solution: Children - Debt,45729,154112,INF247L01GL9,--,--,--,--,--,--,N/A,N/A,N/A,N/A,N/A,N/A,1,1,1,1,1,5,High Risk,N/A,N/A,N/A,N/A,1.71,N/A,N/A,10.42,N/A,N/A
Motilal Oswal Flexi Cap Dir,Direct,Solution: Children - Debt,26125,129046,INF247L01502,5.71,0.98,0.75,17.05,18.83,0.99,26,53.09%,31.48%,71.58%,4.12,31.58,12,8,2,3,2,27,Low Risk,N/A,N/A,N/A,N/A,N/A,N/A,N/A,N/A,N/A,N/A
Motilal Oswal Focused Dir,Direct,Solution: Children - Debt,19514,122389,INF247L01189,-3.13,1.03,0.24,17.93,10.35,0.3,29,40.85%,22.13%,55.35%,4.55,42.03,2,2,2,3,1,10,High Risk,N/A,N/A,N/A,N/A,N/A,N/A,N/A,N/A,N/A,N/A
Motilal Oswal Nifty 500 ETF,Direct,Solution: Children - Debt,43812,152106,INF247L01BU1,--,--,--,--,--,--,501,31.75%,22.10%,54.26%,3,20.29,1,1,1,1,1,5,High Risk,N/A,N/A,N/A,N/A,22.76,N/A,N/A,10.42,N/A,N/A
Motilal Oswal Nifty 500 Index Dir,Direct,Solution: Children - Debt,40240,147625,INF247L01957,0.01,1,0.49,14.63,13.25,0.6,501,31.74%,22.09%,54.26%,3.15,21.12,6,4,3,3,1,17,Moderately High Risk,N/A,N/A,N/A,N/A,-16.28,N/A,N/A,10.42,N/A,N/A
Motilal Oswal Nifty 500 Momentum 50 ETF,Direct,Solution: Children - Debt,44555,152874,INF247L01DK8,--,--,--,--,--,--,50,44.68%,24.41%,75.68%,3.74,25.59,1,1,1,1,1,5,High Risk,N/A,N/A,N/A,N/A,N/A,N/A,N/A,N/A,N/A,N/A
Motilal Oswal Nifty 500 Momentum 50 Index Dir,Direct,Solution: Children - Debt,44554,152875,INF247L01DL6,--,--,--,--,--,--,50,44.67%,24.41%,75.65%,4.37,26.75,1,1,1,1,1,5,High Risk,N/A,N/A,N/A,N/A,N/A,N/A,N/A,N/A,N/A,N/A
Motilal Oswal Nifty Alpha 50 ETF,Direct,Solution: Children - Debt,45363,153724,INF247L01FR8,--,--,--,--,--,--,50,32.36%,18.40%,77.86%,3.38,24.17,1,1,1,1,1,5,High Risk,N/A,N/A,N/A,N/A,14.13,N/A,N/A,10.42,N/A,N/A
Navi Flexi Cap Dir,Direct,Solution: Children - Debt,36686,143793,INF959L01DT9,-0.61,0.96,0.43,14.67,12.37,0.54,65,31.57%,19.04%,60.91%,3.24,20.99,4,4,3,3,1,15,Moderately High Risk,N/A,N/A,N/A,N/A,N/A,N/A,N/A,N/A,N/A,N/A
Nippon India Diversified Equity Flexicap Passive FoF Dir,Direct,Solution: Children - Debt,41241,148642,INF204KB16X6,-0.22,1,0.48,14.71,13.03,0.61,N/A,N/A,N/A,N/A,N/A,N/A,4,4,3,3,1,15,Moderately High Risk,N/A,N/A,N/A,N/A,N/A,N/A,N/A,N/A,N/A,N/A
Nippon India Flexi Cap Dir,Direct,Solution: Children - Debt,41616,149094,INF204KC1121,0.73,0.98,0.53,14.77,13.87,0.63,83,34.67%,23.14%,56.46%,3.31,23.26,6,6,3,3,1,19,Moderately High Risk,N/A,N/A,N/A,N/A,3.14,N/A,N/A,10.42,N/A,N/A
Nippon India Focused Dir,Direct,Solution: Children - Debt,16129,118692,INF204K01F95,0.1,0.92,0.48,14.09,12.78,0.64,29,52.33%,32.27%,61.58%,3.14,25.93,6,4,3,4,1,18,Moderately High Risk,N/A,N/A,N/A,N/A,2.18,N/A,N/A,10.42,N/A,N/A
Nippon India Nifty 500 Low Volatility 50 Index Dir,Direct,Solution: Children - Debt,45109,153474,INF204KC1EQ2,--,--,--,--,--,--,50,44.01%,24.45%,48.74%,3.91,20.36,1,1,1,1,1,5,High Risk,N/A,N/A,N/A,N/A,N/A,N/A,N/A,N/A,N/A,N/A
Nippon India Nifty 500 Momentum 50 Index Dir,Direct,Solution: Children - Debt,44558,152881,INF204KC1DG5,--,--,--,--,--,--,50,44.39%,24.24%,75.18%,4.37,26.75,1,1,1,1,1,5,High Risk,N/A,N/A,N/A,N/A,N/A,N/A,N/A,N/A,N/A,N/A
Nippon India Nifty 500 Quality 50 Index Dir,Direct,Solution: Children - Debt,45105,153470,INF204KC1EW0,--,--,--,--,--,--,49,39.07%,22.72%,60.51%,7.25,23.2,1,1,1,1,1,5,High Risk,N/A,N/A,N/A,N/A,58.3,N/A,N/A,10.42,N/A,N/A
Nippon India Retirement Wealth Creation Dir,Direct,Solution: Children - Debt,29291,133568,INF204KA1B72,2.06,0.97,0.62,14.54,15.1,0.74,74,41.79%,26.68%,60.02%,3.25,22.73,8,6,3,3,1,21,Moderate Risk,N/A,N/A,N/A,N/A,N/A,N/A,N/A,N/A,N/A,N/A
NJ Flexi Cap Dir,Direct,Solution: Children - Debt,43714,151917,INF0J8L01156,--,--,--,--,--,--,51,40.90%,23.86%,60.11%,4.27,24.16,1,1,1,1,1,5,High Risk,N/A,N/A,N/A,N/A,25.63,N/A,N/A,10.42,N/A,N/A
Old Bridge Flexi Cap Dir,Direct,Solution: Children - Debt,45846,154225,INF0S5R01133,--,--,--,--,--,--,19,25.60%,14.79%,26.35%,2.66,14.25,1,1,1,1,1,5,High Risk,N/A,N/A,N/A,N/A,N/A,N/A,N/A,N/A,N/A,N/A
Old Bridge Focused Dir,Direct,Solution: Children - Debt,44038,152358,INF0S5R01042,--,--,--,--,--,--,23,47.86%,27.65%,48.99%,2.58,13.8,1,1,1,1,1,5,High Risk,N/A,N/A,N/A,N/A,N/A,N/A,N/A,N/A,N/A,N/A
Parag Parikh Flexi Cap Dir,Direct,Solution: Children - Debt,19701,122639,INF879O01027,6.06,0.62,1.08,9.76,16.55,1.41,43,48.82%,31.26%,53.24%,2.92,16.06,12,12,6,6,2,38,Very Low Risk,N/A,N/A,N/A,N/A,51.06,N/A,N/A,10.42,N/A,N/A
PGIM India Flexi Cap Dir,Direct,Solution: Children - Debt,29473,133839,INF663L01FF1,-1.45,0.9,0.37,13.88,11.11,0.48,78,34.67%,23.78%,56.11%,4.25,27.12,4,4,4,4,1,17,Moderately High Risk,N/A,N/A,N/A,N/A,51.05,N/A,N/A,10.42,N/A,N/A
Quant Flexi Cap Dir,Direct,Solution: Children - Debt,17377,120843,INF966L01911,1.91,1.1,0.56,17.5,15.86,0.89,31,56.17%,35.36%,68.33%,3.19,23.94,8,6,2,2,2,20,Moderate Risk,N/A,N/A,N/A,N/A,36.01,N/A,N/A,10.42,N/A,N/A
Quantum Diversified Equity All Cap Active FoF Dir*,Direct,Solution: Children - Debt,10550,112039,INF082J01093,0.6,0.93,0.53,13.77,13.36,0.61,N/A,N/A,N/A,N/A,N/A,N/A,6,6,4,4,1,21,Moderate Risk,N/A,N/A,N/A,N/A,35.95,N/A,N/A,10.42,N/A,N/A
Samco Flexi Cap Dir,Direct,Solution: Children - Debt,41935,149450,INF0K1H01024,-10.75,1.08,-0.16,18.89,3.09,-0.17,25,48.86%,26.19%,67.24%,5.07,24.39,1,1,2,2,1,7,High Risk,N/A,N/A,N/A,N/A,N/A,N/A,N/A,N/A,N/A,N/A
SBI Flexicap Dir,Direct,Solution: Children - Debt,17514,119718,INF200K01UG1,-1.48,0.89,0.37,13.24,10.95,0.42,69,38.33%,22.00%,64.16%,2.74,20.69,4,4,4,4,1,17,Moderately High Risk,N/A,N/A,N/A,N/A,3.31,N/A,N/A,10.42,N/A,N/A
SBI Focused Dir,Direct,Solution: Children - Debt,16324,119727,INF200K01RJ1,4.7,0.75,0.84,12.02,16.15,1.06,26,47.28%,27.72%,62.08%,3.93,23,10,10,4,6,2,32,Low Risk,N/A,N/A,N/A,N/A,-2.71,N/A,N/A,10.42,N/A,N/A
SBI Nifty 500 Index Dir,Direct,Solution: Children - Debt,44567,152908,INF200KB1381,--,--,--,--,--,--,501,31.77%,22.11%,54.31%,3.15,21.12,1,1,1,1,1,5,High Risk,N/A,N/A,N/A,N/A,N/A,N/A,N/A,N/A,N/A,N/A
SBI Retirement Benefit Aggressive Dir,Direct,Solution: Children - Debt,41271,148683,INF200KA1S55,-2.16,0.93,0.33,13.95,10.58,0.38,53,42.44%,27.21%,60.46%,3.51,26.19,2,2,4,4,1,13,Moderately High Risk,N/A,N/A,N/A,N/A,N/A,N/A,N/A,N/A,N/A,N/A
Shriram Flexi Cap Dir,Direct,Solution: Children - Debt,37581,144905,INF680P01109,-3.14,1.02,0.26,16.49,10.24,0.29,71,37.44%,23.50%,56.11%,3.06,17.87,2,2,3,3,1,11,High Risk,N/A,N/A,N/A,N/A,N/A,N/A,N/A,N/A,N/A,N/A
Sundaram Flexi Cap Dir,Direct,Solution: Children - Debt,42504,150571,INF903JA1LE2,0.18,0.91,0.49,13.71,12.78,0.59,56,41.51%,25.52%,61.96%,2.81,20.4,6,4,4,4,1,19,Moderately High Risk,N/A,N/A,N/A,N/A,16.89,N/A,N/A,10.42,N/A,N/A
Sundaram Focused Dir,Direct,Solution: Children - Debt,16614,149533,INF173K01EK6,-0.07,0.84,0.47,12.77,12,0.57,29,54.01%,32.94%,64.30%,3.94,28.14,4,4,4,5,1,18,Moderately High Risk,N/A,N/A,N/A,N/A,-2.89,N/A,N/A,10.42,N/A,N/A
Tata Children's Dir,Direct,Solution: Children - Debt,16957,119312,INF277K01QW4,-4.38,0.97,0.18,14.64,8.68,0.23,52,38.98%,23.15%,57.46%,2.51,16.83,2,2,3,3,1,11,High Risk,N/A,N/A,N/A,N/A,14.65,N/A,N/A,10.42,N/A,N/A
Tata Flexi Cap Dir,Direct,Solution: Children - Debt,37437,144546,INF277K015K0,2.11,0.87,0.63,13.21,14.39,0.81,56,36.81%,23.58%,54.47%,2.76,21.48,8,6,4,4,2,24,Moderate Risk,N/A,N/A,N/A,N/A,8.56,N/A,N/A,10.42,N/A,N/A
Tata Focused Dir,Direct,Solution: Children - Debt,40405,147757,INF277K017X9,0.64,0.93,0.52,14.1,13.35,0.6,27,49.61%,30.16%,55.85%,2.91,22.16,6,6,3,4,1,20,Moderate Risk,N/A,N/A,N/A,N/A,7.39,N/A,N/A,10.42,N/A,N/A
Tata Retirement Savings Progressive Dir,Direct,Solution: Children - Debt,17020,119251,INF277K01QO1,0.89,0.94,0.53,14.62,13.73,0.66,45,38.62%,22.88%,58.41%,3.75,25.31,6,6,3,4,1,20,Moderate Risk,N/A,N/A,N/A,N/A,26.03,21.41,15.08,10.42,15.47,13.24
Taurus Flexi Cap Dir,Direct,Solution: Children - Debt,16705,118883,INF044D01BU9,-1.35,0.99,0.38,15.03,11.79,0.49,43,49.01%,31.01%,57.22%,2.51,16.67,4,4,3,3,1,15,Moderately High Risk,N/A,N/A,N/A,N/A,5.08,12.01,11.17,10.42,15.47,13.24
The Wealth Company Flexi Cap Dir,Direct,Solution: Children - Debt,45499,153872,INF2F0001040,--,--,--,--,--,--,40,33.49%,19.25%,64.09%,3.52,21.88,1,1,1,1,1,5,High Risk,N/A,N/A,N/A,N/A,N/A,N/A,N/A,N/A,N/A,N/A
TRUST MF Flexi Cap Dir,Direct,Solution: Children - Debt,44271,152584,INF0GCD01743,--,--,--,--,--,--,58,37.81%,23.74%,53.11%,4.02,27.23,1,1,1,1,1,5,High Risk,N/A,N/A,N/A,N/A,-4.33,N/A,N/A,10.42,N/A,N/A
Unifi Flexi Cap Dir,Direct,Solution: Children - Debt,45189,153543,INF1MIY01031,--,--,--,--,--,--,55,38.17%,22.55%,56.00%,2.95,19.82,1,1,1,1,1,5,High Risk,N/A,N/A,N/A,N/A,8.77,N/A,N/A,10.42,N/A,N/A
Union Children's Dir,Direct,Solution: Children - Debt,43924,152219,INF582M01JK3,--,--,--,--,--,--,63,28.40%,17.20%,61.79%,3.61,27.88,1,1,1,1,1,5,High Risk,N/A,N/A,N/A,N/A,2.24,N/A,N/A,10.42,N/A,N/A
Union Diversified Equity All Cap Active FoF Dir,Direct,Solution: Children - Debt,45473,153824,INF582M01LZ7,--,--,--,--,--,--,N/A,N/A,N/A,N/A,N/A,N/A,1,1,1,1,1,5,High Risk,N/A,N/A,N/A,N/A,N/A,N/A,N/A,N/A,N/A,N/A
Union Flexi Cap Dir,Direct,Solution: Children - Debt,16412,119292,INF582M01633,0.59,0.94,0.52,14.23,13.43,0.57,72,31.47%,19.76%,59.08%,3.48,24.81,6,6,3,4,1,20,Moderate Risk,N/A,N/A,N/A,N/A,10.17,17.85,17.63,10.42,15.47,13.24
Union Focused Dir,Direct,Solution: Children - Debt,40108,147492,INF582M01FS4,-0.03,0.85,0.45,13.47,12.15,0.52,29,47.99%,28.18%,64.79%,4.4,31.74,4,4,4,5,1,18,Moderately High Risk,N/A,N/A,N/A,N/A,17.78,N/A,N/A,10.42,N/A,N/A
Union Retirement Dir,Direct,Solution: Children - Debt,42492,150554,INF582M01IK5,3.38,0.91,0.73,13.7,16,0.85,73,31.29%,19.89%,60.16%,3.86,26.35,10,8,4,4,2,28,Low Risk,N/A,N/A,N/A,N/A,3.62,10.15,10.41,10.42,15.47,13.24
UTI Children's Equity Dir,Direct,Solution: Children - Debt,15867,120724,INF789F1AZV0,-1.62,0.96,0.37,14.41,11.33,0.46,64,44.57%,28.84%,60.21%,3.55,24.67,4,4,3,3,1,15,Moderately High Risk,N/A,N/A,N/A,N/A,7.59,13.1,N/A,10.42,15.47,N/A
UTI Flexi Cap Dir,Direct,Solution: Children - Debt,15714,120662,INF789F01TC4,-4.07,0.87,0.16,13.85,8.25,0.22,59,44.52%,27.49%,63.56%,4.68,34.39,2,2,4,4,1,13,Moderately High Risk,N/A,N/A,N/A,N/A,50.38,N/A,N/A,10.42,N/A,N/A
UTI Focused Dir,Direct,Solution: Children - Debt,41629,149091,INF789F1AVA3,0.28,0.96,0.49,14.63,13.27,0.6,29,53.50%,33.54%,65.68%,3.78,27.44,6,4,3,3,1,17,Moderately High Risk,N/A,N/A,N/A,N/A,-16.34,N/A,N/A,10.42,N/A,N/A
UTI Nifty500 Shariah Index Dir,Direct,Solution: Children - Debt,45821,154197,INF789F1AD04,--,--,--,--,--,--,198,33.57%,22.94%,55.28%,4.1,22.3,1,1,1,1,1,5,High Risk,N/A,N/A,N/A,N/A,-2.91,N/A,N/A,10.42,N/A,N/A
WhiteOak Capital Flexi Cap Dir,Direct,Solution: Children - Debt,42320,150346,INF03VN01530,4.36,0.91,0.79,13.89,16.99,1,N/A,N/A,N/A,N/A,N/A,N/A,10,8,4,4,2,28,Low Risk,N/A,N/A,N/A,N/A,8.76,16.15,11.87,10.42,15.47,13.24
ABSL Global Emerging Opportunities Dir*,Direct,Equity: International,17094,132140,INF084M01EB0,--,--,0.56,13.61,13.7,0.82,N/A,N/A,N/A,N/A,N/A,N/A,1,6,4,1,2,14,Moderately High Risk,N/A,N/A,N/A,N/A,N/A,N/A,N/A,N/A,N/A,N/A
ABSL Global Excellence Equity FoF Dir*,Direct,Equity: International,17099,132009,INF084M01EH7,--,--,0.96,13.27,18.72,1.33,N/A,N/A,N/A,N/A,N/A,N/A,1,10,4,1,2,18,Moderately High Risk,N/A,N/A,N/A,N/A,1.59,N/A,N/A,10.42,N/A,N/A
ABSL International Equity Dir,Direct,Equity: International,15903,119517,INF209K01WS3,--,--,0.75,12.66,15.53,1.34,72,N/A,N/A,57.51%,4.8,24.83,1,8,4,1,2,16,Moderately High Risk,N/A,N/A,N/A,N/A,11.1,N/A,N/A,10.42,N/A,N/A
ABSL US Equity Passive FoF Dir,Direct,Equity: International,41797,149291,INF209KB18C5,--,--,1.18,16.25,25.14,1.93,N/A,N/A,N/A,N/A,N/A,N/A,1,12,3,1,3,20,Moderate Risk,N/A,N/A,N/A,N/A,3.14,N/A,N/A,10.42,N/A,N/A
Axis Global Equity Alpha FoF Dir,Direct,Equity: International,41100,148485,INF846K01X06,--,--,1.09,12.05,19.17,1.55,N/A,N/A,N/A,N/A,N/A,N/A,1,12,4,1,3,21,Moderate Risk,N/A,N/A,N/A,N/A,16.89,N/A,N/A,10.42,N/A,N/A
Axis Global Innovation FoF Dir,Direct,Equity: International,41496,148954,INF846K01Z20,--,--,0.78,14.98,17.67,1.24,N/A,N/A,N/A,N/A,N/A,N/A,1,8,3,1,2,15,Moderately High Risk,N/A,N/A,N/A,N/A,12.34,15.88,11.81,9.21,13.75,12.37
Axis Greater China Equity FoF Dir,Direct,Equity: International,41287,148699,INF846K01Y39,--,--,0.36,19.8,13.18,0.8,N/A,N/A,N/A,N/A,N/A,N/A,1,4,2,1,2,10,High Risk,N/A,N/A,N/A,N/A,5.3,12.63,8.98,9.21,13.75,12.37
Axis NASDAQ 100 US Specific Equity Passive FoF Dir,Direct,Equity: International,42633,150751,INF846K012K9,--,--,1.22,15.62,25.03,1.98,N/A,N/A,N/A,N/A,N/A,N/A,1,12,3,1,3,20,Moderate Risk,N/A,N/A,N/A,N/A,N/A,N/A,N/A,N/A,N/A,N/A
Bandhan US specific Equity Active FoF Dir,Direct,Equity: International,41620,149098,INF194KB1CF2,--,--,1.07,16.37,23.46,1.74,N/A,N/A,N/A,N/A,N/A,N/A,1,12,3,1,3,20,Moderate Risk,N/A,N/A,N/A,N/A,6.26,17.4,13.27,9.21,13.75,12.37
Baroda BNP Paribas Aqua FoF Dir,Direct,Equity: International,41454,150285,INF251K01QT5,--,--,0.47,15.64,13.42,0.84,N/A,N/A,N/A,N/A,N/A,N/A,1,4,3,1,2,11,High Risk,N/A,N/A,N/A,N/A,2.22,12.24,11,9.21,13.75,12.37
DSP Global Clean Energy Overseas Equity Omni FoF Dir,Direct,Equity: International,17012,119275,INF740K01PC5,--,--,0.52,18.37,15.67,0.94,N/A,N/A,N/A,N/A,N/A,N/A,1,6,2,1,2,12,High Risk,N/A,N/A,N/A,N/A,10.46,14.52,10.8,9.21,13.75,12.37
DSP Global Innovation Overseas Equity Omni FoF Dir*,Direct,Equity: International,42054,149816,INF740KA1QP1,--,--,0.99,16.61,22.45,2.05,N/A,N/A,N/A,N/A,N/A,N/A,1,10,3,1,4,19,Moderately High Risk,N/A,N/A,N/A,N/A,8.16,12.64,9.87,9.21,13.75,12.37
DSP US Specific Equity Omni FoF Dir,Direct,Equity: International,17006,119252,INF740K01OH7,--,--,1.07,14.92,22.02,1.58,N/A,N/A,N/A,N/A,N/A,N/A,1,12,3,1,3,20,Moderate Risk,N/A,N/A,N/A,N/A,8.07,12.51,9.64,9.21,13.75,12.37
DSP World Gold Mining Overseas Equity Omni FoF Dir,Direct,Equity: International,17016,119277,INF740K01OZ9,--,--,1.22,32.07,45.24,2.14,N/A,N/A,N/A,N/A,N/A,N/A,1,12,1,1,4,19,Moderately High Risk,N/A,N/A,N/A,N/A,10.77,17.08,19.52,9.21,13.75,12.37
DSP World Mining Overseas Equity Omni FoF Dir,Direct,Equity: International,17021,119279,INF740K01PF8,--,--,0.74,24.17,23.97,1.35,N/A,N/A,N/A,N/A,N/A,N/A,1,8,1,1,2,13,Moderately High Risk,N/A,N/A,N/A,N/A,6.04,12.42,9.87,9.21,13.75,12.37
Edelweiss ASEAN Equity Offshore Dir,Direct,Equity: International,17131,140256,INF843K01AW7,--,--,0.45,11.57,11.22,0.81,N/A,N/A,N/A,N/A,N/A,N/A,1,4,5,1,2,13,Moderately High Risk,N/A,N/A,N/A,N/A,9.48,13.61,11.72,9.21,13.75,12.37
Edelweiss Emerging Markets Opportunities Equity Offshr Dir,Direct,Equity: International,27119,140327,INF843K01IZ3,--,--,0.87,15.08,19.09,1.5,N/A,N/A,N/A,N/A,N/A,N/A,1,10,3,1,3,18,Moderately High Risk,N/A,N/A,N/A,N/A,6.2,N/A,N/A,9.21,N/A,N/A
Edelweiss Europe Dynamic Equity Offshr Dir,Direct,Equity: International,23435,140296,INF843K01GI3,--,--,1.05,13.45,20.19,1.96,N/A,N/A,N/A,N/A,N/A,N/A,1,12,4,1,3,21,Moderate Risk,N/A,N/A,N/A,N/A,3.29,14.48,13.52,10.42,15.47,13.24
Edelweiss Greater China Equity Offshore Dir,Direct,Equity: International,17132,140243,INF843K01AU1,--,--,0.41,19.93,14.14,0.85,N/A,N/A,N/A,N/A,N/A,N/A,1,4,2,1,2,10,High Risk,N/A,N/A,N/A,N/A,2.17,N/A,N/A,10.42,N/A,N/A
Edelweiss US Technology Equity FoF Dir,Direct,Equity: International,40665,148063,INF754K01LB7,--,--,0.81,25.38,26.59,1.36,N/A,N/A,N/A,N/A,N/A,N/A,1,10,1,1,2,15,Moderately High Risk,N/A,N/A,N/A,N/A,5.13,16.25,N/A,10.42,15.47,N/A
Edelweiss US Value Equity Offshore Dir,Direct,Equity: International,20060,140274,INF843K01EC1,--,--,0.83,12.41,16.3,1.17,N/A,N/A,N/A,N/A,N/A,N/A,1,10,4,1,2,18,Moderately High Risk,N/A,N/A,N/A,N/A,-0.72,N/A,N/A,10.42,N/A,N/A
Franklin Asian Equity Dir,Direct,Equity: International,15977,118559,INF090I01IZ5,--,--,0.43,15.29,12.57,0.59,54,25.70%,16.02%,60.76%,2.34,17.32,1,4,3,1,1,10,High Risk,N/A,N/A,N/A,N/A,10.52,N/A,N/A,10.42,N/A,N/A
Franklin U.S. Opportunities Equity Active FoF Dir,Direct,Equity: International,16027,118551,INF090I01JR0,--,--,0.86,16.19,19.98,1.31,N/A,N/A,N/A,N/A,N/A,N/A,1,10,3,1,2,17,Moderately High Risk,N/A,N/A,N/A,N/A,1.45,15.68,13.99,10.42,15.47,13.24
HDFC Developed World Overseas Equity Passive FoF Dir*,Direct,Equity: International,41714,149180,INF179KC1BO4,--,--,1.29,11.15,20.4,1.78,N/A,N/A,N/A,N/A,N/A,N/A,1,12,5,1,3,22,Moderate Risk,N/A,N/A,N/A,N/A,3.74,15.55,14.24,10.42,15.47,13.24
HSBC Asia Pacific (Ex Japan) Dividend Yield Dir,Direct,Equity: International,23946,127071,INF336L01HF0,--,--,1.02,12.99,19.26,1.66,N/A,N/A,N/A,N/A,N/A,N/A,1,12,4,1,3,21,Moderate Risk,N/A,N/A,N/A,N/A,5.85,N/A,N/A,10.42,N/A,N/A
HSBC Brazil Dir,Direct,Equity: International,17042,120035,INF336L01BY4,--,--,0.65,23.73,21.37,1.44,N/A,N/A,N/A,N/A,N/A,N/A,1,8,1,1,2,13,Moderately High Risk,N/A,N/A,N/A,N/A,-4.04,N/A,N/A,10.42,N/A,N/A
HSBC Global Emerging Markets Dir,Direct,Equity: International,17037,120043,INF336L01CJ3,--,--,0.85,16.54,20.14,1.44,N/A,N/A,N/A,N/A,N/A,N/A,1,10,3,1,2,17,Moderately High Risk,N/A,N/A,N/A,N/A,-0.03,N/A,N/A,10.42,N/A,N/A
ICICI Pru Global Advantage (FOF) Dir*,Direct,Equity: International,40282,147648,INF109KC1F34,--,--,0.67,13.79,15.31,0.9,N/A,N/A,N/A,N/A,N/A,N/A,1,8,4,1,2,16,Moderately High Risk,N/A,N/A,N/A,N/A,N/A,N/A,N/A,N/A,N/A,N/A
ICICI Pru Global Stable Equity (FOF) Dir,Direct,Equity: International,20857,123654,INF109KA1CE0,--,--,0.64,9.69,12.18,1.17,N/A,N/A,N/A,N/A,N/A,N/A,1,6,6,1,2,16,Moderately High Risk,N/A,N/A,N/A,N/A,7.11,N/A,N/A,10.42,N/A,N/A
ICICI Pru NASDAQ 100 Index Dir,Direct,Equity: International,41744,149219,INF109KC1U50,--,--,1.31,15.03,25.75,2.02,98,N/A,N/A,88.33%,7.27,28.73,1,12,3,1,4,21,Moderate Risk,N/A,N/A,N/A,N/A,3.48,14.96,15.17,10.42,15.47,13.24
ICICI Pru Strategic Metal and Energy Equity FoF Dir,Direct,Equity: International,42035,149455,INF109KC1Z55,--,--,1.22,20.11,30.61,2.26,N/A,N/A,N/A,N/A,N/A,N/A,1,12,2,1,4,20,Moderate Risk,N/A,N/A,N/A,N/A,5.3,16.47,N/A,10.42,15.47,N/A
ICICI Pru US Bluechip Equity Dir,Direct,Equity: International,17160,120186,INF109K01Z71,--,--,0.61,13.81,14.47,1.01,61,N/A,N/A,66.28%,4.2,22.76,1,6,4,1,2,14,Moderately High Risk,N/A,N/A,N/A,N/A,5.43,N/A,N/A,10.42,N/A,N/A
Invesco India-Invesco EQQQ NASDAQ-100 ETF FoF Dir,Direct,Equity: International,42218,149961,INF205KA1585,--,--,1.2,15.94,25.15,1.93,N/A,N/A,N/A,N/A,N/A,N/A,1,12,3,1,3,20,Moderate Risk,N/A,N/A,N/A,N/A,N/A,N/A,N/A,N/A,N/A,N/A
Invesco India-Invesco Global Consumer Trends FoF Dir,Direct,Equity: International,41229,148614,INF205KA1270,--,--,0.55,23.58,18.95,0.87,N/A,N/A,N/A,N/A,N/A,N/A,1,6,1,1,2,11,High Risk,N/A,N/A,N/A,N/A,10.73,N/A,N/A,10.42,N/A,N/A
Invesco India Global Equity Income FoF Dir,Direct,Equity: International,26149,129188,INF205K01B49,--,--,0.94,12.62,17.93,1.43,N/A,N/A,N/A,N/A,N/A,N/A,1,10,4,1,2,18,Moderately High Risk,N/A,N/A,N/A,N/A,5.38,16.56,N/A,10.42,15.47,N/A
Invesco India Pan European Equity FoF Dir,Direct,Equity: International,23314,126353,INF205K01A24,--,--,0.65,14.24,15.21,1,N/A,N/A,N/A,N/A,N/A,N/A,1,8,3,1,2,15,Moderately High Risk,N/A,N/A,N/A,N/A,N/A,N/A,N/A,N/A,N/A,N/A
Kotak Global Emerging Market Overseas Equity Omni FoF Dir*,Direct,Equity: International,17439,119779,INF174K01LW4,--,--,0.82,14.5,17.89,1.39,N/A,N/A,N/A,N/A,N/A,N/A,1,10,3,1,2,17,Moderately High Risk,N/A,N/A,N/A,N/A,3.04,15.14,13.78,10.42,15.47,13.24
Kotak Global Innovation Overseas Equity Omni FoF Dir*,Direct,Equity: International,41595,149059,INF174KA1HG4,--,--,0.78,15.03,17.78,1.11,N/A,N/A,N/A,N/A,N/A,N/A,1,8,3,1,2,15,Moderately High Risk,N/A,N/A,N/A,N/A,5.42,16.31,15.43,10.42,15.47,13.24
Kotak International REIT Overseas Equity Omni FoF Dir*,Direct,Equity: International,41237,148646,INF174KA1FO2,--,--,0.11,15.8,7.69,0.18,N/A,N/A,N/A,N/A,N/A,N/A,1,2,3,1,1,8,High Risk,N/A,N/A,N/A,N/A,7.48,N/A,N/A,10.42,N/A,N/A
Kotak Quality Overseas Equity Omni FoF Dir*,Direct,Equity: International,45906,154287,INF174KA1ZI2,--,--,--,--,--,--,N/A,N/A,N/A,N/A,N/A,N/A,1,1,1,1,1,5,High Risk,N/A,N/A,N/A,N/A,7.21,N/A,N/A,10.42,N/A,N/A
Kotak US Specific Equity Passive FoF Dir*,Direct,Equity: International,41260,148662,INF174KA1FQ7,--,--,1.21,16.16,25.51,1.94,N/A,N/A,N/A,N/A,N/A,N/A,1,12,3,1,3,20,Moderate Risk,N/A,N/A,N/A,N/A,N/A,N/A,N/A,N/A,N/A,N/A
Mahindra Manulife Asia Pacific REITs FoF Dir,Direct,Equity: International,41762,149230,INF174V01AY0,--,--,0.05,15.74,6.83,0.09,N/A,N/A,N/A,N/A,N/A,N/A,1,1,3,1,1,7,High Risk,N/A,N/A,N/A,N/A,-5.06,N/A,N/A,10.42,N/A,N/A
Mirae Asset Global Electric & Autonomous Vehicles Eqt Passive FoF Dir,Direct,Equity: International,42460,150595,INF769K01IQ9,N/A,N/A,N/A,N/A,N/A,N/A,N/A,N/A,N/A,N/A,N/A,N/A,1,1,1,1,1,5,High Risk,N/A,N/A,N/A,N/A,-0.77,14.59,16.23,10.42,15.47,13.24
Mirae Asset Global X Artificial Intelligence & Tech ETF FoF Dir,Direct,Equity: International,42458,150597,INF769K01IS5,--,--,1.16,18.84,27.95,2.16,N/A,N/A,N/A,N/A,N/A,N/A,1,12,2,1,4,20,Moderate Risk,N/A,N/A,N/A,N/A,5.18,16.32,13.83,10.42,15.47,13.24
Mirae Asset Hang Seng TECH ETF,Direct,Equity: International,41876,149379,INF769K01HS7,--,--,0.21,34.6,13.15,0.45,30,N/A,N/A,89.17%,1.36,13.92,1,2,1,1,1,6,High Risk,N/A,N/A,N/A,N/A,-4.98,N/A,N/A,10.42,N/A,N/A
Mirae Asset Hang Seng TECH ETF FoF Dir,Direct,Equity: International,41878,149380,INF769K01HT5,--,--,0.34,33.3,17.27,0.93,N/A,N/A,N/A,N/A,N/A,N/A,1,2,1,1,2,7,High Risk,N/A,N/A,N/A,N/A,-2.42,12.93,15.79,10.42,15.47,13.24
Mirae Asset NYSE FANG+ ETF,Direct,Equity: International,41429,148927,INF769K01HF4,--,--,1.29,21.42,33.66,2.21,10,N/A,N/A,100.00%,9.01,27.51,1,12,2,1,4,20,Moderate Risk,N/A,N/A,N/A,N/A,5.22,16.38,N/A,10.42,15.47,N/A
Mirae Asset NYSE FANG+ ETF FoF Dir,Direct,Equity: International,41431,148928,INF769K01HH0,--,--,1.46,24.45,41.79,3.61,N/A,N/A,N/A,N/A,N/A,N/A,1,12,1,1,4,19,Moderately High Risk,N/A,N/A,N/A,N/A,5.09,N/A,N/A,10.42,N/A,N/A
Mirae Asset S&P 500 Top 50 ETF,Direct,Equity: International,41698,149169,INF769K01HP3,--,--,1.39,13.4,24.63,1.87,51,N/A,N/A,81.69%,5.81,24.44,1,12,4,1,3,21,Moderate Risk,N/A,N/A,N/A,N/A,-0.29,14.68,13.02,10.42,15.47,13.24
Mirae Asset S&P 500 Top 50 ETF FoF Dir,Direct,Equity: International,41704,149170,INF769K01HR9,--,--,1.38,17.76,30.56,2.16,N/A,N/A,N/A,N/A,N/A,N/A,1,12,2,1,4,20,Moderate Risk,N/A,N/A,N/A,N/A,N/A,N/A,N/A,N/A,N/A,N/A
Motilal Oswal Developed Mkt Ex US ETFs Ovrses Eqt Pass FoF Dir,Direct,Equity: International,43802,152090,INF247L01BT3,--,--,--,--,--,--,N/A,N/A,N/A,N/A,N/A,N/A,1,1,1,1,1,5,High Risk,N/A,N/A,N/A,N/A,5.96,18.34,15.15,10.42,15.47,13.24
Motilal Oswal NASDAQ 100 ETF,Direct,Equity: International,12498,114984,INF247L01AP3,--,--,1.29,15.45,26.02,2,98,N/A,N/A,88.34%,7.27,28.73,1,12,3,1,4,21,Moderate Risk,N/A,N/A,N/A,N/A,4.93,14.78,11.95,10.42,15.47,13.24
Motilal Oswal Nasdaq 100 FOF Dir,Direct,Equity: International,38228,145552,INF247L01718,--,--,1.06,21.22,28.52,2.01,N/A,N/A,N/A,N/A,N/A,N/A,1,12,2,1,4,20,Moderate Risk,N/A,N/A,N/A,N/A,N/A,N/A,N/A,N/A,N/A,N/A
Motilal Oswal Nasdaq Q50 ETF,Direct,Equity: International,41923,149438,INF247L01AU3,--,--,0.8,16.73,19.39,1.45,50,N/A,N/A,73.20%,3.57,20.71,1,10,3,1,2,17,Moderately High Risk,N/A,N/A,N/A,N/A,N/A,N/A,N/A,N/A,N/A,N/A
Motilal Oswal S&P 500 Index Dir,Direct,Equity: International,40997,148381,INF247L01AG2,--,--,1.27,12.27,21.57,1.79,499,N/A,N/A,64.65%,4.68,23.91,1,12,4,1,3,21,Moderate Risk,N/A,N/A,N/A,N/A,10.71,N/A,N/A,10.42,N/A,N/A
Navi Nasdaq100 US Specific Equity Passive FoF Dir,Direct,Equity: International,42135,149910,INF959L01FZ1,--,--,1.21,15.56,24.86,1.83,N/A,N/A,N/A,N/A,N/A,N/A,1,12,3,1,3,20,Moderate Risk,N/A,N/A,N/A,N/A,8.77,15.24,14.72,10.42,15.47,13.24
Navi Total Stock Market US Specific Equity Passive FoF Dir,Direct,Equity: International,42069,149830,INF959L01FV0,--,--,1.1,13.35,20.71,1.59,N/A,N/A,N/A,N/A,N/A,N/A,1,12,4,1,3,21,Moderate Risk,N/A,N/A,N/A,N/A,N/A,N/A,N/A,N/A,N/A,N/A
Nippon India ETF Hang Seng BeES,Direct,Equity: International,10905,140095,INF204KB19I1,--,--,0.47,20.82,15.9,1,89,0.24%,0.24%,70.03%,0.64,6.32,1,4,2,1,2,10,High Risk,N/A,N/A,N/A,N/A,N/A,N/A,N/A,N/A,N/A,N/A
Nippon India Japan Equity Dir,Direct,Equity: International,27691,130860,INF204KA1SI1,--,--,0.82,13.52,17.05,1.22,30,N/A,N/A,61.25%,1.95,2.86,1,10,4,1,2,18,Moderately High Risk,N/A,N/A,N/A,N/A,14.99,15.82,10.6,10.42,15.47,13.24
Nippon India Taiwan Equity Dir,Direct,Equity: International,41838,149329,INF204KC1303,--,--,--,--,--,--,26,N/A,N/A,78.59%,8.63,46.48,1,1,1,1,1,5,High Risk,N/A,N/A,N/A,N/A,15.37,18.77,14.42,10.42,15.47,13.24
Nippon India US Equity Opportunities Dir*,Direct,Equity: International,30567,134923,INF204KA15G5,--,--,0.86,13.33,17.43,1.32,25,N/A,N/A,83.79%,4.2,21.73,1,10,4,1,2,18,Moderately High Risk,N/A,N/A,N/A,N/A,13.96,17.23,14.03,10.42,15.47,13.24
PGIM India Emerging Markets Equity FoF Dir,Direct,Equity: International,17349,138456,INF223J01NL0,--,--,0.95,15.31,20.62,1.44,N/A,N/A,N/A,N/A,N/A,N/A,1,10,3,1,2,17,Moderately High Risk,N/A,N/A,N/A,N/A,19.95,17.78,11.96,10.42,15.47,13.24
PGIM India Global Equity Opportunities FoF Dir,Direct,Equity: International,17348,138528,INF223J01NF2,--,--,0.57,16.16,15.16,0.83,N/A,N/A,N/A,N/A,N/A,N/A,1,6,3,1,2,13,Moderately High Risk,N/A,N/A,N/A,N/A,N/A,N/A,N/A,N/A,N/A,N/A
PGIM India Global Select Real Estate Sec FoF Dir,Direct,Equity: International,41818,149298,INF663L01W63,--,--,0.5,14.37,13.22,0.91,N/A,N/A,N/A,N/A,N/A,N/A,1,6,3,1,2,13,Moderately High Risk,N/A,N/A,N/A,N/A,10.47,N/A,N/A,10.42,N/A,N/A
SBI US Specific Equity Active FoF FoF Dir,Direct,Equity: International,41352,148760,INF200KA1U28,--,--,1.29,14.04,24.17,2.04,N/A,N/A,N/A,N/A,N/A,N/A,1,12,3,1,4,21,Moderate Risk,N/A,N/A,N/A,N/A,10.37,N/A,N/A,10.42,N/A,N/A
Sundaram Global Brand Theme-Equity Active FoF Dir*,Direct,Equity: International,17200,119602,INF903J01OB6,--,--,0.79,12.03,15.49,1.02,N/A,N/A,N/A,N/A,N/A,N/A,1,8,4,1,2,16,Moderately High Risk,N/A,N/A,N/A,N/A,N/A,N/A,N/A,N/A,N/A,N/A
ABSL Conglomerate Dir,Direct,Equity: Thematic (Broad),44788,153124,INF209KC1373,--,--,--,--,--,--,42,53.87%,36.85%,61.65%,3.03,25.52,1,1,1,1,1,5,High Risk,N/A,N/A,N/A,N/A,N/A,N/A,N/A,N/A,N/A,N/A
ABSL Nifty India Defence Index Dir,Direct,Equity: Thematic (Broad),44489,152798,INF209KC1183,--,--,--,--,--,--,19,88.61%,72.65%,94.37%,9.24,42.73,1,1,1,1,1,5,High Risk,N/A,N/A,N/A,N/A,10.81,15.81,11.54,10.42,15.47,13.24
ABSL Special Opportunities Dir,Direct,Equity: Thematic (Broad),41143,148539,INF209KB1T79,6.02,0.96,0.9,14.37,18.94,1.19,67,34.31%,21.81%,61.71%,3.17,21.27,12,10,3,3,2,30,Low Risk,N/A,N/A,N/A,N/A,3.61,12.04,6.85,10.42,15.47,13.24
Axis BSE India Sector Leaders Index Dir,Direct,Equity: Thematic (Broad),45782,154171,INF846KA1424,--,--,--,--,--,--,61,N/A,N/A,N/A,N/A,21.24,1,1,1,1,1,5,High Risk,N/A,N/A,N/A,N/A,10.5,N/A,N/A,10.42,N/A,N/A
Axis Momentum Dir,Direct,Equity: Thematic (Broad),44768,153083,INF846K011Z9,--,--,--,--,--,--,41,45.80%,26.52%,62.08%,3.42,22.13,1,1,1,1,1,5,High Risk,N/A,N/A,N/A,N/A,15.51,N/A,N/A,10.42,N/A,N/A
Axis Multi Factor Passive FoF Dir,Direct,Equity: Thematic (Broad),42080,149847,INF846K011G9,-0.77,0.96,0.43,14.37,12.22,0.49,N/A,N/A,N/A,N/A,N/A,N/A,4,4,3,3,1,15,Moderately High Risk,N/A,N/A,N/A,N/A,N/A,N/A,N/A,N/A,N/A,N/A
Axis Nifty India Defence Index Dir,Direct,Equity: Thematic (Broad),45950,,,N/A,N/A,N/A,N/A,N/A,N/A,N/A,N/A,N/A,N/A,N/A,N/A,1,1,1,1,1,5,High Risk,N/A,N/A,N/A,N/A,16.34,N/A,N/A,10.42,N/A,N/A
Axis Services Opportunities Dir,Direct,Equity: Thematic (Broad),45324,153624,INF846KA1168,--,--,--,--,--,--,38,52.37%,33.06%,78.57%,4.77,32.64,1,1,1,1,1,5,High Risk,N/A,N/A,N/A,N/A,11.06,15.87,13,10.42,15.47,13.24
Bandhan BSE India Sector Leaders Index Dir,Direct,Equity: Thematic (Broad),45461,153838,INF194KB1KB4,--,--,--,--,--,--,61,42.07%,24.80%,46.85%,3.22,21.24,1,1,1,1,1,5,High Risk,N/A,N/A,N/A,N/A,13.11,19.17,14.42,10.42,15.47,13.24
Bandhan Multi-Factor Dir,Direct,Equity: Thematic (Broad),45334,153722,INF194KB1JX0,--,--,--,--,--,--,33,N/A,N/A,N/A,N/A,17.9,1,1,1,1,1,5,High Risk,N/A,N/A,N/A,N/A,15.19,N/A,N/A,10.42,N/A,N/A
Baroda BNP Paribas Business Conglomerates Dir,Direct,Equity: Thematic (Broad),45458,153847,INF251K01VJ6,--,--,--,--,--,--,43,45.21%,31.62%,50.22%,3.73,24.63,1,1,1,1,1,5,High Risk,N/A,N/A,N/A,N/A,14.18,N/A,N/A,10.42,N/A,N/A
Edelweiss BSE Capital Mkts & Insurance ETF,Direct,Equity: Thematic (Broad),44826,153180,INF754K01TX4,--,--,--,--,--,--,24,72.80%,48.23%,99.87%,5.84,34.27,1,1,1,1,1,5,High Risk,N/A,N/A,N/A,N/A,10.23,N/A,N/A,10.42,N/A,N/A
Edelweiss BSE Internet Economy Index Dir,Direct,Equity: Thematic (Broad),45129,153497,INF754K01UX2,--,--,--,--,--,--,20,83.77%,57.96%,93.38%,10.58,161.37,1,1,1,1,1,5,High Risk,N/A,N/A,N/A,N/A,19.82,23.56,19.49,10.42,15.47,13.24
Edelweiss Recently Listed IPO Dir,Direct,Equity: Thematic (Broad),35234,142388,INF754K01ML4,4.25,0.96,0.62,17.99,17.24,0.73,58,39.97%,24.09%,57.78%,5.45,41.76,10,6,2,3,1,22,Moderate Risk,N/A,N/A,N/A,N/A,17.56,N/A,N/A,10.42,N/A,N/A
Franklin India Multi-Factor Dir,Direct,Equity: Thematic (Broad),45585,153942,INF090I01YQ1,--,--,--,--,--,--,82,36.45%,24.74%,57.73%,2.55,15.45,1,1,1,1,1,5,High Risk,N/A,N/A,N/A,N/A,10.29,16.59,N/A,10.42,15.47,N/A
Franklin India Opportunities Dir,Direct,Equity: Thematic (Broad),15999,118554,INF090I01JI9,9.58,1.06,1,17.21,23.28,1.28,54,36.94%,22.40%,59.86%,2.73,18.1,12,12,2,2,2,30,Low Risk,N/A,N/A,N/A,N/A,5.85,13.76,12.41,10.42,15.47,13.24
Groww BSE Power ETF,Direct,Equity: Thematic (Broad),45370,153744,INF666M01LM6,--,--,--,--,--,--,18,79.89%,57.98%,100.02%,3.18,25.22,1,1,1,1,1,5,High Risk,N/A,N/A,N/A,N/A,11.4,15.44,13.32,10.42,15.47,13.24
Groww BSE Power ETF FOF Dir,Direct,Equity: Thematic (Broad),45373,153745,INF666M01LN4,--,--,--,--,--,--,N/A,N/A,N/A,N/A,N/A,N/A,1,1,1,1,1,5,High Risk,N/A,N/A,N/A,N/A,10.5,17.22,N/A,10.42,15.47,N/A
Groww Nifty Capital Markets ETF,Direct,Equity: Thematic (Broad),45632,153907,INF666M01MM4,--,--,--,--,--,--,17,83.31%,63.41%,99.88%,7.93,37.02,1,1,1,1,1,5,High Risk,N/A,N/A,N/A,N/A,N/A,N/A,N/A,N/A,N/A,N/A
Groww Nifty Capital Markets ETF FoF Dir,Direct,Equity: Thematic (Broad),45628,153908,INF666M01MG6,--,--,--,--,--,--,N/A,N/A,N/A,N/A,N/A,N/A,1,1,1,1,1,5,High Risk,N/A,N/A,N/A,N/A,8.97,17.19,13.34,10.42,15.47,13.24
Groww Nifty Chemicals ETF,Direct,Equity: Thematic (Broad),45751,154111,INF666M01NP5,--,--,--,--,--,--,20,77.75%,51.29%,99.53%,3.57,36.7,1,1,1,1,1,5,High Risk,N/A,N/A,N/A,N/A,8.07,19.04,12.98,10.42,15.47,13.24
Groww Nifty India Defence ETF,Direct,Equity: Thematic (Broad),44590,152845,INF666M01IO8,--,--,--,--,--,--,19,88.94%,72.92%,94.72%,8.84,48.34,1,1,1,1,1,5,High Risk,N/A,N/A,N/A,N/A,N/A,N/A,N/A,N/A,N/A,N/A
Groww Nifty India Defence ETF FoF Dir,Direct,Equity: Thematic (Broad),44597,152925,INF666M01IQ3,--,--,--,--,--,--,N/A,N/A,N/A,N/A,N/A,N/A,1,1,1,1,1,5,High Risk,N/A,N/A,N/A,N/A,N/A,N/A,N/A,N/A,N/A,N/A
Groww Nifty India Internet ETF,Direct,Equity: Thematic (Broad),45241,153625,INF666M01LI4,--,--,--,--,--,--,27,85.45%,63.62%,82.64%,4.19,65.04,1,1,1,1,1,5,High Risk,N/A,N/A,N/A,N/A,N/A,N/A,N/A,N/A,N/A,N/A
Groww Nifty India Internet ETF FoF Dir,Direct,Equity: Thematic (Broad),45244,153626,INF666M01LC7,--,--,--,--,--,--,N/A,N/A,N/A,N/A,N/A,N/A,1,1,1,1,1,5,High Risk,N/A,N/A,N/A,N/A,14.21,19.37,16.54,10.42,15.47,13.24
Groww Nifty Metal ETF,Direct,Equity: Thematic (Broad),45677,154034,INF666M01NI0,--,--,--,--,--,--,15,88.97%,68.87%,99.66%,2.69,20.29,1,1,1,1,1,5,High Risk,N/A,N/A,N/A,N/A,12.38,17.91,N/A,10.42,15.47,N/A
Groww Nifty Realty ETF,Direct,Equity: Thematic (Broad),45522,153899,INF666M01MN2,--,--,--,--,--,--,11,99.84%,73.52%,99.85%,3.12,31.14,1,1,1,1,1,5,High Risk,N/A,N/A,N/A,N/A,7.75,17.71,15.94,10.42,15.47,13.24
HDFC BSE India Sector Leaders Index Dir,Direct,Equity: Thematic (Broad),45589,153959,INF179KC1JY6,--,--,--,--,--,--,61,42.07%,24.80%,46.87%,3.22,21.24,1,1,1,1,1,5,High Risk,N/A,N/A,N/A,N/A,6.51,14.77,14.58,10.42,15.47,13.24
HDFC Defence Dir,Direct,Equity: Thematic (Broad),43512,151750,INF179KC1GI5,--,--,--,--,--,--,22,82.29%,62.04%,90.98%,8.16,48.75,1,1,1,1,1,5,High Risk,N/A,N/A,N/A,N/A,N/A,N/A,N/A,N/A,N/A,N/A
HDFC Housing Opportunities Dir,Direct,Equity: Thematic (Broad),34770,141924,INF179KC1AU3,1.18,1.12,0.53,17.57,15.3,0.66,34,65.62%,40.81%,73.18%,2.08,15.29,6,6,2,2,1,17,Moderately High Risk,N/A,N/A,N/A,N/A,N/A,N/A,N/A,N/A,N/A,N/A
HDFC NIFTY Growth Sectors 15 ETF,Direct,Equity: Thematic (Broad),42537,150621,INF179KC1DJ0,-3.21,0.83,0.18,15.12,8.8,0.22,15,83.41%,55.87%,87.45%,6.4,28.58,2,2,3,5,1,13,Moderately High Risk,N/A,N/A,N/A,N/A,N/A,N/A,N/A,N/A,N/A,N/A
HDFC NIFTY Realty Index Dir,Direct,Equity: Thematic (Broad),44211,152521,INF179KC1IE0,--,--,--,--,--,--,10,99.80%,73.36%,99.80%,3.07,30.11,1,1,1,1,1,5,High Risk,N/A,N/A,N/A,N/A,10.27,N/A,N/A,10.42,N/A,N/A
HSBC India Export Opportunities Dir,Direct,Equity: Thematic (Broad),44524,152829,INF336L01RO1,--,--,--,--,--,--,43,38.10%,21.04%,56.94%,4.33,30.29,1,1,1,1,1,5,High Risk,N/A,N/A,N/A,N/A,10.08,15.1,N/A,10.42,15.47,N/A
ICICI Pru Active Momentum Dir,Direct,Equity: Thematic (Broad),45357,153684,INF109K1A385,--,--,--,--,--,--,46,30.93%,16.91%,46.08%,4.21,28.16,1,1,1,1,1,5,High Risk,N/A,N/A,N/A,N/A,9.97,N/A,N/A,10.42,N/A,N/A
ICICI Pru Commodities Dir,Direct,Equity: Thematic (Broad),40306,147662,INF109KC1F91,5.2,0.93,0.76,15.73,17.94,1.03,48,57.14%,36.70%,98.78%,2.64,23.18,12,8,3,4,2,29,Low Risk,N/A,N/A,N/A,N/A,N/A,N/A,N/A,N/A,N/A,N/A
ICICI Pru Conglomerate Dir,Direct,Equity: Thematic (Broad),45489,153867,INF109K1A427,--,--,--,--,--,--,41,47.60%,29.77%,77.94%,3.34,21.58,1,1,1,1,1,5,High Risk,N/A,N/A,N/A,N/A,11.27,20.94,20.44,10.42,15.47,13.24
ICICI Pru Eqt Minimum Variance Fund Dir,Direct,Equity: Thematic (Broad),44744,153070,INF109KC10Y6,--,--,--,--,--,--,38,51.48%,31.48%,62.71%,3.3,21.26,1,1,1,1,1,5,High Risk,N/A,N/A,N/A,N/A,10.5,20.71,21.97,10.42,15.47,13.24
ICICI Pru Exports & Services Dir,Direct,Equity: Thematic (Broad),15859,120688,INF109K01W25,4.06,0.84,0.8,12.69,16.13,1.15,61,43.98%,29.52%,63.20%,3.55,23.78,10,10,4,5,2,31,Low Risk,N/A,N/A,N/A,N/A,7.46,16.02,17.5,10.42,15.47,13.24
ICICI Pru FMCG Dir,Direct,Equity: Thematic (Broad),15836,120587,INF109K01Z14,-10.28,0.83,-0.29,14.5,1.76,-0.35,28,82.00%,66.37%,98.19%,7.41,24.02,1,1,3,5,1,11,High Risk,N/A,N/A,N/A,N/A,13.39,18.66,15.24,10.42,15.47,13.24
ICICI Pru Housing Opportunities Dir,Direct,Equity: Thematic (Broad),42250,150310,INF109KC10C2,1.63,0.93,0.58,14.25,14.34,0.79,52,54.12%,34.45%,60.67%,2.63,22.72,8,6,3,4,1,22,Moderate Risk,N/A,N/A,N/A,N/A,16.73,17.72,12.85,10.42,15.47,13.24
ICICI Pru India Opportunities Dir,Direct,Equity: Thematic (Broad),38585,145897,INF109KC1RH9,7.67,0.86,1.06,13.1,19.87,1.34,80,41.16%,25.03%,55.95%,2.89,16.54,12,12,4,4,2,34,Very Low Risk,N/A,N/A,N/A,N/A,14.34,N/A,N/A,10.42,N/A,N/A
ICICI Pru Multi Sector Passive FoF Dir,Direct,Equity: Thematic (Broad),15812,120242,INF109K01W58,1.94,0.89,0.63,13.32,14.41,0.76,N/A,N/A,N/A,N/A,N/A,N/A,8,6,4,4,1,23,Moderate Risk,N/A,N/A,N/A,N/A,10.05,15.09,12.88,10.42,15.47,13.24
ICICI Pru Nifty Commodities ETF,Direct,Equity: Thematic (Broad),42947,151207,INF109KC19O8,5.54,0.98,0.75,16.76,18.65,1.12,30,64.78%,38.74%,99.97%,2.12,16.66,12,8,3,3,2,28,Low Risk,N/A,N/A,N/A,N/A,9.82,14.86,N/A,10.42,15.47,N/A
ICICI Pru Nifty FMCG ETF,Direct,Equity: Thematic (Broad),41601,149072,INF109KC19V3,-10.3,0.92,-0.23,16.19,2.37,-0.29,15,91.64%,71.37%,100.00%,7.56,23.02,1,1,3,4,1,10,High Risk,N/A,N/A,N/A,N/A,N/A,N/A,N/A,N/A,N/A,N/A
ICICI Pru Nifty Metal ETF,Direct,Equity: Thematic (Broad),44461,152769,INF109KC19W1,--,--,--,--,--,--,15,89.07%,68.95%,99.77%,2.69,20.29,1,1,1,1,1,5,High Risk,N/A,N/A,N/A,N/A,9.61,19.97,18.45,10.42,15.47,13.24
ICICI Pru Nifty Oil & Gas ETF,Direct,Equity: Thematic (Broad),44432,152748,INF109KC18W3,--,--,--,--,--,--,15,94.27%,76.50%,99.96%,1.34,9.7,1,1,1,1,1,5,High Risk,N/A,N/A,N/A,N/A,16.77,19.64,N/A,10.42,15.47,N/A
ICICI Pru Quality Dir,Direct,Equity: Thematic (Broad),45164,153458,INF109K1A187,--,--,--,--,--,--,58,38.58%,24.24%,51.91%,4.9,25.61,1,1,1,1,1,5,High Risk,N/A,N/A,N/A,N/A,14.14,22.29,19.21,10.42,15.47,13.24
ICICI Pru Rural Opportunities Dir,Direct,Equity: Thematic (Broad),44846,153184,INF109KC12Z9,--,--,--,--,--,--,49,52.36%,32.57%,67.27%,3.79,21.47,1,1,1,1,1,5,High Risk,N/A,N/A,N/A,N/A,10.01,N/A,N/A,10.42,N/A,N/A
JioBlackRock Sector Rotation Dir,Direct,Equity: Thematic (Broad),45730,154082,INF22M001168,--,--,--,--,--,--,275,35.21%,25.13%,53.80%,2.99,20.18,1,1,1,1,1,5,High Risk,N/A,N/A,N/A,N/A,25.05,26.93,22.85,10.42,15.47,13.24
Kotak Active Momentum Dir,Direct,Equity: Thematic (Broad),45389,153753,INF174KA1XA4,--,--,--,--,--,--,48,28.05%,15.89%,50.60%,2.99,18.35,1,1,1,1,1,5,High Risk,N/A,N/A,N/A,N/A,17.21,22.1,N/A,10.42,15.47,N/A
Kotak BSE Housing Index Dir,Direct,Equity: Thematic (Broad),43706,152039,INF174KA1OX5,--,--,--,--,--,--,25,50.56%,26.16%,86.08%,3.51,33.56,1,1,1,1,1,5,High Risk,N/A,N/A,N/A,N/A,18.41,N/A,N/A,10.42,N/A,N/A
Kotak Multi Factor Passive FoF Dir,Direct,Equity: Thematic (Broad),45899,154275,INF174KA1ZG6,--,--,--,--,--,--,N/A,N/A,N/A,N/A,N/A,N/A,1,1,1,1,1,5,High Risk,N/A,N/A,N/A,N/A,10.75,20.83,N/A,10.42,15.47,N/A
Kotak Nifty Chemicals ETF,Direct,Equity: Thematic (Broad),45570,153934,INF174KA1XV0,--,--,--,--,--,--,20,78.10%,51.51%,99.98%,3.57,36.7,1,1,1,1,1,5,High Risk,N/A,N/A,N/A,N/A,5.82,23.39,17.05,10.42,15.47,13.24
Kotak Nifty Commodities Index Dir,Direct,Equity: Thematic (Broad),44991,153353,INF174KA1VE0,--,--,--,--,--,--,30,64.72%,38.69%,99.88%,2.16,17.67,1,1,1,1,1,5,High Risk,N/A,N/A,N/A,N/A,4.51,19.57,17.36,10.42,15.47,13.24
Kotak Nifty India Tourism Index Dir,Direct,Equity: Thematic (Broad),44539,152870,INF174KA1SZ1,--,--,--,--,--,--,15,91.54%,73.27%,99.88%,9.1,52.1,1,1,1,1,1,5,High Risk,N/A,N/A,N/A,N/A,7.58,17.72,14.45,10.42,15.47,13.24
Kotak Rural Opportunities Dir,Direct,Equity: Thematic (Broad),45597,153970,INF174KA1XW8,--,--,--,--,--,--,45,50.89%,35.05%,65.25%,3.69,22.71,1,1,1,1,1,5,High Risk,N/A,N/A,N/A,N/A,N/A,N/A,N/A,N/A,N/A,N/A
Kotak Services Dir,Direct,Equity: Thematic (Broad),45797,154149,INF174KA1YV8,--,--,--,--,--,--,24,60.74%,44.05%,61.28%,2.74,18.59,1,1,1,1,1,5,High Risk,N/A,N/A,N/A,N/A,14.46,17.03,13.83,10.42,15.47,13.24
Kotak Special Opportunities Dir,Direct,Equity: Thematic (Broad),44382,152702,INF174KA1SF3,--,--,--,--,--,--,34,45.36%,25.67%,55.15%,2.44,24.89,1,1,1,1,1,5,High Risk,N/A,N/A,N/A,N/A,19.55,18.5,15.14,10.42,15.47,13.24
Mirae Asset BSE India Defence ETF,Direct,Equity: Thematic (Broad),45790,154182,INF769K01QC2,--,--,--,--,--,--,33,74.21%,53.37%,94.88%,7.01,38.01,1,1,1,1,1,5,High Risk,N/A,N/A,N/A,N/A,14.41,23.52,N/A,10.42,15.47,N/A
Mirae Asset BSE India Defence ETF FoF Dir,Direct,Equity: Thematic (Broad),45811,154187,INF769K01QG3,--,--,--,--,--,--,N/A,N/A,N/A,N/A,N/A,N/A,1,1,1,1,1,5,High Risk,N/A,N/A,N/A,N/A,N/A,N/A,N/A,N/A,N/A,N/A
Mirae Asset BSE Select IPO ETF,Direct,Equity: Thematic (Broad),45020,153384,INF769K01ON4,--,--,--,--,--,--,73,40.07%,24.48%,61.50%,3.85,39.26,1,1,1,1,1,5,High Risk,N/A,N/A,N/A,N/A,N/A,N/A,N/A,N/A,N/A,N/A
Mirae Asset BSE Select IPO ETF FoF Dir,Direct,Equity: Thematic (Broad),45023,153385,INF769K01OK0,--,--,--,--,--,--,N/A,N/A,N/A,N/A,N/A,N/A,1,1,1,1,1,5,High Risk,N/A,N/A,N/A,N/A,6.69,11.3,8.74,10.42,15.47,13.24
Mirae Asset Multi Factor Passive FoF Dir,Direct,Equity: Thematic (Broad),45436,153816,INF769K01PH3,--,--,--,--,--,--,N/A,N/A,N/A,N/A,N/A,N/A,1,1,1,1,1,5,High Risk,N/A,N/A,N/A,N/A,13.14,13.84,11.88,10.42,15.47,13.24
Mirae Asset Nifty India Internet ETF,Direct,Equity: Thematic (Broad),45250,153642,INF769K01PB6,--,--,--,--,--,--,27,85.54%,63.69%,82.72%,4.19,65.04,1,1,1,1,1,5,High Risk,N/A,N/A,N/A,N/A,4.88,10.01,10.54,10.42,15.47,13.24
Mirae Asset Nifty Metal ETF,Direct,Equity: Thematic (Broad),44588,152924,INF769K01LY7,--,--,--,--,--,--,15,89.08%,68.96%,99.79%,2.69,20.29,1,1,1,1,1,5,High Risk,N/A,N/A,N/A,N/A,8.62,16,N/A,10.42,15.47,N/A
Mirae Asset Nifty Metal ETF FoF Dir,Direct,Equity: Thematic (Broad),45833,154216,INF769K01QM1,--,--,--,--,--,--,N/A,N/A,N/A,N/A,N/A,N/A,1,1,1,1,1,5,High Risk,N/A,N/A,N/A,N/A,11.19,19.76,18.4,10.42,15.47,13.24
Motilal Oswal Active Momentum Dir,Direct,Equity: Thematic (Broad),45002,153364,INF247L01EP5,--,--,--,--,--,--,26,44.88%,24.67%,65.83%,5.29,34.23,1,1,1,1,1,5,High Risk,N/A,N/A,N/A,N/A,16.99,17.34,N/A,10.42,15.47,N/A
Motilal Oswal BSE Select IPO ETF,Direct,Equity: Thematic (Broad),45639,154003,INF247L01GI5,--,--,--,--,--,--,73,40.09%,24.46%,61.46%,3.85,39.25,1,1,1,1,1,5,High Risk,N/A,N/A,N/A,N/A,3.65,9.6,8.86,10.42,15.47,13.24
Motilal Oswal Multi Factor Passive FoF Dir,Direct,Equity: Thematic (Broad),45874,154239,INF247L01GT2,--,--,--,--,--,--,N/A,N/A,N/A,N/A,N/A,N/A,1,1,1,1,1,5,High Risk,N/A,N/A,N/A,N/A,10.41,N/A,N/A,10.42,N/A,N/A
Motilal Oswal Nifty Capital Market ETF,Direct,Equity: Thematic (Broad),45051,153406,INF247L01EV3,--,--,--,--,--,--,17,83.41%,63.49%,99.99%,7.93,37.02,1,1,1,1,1,5,High Risk,N/A,N/A,N/A,N/A,N/A,N/A,N/A,N/A,N/A,N/A
Motilal Oswal Nifty Capital Market Index Dir,Direct,Equity: Thematic (Broad),44755,153138,INF247L01EB5,--,--,--,--,--,--,17,83.35%,63.44%,99.92%,7.8,34.17,1,1,1,1,1,5,High Risk,N/A,N/A,N/A,N/A,N/A,N/A,N/A,N/A,N/A,N/A
Motilal Oswal Nifty India Defence ETF,Direct,Equity: Thematic (Broad),44517,152846,INF247L01DJ0,--,--,--,--,--,--,19,89.08%,73.05%,94.88%,8.84,48.34,1,1,1,1,1,5,High Risk,N/A,N/A,N/A,N/A,4.81,21.59,12.58,10.42,15.47,13.24
Motilal Oswal Nifty India Defence Index Dir,Direct,Equity: Thematic (Broad),44397,152712,INF247L01CW5,--,--,--,--,--,--,19,89.16%,73.11%,94.97%,9.24,42.73,1,1,1,1,1,5,High Risk,N/A,N/A,N/A,N/A,20.29,11.55,8.57,10.42,15.47,13.24
Motilal Oswal Nifty India Tourism ETF,Direct,Equity: Thematic (Broad),45240,153618,INF247L01FP2,--,--,--,--,--,--,15,91.49%,73.23%,99.85%,6.55,41.72,1,1,1,1,1,5,High Risk,N/A,N/A,N/A,N/A,10.64,N/A,N/A,10.42,N/A,N/A
Motilal Oswal Nifty MidSmall IT and Telecom Index Dir,Direct,Equity: Thematic (Broad),44682,153029,INF247L01DY9,--,--,--,--,--,--,20,78.72%,58.55%,99.85%,15.73,643.13,1,1,1,1,1,5,High Risk,N/A,N/A,N/A,N/A,10.68,15.52,12.98,10.42,15.47,13.24
Motilal Oswal Nifty Realty ETF,Direct,Equity: Thematic (Broad),44250,152541,INF247L01CI4,--,--,--,--,--,--,10,100.03%,73.67%,100.03%,3.12,31.13,1,1,1,1,1,5,High Risk,N/A,N/A,N/A,N/A,15.02,N/A,N/A,10.42,N/A,N/A
Motilal Oswal Nifty Services Sector ETF,Direct,Equity: Thematic (Broad),45660,154033,INF247L01GJ3,--,--,--,--,--,--,30,72.95%,53.52%,93.77%,2.76,19.38,1,1,1,1,1,5,High Risk,N/A,N/A,N/A,N/A,15.27,N/A,N/A,10.42,N/A,N/A
Motilal Oswal Services Dir,Direct,Equity: Thematic (Broad),45186,153558,INF247L01FE6,--,--,--,--,--,--,37,50.54%,31.30%,70.68%,4.02,28.19,1,1,1,1,1,5,High Risk,N/A,N/A,N/A,N/A,N/A,N/A,N/A,N/A,N/A,N/A
Motilal Oswal Special Opportunities Dir,Direct,Equity: Thematic (Broad),45393,153749,INF247L01FS6,--,--,--,--,--,--,27,49.70%,27.90%,69.87%,5.09,34.08,1,1,1,1,1,5,High Risk,N/A,N/A,N/A,N/A,5.22,N/A,N/A,10.42,N/A,N/A
Nippon India Active Momentum Dir,Direct,Equity: Thematic (Broad),44938,153274,INF204KC1EK5,--,--,--,--,--,--,40,33.62%,19.81%,62.04%,3.53,24.57,1,1,1,1,1,5,High Risk,N/A,N/A,N/A,N/A,16.86,15.41,13.94,10.42,15.47,13.24
Nippon India Nifty Realty Index Dir,Direct,Equity: Thematic (Broad),44712,153060,INF204KC1DY8,--,--,--,--,--,--,10,99.01%,72.91%,99.01%,3.07,30.11,1,1,1,1,1,5,High Risk,N/A,N/A,N/A,N/A,9.61,15.11,12.86,10.42,15.47,13.24
Quant Commodities Dir,Direct,Equity: Thematic (Broad),43966,152255,INF966L01DF3,--,--,--,--,--,--,16,83.26%,48.57%,96.26%,2.9,26.91,1,1,1,1,1,5,High Risk,N/A,N/A,N/A,N/A,9.79,16.25,N/A,10.42,15.47,N/A
Quant Momentum Dir,Direct,Equity: Thematic (Broad),43882,152189,INF966L01CZ3,--,--,--,--,--,--,28,62.05%,42.44%,67.89%,2.71,25.76,1,1,1,1,1,5,High Risk,N/A,N/A,N/A,N/A,10.5,15.05,13.45,10.42,15.47,13.24
Quantum Ethical Dir,Direct,Equity: Thematic (Broad),44771,153094,INF082J01473,--,--,--,--,--,--,46,31.55%,17.89%,63.91%,5,32.02,1,1,1,1,1,5,High Risk,N/A,N/A,N/A,N/A,N/A,N/A,N/A,N/A,N/A,N/A
Samco Active Momentum Dir,Direct,Equity: Thematic (Broad),43515,151753,INF0K1H01081,--,--,--,--,--,--,57,27.08%,18.47%,38.59%,3.01,23.76,1,1,1,1,1,5,High Risk,N/A,N/A,N/A,N/A,15.36,N/A,N/A,10.42,N/A,N/A
Samco Special Opportunities Dir,Direct,Equity: Thematic (Broad),44280,152586,INF0K1H01180,--,--,--,--,--,--,37,35.79%,21.50%,80.58%,2.42,19.47,1,1,1,1,1,5,High Risk,N/A,N/A,N/A,N/A,N/A,N/A,N/A,N/A,N/A,N/A
SBI Comma Dir,Direct,Equity: Thematic (Broad),17523,119705,INF200K01SB6,6.18,0.95,0.83,15.78,19.07,1.24,32,48.39%,30.65%,89.27%,1.83,15.74,12,10,3,4,2,31,Low Risk,N/A,N/A,N/A,N/A,10.15,17.76,14.7,10.42,15.47,13.24
SBI Equity Minimum Variance Dir,Direct,Equity: Thematic (Broad),39364,146643,INF200KA1A71,-1.46,0.9,0.35,14.12,11.04,0.45,50,53.92%,37.00%,64.40%,3.98,21.23,4,4,3,4,1,16,Moderately High Risk,N/A,N/A,N/A,N/A,N/A,N/A,N/A,N/A,N/A,N/A
SBI Quality Dir,Direct,Equity: Thematic (Broad),45793,154177,INF200KB1AG6,--,--,--,--,--,--,42,N/A,N/A,N/A,N/A,28.75,1,1,1,1,1,5,High Risk,N/A,N/A,N/A,N/A,16.01,N/A,N/A,10.42,N/A,N/A
Shriram Multi Sector Rotation Dir,Direct,Equity: Thematic (Broad),44669,153076,INF680P01455,--,--,--,--,--,--,36,46.45%,28.83%,69.65%,2.73,15.56,1,1,1,1,1,5,High Risk,N/A,N/A,N/A,N/A,10.02,13.51,12.1,10.42,15.47,13.24
Sundaram Multi-Factor Dir,Direct,Equity: Thematic (Broad),45285,153669,INF903JA1LV6,--,--,--,--,--,--,60,35.64%,22.36%,69.39%,2.12,14.38,1,1,1,1,1,5,High Risk,N/A,N/A,N/A,N/A,8.2,18.62,16.73,10.42,15.47,13.24
Sundaram Services Dir,Direct,Equity: Thematic (Broad),37577,144835,INF903JA1FA2,2.24,0.91,0.62,14.26,14.85,0.84,53,42.47%,27.85%,73.14%,2.82,24.05,8,6,3,4,2,23,Moderate Risk,N/A,N/A,N/A,N/A,12.2,18.85,19.19,10.42,15.47,13.24
Tata BSE Select Business Groups Index Dir,Direct,Equity: Thematic (Broad),44792,153132,INF277KA1DA2,--,--,--,--,--,--,30,73.83%,55.32%,69.91%,3.39,21.6,1,1,1,1,1,5,High Risk,N/A,N/A,N/A,N/A,9.51,15.74,12.65,10.42,15.47,13.24
Tata Ethical Dir,Direct,Equity: Thematic (Broad),16683,119172,INF277K01NG4,-3.62,0.91,0.21,14.29,9,0.26,62,36.67%,23.42%,56.48%,3.76,24.84,2,2,3,4,1,12,High Risk,N/A,N/A,N/A,N/A,8.36,13.04,11.63,10.42,15.47,13.24
Tata Housing Opportunities Dir,Direct,Equity: Thematic (Broad),42447,150532,INF277KA1497,-2.55,1.13,0.32,17.73,11.65,0.38,29,61.30%,39.48%,70.40%,2.65,23.84,2,2,2,2,1,9,High Risk,N/A,N/A,N/A,N/A,16.86,19.17,15,10.42,15.47,13.24
Tata Nifty Capital Markets Index Fund Dir,Direct,Equity: Thematic (Broad),44638,152951,INF277KA1CO5,--,--,--,--,--,--,17,83.33%,63.42%,99.89%,7.8,34.17,1,1,1,1,1,5,High Risk,N/A,N/A,N/A,N/A,10.44,N/A,N/A,10.42,N/A,N/A
Tata Nifty India Tourism Index Dir,Direct,Equity: Thematic (Broad),44426,152742,INF277KA1CC0,--,--,--,--,--,--,15,91.69%,73.38%,100.07%,9.1,52.1,1,1,1,1,1,5,High Risk,N/A,N/A,N/A,N/A,9.41,12.59,14.61,10.42,15.47,13.24
Tata Nifty Realty Index Dir,Direct,Equity: Thematic (Broad),44261,152570,INF277KA1AO9,--,--,--,--,--,--,10,100.05%,73.68%,100.05%,3.07,30.11,1,1,1,1,1,5,High Risk,N/A,N/A,N/A,N/A,7.23,2.54,N/A,10.42,15.47,N/A
Taurus Ethical Dir,Direct,Equity: Thematic (Broad),16658,118876,INF044D01CJ0,1.57,0.95,0.56,15.05,14.46,0.71,60,37.75%,24.69%,50.55%,3.62,17.84,8,6,3,4,1,22,Moderate Risk,N/A,N/A,N/A,N/A,6.85,11.65,10.57,10.42,15.47,13.24
The Wealth Company Ethical Dir,Direct,Equity: Thematic (Broad),45525,153895,INF2F0001214,--,--,--,--,--,--,39,36.21%,20.65%,54.85%,4.61,25.53,1,1,1,1,1,5,High Risk,N/A,N/A,N/A,N/A,9.98,15.12,N/A,10.42,15.47,N/A
Union Active Momentum Dir,Direct,Equity: Thematic (Broad),44784,153109,INF582M01KG9,--,--,--,--,--,--,35,31.03%,16.39%,73.89%,2.64,18.47,1,1,1,1,1,5,High Risk,N/A,N/A,N/A,N/A,8.28,14.02,12.31,10.42,15.47,13.24
UTI BSE Housing Index Dir,Direct,Equity: Thematic (Broad),43521,151764,INF789F1AYR1,--,--,--,--,--,--,25,50.38%,26.07%,85.80%,3.51,33.56,1,1,1,1,1,5,High Risk,N/A,N/A,N/A,N/A,10.97,N/A,N/A,10.42,N/A,N/A
WhiteOak Capital Quality Equity Dir,Direct,Equity: Thematic (Broad),44853,153189,INF03VN01977,--,--,--,--,--,--,66,38.57%,24.72%,54.30%,5.22,33.8,1,1,1,1,1,5,High Risk,N/A,N/A,N/A,N/A,0.27,10.45,10.42,10.42,15.47,13.24
WhiteOak Capital Special Opportunities Dir,Direct,Equity: Thematic (Broad),44333,152644,INF03VN01902,--,--,--,--,--,--,81,35.27%,21.87%,58.20%,3.54,26.56,1,1,1,1,1,5,High Risk,N/A,N/A,N/A,N/A,8.5,17.1,12.95,10.42,15.47,13.24
ABSL Consumption Dir,Direct,Equity: Thematic (Infra),15834,119591,INF209K01WC7,-1.98,0.8,0.42,15.12,12.42,0.51,78,35.81%,21.52%,73.20%,5.06,33.31,4,4,3,5,1,17,Moderately High Risk,N/A,N/A,N/A,N/A,10.68,15.77,14.22,10.42,15.47,13.24
Axis Consumption Dir,Direct,Equity: Thematic (Infra),44466,152805,INF846K013X0,--,--,--,--,--,--,62,50.04%,33.99%,76.19%,7.25,39.26,1,1,1,1,1,5,High Risk,N/A,N/A,N/A,N/A,10.02,16.63,12.44,10.42,15.47,13.24
Axis NIFTY India Consumption ETF,Direct,Equity: Thematic (Infra),41685,149156,INF846K016C7,-0.63,0.82,0.5,15.85,14.02,0.59,30,60.48%,39.92%,83.31%,6.65,31.86,4,6,3,5,1,19,Moderately High Risk,N/A,N/A,N/A,N/A,6.72,13.58,10.79,10.42,15.47,13.24
Bajaj Finserv Consumption Dir,Direct,Equity: Thematic (Infra),44689,153075,INF0QA701946,--,--,--,--,--,--,53,43.33%,27.04%,81.17%,5.45,40.56,1,1,1,1,1,5,High Risk,N/A,N/A,N/A,N/A,N/A,N/A,N/A,N/A,N/A,N/A
Bank of India Consumption Dir,Direct,Equity: Thematic (Infra),44808,153139,INF761K01GI7,--,--,--,--,--,--,36,51.56%,33.71%,73.79%,5.89,28.59,1,1,1,1,1,5,High Risk,N/A,N/A,N/A,N/A,5.99,13.12,10.85,10.42,15.47,13.24
Baroda BNP Paribas India Consumption Dir,Direct,Equity: Thematic (Infra),37339,150266,INF251K01PT7,-0.95,0.81,0.49,15.28,13.55,0.55,42,49.36%,31.33%,88.15%,7.05,36.01,4,4,3,5,1,17,Moderately High Risk,N/A,N/A,N/A,N/A,1.5,10.01,6.87,10.42,15.47,13.24
Canara Robeco Consumer Trends Dir,Direct,Equity: Thematic (Infra),16600,118273,INF760K01DU1,-1.61,0.81,0.45,15.32,12.89,0.54,45,41.86%,24.03%,75.06%,4.41,26.45,4,4,3,5,1,17,Moderately High Risk,N/A,N/A,N/A,N/A,7.81,15.55,N/A,10.42,15.47,N/A
Edelweiss Consumption Dir,Direct,Equity: Thematic (Infra),44882,153214,INF754K01TY2,--,--,--,--,--,--,51,44.05%,28.24%,75.06%,6.94,37.82,1,1,1,1,1,5,High Risk,N/A,N/A,N/A,N/A,N/A,N/A,N/A,N/A,N/A,N/A
Groww Nifty Non-Cyclical Consumer Index Dir,Direct,Equity: Thematic (Infra),44325,152637,INF666M01IE9,--,--,--,--,--,--,30,66.33%,45.79%,88.84%,9.21,39.59,1,1,1,1,1,5,High Risk,N/A,N/A,N/A,N/A,N/A,N/A,N/A,N/A,N/A,N/A
HDFC Consumption Dir,Direct,Equity: Thematic (Infra),43559,151804,INF179KC1GO3,--,--,--,--,--,--,48,54.88%,35.34%,85.16%,7.22,43.32,1,1,1,1,1,5,High Risk,N/A,N/A,N/A,N/A,13.36,N/A,N/A,10.42,N/A,N/A
HDFC Nifty India Consumption Index Dir,Direct,Equity: Thematic (Infra),45800,154179,INF179KC1KA4,--,--,--,--,--,--,30,60.56%,40.00%,83.37%,7.14,33.57,1,1,1,1,1,5,High Risk,N/A,N/A,N/A,N/A,N/A,N/A,N/A,N/A,N/A,N/A
HSBC Consumption Dir,Direct,Equity: Thematic (Infra),43710,152032,INF336L01QZ9,--,--,--,--,--,--,55,42.44%,26.95%,76.61%,6.83,47.2,1,1,1,1,1,5,High Risk,N/A,N/A,N/A,N/A,10.74,15.84,13.83,10.42,15.47,13.24
ICICI Pru Bharat Consumption Dir,Direct,Equity: Thematic (Infra),39672,146951,INF109KC1YD4,-0.99,0.75,0.48,14.45,12.93,0.55,60,49.10%,31.04%,77.60%,6.22,37.12,4,4,3,6,1,18,Moderately High Risk,N/A,N/A,N/A,N/A,14.18,14.13,12.17,10.42,15.47,13.24
ICICI Pru Nifty India Consumption ETF,Direct,Equity: Thematic (Infra),41802,149285,INF109KC1V42,-0.45,0.83,0.52,15.88,14.21,0.6,30,60.57%,40.01%,83.39%,6.64,31.81,4,6,3,5,1,19,Moderately High Risk,N/A,N/A,N/A,N/A,16.37,18.75,N/A,10.42,15.47,N/A
Invesco India Consumption Dir,Direct,Equity: Thematic (Infra),45529,153900,INF205KA1BI6,--,--,--,--,--,--,35,39.86%,22.01%,67.71%,7.35,53.31,1,1,1,1,1,5,High Risk,N/A,N/A,N/A,N/A,12.15,19.94,N/A,10.42,15.47,N/A
ITI Bharat Consumption Dir,Direct,Equity: Thematic (Infra),44922,153260,INF00XX01DG1,--,--,--,--,--,--,59,39.03%,24.27%,73.63%,5.65,23.91,1,1,1,1,1,5,High Risk,N/A,N/A,N/A,N/A,10.64,24.1,N/A,10.42,15.47,N/A
Kotak Consumption Dir,Direct,Equity: Thematic (Infra),43860,152169,INF174KA1PP8,--,--,--,--,--,--,46,54.63%,34.14%,73.54%,4.97,31.3,1,1,1,1,1,5,High Risk,N/A,N/A,N/A,N/A,16.82,N/A,N/A,10.42,N/A,N/A
Kotak NIFTY India Consumption ETF,Direct,Equity: Thematic (Infra),42398,150492,INF174KA1ZF8,-0.37,0.83,0.52,15.87,14.29,0.61,30,60.56%,40.00%,83.36%,6.64,31.81,4,6,3,5,1,19,Moderately High Risk,N/A,N/A,N/A,N/A,10.78,14.04,N/A,10.42,15.47,N/A
LIC MF Consumption Dir,Direct,Equity: Thematic (Infra),45568,153948,INF767K01SD0,--,--,--,--,--,--,55,25.09%,14.10%,66.61%,5.48,24.62,1,1,1,1,1,5,High Risk,N/A,N/A,N/A,N/A,12.05,11.58,9.05,10.42,15.47,13.24
Mahindra Manulife Consumption Dir,Direct,Equity: Thematic (Infra),37847,145356,INF174V01663,-1.35,0.82,0.47,15.32,13.3,0.54,47,43.58%,26.96%,84.95%,5.66,30.14,4,4,3,5,1,17,Moderately High Risk,N/A,N/A,N/A,N/A,9.55,16.37,14.25,10.42,15.47,13.24
Mirae Asset Great Consumer Dir,Direct,Equity: Thematic (Infra),16584,118837,INF769K01BL5,-1.25,0.88,0.48,16.55,14.02,0.57,38,54.60%,34.28%,89.46%,6.82,40.29,4,4,3,4,1,16,Moderately High Risk,N/A,N/A,N/A,N/A,9.52,N/A,N/A,10.42,N/A,N/A
Mirae Asset Nifty India New Age Consumption ETF,Direct,Equity: Thematic (Infra),44832,153191,INF769K01NS5,--,--,--,--,--,--,75,42.51%,25.35%,77.92%,5.21,24.14,1,1,1,1,1,5,High Risk,N/A,N/A,N/A,N/A,16.8,N/A,N/A,10.42,N/A,N/A
Mirae Asset Nifty India New Age Consumption ETF FoF Dir,Direct,Equity: Thematic (Infra),44835,153192,INF769K01NP1,--,--,--,--,--,--,N/A,N/A,N/A,N/A,N/A,N/A,1,1,1,1,1,5,High Risk,N/A,N/A,N/A,N/A,13.74,19.86,16.92,10.42,15.47,13.24
Motilal Oswal Consumption Dir,Direct,Equity: Thematic (Infra),45543,153913,INF247L01GA2,--,--,--,--,--,--,28,53.49%,31.68%,71.17%,6.49,42.12,1,1,1,1,1,5,High Risk,N/A,N/A,N/A,N/A,15.24,20.1,N/A,10.42,15.47,N/A
Motilal Oswal Nifty MidSmall India Consumption Index Dir,Direct,Equity: Thematic (Infra),44680,153025,INF247L01DU7,--,--,--,--,--,--,30,49.15%,28.78%,64.97%,7.99,168.18,1,1,1,1,1,5,High Risk,N/A,N/A,N/A,N/A,15.15,N/A,N/A,10.42,N/A,N/A
Nippon India Consumption Dir,Direct,Equity: Thematic (Infra),16131,118724,INF204K01G52,-1.72,0.8,0.43,15.43,12.68,0.49,N/A,N/A,N/A,N/A,N/A,N/A,4,4,3,5,1,17,Moderately High Risk,N/A,N/A,N/A,N/A,9.96,N/A,N/A,10.42,N/A,N/A
Nippon India ETF Nifty India Consumption,Direct,Equity: Thematic (Infra),25700,128331,INF204KA1LD7,-0.58,0.82,0.51,15.86,14.07,0.59,30,60.56%,40.00%,83.35%,6.64,31.8,4,6,3,5,1,19,Moderately High Risk,N/A,N/A,N/A,N/A,12.84,14.89,N/A,10.42,15.47,N/A
Quant Consumption Dir,Direct,Equity: Thematic (Infra),44053,152336,INF966L01DN7,--,--,--,--,--,--,16,77.76%,44.20%,89.13%,3.66,37.85,1,1,1,1,1,5,High Risk,N/A,N/A,N/A,N/A,12.14,17.6,N/A,10.42,15.47,N/A
SBI Consumption Opportunities Dir,Direct,Equity: Thematic (Infra),17525,120575,INF200K01RM5,-3.43,0.83,0.33,15.83,11.26,0.41,46,41.23%,22.14%,78.77%,6.94,44.84,2,2,3,5,1,13,Moderately High Risk,N/A,N/A,N/A,N/A,8.43,N/A,N/A,10.42,N/A,N/A
SBI Nifty Consumption ETF,Direct,Equity: Thematic (Infra),41572,149041,INF200KA1X17,-0.53,0.83,0.51,15.88,14.13,0.6,30,60.57%,40.01%,83.38%,6.64,31.81,4,6,3,5,1,19,Moderately High Risk,N/A,N/A,N/A,N/A,9.2,N/A,N/A,10.42,N/A,N/A
SBI Nifty India Consmpn Index Dir,Direct,Equity: Thematic (Infra),44672,153015,INF200KB1449,--,--,--,--,--,--,30,60.63%,40.05%,83.48%,7.14,33.57,1,1,1,1,1,5,High Risk,N/A,N/A,N/A,N/A,11.75,16.87,N/A,10.42,15.47,N/A
Sundaram Consumption Dir,Direct,Equity: Thematic (Infra),16163,119595,INF903J01NH5,-1.94,0.82,0.42,15.68,12.62,0.48,27,61.17%,39.85%,82.27%,5.91,31.47,4,4,3,5,1,17,Moderately High Risk,N/A,N/A,N/A,N/A,13.4,N/A,N/A,10.42,N/A,N/A
Tata BSE Multicap Consmpn 50:30:20 Index Dir,Direct,Equity: Thematic (Infra),45705,154066,INF277KA1EP8,--,--,--,--,--,--,100,34.54%,22.63%,84.70%,5.69,25.22,1,1,1,1,1,5,High Risk,N/A,N/A,N/A,N/A,15.37,N/A,N/A,10.42,N/A,N/A
Tata India Consumer Dir,Direct,Equity: Thematic (Infra),31360,135805,INF277K013A6,0.88,0.79,0.59,15.53,15.2,0.72,33,51.36%,31.28%,76.42%,8.26,44.08,6,6,3,5,1,21,Moderate Risk,N/A,N/A,N/A,N/A,9.18,13.62,N/A,10.42,15.47,N/A
Union Consumption Dir,Direct,Equity: Thematic (Infra),45669,154020,INF582M01MH3,--,--,--,--,--,--,50,44.98%,28.15%,75.60%,6.47,42.72,1,1,1,1,1,5,High Risk,N/A,N/A,N/A,N/A,9.99,19.43,17.01,10.42,15.47,13.24
UTI India Consumer Dir,Direct,Equity: Thematic (Infra),15894,120780,INF789F01VF3,-2.39,0.84,0.41,15.9,12.47,0.46,41,56.29%,38.78%,82.35%,6.45,37.97,2,4,3,5,1,15,Moderately High Risk,N/A,N/A,N/A,N/A,14.52,22.04,19.37,10.42,15.47,13.24
WhiteOak Capital Consumption Opportunities Dir,Direct,Equity: Thematic (Infra),45780,154161,INF03VN01AD3,--,--,--,--,--,--,45,46.92%,31.70%,76.24%,6.4,41.76,1,1,1,1,1,5,High Risk,N/A,N/A,N/A,N/A,N/A,N/A,N/A,N/A,N/A,N/A
ABSL ESG Integration Strategy Dir,Direct,Equity: Thematic (ESG),41221,148637,INF209KB1U76,1.41,0.99,0.49,14.48,13.1,0.59,56,40.00%,25.36%,74.62%,3.44,24.01,6,4,3,3,1,17,Moderately High Risk,N/A,N/A,N/A,N/A,22.44,N/A,N/A,10.42,N/A,N/A
Axis ESG Integration Strategy Dir,Direct,Equity: Thematic (ESG),40536,147928,INF846K01W23,-0.33,0.92,0.37,13.22,10.96,0.47,37,46.44%,28.69%,59.64%,3.05,21.12,4,4,4,4,1,17,Moderately High Risk,N/A,N/A,N/A,N/A,15.18,18.72,N/A,10.42,15.47,N/A
Baroda BNP Paribas ESG Best-in-class strategy Dir,Direct,Equity: Thematic (ESG),45837,154195,INF251K01VP3,--,--,--,--,--,--,33,22.40%,13.39%,29.24%,3.89,24.76,1,1,1,1,1,5,High Risk,N/A,N/A,N/A,N/A,18.36,N/A,N/A,10.42,N/A,N/A
ICICI Pru ESG Exclusionary Strategy Dir,Direct,Equity: Thematic (ESG),41127,148516,INF109KC1O09,3.64,0.96,0.64,14.14,15.15,0.88,50,N/A,N/A,N/A,N/A,24.5,10,6,3,3,2,24,Moderate Risk,N/A,N/A,N/A,N/A,4.34,N/A,N/A,10.42,N/A,N/A
Invesco India ESG Integration Strategy Dir,Direct,Equity: Thematic (ESG),41339,148751,INF205KA1338,-1.73,0.99,0.27,14.75,9.97,0.33,40,46.54%,28.23%,75.21%,3.87,26.52,4,2,3,3,1,13,Moderately High Risk,N/A,N/A,N/A,N/A,9.18,N/A,N/A,10.42,N/A,N/A
Kotak ESG Exclusionary Strategy Dir,Direct,Equity: Thematic (ESG),41202,148606,INF174KA1FI4,0.8,0.95,0.46,13.57,12.3,0.52,48,46.57%,27.54%,64.96%,3.28,21.63,6,4,4,4,1,19,Moderately High Risk,N/A,N/A,N/A,N/A,3.84,N/A,N/A,10.42,N/A,N/A
Mirae Asset Nifty 100 ESG Sector Leaders ETF,Direct,Equity: Thematic (ESG),41157,148572,INF769K01GS9,-0.9,0.95,0.34,13.32,10.58,0.43,64,55.82%,41.17%,71.01%,3.03,21.45,4,2,4,4,1,15,Moderately High Risk,N/A,N/A,N/A,N/A,8.74,18.19,N/A,10.42,15.47,N/A
Mirae Asset Nifty 100 ESG Sector Leaders FoF Dir,Direct,Equity: Thematic (ESG),41160,148574,INF769K01GQ3,-0.96,0.95,0.34,13.35,10.52,0.42,N/A,N/A,N/A,N/A,N/A,N/A,4,2,4,4,1,15,Moderately High Risk,N/A,N/A,N/A,N/A,12.53,N/A,N/A,10.42,N/A,N/A
Quant ESG Integration Strategy Dir,Direct,Equity: Thematic (ESG),41165,148564,INF966L01AD4,2.11,1.14,0.48,17.98,14.65,0.69,22,66.35%,40.95%,73.59%,3.21,32.22,8,4,2,2,1,17,Moderately High Risk,N/A,N/A,N/A,N/A,15.16,17.55,12.72,10.42,15.47,13.24
Quantum ESG Best In Class Strategy Dir,Direct,Equity: Thematic (ESG),40010,147372,INF082J01382,-1.67,1.01,0.28,14.58,10.13,0.32,53,34.26%,20.20%,69.61%,4.32,30.46,4,2,3,3,1,13,Moderately High Risk,N/A,N/A,N/A,N/A,19.98,N/A,N/A,10.42,N/A,N/A
SBI ESG Exclusionary Strategy Dir,Direct,Equity: Thematic (ESG),16219,119709,INF200K01SE0,-0.46,0.97,0.37,13.89,11.15,0.41,41,50.60%,31.93%,63.86%,3.49,24.55,4,4,4,3,1,16,Moderately High Risk,N/A,N/A,N/A,N/A,20.5,N/A,N/A,10.42,N/A,N/A
WhiteOak Capital ESG Best-In-Class Strategy Dir,Direct,Equity: Thematic (ESG),44645,152962,INF03VN01951,--,--,--,--,--,--,63,45.98%,31.14%,65.81%,3.96,26.74,1,1,1,1,1,5,High Risk,N/A,N/A,N/A,N/A,N/A,N/A,N/A,N/A,N/A,N/A
ABSL CRISIL 10 Year Gilt ETF,Direct,Debt: Others (Structured/Credit),44486,152802,INF209KC1142,--,--,--,--,--,--,N/A,N/A,N/A,N/A,N/A,N/A,1,1,1,1,1,5,High Risk,7.14,6.97,9.52,GOI/Cash,11.1,N/A,N/A,10.42,N/A,N/A
Bandhan Gilt Fund with 10 year Constant Duration Dir,Direct,Debt: Others (Structured/Credit),16728,118387,INF194K01P38,--,--,0.41,3.08,7.28,0.52,N/A,N/A,N/A,N/A,N/A,N/A,1,4,6,1,1,13,Moderately High Risk,6.75,6.69,9.17,GOI/Cash,18.24,21.43,15.87,10.42,15.47,13.24
DSP 10Y G-Sec Dir,Direct,Debt: Others (Structured/Credit),28175,131301,INF740K019I5,--,--,0.19,2.77,6.57,0.27,N/A,N/A,N/A,N/A,N/A,N/A,1,2,6,1,1,11,High Risk,6.77,7.06,9.56,GOI/Cash,N/A,N/A,N/A,N/A,N/A,N/A
ICICI Pru Constant Maturity Gilt Dir,Direct,Debt: Others (Structured/Credit),27957,131061,INF109KA1O37,--,--,0.4,2.85,7.16,0.53,N/A,N/A,N/A,N/A,N/A,N/A,1,4,6,1,1,13,Moderately High Risk,6.87,7.2,10.17,GOI/Cash,17.23,N/A,N/A,10.42,N/A,N/A
ICICI Pru Nifty 10 yr Benchmark G-Sec ETF,Direct,Debt: Others (Structured/Credit),42946,151196,INF109KC18O0,--,--,0.19,2.79,6.56,0.27,N/A,N/A,N/A,N/A,N/A,N/A,1,2,6,1,1,11,High Risk,6.77,7.07,9.58,GOI/Cash,10.94,N/A,N/A,10.42,N/A,N/A
SBI Constant Maturity 10-Year Gilt Dir,Direct,Debt: Others (Structured/Credit),17173,120137,INF200K01SK7,--,--,0.31,2.91,6.93,0.41,N/A,N/A,N/A,N/A,N/A,N/A,1,2,6,1,1,11,High Risk,6.81,7.13,9.76,GOI/Cash,8.07,N/A,N/A,10.42,N/A,N/A
SBI Nifty 10Y Benchmark G-Sec ETF,Direct,Debt: Others (Structured/Credit),32486,139430,INF200KA1JT1,--,--,0.25,2.86,6.74,0.35,N/A,N/A,N/A,N/A,N/A,N/A,1,2,6,1,1,11,High Risk,6.78,7.09,9.61,GOI/Cash,8.97,N/A,N/A,10.42,N/A,N/A
UTI Gilt Fund with 10 year Constant Duration Dir,Direct,Debt: Others (Structured/Credit),42374,150410,INF789F1AVR7,--,--,0.31,2.88,6.92,0.41,N/A,N/A,N/A,N/A,N/A,N/A,1,2,6,1,1,11,High Risk,6.78,6.84,9.27,GOI/Cash,0.85,N/A,N/A,10.42,N/A,N/A
UTI Nifty 10 yr Benchmark G-Sec ETF,Direct,Debt: Others (Structured/Credit),44082,152369,INF789F1AZF3,--,--,--,--,--,--,N/A,N/A,N/A,N/A,N/A,N/A,1,1,1,1,1,5,High Risk,--,--,--,GOI/Cash,16.57,N/A,N/A,10.42,N/A,N/A
ABSL Business Cycle Reg,Regular,Solution: Retirement - Equity,41812,149296,INF209KB12D6,-1.36,0.95,0.39,14.12,11.52,0.5,68,33.12%,20.42%,58.72%,3.47,25.59,,,,,,,,N/A,N/A,N/A,N/A,2.28,N/A,N/A,2.49,N/A,N/A
Axis Business Cycles Reg,Regular,Solution: Retirement - Equity,43122,151366,INF846K019N8,0.31,0.99,0.5,14.88,13.49,0.56,76,29.16%,16.83%,56.61%,3.37,28.56,,,,,,,,N/A,N/A,N/A,N/A,3.6,7.45,5.66,2.49,6.93,5.27
Bandhan Business Cycle Reg,Regular,Solution: Retirement - Equity,44518,152877,INF194KB1IP8,--,--,--,--,--,--,89,34.34%,20.37%,61.14%,2.6,20.57,,,,,,,,N/A,N/A,N/A,N/A,1.82,6.53,4.49,2.49,6.93,5.27
Bank of India Business Cycle Reg,Regular,Solution: Retirement - Equity,44472,152790,INF761K01GC0,--,--,--,--,--,--,54,38.45%,22.62%,54.78%,3.64,24.47,,,,,,,,N/A,N/A,N/A,N/A,3.37,7.25,5.79,2.49,6.93,5.27
Baroda BNP Paribas Business Cycle Reg,Regular,Solution: Retirement - Equity,41669,149140,INF955L01KH7,-0.1,1.01,0.47,15.17,13.22,0.58,58,37.47%,25.06%,54.13%,3.81,27.01,,,,,,,,N/A,N/A,N/A,N/A,2.15,6.9,N/A,2.49,6.93,N/A
DSP Business Cycle Fund Reg,Regular,Solution: Retirement - Equity,44758,153122,INF740KA1US7,--,--,--,--,--,--,50,41.43%,24.90%,55.69%,3.6,26.12,,,,,,,,N/A,N/A,N/A,N/A,2.57,6.82,5.54,2.49,6.93,5.27
Edelweiss Business Cycle Reg,Regular,Solution: Retirement - Equity,44392,152724,INF754K01SW8,--,--,--,--,--,--,71,28.98%,16.18%,66.31%,2.84,18.57,,,,,,,,N/A,N/A,N/A,N/A,2.24,6.92,4.85,2.49,6.93,5.27
HDFC Business Cycle Reg,Regular,Solution: Retirement - Equity,42725,150803,INF179KC1EB5,-2.63,0.92,0.29,13.79,10,0.35,59,45.10%,28.22%,54.90%,3.41,28.75,,,,,,,,N/A,N/A,N/A,N/A,2.44,6.66,N/A,2.49,6.93,N/A
HSBC Business Cycles Reg,Regular,Solution: Retirement - Equity,27581,151144,INF917K01RF8,0.9,1.15,0.5,18.47,15.21,0.65,70,32.07%,20.33%,73.34%,2.8,21.55,,,,,,,,N/A,N/A,N/A,N/A,1.98,N/A,N/A,2.49,N/A,N/A
ICICI Pru Business Cycle,Regular,Solution: Retirement - Equity,41243,148653,INF109KC1O90,N/A,N/A,N/A,N/A,N/A,N/A,77,49.99%,33.89%,63.82%,2.94,22.43,4,4,3,4,1,16,Moderately High Risk,N/A,N/A,N/A,N/A,25.35,16.03,8.92,10.42,15.47,13.24
Invesco India Business Cycle Reg,Regular,Solution: Retirement - Equity,44928,153288,INF205KA1AF4,--,--,--,--,--,--,35,48.16%,27.42%,64.96%,3.91,40.81,6,6,3,3,1,19,Moderately High Risk,N/A,N/A,N/A,N/A,30.37,20.82,13,10.42,15.47,13.24
ITI Business Cycle Reg,Regular,Solution: Retirement - Equity,45805,154159,INF00XX01DJ5,--,--,--,--,--,--,47,28.19%,18.70%,42.85%,2.76,19.73,1,1,1,1,1,5,High Risk,N/A,N/A,N/A,N/A,38.46,16.66,10.12,10.42,15.47,13.24
Kotak Business Cycle Reg,Regular,Solution: Retirement - Equity,42531,150626,INF174KA1JK2,1.43,0.94,0.56,14.63,14.28,0.64,N/A,N/A,N/A,N/A,N/A,N/A,1,1,1,1,1,5,High Risk,N/A,N/A,N/A,N/A,55.62,29.4,N/A,10.42,15.47,N/A
Mahindra Manulife Business Cycle Reg,Regular,Solution: Retirement - Equity,43734,152046,INF174V01BN1,--,--,--,--,--,--,64,30.28%,18.52%,51.80%,2.36,20.82,4,4,3,3,1,15,Moderately High Risk,N/A,N/A,N/A,N/A,44.93,21.49,13.27,10.42,15.47,13.24
Motilal Oswal Business Cycle Reg,Regular,Solution: Retirement - Equity,44478,152794,INF247L01DD3,--,--,--,--,--,--,22,63.21%,40.59%,67.07%,4.21,36.04,1,1,1,1,1,5,High Risk,N/A,N/A,N/A,N/A,45.08,20.18,N/A,10.42,15.47,N/A
Quant Business Cycle Reg,Regular,Solution: Retirement - Equity,43516,151758,INF966L01BU6,--,--,--,--,--,--,21,74.80%,47.23%,70.10%,2.87,28.88,1,1,1,1,1,5,High Risk,N/A,N/A,N/A,N/A,66.1,12.92,2.96,10.42,15.47,13.24
Sundaram Business Cycle Reg,Regular,Solution: Retirement - Equity,44360,152678,INF903JA1LN3,--,--,--,--,--,--,43,38.13%,21.62%,68.06%,3.93,31.39,2,2,4,4,1,13,Moderately High Risk,N/A,N/A,N/A,N/A,54.43,28.75,N/A,10.42,15.47,N/A
Tata Business Cycle Reg,Regular,Solution: Retirement - Equity,41579,149068,INF277KA1190,0.76,0.97,0.53,14.66,13.82,0.67,51,38.34%,23.89%,62.82%,2.98,26.17,6,6,2,2,1,17,Moderately High Risk,N/A,N/A,N/A,N/A,37.99,25.62,N/A,10.42,15.47,N/A
Union Business Cycle Reg,Regular,Solution: Retirement - Equity,44136,152411,INF582M01JM9,--,--,--,--,--,--,55,33.10%,18.49%,62.32%,3.5,25.26,1,1,1,1,1,5,High Risk,N/A,N/A,N/A,N/A,32.09,14.38,N/A,10.42,15.47,N/A
Axis Innovation Reg,Regular,Solution: Retirement - Hybrid,41223,148631,INF846K01Y05,2.06,0.77,0.61,12.51,13.62,0.82,71,31.18%,18.67%,64.27%,6.11,52.37,1,1,1,1,1,5,High Risk,N/A,N/A,N/A,N/A,95.85,17.14,12.24,10.42,15.47,13.24
Bandhan Innovation Reg,Regular,Solution: Retirement - Hybrid,44245,152606,INF194KB1IB8,--,--,--,--,--,--,73,32.42%,21.24%,49.01%,4.53,38.62,1,1,1,1,1,5,High Risk,N/A,N/A,N/A,N/A,41.33,25.02,N/A,10.42,15.47,N/A
Baroda BNP Paribas Innovation Reg,Regular,Solution: Retirement - Hybrid,44100,152472,INF251K01TB7,--,--,--,--,--,--,44,35.90%,20.00%,56.91%,5.9,47.49,6,6,3,4,1,20,Moderate Risk,N/A,N/A,N/A,N/A,67.69,24.61,15.67,10.42,15.47,13.24
HDFC Innovation Reg,Regular,Solution: Retirement - Hybrid,45273,153619,INF179KC1JL3,--,--,--,--,--,--,59,42.37%,26.72%,55.11%,5.5,46.55,1,1,1,1,1,5,High Risk,N/A,N/A,N/A,N/A,145.23,50.03,27.54,10.42,15.47,13.24
ICICI Pru Innovation,Regular,Solution: Retirement - Hybrid,43442,151579,INF109KC19S9,--,--,--,--,--,--,60,32.59%,18.96%,53.02%,3.73,19.3,1,1,1,1,1,5,High Risk,N/A,N/A,N/A,N/A,130.35,26.41,18.4,10.42,15.47,13.24
Kotak Pioneer Reg,Regular,Solution: Retirement - Hybrid,40374,147724,INF174KA1EW8,5.03,0.89,0.79,14.49,17.49,0.94,49,30.33%,17.83%,41.78%,5.12,40.52,1,1,1,1,1,5,High Risk,N/A,N/A,N/A,N/A,41.41,11.19,8.36,10.42,15.47,13.24
Mahindra Manulife Innovation Opportunities Reg,Regular,Solution: Retirement - Hybrid,45735,154120,INF174V01CX8,--,--,--,--,--,--,N/A,N/A,N/A,N/A,N/A,N/A,1,1,1,1,1,5,High Risk,N/A,N/A,N/A,N/A,79.36,22.26,6.62,10.42,15.47,13.24
Motilal Oswal Innovation Opportunities Reg,Regular,Solution: Retirement - Hybrid,44900,153256,INF247L01EM2,--,--,--,--,--,--,28,41.74%,22.55%,63.06%,4.68,36.96,6,6,3,3,1,19,Moderately High Risk,N/A,N/A,N/A,N/A,52.37,22.26,14.55,10.42,15.47,13.24
Nippon India Innovation Reg,Regular,Solution: Retirement - Hybrid,43719,152034,INF204KC1BL9,--,--,--,--,--,--,49,37.36%,20.03%,59.78%,4.5,28.77,1,1,1,1,1,5,High Risk,N/A,N/A,N/A,N/A,74,15.07,1.74,10.42,15.47,13.24
SBI Innovative Opportunities Reg,Regular,Solution: Retirement - Hybrid,44457,152774,INF200KB1290,--,--,--,--,--,--,37,46.31%,28.68%,65.77%,5.02,39.92,8,6,4,5,2,25,Moderate Risk,N/A,N/A,N/A,N/A,48.35,28.82,10.52,10.42,15.47,13.24
Tata India Innovation Reg,Regular,Solution: Retirement - Hybrid,44714,153059,INF277KA1CR8,--,--,--,--,--,--,61,35.22%,20.60%,57.32%,3.55,26.05,1,1,1,1,1,5,High Risk,N/A,N/A,N/A,N/A,37.1,16.43,12.02,10.42,15.47,13.24
Union Innovation & Opportunities Reg,Regular,Solution: Retirement - Hybrid,43668,151903,INF582M01JA4,--,--,--,--,--,--,50,35.33%,20.43%,61.71%,4.8,49.09,1,1,1,1,1,5,High Risk,N/A,N/A,N/A,N/A,47.74,14.22,3.34,10.42,15.47,13.24
UTI Innovation Reg,Regular,Solution: Retirement - Hybrid,43797,152086,INF789F1AYY7,--,--,--,--,--,--,28,58.70%,36.73%,84.32%,4.01,48.54,1,1,1,1,1,5,High Risk,N/A,N/A,N/A,N/A,22.68,21.36,8.89,10.42,15.47,13.24
360 ONE Flexicap Reg,Regular,Solution: Children - Debt,43545,151799,INF579M01AP7,--,--,--,--,--,--,N/A,N/A,N/A,N/A,N/A,N/A,1,1,1,1,1,5,High Risk,N/A,N/A,N/A,N/A,47.39,22.41,N/A,10.42,15.47,N/A
360 ONE Focused Reg,Regular,Solution: Children - Debt,28456,131578,INF579M01878,-0.93,0.92,0.41,13.94,11.75,0.51,30,50.36%,30.45%,72.14%,4.14,25.07,12,8,3,4,2,29,Low Risk,N/A,N/A,N/A,N/A,70.33,21.98,10.54,10.42,15.47,13.24
Abakkus Flexi Cap Reg,Regular,Solution: Children - Debt,45681,154041,INF2JJD01169,--,--,--,--,--,--,44,32.03%,19.27%,55.63%,2.96,22.32,1,1,1,1,1,5,High Risk,N/A,N/A,N/A,N/A,89.77,24.2,10.65,10.42,15.47,13.24
ABSL Bal Bhavishya Yojna Reg,Regular,Solution: Children - Debt,38819,146409,INF209KB1E76,-1.19,0.94,0.39,14.15,11.61,0.49,71,32.68%,20.80%,53.63%,2.98,23.65,1,1,1,1,1,5,High Risk,N/A,N/A,N/A,N/A,73.2,22.88,7.94,10.42,15.47,13.24
ABSL BSE 500 Momentum 50 Index Reg,Regular,Solution: Children - Debt,45375,153735,INF209KC1605,--,--,--,--,--,--,N/A,N/A,N/A,N/A,N/A,N/A,1,1,1,1,1,5,High Risk,N/A,N/A,N/A,N/A,35.25,16.88,7.37,10.42,15.47,13.24
ABSL BSE 500 Quality 50 Index Reg,Regular,Solution: Children - Debt,45379,153742,INF209KC1639,--,--,--,--,--,--,50,40.98%,20.96%,59.55%,7.65,22.31,1,1,1,1,1,5,High Risk,N/A,N/A,N/A,N/A,25.08,11.42,9.59,10.42,15.47,13.24
ABSL Flexi Cap Reg,Regular,Solution: Children - Debt,561,103166,INF209K01AJ8,2.21,0.95,0.65,14.02,15.09,0.82,78,31.98%,20.25%,59.33%,3.5,25.24,1,1,1,1,1,5,High Risk,N/A,N/A,N/A,N/A,39.42,29.1,N/A,10.42,15.47,N/A
ABSL Focused Reg,Regular,Solution: Children - Debt,2865,103309,INF209K01462,1.31,0.91,0.58,13.61,13.9,0.78,N/A,N/A,N/A,N/A,N/A,N/A,1,1,1,1,1,5,High Risk,N/A,N/A,N/A,N/A,83.28,27.67,N/A,10.42,15.47,N/A
ABSL Retirement 30s Reg,Regular,Solution: Children - Debt,39179,146577,INF209KB1H99,0.51,0.94,0.51,14.34,13.32,0.65,74,24.36%,13.75%,53.10%,3.48,24.63,1,1,1,1,1,5,High Risk,N/A,N/A,N/A,N/A,22.87,13.42,9.96,10.42,15.47,13.24
Angel One Nifty Total Market ETF,Regular,Solution: Children - Debt,44964,153332,INF1J2R01015,--,--,--,--,--,--,751,30.57%,21.28%,53.25%,2.97,20.44,1,1,1,1,1,5,High Risk,N/A,N/A,N/A,N/A,40.73,20.77,14.97,10.42,15.47,13.24
Angel One Nifty Total Market Index Reg,Regular,Solution: Children - Debt,44962,153331,INF1J2R01031,--,--,--,--,--,--,751,30.50%,21.23%,53.12%,3.14,21.34,4,4,4,4,1,17,Moderately High Risk,N/A,N/A,N/A,N/A,57.31,17.46,13.71,10.42,15.47,13.24
Angel One Nifty Total Market Momentum Quality 50 ETF,Regular,Solution: Children - Debt,45605,153957,INF1J2R01148,--,--,--,--,--,--,50,48.57%,26.19%,69.61%,5.95,28.19,1,1,1,1,1,5,High Risk,N/A,N/A,N/A,N/A,55.55,29.53,N/A,10.42,15.47,N/A
Angel One Nifty Total Market Momentum Quality 50 Index Reg,Regular,Solution: Children - Debt,45606,153955,INF1J2R01130,--,--,--,--,--,--,50,48.71%,26.24%,69.86%,5.54,27.38,4,4,3,4,1,16,Moderately High Risk,N/A,N/A,N/A,N/A,55.09,21.38,0.36,10.42,15.47,13.24
Axis Flexi Cap Reg,Regular,Solution: Children - Debt,34709,141927,INF846K01B51,-0.73,0.97,0.43,14.71,12.29,0.5,60,40.48%,24.27%,56.98%,4.35,30.28,1,1,1,1,1,5,High Risk,N/A,N/A,N/A,N/A,68.11,21.21,8.13,10.42,15.47,13.24
Axis Focused Reg,Regular,Solution: Children - Debt,14951,117560,INF846K01CH7,-3.23,0.92,0.24,14.48,9.47,0.33,28,48.57%,28.44%,55.78%,4.51,29.48,1,1,1,1,1,5,High Risk,N/A,N/A,N/A,N/A,36.18,19.96,N/A,10.42,15.47,N/A
Axis Nifty 500 Index Reg,Regular,Solution: Children - Debt,44412,152730,INF846K018W1,--,--,--,--,--,--,N/A,N/A,N/A,N/A,N/A,N/A,8,8,3,4,2,25,Moderate Risk,N/A,N/A,N/A,N/A,29.16,6.86,2.32,10.42,15.47,13.24
Axis Nifty500 Momentum 50 Index Reg,Regular,Solution: Children - Debt,44904,153245,INF846KA1036,--,--,--,--,--,--,50,44.54%,24.34%,75.37%,4.37,26.75,6,6,4,4,1,21,Moderate Risk,N/A,N/A,N/A,N/A,N/A,N/A,N/A,N/A,N/A,N/A
Axis Nifty500 Quality 50 Index Reg,Regular,Solution: Children - Debt,45467,153830,INF846KA1192,--,--,--,--,--,--,50,38.54%,22.41%,61.28%,7.29,23.31,6,6,3,4,1,20,Moderate Risk,N/A,N/A,N/A,N/A,50.57,29.27,17.4,10.42,15.47,13.24
Bajaj Finserv Flexi Cap Reg,Regular,Solution: Children - Debt,43651,151898,INF0QA701383,--,--,--,--,--,--,58,35.54%,20.15%,57.08%,3.87,27.71,1,1,1,1,1,5,High Risk,N/A,N/A,N/A,N/A,35.98,5.68,N/A,10.42,15.47,N/A
Bandhan Flexi Cap Reg,Regular,Solution: Children - Debt,2886,108594,INF194K01391,0.55,0.87,0.52,13.11,12.88,0.63,94,37.97%,25.29%,58.18%,3.01,21.81,1,1,1,1,1,5,High Risk,N/A,N/A,N/A,N/A,100.37,17.81,N/A,10.42,15.47,N/A
Bandhan Focused Reg,Regular,Solution: Children - Debt,3151,108592,INF194K01466,2.37,0.94,0.59,15.46,15.19,0.76,29,54.05%,32.31%,66.71%,2.25,15.97,1,1,1,1,1,5,High Risk,N/A,N/A,N/A,N/A,67.98,31.94,N/A,10.42,15.47,N/A
Bandhan Nifty 500 Momentum 50 Index Reg,Regular,Solution: Children - Debt,44629,153002,INF194KB1IX2,--,--,--,--,--,--,50,44.64%,24.39%,75.58%,4.37,26.75,1,1,1,1,1,5,High Risk,N/A,N/A,N/A,N/A,10.07,9.41,N/A,10.42,15.47,N/A
Bandhan Nifty Alpha 50 Index Reg,Regular,Solution: Children - Debt,43862,152179,INF194KB1GX6,--,--,--,--,--,--,50,32.42%,18.42%,78.06%,3.15,20,4,4,3,3,1,15,Moderately High Risk,N/A,N/A,N/A,N/A,19.13,15.71,N/A,10.42,15.47,N/A
Bandhan Nifty Total Mkt Index Reg,Regular,Solution: Children - Debt,44402,152717,INF194KB1IH5,--,--,--,--,--,--,750,30.50%,21.22%,53.17%,3.14,21.34,2,2,3,4,1,12,High Risk,N/A,N/A,N/A,N/A,54.46,40.11,N/A,10.42,15.47,N/A
Bank of India Flexi Cap Reg,Regular,Solution: Children - Debt,41016,148405,INF761K01FI9,5.12,1.08,0.73,17.79,18.97,1.02,58,31.88%,18.45%,56.27%,3.13,20.69,1,1,1,1,1,5,High Risk,N/A,N/A,N/A,N/A,49.47,47.65,N/A,10.42,15.47,N/A
Baroda BNP Paribas Children's Reg,Regular,Solution: Children - Debt,44778,153170,INF251K01UC3,--,--,--,--,--,--,52,31.04%,19.39%,56.91%,3.74,26.79,1,1,1,1,1,5,High Risk,N/A,N/A,N/A,N/A,34.78,27.45,N/A,10.42,15.47,N/A
Baroda BNP Paribas Flexi Cap Reg,Regular,Solution: Children - Debt,42310,150385,INF251K01QW9,-0.14,1,0.47,15.08,13.08,0.55,43,32.58%,18.56%,58.45%,3.06,24.8,1,1,1,1,1,5,High Risk,N/A,N/A,N/A,N/A,52.47,34.15,N/A,10.42,15.47,N/A
Baroda BNP Paribas Focused Reg,Regular,Solution: Children - Debt,34651,150263,INF251K01PK6,-3.13,1.09,0.28,16.6,10.73,0.34,27,51.98%,30.49%,62.71%,3.2,25.76,1,1,1,1,1,5,High Risk,N/A,N/A,N/A,N/A,43.79,N/A,N/A,10.42,N/A,N/A
Canara Robeco Flexi Cap Reg,Regular,Solution: Children - Debt,1839,101922,INF760K01019,-0.81,0.93,0.43,13.84,11.96,0.51,72,38.76%,24.99%,56.71%,4.12,27.55,6,6,4,4,1,21,Moderate Risk,N/A,N/A,N/A,N/A,40.39,29.64,17.78,10.42,15.47,13.24
Canara Robeco Focused Reg,Regular,Solution: Children - Debt,41456,148884,INF760K01JT0,0.56,0.93,0.52,14.05,13.3,0.62,30,48.41%,29.07%,58.14%,4.05,28.55,8,6,3,4,1,22,Moderate Risk,N/A,N/A,N/A,N/A,55.99,34.12,19.53,10.42,15.47,13.24
Capitalmind Flexi Cap Reg,Regular,Solution: Children - Debt,45312,153739,INF226401026,--,--,--,--,--,--,35,27.64%,15.15%,42.53%,2.72,16.92,1,1,1,1,1,5,High Risk,N/A,N/A,N/A,N/A,49.95,22.72,N/A,10.42,15.47,N/A
DSP Flexi Cap Reg,Regular,Solution: Children - Debt,393,105875,INF740K01037,0.46,0.99,0.51,14.96,13.64,0.64,65,40.89%,27.76%,63.70%,3.13,20.69,1,1,1,1,1,5,High Risk,N/A,N/A,N/A,N/A,33.45,23.14,15.41,10.42,15.47,13.24
DSP Focused Reg,Regular,Solution: Children - Debt,11183,112901,INF740K01532,2.2,0.98,0.61,15.18,15.31,0.81,28,48.30%,29.99%,61.00%,3.12,19.82,1,1,1,1,1,5,High Risk,N/A,N/A,N/A,N/A,40.26,29.63,N/A,10.42,15.47,N/A
DSP Nifty500 Flexicap Quality 30 ETF,Regular,Solution: Children - Debt,45521,153874,INF740KA1WU9,--,--,--,--,--,--,N/A,N/A,N/A,N/A,N/A,N/A,12,8,2,2,2,26,Moderate Risk,N/A,N/A,N/A,N/A,34.33,23.97,N/A,10.42,15.47,N/A
DSP Nifty500 Flexicap Quality 30 Index Reg,Regular,Solution: Children - Debt,45444,153802,INF740KA1WO2,--,--,--,--,--,--,30,66.36%,33.43%,67.95%,6.74,23.4,1,1,1,1,1,5,High Risk,N/A,N/A,N/A,N/A,38.23,16.26,4.83,10.42,15.47,13.24
DSP Nifty 500 Index Reg,Regular,Solution: Children - Debt,45717,154090,INF740KA1XV5,--,--,--,--,--,--,500,30.69%,21.31%,52.73%,3.16,21.19,4,4,3,3,1,15,Moderately High Risk,N/A,N/A,N/A,N/A,43.4,18.09,7.81,10.42,15.47,13.24
Edelweiss Flexi Cap Reg,Regular,Solution: Children - Debt,29261,140355,INF843K01KN5,1.93,1,0.61,14.88,15.15,0.73,85,32.77%,20.96%,54.63%,3.18,23.21,2,2,3,2,1,10,High Risk,N/A,N/A,N/A,N/A,270.18,52.2,N/A,10.42,15.47,N/A
Edelweiss Focused Reg,Regular,Solution: Children - Debt,42296,150382,INF754K01OL0,0.45,1,0.51,15,13.66,0.57,30,51.15%,29.12%,60.35%,3.39,25.36,4,4,4,4,1,17,Moderately High Risk,N/A,N/A,N/A,N/A,12.1,17.39,8.23,10.42,15.47,13.24
Franklin India Flexi Cap Reg,Regular,Solution: Children - Debt,116,100520,INF090I01239,1.68,0.94,0.61,13.99,14.5,0.73,54,43.51%,27.13%,55.92%,3.09,23.36,6,6,3,4,1,20,Moderate Risk,N/A,N/A,N/A,N/A,58.84,24.96,3.11,10.42,15.47,13.24
Franklin India Focused Equity Reg,Regular,Solution: Children - Debt,5141,105817,INF090I01981,-0.42,0.9,0.44,13.69,12.1,0.51,28,59.16%,35.71%,64.20%,3.2,23.37,1,1,1,1,1,5,High Risk,N/A,N/A,N/A,N/A,22.38,16.85,5.37,10.42,15.47,13.24
Groww Nifty 500 Low Volatility 50 ETF,Regular,Solution: Children - Debt,45217,153583,INF666M01LB9,--,--,--,--,--,--,50,43.84%,24.38%,48.37%,3.76,23,6,6,3,3,1,19,Moderately High Risk,N/A,N/A,N/A,N/A,31.01,13.34,N/A,10.42,15.47,N/A
Groww Nifty 500 Momentum 50 ETF,Regular,Solution: Children - Debt,45094,153452,INF666M01KJ4,--,--,--,--,--,--,N/A,N/A,N/A,N/A,N/A,N/A,8,6,3,3,2,22,Moderate Risk,N/A,N/A,N/A,N/A,46.87,26.9,15.79,10.42,15.47,13.24
Groww Nifty 500 Momentum 50 ETF FoF Reg,Regular,Solution: Children - Debt,45095,153453,INF666M01JX7,--,--,--,--,--,--,N/A,N/A,N/A,N/A,N/A,N/A,1,1,1,1,1,5,High Risk,N/A,N/A,N/A,N/A,28.82,16.86,10.03,10.42,15.47,13.24
Groww Nifty Total Market Index Reg,Regular,Solution: Children - Debt,43804,152127,INF666M01HJ0,--,--,--,--,--,--,752,30.66%,21.34%,53.44%,3.13,21.27,1,1,1,1,1,5,High Risk,N/A,N/A,N/A,N/A,9.95,N/A,N/A,10.42,N/A,N/A
HDFC BSE 500 ETF,Regular,Solution: Children - Debt,43117,151376,INF179KC1EZ4,-0.32,1,0.47,14.62,12.92,0.57,500,32.26%,22.38%,53.79%,2.98,20.32,1,1,1,1,1,5,High Risk,N/A,N/A,N/A,N/A,34.77,N/A,N/A,10.42,N/A,N/A
HDFC BSE 500 Index Reg,Regular,Solution: Children - Debt,43476,151729,INF179KC1GH7,--,--,--,--,--,--,500,32.20%,22.34%,53.67%,3.1,20.74,8,6,3,3,1,21,Moderate Risk,N/A,N/A,N/A,N/A,20.2,20.96,15.1,10.42,15.47,13.24
HDFC Diversified Equity All Cap Active FoF Reg,Regular,Solution: Children - Debt,45483,153861,INF179KC1JR0,--,--,--,--,--,--,N/A,N/A,N/A,N/A,N/A,N/A,6,6,3,3,1,19,Moderately High Risk,N/A,N/A,N/A,N/A,N/A,N/A,N/A,N/A,N/A,N/A
HDFC Flexi Cap Reg,Regular,Solution: Children - Debt,219,101762,INF179K01608,4.88,0.84,0.86,12.75,17.01,0.99,59,47.24%,31.37%,64.22%,2.96,21.27,8,6,4,4,1,23,Moderate Risk,N/A,N/A,N/A,N/A,11.98,N/A,N/A,10.42,N/A,N/A
HDFC Focused Reg,Regular,Solution: Children - Debt,2372,102760,INF179K01574,4.36,0.81,0.82,12.43,16.26,0.86,29,55.48%,36.41%,75.10%,3.04,21.15,4,4,4,4,1,17,Moderately High Risk,N/A,N/A,N/A,N/A,14.16,13.95,N/A,10.42,15.47,N/A
HDFC Retirement Savings Equity Reg,Regular,Solution: Children - Debt,31779,136090,INF179KB1MG8,0.33,0.89,0.51,13.22,12.78,0.61,74,41.13%,26.14%,55.48%,2.84,20.14,1,1,1,1,1,5,High Risk,N/A,N/A,N/A,N/A,N/A,N/A,N/A,N/A,N/A,N/A
Helios Flexi Cap Reg,Regular,Solution: Children - Debt,43837,152136,INF0R8701012,--,--,--,--,--,--,64,37.79%,23.25%,66.34%,3.71,27.36,1,1,1,1,1,5,High Risk,N/A,N/A,N/A,N/A,N/A,N/A,N/A,N/A,N/A,N/A
HSBC Flexi Cap Reg,Regular,Solution: Children - Debt,2072,102252,INF336L01AF5,1.47,1.04,0.57,15.73,14.98,0.68,78,27.61%,16.88%,56.88%,2.92,23.52,1,1,1,1,1,5,High Risk,N/A,N/A,N/A,N/A,N/A,N/A,N/A,N/A,N/A,N/A
HSBC Focused Reg,Regular,Solution: Children - Debt,41020,148409,INF336L01PE6,0.62,1.01,0.5,15.8,13.91,0.55,28,52.61%,30.64%,64.47%,3.71,27.1,1,1,1,1,1,5,High Risk,N/A,N/A,N/A,N/A,N/A,N/A,N/A,N/A,N/A,N/A
ICICI Pru BSE 500 ETF,Regular,Solution: Children - Debt,36037,143247,INF109KC1V59,-0.33,1,0.47,14.62,12.91,0.57,500,32.26%,22.38%,53.75%,2.97,20.31,4,4,3,3,1,15,Moderately High Risk,N/A,N/A,N/A,N/A,N/A,N/A,N/A,N/A,N/A,N/A
ICICI Pru BSE 500 ETF FOF,Regular,Solution: Children - Debt,41850,149331,INF109KC1V91,-1.03,0.98,0.42,14.44,12.1,0.5,N/A,N/A,N/A,N/A,N/A,N/A,1,1,1,1,1,5,High Risk,N/A,N/A,N/A,N/A,25.89,N/A,N/A,10.42,N/A,N/A
ICICI Pru Diversified Equity All Cap Active FoF,Regular,Solution: Children - Debt,45887,154265,INF109K1A450,--,--,--,--,--,--,N/A,N/A,N/A,N/A,N/A,N/A,1,1,1,1,1,5,High Risk,N/A,N/A,N/A,N/A,N/A,N/A,N/A,N/A,N/A,N/A
ICICI Pru Diversified Equity All Cap Omni FoF,Regular,Solution: Children - Debt,40660,148033,INF109KC1I15,3.82,0.91,0.76,13.62,16.44,0.94,N/A,N/A,N/A,N/A,N/A,N/A,10,10,4,5,2,31,Low Risk,N/A,N/A,N/A,N/A,17.82,18.94,11.36,10.42,15.47,13.24
ICICI Pru Flexicap,Regular,Solution: Children - Debt,41523,148989,INF109KC1Q80,2.41,0.95,0.64,14.6,15.31,0.7,75,46.55%,32.15%,69.49%,4.5,31.18,10,10,4,5,2,31,Low Risk,N/A,N/A,N/A,N/A,N/A,N/A,N/A,N/A,N/A,N/A
ICICI Pru Focused Equity,Regular,Solution: Children - Debt,10399,111957,INF109K01BZ4,4.64,0.97,0.79,14.7,17.65,0.97,N/A,N/A,N/A,N/A,N/A,N/A,6,6,4,4,1,21,Moderate Risk,N/A,N/A,N/A,N/A,10.68,26.22,19.01,10.42,15.47,13.24
ICICI Pru Nifty 500 Index,Regular,Solution: Children - Debt,44818,153162,INF109KC13Y0,--,--,--,--,--,--,500,30.53%,21.25%,52.18%,3.16,21.19,1,1,1,1,1,5,High Risk,N/A,N/A,N/A,N/A,N/A,N/A,N/A,N/A,N/A,N/A
ICICI Pru Retirement Pure Equity,Regular,Solution: Children - Debt,39053,146346,INF109KC1TQ6,8.11,1.02,0.99,15.53,21.48,1.33,98,28.82%,17.75%,48.34%,3.78,29.85,6,6,3,3,1,19,Moderately High Risk,N/A,N/A,N/A,N/A,N/A,N/A,N/A,N/A,N/A,N/A
Invesco India Flexi Cap Reg,Regular,Solution: Children - Debt,42012,149766,INF205KA1460,2.4,1.02,0.61,16.08,15.79,0.67,63,34.18%,20.37%,64.64%,5.18,34.72,6,6,3,3,1,19,Moderately High Risk,N/A,N/A,N/A,N/A,N/A,N/A,N/A,N/A,N/A,N/A
Invesco India Focused Reg,Regular,Solution: Children - Debt,41094,148483,INF205KA1189,4.63,0.98,0.72,16.22,17.75,1.02,20,61.15%,36.90%,74.10%,5.11,32.42,4,4,3,3,1,15,Moderately High Risk,N/A,N/A,N/A,N/A,N/A,N/A,N/A,N/A,N/A,N/A
ITI Flexi Cap Reg,Regular,Solution: Children - Debt,43118,151377,INF00XX01CL3,3.64,1.06,0.69,16.37,17.33,0.83,74,30.17%,19.88%,53.44%,3.42,23.84,4,4,3,3,1,15,Moderately High Risk,N/A,N/A,N/A,N/A,N/A,N/A,N/A,N/A,N/A,N/A
ITI Focused Reg,Regular,Solution: Children - Debt,43532,151778,INF00XX01CV2,--,--,--,--,--,--,31,46.22%,26.62%,53.83%,3.52,25.15,1,1,1,1,1,5,High Risk,N/A,N/A,N/A,N/A,35.86,N/A,N/A,10.42,N/A,N/A
JM Flexicap Reg,Regular,Solution: Children - Debt,8653,109522,INF192K01635,2.33,1.04,0.6,16.55,15.89,0.74,77,29.98%,17.36%,54.47%,2.72,20.23,10,8,4,4,2,28,Low Risk,N/A,N/A,N/A,N/A,34.96,N/A,N/A,10.42,N/A,N/A
JM Focused Reg,Regular,Solution: Children - Debt,6673,107410,INF192K01577,0.01,1.02,0.46,16.08,13.39,0.57,28,47.01%,25.74%,59.67%,3.96,30.19,8,6,3,4,1,22,Moderate Risk,N/A,N/A,N/A,N/A,N/A,N/A,N/A,N/A,N/A,N/A
Kotak Flexicap Reg,Regular,Solution: Children - Debt,10594,112090,INF174K01336,0.46,0.95,0.51,14.36,13.36,0.6,59,42.60%,25.95%,62.03%,3.04,22.76,10,8,3,3,2,26,Moderate Risk,N/A,N/A,N/A,N/A,N/A,N/A,N/A,N/A,N/A,N/A
Kotak Focused Reg,Regular,Solution: Children - Debt,40096,147477,INF174KA1EK3,1.4,0.93,0.59,13.85,14.13,0.65,N/A,N/A,N/A,N/A,N/A,N/A,1,1,1,1,1,5,High Risk,N/A,N/A,N/A,N/A,N/A,N/A,N/A,N/A,N/A,N/A
Kotak Nifty500 Momentum 50 Index Reg,Regular,Solution: Children - Debt,45644,154030,INF174KA1YF1,--,--,--,--,--,--,50,44.60%,24.34%,75.58%,4.37,26.75,12,10,3,3,2,30,Low Risk,N/A,N/A,N/A,N/A,N/A,N/A,N/A,N/A,N/A,N/A
Kotak Nifty Alpha 50 ETF,Regular,Solution: Children - Debt,41896,149397,INF174KA1IA5,4.37,1.35,0.63,22.29,20.16,0.81,50,32.32%,18.37%,77.84%,3.38,24.17,8,6,3,3,1,21,Moderate Risk,N/A,N/A,N/A,N/A,N/A,N/A,N/A,N/A,N/A,N/A
Kotak Nifty Alpha 50 Index Reg,Regular,Solution: Children - Debt,45400,153784,INF174KA1XJ5,--,--,--,--,--,--,50,32.29%,18.36%,77.73%,3.15,20,10,8,3,3,2,26,Moderate Risk,N/A,N/A,N/A,N/A,31.63,N/A,N/A,10.42,N/A,N/A
LIC MF Children's Reg,Regular,Solution: Children - Debt,1135,101271,INF767K01048,-3.75,0.89,0.19,14.12,8.66,0.2,58,24.89%,14.66%,47.95%,3.74,25.8,10,8,3,2,2,25,Moderate Risk,N/A,N/A,N/A,N/A,8.17,16.07,15.03,10.42,15.47,13.24
LIC MF Flexi Cap Reg,Regular,Solution: Children - Debt,134,100313,INF767K01071,-2.24,1,0.32,15.51,10.99,0.37,69,29.58%,18.17%,52.13%,3.36,24.68,1,1,1,1,1,5,High Risk,N/A,N/A,N/A,N/A,9.46,9.73,N/A,10.42,15.47,N/A
LIC MF Focused Reg,Regular,Solution: Children - Debt,34736,152009,INF397L01KE9,-5.02,0.97,0.13,15.04,8.01,0.16,30,50.58%,29.59%,51.18%,3.38,21.06,8,6,3,3,1,21,Moderate Risk,N/A,N/A,N/A,N/A,-3.27,N/A,N/A,10.42,N/A,N/A
Mahindra Manulife Flexi Cap Reg,Regular,Solution: Children - Debt,41631,149101,INF174V01AP8,-0.59,0.95,0.44,14.04,12.27,0.55,70,37.38%,25.23%,55.52%,3.18,25.06,6,4,3,3,1,17,Moderately High Risk,N/A,N/A,N/A,N/A,15.45,N/A,N/A,10.42,N/A,N/A
Mahindra Manulife Focused Reg,Regular,Solution: Children - Debt,41167,148571,INF174V01AD4,3.15,0.92,0.69,14.06,15.79,0.87,30,47.89%,28.61%,56.88%,2.37,18.37,6,6,3,4,1,20,Moderate Risk,N/A,N/A,N/A,N/A,N/A,N/A,N/A,N/A,N/A,N/A
Mirae Asset Flexi Cap Reg,Regular,Solution: Children - Debt,43132,151414,INF769K01JG8,0.43,0.94,0.52,13.91,13.23,0.62,85,31.26%,21.24%,56.63%,3.41,22.61,6,6,4,4,1,21,Moderate Risk,N/A,N/A,N/A,N/A,29.71,19.93,19.91,10.42,15.47,13.24
Mirae Asset Focused Reg,Regular,Solution: Children - Debt,39821,147203,INF769K01ES4,-6.37,0.92,0.02,14.47,6.29,0.02,N/A,N/A,N/A,N/A,N/A,N/A,1,1,1,1,1,5,High Risk,N/A,N/A,N/A,N/A,N/A,N/A,N/A,N/A,N/A,N/A
Mirae Asset Nifty Total Market Index Reg,Regular,Solution: Children - Debt,44599,152970,INF769K01MA5,--,--,--,--,--,--,750,30.54%,21.25%,53.20%,3.14,21.34,10,6,1,1,2,20,Moderate Risk,N/A,N/A,N/A,N/A,8.15,N/A,N/A,10.42,N/A,N/A
Motilal Oswal BSE 1000 Index Reg,Regular,Solution: Children - Debt,45218,153597,INF247L01FN7,--,--,--,--,--,--,1,30.48%,21.15%,51.96%,3.05,20.99,1,1,1,1,1,5,High Risk,N/A,N/A,N/A,N/A,9.33,18.39,16.7,10.42,15.47,13.24
Motilal Oswal Diversified Equity Flexicap Passive FoF Reg,Regular,Solution: Children - Debt,45728,154113,INF247L01GM7,--,--,--,--,--,--,N/A,N/A,N/A,N/A,N/A,N/A,2,2,3,4,1,12,High Risk,N/A,N/A,N/A,N/A,-11.83,1.64,7.96,10.42,15.47,13.24
Motilal Oswal Flexi Cap Reg,Regular,Solution: Children - Debt,26123,129048,INF247L01478,4.84,0.98,0.7,17.05,17.96,0.93,26,53.09%,31.48%,71.58%,4.12,31.58,2,2,3,3,1,11,High Risk,N/A,N/A,N/A,N/A,9.78,15.57,N/A,10.42,15.47,N/A
Motilal Oswal Focused Reg,Regular,Solution: Children - Debt,19512,122387,INF247L01155,-4.28,1.03,0.18,17.91,9.2,0.22,29,40.85%,22.13%,55.35%,4.55,42.03,1,2,3,3,1,10,High Risk,N/A,N/A,N/A,N/A,12.26,21.53,21.66,10.42,15.47,13.24
Motilal Oswal Nifty 500 ETF,Regular,Solution: Children - Debt,43812,152106,INF247L01BU1,--,--,--,--,--,--,501,31.75%,22.10%,54.26%,3,20.29,4,4,3,4,1,16,Moderately High Risk,N/A,N/A,N/A,N/A,10.18,16.57,14.24,10.42,15.47,13.24
Motilal Oswal Nifty 500 Index Reg,Regular,Solution: Children - Debt,40239,147626,INF247L01940,-0.69,1,0.45,14.63,12.55,0.54,N/A,N/A,N/A,N/A,N/A,N/A,10,8,3,4,2,27,Low Risk,N/A,N/A,N/A,N/A,23.76,20.84,N/A,10.42,15.47,N/A
Motilal Oswal Nifty 500 Momentum 50 ETF,Regular,Solution: Children - Debt,44555,152874,INF247L01DK8,--,--,--,--,--,--,50,44.68%,24.41%,75.68%,3.74,25.59,6,6,4,4,1,21,Moderate Risk,N/A,N/A,N/A,N/A,-11.68,3.01,N/A,10.42,15.47,N/A
Motilal Oswal Nifty 500 Momentum 50 Index Reg,Regular,Solution: Children - Debt,44553,152876,INF247L01DM4,--,--,--,--,--,--,50,44.67%,24.41%,75.65%,4.37,26.75,1,1,3,4,1,10,High Risk,N/A,N/A,N/A,N/A,58.21,N/A,N/A,10.42,N/A,N/A
Motilal Oswal Nifty Alpha 50 ETF,Regular,Solution: Children - Debt,45363,153724,INF247L01FR8,--,--,--,--,--,--,50,32.36%,18.40%,77.86%,3.38,24.17,1,1,1,1,1,5,High Risk,N/A,N/A,N/A,N/A,12.05,N/A,N/A,10.42,N/A,N/A
Navi Flexi Cap Reg,Regular,Solution: Children - Debt,36680,143787,INF959L01EE9,-2.43,0.96,0.31,14.65,10.54,0.38,65,31.57%,19.04%,60.91%,3.24,20.99,1,1,1,1,1,5,High Risk,N/A,N/A,N/A,N/A,N/A,N/A,N/A,N/A,N/A,N/A
Nippon India Diversified Equity Flexicap Passive FoF Reg,Regular,Solution: Children - Debt,41239,148641,INF204KB13X3,-0.6,1,0.45,14.71,12.65,0.57,N/A,N/A,N/A,N/A,N/A,N/A,1,1,1,1,1,5,High Risk,N/A,N/A,N/A,N/A,7.97,N/A,N/A,10.42,N/A,N/A
Nippon India Flexi Cap Reg,Regular,Solution: Children - Debt,41614,149089,INF204KC1097,-0.58,0.98,0.44,14.75,12.55,0.52,83,34.67%,23.14%,56.46%,3.31,23.26,10,8,2,3,2,25,Moderate Risk,N/A,N/A,N/A,N/A,N/A,N/A,N/A,N/A,N/A,N/A
Nippon India Focused Reg,Regular,Solution: Children - Debt,3900,104637,INF204K01GE7,N/A,N/A,N/A,N/A,N/A,N/A,29,52.33%,32.27%,61.58%,3.14,25.93,2,2,2,3,1,10,High Risk,N/A,N/A,N/A,N/A,1.2,N/A,N/A,10.42,N/A,N/A
Nippon India Nifty 500 Low Volatility 50 Index Reg,Regular,Solution: Children - Debt,45107,153475,INF204KC1EN9,--,--,--,--,--,--,50,44.01%,24.45%,48.74%,3.91,20.36,1,1,1,1,1,5,High Risk,N/A,N/A,N/A,N/A,N/A,N/A,N/A,N/A,N/A,N/A
Nippon India Nifty 500 Momentum 50 Index Reg,Regular,Solution: Children - Debt,44556,152883,INF204KC1DD2,--,--,--,--,--,--,50,44.39%,24.24%,75.18%,4.37,26.75,4,4,3,3,1,15,Moderately High Risk,N/A,N/A,N/A,N/A,N/A,N/A,N/A,N/A,N/A,N/A
Nippon India Nifty 500 Quality 50 Index Reg,Regular,Solution: Children - Debt,45103,153472,INF204KC1ET6,--,--,--,--,--,--,49,39.07%,22.72%,60.51%,7.25,23.2,1,1,1,1,1,5,High Risk,N/A,N/A,N/A,N/A,22.44,N/A,N/A,10.42,N/A,N/A
Nippon India Retirement Wealth Creation Reg,Regular,Solution: Children - Debt,29289,133565,INF204KA1B64,1.1,0.97,0.56,14.53,14.13,0.66,74,41.79%,26.68%,60.02%,3.25,22.73,1,1,1,1,1,5,High Risk,N/A,N/A,N/A,N/A,-16.83,N/A,N/A,10.42,N/A,N/A
NJ Flexi Cap Reg,Regular,Solution: Children - Debt,43712,151920,INF0J8L01131,--,--,--,--,--,--,N/A,N/A,N/A,N/A,N/A,N/A,1,1,1,1,1,5,High Risk,N/A,N/A,N/A,N/A,N/A,N/A,N/A,N/A,N/A,N/A
Old Bridge Flexi Cap Reg,Regular,Solution: Children - Debt,45844,154226,INF0S5R01166,--,--,--,--,--,--,19,25.60%,14.79%,26.35%,2.66,14.25,2,2,3,3,1,11,High Risk,N/A,N/A,N/A,N/A,N/A,N/A,N/A,N/A,N/A,N/A
Old Bridge Focused Reg,Regular,Solution: Children - Debt,44036,152361,INF0S5R01034,--,--,--,--,--,--,23,47.86%,27.65%,48.99%,2.58,13.8,4,4,3,3,1,15,Moderately High Risk,N/A,N/A,N/A,N/A,12.57,N/A,N/A,10.42,N/A,N/A
Parag Parikh Flexi Cap Reg,Regular,Solution: Children - Debt,19699,122640,INF879O01019,5.35,0.62,1.01,9.75,15.84,1.32,43,48.82%,31.26%,53.24%,2.92,16.06,4,4,3,3,1,15,Moderately High Risk,N/A,N/A,N/A,N/A,N/A,N/A,N/A,N/A,N/A,N/A
PGIM India Flexi Cap Reg,Regular,Solution: Children - Debt,29471,133836,INF663L01FJ3,-2.8,0.9,0.27,13.85,9.75,0.35,78,34.67%,23.78%,56.11%,4.25,27.12,1,1,1,1,1,5,High Risk,N/A,N/A,N/A,N/A,N/A,N/A,N/A,N/A,N/A,N/A
Quant Flexi Cap Reg,Regular,Solution: Children - Debt,8827,109830,INF966L01457,0.71,1.1,0.49,17.48,14.65,0.78,N/A,N/A,N/A,N/A,N/A,N/A,1,1,1,1,1,5,High Risk,N/A,N/A,N/A,N/A,3.14,N/A,N/A,10.42,N/A,N/A
Quantum Diversified Equity All Cap Active FoF Reg,Regular,Solution: Children - Debt,33962,141063,INF082J01275,0.33,0.93,0.51,13.77,13.1,0.59,N/A,N/A,N/A,N/A,N/A,N/A,1,1,1,1,1,5,High Risk,N/A,N/A,N/A,N/A,1.64,N/A,N/A,10.42,N/A,N/A
Samco Flexi Cap Reg,Regular,Solution: Children - Debt,41934,149449,INF0K1H01016,-12.12,1.08,-0.23,18.87,1.7,-0.25,25,48.86%,26.19%,67.24%,5.07,24.39,1,1,1,1,1,5,High Risk,N/A,N/A,N/A,N/A,N/A,N/A,N/A,N/A,N/A,N/A
SBI Flexicap Reg,Regular,Solution: Children - Debt,2859,103215,INF200K01222,-2.32,0.89,0.31,13.23,10.1,0.35,69,38.33%,22.00%,64.16%,2.74,20.69,6,6,3,3,1,19,Moderately High Risk,N/A,N/A,N/A,N/A,N/A,N/A,N/A,N/A,N/A,N/A
SBI Focused Reg,Regular,Solution: Children - Debt,2415,102756,INF200K01370,3.86,0.75,0.77,12,15.3,0.97,26,47.28%,27.72%,62.08%,3.93,23,1,1,1,1,1,5,High Risk,N/A,N/A,N/A,N/A,58.3,N/A,N/A,10.42,N/A,N/A
SBI Nifty 500 Index Reg,Regular,Solution: Children - Debt,44565,152906,INF200KB1357,--,--,--,--,--,--,501,31.77%,22.11%,54.31%,3.15,21.12,1,1,1,1,1,5,High Risk,N/A,N/A,N/A,N/A,N/A,N/A,N/A,N/A,N/A,N/A
SBI Retirement Benefit Aggressive Reg,Regular,Solution: Children - Debt,41269,148698,INF200KA1S30,-3.29,0.93,0.25,13.93,9.44,0.29,53,42.44%,27.21%,60.46%,3.51,26.19,1,1,1,1,1,5,High Risk,N/A,N/A,N/A,N/A,25.5,N/A,N/A,10.42,N/A,N/A
Shriram Flexi Cap Reg,Regular,Solution: Children - Debt,37579,144902,INF680P01075,-4.82,1.02,0.15,16.46,8.55,0.18,71,37.44%,23.50%,56.11%,3.06,17.87,12,12,6,6,2,38,Very Low Risk,N/A,N/A,N/A,N/A,N/A,N/A,N/A,N/A,N/A,N/A
Sundaram Flexi Cap Reg,Regular,Solution: Children - Debt,42502,150568,INF903JA1LB8,-1.3,0.91,0.39,13.69,11.3,0.46,56,41.51%,25.52%,61.96%,2.81,20.4,2,2,4,4,1,13,Moderately High Risk,N/A,N/A,N/A,N/A,N/A,N/A,N/A,N/A,N/A,N/A
Sundaram Focused Reg,Regular,Solution: Children - Debt,2916,149532,INF173K01189,-1.08,0.84,0.39,12.76,10.99,0.48,29,54.01%,32.94%,64.30%,3.94,28.14,6,4,2,2,1,15,Moderately High Risk,N/A,N/A,N/A,N/A,51.06,N/A,N/A,10.42,N/A,N/A
Tata Children's Reg,Regular,Solution: Children - Debt,210,101491,INF277K01AJ5,-4.9,0.97,0.15,14.64,8.16,0.18,52,38.98%,23.15%,57.46%,2.51,16.83,6,6,4,4,1,21,Moderate Risk,N/A,N/A,N/A,N/A,50.07,N/A,N/A,10.42,N/A,N/A
Tata Flexi Cap Reg,Regular,Solution: Children - Debt,37435,144548,INF277K019K2,0.83,0.87,0.54,13.2,13.11,0.69,56,36.81%,23.58%,54.47%,2.76,21.48,1,1,2,2,1,7,High Risk,N/A,N/A,N/A,N/A,36.01,N/A,N/A,10.42,N/A,N/A
Tata Focused Reg,Regular,Solution: Children - Debt,40403,147760,INF277K010Y2,-0.81,0.92,0.42,14.08,11.89,0.48,27,49.61%,30.16%,55.85%,2.91,22.16,2,2,4,4,1,13,Moderately High Risk,N/A,N/A,N/A,N/A,35.06,N/A,N/A,10.42,N/A,N/A
Tata Retirement Savings Progressive Reg,Regular,Solution: Children - Debt,13413,115942,INF277K01FG0,-0.57,0.94,0.43,14.61,12.26,0.53,45,38.62%,22.88%,58.41%,3.75,25.31,10,8,5,6,2,31,Low Risk,N/A,N/A,N/A,N/A,N/A,N/A,N/A,N/A,N/A,N/A
Taurus Flexi Cap Reg,Regular,Solution: Children - Debt,214,100476,INF044D01989,-1.42,0.99,0.38,15.03,11.73,0.49,43,49.01%,31.01%,57.22%,2.51,16.67,1,1,1,1,1,5,High Risk,N/A,N/A,N/A,N/A,2.8,N/A,N/A,10.42,N/A,N/A
The Wealth Company Flexi Cap Reg,Regular,Solution: Children - Debt,45497,153870,INF2F0001016,--,--,--,--,--,--,40,33.49%,19.25%,64.09%,3.52,21.88,2,2,4,4,1,13,Moderately High Risk,N/A,N/A,N/A,N/A,-2.71,N/A,N/A,10.42,N/A,N/A
TRUST MF Flexi Cap Reg,Regular,Solution: Children - Debt,44269,152582,INF0GCD01719,--,--,--,--,--,--,58,37.81%,23.74%,53.11%,4.02,27.23,2,2,3,3,1,11,High Risk,N/A,N/A,N/A,N/A,N/A,N/A,N/A,N/A,N/A,N/A
Unifi Flexi Cap Reg,Regular,Solution: Children - Debt,45188,153542,INF1MIY01049,--,--,--,--,--,--,55,38.17%,22.55%,56.00%,2.95,19.82,4,4,4,4,1,17,Moderately High Risk,N/A,N/A,N/A,N/A,N/A,N/A,N/A,N/A,N/A,N/A
Union Children's Reg,Regular,Solution: Children - Debt,43922,152217,INF582M01JI7,--,--,--,--,--,--,N/A,N/A,N/A,N/A,N/A,N/A,4,4,4,5,1,18,Moderately High Risk,N/A,N/A,N/A,N/A,N/A,N/A,N/A,N/A,N/A,N/A
Union Diversified Equity All Cap Active FoF Reg,Regular,Solution: Children - Debt,45471,153822,INF582M01LV6,--,--,--,--,--,--,N/A,N/A,N/A,N/A,N/A,N/A,2,2,3,3,1,11,High Risk,N/A,N/A,N/A,N/A,15.76,N/A,N/A,10.42,N/A,N/A
Union Flexi Cap Reg,Regular,Solution: Children - Debt,12817,115270,INF582M01104,-0.55,0.94,0.44,14.21,12.29,0.48,N/A,N/A,N/A,N/A,N/A,N/A,6,6,4,4,1,21,Moderate Risk,N/A,N/A,N/A,N/A,-3.41,N/A,N/A,10.42,N/A,N/A
Union Focused Reg,Regular,Solution: Children - Debt,40106,147490,INF582M01FW6,-1.04,0.85,0.38,13.45,11.13,0.44,N/A,N/A,N/A,N/A,N/A,N/A,4,4,3,4,1,16,Moderately High Risk,N/A,N/A,N/A,N/A,12.99,N/A,N/A,10.42,N/A,N/A
Union Retirement Reg,Regular,Solution: Children - Debt,42490,150552,INF582M01IM1,2.02,0.91,0.63,13.66,14.63,0.73,73,31.29%,19.89%,60.16%,3.86,26.35,4,4,3,4,1,16,Moderately High Risk,N/A,N/A,N/A,N/A,7.28,N/A,N/A,10.42,N/A,N/A
UTI Children's Equity Reg,Regular,Solution: Children - Debt,2090,102267,INF789F1AZT4,-2.69,0.96,0.29,14.39,10.25,0.37,N/A,N/A,N/A,N/A,N/A,N/A,4,4,3,3,1,15,Moderately High Risk,N/A,N/A,N/A,N/A,5.94,N/A,N/A,10.42,N/A,N/A
UTI Flexi Cap Reg,Regular,Solution: Children - Debt,247,100669,INF789F01513,-4.75,0.87,0.11,13.84,7.56,0.15,59,44.52%,27.49%,63.56%,4.68,34.39,1,1,1,1,1,5,High Risk,N/A,N/A,N/A,N/A,25.13,20.66,14.4,10.42,15.47,13.24
UTI Focused Reg,Regular,Solution: Children - Debt,41627,149090,INF789F1AUY5,-1.09,0.96,0.4,14.6,11.88,0.48,29,53.50%,33.54%,65.68%,3.78,27.44,1,1,1,1,1,5,High Risk,N/A,N/A,N/A,N/A,4.73,11.65,10.79,10.42,15.47,13.24
UTI Nifty500 Shariah Index Reg,Regular,Solution: Children - Debt,45820,154198,INF789F1AC96,--,--,--,--,--,--,198,33.57%,22.94%,55.28%,4.1,22.3,1,1,1,1,1,5,High Risk,N/A,N/A,N/A,N/A,N/A,N/A,N/A,N/A,N/A,N/A
WhiteOak Capital Flexi Cap Reg,Regular,Solution: Children - Debt,42318,150347,INF03VN01506,2.93,0.91,0.69,13.86,15.55,0.87,153,35.10%,23.58%,59.23%,3.29,23.74,1,1,1,1,1,5,High Risk,N/A,N/A,N/A,N/A,-5.71,N/A,N/A,10.42,N/A,N/A
ABSL Global Emerging Opportunities Reg*,Regular,Equity: International,8751,132138,INF084M01AT0,--,--,0.52,13.6,13.15,0.76,N/A,N/A,N/A,N/A,N/A,N/A,1,1,1,1,1,5,High Risk,N/A,N/A,N/A,N/A,7.12,N/A,N/A,10.42,N/A,N/A
ABSL Global Excellence Equity FoF Reg*,Regular,Equity: International,6275,132005,INF084M01AZ7,--,--,0.91,13.27,18.11,1.27,N/A,N/A,N/A,N/A,N/A,N/A,4,4,3,4,1,16,Moderately High Risk,N/A,N/A,N/A,N/A,0.53,N/A,N/A,10.42,N/A,N/A
ABSL International Equity Reg,Regular,Equity: International,5802,106873,INF209K01520,--,--,0.71,12.66,14.96,1.26,72,N/A,N/A,57.51%,4.8,24.83,4,4,4,5,1,18,Moderately High Risk,N/A,N/A,N/A,N/A,N/A,N/A,N/A,N/A,N/A,N/A
ABSL US Equity Passive FoF Reg,Regular,Equity: International,41795,149290,INF209KB15C1,--,--,1.15,16.25,24.78,1.9,N/A,N/A,N/A,N/A,N/A,N/A,8,6,4,4,1,23,Moderate Risk,N/A,N/A,N/A,N/A,8.91,16.5,16.17,10.42,15.47,13.24
Axis Global Equity Alpha FoF Reg,Regular,Equity: International,41098,148486,INF846K01X30,--,--,1.02,12.05,18.35,1.45,N/A,N/A,N/A,N/A,N/A,N/A,2,2,3,3,1,11,High Risk,N/A,N/A,N/A,N/A,16.86,N/A,N/A,10.42,N/A,N/A
Axis Global Innovation FoF Reg,Regular,Equity: International,41494,148953,INF846K01Z53,--,--,0.72,14.96,16.8,1.15,N/A,N/A,N/A,N/A,N/A,N/A,2,2,4,4,1,13,Moderately High Risk,N/A,N/A,N/A,N/A,2.35,8.81,9.07,10.42,15.47,13.24
Axis Greater China Equity FoF Reg,Regular,Equity: International,41285,148701,INF846K01Y62,--,--,0.31,19.84,12.15,0.67,N/A,N/A,N/A,N/A,N/A,N/A,4,4,3,3,1,15,Moderately High Risk,N/A,N/A,N/A,N/A,5.83,11.24,N/A,10.42,15.47,N/A
Axis NASDAQ 100 US Specific Equity Passive FoF Reg,Regular,Equity: International,42631,150750,INF846K015K2,--,--,1.19,15.61,24.65,1.94,N/A,N/A,N/A,N/A,N/A,N/A,1,1,1,1,1,5,High Risk,N/A,N/A,N/A,N/A,49.44,N/A,N/A,10.42,N/A,N/A
Bandhan US specific Equity Active FoF Reg,Regular,Equity: International,41618,149100,INF194KB1CC9,--,--,1,16.35,22.45,1.64,N/A,N/A,N/A,N/A,N/A,N/A,8,8,4,4,2,26,Moderate Risk,N/A,N/A,N/A,N/A,-16.88,N/A,N/A,10.42,N/A,N/A
Baroda BNP Paribas Aqua FoF Reg,Regular,Equity: International,41452,150284,INF251K01QQ1,--,--,0.41,15.62,12.38,0.73,N/A,N/A,N/A,N/A,N/A,N/A,1,6,4,1,1,13,Moderately High Risk,N/A,N/A,N/A,N/A,-3.52,N/A,N/A,10.42,N/A,N/A
DSP Global Clean Energy Overseas Equity Omni FoF Reg,Regular,Equity: International,10559,112126,INF740K01284,--,--,0.49,18.36,15.06,0.88,N/A,N/A,N/A,N/A,N/A,N/A,1,10,4,1,2,18,Moderately High Risk,N/A,N/A,N/A,N/A,7.22,14.65,10.52,10.42,15.47,13.24
DSP Global Innovation Overseas Equity Omni FoF Reg*,Regular,Equity: International,42052,149817,INF740KA1QM8,--,--,0.94,16.59,21.55,1.94,N/A,N/A,N/A,N/A,N/A,N/A,1,8,4,1,2,16,Moderately High Risk,N/A,N/A,N/A,N/A,N/A,N/A,N/A,N/A,N/A,N/A
DSP US Specific Equity Omni FoF Reg,Regular,Equity: International,15152,117691,INF740K01LP6,--,--,1.02,14.91,21.16,1.5,N/A,N/A,N/A,N/A,N/A,N/A,1,12,3,1,3,20,Moderate Risk,N/A,N/A,N/A,N/A,1.14,N/A,N/A,10.42,N/A,N/A
DSP World Gold Mining Overseas Equity Omni FoF Reg,Regular,Equity: International,5623,106597,INF740K01250,--,--,1.2,32.05,44.55,2.11,N/A,N/A,N/A,N/A,N/A,N/A,1,12,4,1,2,20,Moderate Risk,N/A,N/A,N/A,N/A,9.59,N/A,N/A,10.42,N/A,N/A
DSP World Mining Overseas Equity Omni FoF Reg,Regular,Equity: International,10799,112293,INF740K01730,--,--,0.71,24.16,23.3,1.3,N/A,N/A,N/A,N/A,N/A,N/A,1,8,3,1,2,15,Moderately High Risk,N/A,N/A,N/A,N/A,1.39,N/A,N/A,10.42,N/A,N/A
Edelweiss ASEAN Equity Offshore Reg,Regular,Equity: International,12762,140255,INF843K01609,--,--,0.39,11.56,10.5,0.7,N/A,N/A,N/A,N/A,N/A,N/A,1,2,2,1,1,7,High Risk,N/A,N/A,N/A,N/A,15.08,N/A,N/A,10.42,N/A,N/A
Edelweiss Emerging Markets Opportunities Equity Offshr Reg,Regular,Equity: International,27118,140328,INF843K01IY6,--,--,0.81,15.07,18.2,1.4,N/A,N/A,N/A,N/A,N/A,N/A,1,12,3,1,3,20,Moderate Risk,N/A,N/A,N/A,N/A,11.17,14.57,10.29,9.21,13.75,12.37
Edelweiss Europe Dynamic Equity Offshr Reg,Regular,Equity: International,23434,140295,INF843K01GJ1,--,--,0.99,13.44,19.34,1.84,N/A,N/A,N/A,N/A,N/A,N/A,1,12,3,1,3,20,Moderate Risk,N/A,N/A,N/A,N/A,4.38,11.59,7.71,9.21,13.75,12.37
Edelweiss Greater China Equity Offshore Reg,Regular,Equity: International,10567,140242,INF843K01138,--,--,0.36,19.92,13.22,0.76,N/A,N/A,N/A,N/A,N/A,N/A,1,4,3,1,1,10,High Risk,N/A,N/A,N/A,N/A,N/A,N/A,N/A,N/A,N/A,N/A
Edelweiss US Technology Equity FoF Reg,Regular,Equity: International,40664,148064,INF754K01LC5,--,--,0.77,25.36,25.67,1.3,N/A,N/A,N/A,N/A,N/A,N/A,1,4,2,1,2,10,High Risk,N/A,N/A,N/A,N/A,5.09,16.04,11.86,9.21,13.75,12.37
Edelweiss US Value Equity Offshore Reg,Regular,Equity: International,20059,140273,INF843K01ED9,--,--,0.75,12.4,15.38,1.06,N/A,N/A,N/A,N/A,N/A,N/A,1,10,3,1,3,18,Moderately High Risk,N/A,N/A,N/A,N/A,0.83,10.64,9.3,9.21,13.75,12.37
Franklin Asian Equity Reg,Regular,Equity: International,6383,106979,INF090I01AB3,--,--,0.37,15.28,11.66,0.51,54,25.70%,16.02%,60.76%,2.34,17.32,1,12,3,1,3,20,Moderate Risk,N/A,N/A,N/A,N/A,8.89,12.83,9.07,9.21,13.75,12.37
Franklin U.S. Opportunities Equity Active FoF Reg,Regular,Equity: International,14017,116633,INF090I01EW1,--,--,0.8,16.18,19.02,1.22,N/A,N/A,N/A,N/A,N/A,N/A,1,12,1,1,4,19,Moderately High Risk,N/A,N/A,N/A,N/A,8.16,12.64,9.87,9.21,13.75,12.37
HDFC Developed World Overseas Equity Passive FoF Reg*,Regular,Equity: International,41713,149181,INF179KC1BP1,--,--,1.25,11.15,19.98,1.72,N/A,N/A,N/A,N/A,N/A,N/A,1,8,1,1,2,13,Moderately High Risk,N/A,N/A,N/A,N/A,7.66,12.08,9.27,9.21,13.75,12.37
HSBC Asia Pacific (Ex Japan) Dividend Yield Reg,Regular,Equity: International,23944,127073,INF336L01HC7,--,--,0.98,13,18.83,1.6,N/A,N/A,N/A,N/A,N/A,N/A,1,4,5,1,1,12,High Risk,N/A,N/A,N/A,N/A,9.1,15.25,17.67,9.21,13.75,12.37
HSBC Brazil Reg,Regular,Equity: International,12632,115116,INF336L01164,--,--,0.62,23.72,20.79,1.38,N/A,N/A,N/A,N/A,N/A,N/A,1,10,3,1,2,17,Moderately High Risk,N/A,N/A,N/A,N/A,4.53,11.01,8.71,9.21,13.75,12.37
HSBC Global Emerging Markets Reg,Regular,Equity: International,6774,107988,INF336L01446,--,--,0.81,16.55,19.49,1.37,N/A,N/A,N/A,N/A,N/A,N/A,1,10,4,1,3,19,Moderately High Risk,N/A,N/A,N/A,N/A,8.82,12.92,11,9.21,13.75,12.37
ICICI Pru Global Advantage (FOF),Regular,Equity: International,40280,147647,INF109KC1F00,--,--,0.62,13.79,14.6,0.83,N/A,N/A,N/A,N/A,N/A,N/A,1,4,2,1,1,9,High Risk,N/A,N/A,N/A,N/A,4.37,N/A,N/A,9.21,N/A,N/A
ICICI Pru Global Stable Equity (FOF),Regular,Equity: International,20855,123651,INF109KA1CB6,--,--,0.57,9.7,11.6,1.06,N/A,N/A,N/A,N/A,N/A,N/A,1,8,1,1,2,13,Moderately High Risk,N/A,N/A,N/A,N/A,2.21,13.27,12.26,10.42,15.47,13.24
ICICI Pru NASDAQ 100 Index,Regular,Equity: International,41742,149218,INF109KC1U27,--,--,1.28,15.02,25.29,1.97,98,N/A,N/A,88.33%,7.27,28.73,1,8,4,1,2,16,Moderately High Risk,N/A,N/A,N/A,N/A,0.81,N/A,N/A,10.42,N/A,N/A
ICICI Pru Strategic Metal and Energy Equity FoF,Regular,Equity: International,42033,149456,INF109KC1Z22,--,--,1.18,20.11,29.68,2.18,N/A,N/A,N/A,N/A,N/A,N/A,1,4,3,1,1,10,High Risk,N/A,N/A,N/A,N/A,5.13,16.25,N/A,10.42,15.47,N/A
ICICI Pru US Bluechip Equity,Regular,Equity: International,14998,117620,INF109K01E35,--,--,0.55,13.8,13.6,0.91,61,N/A,N/A,66.28%,4.2,22.76,1,10,3,1,2,17,Moderately High Risk,N/A,N/A,N/A,N/A,-2.32,N/A,N/A,10.42,N/A,N/A
Invesco India-Invesco EQQQ NASDAQ-100 ETF FoF Reg,Regular,Equity: International,42217,149961,INF205KA1585,--,--,1.18,15.94,24.91,1.91,N/A,N/A,N/A,N/A,N/A,N/A,1,12,5,1,3,22,Moderate Risk,N/A,N/A,N/A,N/A,9.17,N/A,N/A,10.42,N/A,N/A
Invesco India-Invesco Global Consumer Trends FoF Reg,Regular,Equity: International,41227,148613,INF205KA1247,N/A,N/A,N/A,N/A,N/A,N/A,N/A,N/A,N/A,N/A,N/A,N/A,1,10,4,1,3,19,Moderately High Risk,N/A,N/A,N/A,N/A,0,14.02,12.33,10.42,15.47,13.24
Invesco India Global Equity Income FoF Reg,Regular,Equity: International,26147,129187,INF205K01B15,--,--,0.91,12.62,17.45,1.37,N/A,N/A,N/A,N/A,N/A,N/A,1,6,1,1,2,11,High Risk,N/A,N/A,N/A,N/A,2.43,14.11,12.77,10.42,15.47,13.24
Invesco India Pan European Equity FoF Reg,Regular,Equity: International,23312,126351,INF205K01ZZ9,--,--,0.62,14.23,14.83,0.96,N/A,N/A,N/A,N/A,N/A,N/A,1,10,3,1,2,17,Moderately High Risk,N/A,N/A,N/A,N/A,4.07,N/A,N/A,10.42,N/A,N/A
Kotak Global Emerging Market Overseas Equity Omni FoF Reg,Regular,Equity: International,5560,106441,INF174K01DV3,--,--,0.78,14.5,17.41,1.33,N/A,N/A,N/A,N/A,N/A,N/A,1,6,4,1,2,14,Moderately High Risk,N/A,N/A,N/A,N/A,-4.62,N/A,N/A,10.42,N/A,N/A
Kotak Global Innovation Overseas Equity Omni FoF Reg,Regular,Equity: International,41593,149056,INF174KA1HD1,--,--,0.71,15.01,16.63,1,N/A,N/A,N/A,N/A,N/A,N/A,1,6,6,1,2,16,Moderately High Risk,N/A,N/A,N/A,N/A,-1.23,N/A,N/A,10.42,N/A,N/A
Kotak International REIT Overseas Equity Omni FoF Reg,Regular,Equity: International,41235,148645,INF174KA1FL8,--,--,0.05,15.79,6.82,0.09,N/A,N/A,N/A,N/A,N/A,N/A,1,12,3,1,3,20,Moderate Risk,N/A,N/A,N/A,N/A,N/A,N/A,N/A,N/A,N/A,N/A
Kotak Quality Overseas Equity Omni FoF Reg,Regular,Equity: International,45904,154286,INF174KA1ZL6,--,--,--,--,--,--,N/A,N/A,N/A,N/A,N/A,N/A,1,12,2,1,4,20,Moderate Risk,N/A,N/A,N/A,N/A,5.75,N/A,N/A,10.42,N/A,N/A
Kotak US Specific Equity Passive FoF Reg,Regular,Equity: International,41259,148661,INF174KA1FR5,--,--,1.18,16.16,25.12,1.9,N/A,N/A,N/A,N/A,N/A,N/A,1,6,4,1,2,14,Moderately High Risk,N/A,N/A,N/A,N/A,2.54,13.96,14.09,10.42,15.47,13.24
Mahindra Manulife Asia Pacific REITs FoF Reg,Regular,Equity: International,41760,149228,INF174V01AV6,--,--,-0.01,15.73,5.91,-0.01,N/A,N/A,N/A,N/A,N/A,N/A,1,12,3,1,3,20,Moderate Risk,N/A,N/A,N/A,N/A,5.3,16.47,N/A,10.42,15.47,N/A
Mirae Asset Global Electric & Autonomous Vehicles Eqt Passive FoF Reg,Regular,Equity: International,42459,150594,INF769K01IP1,N/A,N/A,N/A,N/A,N/A,N/A,N/A,N/A,N/A,N/A,N/A,N/A,1,1,1,1,1,5,High Risk,N/A,N/A,N/A,N/A,3.57,N/A,N/A,10.42,N/A,N/A
Mirae Asset Global X Artificial Intelligence & Tech ETF FoF Reg,Regular,Equity: International,42457,150597,INF769K01IS5,--,--,1.16,18.84,27.81,2.14,N/A,N/A,N/A,N/A,N/A,N/A,1,10,4,1,2,18,Moderately High Risk,N/A,N/A,N/A,N/A,N/A,N/A,N/A,N/A,N/A,N/A
Mirae Asset Hang Seng TECH ETF,Regular,Equity: International,41876,149379,INF769K01HS7,--,--,0.21,34.6,13.15,0.45,30,N/A,N/A,89.17%,1.36,13.92,1,6,3,1,2,13,Moderately High Risk,N/A,N/A,N/A,N/A,9.03,N/A,N/A,10.42,N/A,N/A
Mirae Asset Hang Seng TECH ETF FoF Reg,Regular,Equity: International,41877,149380,INF769K01HT5,--,--,0.32,33.29,16.83,0.89,N/A,N/A,N/A,N/A,N/A,N/A,1,8,3,1,2,15,Moderately High Risk,N/A,N/A,N/A,N/A,5.38,16.56,N/A,10.42,15.47,N/A
Mirae Asset NYSE FANG+ ETF,Regular,Equity: International,41429,148927,INF769K01HF4,--,--,1.29,21.42,33.66,2.21,10,N/A,N/A,100.00%,9.01,27.51,1,8,3,1,2,15,Moderately High Risk,N/A,N/A,N/A,N/A,N/A,N/A,N/A,N/A,N/A,N/A
Mirae Asset NYSE FANG+ ETF FoF Reg,Regular,Equity: International,41430,148928,INF769K01HH0,--,--,1.45,24.45,41.39,3.57,N/A,N/A,N/A,N/A,N/A,N/A,1,1,3,1,1,7,High Risk,N/A,N/A,N/A,N/A,1.3,13.22,11.91,10.42,15.47,13.24
Mirae Asset S&P 500 Top 50 ETF,Regular,Equity: International,41698,149169,INF769K01HP3,--,--,1.39,13.4,24.63,1.87,51,N/A,N/A,81.69%,5.81,24.44,1,1,1,1,1,5,High Risk,N/A,N/A,N/A,N/A,3.94,14.65,13.73,10.42,15.47,13.24
Mirae Asset S&P 500 Top 50 ETF FoF Reg,Regular,Equity: International,41703,149170,INF769K01HR9,--,--,1.36,17.75,30.15,2.12,N/A,N/A,N/A,N/A,N/A,N/A,1,12,3,1,3,20,Moderate Risk,N/A,N/A,N/A,N/A,7.48,N/A,N/A,10.42,N/A,N/A
Motilal Oswal Developed Mkt Ex US ETFs Ovrses Eqt Pass FoF Reg,Regular,Equity: International,43801,152091,INF247L01BS5,--,--,--,--,--,--,N/A,N/A,N/A,N/A,N/A,N/A,1,1,3,1,1,7,High Risk,N/A,N/A,N/A,N/A,6.83,N/A,N/A,10.42,N/A,N/A
Motilal Oswal NASDAQ 100 ETF,Regular,Equity: International,12498,114984,INF247L01AP3,--,--,1.29,15.45,26.02,2,98,N/A,N/A,88.34%,7.27,28.73,1,1,1,1,1,5,High Risk,N/A,N/A,N/A,N/A,N/A,N/A,N/A,N/A,N/A,N/A
Motilal Oswal Nasdaq 100 FOF Reg,Regular,Equity: International,38227,145551,INF247L01700,--,--,1.04,21.22,28.13,1.97,N/A,N/A,N/A,N/A,N/A,N/A,1,12,2,1,4,20,Moderate Risk,N/A,N/A,N/A,N/A,-5.52,N/A,N/A,10.42,N/A,N/A
Motilal Oswal Nasdaq Q50 ETF,Regular,Equity: International,41923,149438,INF247L01AU3,--,--,0.8,16.73,19.39,1.45,50,N/A,N/A,73.20%,3.57,20.71,1,2,1,1,1,6,High Risk,N/A,N/A,N/A,N/A,-2.14,13.11,14.77,10.42,15.47,13.24
Motilal Oswal S&P 500 Index Reg,Regular,Equity: International,40996,148382,INF247L01AH0,--,--,1.22,12.26,21.02,1.72,N/A,N/A,N/A,N/A,N/A,N/A,1,2,1,1,2,7,High Risk,N/A,N/A,N/A,N/A,5.18,16.32,13.83,10.42,15.47,13.24
Navi Nasdaq100 US Specific Equity Passive FoF Reg,Regular,Equity: International,42134,149911,INF959L01GA2,--,--,1.2,15.56,24.7,1.82,N/A,N/A,N/A,N/A,N/A,N/A,1,12,2,1,4,20,Moderate Risk,N/A,N/A,N/A,N/A,-6.4,N/A,N/A,10.42,N/A,N/A
Navi Total Stock Market US Specific Equity Passive FoF Reg,Regular,Equity: International,42068,149831,INF959L01FW8,--,--,1.1,13.34,20.74,1.59,N/A,N/A,N/A,N/A,N/A,N/A,1,12,1,1,4,19,Moderately High Risk,N/A,N/A,N/A,N/A,-3.44,11.73,14.56,10.42,15.47,13.24
Nippon India ETF Hang Seng BeES,Regular,Equity: International,10905,140095,INF204KB19I1,--,--,0.47,20.82,15.9,1,89,0.24%,0.24%,70.03%,0.64,6.32,1,12,4,1,3,21,Moderate Risk,N/A,N/A,N/A,N/A,5.22,16.38,N/A,10.42,15.47,N/A
Nippon India Japan Equity Reg,Regular,Equity: International,27688,130863,INF204KA1SH3,--,--,0.72,13.52,15.82,1.09,30,N/A,N/A,61.25%,1.95,2.86,1,12,2,1,4,20,Moderate Risk,N/A,N/A,N/A,N/A,4.59,N/A,N/A,10.42,N/A,N/A
Nippon India Taiwan Equity Reg,Regular,Equity: International,41836,149328,INF204KC1279,--,--,--,--,--,--,26,N/A,N/A,78.59%,8.63,46.48,1,1,1,1,1,5,High Risk,N/A,N/A,N/A,N/A,-1.18,13.68,12.02,10.42,15.47,13.24
Nippon India US Equity Opportunities Reg,Regular,Equity: International,30564,134922,INF204KA12G2,--,--,0.77,13.32,16.29,1.19,25,N/A,N/A,83.79%,4.2,21.73,1,12,3,1,4,21,Moderate Risk,N/A,N/A,N/A,N/A,N/A,N/A,N/A,N/A,N/A,N/A
PGIM India Emerging Markets Equity FoF Reg,Regular,Equity: International,5558,138453,INF223J01AY0,--,--,0.89,15.3,19.58,1.33,N/A,N/A,N/A,N/A,N/A,N/A,1,12,2,1,3,19,Moderately High Risk,N/A,N/A,N/A,N/A,4.63,16.86,13.68,10.42,15.47,13.24
PGIM India Global Equity Opportunities FoF Reg,Regular,Equity: International,11136,138523,INF223J01AU8,--,--,0.51,16.15,14.21,0.74,N/A,N/A,N/A,N/A,N/A,N/A,1,10,3,1,2,17,Moderately High Risk,N/A,N/A,N/A,N/A,4.01,13.76,11.07,10.42,15.47,13.24
PGIM India Global Select Real Estate Sec FoF Reg,Regular,Equity: International,41816,149299,INF663L01W97,--,--,0.44,14.33,12.39,0.81,N/A,N/A,N/A,N/A,N/A,N/A,1,12,4,1,3,21,Moderate Risk,N/A,N/A,N/A,N/A,N/A,N/A,N/A,N/A,N/A,N/A
SBI US Specific Equity Active FoF FoF Reg,Regular,Equity: International,41350,148762,INF200KA1T96,--,--,1.24,14.03,23.47,1.96,N/A,N/A,N/A,N/A,N/A,N/A,1,12,3,1,3,20,Moderate Risk,N/A,N/A,N/A,N/A,N/A,N/A,N/A,N/A,N/A,N/A
Sundaram Global Brand Theme-Equity Active FoF Reg*,Regular,Equity: International,5449,106370,INF903J01EX1,--,--,0.71,12.02,14.54,0.92,N/A,N/A,N/A,N/A,N/A,N/A,1,12,4,1,3,21,Moderate Risk,N/A,N/A,N/A,N/A,9.04,N/A,N/A,10.42,N/A,N/A
ABSL Conglomerate Reg,Regular,Equity: Thematic (Broad),44786,153127,INF209KC1399,--,--,--,--,--,--,42,53.87%,36.85%,61.65%,3.03,25.52,1,4,2,1,2,10,High Risk,N/A,N/A,N/A,N/A,7.69,14.11,13.56,10.42,15.47,13.24
ABSL Nifty India Defence Index Reg,Regular,Equity: Thematic (Broad),44487,152800,INF209KC1159,--,--,--,--,--,--,19,88.61%,72.65%,94.37%,9.24,42.73,1,8,4,1,2,16,Moderately High Risk,N/A,N/A,N/A,N/A,N/A,N/A,N/A,N/A,N/A,N/A
ABSL Special Opportunities Reg,Regular,Equity: Thematic (Broad),41141,148537,INF209KB1T46,4.83,0.96,0.82,14.37,17.76,1.08,67,34.31%,21.81%,61.71%,3.17,21.27,1,1,1,1,1,5,High Risk,N/A,N/A,N/A,N/A,N/A,N/A,N/A,N/A,N/A,N/A
Axis BSE India Sector Leaders Index Reg,Regular,Equity: Thematic (Broad),45781,154170,INF846KA1416,--,--,--,--,--,--,61,N/A,N/A,N/A,N/A,21.24,1,8,4,1,2,16,Moderately High Risk,N/A,N/A,N/A,N/A,13.59,14.27,8.94,10.42,15.47,13.24
Axis Momentum Reg,Regular,Equity: Thematic (Broad),44766,153085,INF846K010Z1,--,--,--,--,--,--,41,45.80%,26.52%,62.08%,3.42,22.13,1,10,3,1,2,17,Moderately High Risk,N/A,N/A,N/A,N/A,14.45,17.82,13.48,10.42,15.47,13.24
Axis Multi Factor Passive FoF Reg,Regular,Equity: Thematic (Broad),42078,149844,INF846K014G3,-1.13,0.97,0.41,14.39,11.87,0.47,N/A,N/A,N/A,N/A,N/A,N/A,1,6,3,1,1,12,High Risk,N/A,N/A,N/A,N/A,12.9,16.13,12.96,10.42,15.47,13.24
Axis Nifty India Defence Index Reg,Regular,Equity: Thematic (Broad),45949,,INF846KA1515,N/A,N/A,N/A,N/A,N/A,N/A,N/A,N/A,N/A,N/A,N/A,N/A,1,4,3,1,2,11,High Risk,N/A,N/A,N/A,N/A,18.43,16.24,10.4,10.42,15.47,13.24
Axis Services Opportunities Reg,Regular,Equity: Thematic (Broad),45322,153621,INF846KA1135,--,--,--,--,--,--,38,52.37%,33.06%,78.57%,4.77,32.64,1,12,3,1,3,20,Moderate Risk,N/A,N/A,N/A,N/A,N/A,N/A,N/A,N/A,N/A,N/A
Bandhan BSE India Sector Leaders Index Reg,Regular,Equity: Thematic (Broad),45460,153839,INF194KB1KA6,--,--,--,--,--,--,61,42.07%,24.80%,46.85%,3.22,21.24,1,8,4,1,2,16,Moderately High Risk,N/A,N/A,N/A,N/A,10.47,N/A,N/A,10.42,N/A,N/A
Bandhan Multi-Factor Reg,Regular,Equity: Thematic (Broad),45332,153721,INF194KB1JU6,--,--,--,--,--,--,33,N/A,N/A,N/A,N/A,17.9,1,1,1,1,1,5,High Risk,N/A,N/A,N/A,N/A,9.55,N/A,N/A,10.42,N/A,N/A
Baroda BNP Paribas Business Conglomerates Reg,Regular,Equity: Thematic (Broad),45456,153844,INF251K01VG2,--,--,--,--,--,--,43,45.21%,31.62%,50.22%,3.73,24.63,1,1,1,1,1,5,High Risk,N/A,N/A,N/A,N/A,N/A,N/A,N/A,N/A,N/A,N/A
Edelweiss BSE Capital Mkts & Insurance ETF,Regular,Equity: Thematic (Broad),44826,153180,INF754K01TX4,--,--,--,--,--,--,24,72.80%,48.23%,99.87%,5.84,34.27,10,10,3,3,2,28,Low Risk,N/A,N/A,N/A,N/A,N/A,N/A,N/A,N/A,N/A,N/A
Edelweiss BSE Internet Economy Index Reg,Regular,Equity: Thematic (Broad),45127,153495,INF754K01VB6,--,--,--,--,--,--,20,83.77%,57.96%,93.38%,10.58,161.37,1,1,1,1,1,5,High Risk,N/A,N/A,N/A,N/A,9.67,14.64,10.32,10.42,15.47,13.24
Edelweiss Recently Listed IPO Reg,Regular,Equity: Thematic (Broad),35232,142383,INF754K01MH2,2.96,0.96,0.55,17.97,15.93,0.64,58,39.97%,24.09%,57.78%,5.45,41.76,1,1,1,1,1,5,High Risk,N/A,N/A,N/A,N/A,2.68,11.01,5.79,10.42,15.47,13.24
Franklin India Multi-Factor Reg,Regular,Equity: Thematic (Broad),45583,153943,INF090I01YN8,--,--,--,--,--,--,82,36.45%,24.74%,57.73%,2.55,15.45,4,4,3,3,1,15,Moderately High Risk,N/A,N/A,N/A,N/A,9.51,N/A,N/A,10.42,N/A,N/A
Franklin India Opportunities Reg,Regular,Equity: Thematic (Broad),753,112304,INF090I01445,8.37,1.06,0.93,17.21,22.07,1.19,54,36.94%,22.40%,59.86%,2.73,18.1,1,1,1,1,1,5,High Risk,N/A,N/A,N/A,N/A,14.48,N/A,N/A,10.42,N/A,N/A
Groww BSE Power ETF,Regular,Equity: Thematic (Broad),45370,153744,INF666M01LM6,--,--,--,--,--,--,18,79.89%,57.98%,100.02%,3.18,25.22,1,1,1,1,1,5,High Risk,N/A,N/A,N/A,N/A,N/A,N/A,N/A,N/A,N/A,N/A
Groww BSE Power ETF FOF Reg,Regular,Equity: Thematic (Broad),45371,153745,INF666M01LN4,--,--,--,--,--,--,N/A,N/A,N/A,N/A,N/A,N/A,1,1,1,1,1,5,High Risk,N/A,N/A,N/A,N/A,14.83,N/A,N/A,10.42,N/A,N/A
Groww Nifty Capital Markets ETF,Regular,Equity: Thematic (Broad),45632,153907,INF666M01MM4,--,--,--,--,--,--,17,83.31%,63.41%,99.88%,7.93,37.02,1,1,1,1,1,5,High Risk,N/A,N/A,N/A,N/A,10.26,15.04,12.2,10.42,15.47,13.24
Groww Nifty Capital Markets ETF FoF Reg,Regular,Equity: Thematic (Broad),45626,153908,INF666M01MG6,--,--,--,--,--,--,N/A,N/A,N/A,N/A,N/A,N/A,1,1,1,1,1,5,High Risk,N/A,N/A,N/A,N/A,11.67,17.64,12.94,10.42,15.47,13.24
Groww Nifty Chemicals ETF,Regular,Equity: Thematic (Broad),45751,154111,INF666M01NP5,--,--,--,--,--,--,20,77.75%,51.29%,99.53%,3.57,36.7,1,1,1,1,1,5,High Risk,N/A,N/A,N/A,N/A,14.45,N/A,N/A,10.42,N/A,N/A
Groww Nifty India Defence ETF,Regular,Equity: Thematic (Broad),44590,152845,INF666M01IO8,--,--,--,--,--,--,19,88.94%,72.92%,94.72%,8.84,48.34,1,1,1,1,1,5,High Risk,N/A,N/A,N/A,N/A,13.41,N/A,N/A,10.42,N/A,N/A
Groww Nifty India Defence ETF FoF Reg,Regular,Equity: Thematic (Broad),44595,152925,INF666M01IQ3,--,--,--,--,--,--,N/A,N/A,N/A,N/A,N/A,N/A,8,6,2,3,1,20,Moderate Risk,N/A,N/A,N/A,N/A,9.51,N/A,N/A,10.42,N/A,N/A
Groww Nifty India Internet ETF,Regular,Equity: Thematic (Broad),45241,153625,INF666M01LI4,--,--,--,--,--,--,27,85.45%,63.62%,82.64%,4.19,65.04,1,1,1,1,1,5,High Risk,N/A,N/A,N/A,N/A,18.11,21.79,17.71,10.42,15.47,13.24
Groww Nifty India Internet ETF FoF Reg,Regular,Equity: Thematic (Broad),45242,153626,INF666M01LC7,--,--,--,--,--,--,N/A,N/A,N/A,N/A,N/A,N/A,12,10,2,2,2,28,Low Risk,N/A,N/A,N/A,N/A,15.31,N/A,N/A,10.42,N/A,N/A
Groww Nifty Metal ETF,Regular,Equity: Thematic (Broad),45677,154034,INF666M01NI0,--,--,--,--,--,--,15,88.97%,68.87%,99.66%,2.69,20.29,1,1,1,1,1,5,High Risk,N/A,N/A,N/A,N/A,8.98,15.09,N/A,10.42,15.47,N/A
Groww Nifty Realty ETF,Regular,Equity: Thematic (Broad),45522,153899,INF666M01MN2,--,--,--,--,--,--,11,99.84%,73.52%,99.85%,3.12,31.14,1,1,1,1,1,5,High Risk,N/A,N/A,N/A,N/A,3.95,11.72,10.45,10.42,15.47,13.24
HDFC BSE India Sector Leaders Index Reg,Regular,Equity: Thematic (Broad),45588,153958,INF179KC1JX8,--,--,--,--,--,--,61,42.07%,24.80%,46.87%,3.22,21.24,1,1,1,1,1,5,High Risk,N/A,N/A,N/A,N/A,10.13,14.12,11.95,10.42,15.47,13.24
HDFC Defence Reg,Regular,Equity: Thematic (Broad),43510,151751,INF179KC1GL9,--,--,--,--,--,--,22,82.29%,62.04%,90.98%,8.16,48.75,1,1,1,1,1,5,High Risk,N/A,N/A,N/A,N/A,8.87,15.53,N/A,10.42,15.47,N/A
HDFC Housing Opportunities Reg,Regular,Equity: Thematic (Broad),34768,141923,INF179KC1AX7,0.19,1.12,0.47,17.56,14.3,0.59,34,65.62%,40.81%,73.18%,2.08,15.29,1,1,1,1,1,5,High Risk,N/A,N/A,N/A,N/A,N/A,N/A,N/A,N/A,N/A,N/A
HDFC NIFTY Growth Sectors 15 ETF,Regular,Equity: Thematic (Broad),42537,150621,INF179KC1DJ0,-3.21,0.83,0.18,15.12,8.8,0.22,15,83.41%,55.87%,87.45%,6.4,28.58,1,1,1,1,1,5,High Risk,N/A,N/A,N/A,N/A,7.82,15.98,12.14,10.42,15.47,13.24
HDFC NIFTY Realty Index Reg,Regular,Equity: Thematic (Broad),44210,149869,INF179KC1BZ0,--,--,--,--,--,--,10,99.80%,73.36%,99.80%,3.07,30.11,1,1,1,1,1,5,High Risk,N/A,N/A,N/A,N/A,6.91,17.8,11.79,10.42,15.47,13.24
HSBC India Export Opportunities Reg,Regular,Equity: Thematic (Broad),44522,152830,INF336L01RL7,--,--,--,--,--,--,N/A,N/A,N/A,N/A,N/A,N/A,1,1,1,1,1,5,High Risk,N/A,N/A,N/A,N/A,N/A,N/A,N/A,N/A,N/A,N/A
ICICI Pru Active Momentum,Regular,Equity: Thematic (Broad),45355,153685,INF109K1A377,--,--,--,--,--,--,46,30.93%,16.91%,46.08%,4.21,28.16,1,1,1,1,1,5,High Risk,N/A,N/A,N/A,N/A,N/A,N/A,N/A,N/A,N/A,N/A
ICICI Pru Commodities,Regular,Equity: Thematic (Broad),40304,147661,INF109KC1F67,4.13,0.93,0.69,15.71,16.87,0.94,48,57.14%,36.70%,98.78%,2.64,23.18,1,1,1,1,1,5,High Risk,N/A,N/A,N/A,N/A,N/A,N/A,N/A,N/A,N/A,N/A
ICICI Pru Conglomerate,Regular,Equity: Thematic (Broad),45487,153865,INF109K1A393,--,--,--,--,--,--,41,47.60%,29.77%,77.94%,3.34,21.58,1,1,1,1,1,5,High Risk,N/A,N/A,N/A,N/A,12.54,17.55,14.68,10.42,15.47,13.24
ICICI Pru Eqt Minimum Variance Fund Reg,Regular,Equity: Thematic (Broad),44742,153069,INF109KC17X3,--,--,--,--,--,--,38,51.48%,31.48%,62.71%,3.3,21.26,1,1,1,1,1,5,High Risk,N/A,N/A,N/A,N/A,10.64,16.06,N/A,10.42,15.47,N/A
ICICI Pru Exports & Services,Regular,Equity: Thematic (Broad),2968,103312,INF109K01BB5,3.45,0.84,0.75,12.69,15.51,1.08,61,43.98%,29.52%,63.20%,3.55,23.78,1,1,1,1,1,5,High Risk,N/A,N/A,N/A,N/A,6.9,16.78,15.06,10.42,15.47,13.24
ICICI Pru FMCG,Regular,Equity: Thematic (Broad),591,100352,INF109K01415,-11.14,0.83,-0.35,14.49,0.9,-0.42,28,82.00%,66.37%,98.19%,7.41,24.02,6,4,2,2,1,15,Moderately High Risk,N/A,N/A,N/A,N/A,5.67,13.83,13.66,10.42,15.47,13.24
ICICI Pru Housing Opportunities,Regular,Equity: Thematic (Broad),42248,150308,INF109KC17B9,0.54,0.92,0.51,14.23,13.23,0.69,52,54.12%,34.45%,60.67%,2.63,22.72,2,2,3,5,1,13,Moderately High Risk,N/A,N/A,N/A,N/A,N/A,N/A,N/A,N/A,N/A,N/A
ICICI Pru India Opportunities,Regular,Equity: Thematic (Broad),38583,145896,INF109KC1RE6,6.66,0.85,0.98,13.07,18.84,1.24,80,41.16%,25.03%,55.95%,2.89,16.54,1,1,1,1,1,5,High Risk,N/A,N/A,N/A,N/A,N/A,N/A,N/A,N/A,N/A,N/A
ICICI Pru Multi Sector Passive FoF,Regular,Equity: Thematic (Broad),1935,102133,INF109K01795,1.7,0.89,0.61,13.31,14.17,0.74,N/A,N/A,N/A,N/A,N/A,N/A,1,1,1,1,1,5,High Risk,N/A,N/A,N/A,N/A,N/A,N/A,N/A,N/A,N/A,N/A
ICICI Pru Nifty Commodities ETF,Regular,Equity: Thematic (Broad),42947,151207,INF109KC19O8,5.54,0.98,0.75,16.76,18.65,1.12,30,64.78%,38.74%,99.97%,2.12,16.66,1,1,1,1,1,5,High Risk,N/A,N/A,N/A,N/A,9.56,N/A,N/A,10.42,N/A,N/A
ICICI Pru Nifty FMCG ETF,Regular,Equity: Thematic (Broad),41601,149072,INF109KC19V3,-10.3,0.92,-0.23,16.19,2.37,-0.29,15,91.64%,71.37%,100.00%,7.56,23.02,10,8,3,4,2,27,Low Risk,N/A,N/A,N/A,N/A,10.08,15.1,N/A,10.42,15.47,N/A
ICICI Pru Nifty Metal ETF,Regular,Equity: Thematic (Broad),44461,152769,INF109KC19W1,--,--,--,--,--,--,15,89.07%,68.95%,99.77%,2.69,20.29,1,1,1,1,1,5,High Risk,N/A,N/A,N/A,N/A,9.43,N/A,N/A,10.42,N/A,N/A
ICICI Pru Nifty Oil & Gas ETF,Regular,Equity: Thematic (Broad),44432,152748,INF109KC18W3,--,--,--,--,--,--,15,94.27%,76.50%,99.96%,1.34,9.7,1,1,1,1,1,5,High Risk,N/A,N/A,N/A,N/A,N/A,N/A,N/A,N/A,N/A,N/A
ICICI Pru Quality,Regular,Equity: Thematic (Broad),45162,153459,INF109K1A211,--,--,--,--,--,--,58,38.58%,24.24%,51.91%,4.9,25.61,10,8,4,5,2,29,Low Risk,N/A,N/A,N/A,N/A,10.53,20.14,19.66,10.42,15.47,13.24
ICICI Pru Rural Opportunities,Regular,Equity: Thematic (Broad),44844,153181,INF109KC19Y7,--,--,--,--,--,--,49,52.36%,32.57%,67.27%,3.79,21.47,1,1,3,5,1,11,High Risk,N/A,N/A,N/A,N/A,9.38,19.37,20.51,10.42,15.47,13.24
Kotak Active Momentum Reg,Regular,Equity: Thematic (Broad),45387,153755,INF174KA1XD8,--,--,--,--,--,--,48,28.05%,15.89%,50.60%,2.99,18.35,6,6,3,4,1,20,Moderate Risk,N/A,N/A,N/A,N/A,6.35,14.79,16.17,10.42,15.47,13.24
Kotak BSE Housing Index Reg,Regular,Equity: Thematic (Broad),43704,152038,INF174KA1OU1,--,--,--,--,--,--,25,50.56%,26.16%,86.08%,3.51,33.56,12,10,4,5,2,33,Low Risk,N/A,N/A,N/A,N/A,12.55,17.77,14.35,10.42,15.47,13.24
Kotak Multi Factor Passive FoF Reg,Regular,Equity: Thematic (Broad),45898,154276,INF174KA1ZH4,--,--,--,--,--,--,N/A,N/A,N/A,N/A,N/A,N/A,8,6,4,4,1,23,Moderate Risk,N/A,N/A,N/A,N/A,15.42,16.35,11.82,10.42,15.47,13.24
Kotak Nifty Chemicals ETF,Regular,Equity: Thematic (Broad),45570,153934,INF174KA1XV0,--,--,--,--,--,--,20,78.10%,51.51%,99.98%,3.57,36.7,12,8,3,3,2,28,Low Risk,N/A,N/A,N/A,N/A,12.82,N/A,N/A,10.42,N/A,N/A
Kotak Nifty Commodities Index Reg,Regular,Equity: Thematic (Broad),44989,153351,INF174KA1VH3,--,--,--,--,--,--,30,64.72%,38.69%,99.88%,2.16,17.67,1,1,3,4,1,10,High Risk,N/A,N/A,N/A,N/A,10.05,15.09,12.88,10.42,15.47,13.24
Kotak Nifty India Tourism Index Reg,Regular,Equity: Thematic (Broad),44537,152872,INF174KA1TC8,--,--,--,--,--,--,15,91.54%,73.27%,99.88%,9.1,52.1,1,1,1,1,1,5,High Risk,N/A,N/A,N/A,N/A,9.31,14.34,N/A,10.42,15.47,N/A
Kotak Rural Opportunities Reg,Regular,Equity: Thematic (Broad),45595,153969,INF174KA1XZ1,--,--,--,--,--,--,45,50.89%,35.05%,65.25%,3.69,22.71,1,1,1,1,1,5,High Risk,N/A,N/A,N/A,N/A,N/A,N/A,N/A,N/A,N/A,N/A
Kotak Services Reg,Regular,Equity: Thematic (Broad),45795,154151,INF174KA1YY2,--,--,--,--,--,--,24,60.74%,44.05%,61.28%,2.74,18.59,1,1,1,1,1,5,High Risk,N/A,N/A,N/A,N/A,8.98,19.3,17.65,10.42,15.47,13.24
Kotak Special Opportunities Reg,Regular,Equity: Thematic (Broad),44380,152703,INF174KA1SC0,--,--,--,--,--,--,34,45.36%,25.67%,55.15%,2.44,24.89,1,1,1,1,1,5,High Risk,N/A,N/A,N/A,N/A,15.7,18.49,N/A,10.42,15.47,N/A
Mirae Asset BSE India Defence ETF,Regular,Equity: Thematic (Broad),45790,154182,INF769K01QC2,--,--,--,--,--,--,33,74.21%,53.37%,94.88%,7.01,38.01,1,1,1,1,1,5,High Risk,N/A,N/A,N/A,N/A,12.87,20.89,17.78,10.42,15.47,13.24
Mirae Asset BSE India Defence ETF FoF Reg,Regular,Equity: Thematic (Broad),45809,154187,INF769K01QG3,--,--,--,--,--,--,N/A,N/A,N/A,N/A,N/A,N/A,1,1,1,1,1,5,High Risk,N/A,N/A,N/A,N/A,9.37,N/A,N/A,10.42,N/A,N/A
Mirae Asset BSE Select IPO ETF,Regular,Equity: Thematic (Broad),45020,153384,INF769K01ON4,--,--,--,--,--,--,N/A,N/A,N/A,N/A,N/A,N/A,1,1,1,1,1,5,High Risk,N/A,N/A,N/A,N/A,23.4,25.22,21.2,10.42,15.47,13.24
Mirae Asset BSE Select IPO ETF FoF Reg,Regular,Equity: Thematic (Broad),45021,153385,INF769K01OK0,--,--,--,--,--,--,N/A,N/A,N/A,N/A,N/A,N/A,1,1,1,1,1,5,High Risk,N/A,N/A,N/A,N/A,15.42,20.04,N/A,10.42,15.47,N/A
Mirae Asset Multi Factor Passive FoF Reg,Regular,Equity: Thematic (Broad),45434,153818,INF769K01PE0,--,--,--,--,--,--,N/A,N/A,N/A,N/A,N/A,N/A,1,1,1,1,1,5,High Risk,N/A,N/A,N/A,N/A,16.26,N/A,N/A,10.42,N/A,N/A
Mirae Asset Nifty India Internet ETF,Regular,Equity: Thematic (Broad),45250,153642,INF769K01PB6,--,--,--,--,--,--,27,85.54%,63.69%,82.72%,4.19,65.04,1,1,1,1,1,5,High Risk,N/A,N/A,N/A,N/A,9.31,19.15,N/A,10.42,15.47,N/A
Mirae Asset Nifty Metal ETF,Regular,Equity: Thematic (Broad),44588,152924,INF769K01LY7,--,--,--,--,--,--,N/A,N/A,N/A,N/A,N/A,N/A,1,1,1,1,1,5,High Risk,N/A,N/A,N/A,N/A,4.44,21.76,15.35,10.42,15.47,13.24
Mirae Asset Nifty Metal ETF FoF Reg,Regular,Equity: Thematic (Broad),45831,154216,INF769K01QM1,--,--,--,--,--,--,N/A,N/A,N/A,N/A,N/A,N/A,1,1,1,1,1,5,High Risk,N/A,N/A,N/A,N/A,3.21,18.01,16.06,10.42,15.47,13.24
Motilal Oswal Active Momentum Reg,Regular,Equity: Thematic (Broad),45000,153365,INF247L01ES9,--,--,--,--,--,--,26,44.88%,24.67%,65.83%,5.29,34.23,1,1,1,1,1,5,High Risk,N/A,N/A,N/A,N/A,5.83,16.1,13.07,10.42,15.47,13.24
Motilal Oswal BSE Select IPO ETF,Regular,Equity: Thematic (Broad),45639,154003,INF247L01GI5,--,--,--,--,--,--,73,40.09%,24.46%,61.46%,3.85,39.25,1,1,1,1,1,5,High Risk,N/A,N/A,N/A,N/A,13.49,16.03,12.82,10.42,15.47,13.24
Motilal Oswal Multi Factor Passive FoF Reg,Regular,Equity: Thematic (Broad),45873,154238,INF247L01GU0,--,--,--,--,--,--,N/A,N/A,N/A,N/A,N/A,N/A,1,1,1,1,1,5,High Risk,N/A,N/A,N/A,N/A,17.96,16.88,13.47,10.42,15.47,13.24
Motilal Oswal Nifty Capital Market ETF,Regular,Equity: Thematic (Broad),45051,153406,INF247L01EV3,--,--,--,--,--,--,17,83.41%,63.49%,99.99%,7.93,37.02,1,1,1,1,1,5,High Risk,N/A,N/A,N/A,N/A,14.41,23.52,N/A,10.42,15.47,N/A
Motilal Oswal Nifty Capital Market Index Reg,Regular,Equity: Thematic (Broad),44754,153137,INF247L01EC3,--,--,--,--,--,--,17,83.35%,63.44%,99.92%,7.8,34.17,1,1,1,1,1,5,High Risk,N/A,N/A,N/A,N/A,N/A,N/A,N/A,N/A,N/A,N/A
Motilal Oswal Nifty India Defence ETF,Regular,Equity: Thematic (Broad),44517,152846,INF247L01DJ0,--,--,--,--,--,--,19,89.08%,73.05%,94.88%,8.84,48.34,1,1,1,1,1,5,High Risk,N/A,N/A,N/A,N/A,N/A,N/A,N/A,N/A,N/A,N/A
Motilal Oswal Nifty India Defence Index Reg,Regular,Equity: Thematic (Broad),44396,152711,INF247L01CV7,--,--,--,--,--,--,19,89.16%,73.11%,94.97%,9.24,42.73,1,1,1,1,1,5,High Risk,N/A,N/A,N/A,N/A,5.83,10.41,7.92,10.42,15.47,13.24
Motilal Oswal Nifty India Tourism ETF,Regular,Equity: Thematic (Broad),45240,153618,INF247L01FP2,--,--,--,--,--,--,15,91.49%,73.23%,99.85%,6.55,41.72,1,1,1,1,1,5,High Risk,N/A,N/A,N/A,N/A,12.1,12.78,10.96,10.42,15.47,13.24
Motilal Oswal Nifty MidSmall IT and Telecom Index Reg,Regular,Equity: Thematic (Broad),44681,153028,INF247L01DZ6,--,--,--,--,--,--,20,78.72%,58.55%,99.85%,15.73,643.13,1,1,1,1,1,5,High Risk,N/A,N/A,N/A,N/A,3.79,8.96,9.51,10.42,15.47,13.24
Motilal Oswal Nifty Realty ETF,Regular,Equity: Thematic (Broad),44250,152541,INF247L01CI4,--,--,--,--,--,--,10,100.03%,73.67%,100.03%,3.12,31.13,1,1,1,1,1,5,High Risk,N/A,N/A,N/A,N/A,6.88,14.09,N/A,10.42,15.47,N/A
Motilal Oswal Nifty Services Sector ETF,Regular,Equity: Thematic (Broad),45660,154033,INF247L01GJ3,--,--,--,--,--,--,30,72.95%,53.52%,93.77%,2.76,19.38,1,1,1,1,1,5,High Risk,N/A,N/A,N/A,N/A,9.46,17.83,16.26,10.42,15.47,13.24
Motilal Oswal Services Reg,Regular,Equity: Thematic (Broad),45184,153561,INF247L01FG1,--,--,--,--,--,--,37,50.54%,31.30%,70.68%,4.02,28.19,1,1,1,1,1,5,High Risk,N/A,N/A,N/A,N/A,15.32,15.64,N/A,10.42,15.47,N/A
Motilal Oswal Special Opportunities Reg,Regular,Equity: Thematic (Broad),45391,153751,INF247L01FV0,--,--,--,--,--,--,27,49.70%,27.90%,69.87%,5.09,34.08,1,1,1,1,1,5,High Risk,N/A,N/A,N/A,N/A,2.43,8.31,7.53,10.42,15.47,13.24
Nippon India Active Momentum Reg,Regular,Equity: Thematic (Broad),44936,153276,INF204KC1EH1,--,--,--,--,--,--,N/A,N/A,N/A,N/A,N/A,N/A,1,1,1,1,1,5,High Risk,N/A,N/A,N/A,N/A,9.66,N/A,N/A,10.42,N/A,N/A
Nippon India Nifty Realty Index Reg,Regular,Equity: Thematic (Broad),44710,153061,INF204KC1DV4,--,--,--,--,--,--,N/A,N/A,N/A,N/A,N/A,N/A,1,1,1,1,1,5,High Risk,N/A,N/A,N/A,N/A,N/A,N/A,N/A,N/A,N/A,N/A
Quant Commodities Reg,Regular,Equity: Thematic (Broad),43964,152256,INF966L01DC0,--,--,--,--,--,--,16,83.26%,48.57%,96.26%,2.9,26.91,1,1,1,1,1,5,High Risk,N/A,N/A,N/A,N/A,N/A,N/A,N/A,N/A,N/A,N/A
Quant Momentum Reg,Regular,Equity: Thematic (Broad),43880,152190,INF966L01CW0,--,--,--,--,--,--,28,62.05%,42.44%,67.89%,2.71,25.76,1,1,1,1,1,5,High Risk,N/A,N/A,N/A,N/A,3.91,20.56,11.61,10.42,15.47,13.24
Quantum Ethical Reg,Regular,Equity: Thematic (Broad),44770,153095,INF082J01481,--,--,--,--,--,--,46,31.55%,17.89%,63.91%,5,32.02,1,1,1,1,1,5,High Risk,N/A,N/A,N/A,N/A,18.93,10.28,7.31,10.42,15.47,13.24
Samco Active Momentum Reg,Regular,Equity: Thematic (Broad),43514,151752,INF0K1H01073,--,--,--,--,--,--,57,27.08%,18.47%,38.59%,3.01,23.76,1,1,1,1,1,5,High Risk,N/A,N/A,N/A,N/A,10.64,N/A,N/A,10.42,N/A,N/A
Samco Special Opportunities Reg,Regular,Equity: Thematic (Broad),44279,152587,INF0K1H01172,--,--,--,--,--,--,37,35.79%,21.50%,80.58%,2.42,19.47,1,1,1,1,1,5,High Risk,N/A,N/A,N/A,N/A,9.87,14.71,12.21,10.42,15.47,13.24
SBI Comma Reg,Regular,Equity: Thematic (Broad),2812,103145,INF200K01339,5.55,0.95,0.79,15.78,18.44,1.18,32,48.39%,30.65%,89.27%,1.83,15.74,1,1,1,1,1,5,High Risk,N/A,N/A,N/A,N/A,15.02,N/A,N/A,10.42,N/A,N/A
SBI Equity Minimum Variance Reg,Regular,Equity: Thematic (Broad),39362,146644,INF200KA1A48,-1.78,0.9,0.33,14.12,10.71,0.42,50,53.92%,37.00%,64.40%,3.98,21.23,1,1,1,1,1,5,High Risk,N/A,N/A,N/A,N/A,14.48,N/A,N/A,10.42,N/A,N/A
SBI Quality Reg,Regular,Equity: Thematic (Broad),45791,154175,INF200KB1AD3,--,--,--,--,--,--,42,N/A,N/A,N/A,N/A,28.75,1,1,1,1,1,5,High Risk,N/A,N/A,N/A,N/A,N/A,N/A,N/A,N/A,N/A,N/A
Shriram Multi Sector Rotation Reg,Regular,Equity: Thematic (Broad),44668,153077,INF680P01463,--,--,--,--,--,--,36,46.45%,28.83%,69.65%,2.73,15.56,1,1,1,1,1,5,High Risk,N/A,N/A,N/A,N/A,3.69,N/A,N/A,10.42,N/A,N/A
Sundaram Multi-Factor Reg,Regular,Equity: Thematic (Broad),45283,153667,INF903JA1LY0,--,--,--,--,--,--,60,35.64%,22.36%,69.39%,2.12,14.38,1,1,1,1,1,5,High Risk,N/A,N/A,N/A,N/A,14.85,13.34,11.84,10.42,15.47,13.24
Sundaram Services Reg,Regular,Equity: Thematic (Broad),37575,144838,INF903JA1EX7,1.07,0.91,0.54,14.25,13.68,0.73,53,42.47%,27.85%,73.14%,2.82,24.05,1,1,1,1,1,5,High Risk,N/A,N/A,N/A,N/A,9.21,14.68,12.35,10.42,15.47,13.24
Tata BSE Select Business Groups Index Reg,Regular,Equity: Thematic (Broad),44790,153134,INF277KA1CX6,--,--,--,--,--,--,30,73.83%,55.32%,69.91%,3.39,21.6,1,1,1,1,1,5,High Risk,N/A,N/A,N/A,N/A,8.39,14.75,N/A,10.42,15.47,N/A
Tata Ethical Reg,Regular,Equity: Thematic (Broad),213,100415,INF277K01956,-4.85,0.91,0.12,14.27,7.76,0.15,62,36.67%,23.42%,56.48%,3.76,24.84,1,1,1,1,1,5,High Risk,N/A,N/A,N/A,N/A,9.74,14.26,12.67,10.42,15.47,13.24
Tata Housing Opportunities Reg,Regular,Equity: Thematic (Broad),42445,150537,INF277KA1521,-4.21,1.13,0.22,17.71,9.97,0.27,N/A,N/A,N/A,N/A,N/A,N/A,1,1,1,1,1,5,High Risk,N/A,N/A,N/A,N/A,N/A,N/A,N/A,N/A,N/A,N/A
Tata Nifty Capital Markets Index Fund Reg,Regular,Equity: Thematic (Broad),44636,152954,INF277KA1CL1,--,--,--,--,--,--,17,83.33%,63.42%,99.89%,7.8,34.17,12,8,3,4,2,29,Low Risk,N/A,N/A,N/A,N/A,14.64,N/A,N/A,10.42,N/A,N/A
Tata Nifty India Tourism Index Reg,Regular,Equity: Thematic (Broad),44424,152746,INF277KA1BZ3,--,--,--,--,--,--,N/A,N/A,N/A,N/A,N/A,N/A,4,2,3,4,1,14,Moderately High Risk,N/A,N/A,N/A,N/A,N/A,N/A,N/A,N/A,N/A,N/A
Tata Nifty Realty Index Reg,Regular,Equity: Thematic (Broad),44259,152573,INF277KA1AL5,--,--,--,--,--,--,10,100.05%,73.68%,100.05%,3.07,30.11,1,1,1,1,1,5,High Risk,N/A,N/A,N/A,N/A,9.11,16.63,13.57,10.42,15.47,13.24
Taurus Ethical Reg,Regular,Equity: Thematic (Broad),10244,111787,INF044D01864,0.25,0.95,0.47,15.06,13.14,0.6,N/A,N/A,N/A,N/A,N/A,N/A,1,1,1,1,1,5,High Risk,N/A,N/A,N/A,N/A,N/A,N/A,N/A,N/A,N/A,N/A
The Wealth Company Ethical Reg,Regular,Equity: Thematic (Broad),45523,153897,INF2F0001248,--,--,--,--,--,--,39,36.21%,20.65%,54.85%,4.61,25.53,1,1,1,1,1,5,High Risk,N/A,N/A,N/A,N/A,14.81,N/A,N/A,10.42,N/A,N/A
Union Active Momentum Reg,Regular,Equity: Thematic (Broad),44782,153111,INF582M01KC8,--,--,--,--,--,--,35,31.03%,16.39%,73.89%,2.64,18.47,6,6,3,4,1,20,Moderate Risk,N/A,N/A,N/A,N/A,8.57,11.99,10.42,10.42,15.47,13.24
UTI BSE Housing Index Reg,Regular,Equity: Thematic (Broad),43520,151763,INF789F1AYS9,--,--,--,--,--,--,25,50.38%,26.07%,85.80%,3.51,33.56,1,1,1,1,1,5,High Risk,N/A,N/A,N/A,N/A,7.5,17.79,15.77,10.42,15.47,13.24
WhiteOak Capital Quality Equity Reg,Regular,Equity: Thematic (Broad),44852,153190,INF03VN01985,--,--,--,--,--,--,66,38.57%,24.72%,54.30%,5.22,33.8,2,2,3,4,1,12,High Risk,N/A,N/A,N/A,N/A,10.92,17.44,17.93,10.42,15.47,13.24
WhiteOak Capital Special Opportunities Reg,Regular,Equity: Thematic (Broad),44332,152643,INF03VN01894,--,--,--,--,--,--,81,35.27%,21.87%,58.20%,3.54,26.56,2,2,2,2,1,9,High Risk,N/A,N/A,N/A,N/A,9.19,15.44,12.37,10.42,15.47,13.24
ABSL Consumption Reg,Regular,Equity: Thematic (Infra),2787,103111,INF209K01447,-3.05,0.8,0.35,15.11,11.34,0.42,78,35.81%,21.52%,73.20%,5.06,33.31,1,1,1,1,1,5,High Risk,N/A,N/A,N/A,N/A,7.47,12.1,10.66,10.42,15.47,13.24
Axis Consumption Reg,Regular,Equity: Thematic (Infra),44464,152804,INF846K010X6,--,--,--,--,--,--,62,50.04%,33.99%,76.19%,7.25,39.26,1,1,1,1,1,5,High Risk,N/A,N/A,N/A,N/A,15.94,18.18,13.96,10.42,15.47,13.24
Axis NIFTY India Consumption ETF,Regular,Equity: Thematic (Infra),41685,149156,INF846K016C7,-0.63,0.82,0.5,15.85,14.02,0.59,30,60.48%,39.92%,83.31%,6.65,31.86,1,1,1,1,1,5,High Risk,N/A,N/A,N/A,N/A,9.91,N/A,N/A,10.42,N/A,N/A
Bajaj Finserv Consumption Reg,Regular,Equity: Thematic (Infra),44687,153072,INF0QA701979,--,--,--,--,--,--,53,43.33%,27.04%,81.17%,5.45,40.56,6,4,3,4,1,18,Moderately High Risk,N/A,N/A,N/A,N/A,8.27,11.33,13.19,10.42,15.47,13.24
Bank of India Consumption Reg,Regular,Equity: Thematic (Infra),44806,153140,INF761K01GL1,--,--,--,--,--,--,36,51.56%,33.71%,73.79%,5.89,28.59,1,1,1,1,1,5,High Risk,N/A,N/A,N/A,N/A,5.76,1.09,N/A,10.42,15.47,N/A
Baroda BNP Paribas India Consumption Reg,Regular,Equity: Thematic (Infra),37337,150268,INF251K01PQ3,-2.41,0.81,0.4,15.26,12.08,0.44,N/A,N/A,N/A,N/A,N/A,N/A,1,1,1,1,1,5,High Risk,N/A,N/A,N/A,N/A,5.11,9.79,8.66,10.42,15.47,13.24
Canara Robeco Consumer Trends Reg,Regular,Equity: Thematic (Infra),10590,112152,INF760K01241,-2.87,0.81,0.37,15.3,11.62,0.44,N/A,N/A,N/A,N/A,N/A,N/A,1,1,1,1,1,5,High Risk,N/A,N/A,N/A,N/A,8.48,13.45,N/A,10.42,15.47,N/A
Edelweiss Consumption Reg,Regular,Equity: Thematic (Infra),44880,153255,INF754K01UC6,--,--,--,--,--,--,51,44.05%,28.24%,75.06%,6.94,37.82,1,1,1,1,1,5,High Risk,N/A,N/A,N/A,N/A,7.21,12.87,11.17,10.42,15.47,13.24
Groww Nifty Non-Cyclical Consumer Index Reg,Regular,Equity: Thematic (Infra),44323,152633,INF666M01IB5,--,--,--,--,--,--,30,66.33%,45.79%,88.84%,9.21,39.59,1,1,1,1,1,5,High Risk,N/A,N/A,N/A,N/A,9.16,N/A,N/A,10.42,N/A,N/A
HDFC Consumption Reg,Regular,Equity: Thematic (Infra),43557,151803,INF179KC1GR6,--,--,--,--,--,--,48,54.88%,35.34%,85.16%,7.22,43.32,2,4,3,5,1,15,Moderately High Risk,N/A,N/A,N/A,N/A,-0.26,9.88,9.78,10.42,15.47,13.24
HDFC Nifty India Consumption Index Reg,Regular,Equity: Thematic (Infra),45799,154180,INF179KC1JZ3,--,--,--,--,--,--,30,60.56%,40.00%,83.37%,7.14,33.57,1,1,1,1,1,5,High Risk,N/A,N/A,N/A,N/A,7.13,15.62,11.47,10.42,15.47,13.24
HSBC Consumption Reg,Regular,Equity: Thematic (Infra),43708,152027,INF336L01RC6,--,--,--,--,--,--,N/A,N/A,N/A,N/A,N/A,N/A,4,6,3,5,1,19,Moderately High Risk,N/A,N/A,N/A,N/A,9.14,14.11,12.47,10.42,15.47,13.24
ICICI Pru Bharat Consumption,Regular,Equity: Thematic (Infra),39670,146950,INF109KC1YA0,-1.88,0.76,0.42,14.48,12.05,0.48,60,49.10%,31.04%,77.60%,6.22,37.12,1,1,1,1,1,5,High Risk,N/A,N/A,N/A,N/A,8.43,14.94,10.77,10.42,15.47,13.24
ICICI Pru Nifty India Consumption ETF,Regular,Equity: Thematic (Infra),41802,149285,INF109KC1V42,-0.45,0.83,0.52,15.88,14.21,0.6,30,60.57%,40.01%,83.39%,6.64,31.81,1,1,1,1,1,5,High Risk,N/A,N/A,N/A,N/A,6.64,13.51,10.73,10.42,15.47,13.24
Invesco India Consumption Reg,Regular,Equity: Thematic (Infra),45527,153902,INF205KA1BF2,--,--,--,--,--,--,N/A,N/A,N/A,N/A,N/A,N/A,2,4,3,5,1,15,Moderately High Risk,N/A,N/A,N/A,N/A,N/A,N/A,N/A,N/A,N/A,N/A
ITI Bharat Consumption Reg,Regular,Equity: Thematic (Infra),44920,153263,INF00XX01DD8,--,--,--,--,--,--,N/A,N/A,N/A,N/A,N/A,N/A,2,4,3,5,1,15,Moderately High Risk,N/A,N/A,N/A,N/A,4.89,11.92,9.67,10.42,15.47,13.24
Kotak Consumption Reg,Regular,Equity: Thematic (Infra),43858,152170,INF174KA1PM5,--,--,--,--,--,--,N/A,N/A,N/A,N/A,N/A,N/A,1,1,1,1,1,5,High Risk,N/A,N/A,N/A,N/A,0.85,9.26,6.09,10.42,15.47,13.24
Kotak NIFTY India Consumption ETF,Regular,Equity: Thematic (Infra),42398,150492,INF174KA1ZF8,-0.37,0.83,0.52,15.87,14.29,0.61,30,60.56%,40.00%,83.36%,6.64,31.81,1,1,1,1,1,5,High Risk,N/A,N/A,N/A,N/A,6.39,13.98,N/A,10.42,15.47,N/A
LIC MF Consumption Reg,Regular,Equity: Thematic (Infra),45566,153950,INF767K01SA6,--,--,--,--,--,--,55,25.09%,14.10%,66.61%,5.48,24.62,1,1,1,1,1,5,High Risk,N/A,N/A,N/A,N/A,N/A,N/A,N/A,N/A,N/A,N/A
Mahindra Manulife Consumption Reg,Regular,Equity: Thematic (Infra),37845,145355,INF174V01630,-3.04,0.82,0.36,15.3,11.6,0.41,N/A,N/A,N/A,N/A,N/A,N/A,1,1,1,1,1,5,High Risk,N/A,N/A,N/A,N/A,N/A,N/A,N/A,N/A,N/A,N/A
Mirae Asset Great Consumer Reg,Regular,Equity: Thematic (Infra),12342,114931,INF769K01135,-2.69,0.88,0.4,16.53,12.57,0.47,38,54.60%,34.28%,89.46%,6.82,40.29,1,1,1,1,1,5,High Risk,N/A,N/A,N/A,N/A,12.13,N/A,N/A,10.42,N/A,N/A
Mirae Asset Nifty India New Age Consumption ETF,Regular,Equity: Thematic (Infra),44832,153191,INF769K01NS5,--,--,--,--,--,--,75,42.51%,25.35%,77.92%,5.21,24.14,4,4,3,5,1,17,Moderately High Risk,N/A,N/A,N/A,N/A,N/A,N/A,N/A,N/A,N/A,N/A
Mirae Asset Nifty India New Age Consumption ETF FoF Reg,Regular,Equity: Thematic (Infra),44833,153192,INF769K01NP1,--,--,--,--,--,--,N/A,N/A,N/A,N/A,N/A,N/A,4,6,3,5,1,19,Moderately High Risk,N/A,N/A,N/A,N/A,9.53,14.54,12.57,10.42,15.47,13.24
Motilal Oswal Consumption Reg,Regular,Equity: Thematic (Infra),45541,153916,INF247L01GD6,--,--,--,--,--,--,28,53.49%,31.68%,71.17%,6.49,42.12,1,1,1,1,1,5,High Risk,N/A,N/A,N/A,N/A,12.97,12.97,11.07,10.42,15.47,13.24
Motilal Oswal Nifty MidSmall India Consumption Index Reg,Regular,Equity: Thematic (Infra),44679,153024,INF247L01DV5,--,--,--,--,--,--,30,49.15%,28.78%,64.97%,7.99,168.18,1,1,1,1,1,5,High Risk,N/A,N/A,N/A,N/A,14.78,17.17,N/A,10.42,15.47,N/A
Nippon India Consumption Reg,Regular,Equity: Thematic (Infra),2474,102751,INF204K01AQ4,-3.04,0.8,0.35,15.43,11.36,0.39,42,51.59%,32.89%,89.28%,6.36,37.2,1,1,1,1,1,5,High Risk,N/A,N/A,N/A,N/A,10.7,18.26,N/A,10.42,15.47,N/A
Nippon India ETF Nifty India Consumption,Regular,Equity: Thematic (Infra),25700,128331,INF204KA1LD7,-0.58,0.82,0.51,15.86,14.07,0.59,30,60.56%,40.00%,83.35%,6.64,31.8,4,6,3,5,1,19,Moderately High Risk,N/A,N/A,N/A,N/A,9.05,22.47,N/A,10.42,15.47,N/A
Quant Consumption Reg,Regular,Equity: Thematic (Infra),44051,152338,INF966L01DI7,--,--,--,--,--,--,16,77.76%,44.20%,89.13%,3.66,37.85,1,1,1,1,1,5,High Risk,N/A,N/A,N/A,N/A,15.13,N/A,N/A,10.42,N/A,N/A
SBI Consumption Opportunities Reg,Regular,Equity: Thematic (Infra),630,120576,INF200K01VR6,-4.5,0.83,0.26,15.81,10.17,0.32,46,41.23%,22.14%,78.77%,6.94,44.84,2,4,3,5,1,15,Moderately High Risk,N/A,N/A,N/A,N/A,9.09,12.33,N/A,10.42,15.47,N/A
SBI Nifty Consumption ETF,Regular,Equity: Thematic (Infra),41572,149041,INF200KA1X17,-0.53,0.83,0.51,15.88,14.13,0.6,30,60.57%,40.01%,83.38%,6.64,31.81,2,4,3,4,1,14,Moderately High Risk,N/A,N/A,N/A,N/A,11.25,10.78,8.26,10.42,15.47,13.24
SBI Nifty India Consmpn Index Reg,Regular,Equity: Thematic (Infra),44670,153012,INF200KB1415,--,--,--,--,--,--,30,60.63%,40.05%,83.48%,7.14,33.57,1,1,1,1,1,5,High Risk,N/A,N/A,N/A,N/A,8.8,15.62,13.51,10.42,15.47,13.24
Sundaram Consumption Reg,Regular,Equity: Thematic (Infra),3268,102142,INF903J01561,-2.82,0.82,0.36,15.68,11.74,0.42,27,61.17%,39.85%,82.27%,5.91,31.47,1,1,1,1,1,5,High Risk,N/A,N/A,N/A,N/A,8.88,N/A,N/A,10.42,N/A,N/A
Tata BSE Multicap Consmpn 50:30:20 Index Reg,Regular,Equity: Thematic (Infra),45703,154064,INF277KA1EM5,--,--,--,--,--,--,100,34.54%,22.63%,84.70%,5.69,25.22,1,1,1,1,1,5,High Risk,N/A,N/A,N/A,N/A,16.67,N/A,N/A,10.42,N/A,N/A
Tata India Consumer Reg,Regular,Equity: Thematic (Infra),31358,135804,INF277K010A2,-0.39,0.79,0.51,15.51,13.93,0.62,33,51.36%,31.28%,76.42%,8.26,44.08,1,1,1,1,1,5,High Risk,N/A,N/A,N/A,N/A,13.21,19.24,16.24,10.42,15.47,13.24
Union Consumption Reg,Regular,Equity: Thematic (Infra),45667,154022,INF582M01MD2,--,--,--,--,--,--,50,44.98%,28.15%,75.60%,6.47,42.72,2,4,3,5,1,15,Moderately High Risk,N/A,N/A,N/A,N/A,13.71,18.46,N/A,10.42,15.47,N/A
UTI India Consumer Reg,Regular,Equity: Thematic (Infra),5437,106425,INF789F01CE6,-3.29,0.84,0.35,15.89,11.57,0.4,41,56.29%,38.78%,82.35%,6.45,37.97,4,6,3,5,1,19,Moderately High Risk,N/A,N/A,N/A,N/A,13.83,N/A,N/A,10.42,N/A,N/A
WhiteOak Capital Consumption Opportunities Reg,Regular,Equity: Thematic (Infra),45779,154162,INF03VN01AE1,--,--,--,--,--,--,45,46.92%,31.70%,76.24%,6.4,41.76,1,1,1,1,1,5,High Risk,N/A,N/A,N/A,N/A,8.13,N/A,N/A,10.42,N/A,N/A
ABSL ESG Integration Strategy Reg,Regular,Equity: Thematic (ESG),41219,148635,INF209KB1U43,0.25,0.98,0.41,14.46,11.93,0.5,56,40.00%,25.36%,74.62%,3.44,24.01,2,2,3,5,1,13,Moderately High Risk,N/A,N/A,N/A,N/A,11.79,13.62,N/A,10.42,15.47,N/A
Axis ESG Integration Strategy Reg,Regular,Equity: Thematic (ESG),40534,147929,INF846K01W56,-1.28,0.91,0.3,13.2,9.99,0.38,37,46.44%,28.69%,59.64%,3.05,21.12,4,6,3,5,1,19,Moderately High Risk,N/A,N/A,N/A,N/A,10.76,16.04,N/A,10.42,15.47,N/A
Baroda BNP Paribas ESG Best-in-class strategy Reg,Regular,Equity: Thematic (ESG),45835,154194,INF251K01VM0,--,--,--,--,--,--,N/A,N/A,N/A,N/A,N/A,N/A,1,1,1,1,1,5,High Risk,N/A,N/A,N/A,N/A,6.8,N/A,N/A,10.42,N/A,N/A
ICICI Pru ESG Exclusionary Strategy,Regular,Equity: Thematic (ESG),41125,148517,INF109KC1N75,2.44,0.96,0.56,14.14,13.95,0.77,50,N/A,N/A,N/A,N/A,24.5,2,4,3,5,1,15,Moderately High Risk,N/A,N/A,N/A,N/A,7.91,N/A,N/A,10.42,N/A,N/A
Invesco India ESG Integration Strategy Reg,Regular,Equity: Thematic (ESG),41337,148753,INF205KA1304,-3.14,0.99,0.17,14.73,8.55,0.21,40,46.54%,28.23%,75.21%,3.87,26.52,1,1,1,1,1,5,High Risk,N/A,N/A,N/A,N/A,10.11,15.26,N/A,10.42,15.47,N/A
Kotak ESG Exclusionary Strategy Reg,Regular,Equity: Thematic (ESG),41200,148602,INF174KA1FF0,-0.7,0.95,0.35,13.55,10.79,0.4,48,46.57%,27.54%,64.96%,3.28,21.63,4,6,3,5,1,19,Moderately High Risk,N/A,N/A,N/A,N/A,11.71,N/A,N/A,10.42,N/A,N/A
Mirae Asset Nifty 100 ESG Sector Leaders ETF,Regular,Equity: Thematic (ESG),41157,148572,INF769K01GS9,-0.9,0.95,0.34,13.32,10.58,0.43,64,55.82%,41.17%,71.01%,3.03,21.45,1,1,1,1,1,5,High Risk,N/A,N/A,N/A,N/A,13.56,N/A,N/A,10.42,N/A,N/A
Mirae Asset Nifty 100 ESG Sector Leaders FoF Reg,Regular,Equity: Thematic (ESG),41158,148576,INF769K01GN0,-1.34,0.95,0.31,13.35,10.13,0.39,N/A,N/A,N/A,N/A,N/A,N/A,2,4,3,5,1,15,Moderately High Risk,N/A,N/A,N/A,N/A,7.97,12.26,N/A,10.42,15.47,N/A
Quant ESG Integration Strategy Reg,Regular,Equity: Thematic (ESG),41163,148560,INF966L01AB8,0.52,1.13,0.39,17.96,13.05,0.57,22,66.35%,40.95%,73.59%,3.21,32.22,1,1,1,1,1,5,High Risk,N/A,N/A,N/A,N/A,8.72,18.11,15.74,10.42,15.47,13.24
Quantum ESG Best In Class Strategy Reg,Regular,Equity: Thematic (ESG),40009,147371,INF082J01390,-2.94,1,0.19,14.58,8.85,0.22,53,34.26%,20.20%,69.61%,4.32,30.46,6,4,3,3,1,17,Moderately High Risk,N/A,N/A,N/A,N/A,13.47,20.84,17.99,10.42,15.47,13.24
SBI ESG Exclusionary Strategy Reg,Regular,Equity: Thematic (ESG),190,104523,INF200K01214,-1.07,0.97,0.32,13.88,10.53,0.36,41,50.60%,31.93%,63.86%,3.49,24.55,4,2,4,4,1,15,Moderately High Risk,N/A,N/A,N/A,N/A,N/A,N/A,N/A,N/A,N/A,N/A
WhiteOak Capital ESG Best-In-Class Strategy Reg,Regular,Equity: Thematic (ESG),44644,152963,INF03VN01969,--,--,--,--,--,--,63,45.98%,31.14%,65.81%,3.96,26.74,1,1,1,1,1,5,High Risk,N/A,N/A,N/A,N/A,20.5,N/A,N/A,10.42,N/A,N/A
ABSL CRISIL 10 Year Gilt ETF,Regular,Debt: Others (Structured/Credit),44486,152802,INF209KC1142,--,--,--,--,--,--,N/A,N/A,N/A,N/A,N/A,N/A,8,6,3,3,1,21,Moderate Risk,7.14,6.97,9.52,GOI/Cash,13.63,17,N/A,10.42,15.47,N/A
Bandhan Gilt Fund with 10 year Constant Duration Reg,Regular,Debt: Others (Structured/Credit),1243,108753,INF194K01FA0,--,--,0.34,3.08,7.07,0.44,N/A,N/A,N/A,N/A,N/A,N/A,2,2,3,3,1,11,High Risk,6.75,6.69,9.17,GOI/Cash,16.46,N/A,N/A,10.42,N/A,N/A
DSP 10Y G-Sec Reg,Regular,Debt: Others (Structured/Credit),28171,131297,INF740K012I0,--,--,0.12,2.77,6.36,0.17,N/A,N/A,N/A,N/A,N/A,N/A,4,4,4,4,1,17,Moderately High Risk,6.77,7.06,9.56,GOI/Cash,3.03,N/A,N/A,10.42,N/A,N/A
ICICI Pru Constant Maturity Gilt,Regular,Debt: Others (Structured/Credit),27952,131051,INF109KA1N46,--,--,0.34,2.85,7,0.46,N/A,N/A,N/A,N/A,N/A,N/A,4,2,4,4,1,15,Moderately High Risk,N/A,N/A,N/A,N/A,7.52,N/A,N/A,10.42,N/A,N/A
ICICI Pru Nifty 10 yr Benchmark G-Sec ETF,Regular,Debt: Others (Structured/Credit),42946,151196,INF109KC18O0,--,--,0.19,2.79,6.56,0.27,N/A,N/A,N/A,N/A,N/A,N/A,4,2,4,4,1,15,Moderately High Risk,6.77,7.07,9.58,GOI/Cash,2.24,N/A,N/A,10.42,N/A,N/A
SBI Constant Maturity 10-Year Gilt Reg,Regular,Debt: Others (Structured/Credit),899,101002,INF200K01AN9,--,--,0.2,2.91,6.61,0.26,N/A,N/A,N/A,N/A,N/A,N/A,6,4,2,2,1,15,Moderately High Risk,6.81,7.13,9.76,GOI/Cash,7.22,16.43,N/A,10.42,15.47,N/A
SBI Nifty 10Y Benchmark G-Sec ETF,Regular,Debt: Others (Structured/Credit),32486,139430,INF200KA1JT1,--,--,0.25,2.86,6.74,0.35,N/A,N/A,N/A,N/A,N/A,N/A,2,2,3,3,1,11,High Risk,6.78,7.09,9.61,GOI/Cash,11.09,N/A,N/A,10.42,N/A,N/A
UTI Gilt Fund with 10 year Constant Duration Reg,Regular,Debt: Others (Structured/Credit),42369,150409,INF789F1AVI6,--,--,0.14,2.88,6.44,0.19,N/A,N/A,N/A,N/A,N/A,N/A,4,2,4,3,1,14,Moderately High Risk,N/A,N/A,N/A,N/A,14.04,16.3,11.33,10.42,15.47,13.24
UTI Nifty 10 yr Benchmark G-Sec ETF,Regular,Debt: Others (Structured/Credit),44082,152369,INF789F1AZF3,--,--,--,--,--,--,N/A,N/A,N/A,N/A,N/A,N/A,1,1,1,1,1,5,High Risk,--,--,--,GOI/Cash,18.22,N/A,N/A,10.42,N/A,N/A
,,,,,,,,,,,,,,,,,,1,1,1,1,1,5,High Risk,,,,,,,,,,
,,,,,,,,,,,,,,,,,,1,2,6,1,1,11,High Risk,,,,,,,,,,
,,,,,,,,,,,,,,,,,,1,2,6,1,1,11,High Risk,,,,,,,,,,
,,,,,,,,,,,,,,,,,,1,2,6,1,1,11,High Risk,,,,,,,,,,
,,,,,,,,,,,,,,,,,,1,2,6,1,1,11,High Risk,,,,,,,,,,
,,,,,,,,,,,,,,,,,,1,2,6,1,1,11,High Risk,,,,,,,,,,
,,,,,,,,,,,,,,,,,,1,2,6,1,1,11,High Risk,,,,,,,,,,
,,,,,,,,,,,,,,,,,,1,2,6,1,1,11,High Risk,,,,,,,,,,
,,,,,,,,,,,,,,,,,,1,1,1,1,1,5,High Risk,,,,,,,,,,