Fund Name,Category,Subcategory,ISIN,Scheme Code,Plan,1Y Return (%),3Y Return (%),5Y Return (%),Benchmark Name,Benchmark 1Y (%),Benchmark 3Y (%),Benchmark 5Y (%),Alpha,Beta,Sharpe Ratio,Std Dev,Mean Return (%),YTM (%),Modified Duration (yrs),Avg Credit Rating,Avg Maturity (yrs),Top Holdings Count,Fund URL,YTM Score (10),Duration Score (10),Avg Maturity Score (10),Credit Rating Score (10),Total Score (40),Risk Label
ABSL Banking & PSU Debt Dir,debt,Debt,INF209K01YN0,119550,Direct,5.39,7.38,6.47,Debt: Banking and PSU,5.56,7.37,6.43,,,0.87,1.55,7.16,7.73,2.73,AAA,3.8,25,https://www.valueresearchonline.com/funds/15941/,7,7,7,9,30,Low Risk
Axis Banking & PSU Debt Dir,debt,Debt,INF846K01CR6,120438,Direct,5.7,7.3,6.32,Debt: Banking and PSU,5.56,7.37,6.43,,,0.97,1.33,7.08,7.68,2.19,AAA,2.73,25,https://www.valueresearchonline.com/funds/15680/,7,7,8,9,31,Low Risk
Bajaj Finserv Banking and PSU Dir,debt,Debt,INF0QA701607,152162,Direct,5.32,,,Debt: Banking and PSU,5.56,,,,,,,,7.76,2.55,AAA,2.93,20,https://www.valueresearchonline.com/funds/43851/,7,7,8,9,31,Low Risk
Bandhan Banking and PSU Dir,debt,Debt,INF194K015G8,121279,Direct,6.03,7.39,6.4,Debt: Banking and PSU,5.56,7.37,6.43,,,1.07,1.27,7.16,7.57,2.32,AAA,2.53,25,https://www.valueresearchonline.com/funds/18448/,7,7,8,9,31,Low Risk
Canara Robeco Banking and PSU Debt Dir,debt,Debt,INF760K01KC4,150505,Direct,5.35,6.92,,Debt: Banking and PSU,5.56,7.37,,,,0.67,1.39,6.74,7.48,2.7,AAA,3.18,18,https://www.valueresearchonline.com/funds/42432/,6,7,7,9,29,Low Risk
DSP Banking & PSU Debt Dir,debt,Debt,INF740K01ZW2,124175,Direct,5.16,7.31,6.28,Debt: Banking and PSU,5.56,7.37,6.43,,,0.63,2.08,7.11,7.78,4.18,AAA,7.04,25,https://www.valueresearchonline.com/funds/21204/,7,5,4,9,25,Moderate Risk
Edelweiss Banking and PSU Debt Dir,debt,Debt,INF843K01FC8,140286,Direct,4.76,7.11,6.31,Debt: Banking and PSU,5.56,7.37,6.43,,,0.68,1.62,6.9,7.57,1.38,AAA,1.46,25,https://www.valueresearchonline.com/funds/21020/,7,8,9,9,33,Low Risk
Franklin India Banking & PSU Debt Dir,debt,Debt,INF090I01KR8,129008,Direct,6.3,7.61,6.51,Debt: Banking and PSU,5.56,7.37,6.43,,,1.45,1.06,7.34,7.5,1.28,AAA,2.62,25,https://www.valueresearchonline.com/funds/26029/,7,8,8,9,32,Low Risk
HDFC Banking and PSU Debt Dir,debt,Debt,INF179KA1IZ7,128629,Direct,5.66,7.51,6.49,Debt: Banking and PSU,5.56,7.37,6.43,,,0.9,1.65,7.28,7.78,3.21,AAA,4.09,25,https://www.valueresearchonline.com/funds/25440/,7,6,6,9,28,Low Risk
HSBC Banking & PSU Debt Dir,debt,Debt,INF917K01HH5,151107,Direct,5.67,7.25,5.88,Debt: Banking and PSU,5.56,7.37,6.43,,,0.87,1.42,7.04,7.69,2.49,AAA,2.86,25,https://www.valueresearchonline.com/funds/16783/,7,7,8,9,31,Low Risk
ICICI Pru Banking & PSU Debt Dir,debt,Debt,INF109K010A6,120256,Direct,6.19,7.7,6.9,Debt: Banking and PSU,5.56,7.37,6.43,,,1.2,1.37,7.45,7.9,3.38,AAA,5.83,25,https://www.valueresearchonline.com/funds/17786/,7,6,5,9,27,Moderate Risk
ITI Banking & PSU Debt Dir,debt,Debt,INF00XX01861,148534,Direct,5.31,7.25,6.49,Debt: Banking and PSU,5.56,7.37,6.43,,,1.2,1.03,7.04,7.11,0.75,AAA,0.78,13,https://www.valueresearchonline.com/funds/41135/,6,9,10,9,34,Low Risk
Invesco India Banking and PSU Dir,debt,Debt,INF205K01KT4,120444,Direct,5.45,7.43,5.92,Debt: Banking and PSU,5.56,7.37,6.43,,,0.83,1.71,7.22,7.46,3.08,AAA,3.98,16,https://www.valueresearchonline.com/funds/16371/,6,6,7,9,28,Low Risk
Kotak Banking & PSU Debt Dir,debt,Debt,INF174K01KH7,123693,Direct,6,7.7,6.72,Debt: Banking and PSU,5.56,7.37,6.43,,,1.05,1.58,7.46,7.77,3.01,AAA,3.55,25,https://www.valueresearchonline.com/funds/16356/,7,6,7,9,29,Low Risk
LIC MF Banking & PSU Dir,debt,Debt,INF767K01GI4,120338,Direct,5.6,7.52,6.38,Debt: Banking and PSU,5.56,7.37,6.43,,,0.95,1.57,7.29,7.58,2.28,AAA,3.26,25,https://www.valueresearchonline.com/funds/16974/,7,7,7,9,30,Low Risk
Mirae Asset Banking and PSU Dir,debt,Debt,INF769K01FY9,148419,Direct,5.02,7.14,6.13,Debt: Banking and PSU,5.56,7.37,6.43,,,0.73,1.57,6.94,7.41,2.7,AAA,3.71,25,https://www.valueresearchonline.com/funds/41030/,6,7,7,9,29,Low Risk
Nippon India Banking and PSU Dir,debt,Debt,INF204KA1U53,134547,Direct,5.53,7.45,6.5,Debt: Banking and PSU,5.56,7.37,6.43,,,0.83,1.72,7.23,7.76,2.96,AAA,3.47,25,https://www.valueresearchonline.com/funds/30193/,7,7,7,9,30,Low Risk
SBI Banking and PSU Dir,debt,Debt,INF200K01V08,125503,Direct,5.43,7.38,6.26,Debt: Banking and PSU,5.56,7.37,6.43,,,0.91,1.49,7.15,7.73,2.17,AAA,3.86,25,https://www.valueresearchonline.com/funds/17346/,7,7,7,9,30,Low Risk
Sundaram Banking & PSU Dir,debt,Debt,INF903J017I5,134363,Direct,5.4,7.3,6.03,Debt: Banking and PSU,5.56,7.37,6.43,,,0.94,1.36,7.08,7.47,2.11,AAA,2.46,25,https://www.valueresearchonline.com/funds/17237/,6,7,8,9,30,Low Risk
UTI Banking & PSU Dir,debt,Debt,INF789F015Z6,126940,Direct,5.93,7.38,7.67,Debt: Banking and PSU,5.56,7.37,6.43,,,1.37,0.98,7.14,7.69,0.82,AAA,0.84,25,https://www.valueresearchonline.com/funds/23934/,7,9,10,9,35,Very Low Risk
ABSL Corporate Bond Dir,debt,Debt,INF209K01S38,119533,Direct,5.4,7.58,6.63,Debt: Corporate Bond,5.63,7.56,6.49,,,0.85,1.83,7.35,7.72,4.16,AAA,6.58,25,https://www.valueresearchonline.com/funds/15926/,7,5,5,9,26,Moderate Risk
Axis Corporate Bond Dir,debt,Debt,INF846K01ZM8,141588,Direct,6.13,8.01,6.97,Debt: Corporate Bond,5.63,7.56,6.49,,,1.27,1.53,7.75,7.79,2.65,AAA,3.35,25,https://www.valueresearchonline.com/funds/34381/,7,7,7,9,30,Low Risk
Bandhan Corporate Bond Dir,debt,Debt,INF194KA1M23,135916,Direct,6.08,7.61,6.37,Debt: Corporate Bond,5.63,7.56,6.49,,,1.14,1.39,7.38,7.58,2.47,AAA,2.8,25,https://www.valueresearchonline.com/funds/31521/,7,7,8,9,31,Low Risk
Baroda BNP Paribas Corporate Bond Dir,debt,Debt,INF251K01GP4,150237,Direct,6.14,7.86,6.32,Debt: Corporate Bond,5.63,7.56,6.49,,,1.14,1.58,7.61,7.73,2.51,AAA,3.21,25,https://www.valueresearchonline.com/funds/16197/,7,7,7,9,30,Low Risk
Canara Robeco Corporate Bond Dir,debt,Debt,INF760K01HB2,126685,Direct,5.07,6.95,6.01,Debt: Corporate Bond,5.63,7.56,6.49,,,0.71,1.34,6.75,7.59,1.91,AAA,2.22,18,https://www.valueresearchonline.com/funds/23480/,7,8,8,9,32,Low Risk
DSP Corporate Bond Dir,debt,Debt,INF740KA1KE8,144646,Direct,5.93,7.35,5.96,Debt: Corporate Bond,5.63,7.56,6.49,,,1.56,0.84,7.11,7.66,0.76,AAA,0.78,25,https://www.valueresearchonline.com/funds/37505/,7,9,10,9,35,Very Low Risk
Franklin India Corporate Debt Dir,debt,Debt,INF090I01FW8,118569,Direct,6.31,8.14,6.85,Debt: Corporate Bond,5.63,7.56,6.49,,,1.36,1.5,7.85,7.91,1.49,AAA,2.77,25,https://www.valueresearchonline.com/funds/16911/,7,8,8,9,32,Low Risk
HDFC Corporate Bond Dir,debt,Debt,INF179K01XD8,118987,Direct,5.38,7.59,6.59,Debt: Corporate Bond,5.63,7.56,6.49,,,0.84,1.87,7.37,7.79,4.29,AAA,6.95,25,https://www.valueresearchonline.com/funds/16109/,7,5,5,9,26,Moderate Risk
HSBC Corporate Bond Dir,debt,Debt,INF917K01HN3,150996,Direct,5.77,7.49,6.41,Debt: Corporate Bond,5.63,7.56,6.49,,,0.96,1.51,7.26,7.71,2.17,AAA,2.36,25,https://www.valueresearchonline.com/funds/16305/,7,7,8,9,31,Low Risk
ICICI Pru Corporate Bond Dir,debt,Debt,INF109K016B1,120692,Direct,6.43,7.86,6.98,Debt: Corporate Bond,5.63,7.56,6.49,,,1.4,1.29,7.61,7.91,3.53,AAA,5.73,25,https://www.valueresearchonline.com/funds/15568/,7,6,5,9,27,Moderate Risk
Invesco India Corporate Bond Dir,debt,Debt,INF205K01RF8,120497,Direct,5.49,7.58,6.4,Debt: Corporate Bond,5.63,7.56,6.49,,,0.92,1.69,7.35,7.75,3.49,AAA,4.39,25,https://www.valueresearchonline.com/funds/16675/,7,6,6,9,28,Low Risk
Kotak Corporate Bond Dir,debt,Debt,INF178L01BY0,133791,Direct,5.67,7.72,6.69,Debt: Corporate Bond,5.63,7.56,6.49,,,1.11,1.51,7.48,7.99,2.73,AAA,4,25,https://www.valueresearchonline.com/funds/17470/,7,7,7,9,30,Low Risk
Mirae Asset Corporate Bond Dir,debt,Debt,INF769K01HD9,148755,Direct,5.39,7.31,6.24,Debt: Corporate Bond,5.63,7.56,6.49,,,0.83,1.55,7.09,7.71,3.03,AAA,4.23,25,https://www.valueresearchonline.com/funds/41343/,7,6,6,9,28,Low Risk
Nippon India Corporate Bond Dir,debt,Debt,INF204K01C15,118814,Direct,5.69,7.82,7.01,Debt: Corporate Bond,5.63,7.56,6.49,,,1.09,1.62,7.57,7.9,2.47,AAA,2.87,25,https://www.valueresearchonline.com/funds/16135/,7,7,8,9,31,Low Risk
PGIM India Corporate Bond Dir,debt,Debt,INF223J01OO2,138330,Direct,5.45,7.47,6.54,Debt: Corporate Bond,5.63,7.56,6.49,,,0.92,1.57,7.24,7.36,2.38,AAA,2.72,22,https://www.valueresearchonline.com/funds/15644/,6,7,8,9,30,Low Risk
SBI Corporate Bond Dir,debt,Debt,INF200KA1YR4,146215,Direct,5.48,7.55,6.47,Debt: Corporate Bond,5.63,7.56,6.49,,,0.96,1.57,7.3,7.98,2.39,AAA,4.09,25,https://www.valueresearchonline.com/funds/38937/,7,7,6,9,29,Low Risk
Sundaram Corporate Bond Dir,debt,Debt,INF903J01NR4,119621,Direct,5.25,7.3,6.23,Debt: Corporate Bond,5.63,7.56,6.49,,,0.87,1.48,7.09,7.56,2.21,AAA,2.82,25,https://www.valueresearchonline.com/funds/17244/,7,7,8,9,31,Low Risk
TRUSTMF Corporate Bond Dir,debt,Debt,INF0GCD01560,151320,Direct,4.95,7.07,,Debt: Corporate Bond,5.63,7.56,,,,0.75,1.43,6.87,7.48,1.78,AAA,1.92,17,https://www.valueresearchonline.com/funds/43066/,6,8,9,9,32,Low Risk
Tata Corporate Bond Dir,debt,Debt,INF277KA1224,149361,Direct,5.56,7.6,,Debt: Corporate Bond,5.63,7.56,,,,0.96,1.64,7.37,7.98,3.03,AAA,4.38,25,https://www.valueresearchonline.com/funds/41870/,7,6,6,9,28,Low Risk
Tata Corporate Bond Seg Port1 Dir,debt,Debt,INF277KA1224,149361,Direct,,,,,,,,,,,,,,,AA,,1,https://www.valueresearchonline.com/funds/40080/,N/A,N/A,N/A,6,6,Moderate Risk
UTI Corporate Bond Dir,debt,Debt,INF789F1A538,144339,Direct,5.67,7.56,6.53,Debt: Corporate Bond,5.63,7.56,6.49,,,1.02,1.49,7.32,7.76,2.51,AAA,3.53,25,https://www.valueresearchonline.com/funds/37143/,7,7,7,9,30,Low Risk
Union Corporate Bond Dir,debt,Debt,INF582M01DU5,143241,Direct,4.99,7.34,6.09,Debt: Corporate Bond,5.63,7.56,6.49,,,0.77,1.73,7.13,7.86,3.06,AAA,4.47,25,https://www.valueresearchonline.com/funds/36080/,7,6,6,9,28,Low Risk
ABSL Credit Risk Dir,debt,Debt,INF209KA1K88,134387,Direct,13.31,13.18,10.96,Debt: Credit Risk,8.99,9.88,10.23,,,2.24,2.99,12.5,8.4,1.99,AA,2.5,25,https://www.valueresearchonline.com/funds/29947/,8,8,8,6,30,Low Risk
ABSL Credit Risk Seg Port1 Dir,debt,Debt,INF209KA1K88,134387,Direct,,,,,,,,,,,,,,,Cash,,0,https://www.valueresearchonline.com/funds/40442/,N/A,N/A,N/A,8,8,Low Risk
Axis Credit Risk Dir,debt,Debt,INF846K01PJ5,130314,Direct,8.64,8.84,7.77,Debt: Credit Risk,8.99,9.88,10.23,,,2.43,1.12,8.53,8.91,2.29,AA,2.6,25,https://www.valueresearchonline.com/funds/27229/,9,7,8,6,30,Low Risk
Bandhan Credit Risk Dir,debt,Debt,INF194KA1X61,140603,Direct,6.04,7.47,6.55,Debt: Credit Risk,8.99,9.88,10.23,,,1.16,1.25,7.25,7.96,1.99,AAA,2.5,17,https://www.valueresearchonline.com/funds/33491/,7,8,8,9,32,Low Risk
Bank of India Credit Risk Dir,debt,Debt,INF761K01EU7,147951,Direct,17.55,10.05,27.69,Debt: Credit Risk,8.99,9.88,10.23,,,0.95,4.11,9.7,7.31,0.64,AAA,0.7,11,https://www.valueresearchonline.com/funds/29480/,6,9,10,9,34,Low Risk
Baroda BNP Paribas Credit Risk Dir,debt,Debt,INF955L01FR6,133488,Direct,7.16,8.47,9.37,Debt: Credit Risk,8.99,9.88,10.23,,,2.75,0.86,8.17,8.2,1.58,AAA,1.93,25,https://www.valueresearchonline.com/funds/29239/,8,8,9,9,34,Low Risk
Baroda BNP Paribas Credit Risk Seg Port1 Dir,debt,Debt,INF955L01FR6,133488,Direct,,,,,,,,,,,,,,,,,0,https://www.valueresearchonline.com/funds/40938/,N/A,N/A,N/A,N/A,,Insufficient Data
DSP Credit Risk Dir,debt,Debt,INF740K01OS4,119082,Direct,11.02,16.98,13.26,Debt: Credit Risk,8.99,9.88,10.23,,,1.39,7.39,16.06,8.31,2.45,AA,3.08,22,https://www.valueresearchonline.com/funds/16396/,8,7,7,6,28,Low Risk
Franklin Ind Credit Risk Seg Port 2 Dir,debt,Debt,INF090I01JF5,118557,Direct,,,,,,,,,,,,,,,B,,1,https://www.valueresearchonline.com/funds/40584/,N/A,N/A,N/A,2,2,High Risk
Franklin Ind Credit Risk Seg Port 3 Dir,debt,Debt,INF090I01JF5,118557,Direct,,,,,,,,,,,,,,,,,0,https://www.valueresearchonline.com/funds/40824/,N/A,N/A,N/A,N/A,,Insufficient Data
HDFC Credit Risk Debt Dir,debt,Debt,INF179KA1FZ3,128051,Direct,7.52,8.29,7.27,Debt: Credit Risk,8.99,9.88,10.23,,,1.78,1.23,8,8.8,2.35,AA,3.48,25,https://www.valueresearchonline.com/funds/25076/,9,7,7,6,29,Low Risk
HSBC Credit Risk Dir,debt,Debt,INF917K01UH8,151045,Direct,6.52,11.93,9.54,Debt: Credit Risk,8.99,9.88,10.23,,,0.84,6.88,11.55,8.31,1.68,AAA,2.07,25,https://www.valueresearchonline.com/funds/16253/,8,8,8,9,33,Low Risk
ICICI Pru Credit Risk Dir,debt,Debt,INF109K01V00,120711,Direct,8.75,9.18,8.06,Debt: Credit Risk,8.99,9.88,10.23,,,2.55,1.18,8.81,8.93,2.15,AA,3.11,25,https://www.valueresearchonline.com/funds/17159/,9,7,7,6,29,Low Risk
Invesco India Credit Risk Dir,debt,Debt,INF205K01I83,130722,Direct,8.16,9.76,8.52,Debt: Credit Risk,8.99,9.88,10.23,,,1.84,1.95,9.38,7.96,2.75,AAA,3.61,16,https://www.valueresearchonline.com/funds/27553/,7,7,7,9,30,Low Risk
Kotak Credit Risk Dir,debt,Debt,INF174K01LZ7,119741,Direct,7.97,8.71,6.85,Debt: Credit Risk,8.99,9.88,10.23,,,1.64,1.56,8.37,8.95,2.05,AA,2.93,25,https://www.valueresearchonline.com/funds/17139/,9,7,8,6,30,Low Risk
Nippon India Credit Risk Dir,debt,Debt,INF204K01A74,118780,Direct,8.41,9.06,9.3,Debt: Credit Risk,8.99,9.88,10.23,,,2.88,1.01,8.72,9.12,2.11,AA,2.43,25,https://www.valueresearchonline.com/funds/16168/,10,7,8,6,31,Low Risk
Nippon India Credit Risk Seg Port 1 Dir,debt,Debt,INF204KB12L0,148101,Direct,,,,,,,,,,,,,8.79,2.04,B,2.34,1,https://www.valueresearchonline.com/funds/40697/,9,7,8,2,26,Moderate Risk
Nippon India Credit Risk Seg Port 2 Direct,debt,Debt,INF204KB14P7,148261,Direct,,,,,,,,,,,,,,,,,0,https://www.valueresearchonline.com/funds/40839/,N/A,N/A,N/A,N/A,,Insufficient Data
SBI Credit Risk Dir,debt,Debt,INF200K01SV4,119798,Direct,8.03,8.54,7.77,Debt: Credit Risk,8.99,9.88,10.23,,,2.22,1.1,8.24,8.7,2.18,AA,2.73,25,https://www.valueresearchonline.com/funds/17180/,9,7,8,6,30,Low Risk
UTI Credit Risk Dir,debt,Debt,INF789F01YB6,120764,Direct,6.77,7.9,10.26,Debt: Credit Risk,8.99,9.88,10.23,,,1.82,1.01,7.64,8.32,2.14,AAA,2.69,23,https://www.valueresearchonline.com/funds/15880/,8,7,8,9,32,Low Risk
UTI Credit Risk Seg Port 2 Dir,debt,Debt,INF789F01YB6,120764,Direct,,,,,,,,,,,,,,,Cash,0,0,https://www.valueresearchonline.com/funds/40761/,N/A,N/A,10,8,18,Very Low Risk
UTI Credit Risk Seg Port 3 Dir,debt,Debt,INF789F01YB6,120764,Direct,,,,,,,,,,,,,,,Cash,,1,https://www.valueresearchonline.com/funds/40906/,N/A,N/A,N/A,8,8,Low Risk
UTI Credit Risk Seg Port Dir,debt,Debt,INF789F01YB6,120764,Direct,,,,,,,,,,,,,,,Cash,0,0,https://www.valueresearchonline.com/funds/40290/,N/A,N/A,10,8,18,Very Low Risk
360 ONE Dynamic Bond Dir,debt,Debt,INF579M01266,122715,Direct,6.27,8.4,7.21,Debt: Dynamic Bond,4.64,7.31,6.53,,,1.01,2.27,8.1,7.82,4.52,AAA,6.01,25,https://www.valueresearchonline.com/funds/19784/,7,5,5,9,26,Moderate Risk
ABSL Dyn Bond Seg Port1 Dir,debt,Debt,INF209K01N82,119505,Direct,,,,,,,,,,,,,,,Cash,,0,https://www.valueresearchonline.com/funds/40459/,N/A,N/A,N/A,8,8,Low Risk
ABSL Dynamic Bond Dir,debt,Debt,INF209K01N82,119505,Direct,5.93,8.01,7.53,Debt: Dynamic Bond,4.64,7.31,6.53,,,0.79,2.52,7.78,8.58,4.8,AAA,8.22,25,https://www.valueresearchonline.com/funds/15734/,9,5,4,9,27,Moderate Risk
Axis Dynamic Bond Dir,debt,Debt,INF846K01DI3,120451,Direct,6.21,7.69,6.51,Debt: Dynamic Bond,4.64,7.31,6.53,,,0.67,2.54,7.5,7.26,5.22,AAA,10.79,25,https://www.valueresearchonline.com/funds/15740/,6,4,3,9,22,Moderate Risk
Bandhan Dynamic Bond Dir,debt,Debt,INF194K01N63,118416,Direct,7.58,8.16,6.61,Debt: Dynamic Bond,4.64,7.31,6.53,,,0.49,4.41,7.99,7.71,8.33,AAA,21.29,15,https://www.valueresearchonline.com/funds/16479/,7,2,1,9,19,Moderately High Risk
Baroda BNP Paribas Dynamic Bond Dir,debt,Debt,INF251K01GW0,150180,Direct,2.63,6.55,6.22,Debt: Dynamic Bond,4.64,7.31,6.53,,,0.22,2.82,6.42,7.47,3.75,AAA,5.62,18,https://www.valueresearchonline.com/funds/16213/,6,6,5,9,26,Moderate Risk
Canara Robeco Dynamic Bond Dir,debt,Debt,INF760K01EC7,118284,Direct,2.31,6.03,5.5,Debt: Dynamic Bond,4.64,7.31,6.53,,,0.04,3.27,5.93,6.97,2.76,AAA,4.54,9,https://www.valueresearchonline.com/funds/16577/,5,7,6,9,27,Moderate Risk
DSP Strategic Bond Dir,debt,Debt,INF740K01QG4,119239,Direct,3.53,7.02,6.33,Debt: Dynamic Bond,4.64,7.31,6.53,,,0.27,4.08,6.92,7.73,7.97,AAA,18.05,15,https://www.valueresearchonline.com/funds/16443/,7,3,2,9,21,Moderate Risk
Franklin Ind Dyn Accrual Seg Port 2 Dir,debt,Debt,INF044D01CN2,118868,Direct,,,,,,,,,,,,,4.17,0.01,B,0.01,1,https://www.valueresearchonline.com/funds/40600/,1,10,10,2,23,Moderate Risk
Franklin Ind Dyn Accrual Seg Port 3 Dir,debt,Debt,INF044D01CN2,118868,Direct,,,,,,,,,,,,,,,,,0,https://www.valueresearchonline.com/funds/40828/,N/A,N/A,N/A,N/A,,Insufficient Data
Groww Dynamic Term Dir,debt,Debt,INF666M01EK5,145589,Direct,2.96,5.94,5.37,Debt: Dynamic Bond,4.64,7.31,6.53,,,0.01,2.56,5.82,7.24,4.35,AAA,8.42,11,https://www.valueresearchonline.com/funds/38300/,6,5,4,9,24,Moderate Risk
HDFC Dynamic Debt Dir,debt,Debt,INF179K01WB4,119075,Direct,4.56,7.24,6.18,Debt: Dynamic Bond,4.64,7.31,6.53,,,0.41,3.08,7.07,7.53,7.69,AAA,19.74,25,https://www.valueresearchonline.com/funds/16061/,7,3,2,9,21,Moderate Risk
HSBC Dynamic Bond Dir,debt,Debt,INF917K01HA0,151087,Direct,4.1,7.19,6.03,Debt: Dynamic Bond,4.64,7.31,6.53,,,0.44,2.79,7.03,7.4,3.98,AAA,7.15,18,https://www.valueresearchonline.com/funds/16218/,6,6,4,9,25,Moderate Risk
ICICI Pru All Seasons Bond Dir,debt,Debt,INF109K016E5,120603,Direct,6.17,8.15,7.36,Debt: Dynamic Bond,4.64,7.31,6.53,,,1.05,1.99,7.9,8.22,6.21,AAA,13.66,25,https://www.valueresearchonline.com/funds/17120/,8,3,2,9,22,Moderate Risk
ICICI Pru Retirement Pure Debt Dir,debt,Debt,INF109KC1UE0,146727,Direct,4.89,7.15,6.24,Debt: Dynamic Bond,4.64,7.31,6.53,,,0.73,1.58,6.95,7.77,4.25,AAA,10,18,https://www.valueresearchonline.com/funds/39073/,7,5,3,9,24,Moderate Risk
ITI Dynamic Bond Dir,debt,Debt,INF00XX01BC4,149029,Direct,2.73,6.81,,Debt: Dynamic Bond,4.64,7.31,,,,0.41,2.21,6.7,5.45,0.04,GOI/Cash,0.04,3,https://www.valueresearchonline.com/funds/41563/,2,10,10,10,32,Low Risk
JM Dynamic Bond Dir,debt,Debt,INF192K01DD3,120435,Direct,3.82,6.97,6.24,Debt: Dynamic Bond,4.64,7.31,6.53,,,0.44,2.26,6.79,7.17,2.23,AAA,2.63,15,https://www.valueresearchonline.com/funds/17148/,6,7,8,9,30,Low Risk
Kotak Dynamic Bond Dir,debt,Debt,INF174K01JU2,119755,Direct,5.76,8.1,6.89,Debt: Dynamic Bond,4.64,7.31,6.53,,,0.66,3.14,7.89,7.82,5.41,AAA,12.45,25,https://www.valueresearchonline.com/funds/16342/,7,4,2,9,22,Moderate Risk
Mahindra Manulife Dynamic Bond Dir,debt,Debt,INF174V01580,144403,Direct,5.74,7.84,6.24,Debt: Dynamic Bond,4.64,7.31,6.53,,,0.73,2.48,7.62,7.67,5.83,AAA,13.5,14,https://www.valueresearchonline.com/funds/37127/,7,4,2,9,22,Moderate Risk
Mirae Asset Dynamic Bond Dir,debt,Debt,INF769K01DR8,140769,Direct,6.03,7.37,6.05,Debt: Dynamic Bond,4.64,7.31,6.53,,,1.63,0.81,7.13,7,0.7,AAA,0.72,14,https://www.valueresearchonline.com/funds/33706/,6,9,10,9,34,Low Risk
Nippon India Dynamic Bond Dir,debt,Debt,INF204K01A25,118747,Direct,4.86,7.57,6.49,Debt: Dynamic Bond,4.64,7.31,6.53,,,0.66,2.38,7.37,7.49,3.56,AAA,4.1,25,https://www.valueresearchonline.com/funds/16060/,6,6,6,9,27,Moderate Risk
PGIM India Dynamic Bond Dir,debt,Debt,INF663L01AD7,120084,Direct,3.93,7.48,6.5,Debt: Dynamic Bond,4.64,7.31,6.53,,,0.56,2.64,7.29,6.92,4.02,AAA,5.48,19,https://www.valueresearchonline.com/funds/16632/,5,5,5,9,24,Moderate Risk
Quantum Dynamic Bond Dir,debt,Debt,INF082J01176,134494,Direct,4.59,7.56,6.71,Debt: Dynamic Bond,4.64,7.31,6.53,,,0.5,3.12,7.37,7.14,4.53,AAA,5.75,15,https://www.valueresearchonline.com/funds/30145/,6,5,5,9,25,Moderate Risk
SBI Dynamic Bond Dir,debt,Debt,INF200K01RD4,119671,Direct,5.41,7.55,6.88,Debt: Dynamic Bond,4.64,7.31,6.53,,,0.62,2.45,7.33,7.82,3.78,AAA,5.4,24,https://www.valueresearchonline.com/funds/16199/,7,6,5,9,27,Moderate Risk
UTI Dyn Bond Seg Port Dir,debt,Debt,INF789F01XD4,120762,Direct,,,,,,,,,,,,,,,B,0.07,1,https://www.valueresearchonline.com/funds/40750/,N/A,N/A,10,2,12,Moderate Risk
UTI Dynamic Bond Dir,debt,Debt,INF789F01XD4,120762,Direct,4.86,7.57,9.65,Debt: Dynamic Bond,4.64,7.31,6.53,,,0.69,2.24,7.34,7.46,2.34,AAA,4.29,20,https://www.valueresearchonline.com/funds/15885/,6,7,6,9,28,Low Risk
Union Dynamic Bond Dir,debt,Debt,INF582M01799,119311,Direct,1.91,5.85,4.84,Debt: Dynamic Bond,4.64,7.31,6.53,,,0.01,4.16,5.85,7.62,9.52,AAA,26.26,7,https://www.valueresearchonline.com/funds/16408/,7,2,1,9,19,Moderately High Risk
ABSL Floating Rate Dir,debt,Debt,INF209K01UX7,122646,Direct,6.38,7.65,6.81,Debt: Floater,6.45,7.98,6.88,,,2.16,0.74,7.39,7.66,0.94,AAA,1.6,25,https://www.valueresearchonline.com/funds/15819/,7,9,9,9,34,Low Risk
Axis Floater Dir,debt,Debt,INF846K014A6,149049,Direct,6.79,8.53,,Debt: Floater,6.45,7.98,,,,0.94,2.61,8.26,7.96,5.26,AAA,12.69,23,https://www.valueresearchonline.com/funds/41588/,7,4,2,9,22,Moderate Risk
Bandhan Floater Dir,debt,Debt,INF194KB1BA5,148711,Direct,6.85,8.04,6.82,Debt: Floater,6.45,7.98,6.88,,,1.53,1.28,7.76,7.96,2.38,AAA,3.19,16,https://www.valueresearchonline.com/funds/41304/,7,7,7,9,30,Low Risk
DSP Floater Dir,debt,Debt,INF740KA1PV1,148771,Direct,6.21,8.23,6.9,Debt: Floater,6.45,7.98,6.88,,,1.45,1.5,7.97,7.43,2.49,AAA,4.43,14,https://www.valueresearchonline.com/funds/41356/,6,7,6,9,28,Low Risk
Franklin India Floating Rate Dir,debt,Debt,INF090I01LK1,118508,Direct,6.38,8.35,7.21,Debt: Floater,6.45,7.98,6.88,,,1.98,1.13,8.04,7.9,1.13,AAA,2.98,15,https://www.valueresearchonline.com/funds/16757/,7,8,8,9,32,Low Risk
HDFC Floating Rate Debt Dir,debt,Debt,INF179K01VQ4,118961,Direct,6.54,7.99,6.99,Debt: Floater,6.45,7.98,6.88,,,1.97,0.97,7.72,7.64,1.85,AAA,3.7,25,https://www.valueresearchonline.com/funds/16037/,7,8,7,9,31,Low Risk
ICICI Pru Floating Interest Dir,debt,Debt,INF109K01P57,120425,Direct,7.14,8.31,7.28,Debt: Floater,6.45,7.98,6.88,,,2.37,0.93,8.01,7.87,1.98,AAA,2.9,25,https://www.valueresearchonline.com/funds/15968/,7,8,8,9,32,Low Risk
Kotak Floating Rate Dir,debt,Debt,INF174KA1EC0,147269,Direct,6.51,8.09,6.95,Debt: Floater,6.45,7.98,6.88,,,1.85,1.08,7.8,8.09,1.93,AAA,2.27,25,https://www.valueresearchonline.com/funds/39904/,8,8,8,9,33,Low Risk
Nippon India Floater Dir,debt,Debt,INF204K01E05,118656,Direct,6.08,7.81,6.76,Debt: Floater,6.45,7.98,6.88,,,1.41,1.24,7.56,7.9,2.29,AAA,2.67,25,https://www.valueresearchonline.com/funds/16076/,7,7,8,9,31,Low Risk
SBI Floating Rate Debt Dir,debt,Debt,INF200KA1R64,148550,Direct,6.11,7.78,6.74,Debt: Floater,6.45,7.98,6.88,,,2.03,0.84,7.51,7.35,2.48,AAA,6.8,14,https://www.valueresearchonline.com/funds/41154/,6,7,5,9,27,Moderate Risk
Tata Floating Rate Dir,debt,Debt,INF277KA1026,149007,Direct,6.21,7.68,,Debt: Floater,6.45,7.98,,,,1.37,1.19,7.44,7.79,1.17,AAA,1.73,16,https://www.valueresearchonline.com/funds/41544/,7,8,9,9,33,Low Risk
UTI Floater Dir,debt,Debt,INF789F1ACX5,145295,Direct,6.23,7.23,6.37,Debt: Floater,6.45,7.98,6.88,,,1.57,0.76,6.99,7.77,0.93,AAA,1.17,25,https://www.valueresearchonline.com/funds/38032/,7,9,9,9,34,Low Risk
ABSL CRISIL Broad Based Gilt ETF,debt,Debt,INF209KB10O7,150777,Direct,3.81,,,Debt: Gilt,3.3,,,,,,,,7.07,6.35,GOI/Cash,14.15,5,https://www.valueresearchonline.com/funds/44415/,6,3,2,10,21,Moderate Risk
ABSL Government Securities Dir,debt,Debt,INF209K01XP7,119605,Direct,3.05,6.53,5.88,Debt: Gilt,3.71,6.94,6.16,,,0.14,4.63,6.45,7.73,11.25,GOI/Cash,31.42,15,https://www.valueresearchonline.com/funds/15896/,7,2,1,10,20,Moderately High Risk
Axis Gilt Dir,debt,Debt,INF846K01DD4,120447,Direct,4.94,7.78,6.54,Debt: Gilt,3.71,6.94,6.16,,,0.5,3.62,7.62,7.35,8.72,GOI/Cash,19.2,21,https://www.valueresearchonline.com/funds/15681/,6,2,2,10,20,Moderately High Risk
Bajaj Finserv Gilt Dir,debt,Debt,INF0QA701AP9,153206,Direct,3.77,,,Debt: Gilt,3.71,,,,,,,,7.15,8.67,GOI/Cash,23.78,4,https://www.valueresearchonline.com/funds/44862/,6,2,1,10,19,Moderately High Risk
Bandhan Gilt Dir,debt,Debt,INF194K01Q29,118464,Direct,8.45,8.64,6.93,Debt: Gilt,3.71,6.94,6.16,,,0.58,4.55,8.44,7.14,7.32,GOI/Cash,10.48,2,https://www.valueresearchonline.com/funds/16715/,6,3,3,10,22,Moderate Risk
Baroda BNP Paribas Gilt Dir,debt,Debt,INF955L01AD7,119341,Direct,3.03,7.03,6.16,Debt: Gilt,3.71,6.94,6.16,,,0.33,3.31,6.9,7.23,7.53,GOI/Cash,15.62,15,https://www.valueresearchonline.com/funds/15706/,6,3,2,10,21,Moderate Risk
Canara Robeco Gilt Dir,debt,Debt,INF760K01FC4,118299,Direct,2.37,6.3,5.62,Debt: Gilt,3.71,6.94,6.16,,,0.12,3.42,6.22,6.76,3.82,GOI/Cash,6.32,7,https://www.valueresearchonline.com/funds/15745/,5,6,5,10,26,Moderate Risk
DSP Gilt Dir,debt,Debt,INF740K01NF3,119099,Direct,4.5,7.42,6.55,Debt: Gilt,3.71,6.94,6.16,,,0.32,4.8,7.32,7.72,10.84,GOI/Cash,25.04,7,https://www.valueresearchonline.com/funds/16391/,7,2,1,10,20,Moderately High Risk
Edelweiss Government Securities Dir,debt,Debt,INF843K01GS2,140298,Direct,2.8,6.74,6.05,Debt: Gilt,3.71,6.94,6.16,,,0.23,3.69,6.64,7.61,10.23,GOI/Cash,23.21,8,https://www.valueresearchonline.com/funds/24229/,7,2,1,10,20,Moderately High Risk
Franklin India Government Securities Dir,debt,Debt,INF090I01HS2,118498,Direct,4.92,6.57,5.64,Debt: Gilt,3.71,6.94,6.16,,,0.21,2.92,6.41,6.78,2.59,GOI/Cash,8.59,12,https://www.valueresearchonline.com/funds/16888/,5,7,4,10,26,Moderate Risk
Groww Gilt Dir,debt,Debt,INF666M01KK2,153477,Direct,1.69,,,Debt: Gilt,3.71,,,,,,,,6.78,7.4,GOI/Cash,20.76,6,https://www.valueresearchonline.com/funds/45121/,5,3,1,10,19,Moderately High Risk
HDFC Gilt Dir,debt,Debt,INF179K01VS0,119116,Direct,3.98,7.09,6.03,Debt: Gilt,3.71,6.94,6.16,,,0.33,3.51,6.97,7.52,8.93,GOI/Cash,21.22,25,https://www.valueresearchonline.com/funds/16046/,7,2,1,10,20,Moderately High Risk
HSBC Gilt Dir,debt,Debt,INF917K01FI7,151014,Direct,2.69,6.5,5.7,Debt: Gilt,3.71,6.94,6.16,,,0.16,3.84,6.43,7.11,6.74,GOI/Cash,15.55,9,https://www.valueresearchonline.com/funds/16236/,6,3,2,10,21,Moderate Risk
ICICI Pru Gilt Dir,debt,Debt,INF109K018C5,120590,Direct,5.33,7.92,7.18,Debt: Gilt,3.71,6.94,6.16,,,0.67,2.85,7.72,7.71,9.72,GOI/Cash,21.6,25,https://www.valueresearchonline.com/funds/15953/,7,2,1,10,20,Moderately High Risk
ICICI Pru Nifty 5 yr Benchmark G-SEC ETF,debt,Debt,INF109KC1Z89,149859,Direct,5.17,7.79,,Debt: Gilt,3.3,6.46,,,,0.79,2.21,7.55,6.92,4.02,GOI/Cash,4.67,1,https://www.valueresearchonline.com/funds/42160/,5,5,6,10,26,Moderate Risk
Invesco India Gilt Dir,debt,Debt,INF205K01SN0,120520,Direct,3.97,7.3,6.19,Debt: Gilt,3.71,6.94,6.16,,,0.31,4.52,7.21,7.58,10.84,GOI/Cash,27.46,3,https://www.valueresearchonline.com/funds/16750/,7,2,1,10,20,Moderately High Risk
JioBlackRock Nifty 8-13 yr G-Sec Index Dir,debt,Debt,INF22M001069,153791,Direct,,,,Debt: Gilt,,,,,,,,,6.97,7,GOI/Cash,9.3,3,https://www.valueresearchonline.com/funds/45426/,5,3,3,10,21,Moderate Risk
Kotak Gilt Investment Dir,debt,Debt,INF174K01KE4,119759,Direct,2.61,6.39,6.04,Debt: Gilt,3.71,6.94,6.16,,,0.12,4.34,6.34,7.37,6.97,GOI/Cash,13.11,25,https://www.valueresearchonline.com/funds/16354/,6,3,2,10,21,Moderate Risk
Kotak Gilt Investment PF & Trust Dir,debt,Debt,INF174K01KM7,119757,Direct,2.61,6.4,6.05,Debt: Gilt,3.71,6.94,6.16,,,0.13,4.34,6.35,7.37,6.97,GOI/Cash,13.11,25,https://www.valueresearchonline.com/funds/17766/,6,3,2,10,21,Moderate Risk
LIC MF Gilt Dir,debt,Debt,INF767K01EZ3,120282,Direct,2.61,6.08,5.3,Debt: Gilt,3.71,6.94,6.16,,,0.06,4.52,6.06,7.42,10.23,GOI/Cash,25.16,6,https://www.valueresearchonline.com/funds/16777/,6,2,1,10,19,Moderately High Risk
LIC MF Nifty 8-13 yr G-Sec ETF,debt,Debt,INF397L01174,151935,Direct,3.38,7.31,5.77,Debt: Gilt,3.3,6.46,5.48,,,0.5,2.74,7.17,7.08,7.02,GOI/Cash,9.1,3,https://www.valueresearchonline.com/funds/29111/,6,3,3,10,22,Moderate Risk
Mirae Asset Nifty 8-13 yr G-Sec ETF,debt,Debt,INF769K01MY5,153045,Direct,3.79,7.46,,Debt: Gilt,3.3,6.46,,,,0.57,2.66,7.31,7.03,6.83,GOI/Cash,8.68,3,https://www.valueresearchonline.com/funds/43473/,6,3,4,10,23,Moderate Risk
Motilal Oswal 5 Year G-Sec FoF Dir,debt,Debt,INF247L01AQ1,149240,Direct,5.14,7.41,,Debt: Gilt,3.71,6.94,,,,0.35,3.76,7.13,,,GOI/Cash,,1,https://www.valueresearchonline.com/funds/41759/,N/A,N/A,N/A,10,10,Very Low Risk
Motilal Oswal Nifty 5Y Benchmark G-Sec ETF,debt,Debt,INF247L01DM4,152876,Direct,5,7.53,6.16,Debt: Gilt,3.3,6.46,5.48,,,0.68,2.22,7.31,6.82,4.14,GOI/Cash,4.72,1,https://www.valueresearchonline.com/funds/41212/,5,5,6,10,26,Moderate Risk
Nippon India ETF Nifty 5Y Benchmark G-Sec,debt,Debt,INF204KC1BV8,152387,Direct,5.31,7.85,6.42,Debt: Gilt,3.3,6.46,5.48,,,0.81,2.23,7.61,6.92,4.01,GOI/Cash,4.65,3,https://www.valueresearchonline.com/funds/41391/,5,5,6,10,26,Moderate Risk
Nippon India ETF Nifty 8-13 yr G-Sec LT Gilt,debt,Debt,INF204KC1FU1,153725,Direct,3.4,7.35,5.74,Debt: Gilt,3.3,6.46,5.48,,,0.51,2.73,7.2,7.08,6.93,GOI/Cash,9.19,4,https://www.valueresearchonline.com/funds/32557/,6,3,3,10,22,Moderate Risk
Nippon India Gilt Dir,debt,Debt,INF204K01XP8,118672,Direct,4,6.96,6.18,Debt: Gilt,3.71,6.94,6.16,,,0.27,3.88,6.85,7.45,8.99,GOI/Cash,21.29,25,https://www.valueresearchonline.com/funds/16078/,6,2,1,10,19,Moderately High Risk
PGIM India Gilt Dir,debt,Debt,INF223J01ND7,138472,Direct,2.49,6.8,6.01,Debt: Gilt,3.71,6.94,6.16,,,0.25,3.49,6.68,7,7.42,GOI/Cash,15.42,17,https://www.valueresearchonline.com/funds/15595/,6,3,2,10,21,Moderate Risk
Quant Gilt Dir,debt,Debt,INF966L01BF7,151228,Direct,3.51,6.39,,Debt: Gilt,3.71,6.94,,,,0.18,2.5,6.26,7.13,6.1,GOI/Cash,10.81,13,https://www.valueresearchonline.com/funds/42968/,6,3,3,10,22,Moderate Risk
SBI Gilt Dir,debt,Debt,INF200K01SH3,119707,Direct,4.07,7,6.58,Debt: Gilt,3.71,6.94,6.16,,,0.33,3.19,6.85,6.89,6.13,GOI/Cash,10.14,18,https://www.valueresearchonline.com/funds/17166/,5,3,3,10,21,Moderate Risk
Tata GSF Dir,debt,Debt,INF277K01I86,132756,Direct,3.44,7.19,6.44,Debt: Gilt,3.71,6.94,6.16,,,0.29,4.39,7.09,7.69,10.84,GOI/Cash,27.29,10,https://www.valueresearchonline.com/funds/17531/,7,2,1,10,20,Moderately High Risk
UTI Gilt Dir,debt,Debt,INF789F01TL5,120792,Direct,4.66,7.07,6.07,Debt: Gilt,3.71,6.94,6.16,,,0.36,3.13,6.93,6.4,3.32,GOI/Cash,7.97,10,https://www.valueresearchonline.com/funds/17050/,4,6,4,10,24,Moderate Risk
UTI Nifty 5 yr Benchmark G-Sec ETF,debt,Debt,INF789F1AZI7,152865,Direct,5.18,,,Debt: Gilt,3.3,,,,,,,,,,GOI/Cash,,1,https://www.valueresearchonline.com/funds/44081/,N/A,N/A,N/A,10,10,Very Low Risk
Union Gilt Dir,debt,Debt,INF582M01HW2,150407,Direct,2.15,6.03,,Debt: Gilt,3.71,6.94,,,,0.04,5.02,6.01,7.6,11.34,GOI/Cash,32.09,2,https://www.valueresearchonline.com/funds/42326/,7,2,1,10,20,Moderately High Risk
Zerodha Nifty 8-13 Yr G-Sec ETF,debt,Debt,INF0R8F01034,152327,Direct,,,,Debt: Gilt,,,,,,,,,,,GOI/Cash,,3,https://www.valueresearchonline.com/funds/45448/,N/A,N/A,N/A,10,10,Very Low Risk
ABSL CRISIL 10 Year Gilt ETF,debt,Debt,INF209KB10O7,150777,Direct,2.83,,,Debt: Gilt with 10 year Constant Duration,3.2,,,,,,,,7.07,6.97,GOI/Cash,9.05,1,https://www.valueresearchonline.com/funds/44486/,6,3,3,10,22,Moderate Risk
Bandhan Gilt Fund with 10 year Constant Duration Dir,debt,Debt,INF194K01P38,118387,Direct,5.13,8.01,6.27,Debt: Gilt with 10 year Constant Duration,4.02,7.47,5.96,,,0.64,3.15,7.8,7.6,7.8,GOI/Cash,32.16,5,https://www.valueresearchonline.com/funds/16728/,7,3,1,10,21,Moderate Risk
DSP 10Y G-Sec Dir,debt,Debt,INF740K019I5,131301,Direct,2.62,6.8,4.97,Debt: Gilt with 10 year Constant Duration,4.02,7.47,5.96,,,0.32,2.76,6.68,7.11,7.31,GOI/Cash,9.27,1,https://www.valueresearchonline.com/funds/28175/,6,3,3,10,22,Moderate Risk
ICICI Pru Constant Maturity Gilt Dir,debt,Debt,INF109KA1O37,131061,Direct,4.58,7.74,6.37,Debt: Gilt with 10 year Constant Duration,4.02,7.47,5.96,,,0.6,2.94,7.56,7.18,7.31,GOI/Cash,7.56,8,https://www.valueresearchonline.com/funds/27957/,6,3,4,10,23,Moderate Risk
ICICI Pru Nifty 10 yr Benchmark G-Sec ETF,debt,Debt,INF109KC1Z89,149859,Direct,2.48,6.91,,Debt: Gilt with 10 year Constant Duration,3.2,7.1,,,,0.35,2.83,6.79,7.09,6.97,GOI/Cash,9.89,1,https://www.valueresearchonline.com/funds/42946/,6,3,3,10,22,Moderate Risk
SBI Constant Maturity 10-Year Gilt Dir,debt,Debt,INF200K01SK7,120137,Direct,3.91,7.39,6.24,Debt: Gilt with 10 year Constant Duration,4.02,7.47,5.96,,,0.49,2.95,7.24,7.23,7.31,GOI/Cash,7.24,4,https://www.valueresearchonline.com/funds/17173/,6,3,4,10,23,Moderate Risk
SBI Nifty 10Y Benchmark G-Sec ETF,debt,Debt,INF200KB1969,153796,Direct,2.49,6.96,5.1,Debt: Gilt with 10 year Constant Duration,3.2,7.1,5.61,,,0.36,2.84,6.84,,6.97,GOI/Cash,,1,https://www.valueresearchonline.com/funds/32486/,N/A,3,N/A,10,13,Moderate Risk
UTI Gilt Fund with 10 year Constant Duration Dir,debt,Debt,INF789F1AVR7,150410,Direct,3.86,7.39,,Debt: Gilt with 10 year Constant Duration,4.02,7.47,,,,0.49,2.94,7.25,7.1,7.25,GOI/Cash,9.45,6,https://www.valueresearchonline.com/funds/42374/,6,3,3,10,22,Moderate Risk
UTI Nifty 10 yr Benchmark G-Sec ETF,debt,Debt,INF789F1AZI7,152865,Direct,2.27,,,Debt: Gilt with 10 year Constant Duration,3.2,,,,,,,,,6.97,GOI/Cash,,1,https://www.valueresearchonline.com/funds/44082/,N/A,3,N/A,10,13,Moderate Risk
360 ONE Liquid Dir,debt,Debt,INF579M01621,125345,Direct,6.18,6.81,6.04,Debt: Liquid,6.31,6.94,6.17,,,4.12,0.19,6.6,6.58,0.12,AAA,0.12,24,https://www.valueresearchonline.com/funds/22358/,5,10,10,9,34,Low Risk
ABSL Liquid Dir,debt,Debt,INF209K01VA3,119568,Direct,6.47,7.06,6.28,Debt: Liquid,6.31,6.94,6.17,,,4.99,0.21,6.84,7.01,0.13,AAA,0.14,25,https://www.valueresearchonline.com/funds/15800/,6,10,10,9,35,Very Low Risk
Abakkus Liquid Dir,debt,Debt,INF2JJD01029,154051,Direct,,,,Debt: Liquid,,,,,,,,,6.4,0.1,AAA,0.1,25,https://www.valueresearchonline.com/funds/45690/,4,10,10,9,33,Low Risk
Angel One Nifty 1D Rate Liquid ETF-Growth,debt,Debt,INF1J2R01056,153451,Direct,5.07,,,Debt: Overnight,5.14,,,,,,,,5.45,0,Cash,0,0,https://www.valueresearchonline.com/funds/45082/,2,10,10,8,30,Low Risk
Axis Liquid Dir,debt,Debt,INF846K01CX4,120389,Direct,6.46,7.05,6.27,Debt: Liquid,6.31,6.94,6.17,,,5.04,0.2,6.83,6.64,0.1,AAA,0.1,25,https://www.valueresearchonline.com/funds/15748/,5,10,10,9,34,Low Risk
Bajaj Finserv Liquid Dir,debt,Debt,INF0QA701011,151833,Direct,6.39,,,Debt: Liquid,6.31,,,,,,,,6.48,0.09,AAA,0.09,25,https://www.valueresearchonline.com/funds/43593/,4,10,10,9,33,Low Risk
Bajaj Finserv Nifty 1D Rate Liquid ETF-Growth,debt,Debt,INF0QA701AY1,153508,Direct,4.94,,,Debt: Overnight,5.14,,,,,,,,5.39,0.01,CASH,0.01,1,https://www.valueresearchonline.com/funds/44331/,2,10,10,8,30,Low Risk
Bandhan Liquid Dir,debt,Debt,INF194K01I60,118364,Direct,6.39,6.99,6.22,Debt: Liquid,6.31,6.94,6.17,,,4.78,0.2,6.78,6.43,0.11,AAA,0.11,25,https://www.valueresearchonline.com/funds/16472/,4,10,10,9,33,Low Risk
Bank of India Liquid Dir,debt,Debt,INF761K01785,119369,Direct,6.4,7.02,6.25,Debt: Liquid,6.31,6.94,6.17,,,5.11,0.2,6.8,6.43,0.11,AAA,0.11,25,https://www.valueresearchonline.com/funds/16274/,4,10,10,9,33,Low Risk
Baroda BNP Paribas Liquid Dir,debt,Debt,INF955L01AL0,119415,Direct,6.34,6.98,6.24,Debt: Liquid,6.31,6.94,6.17,,,4.85,0.2,6.77,6.59,0.1,AAA,0.1,25,https://www.valueresearchonline.com/funds/15774/,5,10,10,9,34,Low Risk
Canara Robeco Liquid Dir,debt,Debt,INF760K01FU6,118305,Direct,6.38,7.01,6.22,Debt: Liquid,6.31,6.94,6.17,,,4.96,0.2,6.8,6.33,0.07,AAA,0.07,25,https://www.valueresearchonline.com/funds/16615/,4,10,10,9,33,Low Risk
Capitalmind Liquid Dir,debt,Debt,INF226401034,154011,Direct,,,,Debt: Liquid,,,,,,,,,6.54,0.07,AAA,0.07,15,https://www.valueresearchonline.com/funds/45638/,5,10,10,9,34,Low Risk
DSP BSE Liquid Rate ETF,debt,Debt,INF740K01FK9,103347,Direct,5.01,,,Debt: Overnight,5.14,,,,,,,,,,Cash,,0,https://www.valueresearchonline.com/funds/44244/,N/A,N/A,N/A,8,8,Low Risk
DSP Liquidity Dir,debt,Debt,INF740K01QL4,119125,Direct,6.44,7.03,6.24,Debt: Liquid,6.31,6.94,6.17,,,5.05,0.2,6.82,6.73,0.09,AAA,0.09,25,https://www.valueresearchonline.com/funds/16111/,5,10,10,9,34,Low Risk
DSP NIFTY 1D Rate Liquid ETF,debt,Debt,INF740KA1VK2,153347,Direct,4.7,5.73,5.13,Debt: Overnight,5.14,6.03,5.48,,,-0.83,0.25,5.59,,,Cash,,0,https://www.valueresearchonline.com/funds/35400/,N/A,N/A,N/A,8,8,Low Risk
Edelweiss Liquid Dir,debt,Debt,INF754K01GM4,140196,Direct,6.44,7.06,6.27,Debt: Liquid,6.31,6.94,6.17,,,4.98,0.21,6.84,6.51,0.11,AAA,0.1,25,https://www.valueresearchonline.com/funds/16576/,5,10,10,9,34,Low Risk
Edelweiss Nifty 1D Rate Liquid ETF-Growth,debt,Debt,INF754K01VW2,153920,Direct,,,,Debt: Overnight,,,,,,,,,5.31,0,Cash,0,0,https://www.valueresearchonline.com/funds/45545/,2,10,10,8,30,Low Risk
Franklin India Liquid Super Inst Plan Dir,debt,Debt,INF090I01JV2,118577,Direct,6.42,7.03,6.24,Debt: Liquid,6.31,6.94,6.17,,,4.96,0.2,6.82,6.81,0.11,AAA,0.11,25,https://www.valueresearchonline.com/funds/16848/,5,10,10,9,34,Low Risk
Groww Liquid Dir,debt,Debt,INF666M01ON8,154320,Direct,6.4,7.03,6.12,Debt: Liquid,6.31,6.94,6.17,,,5.01,0.2,6.81,6.41,0.07,AAA,0.07,15,https://www.valueresearchonline.com/funds/15583/,4,10,10,9,33,Low Risk
Groww Nifty 1D Rate Liquid ETF,debt,Debt,INF666M01LF0,153633,Direct,4.82,,,Debt: Overnight,5.14,,,,,,,,5.35,0,Cash,0,0,https://www.valueresearchonline.com/funds/44564/,2,10,10,8,30,Low Risk
HDFC Liquid Dir,debt,Debt,INF179KB1HP9,119091,Direct,6.37,6.98,6.2,Debt: Liquid,6.31,6.94,6.17,,,4.67,0.21,6.76,6.61,0.09,AAA,0.1,25,https://www.valueresearchonline.com/funds/16167/,5,10,10,9,34,Low Risk
HDFC NIFTY 1D RATE LIQUID ETF-Growth,debt,Debt,INF179KC1JG3,153403,Direct,4.9,,,Debt: Overnight,5.14,,,,,,,,5.35,0,Cash,0,0,https://www.valueresearchonline.com/funds/43738/,2,10,10,8,30,Low Risk
HSBC Liquid Dir,debt,Debt,INF336L01CC8,120038,Direct,6.36,7.01,6.23,Debt: Liquid,6.31,6.94,6.17,,,4.79,0.21,6.79,6.55,0.09,AAA,0.09,25,https://www.valueresearchonline.com/funds/16285/,5,10,10,9,34,Low Risk
ICICI Pru BSE Liquid Rate ETF-Growth,debt,Debt,INF109K1A021,153378,Direct,5.08,,,Debt: Overnight,5.14,,,,,,,,5.34,,Cash,0,0,https://www.valueresearchonline.com/funds/45036/,2,N/A,10,8,20,Moderate Risk
ICICI Pru BSE Liquid Rate ETF-IDCW,debt,Debt,INF109K1A021,153378,Direct,5.06,5.89,5.35,Debt: Overnight,5.14,6.03,5.48,,,-0.28,0.2,5.75,5.34,,Cash,0,0,https://www.valueresearchonline.com/funds/37659/,2,N/A,10,8,20,Moderate Risk
ICICI Pru Liquid Dir,debt,Debt,INF109K01Q49,120197,Direct,6.37,6.99,6.21,Debt: Liquid,6.31,6.94,6.17,,,4.69,0.21,6.78,6.46,0.1,AAA,0.1,25,https://www.valueresearchonline.com/funds/15961/,4,10,10,9,33,Low Risk
ITI Liquid Dir,debt,Debt,INF00XX01283,147157,Direct,6.21,6.77,6,Debt: Liquid,6.31,6.94,6.17,,,4.49,0.17,6.56,5.78,0.02,AAA,0.02,7,https://www.valueresearchonline.com/funds/39839/,3,10,10,9,32,Low Risk
Invesco India Liquid Dir,debt,Debt,INF205K01MF9,120537,Direct,6.38,7,6.21,Debt: Liquid,6.31,6.94,6.17,,,4.76,0.21,6.78,6.56,0.08,AAA,0.08,25,https://www.valueresearchonline.com/funds/16780/,5,10,10,9,34,Low Risk
JM Liquid Dir,debt,Debt,INF192K01CM6,120406,Direct,6.28,6.92,6.18,Debt: Liquid,6.31,6.94,6.17,,,4.67,0.2,6.71,6.43,0.07,AAA,0.07,25,https://www.valueresearchonline.com/funds/16741/,4,10,10,9,33,Low Risk
JioBlackRock Liquid Dir,debt,Debt,INF22M001010,153651,Direct,,,,Debt: Liquid,,,,,,,,,6.44,0.11,AAA,0.11,25,https://www.valueresearchonline.com/funds/45288/,4,10,10,9,33,Low Risk
Kotak Liquid Dir,debt,Debt,INF174K01NE8,119766,Direct,6.39,7,6.22,Debt: Liquid,6.31,6.94,6.17,,,4.72,0.21,6.78,6.69,0.1,AAA,0.1,25,https://www.valueresearchonline.com/funds/16365/,5,10,10,9,34,Low Risk
Kotak Nifty 1D Rate Liquid ETF,debt,Debt,INF174KA1UB8,153145,Direct,5.12,5.97,,Debt: Overnight,5.14,6.03,,,,0.09,0.2,5.82,5.25,0,Cash,0,0,https://www.valueresearchonline.com/funds/43078/,2,10,10,8,30,Low Risk
LIC MF Liquid Dir,debt,Debt,INF767K01DN1,120249,Direct,6.39,6.99,6.21,Debt: Liquid,6.31,6.94,6.17,,,4.73,0.2,6.77,6.65,0.11,AAA,0.11,25,https://www.valueresearchonline.com/funds/16822/,5,10,10,9,34,Low Risk
Mahindra Manulife Liquid Dir,debt,Debt,INF174V01044,139538,Direct,6.4,7.03,6.27,Debt: Liquid,6.31,6.94,6.17,,,5.1,0.2,6.81,6.85,0.13,AAA,0.13,25,https://www.valueresearchonline.com/funds/32624/,5,10,10,9,34,Low Risk
Mirae Asset Liquid Dir,debt,Debt,INF769K01CM1,118859,Direct,6.33,7,6.23,Debt: Liquid,6.31,6.94,6.17,,,4.89,0.2,6.78,6.76,0.12,AAA,0.12,25,https://www.valueresearchonline.com/funds/16554/,5,10,10,9,34,Low Risk
Mirae Asset Nifty 1D Rate Liquid ETF-Growth,debt,Debt,INF769K01MY5,153045,Direct,5.11,,,Debt: Overnight,5.14,,,,,,,,,,Cash,,0,https://www.valueresearchonline.com/funds/44705/,N/A,N/A,N/A,8,8,Low Risk
Mirae Asset Nifty 1D Rate Liquid ETF-IDCW,debt,Debt,INF769K01MY5,153045,Direct,4.98,,,Debt: Overnight,5.14,,,,,,,,,,Cash,,0,https://www.valueresearchonline.com/funds/43679/,N/A,N/A,N/A,8,8,Low Risk
Motilal Oswal Liquid Dir,debt,Debt,INF247L01734,145834,Direct,6.03,6.61,5.85,Debt: Liquid,6.31,6.94,6.17,,,3.41,0.18,6.42,6.72,0.13,AAA,0.13,15,https://www.valueresearchonline.com/funds/38515/,5,10,10,9,34,Low Risk
Navi Liquid Dir,debt,Debt,INF959L01GF1,119164,Direct,5.77,6.5,5.98,Debt: Liquid,6.31,6.94,6.17,,,2.86,0.18,6.32,5.84,0.08,AAA,0.09,13,https://www.valueresearchonline.com/funds/16473/,3,10,10,9,32,Low Risk
Nippon India ETF Nifty 1D Rate Liquid BeES,debt,Debt,INF204KC1FU1,153725,Direct,4.51,5.3,4.79,Debt: Overnight,5.14,6.03,5.48,,,-3.14,0.2,5.18,5.35,0,Cash,0,0,https://www.valueresearchonline.com/funds/1787/,2,10,10,8,30,Low Risk
Nippon India Liquid Dir,debt,Debt,INF204K01ZH0,118701,Direct,6.43,7.03,6.25,Debt: Liquid,6.31,6.94,6.17,,,4.91,0.21,6.81,6.98,0.13,AAA,0.13,25,https://www.valueresearchonline.com/funds/16100/,5,10,10,9,34,Low Risk
Nippon India Nifty 1D Rate Liquid ETF-Growth,debt,Debt,INF204KC1FU1,153725,Direct,,,,Debt: Overnight,,,,,,,,,5.35,0,Cash,0,0,https://www.valueresearchonline.com/funds/45364/,2,10,10,8,30,Low Risk
PGIM India Liquid Dir,debt,Debt,INF223J01NS5,138299,Direct,6.42,7.04,6.25,Debt: Liquid,6.31,6.94,6.17,,,4.9,0.21,6.82,6.57,0.11,AAA,0.11,24,https://www.valueresearchonline.com/funds/15605/,5,10,10,9,34,Low Risk
Parag Parikh Liquid Dir,debt,Debt,INF879O01068,143269,Direct,6.31,6.73,5.95,Debt: Liquid,6.31,6.94,6.17,,,4.12,0.18,6.53,6.41,0.11,AAA,0.11,25,https://www.valueresearchonline.com/funds/36013/,4,10,10,9,33,Low Risk
Quant Liquid Dir,debt,Debt,INF966L01820,120837,Direct,6.06,6.83,6.19,Debt: Liquid,6.31,6.94,6.17,,,4.3,0.19,6.63,6.74,0.15,AAA,0.15,15,https://www.valueresearchonline.com/funds/17028/,5,10,10,9,34,Low Risk
Quantum Liquid Dir,debt,Debt,INF082J01127,103734,Direct,5.82,6.59,5.89,Debt: Liquid,6.31,6.94,6.17,,,3.28,0.18,6.4,6.11,0.12,AAA,0.12,18,https://www.valueresearchonline.com/funds/3389/,4,10,10,9,33,Low Risk
SBI Liquid Dir,debt,Debt,INF200K01UT4,119800,Direct,6.36,6.96,6.19,Debt: Liquid,6.31,6.94,6.17,,,4.6,0.2,6.74,6.5,0.08,AAA,0.08,25,https://www.valueresearchonline.com/funds/16302/,5,10,10,9,34,Low Risk
SBI NIFTY 1D Rate Liquid ETF-Growth,debt,Debt,INF200KB1969,153796,Direct,,,,Debt: Overnight,,,,,,,,,,,Cash,,0,https://www.valueresearchonline.com/funds/45433/,N/A,N/A,N/A,8,8,Low Risk
SBI Nifty 1D Rate Liquid ETF-IDCW,debt,Debt,INF200KB1969,153796,Direct,4.85,,,Debt: Overnight,5.14,,,,,,,,,,Cash,,0,https://www.valueresearchonline.com/funds/43870/,N/A,N/A,N/A,8,8,Low Risk
Shriram Liquid Dir,debt,Debt,INF680P01430,153035,Direct,6.22,,,Debt: Liquid,6.31,,,,,,,,6.57,0.1,AAA,0.1,14,https://www.valueresearchonline.com/funds/44700/,5,10,10,9,34,Low Risk
Shriram Nifty 1D Rate Liquid ETF,debt,Debt,INF680P01422,152741,Direct,4.85,,,Debt: Overnight,5.14,,,,,,,,5.31,0,Cash,0,0,https://www.valueresearchonline.com/funds/44414/,2,10,10,8,30,Low Risk
Sundaram Liquid Dir,debt,Debt,INF173K01GU0,149664,Direct,6.39,7.02,6.25,Debt: Liquid,6.31,6.94,6.17,,,4.72,0.21,6.81,6.53,0.08,AAA,0.08,25,https://www.valueresearchonline.com/funds/16532/,5,10,10,9,34,Low Risk
TRUSTMF Liquid Dir,debt,Debt,INF0GCD01255,148841,Direct,6.32,6.94,6.18,Debt: Liquid,6.31,6.94,6.17,,,4.73,0.2,6.73,6.65,0.11,AAA,0.11,25,https://www.valueresearchonline.com/funds/41413/,5,10,10,9,34,Low Risk
Tata Liquid Dir,debt,Debt,INF277K01YE6,119861,Direct,6.41,7.02,6.23,Debt: Liquid,6.31,6.94,6.17,,,5.09,0.2,6.81,6.59,0.1,AAA,0.1,25,https://www.valueresearchonline.com/funds/16723/,5,10,10,9,34,Low Risk
The Wealth Company Liquid Dir,debt,Debt,INF2F0001081,153883,Direct,,,,Debt: Liquid,,,,,,,,,6.67,0.13,AAA,0.13,25,https://www.valueresearchonline.com/funds/45509/,5,10,10,9,34,Low Risk
UTI Liquid Dir,debt,Debt,INF789F1AD46,120304,Direct,6.42,7.01,6.24,Debt: Liquid,6.31,6.94,6.17,,,4.96,0.2,6.8,6.62,0.1,AAA,0.1,25,https://www.valueresearchonline.com/funds/15758/,5,10,10,9,34,Low Risk
Unifi Liquid Dir,debt,Debt,INF1MIY01056,153570,Direct,6.01,,,Debt: Liquid,6.31,,,,,,,,5.45,0,CASH,0,2,https://www.valueresearchonline.com/funds/45229/,2,10,10,8,30,Low Risk
Union Liquid Dir,debt,Debt,INF582M01674,119303,Direct,6.41,7.03,6.25,Debt: Liquid,6.31,6.94,6.17,,,5.12,0.2,6.81,6.52,0.1,AAA,0.1,25,https://www.valueresearchonline.com/funds/16419/,5,10,10,9,34,Low Risk
WhiteOak Capital Liquid Dir,debt,Debt,INF03VN01043,145971,Direct,6.26,6.89,6.03,Debt: Liquid,6.31,6.94,6.17,,,4.26,0.21,6.68,6.73,0.15,AAA,0.15,22,https://www.valueresearchonline.com/funds/38646/,5,10,10,9,34,Low Risk
Zerodha Nifty 1D Rate Liquid ETF,debt,Debt,INF0R8F01034,152327,Direct,5.04,,,Debt: Overnight,5.3,,,,,,,,,,Cash,,1,https://www.valueresearchonline.com/funds/44050/,N/A,N/A,N/A,8,8,Low Risk
ABSL Long Duration Dir,debt,Debt,INF209KB17J2,150484,Direct,3.37,7.22,,Debt: Long Duration,3.34,6.99,,,,0.32,4.07,7.1,7.8,7.1,AAA,27.64,25,https://www.valueresearchonline.com/funds/42338/,7,3,1,9,20,Moderately High Risk
Axis Long Duration Dir,debt,Debt,INF846K014L3,151179,Direct,3.62,7.04,,Debt: Long Duration,3.34,6.99,,,,0.22,5.19,6.97,7.72,6.97,AAA,31.38,7,https://www.valueresearchonline.com/funds/42912/,7,3,1,9,20,Moderately High Risk
Bandhan Long Duration Dir,debt,Debt,INF194KB1HY2,152520,Direct,4.36,,,Debt: Long Duration,3.34,,,,,,,,7.55,6.91,AAA,26.3,4,https://www.valueresearchonline.com/funds/44184/,7,3,1,9,20,Moderately High Risk
Franklin India Long Duration Fund Dir,debt,Debt,INF090I01XY7,153102,Direct,4.66,,,Debt: Long Duration,3.34,,,,,,,,6.66,6.91,GOI/Cash,8.95,5,https://www.valueresearchonline.com/funds/44764/,5,3,4,10,22,Moderate Risk
HDFC Long Duration Debt Dir,debt,Debt,INF179KC1ET7,151313,Direct,3.38,7.13,,Debt: Long Duration,3.34,6.99,,,,0.24,5.37,7.1,7.74,7.1,AAA,28.91,12,https://www.valueresearchonline.com/funds/43050/,7,3,1,9,20,Moderately High Risk
ICICI Pru Long Term Bond Dir,debt,Debt,INF109K017L8,120743,Direct,3.42,7.27,5.96,Debt: Long Duration,3.34,6.99,6.25,,,0.33,3.99,7.14,7.89,6.91,AAA,29.18,20,https://www.valueresearchonline.com/funds/15957/,7,3,1,9,20,Moderately High Risk
Kotak Long Duration Dir,debt,Debt,INF174KA1RF5,152491,Direct,2.5,,,Debt: Long Duration,3.34,,,,,,,,7.65,6.91,AAA,13.24,16,https://www.valueresearchonline.com/funds/44192/,7,3,2,9,21,Moderate Risk
Mirae Asset Long Duration Dir,debt,Debt,INF769K01NC9,153105,Direct,2.75,,,Debt: Long Duration,3.34,,,,,,,,7.53,6.91,AAA,25.67,5,https://www.valueresearchonline.com/funds/44752/,7,3,1,9,20,Moderately High Risk
Nippon India Nivesh Lakshya Long Duration Dir,debt,Debt,INF204KB1YQ1,143704,Direct,3.33,7.02,6.55,Debt: Long Duration,3.34,6.99,6.25,,,0.24,4.51,6.87,7.67,6.87,AAA,21.61,15,https://www.valueresearchonline.com/funds/36522/,7,3,1,9,20,Moderately High Risk
SBI Long Duration Dir,debt,Debt,INF200KA16T4,151214,Direct,3.07,6.96,,Debt: Long Duration,3.34,6.99,,,,0.23,4.77,6.91,7.54,6.91,GOI/Cash,34.23,4,https://www.valueresearchonline.com/funds/42950/,7,3,1,10,21,Moderate Risk
UTI Long Duration Dir,debt,Debt,INF789F1AYB5,151523,Direct,2.29,6.28,,Debt: Long Duration,3.34,6.99,,,,0.09,4.94,6.27,7.33,6.27,GOI/Cash,19.69,8,https://www.valueresearchonline.com/funds/43279/,6,3,2,10,21,Moderate Risk
ABSL CRISIL-IBX Fin Srvices 9-12 Months Debt Index Dir,debt,Debt,INF209KC1498,153443,Direct,6.37,,,Debt: Low Duration,6.41,,,,,,,,7.93,7.23,AAA,0.75,25,https://www.valueresearchonline.com/funds/45079/,7,3,10,9,29,Low Risk
ABSL Low Duration Dir,debt,Debt,INF209K01XU7,119523,Direct,6.44,7.53,6.76,Debt: Low Duration,6.41,7.48,6.69,,,2.18,0.68,7.28,7.7,7.28,AAA,0.99,25,https://www.valueresearchonline.com/funds/15725/,7,3,10,9,29,Low Risk
Axis Treasury Advantage Dir,debt,Debt,INF846K01EN1,120513,Direct,6.54,7.55,6.65,Debt: Low Duration,6.41,7.48,6.69,,,2.44,0.61,7.3,7.67,7.23,AAA,1,25,https://www.valueresearchonline.com/funds/15760/,7,3,10,9,29,Low Risk
Bajaj Finserv Low Duration Dir,debt,Debt,INF0QA701CF6,154204,Direct,,,,Debt: Low Duration,,,,,,,,,7.62,7.23,AAA,0.92,17,https://www.valueresearchonline.com/funds/45824/,7,3,10,9,29,Low Risk
Bandhan Low Duration Dir,debt,Debt,INF194K01J77,118371,Direct,6.25,7.24,6.33,Debt: Low Duration,6.41,7.48,6.69,,,2,0.61,7.01,7.53,7.01,AAA,0.99,25,https://www.valueresearchonline.com/funds/16735/,7,3,10,9,29,Low Risk
Baroda BNP Paribas Low Duration Dir,debt,Debt,INF251K01GJ7,150169,Direct,6.48,7.5,6.56,Debt: Low Duration,6.41,7.48,6.69,,,2.39,0.61,7.25,7.71,7.25,AAA,0.86,25,https://www.valueresearchonline.com/funds/16234/,7,3,10,9,29,Low Risk
Baroda BNP Paribas Medium Duration-Seg Port 1 Dir,debt,Debt,INF955L01IT6,148333,Direct,,,,,,,,,,,,,,,,,0,https://www.valueresearchonline.com/funds/40947/,N/A,N/A,N/A,N/A,,Insufficient Data
Canara Robeco Savings Dir,debt,Debt,INF760K01ET1,118291,Direct,6.3,7.32,6.36,Debt: Low Duration,6.41,7.48,6.69,,,2.05,0.62,7.08,7.54,7.23,AAA,1.17,25,https://www.valueresearchonline.com/funds/16604/,7,3,9,9,28,Low Risk
DSP Low Duration Dir,debt,Debt,INF740K013Q1,133925,Direct,6.19,7.26,6.4,Debt: Low Duration,6.41,7.48,6.69,,,1.82,0.68,7.03,7.59,7.03,AAA,1.09,25,https://www.valueresearchonline.com/funds/29616/,7,3,9,9,28,Low Risk
Edelweiss Low Duration Dir,debt,Debt,INF754K01UP8,153416,Direct,6.34,,,Debt: Low Duration,6.41,,,,,,,,7.71,7.23,AAA,0.93,25,https://www.valueresearchonline.com/funds/45057/,7,3,10,9,29,Low Risk
Franklin Ind Low Duration Seg Port 2 Dir,debt,Debt,INF090I01JF5,118557,Direct,,,,,,,,,,,,,4.17,0.01,B,0.01,1,https://www.valueresearchonline.com/funds/40611/,1,10,10,2,23,Moderate Risk
Franklin India Low Duration Dir,debt,Debt,INF090I01YE7,153368,Direct,6.7,,,Debt: Low Duration,6.41,,,,,,,,7.81,7.23,AAA,1.16,22,https://www.valueresearchonline.com/funds/45010/,7,3,9,9,28,Low Risk
HDFC CRISIL-IBX Financial Services 9-12 Months Debt Index Dir,debt,Debt,INF179KC1KI7,154308,Direct,,,,Debt: Low Duration,,,,,,,,,7.91,7.23,AAA,0.78,23,https://www.valueresearchonline.com/funds/45934/,7,3,10,9,29,Low Risk
HDFC Low Duration Dir,debt,Debt,INF179K01VF7,118942,Direct,6.45,7.61,6.74,Debt: Low Duration,6.41,7.48,6.69,,,2.36,0.66,7.36,7.82,7.36,AAA,1.93,25,https://www.valueresearchonline.com/funds/16011/,7,3,9,9,28,Low Risk
HSBC Low Duration Dir,debt,Debt,INF917K01GM7,151117,Direct,6.49,8.03,6.89,Debt: Low Duration,6.41,7.48,6.69,,,1.78,1.1,7.76,7.9,7.76,AAA,0.04,25,https://www.valueresearchonline.com/funds/16296/,7,3,10,9,29,Low Risk
ICICI Pru Savings Dir,debt,Debt,INF109K01O82,120398,Direct,6.58,7.65,6.71,Debt: Low Duration,6.41,7.48,6.69,,,2.43,0.65,7.39,7.95,7.23,AAA,1.33,25,https://www.valueresearchonline.com/funds/15565/,7,3,9,9,28,Low Risk
Invesco India Low Duration Dir,debt,Debt,INF205K01NY8,120570,Direct,6.26,7.29,6.36,Debt: Low Duration,6.41,7.48,6.69,,,2.07,0.6,7.05,7.59,7.05,AAA,0.84,25,https://www.valueresearchonline.com/funds/16853/,7,3,10,9,29,Low Risk
JM Low Duration Dir,debt,Debt,INF192K01DW3,143612,Direct,6.37,7.35,6.41,Debt: Low Duration,6.41,7.48,6.69,,,2.15,0.61,7.11,7.66,7.11,AAA,0.86,25,https://www.valueresearchonline.com/funds/16564/,7,3,10,9,29,Low Risk
JioBlackRock Low Duration Dir,debt,Debt,INF22M001150,154081,Direct,,,,Debt: Low Duration,,,,,,,,,7.54,7.23,AAA,0.8,22,https://www.valueresearchonline.com/funds/45727/,7,3,10,9,29,Low Risk
Kotak CRISIL-IBX Fin Srvices 9 To 12 Months Debt Index Dir,debt,Debt,INF174KA1XM9,153875,Direct,,,,Debt: Low Duration,,,,,,,,,7.9,7.23,AAA,0.72,21,https://www.valueresearchonline.com/funds/45503/,7,3,10,9,29,Low Risk
Kotak Low Duration Dir,debt,Debt,INF178L01AX4,133810,Direct,6.48,7.62,6.73,Debt: Low Duration,6.41,7.48,6.69,,,2.22,0.7,7.36,8.13,7.36,AAA,1.19,25,https://www.valueresearchonline.com/funds/16503/,8,3,9,9,29,Low Risk
LIC MF Low Duration Dir,debt,Debt,INF767K01FM8,120315,Direct,6.49,7.41,6.46,Debt: Low Duration,6.41,7.48,6.69,,,2.22,0.62,7.17,7.6,7.17,AAA,0.89,25,https://www.valueresearchonline.com/funds/16875/,7,3,10,9,29,Low Risk
Mahindra Manulife Low Duration Dir,debt,Debt,INF174V01267,140613,Direct,6.63,7.6,6.63,Debt: Low Duration,6.41,7.48,6.69,,,2.6,0.6,7.35,7.96,7.35,AAA,1.02,25,https://www.valueresearchonline.com/funds/33500/,7,3,9,9,28,Low Risk
Mirae Asset CRISIL-IBX Financial Services 9-12 Months Debt Index Fund Dir,debt,Debt,INF769K01OS3,153634,Direct,6.33,,,Debt: Low Duration,6.41,,,,,,,,7.88,7.23,AAA,0.7,14,https://www.valueresearchonline.com/funds/45253/,7,3,10,9,29,Low Risk
Mirae Asset Low Duration Dir,debt,Debt,INF769K01BO9,118840,Direct,6.54,7.56,6.57,Debt: Low Duration,6.41,7.48,6.69,,,2.3,0.65,7.3,7.66,7.3,AAA,0.98,25,https://www.valueresearchonline.com/funds/16599/,7,3,10,9,29,Low Risk
Nippon India CRISIL-IBX Fin Srvices 9-12 Months Debt Index Dir,debt,Debt,INF204KC1GR5,154252,Direct,,,,Debt: Low Duration,,,,,,,,,7.97,7.23,AAA,0.72,22,https://www.valueresearchonline.com/funds/45881/,7,3,10,9,29,Low Risk
Nippon India Low Duration Dir,debt,Debt,INF204K01ZU3,118709,Direct,6.57,7.56,6.73,Debt: Low Duration,6.41,7.48,6.69,,,2.4,0.63,7.3,7.88,7.3,AAA,1.23,25,https://www.valueresearchonline.com/funds/16863/,7,3,9,9,28,Low Risk
PGIM India Money Market-Seg Port 1 Dir,debt,Debt,-,152114,Direct,,,,,,,,,,,,,,,,,0,https://www.valueresearchonline.com/funds/43750/,N/A,N/A,N/A,N/A,,Insufficient Data
SBI Low Duration Dir,debt,Debt,INF200K01VM7,119812,Direct,6.15,7.35,6.48,Debt: Low Duration,6.41,7.48,6.69,,,2.08,0.63,7.11,7.7,7.11,AAA,1.05,25,https://www.valueresearchonline.com/funds/16316/,7,3,9,9,28,Low Risk
Sundaram Low Duration Dir,debt,Debt,INF173K01FS6,149526,Direct,6.14,7.39,8.11,Debt: Low Duration,6.41,7.48,6.69,,,2.11,0.64,7.15,7.44,7.15,AAA,0.79,25,https://www.valueresearchonline.com/funds/16542/,6,3,10,9,28,Low Risk
Tata Treasury Advantage Dir,debt,Debt,INF277K01OK4,119863,Direct,6.41,7.39,6.46,Debt: Low Duration,6.41,7.48,6.69,,,2.14,0.63,7.15,7.74,7.23,AAA,1.05,25,https://www.valueresearchonline.com/funds/16689/,7,3,9,9,28,Low Risk
Tata Treasury Advtg Seg Port1 Direct,debt,Debt,INF277K01OK4,119863,Direct,,,,,,,,,,,,,,,AA,,1,https://www.valueresearchonline.com/funds/40088/,N/A,N/A,N/A,6,6,Moderate Risk
UTI Low Duration Dir,debt,Debt,INF789F01XI3,120735,Direct,6.32,7.34,7.51,Debt: Low Duration,6.41,7.48,6.69,,,2.08,0.62,7.1,7.77,7.1,AAA,0.88,25,https://www.valueresearchonline.com/funds/15853/,7,3,10,9,29,Low Risk
Union Low Duration Dir,debt,Debt,INF582M01LQ6,153654,Direct,,,,Debt: Low Duration,,,,,,,,,7.55,7.23,AAA,0.97,21,https://www.valueresearchonline.com/funds/45262/,7,3,10,9,29,Low Risk
ABSL Medium Term Dir,debt,Debt,INF209K01XA9,119539,Direct,9.58,10.77,12.92,Debt: Medium Duration,6.67,8.14,7.6,,,2.21,2.04,10.31,8.49,7.86,AAA,3.86,25,https://www.valueresearchonline.com/funds/15910/,8,3,7,9,27,Moderate Risk
ABSL Medium Term Seg Port1 Direct,debt,Debt,INF209K01XA9,119539,Direct,,,,,,,,,,,,,,,Cash,,0,https://www.valueresearchonline.com/funds/40449/,N/A,N/A,N/A,8,8,Low Risk
Axis Strategic Bond Dir,debt,Debt,INF846K01DT0,120475,Direct,7.11,8.54,7.56,Debt: Medium Duration,6.67,8.14,7.6,,,1.63,1.5,8.25,8.61,7.86,AA,4.7,25,https://www.valueresearchonline.com/funds/17333/,9,3,6,6,24,Moderate Risk
Bandhan Medium Duration Dir,debt,Debt,INF194K01S50,118401,Direct,6.03,7.65,6.21,Debt: Medium Duration,6.67,8.14,7.6,,,0.91,1.77,7.41,7.69,7.41,AAA,4.52,25,https://www.valueresearchonline.com/funds/16708/,7,3,6,9,25,Moderate Risk
DSP Bond Dir,debt,Debt,INF740K01MZ3,118924,Direct,5.32,7.52,6.41,Debt: Medium Duration,6.67,8.14,7.6,,,0.85,1.76,7.3,7.32,7.86,AAA,3.76,10,https://www.valueresearchonline.com/funds/15795/,6,3,7,9,25,Moderate Risk
Franklin Ind Incm Opp Seg Port 2 Dir,debt,Debt,INF090I01JF5,118557,Direct,,,,,,,,,,,,,4.17,0.01,B,0.01,1,https://www.valueresearchonline.com/funds/40592/,1,10,10,2,23,Moderate Risk
HDFC Medium Term Debt Dir,debt,Debt,INF179K01WI9,119081,Direct,6.83,8.06,7.01,Debt: Medium Duration,6.67,8.14,7.6,,,1.26,1.58,7.79,8.59,7.86,AAA,4.38,25,https://www.valueresearchonline.com/funds/16058/,9,3,6,9,27,Moderate Risk
HSBC Medium Duration Dir,debt,Debt,INF917K01TK4,151146,Direct,6.31,8.13,7.05,Debt: Medium Duration,6.67,8.14,7.6,,,1.34,1.54,7.87,8.22,7.87,AAA,4.04,25,https://www.valueresearchonline.com/funds/29311/,8,3,6,9,26,Moderate Risk
ICICI Pru Medium Term Bond Dir,debt,Debt,INF109K015A5,120670,Direct,7.94,8.61,7.56,Debt: Medium Duration,6.67,8.14,7.6,,,1.74,1.43,8.29,8.57,7.86,AAA,6.18,25,https://www.valueresearchonline.com/funds/17063/,9,3,5,9,26,Moderate Risk
Invesco India Medium Duration Dir,debt,Debt,INF205KA1429,149011,Direct,5.19,7.43,,Debt: Medium Duration,6.67,8.14,,,,0.79,1.78,7.21,7.44,7.21,AAA,3.94,22,https://www.valueresearchonline.com/funds/41551/,6,3,7,9,25,Moderate Risk
Kotak Medium Term Dir,debt,Debt,INF174K01VQ5,128006,Direct,7.74,9.14,7.69,Debt: Medium Duration,6.67,8.14,7.6,,,1.68,1.77,8.78,8.72,7.86,AA,4.17,25,https://www.valueresearchonline.com/funds/25271/,9,3,6,6,24,Moderate Risk
Nippon India Medium Duration Dir,debt,Debt,INF204KA1QF1,130050,Direct,8.89,8.59,9.79,Debt: Medium Duration,6.67,8.14,7.6,,,1.25,2.02,8.32,8.08,8.32,AAA,4.54,25,https://www.valueresearchonline.com/funds/26994/,8,2,6,9,25,Moderate Risk
Nippon India Medium Duration Seg Port 2 Direct,debt,Debt,INF204KB10R1,148285,Direct,,,,,,,,,,,,,,,,,0,https://www.valueresearchonline.com/funds/40880/,N/A,N/A,N/A,N/A,,Insufficient Data
Nippon India Medium Duration Seg Port1 Dir,debt,Debt,INF204KA1QF1,130050,Direct,,,,,,,,,,,,,2.81,,B,0.07,1,https://www.valueresearchonline.com/funds/40711/,1,N/A,10,2,13,Moderately High Risk
SBI Medium Duration Dir,debt,Debt,INF200K01VB0,119824,Direct,6.56,7.9,6.94,Debt: Medium Duration,6.67,8.14,7.6,,,1.2,1.55,7.65,8.5,7.65,AAA,4.21,25,https://www.valueresearchonline.com/funds/17808/,9,3,6,9,27,Moderate Risk
Sundaram Medium Duration Dir,debt,Debt,INF903J01PO6,119675,Direct,4.07,6.21,5.14,Debt: Medium Duration,6.67,8.14,7.6,,,0.17,1.56,6.07,7.39,6.07,AAA,3.72,14,https://www.valueresearchonline.com/funds/16084/,6,3,7,9,25,Moderate Risk
Tata Medium Term Seg Port1 Direct,debt,Debt,INF277K01PI5,119127,Direct,,,,,,,,,,,,,,,AA,,1,https://www.valueresearchonline.com/funds/40074/,N/A,N/A,N/A,6,6,Moderate Risk
UTI Medium Duration Dir,debt,Debt,INF789FB1KE6,134503,Direct,5.12,7.21,6.88,Debt: Medium Duration,6.67,8.14,7.6,,,0.74,1.61,6.99,7.55,6.99,AAA,4.18,15,https://www.valueresearchonline.com/funds/29994/,7,3,6,9,25,Moderate Risk
UTI Medium Duration Seg Port 2 Dir,debt,Debt,INF789FB1KE6,134503,Direct,,,,,,,,,,,,,,,Cash,,2,https://www.valueresearchonline.com/funds/40918/,N/A,N/A,N/A,8,8,Low Risk
UTI Medium Duration Seg Port 3 Dir,debt,Debt,INF789FB1KE6,134503,Direct,,,,,,,,,,,,,,,,,0,https://www.valueresearchonline.com/funds/41050/,N/A,N/A,N/A,N/A,,Insufficient Data
UTI Medium Duration Seg Port Dir,debt,Debt,INF789FB1KE6,134503,Direct,,,,,,,,,,,,,,,B,0.07,1,https://www.valueresearchonline.com/funds/40739/,N/A,N/A,10,2,12,Moderate Risk
ABSL Income Dir,debt,Debt,INF209K01WY1,119657,Direct,4.08,6.7,6.03,Debt: Medium to Long Duration,4.64,7.15,6.41,,,0.26,2.83,6.54,7.74,6.97,AAA,15.14,25,https://www.valueresearchonline.com/funds/15756/,7,3,2,9,21,Moderate Risk
Bandhan Medium to Long Duration Dir,debt,Debt,INF194K01R51,118394,Direct,6.3,6.94,5.63,Debt: Medium to Long Duration,4.64,7.15,6.41,,,0.35,2.79,6.77,7.7,6.77,AAA,15.88,17,https://www.valueresearchonline.com/funds/16704/,7,3,2,9,21,Moderate Risk
Canara Robeco Income Dir,debt,Debt,INF760K01FI1,118282,Direct,3.82,6.61,5.69,Debt: Medium to Long Duration,4.64,7.15,6.41,,,0.3,2.27,6.48,6.99,6.97,AAA,8.42,15,https://www.valueresearchonline.com/funds/15753/,5,3,4,9,21,Moderate Risk
Franklin India Medium to Long Duration Dir,debt,Debt,INF090I01XG4,152851,Direct,4.97,,,Debt: Medium to Long Duration,4.64,,,,,,,,7.76,6.97,AAA,7.13,13,https://www.valueresearchonline.com/funds/44534/,7,3,4,9,23,Moderate Risk
HDFC Income Dir,debt,Debt,INF179K01WL3,119069,Direct,4.53,7.24,6.18,Debt: Medium to Long Duration,4.64,7.15,6.41,,,0.43,2.98,7.07,7.34,6.97,AAA,13.16,25,https://www.valueresearchonline.com/funds/16066/,6,3,2,9,20,Moderately High Risk
HSBC Medium to Long Duration Dir,debt,Debt,INF336L01DE2,120059,Direct,3.78,6.86,5.69,Debt: Medium to Long Duration,4.64,7.15,6.41,,,0.34,2.68,6.71,7.29,6.71,AAA,7.15,15,https://www.valueresearchonline.com/funds/17390/,6,3,4,9,22,Moderate Risk
ICICI Pru Bond Dir,debt,Debt,INF109K01V83,120619,Direct,5.12,7.7,6.71,Debt: Medium to Long Duration,4.64,7.15,6.41,,,0.68,2.45,7.48,7.85,6.97,AAA,15.21,25,https://www.valueresearchonline.com/funds/17100/,7,3,2,9,21,Moderate Risk
ICICI Pru Diversified Debt Strategy Active FoF Dir,debt,Debt,INF109K01X73,120702,Direct,6.04,7.69,6.72,Debt: Medium to Long Duration,4.64,7.15,6.41,,,0.98,1.69,7.46,,6.97,AAA,,4,https://www.valueresearchonline.com/funds/17928/,N/A,3,N/A,9,12,Moderate Risk
JM Medium to Long Duration Dir,debt,Debt,INF192K01CW5,120430,Direct,3.55,6.95,5.79,Debt: Medium to Long Duration,4.64,7.15,6.41,,,0.43,2.3,6.79,7.2,6.79,AAA,4.99,8,https://www.valueresearchonline.com/funds/17172/,6,3,6,9,24,Moderate Risk
Kotak Bond Dir,debt,Debt,INF174K01JC0,119735,Direct,4.78,7.52,6.58,Debt: Medium to Long Duration,4.64,7.15,6.41,,,0.54,2.83,7.34,7.59,6.97,AAA,8.18,25,https://www.valueresearchonline.com/funds/16749/,7,3,4,9,23,Moderate Risk
LIC MF Medium to Long Duration Dir,debt,Debt,INF767K01EW0,120279,Direct,4.57,7.65,6.44,Debt: Medium to Long Duration,4.64,7.15,6.41,,,0.63,2.64,7.48,7.49,7.48,AAA,10.68,15,https://www.valueresearchonline.com/funds/16768/,6,3,3,9,21,Moderate Risk
Nippon India Medium to Long Duration Dir,debt,Debt,INF204K01XS2,118687,Direct,4.72,7.13,6.55,Debt: Medium to Long Duration,4.64,7.15,6.41,,,0.42,2.76,6.95,7.41,6.95,AAA,14.02,17,https://www.valueresearchonline.com/funds/16835/,6,3,2,9,20,Moderately High Risk
SBI Medium to Long Duration Dir,debt,Debt,INF200K01SR2,119714,Direct,4.88,7.28,6.53,Debt: Medium to Long Duration,4.64,7.15,6.41,,,0.56,2.3,7.09,7.92,7.09,AAA,8.25,25,https://www.valueresearchonline.com/funds/16230/,7,3,4,9,23,Moderate Risk
UTI Medium to Long Duration Dir,debt,Debt,INF789F01SQ6,120689,Direct,3.85,6.62,8.75,Debt: Medium to Long Duration,4.64,7.15,6.41,,,0.26,2.49,6.45,8.09,6.45,AAA,7.84,24,https://www.valueresearchonline.com/funds/15861/,8,3,4,9,24,Moderate Risk
UTI Medium to Long Duration Seg Port Dir,debt,Debt,INF789F01SQ6,120689,Direct,,,,,,,,,,,,,,,B,0.07,1,https://www.valueresearchonline.com/funds/40720/,N/A,N/A,10,2,12,Moderate Risk
ABSL Money Manager Dir,debt,Debt,INF209K01UU3,119511,Direct,6.46,7.47,6.65,Debt: Money Market,6.46,7.36,6.53,,,2.45,0.57,7.21,7.94,0.67,AAA,0.67,25,https://www.valueresearchonline.com/funds/15826/,7,9,10,9,35,Very Low Risk
Axis Money Market Dir,debt,Debt,INF846K01Q62,147567,Direct,6.52,7.5,6.65,Debt: Money Market,6.46,7.36,6.53,,,2.76,0.52,7.24,7.75,0.58,AAA,0.58,25,https://www.valueresearchonline.com/funds/40197/,7,9,10,9,35,Very Low Risk
Bajaj Finserv Money Market Dir,debt,Debt,INF0QA701334,151889,Direct,6.47,,,Debt: Money Market,6.46,,,,,,,,7.51,0.59,AAA,0.59,25,https://www.valueresearchonline.com/funds/43661/,7,9,10,9,35,Very Low Risk
Bandhan Money Market Dir,debt,Debt,INF194K01M80,118384,Direct,6.55,7.46,6.55,Debt: Money Market,6.46,7.36,6.53,,,2.75,0.51,7.21,7.75,0.64,AAA,0.64,25,https://www.valueresearchonline.com/funds/16515/,7,9,10,9,35,Very Low Risk
Bank of India Money Market Dir,debt,Debt,INF761K01GO5,153294,Direct,6.59,,,Debt: Money Market,6.46,,,,,,,,7.68,0.56,AAA,0.55,25,https://www.valueresearchonline.com/funds/44948/,7,9,10,9,35,Very Low Risk
Baroda BNP Paribas Money Market Dir,debt,Debt,INF955L01ID0,147377,Direct,6.47,7.27,6.32,Debt: Money Market,6.46,7.36,6.53,,,2.34,0.52,7.03,7.52,0.49,AAA,0.49,25,https://www.valueresearchonline.com/funds/40016/,7,10,10,9,36,Very Low Risk
DSP Savings Dir,debt,Debt,INF740K01NU2,119106,Direct,6.51,7.28,6.37,Debt: Money Market,6.46,7.36,6.53,,,2.27,0.55,7.04,7.67,0.62,AAA,0.63,25,https://www.valueresearchonline.com/funds/16459/,7,9,10,9,35,Very Low Risk
Edelweiss Money Market Dir,debt,Debt,INF843K01CE1,140237,Direct,6.45,7.35,6.36,Debt: Money Market,6.46,7.36,6.53,,,2.45,0.53,7.11,7.68,0.62,AAA,0.58,25,https://www.valueresearchonline.com/funds/17429/,7,9,10,9,35,Very Low Risk
Franklin India Money Market Dir,debt,Debt,INF090I01GV8,118506,Direct,6.42,7.44,6.53,Debt: Money Market,6.46,7.36,6.53,,,2.56,0.54,7.18,7.76,0.45,AAA,0.57,25,https://www.valueresearchonline.com/funds/16748/,7,10,10,9,36,Very Low Risk
Groww Money Market Dir,debt,Debt,INF666M01MW3,153982,Direct,,,,Debt: Money Market,,,,,,,,,6.98,0.33,AAA,0.34,13,https://www.valueresearchonline.com/funds/45614/,5,10,10,9,34,Low Risk
HDFC Money Market Dir,debt,Debt,INF179KB1HU9,119092,Direct,6.46,7.45,6.61,Debt: Money Market,6.46,7.36,6.53,,,2.53,0.55,7.19,7.71,0.59,AAA,0.59,25,https://www.valueresearchonline.com/funds/16004/,7,9,10,9,35,Very Low Risk
HSBC Money Market Dir,debt,Debt,INF917K01FE6,151054,Direct,6.4,7.35,6.42,Debt: Money Market,6.46,7.36,6.53,,,2.32,0.56,7.1,7.63,0.58,AAA,0.58,25,https://www.valueresearchonline.com/funds/16223/,7,9,10,9,35,Very Low Risk
ICICI Pru Money Market Dir,debt,Debt,INF109K01R14,120211,Direct,6.41,7.42,6.58,Debt: Money Market,6.46,7.36,6.53,,,2.44,0.56,7.17,7.7,0.62,AAA,0.63,25,https://www.valueresearchonline.com/funds/15854/,7,9,10,9,35,Very Low Risk
Invesco India Money Market Dir,debt,Debt,INF205K01RY9,120507,Direct,6.38,7.29,6.37,Debt: Money Market,6.46,7.36,6.53,,,2.27,0.55,7.04,7.58,0.59,AAA,0.59,25,https://www.valueresearchonline.com/funds/16726/,7,9,10,9,35,Very Low Risk
JioBlackRock Money Market Dir,debt,Debt,INF22M001028,153649,Direct,,,,Debt: Money Market,,,,,,,,,7.41,0.66,AAA,0.66,25,https://www.valueresearchonline.com/funds/45287/,6,9,10,9,34,Low Risk
Kotak Money Market Dir,debt,Debt,INF174K01MW2,119746,Direct,6.47,7.44,6.6,Debt: Money Market,6.46,7.36,6.53,,,2.53,0.55,7.19,7.71,0.6,AAA,0.6,25,https://www.valueresearchonline.com/funds/16350/,7,9,10,9,35,Very Low Risk
LIC MF Money Market Dir,debt,Debt,INF767K01RE0,150392,Direct,6.59,6.82,,Debt: Money Market,6.46,7.36,,,,1.66,0.48,6.61,7.56,0.52,AAA,0.52,25,https://www.valueresearchonline.com/funds/42409/,7,9,10,9,35,Very Low Risk
Mirae Asset Money Market Dir,debt,Debt,INF769K01HN8,149112,Direct,6.37,7.45,,Debt: Money Market,6.46,7.36,,,,2.48,0.56,7.2,7.52,0.58,AAA,0.58,25,https://www.valueresearchonline.com/funds/41643/,7,9,10,9,35,Very Low Risk
Nippon India Money Market Dir,debt,Debt,INF204K01ZP3,118719,Direct,6.44,7.47,6.66,Debt: Money Market,6.46,7.36,6.53,,,2.5,0.57,7.22,7.7,0.58,AAA,0.61,25,https://www.valueresearchonline.com/funds/16121/,7,9,10,9,35,Very Low Risk
PGIM India Money Market Dir,debt,Debt,INF663L01T84,148161,Direct,6.28,7.24,6.51,Debt: Money Market,6.46,7.36,6.53,,,2.27,0.53,7,7.37,0.5,AAA,0.5,14,https://www.valueresearchonline.com/funds/40775/,6,10,10,9,35,Very Low Risk
SBI Savings Dir,debt,Debt,INF200K01SZ5,119821,Direct,6.34,7.38,6.55,Debt: Money Market,6.46,7.36,6.53,,,2.5,0.53,7.13,7.48,0.57,AAA,0.63,25,https://www.valueresearchonline.com/funds/17152/,6,9,10,9,34,Low Risk
Shriram Money Market Dir,debt,Debt,INF680P01471,154144,Direct,,,,Debt: Money Market,,,,,,,,,7.65,0.62,AAA,0.62,10,https://www.valueresearchonline.com/funds/45778/,7,9,10,9,35,Very Low Risk
Sundaram Money Market Dir,debt,Debt,INF903JA1FR6,145050,Direct,6.4,7.3,6.39,Debt: Money Market,6.46,7.36,6.53,,,2.28,0.55,7.06,7.67,0.56,AAA,0.56,25,https://www.valueresearchonline.com/funds/37726/,7,9,10,9,35,Very Low Risk
TRUSTMF Money Market Dir,debt,Debt,INF0GCD01503,150513,Direct,6.37,7.19,,Debt: Money Market,6.46,7.36,,,,2.41,0.48,6.96,7.32,0.55,AAA,0.55,18,https://www.valueresearchonline.com/funds/42422/,6,9,10,9,34,Low Risk
Tata Money Market Dir,debt,Debt,INF277K01PR6,119424,Direct,6.56,7.59,6.75,Debt: Money Market,6.46,7.36,6.53,,,2.92,0.52,7.32,7.79,0.59,AAA,0.59,25,https://www.valueresearchonline.com/funds/16711/,7,9,10,9,35,Very Low Risk
UTI Money Market Dir,debt,Debt,INF789F01TO9,120782,Direct,6.43,7.44,6.62,Debt: Money Market,6.46,7.36,6.53,,,2.53,0.55,7.19,7.58,0.56,AAA,0.56,25,https://www.valueresearchonline.com/funds/15971/,7,9,10,9,35,Very Low Risk
Union Money Market Dir,debt,Debt,INF582M01HG5,149117,Direct,6.64,7.23,,Debt: Money Market,6.46,7.36,,,,2.57,0.46,6.99,7.32,0.43,AAA,0.43,25,https://www.valueresearchonline.com/funds/41649/,6,10,10,9,35,Very Low Risk
ABSL US Treasury 1-3 Year Bonds ETFs Passive FoF Dir*,debt,Debt,INF209KB16W7,152140,Direct,14.69,,,,,,,,,,,,4.04,,D,1.92,1,https://www.valueresearchonline.com/funds/43824/,1,N/A,9,1,11,Moderately High Risk
ABSL US Treasury 3-10 Year Bonds ETFs Passive FoF Dir*,debt,Debt,INF209KB12X4,152150,Direct,14.19,,,,,,,,,,,,4.22,,D,5.61,2,https://www.valueresearchonline.com/funds/43820/,1,N/A,5,1,7,High Risk
Axis US Specific Treasury Dynamic Debt Passive FoF Dir*,debt,Debt,INF846K017T9,152240,Direct,13.55,,,,,,,,,,,,,,D,,1,https://www.valueresearchonline.com/funds/43978/,N/A,N/A,N/A,1,1,High Risk
Bandhan US Treasury Bond 0-1 year Specific Debt Passive FoF Dir,debt,Debt,INF194KB1FV2,151548,Direct,14.71,9.56,,,,,,,,0.97,3.47,9.18,,,D,,1,https://www.valueresearchonline.com/funds/43353/,N/A,N/A,N/A,1,1,High Risk
DSP US Specific Debt Passive FoF Dir*,debt,Debt,INF740KA1UJ6,152528,Direct,13.71,,,,,,,,,,,,,,D,,2,https://www.valueresearchonline.com/funds/44196/,N/A,N/A,N/A,1,1,High Risk
360 ONE Overnight Dir,debt,Debt,INF579M01BG4,153703,Direct,,,,Debt: Overnight,,,,,,,,,5.41,0,AAA,0,11,https://www.valueresearchonline.com/funds/45316/,2,10,10,9,31,Low Risk
ABSL CRISIL Liquid Overnight ETF,debt,Debt,INF209KB13F9,149783,Direct,4.9,5.74,,Debt: Overnight,5.14,6.03,,,,-0.99,0.2,5.6,,,Cash,,0,https://www.valueresearchonline.com/funds/43247/,N/A,N/A,N/A,8,8,Low Risk
ABSL Overnight Dir,debt,Debt,INF209KB1ZH2,145486,Direct,5.33,6.18,5.63,Debt: Overnight,5.3,6.16,5.61,,,1.09,0.2,6.02,5.5,,GOI/Cash,,3,https://www.valueresearchonline.com/funds/38135/,3,N/A,N/A,10,13,Moderate Risk
Axis Overnight Dir,debt,Debt,INF846K01N65,146675,Direct,5.37,6.21,5.66,Debt: Overnight,5.3,6.16,5.61,,,1.27,0.2,6.05,5.38,0,GOI/Cash,0,2,https://www.valueresearchonline.com/funds/39294/,2,10,10,10,32,Low Risk
Bajaj Finserv Overnight Dir,debt,Debt,INF0QA701177,151849,Direct,5.39,,,Debt: Overnight,5.3,,,,,,,,5.41,0,GOI/Cash,0,4,https://www.valueresearchonline.com/funds/43603/,2,10,10,10,32,Low Risk
Bandhan Overnight Dir,debt,Debt,INF194KB1447,146191,Direct,5.34,6.18,5.62,Debt: Overnight,5.3,6.16,5.61,,,1.11,0.2,6.02,5.36,0.01,GOI/Cash,0.01,2,https://www.valueresearchonline.com/funds/38838/,2,10,10,10,32,Low Risk
Bank of India Overnight Dir,debt,Debt,INF761K01EU7,147951,Direct,5.59,6.32,5.75,Debt: Overnight,5.3,6.16,5.61,,,1.74,0.2,6.15,5.35,0,Cash,0,1,https://www.valueresearchonline.com/funds/40573/,2,10,10,8,30,Low Risk
Baroda BNP Paribas Overnight Dir,debt,Debt,INF955L01HV4,147196,Direct,5.36,6.19,5.63,Debt: Overnight,5.3,6.16,5.61,,,1.15,0.19,6.03,5.38,0,Cash,0,2,https://www.valueresearchonline.com/funds/39818/,2,10,10,8,30,Low Risk
Canara Robeco Overnight Dir,debt,Debt,INF760K01JM5,147531,Direct,5.28,6.09,5.56,Debt: Overnight,5.3,6.16,5.61,,,0.71,0.19,5.94,5.33,0.01,GOI/Cash,0.01,3,https://www.valueresearchonline.com/funds/40153/,2,10,10,10,32,Low Risk
DSP Overnight Dir,debt,Debt,INF740KA1MC8,146062,Direct,5.35,6.18,5.63,Debt: Overnight,5.3,6.16,5.61,,,1.11,0.2,6.02,5.41,,AAA,,12,https://www.valueresearchonline.com/funds/38748/,2,N/A,N/A,9,11,Moderate Risk
Edelweiss Overnight Dir,debt,Debt,INF754K01JV9,147570,Direct,5.31,6.13,5.57,Debt: Overnight,5.3,6.16,5.61,,,0.87,0.2,5.97,5.38,0,GOI/Cash,0,4,https://www.valueresearchonline.com/funds/40175/,2,10,10,10,32,Low Risk
Franklin India Overnight Dir,debt,Debt,INF090I01SS9,147214,Direct,5.4,6.17,5.59,Debt: Overnight,5.3,6.16,5.61,,,1.13,0.18,6.01,5.36,0.01,GOI/Cash,0.01,3,https://www.valueresearchonline.com/funds/39884/,2,10,10,10,32,Low Risk
Groww Overnight Dir,debt,Debt,INF666M01GL8,147450,Direct,5.25,6.11,5.49,Debt: Overnight,5.3,6.16,5.61,,,0.74,0.2,5.95,5.36,0,Cash,0,0,https://www.valueresearchonline.com/funds/40037/,2,10,10,8,30,Low Risk
HDFC Overnight Dir,debt,Debt,INF179KB1HT1,119110,Direct,5.3,6.13,5.58,Debt: Overnight,5.3,6.16,5.61,,,0.86,0.19,5.97,5.37,0,GOI/Cash,0,9,https://www.valueresearchonline.com/funds/16000/,2,10,10,10,32,Low Risk
HSBC Overnight Dir,debt,Debt,INF336L01OF6,147287,Direct,5.34,6.19,5.63,Debt: Overnight,5.3,6.16,5.61,,,1.12,0.2,6.02,5.33,0,GOI/Cash,0,2,https://www.valueresearchonline.com/funds/39921/,2,10,10,10,32,Low Risk
Helios Overnight Dir,debt,Debt,INF0R8701079,152152,Direct,5.18,,,Debt: Overnight,5.3,,,,,,,,5.35,0,Cash,0,0,https://www.valueresearchonline.com/funds/43835/,2,10,10,8,30,Low Risk
ICICI Pru Overnight Dir,debt,Debt,INF109KC11G1,145536,Direct,5.35,6.17,5.61,Debt: Overnight,5.3,6.16,5.61,,,1.06,0.19,6.01,5.39,0,GOI/Cash,0,5,https://www.valueresearchonline.com/funds/38261/,2,10,10,10,32,Low Risk
ITI Overnight Dir,debt,Debt,INF00XX01564,147713,Direct,5.12,5.95,5.44,Debt: Overnight,5.3,6.16,5.61,,,0.01,0.2,5.8,5.37,0,Cash,0,0,https://www.valueresearchonline.com/funds/40356/,2,10,10,8,30,Low Risk
Invesco India Overnight Dir,debt,Debt,INF205KA1163,147883,Direct,5.34,6.18,5.62,Debt: Overnight,5.3,6.16,5.61,,,1.09,0.2,6.02,5.39,0,GOI/Cash,0.01,3,https://www.valueresearchonline.com/funds/40514/,2,10,10,10,32,Low Risk
JM Overnight Dir,debt,Debt,INF192K01MB8,147837,Direct,5.19,6.08,5.56,Debt: Overnight,5.3,6.16,5.61,,,0.58,0.21,5.92,5.36,0,Cash,0,0,https://www.valueresearchonline.com/funds/40475/,2,10,10,8,30,Low Risk
JioBlackRock Overnight Dir,debt,Debt,INF22M001036,153650,Direct,,,,Debt: Overnight,,,,,,,,,5.4,0,GOI/Cash,0,4,https://www.valueresearchonline.com/funds/45293/,2,10,10,10,32,Low Risk
Kotak Overnight Dir,debt,Debt,INF174KA1BF9,146141,Direct,5.36,6.19,5.63,Debt: Overnight,5.3,6.16,5.61,,,1.15,0.19,6.03,5.4,0,Cash,0,2,https://www.valueresearchonline.com/funds/38846/,2,10,10,8,30,Low Risk
LIC MF Overnight Dir,debt,Debt,INF767K01QI3,147515,Direct,5.35,6.18,5.63,Debt: Overnight,5.3,6.16,5.61,,,1.11,0.2,6.02,5.39,0,GOI/Cash,0,5,https://www.valueresearchonline.com/funds/40147/,2,10,10,10,32,Low Risk
Mahindra Manulife Overnight Dir,debt,Debt,INF174V01838,147564,Direct,5.33,6.17,5.63,Debt: Overnight,5.3,6.16,5.61,,,1.06,0.2,6.01,5.39,0.01,GOI/Cash,0.01,2,https://www.valueresearchonline.com/funds/40204/,2,10,10,10,32,Low Risk
Mirae Asset Overnight Dir,debt,Debt,INF769K01FG6,147736,Direct,5.35,6.19,5.65,Debt: Overnight,5.3,6.16,5.61,,,1.16,0.2,6.03,5.37,0,CASH,0,1,https://www.valueresearchonline.com/funds/40366/,2,10,10,8,30,Low Risk
NJ Overnight Dir,debt,Debt,INF0J8L01081,150369,Direct,5.27,6.11,,Debt: Overnight,5.3,6.16,,,,0.73,0.2,5.95,5.32,0,Cash,0,0,https://www.valueresearchonline.com/funds/42425/,2,10,10,8,30,Low Risk
Nippon India Overnight Dir,debt,Debt,INF204KB1R31,145810,Direct,5.35,6.2,5.65,Debt: Overnight,5.3,6.16,5.61,,,1.19,0.2,6.03,5.39,0,AAA,0,4,https://www.valueresearchonline.com/funds/38543/,2,10,10,9,31,Low Risk
PGIM India Overnight Dir,debt,Debt,INF663L01T01,147606,Direct,5.23,6.14,5.6,Debt: Overnight,5.3,6.16,5.61,,,0.84,0.21,5.98,5.43,0,Cash,0,1,https://www.valueresearchonline.com/funds/40236/,2,10,10,8,30,Low Risk
Quant Overnight Dir,debt,Debt,INF966L01AZ7,151190,Direct,5.17,6.29,,Debt: Overnight,5.3,6.16,,,,1.16,0.28,6.12,5.13,0.01,Cash,0.01,0,https://www.valueresearchonline.com/funds/42932/,2,10,10,8,30,Low Risk
SBI Overnight Dir,debt,Debt,INF200K01TK5,119833,Direct,5.3,6.14,5.59,Debt: Overnight,5.3,6.16,5.61,,,0.92,0.2,5.98,5.24,0,GOI/Cash,0,5,https://www.valueresearchonline.com/funds/17189/,2,10,10,10,32,Low Risk
Samco Overnight Dir,debt,Debt,INF0K1H01040,150631,Direct,5.08,5.97,,Debt: Overnight,5.3,6.16,,,,0.07,0.21,5.82,5.5,0,Cash,0,0,https://www.valueresearchonline.com/funds/42551/,3,10,10,8,31,Low Risk
Shriram Overnight Dir,debt,Debt,INF680P01497,154394,Direct,5.33,6.12,,Debt: Overnight,5.3,6.16,,,,0.82,0.19,5.96,5.43,0,Cash,0,0,https://www.valueresearchonline.com/funds/42470/,2,10,10,8,30,Low Risk
Sundaram Overnight Dir,debt,Debt,INF903JA1HG5,146963,Direct,5.3,6.16,5.6,Debt: Overnight,5.3,6.16,5.61,,,1,0.2,6,5.35,,GOI/Cash,,4,https://www.valueresearchonline.com/funds/39565/,2,N/A,N/A,10,12,Moderate Risk
TRUSTMF Overnight Dir,debt,Debt,INF0GCD01453,149797,Direct,5.23,6.12,,Debt: Overnight,5.3,6.16,,,,0.76,0.21,5.96,5.41,0,GOI/Cash,0,1,https://www.valueresearchonline.com/funds/42046/,2,10,10,10,32,Low Risk
Tata Overnight Dir,debt,Debt,INF277K018T5,146980,Direct,5.38,6.21,5.64,Debt: Overnight,5.3,6.16,5.61,,,1.26,0.19,6.05,5.41,0.01,GOI/Cash,0.01,4,https://www.valueresearchonline.com/funds/39638/,2,10,10,10,32,Low Risk
UTI Overnight Dir,debt,Debt,INF789FB1S71,120785,Direct,5.34,6.18,5.63,Debt: Overnight,5.3,6.16,5.61,,,1.11,0.2,6.02,5.35,0.01,GOI/Cash,0.01,7,https://www.valueresearchonline.com/funds/17630/,2,10,10,10,32,Low Risk
Union Overnight Dir,debt,Debt,INF582M01FA2,147003,Direct,5.34,6.18,5.62,Debt: Overnight,5.3,6.16,5.61,,,1.09,0.2,6.02,5.42,0,GOI/Cash,0,6,https://www.valueresearchonline.com/funds/39665/,2,10,10,10,32,Low Risk
Zerodha Overnight Dir,debt,Debt,INF0R8F01075,153436,Direct,5.21,,,Debt: Overnight,5.3,,,,,,,,,,Cash,,1,https://www.valueresearchonline.com/funds/45081/,N/A,N/A,N/A,8,8,Low Risk
ABSL Retirement 50s + Debt Dir,debt,Debt,INF209KB1K03,146943,Direct,4.31,6.2,5.36,Debt: Short Duration,5.81,7.6,6.88,,,0.19,1.33,6.05,6.47,7.36,GOI/Cash,5.9,6,https://www.valueresearchonline.com/funds/39193/,4,3,5,10,22,Moderate Risk
ABSL Short Term Dir,debt,Debt,INF209K01XK8,119498,Direct,6.35,7.92,7.06,Debt: Short Duration,5.81,7.6,6.88,,,1.32,1.4,7.66,7.8,7.36,AAA,2.68,25,https://www.valueresearchonline.com/funds/15930/,7,3,8,9,27,Moderate Risk
Axis Short Duration Dir,debt,Debt,INF846K01EI1,120510,Direct,6.38,7.96,6.94,Debt: Short Duration,5.81,7.6,6.88,,,1.48,1.28,7.7,7.92,7.7,AAA,3.23,25,https://www.valueresearchonline.com/funds/15752/,7,3,7,9,26,Moderate Risk
Bandhan Short Duration Dir,debt,Debt,INF194K01U07,118407,Direct,6.34,7.89,6.62,Debt: Short Duration,5.81,7.6,6.88,,,1.31,1.4,7.64,7.73,7.64,AAA,2.99,25,https://www.valueresearchonline.com/funds/17074/,7,3,8,9,27,Moderate Risk
Bank of India Short Term Income Dir,debt,Debt,INF761K01736,119382,Direct,5.76,7.76,10.79,Debt: Short Duration,5.81,7.6,6.88,,,1.09,1.57,7.51,7.26,7.36,AAA,3.04,25,https://www.valueresearchonline.com/funds/16977/,6,3,7,9,25,Moderate Risk
Baroda BNP Paribas Short Duration Dir,debt,Debt,INF955L01BD5,119400,Direct,5.58,7.65,6.65,Debt: Short Duration,5.81,7.6,6.88,,,1.2,1.35,7.41,7.81,7.41,AAA,2.35,25,https://www.valueresearchonline.com/funds/15785/,7,3,8,9,27,Moderate Risk
Canara Robeco Short Duration Dir,debt,Debt,INF760K01DX5,118320,Direct,5.56,7.17,6.11,Debt: Short Duration,5.81,7.6,6.88,,,1.05,1.09,6.94,7.4,6.94,AAA,1.5,16,https://www.valueresearchonline.com/funds/15780/,6,3,9,9,27,Moderate Risk
DSP Short Term Dir,debt,Debt,INF740K01NJ5,119226,Direct,5.66,7.51,6.43,Debt: Short Duration,5.81,7.6,6.88,,,1.06,1.39,7.28,7.68,7.36,AAA,2.8,25,https://www.valueresearchonline.com/funds/16429/,7,3,8,9,27,Moderate Risk
Edelweiss CRISIL IBX 50:50 Gilt Plus SDL SD Index Dir,debt,Debt,INF754K01PF9,150671,Direct,5.48,7.44,,Debt: Short Duration,5.81,7.6,,,,1.06,1.35,7.22,6.69,7.36,GOI/Cash,2.61,13,https://www.valueresearchonline.com/funds/43109/,5,3,8,10,26,Moderate Risk
Franklin Ind ST Incm Seg Port 3 Direct,debt,Debt,INF090I01JF5,118557,Direct,,,,,,,,,,,,,,,,,0,https://www.valueresearchonline.com/funds/40847/,N/A,N/A,N/A,N/A,,Insufficient Data
Groww Short Term Dir,debt,Debt,INF666M01AC0,123704,Direct,5.77,7.57,6.28,Debt: Short Duration,5.81,7.6,6.88,,,1.21,1.27,7.34,6.92,7.36,AAA,4.29,15,https://www.valueresearchonline.com/funds/20851/,5,3,6,9,23,Moderate Risk
HDFC Short Term Debt Dir,debt,Debt,INF179K01YM7,119016,Direct,6.13,7.82,6.79,Debt: Short Duration,5.81,7.6,6.88,,,1.37,1.28,7.56,8.01,7.36,AAA,3.15,25,https://www.valueresearchonline.com/funds/16151/,8,3,7,9,27,Moderate Risk
HSBC Short Duration Dir,debt,Debt,INF917K01IQ4,151067,Direct,5.71,7.53,6.3,Debt: Short Duration,5.81,7.6,6.88,,,1.09,1.37,7.3,7.83,7.3,AAA,2.54,25,https://www.valueresearchonline.com/funds/16299/,7,3,8,9,27,Moderate Risk
ICICI Pru Short Term Dir,debt,Debt,INF109K013N3,120754,Direct,6.76,8.14,7.31,Debt: Short Duration,5.81,7.6,6.88,,,1.76,1.17,7.86,8.14,7.36,AAA,4.48,25,https://www.valueresearchonline.com/funds/15866/,8,3,6,9,26,Moderate Risk
Invesco India Short Duration Dir,debt,Debt,INF205K01UH8,120560,Direct,5.82,7.59,6.4,Debt: Short Duration,5.81,7.6,6.88,,,1.15,1.34,7.34,7.84,7.34,AAA,2.74,25,https://www.valueresearchonline.com/funds/16839/,7,3,8,9,27,Moderate Risk
JM Short Duration Dir,debt,Debt,INF192K01MP8,150545,Direct,5.54,7.3,,Debt: Short Duration,5.81,7.6,,,,1.02,1.24,7.07,7.56,7.07,AAA,1.98,19,https://www.valueresearchonline.com/funds/42463/,7,3,9,9,28,Low Risk
JioBlackRock Short Duration Dir,debt,Debt,INF22M001143,154079,Direct,,,,Debt: Short Duration,,,,,,,,,6.85,7.36,AAA,1.4,9,https://www.valueresearchonline.com/funds/45726/,5,3,9,9,26,Moderate Risk
Kotak Bond Short Term Dir,debt,Debt,INF174K01JI7,119739,Direct,5.68,7.7,6.66,Debt: Short Duration,5.81,7.6,6.88,,,1.23,1.34,7.45,7.94,7.36,AAA,2.95,25,https://www.valueresearchonline.com/funds/16339/,7,3,8,9,27,Moderate Risk
LIC MF Short Duration Dir,debt,Debt,INF767K01PW6,145954,Direct,5.94,7.74,6.53,Debt: Short Duration,5.81,7.6,6.88,,,1.14,1.48,7.49,7.66,7.49,AAA,2.61,16,https://www.valueresearchonline.com/funds/38779/,7,3,8,9,27,Moderate Risk
Mahindra Manulife Short Duration Dir,debt,Debt,INF174V01AM5,148729,Direct,6.57,8.02,6.83,Debt: Short Duration,5.81,7.6,6.88,,,1.52,1.28,7.75,7.92,7.75,AAA,3.09,23,https://www.valueresearchonline.com/funds/41315/,7,3,7,9,26,Moderate Risk
Mirae Asset Short Duration Dir,debt,Debt,INF769K01DX6,142641,Direct,5.71,7.64,6.6,Debt: Short Duration,5.81,7.6,6.88,,,1.13,1.42,7.41,7.89,7.41,AAA,5.15,25,https://www.valueresearchonline.com/funds/35431/,7,3,5,9,24,Moderate Risk
Nippon India Short Duration Dir,debt,Debt,INF204K01B32,118796,Direct,6.16,7.93,6.91,Debt: Short Duration,5.81,7.6,6.88,,,1.31,1.42,7.67,8.03,7.67,AAA,2.73,25,https://www.valueresearchonline.com/funds/16180/,8,3,8,9,28,Low Risk
SBI Short Term Debt Dir,debt,Debt,INF200K01VE4,119816,Direct,5.81,7.62,6.57,Debt: Short Duration,5.81,7.6,6.88,,,1.21,1.3,7.37,7.94,7.36,AAA,2.56,25,https://www.valueresearchonline.com/funds/16906/,7,3,8,9,27,Moderate Risk
Sundaram Short Duration Dir,debt,Debt,INF173K01GP0,149587,Direct,5.77,7.61,8.08,Debt: Short Duration,5.81,7.6,6.88,,,1.28,1.22,7.36,7.64,7.36,AAA,1.87,25,https://www.valueresearchonline.com/funds/16590/,7,3,9,9,28,Low Risk
TRUSTMF Short Duration Dir,debt,Debt,INF0GCD01370,149076,Direct,5.46,7.28,,Debt: Short Duration,5.81,7.6,,,,1.03,1.22,7.06,7.57,7.06,AAA,1.63,10,https://www.valueresearchonline.com/funds/41606/,7,3,9,9,28,Low Risk
Tata Short Term Bond Dir,debt,Debt,INF277K01QR4,119949,Direct,5.45,7.39,6.47,Debt: Short Duration,5.81,7.6,6.88,,,1.08,1.26,7.16,7.81,7.36,AAA,2.23,25,https://www.valueresearchonline.com/funds/16736/,7,3,8,9,27,Moderate Risk
UTI Short Duration Dir,debt,Debt,INF789F01XY0,120718,Direct,5.72,7.6,7.69,Debt: Short Duration,5.81,7.6,6.88,,,1.24,1.26,7.35,7.92,7.35,AAA,2.72,25,https://www.valueresearchonline.com/funds/17052/,7,3,8,9,27,Moderate Risk
Union Short Duration Dir,debt,Debt,INF582M01KO3,153242,Direct,5.55,,,Debt: Short Duration,5.81,,,,,,,,7.58,7.36,AAA,2.05,12,https://www.valueresearchonline.com/funds/44890/,7,3,8,9,27,Moderate Risk
Zerodha Nifty Short Duration G-Sec Index Dir,debt,Debt,INF0R8F01182,154109,Direct,,,,Debt: Short Duration,,,,,,,,,,7.36,GOI/Cash,,3,https://www.valueresearchonline.com/funds/45752/,N/A,3,N/A,10,13,Moderate Risk
ABSL CRISIL IBX 50:50 Gilt+SDL Apr 2028 Index Dir,debt,Debt,INF209KB14N1,150702,Direct,5.31,7.51,,Debt: Target Maturity,5.51,7.51,,,,1.01,1.45,7.28,6.78,1.59,GOI/Cash,7.28,24,https://www.valueresearchonline.com/funds/42601/,5,8,4,10,27,Moderate Risk
ABSL CRISIL IBX 60:40 SDL+ AAA PSU Apr 2026 Index Dir,debt,Debt,INF209KB10P4,150938,Direct,,,,,,,,,,,,,,,Cash,,0,https://www.valueresearchonline.com/funds/42832/,N/A,N/A,N/A,8,8,Low Risk
ABSL CRISIL IBX 60:40 SDL+AAA PSU-Apr 2027 Dir,debt,Debt,INF209KB19H2,150353,Direct,6.09,7.36,,Debt: Target Maturity,5.51,7.51,,,,1.81,0.73,7.12,6.88,0.62,AAA,7.28,25,https://www.valueresearchonline.com/funds/42264/,5,9,4,9,27,Moderate Risk
ABSL CRISIL IBX Gilt Apr 2028 Index Dir,debt,Debt,INF209KB11U2,151577,Direct,5.33,7.11,,Debt: Target Maturity,5.51,7.51,,,,0.97,1.15,6.92,6.26,1.45,GOI/Cash,7.28,3,https://www.valueresearchonline.com/funds/43266/,4,8,4,10,26,Moderate Risk
ABSL CRISIL IBX Gilt April 2033 Index Dir,debt,Debt,INF209KB19Y7,152267,Direct,4.99,,,Debt: Target Maturity,5.51,,,,,,,,7.08,5.13,GOI/Cash,7.28,1,https://www.valueresearchonline.com/funds/43983/,6,4,4,10,24,Moderate Risk
ABSL CRISIL IBX Gilt June 2027 Index Dir,debt,Debt,INF209KC1076,152659,Direct,5.53,,,Debt: Target Maturity,5.51,,,,,,,,6.12,0.96,GOI/Cash,7.28,1,https://www.valueresearchonline.com/funds/44343/,4,9,4,10,27,Moderate Risk
ABSL CRISIL IBX Gilt-Apr 2029 Index Dir,debt,Debt,INF209KB12O3,150778,Direct,5.35,7.75,,Debt: Target Maturity,5.51,7.51,,,,0.94,1.86,7.56,6.61,2.58,GOI/Cash,7.28,8,https://www.valueresearchonline.com/funds/42685/,5,7,4,10,26,Moderate Risk
ABSL CRISIL IBX Gilt-April 2026 Index Dir,debt,Debt,INF209KB10N9,150698,Direct,,,,,,,,,,,,,,,Cash,,0,https://www.valueresearchonline.com/funds/42597/,N/A,N/A,N/A,8,8,Low Risk
ABSL CRISIL IBX SDL Jun 2032 Index Dir,debt,Debt,INF209KB14S0,151427,Direct,4.53,7.63,,Debt: Target Maturity,5.51,7.51,,,,0.56,2.88,7.42,7.57,4.55,GOI/Cash,7.28,11,https://www.valueresearchonline.com/funds/43138/,7,5,4,10,26,Moderate Risk
ABSL CRISIL-IBX AAA Fin Srvices Index-Sep 2027 Dir,debt,Debt,INF209KC1290,153030,Direct,6.37,,,Debt: Target Maturity,5.51,,,,,,,,7.99,1.03,AAA,7.28,12,https://www.valueresearchonline.com/funds/44685/,7,8,4,9,28,Low Risk
ABSL CRISIL-IBX AAA NBFC-HFC Index-Sep 2026 Dir,debt,Debt,INF209KC1217,152947,Direct,6.83,,,Debt: Target Maturity,5.51,,,,,,,,7.31,0.12,AAA,7.28,9,https://www.valueresearchonline.com/funds/44616/,6,10,4,9,29,Low Risk
ABSL Nifty SDL Apr 2027 Dir,debt,Debt,INF209KB11F3,149794,Direct,5.91,7.33,,Debt: Target Maturity,5.51,7.51,,,,1.71,0.76,7.1,6.1,0.54,GOI/Cash,7.28,25,https://www.valueresearchonline.com/funds/42027/,4,9,4,10,27,Moderate Risk
ABSL Nifty SDL Sep 2027 Index Dir,debt,Debt,INF209KB16T3,151562,Direct,5.74,7.48,,Debt: Target Maturity,5.51,7.51,,,,1.38,1.06,7.26,6.69,1.15,GOI/Cash,7.28,10,https://www.valueresearchonline.com/funds/43270/,5,8,4,10,27,Moderate Risk
ABSL SDL + PSU Bond Sep 2026 60:40 Dir,debt,Debt,INF209KB18B7,149199,Direct,5.98,7.22,,Debt: Target Maturity,5.51,7.51,,,,2.15,0.56,7,6.44,0.19,AAA,7.28,25,https://www.valueresearchonline.com/funds/41726/,4,10,4,9,27,Moderate Risk
Axis CRISIL IBX 50:50 Gilt Plus SDL Jun 2028 Index Dir,debt,Debt,INF846K010N7,151300,Direct,5.35,7.53,,Debt: Target Maturity,5.51,7.51,,,,0.99,1.51,7.29,6.93,1.73,GOI/Cash,7.28,9,https://www.valueresearchonline.com/funds/43027/,5,8,4,10,27,Moderate Risk
Axis CRISIL IBX 50:50 Gilt Plus SDL September 2027 Index Dir,debt,Debt,INF846K012O1,151435,Direct,5.7,7.39,,Debt: Target Maturity,5.51,7.51,,,,1.38,0.99,7.18,6.42,1.02,GOI/Cash,7.28,8,https://www.valueresearchonline.com/funds/43146/,4,8,4,10,26,Moderate Risk
Axis CRISIL IBX SDL May 2027 Dir,debt,Debt,INF846K017G6,149873,Direct,6.16,7.53,,Debt: Target Maturity,5.51,7.51,,,,1.59,0.94,7.29,6.48,0.88,GOI/Cash,7.28,25,https://www.valueresearchonline.com/funds/42096/,4,9,4,10,27,Moderate Risk
Axis CRISIL-IBX AAA Bond Fin Srvices-Sep 2027 Index Dir,debt,Debt,INF846K015Y3,153051,Direct,6.14,,,Debt: Target Maturity,5.51,,,,,,,,7.84,1.05,AAA,7.28,13,https://www.valueresearchonline.com/funds/44720/,7,8,4,9,28,Low Risk
Axis CRISIL-IBX AAA Bond NBFC-HFC-Jun 2027 Index Dir,debt,Debt,INF846KA1028,153172,Direct,6.44,,,Debt: Target Maturity,5.51,,,,,,,,7.36,0.67,AAA,7.28,11,https://www.valueresearchonline.com/funds/44816/,6,9,4,9,28,Low Risk
Axis CRISIL-IBX AAA Bond NBFC-Jun 2027 Index Dir,debt,Debt,INF846K017X1,152887,Direct,6.6,,,Debt: Target Maturity,5.51,,,,,,,,7.97,0.9,AAA,7.28,21,https://www.valueresearchonline.com/funds/44562/,7,9,4,9,29,Low Risk
Axis Nifty AAA Bond + SDL Apr 2026 50:50 ETF,debt,Debt,INF846K011L9,150851,Direct,,,,,,,,,,,,,,,Cash,,0,https://www.valueresearchonline.com/funds/41480/,N/A,N/A,N/A,8,8,Low Risk
Axis Nifty AAA Bond + SDL Apr 2026 50:50 ETF FoF Dir,debt,Debt,INF846K018K6,150854,Direct,,,,,,,,,,,,,,,Cash,,0,https://www.valueresearchonline.com/funds/41766/,N/A,N/A,N/A,8,8,Low Risk
Axis Nifty SDL September 2026 Debt Index Dir,debt,Debt,INF846K018K6,150854,Direct,5.85,7.23,,Debt: Target Maturity,5.51,7.51,,,,1.78,0.68,7.01,5.86,0.25,GOI/Cash,7.28,9,https://www.valueresearchonline.com/funds/42739/,3,10,4,10,27,Moderate Risk
BHARAT Bond ETF FOF-April 2032 Dir*,debt,Debt,INF2F0001412,154131,Direct,5.23,7.67,,Debt: Target Maturity,5.51,7.51,,,,0.53,3.45,7.62,7.68,4.73,AAA,7.28,1,https://www.valueresearchonline.com/funds/41900/,7,5,4,9,25,Moderate Risk
BHARAT Bond ETF FOF-April 2033 Dir*,debt,Debt,INF2F0001412,154131,Direct,5.42,7.69,,Debt: Target Maturity,5.51,7.51,,,,0.5,3.21,7.4,7.63,5.26,AAA,7.28,1,https://www.valueresearchonline.com/funds/42896/,7,4,4,9,24,Moderate Risk
BHARAT Bond ETF-April 2030,debt,Debt,INF204KA13I6,135002,Direct,5.76,7.77,6.86,Debt: Target Maturity,5.32,7.32,6.52,,,0.85,2.06,7.57,7.65,3.13,AAA,7.12,25,https://www.valueresearchonline.com/funds/40483/,7,6,4,9,26,Moderate Risk
BHARAT Bond ETF-April 2031,debt,Debt,INF204KA13I6,135002,Direct,5.54,7.77,6.73,Debt: Target Maturity,5.32,7.32,6.52,,,0.73,2.43,7.58,7.66,4,AAA,7.12,25,https://www.valueresearchonline.com/funds/41060/,7,6,4,9,26,Moderate Risk
BHARAT Bond ETF-April 2032,debt,Debt,INF204KA13I6,135002,Direct,5.45,7.84,,Debt: Target Maturity,5.32,7.32,,,,0.7,2.58,7.62,7.69,4.74,AAA,7.12,25,https://www.valueresearchonline.com/funds/41897/,7,5,4,9,25,Moderate Risk
BHARAT Bond ETF-April 2033,debt,Debt,INF204KA13I6,135002,Direct,5.18,7.84,,Debt: Target Maturity,5.32,7.32,,,,0.67,2.7,7.62,7.66,5.31,AAA,7.12,24,https://www.valueresearchonline.com/funds/42893/,7,4,4,9,24,Moderate Risk
BHARAT Bond FOF-April 2030 Dir*,debt,Debt,INF044D01CN2,118868,Direct,6.05,7.66,6.84,Debt: Target Maturity,5.51,7.51,6.51,,,0.61,2.5,7.32,7.64,3.12,AAA,7.28,1,https://www.valueresearchonline.com/funds/40490/,7,6,4,9,26,Moderate Risk
BHARAT Bond FOF-April 2031 Dir*,debt,Debt,INF044D01CN2,118868,Direct,5.44,7.51,6.64,Debt: Target Maturity,5.51,7.51,6.51,,,0.51,2.85,7.24,7.65,3.99,AAA,7.28,1,https://www.valueresearchonline.com/funds/41067/,7,6,4,9,26,Moderate Risk
Bandhan CRISIL IBX 90:10 SDL+Gilt-April 2032 Index Dir,debt,Debt,INF194KB1EN2,150871,Direct,4.68,7.72,,Debt: Target Maturity,5.51,7.51,,,,0.59,2.88,7.51,5.91,0.34,GOI/Cash,7.28,25,https://www.valueresearchonline.com/funds/42791/,3,10,4,10,27,Moderate Risk
Bandhan CRISIL IBX 90:10 SDL+Gilt-November 2026 Index Dir,debt,Debt,INF194KB1ET9,150868,Direct,5.9,7.31,,Debt: Target Maturity,5.51,7.51,,,,1.85,0.69,7.08,7.58,,GOI/Cash,7.28,17,https://www.valueresearchonline.com/funds/42787/,7,N/A,4,10,21,Low Risk
Bandhan CRISIL IBX 90:10 SDL+Gilt-September 2027 Index Dir,debt,Debt,INF194KB1EZ6,150888,Direct,5.79,7.51,,Debt: Target Maturity,5.51,7.51,,,,1.36,1.08,7.28,6.79,1.12,GOI/Cash,7.28,12,https://www.valueresearchonline.com/funds/42820/,5,8,4,10,27,Moderate Risk
Bandhan CRISIL IBX Gilt April 2028 Index Dir,debt,Debt,INF194KB1EH4,150746,Direct,5.6,7.46,6.36,Debt: Target Maturity,5.51,7.51,6.51,,,1.25,1.16,7.26,6.21,1.39,GOI/Cash,7.28,4,https://www.valueresearchonline.com/funds/41372/,4,8,4,10,26,Moderate Risk
Bandhan CRISIL IBX Gilt June 2027 Index Dir,debt,Debt,INF194KB1BP3,148789,Direct,5.63,7.32,6.2,Debt: Target Maturity,5.51,7.51,6.51,,,1.42,0.93,7.12,6.12,0.93,GOI/Cash,7.28,4,https://www.valueresearchonline.com/funds/41376/,4,9,4,10,27,Moderate Risk
Bandhan CRISIL-IBX 10:90 Gilt + SDL Index-Dec 2029 Dir,debt,Debt,INF194KB1JL5,153389,Direct,4.62,,,Debt: Target Maturity,5.51,,,,,,,,6.73,3.08,GOI/Cash,7.28,1,https://www.valueresearchonline.com/funds/45034/,5,6,4,10,25,Moderate Risk
Bandhan Crisil IBX Gilt April 2026 Index Dir,debt,Debt,INF194KB1EH4,150746,Direct,,,,,,,,,,,,,,,CASH,,0,https://www.valueresearchonline.com/funds/42669/,N/A,N/A,N/A,8,8,Low Risk
Bandhan Crisil IBX Gilt April 2032 Index Dir,debt,Debt,INF194KB1FF5,151408,Direct,4.97,7.92,,Debt: Target Maturity,5.51,7.51,,,,0.69,2.76,7.71,6.96,4.59,GOI/Cash,7.28,2,https://www.valueresearchonline.com/funds/43150/,5,5,4,10,24,Moderate Risk
Baroda BNP Paribas NIFTY SDL December 2028 Index Dir,debt,Debt,INF251K01RR7,151574,Direct,4.82,7.54,,Debt: Target Maturity,5.51,7.51,,,,0.78,1.97,7.34,7.12,2.2,GOI/Cash,7.28,4,https://www.valueresearchonline.com/funds/43305/,6,7,4,10,27,Moderate Risk
Baroda BNP Paribas Nifty SDL December 2026 Index Dir,debt,Debt,INF251K01RL0,151283,Direct,5.82,7.33,,Debt: Target Maturity,5.51,7.51,,,,1.62,0.8,7.1,5.93,0.51,GOI/Cash,7.28,5,https://www.valueresearchonline.com/funds/43046/,3,9,4,10,26,Moderate Risk
DSP CRISIL-IBX 50:50 Gilt Plus SDL-April 2033 Index Dir,debt,Debt,INF740KA1SB7,151329,Direct,4.44,7.7,,Debt: Target Maturity,5.51,7.51,,,,0.6,2.76,7.45,7.38,4.99,GOI/Cash,7.28,11,https://www.valueresearchonline.com/funds/43070/,6,5,4,10,25,Moderate Risk
DSP Nifty SDL + G-Sec Jun 2028 30:70 Dir,debt,Debt,INF740KA1QV9,149970,Direct,5.52,7.52,,Debt: Target Maturity,5.51,7.51,,,,1.13,1.31,7.29,6.59,1.56,GOI/Cash,7.28,25,https://www.valueresearchonline.com/funds/42187/,5,8,4,10,27,Moderate Risk
DSP Nifty SDL Plus G-Sec Sep 2027 50:50 Index Dir,debt,Debt,INF740KA1SH4,151373,Direct,5.66,7.41,,Debt: Target Maturity,5.51,7.51,,,,1.37,1.02,7.2,6.53,1.1,GOI/Cash,7.28,10,https://www.valueresearchonline.com/funds/43113/,5,8,4,10,27,Moderate Risk
Edelweiss CRISIL IBX 50:50 Gilt Plus SDL April 2037 Dir,debt,Debt,INF754K01PF9,150671,Direct,3.66,7.58,,Debt: Target Maturity,5.51,7.51,,,,0.5,3.25,7.41,7.55,7.46,GOI/Cash,7.28,14,https://www.valueresearchonline.com/funds/42589/,7,3,4,10,24,Moderate Risk
Edelweiss CRISIL IBX 50:50 Gilt Plus SDL June 2027 Dir,debt,Debt,INF754K01PN3,150727,Direct,5.84,7.37,,Debt: Target Maturity,5.51,7.51,,,,1.53,0.89,7.16,6.25,0.9,GOI/Cash,7.28,7,https://www.valueresearchonline.com/funds/42637/,4,9,4,10,27,Moderate Risk
Edelweiss CRISIL IBX 50:50 Gilt Plus SDL Sep 2028 Index Dir,debt,Debt,INF754K01PV6,150807,Direct,5.28,7.57,,Debt: Target Maturity,5.51,7.51,,,,1,1.53,7.34,6.84,1.76,GOI/Cash,7.28,6,https://www.valueresearchonline.com/funds/42709/,5,8,4,10,27,Moderate Risk
Edelweiss CRISIL IBX AAA Fin Srvices Bond-Jan 2028 Index Dir,debt,Debt,INF754K01TP0,153115,Direct,6.35,,,Debt: Target Maturity,5.51,,,,,,,,7.93,1.32,AAA,7.28,14,https://www.valueresearchonline.com/funds/44748/,7,8,4,9,28,Low Risk
Edelweiss CRISIL-IBX AAA Bond NBFC-HFC-Jun 2027 Index Dir,debt,Debt,INF754K01UG7,153335,Direct,6.68,,,Debt: Target Maturity,5.51,,,,,,,,8.08,0.93,AAA,7.28,14,https://www.valueresearchonline.com/funds/44976/,8,9,4,9,30,Low Risk
Edelweiss NIFTY PSU Bond Plus SDL Apr 2026 50:50 Index Dir,debt,Debt,INF754K01MD1,148795,Direct,,,,,,,,,,,,,,,Cash,,0,https://www.valueresearchonline.com/funds/41380/,N/A,N/A,N/A,8,8,Low Risk
Edelweiss NIFTY PSU Bond Plus SDL Apr 2027 50:50 Index Dir,debt,Debt,INF754K01MT7,149247,Direct,6.01,7.4,,Debt: Target Maturity,5.51,7.51,,,,1.62,0.84,7.16,7.12,0.77,AAA,7.28,25,https://www.valueresearchonline.com/funds/41770/,6,9,4,9,28,Low Risk
HDFC NIFTY G-Sec Jun 2036 Index Dir,debt,Debt,INF179KC1FS6,151489,Direct,4.53,7.98,,Debt: Target Maturity,5.51,7.51,,,,0.6,3.31,7.79,7.14,7.14,GOI/Cash,7.28,2,https://www.valueresearchonline.com/funds/43251/,6,3,4,10,23,Moderate Risk
HDFC NIFTY SDL Plus G-Sec Jun 2027 40:60 Index Dir,debt,Debt,INF179KC1GA2,151570,Direct,5.83,7.38,,Debt: Target Maturity,5.51,7.51,,,,1.53,0.89,7.17,6.25,0.89,GOI/Cash,7.28,10,https://www.valueresearchonline.com/funds/43338/,4,9,4,10,27,Moderate Risk
HDFC Nifty G-Sec Apr 2029 Index Dir,debt,Debt,INF179KC1FQ0,151495,Direct,5.36,7.74,,Debt: Target Maturity,5.51,7.51,,,,0.94,1.85,7.55,6.63,2.61,GOI/Cash,7.28,2,https://www.valueresearchonline.com/funds/43249/,5,7,4,10,26,Moderate Risk
HDFC Nifty G-Sec July 2031 Index Dir,debt,Debt,INF179KC1EH2,150847,Direct,5.07,7.91,,Debt: Target Maturity,5.51,7.51,,,,0.68,2.74,7.66,6.97,4.26,GOI/Cash,7.28,6,https://www.valueresearchonline.com/funds/42764/,5,5,4,10,24,Moderate Risk
HDFC Nifty G-Sec Jun 2027 Index Dir,debt,Debt,INF179KC1EJ8,151181,Direct,5.64,7.33,,Debt: Target Maturity,5.51,7.51,,,,1.41,0.94,7.14,6.16,0.98,GOI/Cash,7.28,2,https://www.valueresearchonline.com/funds/42927/,4,9,4,10,27,Moderate Risk
HDFC Nifty G-Sec Sep 2032 Index Dir,debt,Debt,INF179KC1EL4,151183,Direct,4.99,7.92,,Debt: Target Maturity,5.51,7.51,,,,0.63,2.97,7.67,7.1,5,GOI/Cash,7.28,4,https://www.valueresearchonline.com/funds/42929/,6,5,4,10,25,Moderate Risk
HDFC Nifty G-sec Dec 2026 Index Dir,debt,Debt,INF179KC1EE9,150845,Direct,5.55,7.09,,Debt: Target Maturity,5.51,7.51,,,,1.51,0.72,6.88,5.77,0.42,GOI/Cash,7.28,4,https://www.valueresearchonline.com/funds/42762/,3,10,4,10,27,Moderate Risk
HDFC Nifty SDL Oct 2026 Index Dir,debt,Debt,INF179KC1FI7,151456,Direct,5.79,7.19,,Debt: Target Maturity,5.51,7.51,,,,1.81,0.65,6.97,5.71,0.22,GOI/Cash,7.28,25,https://www.valueresearchonline.com/funds/43194/,3,10,4,10,27,Moderate Risk
HSBC CRISIL IBX 50:50 Gilt+SDL Apr 2028 Dir,debt,Debt,INF336L01QH7,149966,Direct,5.41,7.49,,Debt: Target Maturity,5.51,7.51,,,,1.04,1.4,7.26,6.79,1.61,GOI/Cash,7.28,25,https://www.valueresearchonline.com/funds/42191/,5,8,4,10,27,Moderate Risk
HSBC CRISIL IBX Gilt June 2027 Index Dir,debt,Debt,INF336L01QT2,151479,Direct,5.66,7.34,,Debt: Target Maturity,5.51,7.51,,,,1.45,0.92,7.14,6.12,0.94,GOI/Cash,7.28,4,https://www.valueresearchonline.com/funds/43207/,4,9,4,10,27,Moderate Risk
ICICI Pru Nifty G-Sec Dec 2030 Index Dir,debt,Debt,INF109KC18K8,150733,Direct,5.28,7.83,,Debt: Target Maturity,5.51,7.51,,,,0.76,2.28,7.53,6.84,3.66,GOI/Cash,7.28,7,https://www.valueresearchonline.com/funds/42651/,5,6,4,10,25,Moderate Risk
ICICI Pru Nifty PSU Bond + SDL Sep 2027 40:60 Index Dir,debt,Debt,INF109KC1S88,149210,Direct,5.74,7.43,,Debt: Target Maturity,5.51,7.51,,,,1.34,1.05,7.2,7.24,1.12,AAA,7.28,25,https://www.valueresearchonline.com/funds/41730/,6,8,4,9,27,Moderate Risk
ICICI Pru Nifty SDL Dec 2028 Index Dir,debt,Debt,INF109KC14L5,150729,Direct,4.9,7.61,,Debt: Target Maturity,5.51,7.51,,,,0.82,1.95,7.4,7.38,2.21,GOI/Cash,7.28,25,https://www.valueresearchonline.com/funds/42647/,6,7,4,10,27,Moderate Risk
ICICI Pru Nifty SDL Sep 2026 Index Dir,debt,Debt,INF109KC13P8,151211,Direct,5.76,7.19,,Debt: Target Maturity,5.51,7.51,,,,1.93,0.6,6.97,5.76,0.23,GOI/Cash,7.28,19,https://www.valueresearchonline.com/funds/42954/,3,10,4,10,27,Moderate Risk
ICICI Pru Nifty SDL Sep 2027 Index Dir,debt,Debt,INF109KC14B6,149999,Direct,5.74,7.47,,Debt: Target Maturity,5.51,7.51,,,,1.3,1.1,7.24,6.86,1.13,GOI/Cash,7.28,25,https://www.valueresearchonline.com/funds/42229/,5,8,4,10,27,Moderate Risk
Invesco India Nifty G-sec Jul 2027 Index Dir,debt,Debt,INF205KA1775,151593,Direct,5.68,7.36,,Debt: Target Maturity,5.51,7.51,,,,1.46,0.93,7.16,6.14,0.95,GOI/Cash,7.28,3,https://www.valueresearchonline.com/funds/43345/,4,9,4,10,27,Moderate Risk
Invesco India Nifty G-sec Sep 2032 Index Dir,debt,Debt,INF205KA1817,151597,Direct,4.92,7.92,,Debt: Target Maturity,5.51,7.51,,,,0.67,2.81,7.7,7.01,4.7,GOI/Cash,7.28,3,https://www.valueresearchonline.com/funds/43349/,6,5,4,10,25,Moderate Risk
Kotak CRISIL IBX AAA Financial Services Index-Sep 2027 Dir,debt,Debt,INF174KA1TF1,152869,Direct,6.32,,,Debt: Target Maturity,5.51,,,,,,,,8.02,1.14,AAA,7.28,17,https://www.valueresearchonline.com/funds/44551/,8,8,4,9,29,Low Risk
Kotak CRISIL-IBX AAA Bond Fin Srvices Index-Dec 2026 Dir,debt,Debt,INF174KA1UX2,153313,Direct,6.45,,,Debt: Target Maturity,5.51,,,,,,,,7.87,0.4,AAA,7.28,17,https://www.valueresearchonline.com/funds/44942/,7,10,4,9,30,Low Risk
Kotak Nifty AAA Bond Financial Services Mar 2028 Index Dir,debt,Debt,INF174KA1WY6,153680,Direct,,,,Debt: Target Maturity,,,,,,,,,7.97,1.47,AAA,7.28,12,https://www.valueresearchonline.com/funds/45291/,7,8,4,9,28,Low Risk
Kotak Nifty G-Sec July 2033 Index Dir,debt,Debt,INF174KA1PJ1,152098,Direct,4.88,,,Debt: Target Maturity,5.51,,,,,,,,7.08,5.09,GOI/Cash,7.28,2,https://www.valueresearchonline.com/funds/43810/,6,4,4,10,24,Moderate Risk
Kotak Nifty SDL Apr 2027 Top 12 Equal Weight Dir,debt,Debt,INF174KA1IL2,149855,Direct,6.15,7.46,,Debt: Target Maturity,5.51,7.51,,,,1.67,0.85,7.23,6.35,0.74,GOI/Cash,7.28,25,https://www.valueresearchonline.com/funds/42084/,4,9,4,10,27,Moderate Risk
Kotak Nifty SDL Apr 2032 Top 12 Equal Weight Dir,debt,Debt,INF174KA1IR9,149865,Direct,4.47,7.59,,Debt: Target Maturity,5.51,7.51,,,,0.54,2.94,7.38,7.7,4.56,GOI/Cash,7.28,25,https://www.valueresearchonline.com/funds/42088/,7,5,4,10,26,Moderate Risk
Kotak Nifty SDL Jul 2026 Index Dir,debt,Debt,INF174KA1LC5,151218,Direct,5.72,7.11,,Debt: Target Maturity,5.51,7.51,,,,1.88,0.58,6.89,5.61,0.11,GOI/Cash,7.28,6,https://www.valueresearchonline.com/funds/42958/,3,10,4,10,27,Moderate Risk
Kotak Nifty SDL Jul 2033 Index Dir,debt,Debt,INF174KA1MJ8,151420,Direct,3.82,7.4,,Debt: Target Maturity,5.51,7.51,,,,0.47,2.85,7.14,7.73,5.12,GOI/Cash,7.28,12,https://www.valueresearchonline.com/funds/43166/,7,4,4,10,25,Moderate Risk
Kotak Nifty SDL Plus AAA PSU Bond Jul 2028 60:40 Index Dir,debt,Debt,INF174KA1JT3,150725,Direct,5.43,7.51,,Debt: Target Maturity,5.51,7.51,,,,1.01,1.46,7.28,7.45,1.72,AAA,7.28,25,https://www.valueresearchonline.com/funds/42643/,6,8,4,9,27,Moderate Risk
Mirae Asset CRISIL IBX Gilt Index-April 2033 Index Dir,debt,Debt,INF769K01IX5,150792,Direct,4.71,7.78,,Debt: Target Maturity,5.51,7.51,,,,0.62,2.8,7.55,7.06,5.2,GOI/Cash,7.28,6,https://www.valueresearchonline.com/funds/42697/,6,4,4,10,24,Moderate Risk
Mirae Asset Nifty AAA PSU Bond Plus SDL Apr 2026 50:50 Index Dir,debt,Debt,INF769K01IH8,150358,Direct,,,,,,,,,,,,,,,Cash,,0,https://www.valueresearchonline.com/funds/42701/,N/A,N/A,N/A,8,8,Low Risk
Mirae Asset Nifty SDL Jun 2027 Index Dir,debt,Debt,INF769K01IH8,150358,Direct,6.11,7.51,,Debt: Target Maturity,5.51,7.51,,,,1.55,0.95,7.28,6.56,0.94,GOI/Cash,7.28,25,https://www.valueresearchonline.com/funds/42238/,5,9,4,10,28,Low Risk
Mirae Asset Nifty SDL June 2028 Index Dir,debt,Debt,INF769K01JZ8,151691,Direct,5.28,7.64,,Debt: Target Maturity,5.51,7.51,,,,0.95,1.67,7.39,7.26,1.82,GOI/Cash,7.28,16,https://www.valueresearchonline.com/funds/43395/,6,8,4,10,28,Low Risk
Nippon India CRISIL IBX AAA Fin Srvices-Dec 2026 Index Dir,debt,Debt,INF204KC1DM3,152992,Direct,6.67,,,Debt: Target Maturity,5.51,,,,,,,,7.92,0.37,AAA,7.28,18,https://www.valueresearchonline.com/funds/44654/,7,10,4,9,30,Low Risk
Nippon India CRISIL IBX AAA Fin Srvices-Jan 2028 Index Dir,debt,Debt,INF204KC1DS0,152996,Direct,6.24,,,Debt: Target Maturity,5.51,,,,,,,,7.98,1.39,AAA,7.28,16,https://www.valueresearchonline.com/funds/44658/,7,8,4,9,28,Low Risk
Nippon India ETF Nifty SDL Apr 2026 Top 20 Equal Wght,debt,Debt,INF204KC1CX2,152840,Direct,,,,,,,,,,,,,,,CASH,,0,https://www.valueresearchonline.com/funds/41392/,N/A,N/A,N/A,8,8,Low Risk
Nippon India Nifty AAA CPSE Bond + SDL-Apr 2027 Mtrty 60:40 Dir,debt,Debt,INF204KC1527,150012,Direct,6.16,7.39,,Debt: Target Maturity,5.51,7.51,,,,1.84,0.73,7.15,7.16,0.61,AAA,7.28,25,https://www.valueresearchonline.com/funds/42221/,6,9,4,9,28,Low Risk
Nippon India Nifty AAA PSU Bond+SDL-Sep 2026 Mtrty 50:50 Index Dir,debt,Debt,INF204KC1683,150754,Direct,6.03,7.21,,Debt: Target Maturity,5.51,7.51,,,,2.22,0.53,6.99,6.53,0.18,AAA,7.28,25,https://www.valueresearchonline.com/funds/42663/,5,10,4,9,28,Low Risk
Nippon India Nifty G-Sec Jun 2036 Mtrty Index Dir,debt,Debt,INF204KC1AC0,150920,Direct,4.44,7.98,,Debt: Target Maturity,5.51,7.51,,,,0.6,3.29,7.79,7.13,7.09,GOI/Cash,7.28,4,https://www.valueresearchonline.com/funds/42828/,6,3,4,10,23,Moderate Risk
Nippon India Nifty G-Sec Oct 2028 Mtrty Index Dir,debt,Debt,INF204KC1AO5,151440,Direct,5.59,7.58,,Debt: Target Maturity,5.51,7.51,,,,0.99,1.54,7.33,6.44,2.02,GOI/Cash,7.28,4,https://www.valueresearchonline.com/funds/43175/,4,7,4,10,25,Moderate Risk
Nippon India Nifty G-Sec Sep 2027 Mtrty Index Dir,debt,Debt,INF204KC1881,150906,Direct,5.62,7.34,,Debt: Target Maturity,5.51,7.51,,,,1.4,0.96,7.14,6.17,1.03,GOI/Cash,7.28,3,https://www.valueresearchonline.com/funds/42816/,4,8,4,10,26,Moderate Risk
Nippon India Nifty SDL Plus G-Sec-Jun 2028 Mtrty 70:30 Index Dir,debt,Debt,INF204KC1741,150824,Direct,5.4,7.55,,Debt: Target Maturity,5.51,7.51,,,,1.04,1.45,7.31,6.98,1.61,GOI/Cash,7.28,25,https://www.valueresearchonline.com/funds/42735/,5,8,4,10,27,Moderate Risk
Nippon India Nifty SDL Plus G-Sec-Jun 2029 Mtrty 70:30 Index Dir,debt,Debt,INF204KC1AI7,151390,Direct,5.19,7.65,,Debt: Target Maturity,5.51,7.51,,,,0.89,1.86,7.45,7.19,2.51,GOI/Cash,7.28,25,https://www.valueresearchonline.com/funds/43171/,6,7,4,10,27,Moderate Risk
PGIM India CRISIL IBX Gilt Index-Apr 2028 Dir,debt,Debt,INF663L01X21,151407,Direct,5.29,7.24,,Debt: Target Maturity,5.51,7.51,,,,1.08,1.16,7.06,6.24,1.39,GOI/Cash,7.28,3,https://www.valueresearchonline.com/funds/43158/,4,8,4,10,26,Moderate Risk
SBI CPSE Bond + SDL Sep 2026 50:50 Dir,debt,Debt,INF200KA13D5,149474,Direct,5.99,7.21,,Debt: Target Maturity,5.51,7.51,,,,2.15,0.55,6.98,6.6,0.18,AAA,7.28,25,https://www.valueresearchonline.com/funds/41950/,5,10,4,9,28,Low Risk
SBI CRISIL IBX Gilt Index-April 2029 Dir,debt,Debt,INF200KA18Q6,150706,Direct,5.33,7.72,,Debt: Target Maturity,5.51,7.51,,,,0.92,1.89,7.53,6.6,2.58,GOI/Cash,7.28,1,https://www.valueresearchonline.com/funds/42613/,5,7,4,10,26,Moderate Risk
SBI CRISIL IBX Gilt Index-June 2036 Dir,debt,Debt,INF200KA12Q9,150681,Direct,4.47,7.89,,Debt: Target Maturity,5.51,7.51,,,,0.57,3.31,7.7,7.15,7.19,GOI/Cash,7.28,1,https://www.valueresearchonline.com/funds/42593/,6,3,4,10,23,Moderate Risk
SBI CRISIL IBX SDL Index-September 2027 Dir,debt,Debt,INF200KA14R3,150711,Direct,5.72,7.44,,Debt: Target Maturity,5.51,7.51,,,,1.28,1.1,7.21,6.85,1.14,GOI/Cash,7.28,19,https://www.valueresearchonline.com/funds/42617/,5,8,4,10,27,Moderate Risk
Tata Nifty G-Sec Dec 2026 Index Dir,debt,Debt,INF277KA1794,151301,Direct,5.59,7.16,,Debt: Target Maturity,5.51,7.51,,,,1.64,0.7,6.95,5.79,0.45,GOI/Cash,7.28,2,https://www.valueresearchonline.com/funds/43058/,3,10,4,10,27,Moderate Risk
Tata Nifty G-Sec Dec 2029 Index Dir,debt,Debt,INF277KA1737,151273,Direct,5.27,7.76,,Debt: Target Maturity,5.51,7.51,,,,0.9,1.96,7.56,6.69,2.83,GOI/Cash,7.28,2,https://www.valueresearchonline.com/funds/43011/,5,7,4,10,26,Moderate Risk
Tata Nifty SDL+AAA PSU Bond Dec 27 60:40 Dir,debt,Debt,INF277KA1372,150326,Direct,5.51,7.41,,Debt: Target Maturity,5.51,7.51,,,,1.21,1.15,7.19,7.26,1.36,AAA,7.28,25,https://www.valueresearchonline.com/funds/42260/,6,8,4,9,27,Moderate Risk
UTI CRISIL SDL Maturity April 2033 Index Dir,debt,Debt,INF789F1AWX3,151185,Direct,3.84,7.46,,Debt: Target Maturity,5.51,7.51,,,,0.49,2.87,7.2,7.5,4.82,GOI/Cash,7.2,25,https://www.valueresearchonline.com/funds/42945/,7,5,4,10,26,Moderate Risk
UTI CRISIL SDL Maturity June 2027 Index Dir,debt,Debt,INF789F1AWZ8,151239,Direct,6.13,7.5,,Debt: Target Maturity,5.51,7.51,,,,1.62,0.9,7.26,6.28,0.93,GOI/Cash,7.26,15,https://www.valueresearchonline.com/funds/42991/,4,9,4,10,27,Moderate Risk
UTI Nifty SDL Plus AAA PSU Bond Apr 2026 75:25 Index Dir,debt,Debt,INF789F1AXL6,151364,Direct,,,,,,,,,,,,,,,Cash,,0,https://www.valueresearchonline.com/funds/43131/,N/A,N/A,N/A,8,8,Low Risk
UTI Nifty SDL Plus AAA PSU Bond Apr 2028 75:25 Index Dir,debt,Debt,INF789F1AXR3,151487,Direct,5.42,7.53,,Debt: Target Maturity,5.51,7.51,,,,1,1.49,7.29,7.13,1.78,AAA,7.28,16,https://www.valueresearchonline.com/funds/43246/,6,8,4,9,27,Moderate Risk
ABSL CRISIL-IBX Fin Srvices 3 to 6 Months Debt Index Dir,debt,Debt,INF209KC1456,153179,Direct,6.89,,,Debt: Ultra Short Duration,6.61,,,,,,,,7.61,7.04,AAA,0.21,25,https://www.valueresearchonline.com/funds/44829/,7,3,10,9,29,Low Risk
ABSL Savings Dir,debt,Debt,INF209K01UR9,119501,Direct,6.65,7.55,6.68,Debt: Ultra Short Duration,6.61,7.28,6.49,,,2.97,0.5,7.29,7.98,7.04,AAA,0.57,25,https://www.valueresearchonline.com/funds/15922/,7,3,10,9,29,Low Risk
Axis CRISIL-IBX Fin Srvices 3-6 Months Debt Index Dir,debt,Debt,INF846KA1226,153879,Direct,,,,Debt: Ultra Short Duration,,,,,,,,,7.26,7.04,AAA,0.21,15,https://www.valueresearchonline.com/funds/45519/,6,3,10,9,28,Low Risk
Axis Ultra Short Duration Dir,debt,Debt,INF846K01F40,144754,Direct,6.72,7.48,6.66,Debt: Ultra Short Duration,6.61,7.28,6.49,,,3.44,0.41,7.23,7.68,7.23,AAA,0.49,25,https://www.valueresearchonline.com/funds/37533/,7,3,10,9,29,Low Risk
Bandhan CRISIL-IBX Financial Services 3-6 Months Debt Index Dir,debt,Debt,INF194KB1JR2,153407,Direct,6.83,,,Debt: Ultra Short Duration,6.61,,,,,,,,7.46,7.04,AAA,0.23,14,https://www.valueresearchonline.com/funds/45045/,6,3,10,9,28,Low Risk
Bandhan Ultra Short Duration Dir,debt,Debt,INF194KA16R3,144173,Direct,6.49,7.22,6.34,Debt: Ultra Short Duration,6.61,7.28,6.49,,,2.88,0.41,6.98,7.51,6.98,AAA,0.52,25,https://www.valueresearchonline.com/funds/36956/,7,3,10,9,29,Low Risk
Bank of India Ultra Short Duration Dir,debt,Debt,INF761K01892,119379,Direct,6.44,6.93,6.12,Debt: Ultra Short Duration,6.61,7.28,6.49,,,2.28,0.4,6.71,7.29,6.71,AAA,0.38,17,https://www.valueresearchonline.com/funds/16978/,6,3,10,9,28,Low Risk
Baroda BNP Paribas Ultra Short Duration Dir,debt,Debt,INF955L01HA8,143508,Direct,6.5,7.3,6.54,Debt: Ultra Short Duration,6.61,7.28,6.49,,,2.97,0.42,7.06,7.33,7.06,AAA,0.42,25,https://www.valueresearchonline.com/funds/36295/,6,3,10,9,28,Low Risk
Canara Robeco Ultra Short Term Dir,debt,Debt,INF760K01GM1,118317,Direct,6.45,7.09,6.18,Debt: Ultra Short Duration,6.61,7.28,6.49,,,2.48,0.43,6.86,7.32,7.04,AAA,0.41,23,https://www.valueresearchonline.com/funds/16684/,6,3,10,9,28,Low Risk
DSP Ultra Short Dir,debt,Debt,INF740K01ON5,119205,Direct,6.64,7.46,6.54,Debt: Ultra Short Duration,6.61,7.28,6.49,,,2.92,0.48,7.21,7.72,7.04,AAA,0.65,25,https://www.valueresearchonline.com/funds/16415/,7,3,10,9,29,Low Risk
Franklin India Ultra Short Duration Dir,debt,Debt,INF090I01XL4,152825,Direct,6.59,,,Debt: Ultra Short Duration,6.61,,,,,,,,7.53,7.04,AAA,0.56,18,https://www.valueresearchonline.com/funds/44497/,7,3,10,9,29,Low Risk
HDFC CRISIL-IBX Fin Srvices 3-6 Months Debt Index Dir,debt,Debt,INF179KC1JK5,153517,Direct,7.11,,,Debt: Ultra Short Duration,6.61,,,,,,,,7.63,7.04,AAA,0.22,25,https://www.valueresearchonline.com/funds/45140/,7,3,10,9,29,Low Risk
HDFC Ultra Short Term Dir,debt,Debt,INF179KB15Q6,145034,Direct,6.4,7.28,6.46,Debt: Ultra Short Duration,6.61,7.28,6.49,,,2.56,0.48,7.04,7.61,7.04,AAA,0.75,25,https://www.valueresearchonline.com/funds/37806/,7,3,10,9,29,Low Risk
HSBC Ultra Short Duration Dir,debt,Debt,INF336L01OR1,147908,Direct,6.48,7.27,6.42,Debt: Ultra Short Duration,6.61,7.28,6.49,,,2.85,0.43,7.04,7.41,7.04,AAA,0.49,25,https://www.valueresearchonline.com/funds/40543/,6,3,10,9,28,Low Risk
ICICI Pru CRISIL-IBX Financial Services 3-6 Months Debt Index Dir,debt,Debt,INF109K1A062,153411,Direct,6.91,,,Debt: Ultra Short Duration,6.61,,,,,,,,7.6,7.04,AAA,0.2,22,https://www.valueresearchonline.com/funds/45048/,7,3,10,9,29,Low Risk
ICICI Pru Ultra Short Term Dir,debt,Debt,INF109K01T04,120676,Direct,6.72,7.47,6.69,Debt: Ultra Short Duration,6.61,7.28,6.49,,,3.21,0.44,7.22,7.79,7.04,AAA,0.53,25,https://www.valueresearchonline.com/funds/17404/,7,3,10,9,29,Low Risk
ITI Ultra Short Duration Dir,debt,Debt,INF00XX01AE2,148913,Direct,6.43,7.14,6.28,Debt: Ultra Short Duration,6.61,7.28,6.49,,,3.12,0.35,6.91,6.83,6.91,AAA,0.3,19,https://www.valueresearchonline.com/funds/41474/,5,3,10,9,27,Moderate Risk
Invesco India Ultra Short Duration Dir,debt,Debt,INF205K01TH0,120541,Direct,6.69,7.39,6.51,Debt: Ultra Short Duration,6.61,7.28,6.49,,,3.16,0.43,7.15,7.53,7.15,AAA,0.43,25,https://www.valueresearchonline.com/funds/16797/,7,3,10,9,29,Low Risk
Kotak CRISIL-IBX Fin Srvices 3-6 Months Debt Index Dir,debt,Debt,INF174KA1VK7,153372,Direct,6.76,,,Debt: Ultra Short Duration,6.61,,,,,,,,7.36,7.04,AAA,0.21,18,https://www.valueresearchonline.com/funds/44996/,6,3,10,9,28,Low Risk
Kotak Savings Dir,debt,Debt,INF174K01JP2,119750,Direct,6.51,7.29,6.47,Debt: Ultra Short Duration,6.61,7.28,6.49,,,2.61,0.48,7.05,7.9,7.04,AAA,0.51,25,https://www.valueresearchonline.com/funds/16346/,7,3,10,9,29,Low Risk
LIC MF Ultra Short Duration Direct,debt,Debt,INF767K01QU8,147772,Direct,6.64,7.2,6.38,Debt: Ultra Short Duration,6.61,7.28,6.49,,,2.65,0.44,6.96,7.66,6.96,AAA,0.46,23,https://www.valueresearchonline.com/funds/40411/,7,3,10,9,29,Low Risk
Mahindra Manulife Ultra Short Duration Dir,debt,Debt,INF174V01887,147731,Direct,6.58,7.35,6.49,Debt: Ultra Short Duration,6.61,7.28,6.49,,,3.19,0.41,7.11,7.7,7.11,AAA,0.49,25,https://www.valueresearchonline.com/funds/40343/,7,3,10,9,29,Low Risk
Mirae Asset Ultra Short Duration Dir,debt,Debt,INF769K01GK6,148529,Direct,6.76,7.5,6.59,Debt: Ultra Short Duration,6.61,7.28,6.49,,,3.13,0.46,7.24,7.64,7.24,AAA,0.6,25,https://www.valueresearchonline.com/funds/41139/,7,3,10,9,29,Low Risk
Motilal Oswal Ultra Short Term Dir,debt,Debt,INF247L01247,124234,Direct,6.23,6.52,5.68,Debt: Ultra Short Duration,6.61,7.28,6.49,,,1.65,0.32,6.33,6.74,7.04,AAA,0.35,14,https://www.valueresearchonline.com/funds/21385/,5,3,10,9,27,Moderate Risk
Nippon India CRISIL-IBX Financial Services 3-6 Months Debt Index Dir,debt,Debt,INF204KC1GX3,154271,Direct,,,,Debt: Ultra Short Duration,,,,,,,,,7.28,7.04,AAA,0.2,23,https://www.valueresearchonline.com/funds/45885/,6,3,10,9,28,Low Risk
Nippon India Ultra Short Duration Dir,debt,Debt,INF204K01YH3,143494,Direct,6.99,7.64,7.43,Debt: Ultra Short Duration,6.61,7.28,6.49,,,3.89,0.4,7.37,7.83,7.37,AAA,0.59,25,https://www.valueresearchonline.com/funds/16091/,7,3,10,9,29,Low Risk
Nippon India Ultra Short Duration Seg Port 1 Direct,debt,Debt,INF204KB10H2,147675,Direct,,,,,,,,,,,,,10.75,,BBB,0.07,1,https://www.valueresearchonline.com/funds/40332/,10,N/A,10,3,23,Low Risk
PGIM India Ultra Short Duration Dir,debt,Debt,INF223J01QO7,138358,Direct,6.26,7.13,6.37,Debt: Ultra Short Duration,6.61,7.28,6.49,,,2.63,0.42,6.9,7.13,6.9,AAA,0.33,19,https://www.valueresearchonline.com/funds/16397/,6,3,10,9,28,Low Risk
SBI Ultra Short Duration Dir,debt,Debt,INF200K01TF5,119828,Direct,6.45,7.23,6.36,Debt: Ultra Short Duration,6.61,7.28,6.49,,,2.83,0.42,6.99,7.77,6.99,AAA,0.71,25,https://www.valueresearchonline.com/funds/16890/,7,3,10,9,29,Low Risk
Sundaram Ultra Short Duration Dir,debt,Debt,INF173K01HI3,149539,Direct,6.48,7.32,6.5,Debt: Ultra Short Duration,6.61,7.28,6.49,,,3.05,0.42,7.08,7.45,7.08,AAA,0.44,25,https://www.valueresearchonline.com/funds/16635/,6,3,10,9,28,Low Risk
Tata Ultra Short Term Dir,debt,Debt,INF277K011T0,146075,Direct,6.95,7.54,6.66,Debt: Ultra Short Duration,6.61,7.28,6.49,,,3.63,0.41,7.28,7.91,7.04,AAA,0.57,25,https://www.valueresearchonline.com/funds/38830/,7,3,10,9,29,Low Risk
UTI Ultra Short Duration Dir,debt,Debt,INF789F01TI1,120746,Direct,6.59,7.37,7.08,Debt: Ultra Short Duration,6.61,7.28,6.49,,,3.26,0.41,7.13,7.61,7.13,AAA,0.46,25,https://www.valueresearchonline.com/funds/15737/,7,3,10,9,29,Low Risk
WhiteOak Capital Ultra Short Duration Dir,debt,Debt,INF03VN01209,147311,Direct,6.25,7.04,6.32,Debt: Ultra Short Duration,6.61,7.28,6.49,,,2.44,0.42,6.82,7.51,6.82,AAA,0.45,21,https://www.valueresearchonline.com/funds/39938/,7,3,10,9,29,Low Risk
ABSL Banking & PSU Debt Reg,debt,Debt,INF209K01LV0,108273,Regular,5.04,7.02,6.11,Debt: Banking and PSU,5.19,7,6.04,,,0.65,1.55,6.82,7.73,2.73,AAA,3.8,25,https://www.valueresearchonline.com/funds/7701/,7,7,7,9,30,Low Risk
ABSL Banking & PSU Debt Ret,debt,Debt,INF209K01LV0,108273,Regular,,,,,,,,,,,,,7.73,2.73,AAA,3.8,0,https://www.valueresearchonline.com/funds/1302/,7,7,7,9,30,Low Risk
Axis Banking & PSU Debt Reg,debt,Debt,INF846K01CB0,117446,Regular,5.4,7,6.01,Debt: Banking and PSU,5.19,7,6.04,,,0.75,1.33,6.8,7.68,2.19,AAA,2.73,25,https://www.valueresearchonline.com/funds/14890/,7,7,8,9,31,Low Risk
Bajaj Finserv Banking and PSU Reg,debt,Debt,INF0QA701557,152165,Regular,4.74,,,Debt: Banking and PSU,5.19,,,,,,,,7.76,2.55,AAA,2.93,20,https://www.valueresearchonline.com/funds/43848/,7,7,8,9,31,Low Risk
Bandhan Banking and PSU Reg,debt,Debt,INF194K01SN6,121280,Regular,5.71,7.06,6.08,Debt: Banking and PSU,5.19,7,6.04,,,0.83,1.27,6.86,7.57,2.32,AAA,2.53,25,https://www.valueresearchonline.com/funds/18446/,7,7,8,9,31,Low Risk
Canara Robeco Banking and PSU Debt Reg,debt,Debt,INF760K01KF7,150503,Regular,5.01,6.59,,Debt: Banking and PSU,5.19,7,,,,0.45,1.39,6.43,7.48,2.7,AAA,3.18,18,https://www.valueresearchonline.com/funds/42430/,6,7,7,9,29,Low Risk
DSP Banking & PSU Debt Reg,debt,Debt,INF740K01ZP6,124172,Regular,4.88,7.03,6,Debt: Banking and PSU,5.19,7,6.04,,,0.5,2.08,6.84,7.78,4.18,AAA,7.04,25,https://www.valueresearchonline.com/funds/21198/,7,5,4,9,25,Moderate Risk
Edelweiss Banking and PSU Debt Reg,debt,Debt,INF843K01FK1,140283,Regular,4.45,6.78,5.98,Debt: Banking and PSU,5.19,7,6.04,,,0.49,1.62,6.59,7.57,1.38,AAA,1.46,25,https://www.valueresearchonline.com/funds/21014/,7,8,9,9,33,Low Risk
Franklin India Banking & PSU Debt Reg,debt,Debt,INF090I01KO5,129006,Regular,5.98,7.27,6.16,Debt: Banking and PSU,5.19,7,6.04,,,1.15,1.05,7.01,7.5,1.28,AAA,2.62,25,https://www.valueresearchonline.com/funds/26027/,7,8,8,9,32,Low Risk
HDFC Banking and PSU Debt Reg,debt,Debt,INF179KA1JC4,128628,Regular,5.26,7.09,6.06,Debt: Banking and PSU,5.19,7,6.04,,,0.66,1.65,6.89,7.78,3.21,AAA,4.09,25,https://www.valueresearchonline.com/funds/25437/,7,6,6,9,28,Low Risk
HSBC Banking & PSU Debt Reg,debt,Debt,INF677K01AE7,151104,Regular,5.32,6.86,5.49,Debt: Banking and PSU,5.19,7,6.04,,,0.62,1.42,6.67,7.69,2.49,AAA,2.86,25,https://www.valueresearchonline.com/funds/5860/,7,7,8,9,31,Low Risk
ICICI Pru Banking & PSU Debt,debt,Debt,INF109K01RT3,112342,Regular,5.83,7.33,6.5,Debt: Banking and PSU,5.19,7,6.04,,,0.95,1.37,7.11,7.9,3.38,AAA,5.83,25,https://www.valueresearchonline.com/funds/10832/,7,6,5,9,27,Moderate Risk
ITI Banking & PSU Debt Reg,debt,Debt,INF00XX01838,148535,Regular,4.74,6.66,5.91,Debt: Banking and PSU,5.19,7,6.04,,,0.66,1.03,6.48,7.11,0.75,AAA,0.78,13,https://www.valueresearchonline.com/funds/41133/,6,9,10,9,34,Low Risk
Invesco India Banking and PSU Reg,debt,Debt,INF205K01JV2,118232,Regular,5.06,7.06,5.52,Debt: Banking and PSU,5.19,7,6.04,,,0.63,1.72,6.88,7.46,3.08,AAA,3.98,16,https://www.valueresearchonline.com/funds/15453/,6,6,7,9,28,Low Risk
Kotak Banking & PSU Debt Reg,debt,Debt,INF174K01FO3,123690,Regular,5.63,7.29,6.3,Debt: Banking and PSU,5.19,7,6.04,,,0.8,1.58,7.08,7.77,3.01,AAA,3.55,25,https://www.valueresearchonline.com/funds/575/,7,6,7,9,29,Low Risk
LIC MF Banking & PSU Reg,debt,Debt,INF767K01535,105823,Regular,5.13,7,5.84,Debt: Banking and PSU,5.19,7,6.04,,,0.64,1.57,6.8,7.58,2.28,AAA,3.26,25,https://www.valueresearchonline.com/funds/5184/,7,7,7,9,30,Low Risk
Mirae Asset Banking and PSU Reg,debt,Debt,INF769K01FV5,148416,Regular,4.54,6.66,5.65,Debt: Banking and PSU,5.19,7,6.04,,,0.44,1.57,6.49,7.41,2.7,AAA,3.71,25,https://www.valueresearchonline.com/funds/41028/,6,7,7,9,29,Low Risk
Nippon India Banking and PSU Reg,debt,Debt,INF204KA1T56,134545,Regular,5.11,7.03,6.06,Debt: Banking and PSU,5.19,7,6.04,,,0.6,1.72,6.84,7.76,2.96,AAA,3.47,25,https://www.valueresearchonline.com/funds/30187/,7,7,7,9,30,Low Risk
SBI Banking and PSU Reg,debt,Debt,INF200K01U41,125498,Regular,5.02,6.92,5.79,Debt: Banking and PSU,5.19,7,6.04,,,0.62,1.49,6.72,7.73,2.17,AAA,3.86,25,https://www.valueresearchonline.com/funds/10704/,7,7,7,9,30,Low Risk
Sundaram Banking & PSU Reg,debt,Debt,INF903J016H9,134356,Regular,5.24,7.15,5.88,Debt: Banking and PSU,5.19,7,6.04,,,0.84,1.36,6.94,7.47,2.11,AAA,2.46,25,https://www.valueresearchonline.com/funds/2569/,6,7,8,9,30,Low Risk
UTI Banking & PSU Reg,debt,Debt,INF789F014Z9,126939,Regular,5.67,7.1,7.4,Debt: Banking and PSU,5.19,7,6.04,,,1.1,0.98,6.88,7.69,0.82,AAA,0.84,25,https://www.valueresearchonline.com/funds/23932/,7,9,10,9,35,Very Low Risk
ABSL Corporate Bond Reg,debt,Debt,INF209K01785,103178,Regular,5.2,7.38,6.45,Debt: Corporate Bond,5.22,7.15,6.08,,,0.75,1.83,7.17,7.72,4.16,AAA,6.58,25,https://www.valueresearchonline.com/funds/420/,7,5,5,9,26,Moderate Risk
Axis Corporate Bond Reg,debt,Debt,INF846K01ZU1,141593,Regular,5.51,7.37,6.3,Debt: Corporate Bond,5.22,7.15,6.08,,,0.88,1.53,7.14,7.79,2.65,AAA,3.35,25,https://www.valueresearchonline.com/funds/34376/,7,7,7,9,30,Low Risk
Bandhan Corporate Bond Reg,debt,Debt,INF194KA1L81,135914,Regular,5.74,7.27,6.04,Debt: Corporate Bond,5.22,7.15,6.08,,,0.91,1.39,7.06,7.58,2.47,AAA,2.8,25,https://www.valueresearchonline.com/funds/31519/,7,7,8,9,31,Low Risk
Baroda BNP Paribas Corporate Bond,debt,Debt,INF251K01EP9,150235,Regular,5.77,7.54,5.94,Debt: Corporate Bond,5.22,7.15,6.08,,,0.93,1.61,7.31,7.73,2.51,AAA,3.21,25,https://www.valueresearchonline.com/funds/9735/,7,7,7,9,30,Low Risk
Baroda BNP Paribas Corporate Bond Reg,debt,Debt,INF251K01EP9,150235,Regular,5.77,7.54,6,Debt: Corporate Bond,5.22,7.15,6.08,,,0.93,1.62,7.31,7.73,2.51,AAA,3.21,25,https://www.valueresearchonline.com/funds/9730/,7,7,7,9,30,Low Risk
Canara Robeco Corporate Bond Reg,debt,Debt,INF760K01GY6,126687,Regular,4.39,6.26,5.33,Debt: Corporate Bond,5.22,7.15,6.08,,,0.22,1.33,6.1,7.59,1.91,AAA,2.22,18,https://www.valueresearchonline.com/funds/23478/,7,8,8,9,32,Low Risk
DSP Corporate Bond Reg,debt,Debt,INF740KA1JX0,144644,Regular,5.67,7.07,5.69,Debt: Corporate Bond,5.22,7.15,6.08,,,1.26,0.84,6.86,7.66,0.76,AAA,0.78,25,https://www.valueresearchonline.com/funds/37501/,7,9,10,9,35,Very Low Risk
Franklin India Corporate Debt Reg,debt,Debt,INF090I01DG6,100528,Regular,5.75,7.56,6.27,Debt: Corporate Bond,5.22,7.15,6.08,,,1,1.49,7.3,7.91,1.49,AAA,2.77,25,https://www.valueresearchonline.com/funds/418/,7,8,8,9,32,Low Risk
HDFC Corporate Bond Reg,debt,Debt,INF179K01DC2,113070,Regular,5.11,7.32,6.31,Debt: Corporate Bond,5.22,7.15,6.08,,,0.7,1.87,7.12,7.79,4.29,AAA,6.95,25,https://www.valueresearchonline.com/funds/11341/,7,5,5,9,26,Moderate Risk
HSBC Corporate Bond Reg,debt,Debt,INF917K01AH0,150992,Regular,5.48,7.15,6.07,Debt: Corporate Bond,5.22,7.15,6.08,,,0.76,1.51,6.94,7.71,2.17,AAA,2.36,25,https://www.valueresearchonline.com/funds/408/,7,7,8,9,31,Low Risk
ICICI Pru Corporate Bond,debt,Debt,INF109K01CQ1,111987,Regular,6.2,7.63,6.72,Debt: Corporate Bond,5.22,7.15,6.08,,,1.23,1.29,7.39,7.91,3.53,AAA,5.73,25,https://www.valueresearchonline.com/funds/10505/,7,6,5,9,27,Moderate Risk
Invesco India Corporate Bond Reg,debt,Debt,INF205K01RM4,106177,Regular,5.07,7.17,5.99,Debt: Corporate Bond,5.22,7.15,6.08,,,0.69,1.69,6.97,7.75,3.49,AAA,4.39,25,https://www.valueresearchonline.com/funds/5536/,7,6,6,9,28,Low Risk
Kotak Corporate Bond Reg,debt,Debt,INF178L01BO1,133782,Regular,5.32,7.37,6.33,Debt: Corporate Bond,5.22,7.15,6.08,,,0.89,1.51,7.14,7.99,2.73,AAA,4,25,https://www.valueresearchonline.com/funds/5896/,7,7,7,9,30,Low Risk
Mirae Asset Corporate Bond Reg,debt,Debt,INF769K01HA5,148757,Regular,4.94,6.84,5.77,Debt: Corporate Bond,5.22,7.15,6.08,,,0.55,1.55,6.65,7.71,3.03,AAA,4.23,25,https://www.valueresearchonline.com/funds/41341/,7,6,6,9,28,Low Risk
Nippon India Corporate Bond Reg,debt,Debt,INF204K01EF9,100856,Regular,5.27,7.42,6.62,Debt: Corporate Bond,5.22,7.15,6.08,,,0.86,1.62,7.19,7.9,2.47,AAA,2.87,25,https://www.valueresearchonline.com/funds/846/,7,7,8,9,31,Low Risk
PGIM India Corporate Bond Reg,debt,Debt,INF223J01DB2,138318,Regular,4.66,6.69,5.77,Debt: Corporate Bond,5.22,7.15,6.08,,,0.45,1.57,6.51,7.36,2.38,AAA,2.72,22,https://www.valueresearchonline.com/funds/1523/,6,7,8,9,30,Low Risk
SBI Corporate Bond Reg,debt,Debt,INF200KA1YM5,146207,Regular,5.05,7.09,6.01,Debt: Corporate Bond,5.22,7.15,6.08,,,0.68,1.57,6.87,7.98,2.39,AAA,4.09,25,https://www.valueresearchonline.com/funds/38934/,7,7,6,9,29,Low Risk
Sundaram Corporate Bond Reg,debt,Debt,INF903J01HW6,100789,Regular,5,7.05,5.98,Debt: Corporate Bond,5.22,7.15,6.08,,,0.71,1.48,6.85,7.56,2.21,AAA,2.82,25,https://www.valueresearchonline.com/funds/2573/,7,7,8,9,31,Low Risk
TRUSTMF Corporate Bond Reg,debt,Debt,INF0GCD01537,151322,Regular,4.53,6.64,,Debt: Corporate Bond,5.22,7.15,,,,0.46,1.43,6.47,7.48,1.78,AAA,1.92,17,https://www.valueresearchonline.com/funds/43064/,6,8,9,9,32,Low Risk
Tata Corporate Bond Reg,debt,Debt,INF277KA1299,149351,Regular,4.99,7.03,,Debt: Corporate Bond,5.22,7.15,,,,0.63,1.64,6.84,7.98,3.03,AAA,4.38,25,https://www.valueresearchonline.com/funds/41866/,7,6,6,9,28,Low Risk
Tata Corporate Bond Seg Port1 Reg,debt,Debt,INF277KA1299,149351,Regular,,,,,,,,,,,,,,,AA,,1,https://www.valueresearchonline.com/funds/40076/,N/A,N/A,N/A,6,6,Moderate Risk
UTI Corporate Bond Reg,debt,Debt,INF789F1A447,144345,Regular,5.34,7.24,6.2,Debt: Corporate Bond,5.22,7.15,6.08,,,0.82,1.49,7.02,7.76,2.51,AAA,3.53,25,https://www.valueresearchonline.com/funds/37138/,7,7,7,9,30,Low Risk
Union Corporate Bond Reg,debt,Debt,INF582M01DY7,143239,Regular,4.69,7.02,5.77,Debt: Corporate Bond,5.22,7.15,6.08,,,0.6,1.73,6.83,7.86,3.06,AAA,4.47,25,https://www.valueresearchonline.com/funds/36078/,7,6,6,9,28,Low Risk
ABSL Credit Risk Reg,debt,Debt,INF209KA1K47,134383,Regular,12.34,12.2,10.01,Debt: Credit Risk,8.16,9.05,9.39,,,1.95,2.99,11.62,8.4,1.99,AA,2.5,25,https://www.valueresearchonline.com/funds/29944/,8,8,8,6,30,Low Risk
ABSL Credit Risk Seg Port1 Reg,debt,Debt,INF209KA1K47,134383,Regular,,,,,,,,,,,,,,,Cash,,0,https://www.valueresearchonline.com/funds/40439/,N/A,N/A,N/A,8,8,Low Risk
Axis Credit Risk Reg,debt,Debt,INF846K01PO5,130309,Regular,7.81,8.02,6.91,Debt: Credit Risk,8.16,9.05,9.39,,,1.75,1.12,7.77,8.91,2.29,AA,2.6,25,https://www.valueresearchonline.com/funds/27226/,9,7,8,6,30,Low Risk
Bandhan Credit Risk Reg,debt,Debt,INF194KA1W39,140609,Regular,4.97,6.41,5.51,Debt: Credit Risk,8.16,9.05,9.39,,,0.36,1.25,6.25,7.96,1.99,AAA,2.5,17,https://www.valueresearchonline.com/funds/33486/,7,8,8,9,32,Low Risk
Bank of India Credit Risk Reg,debt,Debt,INF761K01EZ6,147936,Regular,17.06,9.65,27.28,Debt: Credit Risk,8.16,9.05,9.39,,,0.86,4.11,9.33,7.31,0.64,AAA,0.7,11,https://www.valueresearchonline.com/funds/29479/,6,9,10,9,34,Low Risk
Baroda BNP Paribas Credit Risk Reg,debt,Debt,INF955L01FP0,133486,Regular,6.34,7.63,8.52,Debt: Credit Risk,8.16,9.05,9.39,,,1.85,0.86,7.39,8.2,1.58,AAA,1.93,25,https://www.valueresearchonline.com/funds/29235/,8,8,9,9,34,Low Risk
Baroda BNP Paribas Credit Risk Seg Port1 Reg,debt,Debt,INF955L01FP0,133486,Regular,,,,,,,,,,,,,,,,,0,https://www.valueresearchonline.com/funds/40934/,N/A,N/A,N/A,N/A,,Insufficient Data
DSP Credit Risk Reg,debt,Debt,INF740K01599,101837,Regular,10.13,16.08,12.35,Debt: Credit Risk,8.16,9.05,9.39,,,1.28,7.39,15.28,8.31,2.45,AA,3.08,22,https://www.valueresearchonline.com/funds/1723/,8,7,7,6,28,Low Risk
Franklin Ind Credit Risk Seg Port 2 Reg,debt,Debt,INF090I01AE7,112092,Regular,,,,,,,,,,,,,,,B,,1,https://www.valueresearchonline.com/funds/40582/,N/A,N/A,N/A,2,2,High Risk
Franklin Ind Credit Risk Seg Port 3 Reg,debt,Debt,INF090I01AE7,112092,Regular,,,,,,,,,,,,,,,,,0,https://www.valueresearchonline.com/funds/40822/,N/A,N/A,N/A,N/A,,Insufficient Data
HDFC Credit Risk Debt Reg,debt,Debt,INF179KA1GC0,128053,Regular,6.92,7.66,6.63,Debt: Credit Risk,8.16,9.05,9.39,,,1.3,1.23,7.4,8.8,2.35,AA,3.48,25,https://www.valueresearchonline.com/funds/25074/,9,7,7,6,29,Low Risk
HSBC Credit Risk Reg,debt,Debt,INF917K01130,151043,Regular,5.79,11.07,8.69,Debt: Credit Risk,8.16,9.05,9.39,,,0.72,6.87,10.78,8.31,1.68,AAA,2.07,25,https://www.valueresearchonline.com/funds/10700/,8,8,8,9,33,Low Risk
ICICI Pru Credit Risk,debt,Debt,INF109K01GU4,114239,Regular,8.05,8.47,7.35,Debt: Credit Risk,8.16,9.05,9.39,,,2,1.17,8.15,8.93,2.15,AA,3.11,25,https://www.valueresearchonline.com/funds/11783/,9,7,7,6,29,Low Risk
Invesco India Credit Risk Reg,debt,Debt,INF205K01I34,130721,Regular,6.92,8.51,7.25,Debt: Credit Risk,8.16,9.05,9.39,,,1.25,1.94,8.23,7.96,2.75,AAA,3.61,16,https://www.valueresearchonline.com/funds/27550/,7,7,7,9,30,Low Risk
Kotak Credit Risk Reg,debt,Debt,INF174K01DY7,117716,Regular,6.99,7.71,5.84,Debt: Credit Risk,8.16,9.05,9.39,,,1.05,1.56,7.43,8.95,2.05,AA,2.93,25,https://www.valueresearchonline.com/funds/11156/,9,7,8,6,30,Low Risk
Nippon India Credit Risk Inst,debt,Debt,INF204K01FQ3,112938,Regular,8.46,8.57,8.77,Debt: Credit Risk,8.16,9.05,9.39,,,2.61,0.94,8.26,9.12,2.11,AA,2.43,25,https://www.valueresearchonline.com/funds/10579/,10,7,8,6,31,Low Risk
Nippon India Credit Risk Reg,debt,Debt,INF204K01FQ3,112938,Regular,7.58,8.24,8.52,Debt: Credit Risk,8.16,9.05,9.39,,,2.13,1.01,7.95,9.12,2.11,AA,2.43,25,https://www.valueresearchonline.com/funds/2789/,10,7,8,6,31,Low Risk
Nippon India Credit Risk Seg Port 1 Inst,debt,Debt,INF204KB17L9,148094,Regular,,,,,,,,,,,,,8.79,2.04,B,2.34,1,https://www.valueresearchonline.com/funds/40700/,9,7,8,2,26,Moderate Risk
Nippon India Credit Risk Seg Port 1 Reg,debt,Debt,INF204KB17L9,148094,Regular,,,,,,,,,,,,,8.79,2.04,B,2.34,1,https://www.valueresearchonline.com/funds/40694/,9,7,8,2,26,Moderate Risk
Nippon India Credit Risk Seg Port 2 Inst,debt,Debt,INF204KB19P6,148258,Regular,,,,,,,,,,,,,,,,,0,https://www.valueresearchonline.com/funds/40842/,N/A,N/A,N/A,N/A,,Insufficient Data
Nippon India Credit Risk Seg Port 2 Reg,debt,Debt,INF204KB19P6,148258,Regular,,,,,,,,,,,,,,,,,0,https://www.valueresearchonline.com/funds/40836/,N/A,N/A,N/A,N/A,,Insufficient Data
SBI Credit Risk Reg,debt,Debt,INF200K01685,102505,Regular,7.33,7.84,7.08,Debt: Credit Risk,8.16,9.05,9.39,,,1.62,1.1,7.58,8.7,2.18,AA,2.73,25,https://www.valueresearchonline.com/funds/2298/,9,7,8,6,30,Low Risk
UTI Credit Risk Reg,debt,Debt,INF789F01QZ1,117981,Regular,6.01,7.16,9.48,Debt: Credit Risk,8.16,9.05,9.39,,,1.12,1.02,6.94,8.32,2.14,AAA,2.69,23,https://www.valueresearchonline.com/funds/15382/,8,7,8,9,32,Low Risk
UTI Credit Risk Seg Port 2 Reg,debt,Debt,INF789F01QZ1,117981,Regular,,,,,,,,,,,,,,,Cash,0,0,https://www.valueresearchonline.com/funds/40755/,N/A,N/A,10,8,18,Very Low Risk
UTI Credit Risk Seg Port 3 Reg,debt,Debt,INF789F01QZ1,117981,Regular,,,,,,,,,,,,,,,Cash,,1,https://www.valueresearchonline.com/funds/40900/,N/A,N/A,N/A,8,8,Low Risk
UTI Credit Risk Seg Port Reg,debt,Debt,INF789F01QZ1,117981,Regular,,,,,,,,,,,,,,,Cash,0,0,https://www.valueresearchonline.com/funds/40284/,N/A,N/A,10,8,18,Very Low Risk
360 ONE Dynamic Bond Reg,debt,Debt,INF579M01183,122612,Regular,6,8.13,6.95,Debt: Dynamic Bond,3.89,6.53,5.77,,,0.9,2.27,7.85,7.82,4.52,AAA,6.01,25,https://www.valueresearchonline.com/funds/19779/,7,5,5,9,26,Moderate Risk
ABSL Dyn Bond Seg Port1 Reg,debt,Debt,INF209K01793,102767,Regular,,,,,,,,,,,,,,,Cash,,0,https://www.valueresearchonline.com/funds/40454/,N/A,N/A,N/A,8,8,Low Risk
ABSL Dynamic Bond Reg,debt,Debt,INF209K01793,102767,Regular,5.31,7.38,6.9,Debt: Dynamic Bond,3.89,6.53,5.77,,,0.55,2.51,7.2,8.58,4.8,AAA,8.22,25,https://www.valueresearchonline.com/funds/2458/,9,5,4,9,27,Moderate Risk
Axis Dynamic Bond Reg,debt,Debt,INF846K01917,115068,Regular,5.89,7.37,6.14,Debt: Dynamic Bond,3.89,6.53,5.77,,,0.55,2.54,7.19,7.26,5.22,AAA,10.79,25,https://www.valueresearchonline.com/funds/12599/,6,4,3,9,22,Moderate Risk
Bandhan Dynamic Bond Reg,debt,Debt,INF194K01QG4,111524,Regular,6.66,7.24,5.69,Debt: Dynamic Bond,3.89,6.53,5.77,,,0.3,4.41,7.12,7.71,8.33,AAA,21.29,15,https://www.valueresearchonline.com/funds/10016/,7,2,1,9,19,Moderately High Risk
Baroda BNP Paribas Dynamic Bond Reg,debt,Debt,INF251K01DU3,150176,Regular,1.61,5.53,5.17,Debt: Dynamic Bond,3.89,6.53,5.77,,,-0.12,2.83,5.45,7.47,3.75,AAA,5.62,18,https://www.valueresearchonline.com/funds/2348/,6,6,5,9,26,Moderate Risk
Baroda BNP Paribas Dynamic Bond Reg A,debt,Debt,INF251K01DU3,150176,Regular,1.61,5.52,5.3,Debt: Dynamic Bond,3.89,6.53,5.77,,,-0.12,2.83,5.45,7.47,3.75,AAA,5.62,18,https://www.valueresearchonline.com/funds/10230/,6,6,5,9,26,Moderate Risk
Canara Robeco Dynamic Bond Reg,debt,Debt,INF760K01449,111962,Regular,1.24,4.89,4.36,Debt: Dynamic Bond,3.89,6.53,5.77,,,-0.29,3.26,4.84,6.97,2.76,AAA,4.54,9,https://www.valueresearchonline.com/funds/10448/,5,7,6,9,27,Moderate Risk
DSP Strategic Bond Reg,debt,Debt,INF740K01GK7,105669,Regular,2.83,6.32,5.64,Debt: Dynamic Bond,3.89,6.53,5.77,,,0.11,4.08,6.25,7.73,7.97,AAA,18.05,15,https://www.valueresearchonline.com/funds/5013/,7,3,2,9,21,Moderate Risk
Franklin Ind Dyn Accrual Seg Port 2 Reg,debt,Debt,INF090I01AE7,112092,Regular,,,,,,,,,,,,,4.17,0.01,B,0.01,1,https://www.valueresearchonline.com/funds/40598/,1,10,10,2,23,Moderate Risk
Franklin Ind Dyn Accrual Seg Port 3 Reg,debt,Debt,INF090I01AE7,112092,Regular,,,,,,,,,,,,,,,,,0,https://www.valueresearchonline.com/funds/40826/,N/A,N/A,N/A,N/A,,Insufficient Data
Groww Dynamic Term Reg,debt,Debt,INF666M01ES8,145590,Regular,2.08,4.96,4.57,Debt: Dynamic Bond,3.89,6.53,5.77,,,-0.36,2.55,4.88,7.24,4.35,AAA,8.42,11,https://www.valueresearchonline.com/funds/38295/,6,5,4,9,24,Moderate Risk
HDFC Dynamic Debt Reg,debt,Debt,INF179K01848,101872,Regular,3.85,6.47,5.23,Debt: Dynamic Bond,3.89,6.53,5.77,,,0.18,3.09,6.35,7.53,7.69,AAA,19.74,25,https://www.valueresearchonline.com/funds/395/,7,3,2,9,21,Moderate Risk
HSBC Dynamic Bond Reg,debt,Debt,INF677K01916,151084,Regular,3.65,6.65,5.52,Debt: Dynamic Bond,3.89,6.53,5.77,,,0.26,2.78,6.51,7.4,3.98,AAA,7.15,18,https://www.valueresearchonline.com/funds/3611/,6,6,4,9,25,Moderate Risk
ICICI Pru All Seasons Bond,debt,Debt,INF109K01GN9,112096,Regular,5.46,7.39,6.59,Debt: Dynamic Bond,3.89,6.53,5.77,,,0.7,1.98,7.19,8.22,6.21,AAA,13.66,25,https://www.valueresearchonline.com/funds/10444/,8,3,2,9,22,Moderate Risk
ICICI Pru All Seasons Bond Ret,debt,Debt,INF109K01GN9,112096,Regular,5.46,7.39,6.59,Debt: Dynamic Bond,3.89,6.53,5.77,,,0.7,1.99,7.19,8.22,6.21,AAA,13.66,25,https://www.valueresearchonline.com/funds/1277/,8,3,2,9,22,Moderate Risk
ICICI Pru Retirement Pure Debt,debt,Debt,INF109KC1UC4,146726,Regular,3.92,6.14,5.2,Debt: Dynamic Bond,3.89,6.53,5.77,,,0.12,1.58,6,7.77,4.25,AAA,10,18,https://www.valueresearchonline.com/funds/39071/,7,5,3,9,24,Moderate Risk
ITI Dynamic Bond Reg,debt,Debt,INF00XX01AT0,149021,Regular,1.68,5.71,,Debt: Dynamic Bond,3.89,6.53,,,,-0.07,2.2,5.66,5.45,0.04,GOI/Cash,0.04,3,https://www.valueresearchonline.com/funds/41558/,2,10,10,10,32,Low Risk
JM Dynamic Bond Reg,debt,Debt,INF192K01700,101806,Regular,3.27,6.49,5.76,Debt: Dynamic Bond,3.89,6.53,5.77,,,0.24,2.26,6.34,7.17,2.23,AAA,2.63,15,https://www.valueresearchonline.com/funds/1765/,6,7,8,9,30,Low Risk
Kotak Dynamic Bond Reg,debt,Debt,INF174K01FA2,108511,Regular,4.97,7.26,6.01,Debt: Dynamic Bond,3.89,6.53,5.77,,,0.41,3.14,7.1,7.82,5.41,AAA,12.45,25,https://www.valueresearchonline.com/funds/7857/,7,4,2,9,22,Moderate Risk
Mahindra Manulife Dynamic Bond Reg,debt,Debt,INF174V01531,144401,Regular,4.51,6.58,5.03,Debt: Dynamic Bond,3.89,6.53,5.77,,,0.26,2.48,6.44,7.67,5.83,AAA,13.5,14,https://www.valueresearchonline.com/funds/37124/,7,4,2,9,22,Moderate Risk
Mirae Asset Dynamic Bond Reg,debt,Debt,INF769K01DO5,140771,Regular,5.13,6.43,5.09,Debt: Dynamic Bond,3.89,6.53,5.77,,,0.54,0.81,6.24,7,0.7,AAA,0.72,14,https://www.valueresearchonline.com/funds/33704/,6,9,10,9,34,Low Risk
Nippon India Dynamic Bond Reg,debt,Debt,INF204K01FI0,102849,Regular,4.45,7.15,6.06,Debt: Dynamic Bond,3.89,6.53,5.77,,,0.49,2.38,6.97,7.49,3.56,AAA,4.1,25,https://www.valueresearchonline.com/funds/2513/,6,6,6,9,27,Moderate Risk
PGIM India Dynamic Bond Reg,debt,Debt,INF663L01484,116485,Regular,2.69,6.14,5.19,Debt: Dynamic Bond,3.89,6.53,5.77,,,0.09,2.63,6.03,6.92,4.02,AAA,5.48,19,https://www.valueresearchonline.com/funds/13899/,5,5,5,9,24,Moderate Risk
Quantum Dynamic Bond Reg,debt,Debt,INF082J01218,141061,Regular,4.06,7.06,6.37,Debt: Dynamic Bond,3.89,6.53,5.77,,,0.35,3.12,6.91,7.14,4.53,AAA,5.75,15,https://www.valueresearchonline.com/funds/33960/,6,5,5,9,25,Moderate Risk
SBI Dynamic Bond Reg,debt,Debt,INF200K01958,102205,Regular,4.62,6.7,6.05,Debt: Dynamic Bond,3.89,6.53,5.77,,,0.3,2.45,6.53,7.82,3.78,AAA,5.4,24,https://www.valueresearchonline.com/funds/2025/,7,6,5,9,27,Moderate Risk
UTI Dyn Bond Seg Port Reg,debt,Debt,INF789F01JQ5,113077,Regular,,,,,,,,,,,,,,,B,0.07,1,https://www.valueresearchonline.com/funds/40745/,N/A,N/A,10,2,12,Moderate Risk
UTI Dynamic Bond Reg,debt,Debt,INF789F01JQ5,113077,Regular,4,6.66,8.81,Debt: Dynamic Bond,3.89,6.53,5.77,,,0.31,2.24,6.49,7.46,2.34,AAA,4.29,20,https://www.valueresearchonline.com/funds/11306/,6,7,6,9,28,Low Risk
Union Dynamic Bond Reg,debt,Debt,INF582M01336,116555,Regular,1.61,5.57,4.57,Debt: Dynamic Bond,3.89,6.53,5.77,,,-0.05,4.16,5.58,7.62,9.52,AAA,26.26,7,https://www.valueresearchonline.com/funds/14015/,7,2,1,9,19,Moderately High Risk
ABSL Floating Rate Reg,debt,Debt,INF209K01MG9,122644,Regular,6.17,7.43,6.57,Debt: Floater,6.04,7.56,6.46,,,1.87,0.74,7.18,7.66,0.94,AAA,1.6,25,https://www.valueresearchonline.com/funds/10344/,7,9,9,9,34,Low Risk
ABSL Floating Rate Ret,debt,Debt,INF209K01MG9,122644,Regular,,,,,,,,,,,,,7.66,0.94,AAA,1.6,0,https://www.valueresearchonline.com/funds/1747/,7,9,9,9,34,Low Risk
Axis Floater Reg,debt,Debt,INF846K012B8,149048,Regular,6.49,8.18,,Debt: Floater,6.04,7.56,,,,0.82,2.61,7.94,7.96,5.26,AAA,12.69,23,https://www.valueresearchonline.com/funds/41583/,7,4,2,9,22,Moderate Risk
Bandhan Floater Reg,debt,Debt,INF194KB1AP5,148705,Regular,6.17,7.46,6.27,Debt: Floater,6.04,7.56,6.46,,,1.11,1.28,7.22,7.96,2.38,AAA,3.19,16,https://www.valueresearchonline.com/funds/41297/,7,7,7,9,30,Low Risk
DSP Floater Reg,debt,Debt,INF740KA1PS7,148768,Regular,5.91,7.93,6.61,Debt: Floater,6.04,7.56,6.46,,,1.26,1.5,7.69,7.43,2.49,AAA,4.43,14,https://www.valueresearchonline.com/funds/41354/,6,7,6,9,28,Low Risk
Franklin India Floating Rate Reg,debt,Debt,INF090I01LM7,101048,Regular,5.63,7.58,6.45,Debt: Floater,6.04,7.56,6.46,,,1.35,1.13,7.32,7.9,1.13,AAA,2.98,15,https://www.valueresearchonline.com/funds/1415/,7,8,8,9,32,Low Risk
HDFC Floating Rate Debt Reg,debt,Debt,INF179K01707,106841,Regular,6.29,7.74,6.74,Debt: Floater,6.04,7.56,6.46,,,1.73,0.97,7.48,7.64,1.85,AAA,3.7,25,https://www.valueresearchonline.com/funds/6098/,7,8,7,9,31,Low Risk
ICICI Pru Floating Interest,debt,Debt,INF109K01AX1,101802,Regular,6.49,7.64,6.58,Debt: Floater,6.04,7.56,6.46,,,1.7,0.93,7.39,7.87,1.98,AAA,2.9,25,https://www.valueresearchonline.com/funds/3023/,7,8,8,9,32,Low Risk
Kotak Floating Rate Reg,debt,Debt,INF174KA1DY6,147266,Regular,6.09,7.66,6.52,Debt: Floater,6.04,7.56,6.46,,,1.48,1.08,7.4,8.09,1.93,AAA,2.27,25,https://www.valueresearchonline.com/funds/39901/,8,8,8,9,33,Low Risk
Nippon India Floater Reg,debt,Debt,INF204K01CG1,102673,Regular,5.76,7.5,6.43,Debt: Floater,6.04,7.56,6.46,,,1.18,1.24,7.26,7.9,2.29,AAA,2.67,25,https://www.valueresearchonline.com/funds/2412/,7,7,8,9,31,Low Risk
SBI Floating Rate Debt Reg,debt,Debt,INF200KA1R15,148543,Regular,5.95,7.59,6.54,Debt: Floater,6.04,7.56,6.46,,,1.82,0.84,7.33,7.35,2.48,AAA,6.8,14,https://www.valueresearchonline.com/funds/41151/,6,7,5,9,27,Moderate Risk
Tata Floating Rate Reg,debt,Debt,INF277KA1091,149003,Regular,5.77,7.23,,Debt: Floater,6.04,7.56,,,,1.02,1.19,7.01,7.79,1.17,AAA,1.73,16,https://www.valueresearchonline.com/funds/41540/,7,8,9,9,33,Low Risk
UTI Floater Reg,debt,Debt,INF789F1ACO4,145287,Regular,5.75,6.75,5.86,Debt: Floater,6.04,7.56,6.46,,,0.97,0.76,6.54,7.77,0.93,AAA,1.17,25,https://www.valueresearchonline.com/funds/38027/,7,9,9,9,34,Low Risk
ABSL CRISIL Broad Based Gilt ETF,debt,Debt,INF209KB10O7,150777,Regular,3.81,,,Debt: Gilt,3.3,,,,,,,,7.07,6.35,GOI/Cash,14.15,5,https://www.valueresearchonline.com/funds/44415/,6,3,2,10,21,Moderate Risk
ABSL Government Securities Reg,debt,Debt,INF209K01AC3,100058,Regular,2.4,5.85,5.2,Debt: Gilt,3.3,6.46,5.48,,,0,4.63,5.8,7.73,11.25,GOI/Cash,31.42,15,https://www.valueresearchonline.com/funds/677/,7,2,1,10,20,Moderately High Risk
Axis Gilt Reg,debt,Debt,INF846K01AX8,116471,Regular,4.52,7.36,6.04,Debt: Gilt,3.3,6.46,5.48,,,0.39,3.62,7.23,7.35,8.72,GOI/Cash,19.2,21,https://www.valueresearchonline.com/funds/13908/,6,2,2,10,20,Moderately High Risk
Bajaj Finserv Gilt Reg,debt,Debt,INF0QA701AM6,153211,Regular,2.86,,,Debt: Gilt,3.3,,,,,,,,7.15,8.67,GOI/Cash,23.78,4,https://www.valueresearchonline.com/funds/44860/,6,2,1,10,19,Moderately High Risk
Bandhan Gilt Reg,debt,Debt,INF194K01DZ2,111525,Regular,7.77,7.96,6.27,Debt: Gilt,3.3,6.46,5.48,,,0.44,4.55,7.81,7.14,7.32,GOI/Cash,10.48,2,https://www.valueresearchonline.com/funds/10020/,6,3,3,10,22,Moderate Risk
Baroda BNP Paribas Gilt Reg,debt,Debt,INF955L01450,101187,Regular,2.72,6.71,5.67,Debt: Gilt,3.3,6.46,5.48,,,0.24,3.31,6.59,7.23,7.53,GOI/Cash,15.62,15,https://www.valueresearchonline.com/funds/1232/,6,3,2,10,21,Moderate Risk
Canara Robeco Gilt Reg,debt,Debt,INF760K01AE1,100597,Regular,1.61,5.53,4.88,Debt: Gilt,3.3,6.46,5.48,,,-0.09,3.41,5.49,6.76,3.82,GOI/Cash,6.32,7,https://www.valueresearchonline.com/funds/729/,5,6,5,10,26,Moderate Risk
DSP Gilt Reg,debt,Debt,INF740K01615,100084,Regular,3.89,6.79,5.95,Debt: Gilt,3.3,6.46,5.48,,,0.19,4.79,6.73,7.72,10.84,GOI/Cash,25.04,7,https://www.valueresearchonline.com/funds/663/,7,2,1,10,20,Moderately High Risk
Edelweiss Government Securities Reg,debt,Debt,INF843K01HC4,140297,Regular,2.14,6.04,5.35,Debt: Gilt,3.3,6.46,5.48,,,0.05,3.68,5.98,7.61,10.23,GOI/Cash,23.21,8,https://www.valueresearchonline.com/funds/24222/,7,2,1,10,20,Moderately High Risk
Franklin India Government Securities Reg,debt,Debt,INF090I01CU9,100493,Regular,4.34,6.01,5.12,Debt: Gilt,3.3,6.46,5.48,,,0.03,2.92,5.88,6.78,2.59,GOI/Cash,8.59,12,https://www.valueresearchonline.com/funds/1133/,5,7,4,10,26,Moderate Risk
Groww Gilt Reg,debt,Debt,INF666M01KN6,153503,Regular,0.64,,,Debt: Gilt,3.3,,,,,,,,6.78,7.4,GOI/Cash,20.76,6,https://www.valueresearchonline.com/funds/45119/,5,3,1,10,19,Moderately High Risk
HDFC Gilt Reg,debt,Debt,INF179KC1IA8,150801,Regular,3.53,6.63,5.57,Debt: Gilt,3.3,6.46,5.48,,,0.21,3.5,6.53,7.52,8.93,GOI/Cash,21.22,25,https://www.valueresearchonline.com/funds/1022/,7,2,1,10,20,Moderately High Risk
HSBC Gilt Reg,debt,Debt,INF917K01BP1,151013,Regular,1.56,5.26,4.46,Debt: Gilt,3.3,6.46,5.48,,,-0.14,3.83,5.25,7.11,6.74,GOI/Cash,15.55,9,https://www.valueresearchonline.com/funds/806/,6,3,2,10,21,Moderate Risk
ICICI Pru Gilt,debt,Debt,INF109K01JR4,100369,Regular,4.78,7.36,6.6,Debt: Gilt,3.3,6.46,5.48,,,0.49,2.85,7.2,7.71,9.72,GOI/Cash,21.6,25,https://www.valueresearchonline.com/funds/643/,7,2,1,10,20,Moderately High Risk
ICICI Pru Nifty 5 yr Benchmark G-SEC ETF,debt,Debt,INF109KC1Z89,149859,Regular,5.17,7.79,,Debt: Gilt,3.3,6.46,,,,0.79,2.21,7.55,6.92,4.02,GOI/Cash,4.67,1,https://www.valueresearchonline.com/funds/42160/,5,5,6,10,26,Moderate Risk
Invesco India Gilt Reg,debt,Debt,INF205K01SR1,107477,Regular,3.23,6.51,5.39,Debt: Gilt,3.3,6.46,5.48,,,0.15,4.5,6.46,7.58,10.84,GOI/Cash,27.46,3,https://www.valueresearchonline.com/funds/6790/,7,2,1,10,20,Moderately High Risk
Kotak Gilt Investment PF & Trust,debt,Debt,INF174K01FL9,100281,Regular,1.58,5.32,4.95,Debt: Gilt,3.3,6.46,5.48,,,-0.11,4.33,5.32,7.37,6.97,GOI/Cash,13.11,25,https://www.valueresearchonline.com/funds/1918/,6,3,2,10,21,Moderate Risk
Kotak Gilt Investment Reg,debt,Debt,INF174K01FI5,100265,Regular,1.58,5.32,4.95,Debt: Gilt,3.3,6.46,5.48,,,-0.11,4.33,5.32,7.37,6.97,GOI/Cash,13.11,25,https://www.valueresearchonline.com/funds/576/,6,3,2,10,21,Moderate Risk
LIC MF Gilt,debt,Debt,INF767K01709,100317,Regular,1.99,5.35,4.57,Debt: Gilt,3.3,6.46,5.48,,,-0.1,4.52,5.37,7.42,10.23,GOI/Cash,25.16,6,https://www.valueresearchonline.com/funds/713/,6,2,1,10,19,Moderately High Risk
LIC MF Gilt,debt,Debt,INF767K01709,100317,Regular,2,5.35,4.57,Debt: Gilt,3.3,6.46,5.48,,,-0.1,4.52,5.37,7.42,10.23,GOI/Cash,25.16,6,https://www.valueresearchonline.com/funds/1988/,6,2,1,10,19,Moderately High Risk
LIC MF Nifty 8-13 yr G-Sec ETF,debt,Debt,INF397L01174,151935,Regular,3.38,7.31,5.77,Debt: Gilt,3.3,6.46,5.48,,,0.5,2.74,7.17,7.08,7.02,GOI/Cash,9.1,3,https://www.valueresearchonline.com/funds/29111/,6,3,3,10,22,Moderate Risk
Mirae Asset Nifty 8-13 yr G-Sec ETF,debt,Debt,INF769K01MY5,153045,Regular,3.79,7.46,,Debt: Gilt,3.3,6.46,,,,0.57,2.66,7.31,7.03,6.83,GOI/Cash,8.68,3,https://www.valueresearchonline.com/funds/43473/,6,3,4,10,23,Moderate Risk
Motilal Oswal 5 Year G-Sec FoF Reg,debt,Debt,INF247L01AR9,149241,Regular,5.05,7.33,,Debt: Gilt,3.3,6.46,,,,0.33,3.76,7.05,,,GOI/Cash,,1,https://www.valueresearchonline.com/funds/41758/,N/A,N/A,N/A,10,10,Very Low Risk
Motilal Oswal Nifty 5Y Benchmark G-Sec ETF,debt,Debt,INF247L01DM4,152876,Regular,5,7.53,6.16,Debt: Gilt,3.3,6.46,5.48,,,0.68,2.22,7.31,6.82,4.14,GOI/Cash,4.72,1,https://www.valueresearchonline.com/funds/41212/,5,5,6,10,26,Moderate Risk
Nippon India ETF Nifty 5Y Benchmark G-Sec,debt,Debt,INF204KC1BV8,152387,Regular,5.31,7.85,6.42,Debt: Gilt,3.3,6.46,5.48,,,0.81,2.23,7.61,6.92,4.01,GOI/Cash,4.65,3,https://www.valueresearchonline.com/funds/41391/,5,5,6,10,26,Moderate Risk
Nippon India ETF Nifty 8-13 yr G-Sec LT Gilt,debt,Debt,INF204KC1FU1,153725,Regular,3.4,7.35,5.74,Debt: Gilt,3.3,6.46,5.48,,,0.51,2.73,7.2,7.08,6.93,GOI/Cash,9.19,4,https://www.valueresearchonline.com/funds/32557/,6,3,3,10,22,Moderate Risk
Nippon India Gilt,debt,Debt,INF204K01BU4,109720,Regular,3.21,6.14,5.29,Debt: Gilt,3.3,6.46,5.48,,,0.07,3.88,6.07,7.45,8.99,GOI/Cash,21.29,25,https://www.valueresearchonline.com/funds/1775/,6,2,1,10,19,Moderately High Risk
Nippon India Gilt Inst,debt,Debt,INF204K01BU4,109720,Regular,3.56,6.25,5.43,Debt: Gilt,3.3,6.46,5.48,,,0.1,3.83,6.18,7.45,8.99,GOI/Cash,21.29,25,https://www.valueresearchonline.com/funds/1773/,6,2,1,10,19,Moderately High Risk
Nippon India Gilt PF,debt,Debt,INF204K01BU4,109720,Regular,3.21,6.14,5.3,Debt: Gilt,3.3,6.46,5.48,,,0.07,3.88,6.08,7.45,8.99,GOI/Cash,21.29,25,https://www.valueresearchonline.com/funds/19468/,6,2,1,10,19,Moderately High Risk
PGIM India Gilt Reg,debt,Debt,INF223J01AQ6,138470,Regular,1.65,5.8,4.97,Debt: Gilt,3.3,6.46,5.48,,,-0.02,3.48,5.73,7,7.42,GOI/Cash,15.42,17,https://www.valueresearchonline.com/funds/9603/,6,3,2,10,21,Moderate Risk
Quant Gilt Reg,debt,Debt,INF966L01BI1,151230,Regular,2.41,5.38,,Debt: Gilt,3.3,6.46,,,,-0.2,2.49,5.29,7.13,6.1,GOI/Cash,10.81,13,https://www.valueresearchonline.com/funds/42966/,6,3,3,10,22,Moderate Risk
SBI Gilt Reg,debt,Debt,INF200K01982,101001,Regular,3.56,6.49,6.07,Debt: Gilt,3.3,6.46,5.48,,,0.18,3.19,6.37,6.89,6.13,GOI/Cash,10.14,18,https://www.valueresearchonline.com/funds/901/,5,3,3,10,21,Moderate Risk
SBI Magnum Gilt PF,debt,Debt,INF200K01982,101001,Regular,3.58,6.49,6.07,Debt: Gilt,3.3,6.46,5.48,,,0.18,3.19,6.37,6.89,6.13,GOI/Cash,10.14,18,https://www.valueresearchonline.com/funds/1940/,5,3,3,10,21,Moderate Risk
SBI Magnum Gilt PF Fixed 1Y,debt,Debt,INF200KA15E8,149886,Regular,3.55,6.48,6.07,Debt: Gilt,3.3,6.46,5.48,,,0.18,3.19,6.36,6.89,6.13,GOI/Cash,10.14,18,https://www.valueresearchonline.com/funds/1943/,5,3,3,10,21,Moderate Risk
SBI Magnum Gilt PF Fixed 2Y,debt,Debt,INF200KA15E8,149886,Regular,3.56,6.49,6.07,Debt: Gilt,3.3,6.46,5.48,,,0.18,3.19,6.37,6.89,6.13,GOI/Cash,10.14,18,https://www.valueresearchonline.com/funds/1945/,5,3,3,10,21,Moderate Risk
SBI Magnum Gilt PF Fixed 3Y,debt,Debt,INF200KA15E8,149886,Regular,3.56,6.49,6.07,Debt: Gilt,3.3,6.46,5.48,,,0.18,3.19,6.37,6.89,6.13,GOI/Cash,10.14,18,https://www.valueresearchonline.com/funds/1946/,5,3,3,10,21,Moderate Risk
Tata GSF Reg,debt,Debt,INF277K01626,102328,Regular,2.31,6.04,5.39,Debt: Gilt,3.3,6.46,5.48,,,0.05,4.38,6.01,7.69,10.84,GOI/Cash,27.29,10,https://www.valueresearchonline.com/funds/652/,7,2,1,10,20,Moderately High Risk
UTI Gilt Discontinued Provident,debt,Debt,INF789F01PT6,102512,Regular,4.31,6.76,5.77,Debt: Gilt,3.3,6.46,5.48,,,0.27,3.13,6.64,6.4,3.32,GOI/Cash,7.97,10,https://www.valueresearchonline.com/funds/1865/,4,6,4,10,24,Moderate Risk
UTI Gilt Reg,debt,Debt,INF789F01661,102510,Regular,4.31,6.76,5.77,Debt: Gilt,3.3,6.46,5.48,,,0.27,3.13,6.64,6.4,3.32,GOI/Cash,7.97,10,https://www.valueresearchonline.com/funds/1167/,4,6,4,10,24,Moderate Risk
UTI Nifty 5 yr Benchmark G-Sec ETF,debt,Debt,INF789F1AZI7,152865,Regular,5.18,,,Debt: Gilt,3.3,,,,,,,,,,GOI/Cash,,1,https://www.valueresearchonline.com/funds/44081/,N/A,N/A,N/A,10,10,Very Low Risk
Union Gilt Reg,debt,Debt,INF582M01ID0,150405,Regular,1.68,5.54,,Debt: Gilt,3.3,6.46,,,,-0.05,5.02,5.54,7.6,11.34,GOI/Cash,32.09,2,https://www.valueresearchonline.com/funds/42323/,7,2,1,10,20,Moderately High Risk
Zerodha Nifty 8-13 Yr G-Sec ETF,debt,Debt,INF0R8F01034,152327,Regular,,,,Debt: Gilt,,,,,,,,,,,GOI/Cash,,3,https://www.valueresearchonline.com/funds/45448/,N/A,N/A,N/A,10,10,Very Low Risk
ABSL CRISIL 10 Year Gilt ETF,debt,Debt,INF209KB10O7,150777,Regular,2.83,,,Debt: Gilt with 10 year Constant Duration,3.2,,,,,,,,7.07,6.97,GOI/Cash,9.05,1,https://www.valueresearchonline.com/funds/44486/,6,3,3,10,22,Moderate Risk
Bandhan Gilt Fund with 10 year Constant Duration Reg,debt,Debt,INF194K01FA0,108753,Regular,4.89,7.78,6.07,Debt: Gilt with 10 year Constant Duration,3.2,7.1,5.61,,,0.57,3.15,7.58,7.6,7.58,GOI/Cash,32.16,5,https://www.valueresearchonline.com/funds/1243/,7,3,1,10,21,Moderate Risk
DSP 10Y G-Sec Reg,debt,Debt,INF740K012I0,131297,Regular,2.41,6.58,4.75,Debt: Gilt with 10 year Constant Duration,3.2,7.1,5.61,,,0.24,2.76,6.48,7.11,6.97,GOI/Cash,9.27,1,https://www.valueresearchonline.com/funds/28171/,6,3,3,10,22,Moderate Risk
ICICI Pru Constant Maturity Gilt,debt,Debt,INF109KA1N46,131051,Regular,4.43,7.57,6.21,Debt: Gilt with 10 year Constant Duration,3.2,7.1,5.61,,,0.55,2.94,7.41,7.18,6.97,GOI/Cash,7.41,8,https://www.valueresearchonline.com/funds/27952/,6,3,4,10,23,Moderate Risk
ICICI Pru Nifty 10 yr Benchmark G-Sec ETF,debt,Debt,INF109KC1Z89,149859,Regular,2.48,6.91,,Debt: Gilt with 10 year Constant Duration,3.2,7.1,,,,0.35,2.83,6.79,7.09,6.97,GOI/Cash,9.89,1,https://www.valueresearchonline.com/funds/42946/,6,3,3,10,22,Moderate Risk
SBI Constant Maturity 10-Year Gilt Reg,debt,Debt,INF200K01AN9,101002,Regular,3.59,7.04,5.91,Debt: Gilt with 10 year Constant Duration,3.2,7.1,5.61,,,0.38,2.95,6.92,7.23,6.97,GOI/Cash,6.92,4,https://www.valueresearchonline.com/funds/899/,6,3,5,10,24,Moderate Risk
SBI Nifty 10Y Benchmark G-Sec ETF,debt,Debt,INF200KB1969,153796,Regular,2.49,6.96,5.1,Debt: Gilt with 10 year Constant Duration,3.2,7.1,5.61,,,0.36,2.84,6.84,,6.97,GOI/Cash,,1,https://www.valueresearchonline.com/funds/32486/,N/A,3,N/A,10,13,Moderate Risk
UTI Gilt Fund with 10 year Constant Duration Reg,debt,Debt,INF789F1AVI6,150409,Regular,3.37,6.88,,Debt: Gilt with 10 year Constant Duration,3.2,7.1,,,,0.33,2.94,6.77,7.1,6.77,GOI/Cash,9.45,6,https://www.valueresearchonline.com/funds/42369/,6,3,3,10,22,Moderate Risk
UTI Nifty 10 yr Benchmark G-Sec ETF,debt,Debt,INF789F1AZI7,152865,Regular,2.27,,,Debt: Gilt with 10 year Constant Duration,3.2,,,,,,,,,6.97,GOI/Cash,,1,https://www.valueresearchonline.com/funds/44082/,N/A,3,N/A,10,13,Moderate Risk
360 ONE Liquid Reg,debt,Debt,INF579M01506,125259,Regular,6.05,6.72,5.97,Debt: Liquid,6.19,6.82,6.06,,,3.59,0.2,6.52,6.58,0.12,AAA,0.12,24,https://www.valueresearchonline.com/funds/22351/,5,10,10,9,34,Low Risk
ABSL Liquid Inst,debt,Debt,INF209K01RU9,100047,Regular,,,,,,,,,,,,,7.01,0.13,AAA,0.14,0,https://www.valueresearchonline.com/funds/1685/,6,10,10,9,35,Very Low Risk
ABSL Liquid Reg,debt,Debt,INF209K01RU9,100047,Regular,6.32,6.92,6.15,Debt: Liquid,6.19,6.82,6.06,,,4.34,0.21,6.71,7.01,0.13,AAA,0.14,25,https://www.valueresearchonline.com/funds/2174/,6,10,10,9,35,Very Low Risk
ABSL Liquid Ret,debt,Debt,INF209K01RU9,100047,Regular,,,,,,,,,,,,,7.01,0.13,AAA,0.14,0,https://www.valueresearchonline.com/funds/422/,6,10,10,9,35,Very Low Risk
Abakkus Liquid Reg,debt,Debt,INF2JJD01078,154047,Regular,,,,Debt: Liquid,,,,,,,,,6.4,0.1,AAA,0.1,25,https://www.valueresearchonline.com/funds/45685/,4,10,10,9,33,Low Risk
Angel One Nifty 1D Rate Liquid ETF-Growth,debt,Debt,INF1J2R01056,153451,Regular,5.07,,,Debt: Overnight,5.14,,,,,,,,5.45,0,Cash,0,0,https://www.valueresearchonline.com/funds/45082/,2,10,10,8,30,Low Risk
Axis Liquid Reg,debt,Debt,INF846K01412,112210,Regular,6.36,6.96,6.18,Debt: Liquid,6.19,6.82,6.06,,,4.53,0.21,6.75,6.64,0.1,AAA,0.1,25,https://www.valueresearchonline.com/funds/10734/,5,10,10,9,34,Low Risk
Axis Liquid Ret,debt,Debt,INF846K01412,112210,Regular,5.84,6.43,5.66,Debt: Liquid,6.19,6.82,6.06,,,2.17,0.21,6.25,6.64,0.1,AAA,0.1,25,https://www.valueresearchonline.com/funds/10980/,5,10,10,9,34,Low Risk
Bajaj Finserv Liquid Reg,debt,Debt,INF0QA701094,151837,Regular,6.19,,,Debt: Liquid,6.19,,,,,,,,6.48,0.09,AAA,0.09,25,https://www.valueresearchonline.com/funds/43588/,4,10,10,9,33,Low Risk
Bajaj Finserv Nifty 1D Rate Liquid ETF-Growth,debt,Debt,INF0QA701AY1,153508,Regular,4.94,,,Debt: Overnight,5.14,,,,,,,,5.39,0.01,CASH,0.01,1,https://www.valueresearchonline.com/funds/44331/,2,10,10,8,30,Low Risk
Bandhan Liquid Reg,debt,Debt,INF194K01VX9,108690,Regular,6.23,6.85,6.09,Debt: Liquid,6.19,6.82,6.06,,,4.09,0.21,6.64,6.43,0.11,AAA,0.11,25,https://www.valueresearchonline.com/funds/2198/,4,10,10,9,33,Low Risk
Bank of India Liquid Reg,debt,Debt,INF761K01306,109254,Regular,6.36,6.98,6.2,Debt: Liquid,6.19,6.82,6.06,,,4.93,0.2,6.76,6.43,0.11,AAA,0.11,25,https://www.valueresearchonline.com/funds/8383/,4,10,10,9,33,Low Risk
Baroda BNP Paribas Liquid,debt,Debt,INF955L01484,111704,Regular,6.23,6.85,6.12,Debt: Liquid,6.19,6.82,6.06,,,4.22,0.2,6.64,6.59,0.1,AAA,0.1,25,https://www.valueresearchonline.com/funds/10235/,5,10,10,9,34,Low Risk
Baroda BNP Paribas Liquid Reg,debt,Debt,INF955L01484,111704,Regular,6.23,6.86,6.13,Debt: Liquid,6.19,6.82,6.06,,,4.24,0.2,6.65,6.59,0.1,AAA,0.1,25,https://www.valueresearchonline.com/funds/1234/,5,10,10,9,34,Low Risk
Canara Robeco Liquid Reg,debt,Debt,INF760K01CW9,109353,Regular,6.29,6.93,6.15,Debt: Liquid,6.19,6.82,6.06,,,4.41,0.21,6.71,6.33,0.07,AAA,0.07,25,https://www.valueresearchonline.com/funds/8325/,4,10,10,9,33,Low Risk
Canara Robeco Liquid Unclaimed,debt,Debt,INF760K01CW9,109353,Regular,,,,,,,,,,,,,6.33,0.07,AAA,0.07,25,https://www.valueresearchonline.com/funds/32305/,4,10,10,9,33,Low Risk
Capitalmind Liquid Reg,debt,Debt,INF226401042,154010,Regular,,,,Debt: Liquid,,,,,,,,,6.54,0.07,AAA,0.07,15,https://www.valueresearchonline.com/funds/45637/,5,10,10,9,34,Low Risk
DSP BSE Liquid Rate ETF,debt,Debt,INF740K01FK9,103347,Regular,5.01,,,Debt: Overnight,5.14,,,,,,,,,,Cash,,0,https://www.valueresearchonline.com/funds/44244/,N/A,N/A,N/A,8,8,Low Risk
DSP Liquidity Reg,debt,Debt,INF740K01FK9,103347,Regular,6.33,6.93,6.14,Debt: Liquid,6.19,6.82,6.06,,,4.55,0.2,6.72,6.73,0.09,AAA,0.09,25,https://www.valueresearchonline.com/funds/3039/,5,10,10,9,34,Low Risk
DSP NIFTY 1D Rate Liquid ETF,debt,Debt,INF740KA1VK2,153347,Regular,4.7,5.73,5.13,Debt: Overnight,5.14,6.03,5.48,,,-0.83,0.25,5.59,,,Cash,,0,https://www.valueresearchonline.com/funds/35400/,N/A,N/A,N/A,8,8,Low Risk
Edelweiss Liquid Reg,debt,Debt,INF754K01GZ6,140182,Regular,6.35,6.91,6.07,Debt: Liquid,6.19,6.82,6.06,,,4.45,0.2,6.7,6.51,0.11,AAA,0.1,25,https://www.valueresearchonline.com/funds/5902/,5,10,10,9,34,Low Risk
Edelweiss Liquid Retail,debt,Debt,INF754K01GZ6,140182,Regular,6.35,6.9,6.07,Debt: Liquid,6.19,6.82,6.06,,,4.45,0.2,6.69,6.51,0.11,AAA,0.1,25,https://www.valueresearchonline.com/funds/9276/,5,10,10,9,34,Low Risk
Edelweiss Nifty 1D Rate Liquid ETF-Growth,debt,Debt,INF754K01VW2,153920,Regular,,,,Debt: Overnight,,,,,,,,,5.31,0,Cash,0,0,https://www.valueresearchonline.com/funds/45545/,2,10,10,8,30,Low Risk
Franklin Inda Liquid Reg,debt,Debt,INF090I01AE7,112092,Regular,5.65,6.25,5.46,Debt: Liquid,6.19,6.82,6.06,,,1.36,0.2,6.08,6.81,0.11,AAA,0.11,25,https://www.valueresearchonline.com/funds/522/,5,10,10,9,34,Low Risk
Franklin India Liquid Inst,debt,Debt,INF090I01BB1,100538,Regular,5.87,6.52,5.73,Debt: Liquid,6.19,6.82,6.06,,,2.66,0.2,6.33,6.81,0.11,AAA,0.11,25,https://www.valueresearchonline.com/funds/2276/,5,10,10,9,34,Low Risk
Franklin India Liquid SIP,debt,Debt,INF090I01BB1,100538,Regular,6.36,6.96,6.16,Debt: Liquid,6.19,6.82,6.06,,,4.64,0.2,6.75,6.81,0.11,AAA,0.11,25,https://www.valueresearchonline.com/funds/2869/,5,10,10,9,34,Low Risk
Franklin India Liquid Unclaimed,debt,Debt,INF090I01BB1,100538,Regular,,,,,,,,,,,,,6.81,0.11,AAA,0.11,25,https://www.valueresearchonline.com/funds/32949/,5,10,10,9,34,Low Risk
Groww Liquid Reg,debt,Debt,INF666M01014,115991,Regular,6.29,6.92,6.02,Debt: Liquid,6.19,6.82,6.06,,,4.49,0.2,6.71,6.41,0.07,AAA,0.07,15,https://www.valueresearchonline.com/funds/13490/,4,10,10,9,33,Low Risk
Groww Nifty 1D Rate Liquid ETF,debt,Debt,INF666M01LF0,153633,Regular,4.82,,,Debt: Overnight,5.14,,,,,,,,5.35,0,Cash,0,0,https://www.valueresearchonline.com/funds/44564/,2,10,10,8,30,Low Risk
HDFC Liquid Reg,debt,Debt,INF179K01KQ7,100872,Regular,6.28,6.89,6.1,Debt: Liquid,6.19,6.82,6.06,,,4.24,0.21,6.68,6.61,0.09,AAA,0.1,25,https://www.valueresearchonline.com/funds/887/,5,10,10,9,34,Low Risk
HDFC NIFTY 1D RATE LIQUID ETF-Growth,debt,Debt,INF179KC1JG3,153403,Regular,4.9,,,Debt: Overnight,5.14,,,,,,,,5.35,0,Cash,0,0,https://www.valueresearchonline.com/funds/43738/,2,10,10,8,30,Low Risk
HSBC Liquid,debt,Debt,INF336L01BL1,118907,Regular,6.27,6.91,5.9,Debt: Liquid,6.19,6.82,6.06,,,4.34,0.21,6.7,6.55,0.09,AAA,0.09,25,https://www.valueresearchonline.com/funds/1487/,5,10,10,9,34,Low Risk
HSBC Liquid Inst,debt,Debt,INF336L01BL1,118907,Regular,6.12,6.86,6.06,Debt: Liquid,6.19,6.82,6.06,,,4.21,0.2,6.65,6.55,0.09,AAA,0.09,25,https://www.valueresearchonline.com/funds/1845/,5,10,10,9,34,Low Risk
HSBC Liquid Reg,debt,Debt,INF336L01BL1,118907,Regular,6.27,6.91,6.13,Debt: Liquid,6.19,6.82,6.06,,,4.34,0.21,6.7,6.55,0.09,AAA,0.09,25,https://www.valueresearchonline.com/funds/2251/,5,10,10,9,34,Low Risk
ICICI Pru BSE Liquid Rate ETF-Growth,debt,Debt,INF109K1A021,153378,Regular,5.08,,,Debt: Overnight,5.14,,,,,,,,5.34,,Cash,0,0,https://www.valueresearchonline.com/funds/45036/,2,N/A,10,8,20,Moderate Risk
ICICI Pru BSE Liquid Rate ETF-IDCW,debt,Debt,INF109K1A021,153378,Regular,5.06,5.89,5.35,Debt: Overnight,5.14,6.03,5.48,,,-0.28,0.2,5.75,5.34,,Cash,0,0,https://www.valueresearchonline.com/funds/37659/,2,N/A,10,8,20,Moderate Risk
ICICI Pru Liquid,debt,Debt,INF109K01VQ1,103340,Regular,6.26,6.89,6.11,Debt: Liquid,6.19,6.82,6.06,,,4.22,0.21,6.68,6.46,0.1,AAA,0.1,25,https://www.valueresearchonline.com/funds/3026/,4,10,10,9,33,Low Risk
ITI Liquid Reg,debt,Debt,INF00XX01192,147153,Regular,6.06,6.6,5.85,Debt: Liquid,6.19,6.82,6.06,,,3.57,0.17,6.41,5.78,0.02,AAA,0.02,7,https://www.valueresearchonline.com/funds/39833/,3,10,10,9,32,Low Risk
Invesco India Liquid Reg,debt,Debt,INF205K01HM5,104486,Regular,6.31,6.93,6.14,Debt: Liquid,6.19,6.82,6.06,,,4.43,0.21,6.72,6.56,0.08,AAA,0.08,25,https://www.valueresearchonline.com/funds/3892/,5,10,10,9,34,Low Risk
Invesco India Liquid Ret,debt,Debt,INF205K01HM5,104486,Regular,5.77,6.37,5.58,Debt: Liquid,6.19,6.82,6.06,,,1.87,0.21,6.19,6.56,0.08,AAA,0.08,25,https://www.valueresearchonline.com/funds/3886/,5,10,10,9,34,Low Risk
Invesco India Liquid Uncl,debt,Debt,INF205K01HM5,104486,Regular,,,,,,,,,,,,,6.56,0.08,AAA,0.08,25,https://www.valueresearchonline.com/funds/32460/,5,10,10,9,34,Low Risk
JM Liquid Reg,debt,Debt,INF192K01882,100234,Regular,6.17,6.82,6.08,Debt: Liquid,6.19,6.82,6.06,,,4.16,0.2,6.61,6.43,0.07,AAA,0.07,25,https://www.valueresearchonline.com/funds/489/,4,10,10,9,33,Low Risk
JM Liquid Super Inst,debt,Debt,INF192K01882,100234,Regular,6.19,6.83,6.07,Debt: Liquid,6.19,6.82,6.06,,,4.21,0.19,6.62,6.43,0.07,AAA,0.07,25,https://www.valueresearchonline.com/funds/2231/,4,10,10,9,33,Low Risk
Kotak Liquid Reg,debt,Debt,INF174K01NI9,100835,Regular,6.27,6.88,6.09,Debt: Liquid,6.19,6.82,6.06,,,4.17,0.21,6.67,6.69,0.1,AAA,0.1,25,https://www.valueresearchonline.com/funds/1910/,5,10,10,9,34,Low Risk
Kotak Nifty 1D Rate Liquid ETF,debt,Debt,INF174KA1UB8,153145,Regular,5.12,5.97,,Debt: Overnight,5.14,6.03,,,,0.09,0.2,5.82,5.25,0,Cash,0,0,https://www.valueresearchonline.com/funds/43078/,2,10,10,8,30,Low Risk
LIC MF Liquid Reg,debt,Debt,INF767K01IS9,101185,Regular,6.28,6.88,6.1,Debt: Liquid,6.19,6.82,6.06,,,4.14,0.21,6.67,6.65,0.11,AAA,0.11,25,https://www.valueresearchonline.com/funds/1259/,5,10,10,9,34,Low Risk
Mahindra Manulife Liquid Reg,debt,Debt,INF174V01010,139537,Regular,6.28,6.91,6.15,Debt: Liquid,6.19,6.82,6.06,,,4.54,0.2,6.7,6.85,0.13,AAA,0.13,25,https://www.valueresearchonline.com/funds/32621/,5,10,10,9,34,Low Risk
Mirae Asset Liquid Reg,debt,Debt,INF769K01788,111646,Regular,6.22,6.88,6.12,Debt: Liquid,6.19,6.82,6.06,,,4.37,0.2,6.67,6.76,0.12,AAA,0.12,25,https://www.valueresearchonline.com/funds/10158/,5,10,10,9,34,Low Risk
Mirae Asset Nifty 1D Rate Liquid ETF-Growth,debt,Debt,INF769K01MY5,153045,Regular,5.11,,,Debt: Overnight,5.14,,,,,,,,,,Cash,,0,https://www.valueresearchonline.com/funds/44705/,N/A,N/A,N/A,8,8,Low Risk
Mirae Asset Nifty 1D Rate Liquid ETF-IDCW,debt,Debt,INF769K01MY5,153045,Regular,4.98,,,Debt: Overnight,5.14,,,,,,,,,,Cash,,0,https://www.valueresearchonline.com/funds/43679/,N/A,N/A,N/A,8,8,Low Risk
Motilal Oswal Liquid Reg,debt,Debt,INF247L01726,145946,Regular,5.83,6.43,5.68,Debt: Liquid,6.19,6.82,6.06,,,2.44,0.18,6.25,6.72,0.13,AAA,0.13,15,https://www.valueresearchonline.com/funds/38514/,5,10,10,9,34,Low Risk
Motilal Oswal Liquid Uncl,debt,Debt,INF247L01726,145946,Regular,,,,,,,,,,,,,6.72,0.13,AAA,0.13,15,https://www.valueresearchonline.com/funds/40050/,5,10,10,9,34,Low Risk
Navi Liquid Reg,debt,Debt,INF959L01GL9,112636,Regular,5.71,6.45,5.93,Debt: Liquid,6.19,6.82,6.06,,,2.58,0.18,6.27,5.84,0.08,AAA,0.09,13,https://www.valueresearchonline.com/funds/10918/,3,10,10,9,32,Low Risk
Navi Liquid Unclaimed,debt,Debt,INF959L01GL9,112636,Regular,,,,,,,,,,,,,5.84,0.08,AAA,0.09,13,https://www.valueresearchonline.com/funds/33272/,3,10,10,9,32,Low Risk
Nippon India ETF Nifty 1D Rate Liquid BeES,debt,Debt,INF204KC1FU1,153725,Regular,4.51,5.3,4.79,Debt: Overnight,5.14,6.03,5.48,,,-3.14,0.2,5.18,5.35,0,Cash,0,0,https://www.valueresearchonline.com/funds/1787/,2,10,10,8,30,Low Risk
Nippon India Liquid Reg,debt,Debt,INF204K01UN9,100851,Regular,6.28,6.89,6.11,Debt: Liquid,6.19,6.82,6.06,,,4.25,0.21,6.68,6.98,0.13,AAA,0.13,25,https://www.valueresearchonline.com/funds/1972/,5,10,10,9,34,Low Risk
Nippon India Liquid Ret,debt,Debt,INF204K01UN9,100851,Regular,6.36,6.5,5.62,Debt: Liquid,6.19,6.82,6.06,,,1.48,0.35,6.32,6.98,0.13,AAA,0.13,25,https://www.valueresearchonline.com/funds/519/,5,10,10,9,34,Low Risk
Nippon India Nifty 1D Rate Liquid ETF-Growth,debt,Debt,INF204KC1FU1,153725,Regular,,,,Debt: Overnight,,,,,,,,,5.35,0,Cash,0,0,https://www.valueresearchonline.com/funds/45364/,2,10,10,8,30,Low Risk
PGIM India Liquid,debt,Debt,INF223J01BP6,138288,Regular,6.31,6.91,6.13,Debt: Liquid,6.19,6.82,6.06,,,4.37,0.2,6.7,6.57,0.11,AAA,0.11,24,https://www.valueresearchonline.com/funds/5801/,5,10,10,9,34,Low Risk
Parag Parikh Liquid Reg,debt,Debt,INF879O01035,143260,Regular,6.21,6.63,5.84,Debt: Liquid,6.19,6.82,6.06,,,3.55,0.18,6.43,6.41,0.11,AAA,0.11,25,https://www.valueresearchonline.com/funds/36009/,4,10,10,9,33,Low Risk
Quant Liquid Reg,debt,Debt,INF966L01317,103225,Regular,5.76,6.55,5.91,Debt: Liquid,6.19,6.82,6.06,,,2.86,0.19,6.36,6.74,0.15,AAA,0.15,15,https://www.valueresearchonline.com/funds/2939/,5,10,10,9,34,Low Risk
Quantum Liquid Fund Uncl,debt,Debt,INF082J01309,141066,Regular,,,,,,,,,,,,,6.11,0.12,AAA,0.12,18,https://www.valueresearchonline.com/funds/44010/,4,10,10,9,33,Low Risk
Quantum Liquid Reg,debt,Debt,INF082J01309,141066,Regular,5.7,6.48,5.79,Debt: Liquid,6.19,6.82,6.06,,,2.69,0.18,6.3,6.11,0.12,AAA,0.12,18,https://www.valueresearchonline.com/funds/33965/,4,10,10,9,33,Low Risk
SBI Liquid Inst,debt,Debt,INF200K01MA1,105280,Regular,6.26,6.85,6.08,Debt: Liquid,6.19,6.82,6.06,,,4.11,0.2,6.64,6.5,0.08,AAA,0.08,25,https://www.valueresearchonline.com/funds/1922/,5,10,10,9,34,Low Risk
SBI Liquid Reg,debt,Debt,INF200K01MA1,105280,Regular,6.26,6.85,6.08,Debt: Liquid,6.19,6.82,6.06,,,4.11,0.2,6.64,6.5,0.08,AAA,0.08,25,https://www.valueresearchonline.com/funds/4664/,5,10,10,9,34,Low Risk
SBI NIFTY 1D Rate Liquid ETF-Growth,debt,Debt,INF200KB1969,153796,Regular,,,,Debt: Overnight,,,,,,,,,,,Cash,,0,https://www.valueresearchonline.com/funds/45433/,N/A,N/A,N/A,8,8,Low Risk
SBI Nifty 1D Rate Liquid ETF-IDCW,debt,Debt,INF200KB1969,153796,Regular,4.85,,,Debt: Overnight,5.14,,,,,,,,,,Cash,,0,https://www.valueresearchonline.com/funds/43870/,N/A,N/A,N/A,8,8,Low Risk
Shriram Liquid Reg,debt,Debt,INF680P01448,153036,Regular,6.07,,,Debt: Liquid,6.19,,,,,,,,6.57,0.1,AAA,0.1,14,https://www.valueresearchonline.com/funds/44699/,5,10,10,9,34,Low Risk
Shriram Nifty 1D Rate Liquid ETF,debt,Debt,INF680P01422,152741,Regular,4.85,,,Debt: Overnight,5.14,,,,,,,,5.31,0,Cash,0,0,https://www.valueresearchonline.com/funds/44414/,2,10,10,8,30,Low Risk
Sundaram Liquid Reg,debt,Debt,INF173K01DA9,149661,Regular,6.17,6.84,6.09,Debt: Liquid,6.19,6.82,6.06,,,3.85,0.21,6.63,6.53,0.08,AAA,0.08,25,https://www.valueresearchonline.com/funds/2431/,5,10,10,9,34,Low Risk
TRUSTMF Liquid Reg,debt,Debt,INF0GCD01198,148833,Regular,6.16,6.78,6.02,Debt: Liquid,6.19,6.82,6.06,,,3.96,0.19,6.57,6.65,0.11,AAA,0.11,25,https://www.valueresearchonline.com/funds/41409/,5,10,10,9,34,Low Risk
Tata Liquid Reg,debt,Debt,INF277K01YD8,102672,Regular,6.29,6.9,6.11,Debt: Liquid,6.19,6.82,6.06,,,4.5,0.2,6.69,6.59,0.1,AAA,0.1,25,https://www.valueresearchonline.com/funds/2442/,5,10,10,9,34,Low Risk
The Wealth Company Liquid Reg,debt,Debt,INF2F0001149,153888,Regular,,,,Debt: Liquid,,,,,,,,,6.67,0.13,AAA,0.13,25,https://www.valueresearchonline.com/funds/45505/,5,10,10,9,34,Low Risk
UTI Liquid Discontinued Reg,debt,Debt,INF789F1AG35,102009,Regular,6.32,6.68,5.78,Debt: Liquid,6.19,6.82,6.06,,,3.75,0.18,6.48,6.62,0.1,AAA,0.1,25,https://www.valueresearchonline.com/funds/1761/,5,10,10,9,34,Low Risk
UTI Liquid Reg,debt,Debt,INF789F1AF85,102012,Regular,6.32,6.92,6.15,Debt: Liquid,6.19,6.82,6.06,,,4.5,0.2,6.71,6.62,0.1,AAA,0.1,25,https://www.valueresearchonline.com/funds/1968/,5,10,10,9,34,Low Risk
Unifi Liquid Reg,debt,Debt,INF1MIY01064,153571,Regular,5.95,,,Debt: Liquid,6.19,,,,,,,,5.45,0,CASH,0,2,https://www.valueresearchonline.com/funds/45228/,2,10,10,8,30,Low Risk
Union Liquid Reg,debt,Debt,INF582M01013,115398,Regular,6.31,6.92,6.15,Debt: Liquid,6.19,6.82,6.06,,,4.63,0.2,6.71,6.52,0.1,AAA,0.1,25,https://www.valueresearchonline.com/funds/12929/,5,10,10,9,34,Low Risk
WhiteOak Capital Liquid Reg,debt,Debt,INF03VN01126,145968,Regular,6.15,6.78,5.92,Debt: Liquid,6.19,6.82,6.06,,,3.76,0.21,6.58,6.73,0.15,AAA,0.15,22,https://www.valueresearchonline.com/funds/38641/,5,10,10,9,34,Low Risk
Zerodha Nifty 1D Rate Liquid ETF,debt,Debt,INF0R8F01034,152327,Regular,5.04,,,Debt: Overnight,5.3,,,,,,,,,,Cash,,1,https://www.valueresearchonline.com/funds/44050/,N/A,N/A,N/A,8,8,Low Risk
ABSL Long Duration Reg,debt,Debt,INF209KB14J9,150482,Regular,2.74,6.54,,Debt: Long Duration,2.87,6.45,,,,0.16,4.07,6.46,7.8,6.46,AAA,27.64,25,https://www.valueresearchonline.com/funds/42336/,7,3,1,9,20,Moderately High Risk
Axis Long Duration Reg,debt,Debt,INF846K015L0,151178,Regular,3.22,6.6,,Debt: Long Duration,2.87,6.45,,,,0.14,5.2,6.55,7.72,6.55,AAA,31.38,7,https://www.valueresearchonline.com/funds/42910/,7,3,1,9,20,Moderately High Risk
Bandhan Long Duration Reg,debt,Debt,INF194KB1HV8,152518,Regular,3.93,,,Debt: Long Duration,2.87,,,,,,,,7.55,6.4,AAA,26.3,4,https://www.valueresearchonline.com/funds/44182/,7,3,1,9,20,Moderately High Risk
Franklin India Long Duration Fund Reg,debt,Debt,INF090I01XV3,153104,Regular,4.19,,,Debt: Long Duration,2.87,,,,,,,,6.66,6.4,GOI/Cash,8.95,5,https://www.valueresearchonline.com/funds/44762/,5,3,4,10,22,Moderate Risk
HDFC Long Duration Debt Reg,debt,Debt,INF179KC1EW1,151314,Regular,3.04,6.76,,Debt: Long Duration,2.87,6.45,,,,0.18,5.37,6.75,7.74,6.75,AAA,28.91,12,https://www.valueresearchonline.com/funds/43048/,7,3,1,9,20,Moderately High Risk
ICICI Pru Long Term Bond,debt,Debt,INF109K01365,100365,Regular,2.88,6.7,5.39,Debt: Long Duration,2.87,6.45,5.8,,,0.2,3.98,6.61,7.89,6.4,AAA,29.18,20,https://www.valueresearchonline.com/funds/537/,7,3,1,9,20,Moderately High Risk
Kotak Long Duration Reg,debt,Debt,INF174KA1RC2,152489,Regular,2.19,,,Debt: Long Duration,2.87,,,,,,,,7.65,6.4,AAA,13.24,16,https://www.valueresearchonline.com/funds/44190/,7,3,2,9,21,Moderate Risk
Mirae Asset Long Duration Reg,debt,Debt,INF769K01MZ2,153107,Regular,2.29,,,Debt: Long Duration,2.87,,,,,,,,7.53,6.4,AAA,25.67,5,https://www.valueresearchonline.com/funds/44750/,7,3,1,9,20,Moderately High Risk
Nippon India Nivesh Lakshya Long Duration Reg,debt,Debt,INF204KB1ZB0,143702,Regular,3,6.69,6.22,Debt: Long Duration,2.87,6.45,5.8,,,0.17,4.51,6.56,7.67,6.56,AAA,21.61,15,https://www.valueresearchonline.com/funds/36516/,7,3,1,9,20,Moderately High Risk
SBI Long Duration Reg,debt,Debt,INF200KA13T1,151212,Regular,2.7,6.53,,Debt: Long Duration,2.87,6.45,,,,0.15,4.76,6.5,7.54,6.5,GOI/Cash,34.23,4,https://www.valueresearchonline.com/funds/42948/,7,3,1,10,21,Moderate Risk
UTI Long Duration Reg,debt,Debt,INF789F1AXS1,151527,Regular,1.38,5.31,,Debt: Long Duration,2.87,6.45,,,,-0.09,4.93,5.35,7.33,5.35,GOI/Cash,19.69,8,https://www.valueresearchonline.com/funds/43274/,6,4,2,10,22,Moderate Risk
ABSL CRISIL-IBX Fin Srvices 9-12 Months Debt Index Reg,debt,Debt,INF209KC1514,153445,Regular,6.16,,,Debt: Low Duration,5.9,,,,,,,,7.93,6.74,AAA,0.75,25,https://www.valueresearchonline.com/funds/45077/,7,3,10,9,29,Low Risk
ABSL Low Duration Inst,debt,Debt,INF209KB14J9,150482,Regular,,,,,,,,,,,,,7.7,0.91,AAA,0.99,0,https://www.valueresearchonline.com/funds/1678/,7,9,10,9,35,Very Low Risk
ABSL Low Duration Reg,debt,Debt,INF209KB14J9,150482,Regular,5.59,6.68,5.91,Debt: Low Duration,5.9,6.96,6.17,,,0.99,0.68,6.48,7.7,6.48,AAA,0.99,25,https://www.valueresearchonline.com/funds/526/,7,3,10,9,29,Low Risk
Axis Treasury Advantage Reg,debt,Debt,INF846K01537,112214,Regular,6.18,7.2,6.3,Debt: Low Duration,5.9,6.96,6.17,,,1.89,0.61,6.96,7.67,6.74,AAA,1,25,https://www.valueresearchonline.com/funds/10738/,7,3,10,9,29,Low Risk
Axis Treasury Advantage Ret,debt,Debt,INF846K01537,112214,Regular,6.18,7.2,6.3,Debt: Low Duration,5.9,6.96,6.17,,,1.89,0.61,6.96,7.67,6.74,AAA,1,25,https://www.valueresearchonline.com/funds/10988/,7,3,10,9,29,Low Risk
Bajaj Finserv Low Duration Reg,debt,Debt,INF0QA701CC3,154203,Regular,,,,Debt: Low Duration,,,,,,,,,7.62,6.74,AAA,0.92,17,https://www.valueresearchonline.com/funds/45822/,7,3,10,9,29,Low Risk
Bandhan Low Duration Reg,debt,Debt,INF194K01FU8,108632,Regular,5.93,6.96,6.05,Debt: Low Duration,5.9,6.96,6.17,,,1.54,0.61,6.74,7.53,6.74,AAA,0.99,25,https://www.valueresearchonline.com/funds/3128/,7,3,10,9,29,Low Risk
Baroda BNP Paribas Low Duration,debt,Debt,INF251K01DQ9,150165,Regular,5.67,6.67,5.75,Debt: Low Duration,5.9,6.96,6.17,,,1.11,0.61,6.48,7.71,6.48,AAA,0.86,25,https://www.valueresearchonline.com/funds/2979/,7,3,10,9,29,Low Risk
Baroda BNP Paribas Low Duration Reg,debt,Debt,INF251K01DQ9,150165,Regular,5.67,6.71,5.87,Debt: Low Duration,5.9,6.96,6.17,,,1.16,0.61,6.51,7.71,6.51,AAA,0.86,25,https://www.valueresearchonline.com/funds/2976/,7,3,10,9,29,Low Risk
Baroda BNP Paribas Medium Duration-Seg Port 1,debt,Debt,INF955L01IO7,148330,Regular,,,,,,,,,,,,,,,,,0,https://www.valueresearchonline.com/funds/40953/,N/A,N/A,N/A,N/A,,Insufficient Data
Baroda BNP Paribas Medium Duration-Seg Port 1 Reg,debt,Debt,INF955L01IO7,148330,Regular,,,,,,,,,,,,,,,,,0,https://www.valueresearchonline.com/funds/40942/,N/A,N/A,N/A,N/A,,Insufficient Data
Canara Robeco Savings Reg,debt,Debt,INF760K01795,102913,Regular,6.01,7.02,6.07,Debt: Low Duration,5.9,6.96,6.17,,,1.59,0.63,6.8,7.54,6.74,AAA,1.17,25,https://www.valueresearchonline.com/funds/2648/,7,3,9,9,28,Low Risk
DSP Low Duration Reg,debt,Debt,INF740K018P2,133926,Regular,5.85,6.93,6.07,Debt: Low Duration,5.9,6.96,6.17,,,1.35,0.68,6.71,7.59,6.71,AAA,1.09,25,https://www.valueresearchonline.com/funds/29611/,7,3,9,9,28,Low Risk
Edelweiss Low Duration Reg,debt,Debt,INF754K01UT0,153419,Regular,5.55,,,Debt: Low Duration,5.9,,,,,,,,7.71,6.74,AAA,0.93,25,https://www.valueresearchonline.com/funds/45055/,7,3,10,9,29,Low Risk
Franklin Ind Low Duration Seg Port 2 Reg,debt,Debt,INF090I01AE7,112092,Regular,,,,,,,,,,,,,4.17,0.01,B,0.01,1,https://www.valueresearchonline.com/funds/40608/,1,10,10,2,23,Moderate Risk
Franklin India Low Duration Reg,debt,Debt,INF090I01YB3,153371,Regular,6.16,,,Debt: Low Duration,5.9,,,,,,,,7.81,6.74,AAA,1.16,22,https://www.valueresearchonline.com/funds/45008/,7,3,9,9,28,Low Risk
HDFC CRISIL-IBX Financial Services 9-12 Months Debt Index Reg,debt,Debt,INF179KC1KH9,154309,Regular,,,,Debt: Low Duration,,,,,,,,,7.91,6.74,AAA,0.78,23,https://www.valueresearchonline.com/funds/45933/,7,3,10,9,29,Low Risk
HDFC Low Duration Reg,debt,Debt,INF179K01442,102452,Regular,5.82,6.98,6.1,Debt: Low Duration,5.9,6.96,6.17,,,1.46,0.66,6.76,7.82,6.76,AAA,1.93,25,https://www.valueresearchonline.com/funds/696/,7,3,9,9,28,Low Risk
HSBC Low Duration Reg,debt,Debt,INF677K01452,151114,Regular,6.08,7.55,6.37,Debt: Low Duration,5.9,6.96,6.17,,,1.4,1.07,7.31,7.9,7.31,AAA,0.04,25,https://www.valueresearchonline.com/funds/11809/,7,3,10,9,29,Low Risk
ICICI Pru Savings,debt,Debt,INF109K01746,101619,Regular,6.44,7.52,6.58,Debt: Low Duration,5.9,6.96,6.17,,,2.25,0.65,7.27,7.95,6.74,AAA,1.33,25,https://www.valueresearchonline.com/funds/1458/,7,3,9,9,28,Low Risk
Invesco India Low Duration Reg,debt,Debt,INF205K01HY0,104726,Regular,5.94,7.02,6.06,Debt: Low Duration,5.9,6.96,6.17,,,1.63,0.61,6.8,7.59,6.8,AAA,0.84,25,https://www.valueresearchonline.com/funds/4166/,7,3,10,9,29,Low Risk
Invesco India Low Duration Ret,debt,Debt,INF205K01HY0,104726,Regular,5.31,6.36,5.41,Debt: Low Duration,5.9,6.96,6.17,,,0.61,0.61,6.17,7.59,6.17,AAA,0.84,25,https://www.valueresearchonline.com/funds/4162/,7,3,10,9,29,Low Risk
JM Low Duration Reg,debt,Debt,INF192K01AY5,143607,Regular,5.85,6.88,5.95,Debt: Low Duration,5.9,6.96,6.17,,,1.41,0.61,6.67,7.66,6.67,AAA,0.86,25,https://www.valueresearchonline.com/funds/3711/,7,3,10,9,29,Low Risk
Kotak CRISIL-IBX Fin Srvices 9 To 12 Months Debt Index Reg,debt,Debt,INF174KA1XP2,153877,Regular,,,,Debt: Low Duration,,,,,,,,,7.9,6.74,AAA,0.72,21,https://www.valueresearchonline.com/funds/45501/,7,3,10,9,29,Low Risk
Kotak Low Duration Reg,debt,Debt,INF178L01202,133805,Regular,5.65,6.79,5.91,Debt: Low Duration,5.9,6.96,6.17,,,1.11,0.7,6.58,8.13,6.58,AAA,1.19,25,https://www.valueresearchonline.com/funds/7017/,8,3,9,9,29,Low Risk
LIC MF Low Duration Reg,debt,Debt,INF767K01AO5,101830,Regular,5.85,6.71,5.81,Debt: Low Duration,5.9,6.96,6.17,,,1.12,0.63,6.5,7.6,6.5,AAA,0.89,25,https://www.valueresearchonline.com/funds/1745/,7,3,10,9,29,Low Risk
Mahindra Manulife Low Duration Reg,debt,Debt,INF174V01218,140620,Regular,5.81,6.77,5.79,Debt: Low Duration,5.9,6.96,6.17,,,1.28,0.59,6.57,7.96,6.57,AAA,1.02,25,https://www.valueresearchonline.com/funds/33496/,7,3,9,9,28,Low Risk
Mirae Asset CRISIL-IBX Financial Services 9-12 Months Debt Index Reg,debt,Debt,INF769K01OP9,153636,Regular,6.12,,,Debt: Low Duration,5.9,,,,,,,,7.88,6.74,AAA,0.7,14,https://www.valueresearchonline.com/funds/45251/,7,3,10,9,29,Low Risk
Mirae Asset Low Duration Reg,debt,Debt,INF769K01937,107705,Regular,5.82,6.88,5.91,Debt: Low Duration,5.9,6.96,6.17,,,1.32,0.65,6.66,7.66,6.66,AAA,0.98,25,https://www.valueresearchonline.com/funds/7136/,7,3,10,9,29,Low Risk
Nippon India CRISIL-IBX Fin Srvices 9-12 Months Debt Index Reg,debt,Debt,INF204KC1GO2,154255,Regular,,,,Debt: Low Duration,,,,,,,,,7.97,6.74,AAA,0.72,22,https://www.valueresearchonline.com/funds/45879/,7,3,10,9,29,Low Risk
Nippon India Low Duration Reg,debt,Debt,INF204K01EV6,111753,Regular,5.94,6.95,6.08,Debt: Low Duration,5.9,6.96,6.17,,,1.48,0.62,6.73,7.88,6.73,AAA,1.23,25,https://www.valueresearchonline.com/funds/4547/,7,3,9,9,28,Low Risk
Nippon India Low Duration Ret,debt,Debt,INF204K01EV6,111753,Regular,6.27,6.94,6.04,Debt: Low Duration,5.9,6.96,6.17,,,1.55,0.59,6.72,7.88,6.72,AAA,1.23,25,https://www.valueresearchonline.com/funds/4541/,7,3,9,9,28,Low Risk
PGIM India Money Market-Seg Port 1 Reg,debt,Debt,-,152122,Regular,,,,,,,,,,,,,,,,,0,https://www.valueresearchonline.com/funds/43746/,N/A,N/A,N/A,N/A,,Insufficient Data
SBI Low Duration Reg,debt,Debt,INF200K01MO2,106212,Regular,5.62,6.79,5.91,Debt: Low Duration,5.9,6.96,6.17,,,1.24,0.63,6.58,7.7,6.58,AAA,1.05,25,https://www.valueresearchonline.com/funds/5493/,7,3,9,9,28,Low Risk
SBI Magnum Low Duration Inst,debt,Debt,INF200K01MO2,106212,Regular,5.62,6.79,5.91,Debt: Low Duration,5.9,6.96,6.17,,,1.24,0.63,6.58,7.7,6.58,AAA,1.05,25,https://www.valueresearchonline.com/funds/5498/,7,3,9,9,28,Low Risk
Sundaram Low Duration Reg,debt,Debt,INF173K01DG6,149519,Regular,5.34,6.6,7.32,Debt: Low Duration,5.9,6.96,6.17,,,0.95,0.64,6.41,7.44,6.41,AAA,0.79,25,https://www.valueresearchonline.com/funds/2403/,6,3,10,9,28,Low Risk
Tata Treasury Advantage Reg,debt,Debt,INF277K01MA9,103159,Regular,6.06,7.01,6.11,Debt: Low Duration,5.9,6.96,6.17,,,1.59,0.62,6.79,7.74,6.74,AAA,1.05,25,https://www.valueresearchonline.com/funds/2909/,7,3,9,9,28,Low Risk
Tata Treasury Advtg Seg Port1 Reg,debt,Debt,INF277K01MA9,103159,Regular,,,,,,,,,,,,,,,AA,,1,https://www.valueresearchonline.com/funds/40084/,N/A,N/A,N/A,6,6,Moderate Risk
UTI Low Duration Discontinued,debt,Debt,INF789F01ON2,102540,Regular,6.21,7.03,7.08,Debt: Low Duration,5.9,6.96,6.17,,,1.62,0.62,6.81,7.77,6.81,AAA,0.88,25,https://www.valueresearchonline.com/funds/625/,7,3,10,9,29,Low Risk
UTI Low Duration Reg,debt,Debt,INF789F01OT9,102544,Regular,6.21,7.24,7.4,Debt: Low Duration,5.9,6.96,6.17,,,1.93,0.62,7,7.77,7,AAA,0.88,25,https://www.valueresearchonline.com/funds/1578/,7,3,10,9,29,Low Risk
Union Low Duration Reg,debt,Debt,INF582M01LU8,153652,Regular,,,,Debt: Low Duration,,,,,,,,,7.55,6.74,AAA,0.97,21,https://www.valueresearchonline.com/funds/45260/,7,3,10,9,29,Low Risk
ABSL Medium Term Reg,debt,Debt,INF209K01603,111803,Regular,8.76,9.96,12.11,Debt: Medium Duration,5.96,7.41,6.87,,,1.84,2.04,9.57,8.49,7.19,AAA,3.86,25,https://www.valueresearchonline.com/funds/10317/,8,3,7,9,27,Moderate Risk
ABSL Medium Term Seg Port1 Reg,debt,Debt,INF209K01603,111803,Regular,,,,,,,,,,,,,,,Cash,,0,https://www.valueresearchonline.com/funds/40445/,N/A,N/A,N/A,8,8,Low Risk
Axis Strategic Bond Reg,debt,Debt,INF846K01BP2,116894,Regular,6.46,7.85,6.85,Debt: Medium Duration,5.96,7.41,6.87,,,1.2,1.5,7.6,8.61,7.19,AA,4.7,25,https://www.valueresearchonline.com/funds/14331/,9,3,6,6,24,Moderate Risk
Bandhan Medium Duration Reg,debt,Debt,INF194K01JU0,108728,Regular,5.28,6.88,5.46,Debt: Medium Duration,5.96,7.41,6.87,,,0.5,1.77,6.69,7.69,6.69,AAA,4.52,25,https://www.valueresearchonline.com/funds/1755/,7,3,6,9,25,Moderate Risk
DSP Bond Reg,debt,Debt,INF740K01557,100078,Regular,4.92,7.14,6.04,Debt: Medium Duration,5.96,7.41,6.87,,,0.65,1.76,6.94,7.32,7.19,AAA,3.76,10,https://www.valueresearchonline.com/funds/386/,6,3,7,9,25,Moderate Risk
Franklin Ind Incm Opp Seg Port 2 Reg,debt,Debt,INF090I01AE7,112092,Regular,,,,,,,,,,,,,4.17,0.01,B,0.01,1,https://www.valueresearchonline.com/funds/40590/,1,10,10,2,23,Moderate Risk
HDFC Medium Term Debt Reg,debt,Debt,INF179K01913,101989,Regular,6.14,7.34,6.28,Debt: Medium Duration,5.96,7.41,6.87,,,0.84,1.58,7.12,8.59,7.19,AAA,4.38,25,https://www.valueresearchonline.com/funds/1204/,9,3,6,9,27,Moderate Risk
HSBC Medium Duration Reg,debt,Debt,INF917K01TH0,151149,Regular,5.61,7.39,6.25,Debt: Medium Duration,5.96,7.41,6.87,,,0.9,1.54,7.18,8.22,7.18,AAA,4.04,25,https://www.valueresearchonline.com/funds/29309/,8,3,6,9,26,Moderate Risk
ICICI Pru Medium Term Bond,debt,Debt,INF109K01AH4,102741,Regular,7.24,7.92,6.86,Debt: Medium Duration,5.96,7.41,6.87,,,1.29,1.43,7.65,8.57,7.19,AAA,6.18,25,https://www.valueresearchonline.com/funds/2385/,9,3,5,9,26,Moderate Risk
Invesco India Medium Duration Reg,debt,Debt,INF205KA1379,149012,Regular,4.31,6.61,,Debt: Medium Duration,5.96,7.41,,,,0.36,1.79,6.44,7.44,6.44,AAA,3.94,22,https://www.valueresearchonline.com/funds/41548/,6,3,7,9,25,Moderate Risk
Kotak Medium Term Reg,debt,Debt,INF174K01VL6,128009,Regular,6.71,8.1,6.62,Debt: Medium Duration,5.96,7.41,6.87,,,1.13,1.77,7.81,8.72,7.19,AA,4.17,25,https://www.valueresearchonline.com/funds/25268/,9,3,6,6,24,Moderate Risk
Nippon India Medium Duration Reg,debt,Debt,INF204KA1PZ1,130037,Regular,8.32,8.01,9.2,Debt: Medium Duration,5.96,7.41,6.87,,,0.98,2.02,7.78,8.08,7.78,AAA,4.54,25,https://www.valueresearchonline.com/funds/26990/,8,3,6,9,26,Moderate Risk
Nippon India Medium Duration Seg Port 2 Reg,debt,Debt,INF204KB16R8,148286,Regular,,,,,,,,,,,,,,,,,0,https://www.valueresearchonline.com/funds/40876/,N/A,N/A,N/A,N/A,,Insufficient Data
Nippon India Medium Duration Seg Port1 Reg,debt,Debt,INF204KB14N2,148083,Regular,,,,,,,,,,,,,2.81,,B,0.07,1,https://www.valueresearchonline.com/funds/40707/,1,N/A,10,2,13,Moderately High Risk
SBI Medium Duration Reg,debt,Debt,INF200K01719,102053,Regular,6.03,7.35,6.39,Debt: Medium Duration,5.96,7.41,6.87,,,0.86,1.55,7.14,8.5,7.14,AAA,4.21,25,https://www.valueresearchonline.com/funds/1884/,9,3,6,9,27,Moderate Risk
Sundaram Medium Duration Reg,debt,Debt,INF903J01FQ2,100603,Regular,3.23,5.3,4.2,Debt: Medium Duration,5.96,7.41,6.87,,,-0.39,1.55,5.2,7.39,5.2,AAA,3.72,14,https://www.valueresearchonline.com/funds/570/,6,4,7,9,26,Moderate Risk
Tata Medium Term Seg Port1 Reg,debt,Debt,INF277K01717,101703,Regular,,,,,,,,,,,,,,,AA,,1,https://www.valueresearchonline.com/funds/40072/,N/A,N/A,N/A,6,6,Moderate Risk
UTI Medium Duration Reg,debt,Debt,INF789FB1JU4,134499,Regular,4.43,6.5,6.18,Debt: Medium Duration,5.96,7.41,6.87,,,0.33,1.61,6.33,7.55,6.33,AAA,4.18,15,https://www.valueresearchonline.com/funds/29988/,7,3,6,9,25,Moderate Risk
UTI Medium Duration Seg Port 2 Reg,debt,Debt,INF789FB1JU4,134499,Regular,,,,,,,,,,,,,,,Cash,,2,https://www.valueresearchonline.com/funds/40912/,N/A,N/A,N/A,8,8,Low Risk
UTI Medium Duration Seg Port 3 Reg,debt,Debt,INF789FB1JU4,134499,Regular,,,,,,,,,,,,,,,,,0,https://www.valueresearchonline.com/funds/41044/,N/A,N/A,N/A,N/A,,Insufficient Data
UTI Medium Duration Seg Port Reg,debt,Debt,INF789FB1JU4,134499,Regular,,,,,,,,,,,,,,,B,0.07,1,https://www.valueresearchonline.com/funds/40733/,N/A,N/A,10,2,12,Moderate Risk
ABSL Income Reg,debt,Debt,INF209K01579,100038,Regular,3.63,6.24,5.58,Debt: Medium to Long Duration,4.04,6.45,5.68,,,0.1,2.83,6.1,7.74,6.31,AAA,15.14,25,https://www.valueresearchonline.com/funds/29/,7,3,2,9,21,Moderate Risk
Bandhan Medium to Long Duration Reg,debt,Debt,INF194K01IL1,108765,Regular,5.58,6.23,4.93,Debt: Medium to Long Duration,4.04,6.45,5.68,,,0.11,2.78,6.1,7.7,6.1,AAA,15.88,17,https://www.valueresearchonline.com/funds/835/,7,3,2,9,21,Moderate Risk
Canara Robeco Income Reg,debt,Debt,INF760K01324,101588,Regular,2.66,5.41,4.5,Debt: Medium to Long Duration,4.04,6.45,5.68,,,-0.2,2.28,5.34,6.99,6.31,AAA,8.42,15,https://www.valueresearchonline.com/funds/1404/,5,3,4,9,21,Moderate Risk
Franklin India Medium to Long Duration Reg,debt,Debt,INF090I01XD1,152853,Regular,4.44,,,Debt: Medium to Long Duration,4.04,,,,,,,,7.76,6.31,AAA,7.13,13,https://www.valueresearchonline.com/funds/44532/,7,3,4,9,23,Moderate Risk
HDFC Income Reg,debt,Debt,INF179K01962,100124,Regular,3.91,6.65,5.22,Debt: Medium to Long Duration,4.04,6.45,5.68,,,0.24,2.99,6.51,7.34,6.31,AAA,13.16,25,https://www.valueresearchonline.com/funds/845/,6,3,2,9,20,Moderately High Risk
HSBC Medium to Long Duration Reg,debt,Debt,INF336L01776,101685,Regular,3.69,5.98,4.78,Debt: Medium to Long Duration,4.04,6.45,5.68,,,0.03,2.56,5.88,7.29,5.88,AAA,7.15,15,https://www.valueresearchonline.com/funds/1485/,6,4,4,9,23,Moderate Risk
ICICI Pru Bond,debt,Debt,INF109K01BO8,109740,Regular,4.7,7.27,6.22,Debt: Medium to Long Duration,4.04,6.45,5.68,,,0.52,2.45,7.08,7.85,6.31,AAA,15.21,25,https://www.valueresearchonline.com/funds/8811/,7,3,2,9,21,Moderate Risk
ICICI Pru Diversified Debt Strategy Active FoF,debt,Debt,INF109K01878,102141,Regular,5.87,7.5,6.48,Debt: Medium to Long Duration,4.04,6.45,5.68,,,0.87,1.69,7.28,,6.31,AAA,,4,https://www.valueresearchonline.com/funds/1926/,N/A,3,N/A,9,12,Moderate Risk
JM Medium to Long Duration Reg,debt,Debt,INF192K01AB3,100223,Regular,3.05,6.41,5.2,Debt: Medium to Long Duration,4.04,6.45,5.68,,,0.21,2.3,6.29,7.2,6.29,AAA,4.99,8,https://www.valueresearchonline.com/funds/110/,6,3,6,9,24,Moderate Risk
Kotak Bond Reg,debt,Debt,INF174K01EM0,100299,Regular,3.78,6.45,5.48,Debt: Medium to Long Duration,4.04,6.45,5.68,,,0.19,2.83,6.33,7.59,6.31,AAA,8.18,25,https://www.valueresearchonline.com/funds/711/,7,3,4,9,23,Moderate Risk
LIC MF Medium to Long Duration Reg,debt,Debt,INF767K01923,100315,Regular,3.81,6.67,5.68,Debt: Medium to Long Duration,4.04,6.45,5.68,,,0.29,2.64,6.56,7.49,6.56,AAA,10.68,15,https://www.valueresearchonline.com/funds/616/,6,3,3,9,21,Moderate Risk
Nippon India Medium to Long Duration Reg,debt,Debt,INF204K01CL1,100387,Regular,3.84,6.23,5.55,Debt: Medium to Long Duration,4.04,6.45,5.68,,,0.11,2.76,6.09,7.41,6.09,AAA,14.02,17,https://www.valueresearchonline.com/funds/479/,6,3,2,9,20,Moderately High Risk
SBI Medium to Long Duration Reg,debt,Debt,INF200K01594,100639,Regular,4.13,6.54,5.81,Debt: Medium to Long Duration,4.04,6.45,5.68,,,0.26,2.3,6.39,7.92,6.39,AAA,8.25,25,https://www.valueresearchonline.com/funds/567/,7,3,4,9,23,Moderate Risk
UTI Medium to Long Duration Reg,debt,Debt,INF789F01406,100741,Regular,3.45,6.21,8.36,Debt: Medium to Long Duration,4.04,6.45,5.68,,,0.11,2.49,6.06,8.09,6.06,AAA,7.84,24,https://www.valueresearchonline.com/funds/541/,8,3,4,9,24,Moderate Risk
UTI Medium to Long Duration Seg Port Reg,debt,Debt,INF789F01406,100741,Regular,,,,,,,,,,,,,,,B,0.07,1,https://www.valueresearchonline.com/funds/40715/,N/A,N/A,10,2,12,Moderate Risk
ABSL Money Manager Reg,debt,Debt,INF209K01RV7,101976,Regular,6.31,7.33,6.51,Debt: Money Market,6.16,7.07,6.26,,,2.22,0.57,7.08,7.94,0.67,AAA,0.67,25,https://www.valueresearchonline.com/funds/2952/,7,9,10,9,35,Very Low Risk
ABSL Money Manager Ret,debt,Debt,INF209K01RV7,101976,Regular,,,,,,,,,,,,,7.94,0.67,AAA,0.67,0,https://www.valueresearchonline.com/funds/1749/,7,9,10,9,35,Very Low Risk
Axis Money Market Reg,debt,Debt,INF846K01R46,147568,Regular,6.34,7.33,6.48,Debt: Money Market,6.16,7.07,6.26,,,2.43,0.53,7.08,7.75,0.58,AAA,0.58,25,https://www.valueresearchonline.com/funds/40192/,7,9,10,9,35,Very Low Risk
Bajaj Finserv Money Market Reg,debt,Debt,INF0QA701441,151893,Regular,5.78,,,Debt: Money Market,6.16,,,,,,,,7.51,0.59,AAA,0.59,25,https://www.valueresearchonline.com/funds/43658/,7,9,10,9,35,Very Low Risk
Bandhan Money Market Reg,debt,Debt,INF194K01LJ9,108756,Regular,6.28,6.99,5.98,Debt: Money Market,6.16,7.07,6.26,,,1.87,0.51,6.76,7.75,0.64,AAA,0.64,25,https://www.valueresearchonline.com/funds/1548/,7,9,10,9,35,Very Low Risk
Bank of India Money Market Reg,debt,Debt,INF761K01GS6,153293,Regular,6.08,,,Debt: Money Market,6.16,,,,,,,,7.68,0.56,AAA,0.55,25,https://www.valueresearchonline.com/funds/44944/,7,9,10,9,35,Very Low Risk
Baroda BNP Paribas Money Market Reg,debt,Debt,INF955L01HY8,147382,Regular,6.25,7.06,6.1,Debt: Money Market,6.16,7.07,6.26,,,1.96,0.52,6.83,7.52,0.49,AAA,0.49,25,https://www.valueresearchonline.com/funds/40012/,7,10,10,9,36,Very Low Risk
DSP Savings Reg,debt,Debt,INF740K01714,100087,Regular,6.26,7.03,6.11,Debt: Money Market,6.16,7.07,6.26,,,1.84,0.54,6.8,7.67,0.62,AAA,0.63,25,https://www.valueresearchonline.com/funds/662/,7,9,10,9,35,Very Low Risk
Edelweiss Money Market Inst,debt,Debt,INF843K01344,140229,Regular,5.79,6.65,5.62,Debt: Money Market,6.16,7.07,6.26,,,1.21,0.53,6.44,7.68,0.62,AAA,0.58,25,https://www.valueresearchonline.com/funds/7964/,7,9,10,9,35,Very Low Risk
Edelweiss Money Market Reg,debt,Debt,INF843K01344,140229,Regular,5.79,6.65,5.63,Debt: Money Market,6.16,7.07,6.26,,,1.21,0.53,6.44,7.68,0.62,AAA,0.58,25,https://www.valueresearchonline.com/funds/7962/,7,9,10,9,35,Very Low Risk
Franklin India Money Market Reg,debt,Debt,INF090I01CA1,101357,Regular,6.26,7.27,6.36,Debt: Money Market,6.16,7.07,6.26,,,2.28,0.54,7.03,7.76,0.45,AAA,0.57,25,https://www.valueresearchonline.com/funds/1184/,7,10,10,9,36,Very Low Risk
Groww Money Market Reg,debt,Debt,INF666M01MZ6,153992,Regular,,,,Debt: Money Market,,,,,,,,,6.98,0.33,AAA,0.34,13,https://www.valueresearchonline.com/funds/45612/,5,10,10,9,34,Low Risk
HDFC Money Market Reg,debt,Debt,INF179KB1HR5,101993,Regular,6.27,7.26,6.43,Debt: Money Market,6.16,7.07,6.26,,,2.22,0.55,7.02,7.71,0.59,AAA,0.59,25,https://www.valueresearchonline.com/funds/695/,7,9,10,9,35,Very Low Risk
HSBC Money Market Reg,debt,Debt,INF917K01BC9,151048,Regular,6.19,7.1,6.09,Debt: Money Market,6.16,7.07,6.26,,,1.91,0.56,6.87,7.63,0.58,AAA,0.58,25,https://www.valueresearchonline.com/funds/2840/,7,9,10,9,35,Very Low Risk
ICICI Pru Money Market,debt,Debt,INF109K01TX1,103633,Regular,6.26,7.3,6.46,Debt: Money Market,6.16,7.07,6.26,,,2.23,0.57,7.06,7.7,0.62,AAA,0.63,25,https://www.valueresearchonline.com/funds/3261/,7,9,10,9,35,Very Low Risk
Invesco India Money Market,debt,Debt,INF205K01SD1,112123,Regular,6.1,7.04,6.08,Debt: Money Market,6.16,7.07,6.26,,,1.83,0.55,6.81,7.58,0.59,AAA,0.59,25,https://www.valueresearchonline.com/funds/10627/,7,9,10,9,35,Very Low Risk
Invesco India Money Market Reg,debt,Debt,INF205K01SD1,112123,Regular,5.28,6.23,5.3,Debt: Money Market,6.16,7.07,6.26,,,0.44,0.55,6.05,7.58,0.59,AAA,0.59,25,https://www.valueresearchonline.com/funds/10625/,7,9,10,9,35,Very Low Risk
Kotak Money Market Reg,debt,Debt,INF174K01NA6,101893,Regular,6.29,7.29,6.48,Debt: Money Market,6.16,7.07,6.26,,,2.28,0.55,7.05,7.71,0.6,AAA,0.6,25,https://www.valueresearchonline.com/funds/1781/,7,9,10,9,35,Very Low Risk
LIC MF Money Market Reg,debt,Debt,INF767K01RB6,150393,Regular,6.29,6.43,,Debt: Money Market,6.16,7.07,,,,0.89,0.49,6.24,7.56,0.52,AAA,0.52,25,https://www.valueresearchonline.com/funds/42407/,7,9,10,9,35,Very Low Risk
Mirae Asset Money Market Reg,debt,Debt,INF769K01HK4,149115,Regular,6.03,7.09,,Debt: Money Market,6.16,7.07,,,,1.89,0.56,6.86,7.52,0.58,AAA,0.58,25,https://www.valueresearchonline.com/funds/41641/,7,9,10,9,35,Very Low Risk
Nippon India Money Market Reg,debt,Debt,INF204K01VA4,103048,Regular,6.27,7.32,6.52,Debt: Money Market,6.16,7.07,6.26,,,2.25,0.57,7.07,7.7,0.58,AAA,0.61,25,https://www.valueresearchonline.com/funds/2792/,7,9,10,9,35,Very Low Risk
PGIM India Money Market Reg,debt,Debt,INF663L01U24,148159,Regular,6,6.92,6.07,Debt: Money Market,6.16,7.07,6.26,,,1.71,0.53,6.71,7.37,0.5,AAA,0.5,14,https://www.valueresearchonline.com/funds/40771/,6,10,10,9,35,Very Low Risk
SBI Savings Reg,debt,Debt,INF200K01636,102503,Regular,5.91,6.89,6.04,Debt: Money Market,6.16,7.07,6.26,,,1.64,0.53,6.67,7.48,0.57,AAA,0.63,25,https://www.valueresearchonline.com/funds/2300/,6,9,10,9,34,Low Risk
Shriram Money Market Reg,debt,Debt,INF680P01489,154143,Regular,,,,Debt: Money Market,,,,,,,,,7.65,0.62,AAA,0.62,10,https://www.valueresearchonline.com/funds/45777/,7,9,10,9,35,Very Low Risk
Sundaram Money Market Reg,debt,Debt,INF903JA1FJ3,145042,Regular,6.24,7.17,6.28,Debt: Money Market,6.16,7.07,6.26,,,2.05,0.55,6.93,7.67,0.56,AAA,0.56,25,https://www.valueresearchonline.com/funds/37720/,7,9,10,9,35,Very Low Risk
TRUSTMF Money Market Reg,debt,Debt,INF0GCD01479,150511,Regular,6.05,6.95,,Debt: Money Market,6.16,7.07,,,,1.94,0.48,6.73,7.32,0.55,AAA,0.55,18,https://www.valueresearchonline.com/funds/42420/,6,9,10,9,34,Low Risk
Tata Money Market Reg,debt,Debt,INF277K01LQ7,101847,Regular,6.3,7.32,6.49,Debt: Money Market,6.16,7.07,6.26,,,2.44,0.52,7.07,7.79,0.59,AAA,0.59,25,https://www.valueresearchonline.com/funds/1731/,7,9,10,9,35,Very Low Risk
UTI Money Market Discontinued,debt,Debt,INF789F01BF5,100723,Regular,6.33,7.11,6.18,Debt: Money Market,6.16,7.07,6.26,,,1.98,0.54,6.88,7.58,0.56,AAA,0.56,25,https://www.valueresearchonline.com/funds/389/,7,9,10,9,35,Very Low Risk
UTI Money Market Reg,debt,Debt,INF789F1AXS1,151527,Regular,6.33,7.35,6.53,Debt: Money Market,6.16,7.07,6.26,,,2.38,0.55,7.11,7.58,0.56,AAA,0.56,25,https://www.valueresearchonline.com/funds/10556/,7,9,10,9,35,Very Low Risk
Union Money Market Reg,debt,Debt,INF582M01HO9,149116,Regular,5.92,6.47,,Debt: Money Market,6.16,7.07,,,,1.03,0.46,6.27,7.32,0.43,AAA,0.43,25,https://www.valueresearchonline.com/funds/41645/,6,10,10,9,35,Very Low Risk
ABSL US Treasury 1-3 Year Bonds ETFs Passive FoF Reg*,debt,Debt,INF209KB13W4,152142,Regular,14.64,,,,,,,,,,,,4.04,,D,1.92,1,https://www.valueresearchonline.com/funds/43822/,1,N/A,9,1,11,Moderately High Risk
ABSL US Treasury 3-10 Year Bonds ETFs Passive FoF Reg*,debt,Debt,INF209KB19W1,152147,Regular,14.13,,,,,,,,,,,,4.22,,D,5.61,2,https://www.valueresearchonline.com/funds/43818/,1,N/A,5,1,7,High Risk
Axis US Specific Treasury Dynamic Debt Passive FoF Reg*,debt,Debt,INF846K013T8,152239,Regular,13.49,,,,,,,,,,,,,,D,,1,https://www.valueresearchonline.com/funds/43976/,N/A,N/A,N/A,1,1,High Risk
Bandhan US Treasury Bond 0-1 year Specific Debt Passive FoF Reg,debt,Debt,INF194KB1FT6,151546,Regular,14.64,9.5,,,,,,,,0.96,3.47,9.12,,,D,,1,https://www.valueresearchonline.com/funds/43351/,N/A,N/A,N/A,1,1,High Risk
DSP US Specific Debt Passive FoF Reg*,debt,Debt,INF740KA1UG2,152527,Regular,13.65,,,,,,,,,,,,,,D,,2,https://www.valueresearchonline.com/funds/44194/,N/A,N/A,N/A,1,1,High Risk
360 ONE Overnight Reg,debt,Debt,INF579M01BD1,153700,Regular,,,,Debt: Overnight,,,,,,,,,5.41,0,AAA,0,11,https://www.valueresearchonline.com/funds/45314/,2,10,10,9,31,Low Risk
ABSL CRISIL Liquid Overnight ETF,debt,Debt,INF209KB13F9,149783,Regular,4.9,5.74,,Debt: Overnight,5.14,6.03,,,,-0.99,0.2,5.6,,,Cash,,0,https://www.valueresearchonline.com/funds/43247/,N/A,N/A,N/A,8,8,Low Risk
ABSL Overnight Reg,debt,Debt,-,145483,Regular,5.22,6.06,5.51,Debt: Overnight,5.14,6.03,5.48,,,0.54,0.2,5.91,5.5,,GOI/Cash,,3,https://www.valueresearchonline.com/funds/38131/,3,N/A,N/A,10,13,Moderate Risk
Axis Overnight Reg,debt,Debt,INF846K01O23,146678,Regular,5.33,6.17,5.61,Debt: Overnight,5.14,6.03,5.48,,,1.05,0.2,6.01,5.38,0,GOI/Cash,0,2,https://www.valueresearchonline.com/funds/39290/,2,10,10,10,32,Low Risk
Bajaj Finserv Overnight Reg,debt,Debt,INF0QA701250,151851,Regular,5.34,,,Debt: Overnight,5.14,,,,,,,,5.41,0,GOI/Cash,0,4,https://www.valueresearchonline.com/funds/43598/,2,10,10,10,32,Low Risk
Bandhan Overnight Reg,debt,Debt,INF194KB1314,146187,Regular,5.24,6.07,5.52,Debt: Overnight,5.14,6.03,5.48,,,0.6,0.2,5.92,5.36,0.01,GOI/Cash,0.01,2,https://www.valueresearchonline.com/funds/38833/,2,10,10,10,32,Low Risk
Bank of India Overnight Reg,debt,Debt,INF761K01EZ6,147936,Regular,5.56,6.29,5.71,Debt: Overnight,5.14,6.03,5.48,,,1.61,0.2,6.13,5.35,0,Cash,0,1,https://www.valueresearchonline.com/funds/40570/,2,10,10,8,30,Low Risk
Baroda BNP Paribas Overnight Reg,debt,Debt,INF955L01HS0,147193,Regular,5.28,6.11,5.56,Debt: Overnight,5.14,6.03,5.48,,,0.76,0.19,5.95,5.38,0,Cash,0,2,https://www.valueresearchonline.com/funds/39815/,2,10,10,8,30,Low Risk
Baroda BNP Paribas Overnight Unclaimed,debt,Debt,INF955L01HS0,147193,Regular,,,,,,,,,,,,,5.38,0,Cash,0,2,https://www.valueresearchonline.com/funds/42288/,2,10,10,8,30,Low Risk
Canara Robeco Overnight Reg,debt,Debt,INF760K01JO1,147534,Regular,5.27,6.08,5.55,Debt: Overnight,5.14,6.03,5.48,,,0.65,0.19,5.93,5.33,0.01,GOI/Cash,0.01,3,https://www.valueresearchonline.com/funds/40151/,2,10,10,10,32,Low Risk
DSP Overnight Reg,debt,Debt,INF740KA1MB0,146061,Regular,5.27,6.11,5.55,Debt: Overnight,5.14,6.03,5.48,,,0.74,0.2,5.95,5.41,,AAA,,12,https://www.valueresearchonline.com/funds/38745/,2,N/A,N/A,9,11,Moderate Risk
DSP Overnight Uncl,debt,Debt,INF740KA1MB0,146061,Regular,,,,,,,,,,,,,5.41,,AAA,,12,https://www.valueresearchonline.com/funds/41887/,2,N/A,N/A,9,11,Moderate Risk
Edelweiss Overnight Reg,debt,Debt,INF754K01KE3,147569,Regular,5.25,6.08,5.52,Debt: Overnight,5.14,6.03,5.48,,,0.61,0.19,5.92,5.38,0,GOI/Cash,0,4,https://www.valueresearchonline.com/funds/40169/,2,10,10,10,32,Low Risk
Franklin India Overnight Reg,debt,Debt,INF090I01SO8,147213,Regular,5.36,6.12,5.55,Debt: Overnight,5.14,6.03,5.48,,,0.9,0.18,5.97,5.36,0.01,GOI/Cash,0.01,3,https://www.valueresearchonline.com/funds/39881/,2,10,10,10,32,Low Risk
Groww Overnight Reg,debt,Debt,INF666M01GT1,147454,Regular,5.14,6,5.4,Debt: Overnight,5.14,6.03,5.48,,,0.23,0.2,5.85,5.36,0,Cash,0,0,https://www.valueresearchonline.com/funds/40032/,2,10,10,8,30,Low Risk
HDFC Overnight Reg,debt,Debt,INF179KB1HS3,101996,Regular,5.21,6.04,5.48,Debt: Overnight,5.14,6.03,5.48,,,0.42,0.2,5.88,5.37,0,GOI/Cash,0,9,https://www.valueresearchonline.com/funds/1202/,2,10,10,10,32,Low Risk
HSBC Overnight Reg,debt,Debt,INF336L01OL4,147290,Regular,5.28,6.09,5.53,Debt: Overnight,5.14,6.03,5.48,,,0.69,0.19,5.93,5.33,0,GOI/Cash,0,2,https://www.valueresearchonline.com/funds/39917/,2,10,10,10,32,Low Risk
Helios Overnight Reg,debt,Debt,INF0R8701095,152153,Regular,5.13,,,Debt: Overnight,5.14,,,,,,,,5.35,0,Cash,0,0,https://www.valueresearchonline.com/funds/43833/,2,10,10,8,30,Low Risk
ICICI Pru Overnight,debt,Debt,INF109KC17E3,145535,Regular,5.27,6.1,5.54,Debt: Overnight,5.14,6.03,5.48,,,0.73,0.2,5.95,5.39,0,GOI/Cash,0,5,https://www.valueresearchonline.com/funds/38253/,2,10,10,10,32,Low Risk
ITI Overnight Reg,debt,Debt,INF00XX01473,147714,Regular,5.02,5.85,5.34,Debt: Overnight,5.14,6.03,5.48,,,-0.49,0.2,5.71,5.37,0,Cash,0,0,https://www.valueresearchonline.com/funds/40350/,2,10,10,8,30,Low Risk
Invesco India Overnight Reg,debt,Debt,INF205KA1114,147878,Regular,5.28,6.12,5.56,Debt: Overnight,5.14,6.03,5.48,,,0.83,0.2,5.97,5.39,0,GOI/Cash,0.01,3,https://www.valueresearchonline.com/funds/40510/,2,10,10,10,32,Low Risk
JM Overnight Reg,debt,Debt,INF192K01LX4,147836,Regular,5.11,6,5.49,Debt: Overnight,5.14,6.03,5.48,,,0.24,0.21,5.85,5.36,0,Cash,0,0,https://www.valueresearchonline.com/funds/40472/,2,10,10,8,30,Low Risk
JioBlackRock Overnight Uncl,debt,Debt,-,154070,Regular,,,,,,,,,,,,,5.4,0,GOI/Cash,0,4,https://www.valueresearchonline.com/funds/45699/,2,10,10,10,32,Low Risk
Kotak Overnight Reg,debt,Debt,INF174KA1BC6,146142,Regular,5.26,6.09,5.53,Debt: Overnight,5.14,6.03,5.48,,,0.69,0.19,5.94,5.4,0,Cash,0,2,https://www.valueresearchonline.com/funds/38843/,2,10,10,8,30,Low Risk
LIC MF Overnight Reg,debt,Debt,INF767K01QD4,147519,Regular,5.27,6.07,5.51,Debt: Overnight,5.14,6.03,5.48,,,0.57,0.19,5.91,5.39,0,GOI/Cash,0,5,https://www.valueresearchonline.com/funds/40143/,2,10,10,10,32,Low Risk
Mahindra Manulife Overnight Reg,debt,Debt,INF174V01812,147565,Regular,5.22,6.07,5.53,Debt: Overnight,5.14,6.03,5.48,,,0.55,0.2,5.91,5.39,0.01,GOI/Cash,0.01,2,https://www.valueresearchonline.com/funds/40202/,2,10,10,10,32,Low Risk
Mirae Asset Overnight Reg,debt,Debt,INF769K01FE1,147739,Regular,5.27,6.1,5.56,Debt: Overnight,5.14,6.03,5.48,,,0.74,0.2,5.95,5.37,0,CASH,0,1,https://www.valueresearchonline.com/funds/40362/,2,10,10,8,30,Low Risk
NJ Overnight Reg,debt,Debt,INF0J8L01073,150368,Regular,5.16,6,,Debt: Overnight,5.14,6.03,,,,0.23,0.2,5.85,5.32,0,Cash,0,0,https://www.valueresearchonline.com/funds/42424/,2,10,10,8,30,Low Risk
Nippon India Overnight Reg,debt,Debt,INF204KB1Q65,145811,Regular,5.27,6.11,5.55,Debt: Overnight,5.14,6.03,5.48,,,0.77,0.19,5.95,5.39,0,AAA,0,4,https://www.valueresearchonline.com/funds/38538/,2,10,10,9,31,Low Risk
PGIM India Overnight Reg,debt,Debt,INF663L01T43,147600,Regular,5.2,6.09,5.55,Debt: Overnight,5.14,6.03,5.48,,,0.63,0.21,5.93,5.43,0,Cash,0,1,https://www.valueresearchonline.com/funds/40233/,2,10,10,8,30,Low Risk
Quant Overnight Fund Uncl,debt,Debt,INF966L01BC4,151195,Regular,,,,,,,,,,,,,5.13,0.01,Cash,0.01,0,https://www.valueresearchonline.com/funds/45712/,2,10,10,8,30,Low Risk
Quant Overnight Reg,debt,Debt,INF966L01BC4,151195,Regular,5.08,6.19,,Debt: Overnight,5.14,6.03,,,,0.84,0.27,6.03,5.13,0.01,Cash,0.01,0,https://www.valueresearchonline.com/funds/42930/,2,10,10,8,30,Low Risk
SBI Overnight Reg,debt,Debt,INF200K01LQ9,101206,Regular,5.24,6.07,5.51,Debt: Overnight,5.14,6.03,5.48,,,0.56,0.19,5.91,5.24,0,GOI/Cash,0,5,https://www.valueresearchonline.com/funds/1443/,2,10,10,10,32,Low Risk
Samco Overnight Reg,debt,Debt,INF0K1H01032,150632,Regular,4.87,5.75,,Debt: Overnight,5.14,6.03,,,,-0.91,0.21,5.61,5.5,0,Cash,0,0,https://www.valueresearchonline.com/funds/42550/,3,10,10,8,31,Low Risk
Shriram Overnight Reg,debt,Debt,INF680P01505,154399,Regular,5.26,6.03,,Debt: Overnight,5.14,6.03,,,,0.42,0.19,5.88,5.43,0,Cash,0,0,https://www.valueresearchonline.com/funds/42465/,2,10,10,8,30,Low Risk
Sundaram Overnight Reg,debt,Debt,INF903JA1GZ7,146959,Regular,5.21,6.06,5.51,Debt: Overnight,5.14,6.03,5.48,,,0.51,0.2,5.9,5.35,,GOI/Cash,,4,https://www.valueresearchonline.com/funds/39560/,2,N/A,N/A,10,12,Moderate Risk
TRUSTMF Overnight Reg,debt,Debt,INF0GCD01438,149795,Regular,5.17,6.07,,Debt: Overnight,5.14,6.03,,,,0.52,0.21,5.91,5.41,0,GOI/Cash,0,1,https://www.valueresearchonline.com/funds/42044/,2,10,10,10,32,Low Risk
Tata Overnight Reg,debt,Debt,INF277K016T9,146977,Regular,5.25,6.08,5.52,Debt: Overnight,5.14,6.03,5.48,,,0.63,0.19,5.92,5.41,0.01,GOI/Cash,0.01,4,https://www.valueresearchonline.com/funds/39636/,2,10,10,10,32,Low Risk
UTI Overnight Reg,debt,Debt,INF789F01604,100814,Regular,5.29,6.13,5.57,Debt: Overnight,5.14,6.03,5.48,,,0.85,0.2,5.97,5.35,0.01,GOI/Cash,0.01,7,https://www.valueresearchonline.com/funds/1976/,2,10,10,10,32,Low Risk
Union Overnight Reg,debt,Debt,INF582M01FJ3,146997,Regular,5.23,6.07,5.52,Debt: Overnight,5.14,6.03,5.48,,,0.58,0.2,5.92,5.42,0,GOI/Cash,0,6,https://www.valueresearchonline.com/funds/39660/,2,10,10,10,32,Low Risk
ABSL Retirement 50s + Debt Reg,debt,Debt,INF209KB1J71,146941,Regular,3.11,5.02,4.12,Debt: Short Duration,5.16,6.91,6.15,,,-0.67,1.31,4.93,6.47,6.71,GOI/Cash,5.9,6,https://www.valueresearchonline.com/funds/39191/,4,3,5,10,22,Moderate Risk
ABSL Short Term Reg,debt,Debt,INF209K01942,101844,Regular,5.7,7.25,6.35,Debt: Short Duration,5.16,6.91,6.15,,,0.87,1.4,7.02,7.8,6.71,AAA,2.68,25,https://www.valueresearchonline.com/funds/1682/,7,3,8,9,27,Moderate Risk
Axis Short Duration Reg,debt,Debt,INF846K01644,112354,Regular,5.82,7.39,6.31,Debt: Short Duration,5.16,6.91,6.15,,,1.06,1.28,7.16,7.92,7.16,AAA,3.23,25,https://www.valueresearchonline.com/funds/10857/,7,3,7,9,26,Moderate Risk
Axis Short Duration Ret,debt,Debt,INF846K01644,112354,Regular,5.82,7.38,6.3,Debt: Short Duration,5.16,6.91,6.15,,,1.05,1.28,7.15,7.92,7.15,AAA,3.23,25,https://www.valueresearchonline.com/funds/10996/,7,3,7,9,26,Moderate Risk
Bandhan Short Duration Reg,debt,Debt,INF194K01HF5,108768,Regular,5.83,7.38,6.11,Debt: Short Duration,5.16,6.91,6.15,,,0.97,1.4,7.16,7.73,7.16,AAA,2.99,25,https://www.valueresearchonline.com/funds/903/,7,3,8,9,27,Moderate Risk
Bank of India Short Term Income Reg,debt,Debt,INF761K01579,111585,Regular,5.16,7.17,10.27,Debt: Short Duration,5.16,6.91,6.15,,,0.74,1.57,6.96,7.26,6.71,AAA,3.04,25,https://www.valueresearchonline.com/funds/10053/,6,3,7,9,25,Moderate Risk
Baroda BNP Paribas Short Duration Reg,debt,Debt,INF955L01153,113036,Regular,4.92,6.95,5.94,Debt: Short Duration,5.16,6.91,6.15,,,0.7,1.35,6.75,7.81,6.75,AAA,2.35,25,https://www.valueresearchonline.com/funds/11291/,7,3,8,9,27,Moderate Risk
Canara Robeco Short Duration Reg,debt,Debt,INF760K01BM2,115077,Regular,4.89,6.52,5.47,Debt: Short Duration,5.16,6.91,6.15,,,0.48,1.09,6.33,7.4,6.33,AAA,1.5,16,https://www.valueresearchonline.com/funds/12602/,6,3,9,9,27,Moderate Risk
DSP Short Term Reg,debt,Debt,INF740K01656,101304,Regular,5.01,6.85,5.78,Debt: Short Duration,5.16,6.91,6.15,,,0.62,1.39,6.67,7.68,6.71,AAA,2.8,25,https://www.valueresearchonline.com/funds/1437/,7,3,8,9,27,Moderate Risk
Edelweiss CRISIL IBX 50:50 Gilt Plus SDL SD Index Reg,debt,Debt,INF754K01PD4,150672,Regular,5.07,6.99,,Debt: Short Duration,5.16,6.91,,,,0.74,1.35,6.8,6.69,6.71,GOI/Cash,2.61,13,https://www.valueresearchonline.com/funds/43107/,5,3,8,10,26,Moderate Risk
Franklin Ind ST Incm Ret Seg Port 3 Inst,debt,Debt,INF090I01AE7,112092,Regular,,,,,,,,,,,,,,,,,0,https://www.valueresearchonline.com/funds/40851/,N/A,N/A,N/A,N/A,,Insufficient Data
Franklin Ind ST Incm Ret Seg Port 3 Reg,debt,Debt,INF204KA1AX8,124752,Regular,,,,,,,,,,,,,,,,,0,https://www.valueresearchonline.com/funds/40843/,N/A,N/A,N/A,N/A,,Insufficient Data
Groww Short Term Reg,debt,Debt,INF666M01AJ5,123708,Regular,5,6.55,5.16,Debt: Short Duration,5.16,6.91,6.15,,,0.46,1.27,6.38,6.92,6.71,AAA,4.29,15,https://www.valueresearchonline.com/funds/20847/,5,3,6,9,23,Moderate Risk
HDFC Short Term Debt Reg,debt,Debt,INF179K01CU6,113047,Regular,5.79,7.49,6.4,Debt: Short Duration,5.16,6.91,6.15,,,1.13,1.29,7.25,8.01,6.71,AAA,3.15,25,https://www.valueresearchonline.com/funds/11308/,8,3,7,9,27,Moderate Risk
HSBC Short Duration Reg,debt,Debt,INF917K01CL8,151065,Regular,5.38,7.08,5.83,Debt: Short Duration,5.16,6.91,6.15,,,0.79,1.35,6.87,7.83,6.87,AAA,2.54,25,https://www.valueresearchonline.com/funds/13736/,7,3,8,9,27,Moderate Risk
ICICI Pru Short Term,debt,Debt,INF109K01654,101758,Regular,6.12,7.5,6.62,Debt: Short Duration,5.16,6.91,6.15,,,1.25,1.17,7.26,8.14,6.71,AAA,4.48,25,https://www.valueresearchonline.com/funds/1110/,8,3,6,9,26,Moderate Risk
Invesco India Short Duration Plan B,debt,Debt,INF205K01UR7,105189,Regular,4.96,6.88,5.62,Debt: Short Duration,5.16,6.91,6.15,,,0.64,1.37,6.68,7.84,6.68,AAA,2.74,25,https://www.valueresearchonline.com/funds/4671/,7,3,8,9,27,Moderate Risk
Invesco India Short Duration Reg,debt,Debt,INF205K01UN6,105185,Regular,5.11,6.99,5.69,Debt: Short Duration,5.16,6.91,6.15,,,0.71,1.37,6.78,7.84,6.78,AAA,2.74,25,https://www.valueresearchonline.com/funds/4668/,7,3,8,9,27,Moderate Risk
JM Short Duration Reg,debt,Debt,INF192K01MM5,150542,Regular,4.78,6.49,,Debt: Short Duration,5.16,6.91,,,,0.4,1.24,6.3,7.56,6.3,AAA,1.98,19,https://www.valueresearchonline.com/funds/42461/,7,3,9,9,28,Low Risk
Kotak Bond Short Term Reg,debt,Debt,INF174K01ES7,101373,Regular,4.9,6.89,5.83,Debt: Short Duration,5.16,6.91,6.15,,,0.66,1.34,6.69,7.94,6.71,AAA,2.95,25,https://www.valueresearchonline.com/funds/1313/,7,3,8,9,27,Moderate Risk
LIC MF Short Duration Reg,debt,Debt,INF767K01PT2,145952,Regular,5,6.73,5.51,Debt: Short Duration,5.16,6.91,6.15,,,0.5,1.48,6.55,7.66,6.55,AAA,2.61,16,https://www.valueresearchonline.com/funds/38777/,7,3,8,9,27,Moderate Risk
Mahindra Manulife Short Duration Reg,debt,Debt,INF174V01AJ1,148727,Regular,5.58,6.99,5.8,Debt: Short Duration,5.16,6.91,6.15,,,0.77,1.28,6.79,7.92,6.79,AAA,3.09,23,https://www.valueresearchonline.com/funds/41313/,7,3,7,9,26,Moderate Risk
Mirae Asset Short Duration Reg,debt,Debt,INF769K01DU2,142642,Regular,4.8,6.74,5.72,Debt: Short Duration,5.16,6.91,6.15,,,0.54,1.42,6.56,7.89,6.56,AAA,5.15,25,https://www.valueresearchonline.com/funds/35429/,7,3,5,9,24,Moderate Risk
Nippon India Short Duration Reg,debt,Debt,INF204K01FL4,101665,Regular,5.56,7.32,6.21,Debt: Short Duration,5.16,6.91,6.15,,,0.91,1.42,7.1,8.03,7.1,AAA,2.73,25,https://www.valueresearchonline.com/funds/1499/,8,3,8,9,28,Low Risk
SBI Short Horizon Debt ST Ret,debt,Debt,INF200K01HZ8,106231,Regular,5.34,7.11,6.06,Debt: Short Duration,5.16,6.91,6.15,,,0.84,1.3,6.9,7.94,6.71,AAA,2.56,25,https://www.valueresearchonline.com/funds/5485/,7,3,8,9,27,Moderate Risk
SBI Short Term Debt Reg,debt,Debt,INF200K01HZ8,106231,Regular,5.34,7.11,6.06,Debt: Short Duration,5.16,6.91,6.15,,,0.84,1.3,6.9,7.94,6.71,AAA,2.56,25,https://www.valueresearchonline.com/funds/5489/,7,3,8,9,27,Moderate Risk
Sundaram Short Duration Reg,debt,Debt,INF173K01CU9,149535,Regular,5.23,7.01,7.46,Debt: Short Duration,5.16,6.91,6.15,,,0.83,1.21,6.8,7.64,6.8,AAA,1.87,25,https://www.valueresearchonline.com/funds/1717/,7,3,9,9,28,Low Risk
TRUSTMF Short Duration Reg,debt,Debt,INF0GCD01313,149073,Regular,4.93,6.74,,Debt: Short Duration,5.16,6.91,,,,0.62,1.22,6.56,7.57,6.56,AAA,1.63,10,https://www.valueresearchonline.com/funds/41602/,7,3,9,9,28,Low Risk
Tata Short Term Bond Reg,debt,Debt,INF277K01972,101548,Regular,4.58,6.51,5.58,Debt: Short Duration,5.16,6.91,6.15,,,0.42,1.26,6.33,7.81,6.71,AAA,2.23,25,https://www.valueresearchonline.com/funds/1398/,7,3,8,9,27,Moderate Risk
UTI Short Duration Discontinued Reg,debt,Debt,INF789F01AJ9,106384,Regular,5.25,6.9,6.87,Debt: Short Duration,5.16,6.91,6.15,,,0.72,1.25,6.7,7.92,6.7,AAA,2.72,25,https://www.valueresearchonline.com/funds/1763/,7,3,8,9,27,Moderate Risk
UTI Short Duration Reg,debt,Debt,INF789F01QA4,106624,Regular,5.25,7.08,7.11,Debt: Short Duration,5.16,6.91,6.15,,,0.85,1.26,6.87,7.92,6.87,AAA,2.72,25,https://www.valueresearchonline.com/funds/5923/,7,3,8,9,27,Moderate Risk
Union Short Duration Reg,debt,Debt,INF582M01KK1,153240,Regular,5.18,,,Debt: Short Duration,5.16,,,,,,,,7.58,6.71,AAA,2.05,12,https://www.valueresearchonline.com/funds/44888/,7,3,8,9,27,Moderate Risk
ABSL CRISIL IBX 50:50 Gilt+SDL Apr 2028 Index Reg,debt,Debt,INF209KB12N5,150703,Regular,5.15,7.35,,Debt: Target Maturity,5.32,7.32,,,,0.91,1.45,7.13,6.78,1.59,GOI/Cash,7.12,24,https://www.valueresearchonline.com/funds/42599/,5,8,4,10,27,Moderate Risk
ABSL CRISIL IBX 60:40 SDL+ AAA PSU Apr 2026 Index Reg,debt,Debt,INF209KB18O0,150936,Regular,,,,,,,,,,,,,,,Cash,,0,https://www.valueresearchonline.com/funds/42830/,N/A,N/A,N/A,8,8,Low Risk
ABSL CRISIL IBX 60:40 SDL+AAA PSU-Apr 2027 Reg,debt,Debt,INF209KB17H6,150351,Regular,5.96,7.19,,Debt: Target Maturity,5.32,7.32,,,,1.6,0.73,6.97,6.88,0.62,AAA,7.12,25,https://www.valueresearchonline.com/funds/42262/,5,9,4,9,27,Moderate Risk
ABSL CRISIL IBX Gilt Apr 2028 Index Reg,debt,Debt,INF209KB19T7,151583,Regular,5.08,6.84,,Debt: Target Maturity,5.32,7.32,,,,0.75,1.15,6.67,6.26,1.45,GOI/Cash,7.12,3,https://www.valueresearchonline.com/funds/43264/,4,8,4,10,26,Moderate Risk
ABSL CRISIL IBX Gilt April 2033 Index Reg,debt,Debt,INF209KB17Y1,152268,Regular,4.76,,,Debt: Target Maturity,5.32,,,,,,,,7.08,5.13,GOI/Cash,7.12,1,https://www.valueresearchonline.com/funds/43981/,6,4,4,10,24,Moderate Risk
ABSL CRISIL IBX Gilt June 2027 Index Reg,debt,Debt,INF209KC1050,152660,Regular,5.28,,,Debt: Target Maturity,5.32,,,,,,,,6.12,0.96,GOI/Cash,7.12,1,https://www.valueresearchonline.com/funds/44341/,4,9,4,10,27,Moderate Risk
ABSL CRISIL IBX Gilt-Apr 2029 Index Reg,debt,Debt,INF209KB10O7,150777,Regular,5.18,7.57,,Debt: Target Maturity,5.32,7.32,,,,0.85,1.86,7.39,6.61,2.58,GOI/Cash,7.12,8,https://www.valueresearchonline.com/funds/42683/,5,7,4,10,26,Moderate Risk
ABSL CRISIL IBX Gilt-April 2026 Index Reg,debt,Debt,INF209KB18M4,150701,Regular,,,,,,,,,,,,,,,Cash,,0,https://www.valueresearchonline.com/funds/42595/,N/A,N/A,N/A,8,8,Low Risk
ABSL CRISIL IBX SDL Jun 2032 Index Reg,debt,Debt,INF209KB12S4,151428,Regular,4.18,7.25,,Debt: Target Maturity,5.32,7.32,,,,0.44,2.89,7.06,7.57,4.55,GOI/Cash,7.12,11,https://www.valueresearchonline.com/funds/43136/,7,5,4,10,26,Moderate Risk
ABSL CRISIL-IBX AAA Fin Srvices Index-Sep 2027 Reg,debt,Debt,INF209KC1316,153033,Regular,6.21,,,Debt: Target Maturity,5.32,,,,,,,,7.99,1.03,AAA,7.12,12,https://www.valueresearchonline.com/funds/44683/,7,8,4,9,28,Low Risk
ABSL CRISIL-IBX AAA NBFC-HFC Index-Sep 2026 Reg,debt,Debt,INF209KC1233,152945,Regular,6.54,,,Debt: Target Maturity,5.32,,,,,,,,7.31,0.12,AAA,7.12,9,https://www.valueresearchonline.com/funds/44614/,6,10,4,9,29,Low Risk
ABSL Nifty SDL Apr 2027 Reg,debt,Debt,INF209KB19E9,149792,Regular,5.6,7.01,,Debt: Target Maturity,5.32,7.32,,,,1.31,0.76,6.8,6.1,0.54,GOI/Cash,7.12,25,https://www.valueresearchonline.com/funds/42025/,4,9,4,10,27,Moderate Risk
ABSL Nifty SDL Sep 2027 Index Reg,debt,Debt,INF209KB14T8,151560,Regular,5.53,7.25,,Debt: Target Maturity,5.32,7.32,,,,1.18,1.05,7.04,6.69,1.15,GOI/Cash,7.12,10,https://www.valueresearchonline.com/funds/43268/,5,8,4,10,27,Moderate Risk
ABSL SDL + PSU Bond Sep 2026 60:40 Reg,debt,Debt,INF209KB16B1,149198,Regular,5.82,7.06,,Debt: Target Maturity,5.32,7.32,,,,1.88,0.55,6.85,6.44,0.19,AAA,7.12,25,https://www.valueresearchonline.com/funds/41724/,4,10,4,9,27,Moderate Risk
Axis CRISIL IBX 50:50 Gilt Plus SDL Jun 2028 Index Reg,debt,Debt,INF846K013N1,151297,Regular,5.18,7.33,,Debt: Target Maturity,5.32,7.32,,,,0.87,1.5,7.11,6.93,1.73,GOI/Cash,7.12,9,https://www.valueresearchonline.com/funds/43025/,5,8,4,10,27,Moderate Risk
Axis CRISIL IBX 50:50 Gilt Plus SDL September 2027 Index Reg,debt,Debt,INF846K015O4,151433,Regular,5.51,7.2,,Debt: Target Maturity,5.32,7.32,,,,1.19,1,7,6.42,1.02,GOI/Cash,7.12,8,https://www.valueresearchonline.com/funds/43144/,4,8,4,10,26,Moderate Risk
Axis CRISIL IBX SDL May 2027 Reg,debt,Debt,INF846K010H9,149872,Regular,6.03,7.38,,Debt: Target Maturity,5.32,7.32,,,,1.45,0.94,7.16,6.48,0.88,GOI/Cash,7.12,25,https://www.valueresearchonline.com/funds/42094/,4,9,4,10,27,Moderate Risk
Axis CRISIL-IBX AAA Bond Fin Srvices-Sep 2027 Index Reg,debt,Debt,INF846K014Y6,153050,Regular,6.04,,,Debt: Target Maturity,5.32,,,,,,,,7.84,1.05,AAA,7.12,13,https://www.valueresearchonline.com/funds/44718/,7,8,4,9,28,Low Risk
Axis CRISIL-IBX AAA Bond NBFC-HFC-Jun 2027 Index Reg,debt,Debt,INF846K016Z8,153174,Regular,6.32,,,Debt: Target Maturity,5.32,,,,,,,,7.36,0.67,AAA,7.12,11,https://www.valueresearchonline.com/funds/44814/,6,9,4,9,28,Low Risk
Axis CRISIL-IBX AAA Bond NBFC-Jun 2027 Index Reg,debt,Debt,INF846K016X3,152886,Regular,6.25,,,Debt: Target Maturity,5.32,,,,,,,,7.97,0.9,AAA,7.12,21,https://www.valueresearchonline.com/funds/44560/,7,9,4,9,29,Low Risk
Axis Nifty AAA Bond + SDL Apr 2026 50:50 ETF,debt,Debt,INF846K011L9,150851,Regular,,,,,,,,,,,,,,,Cash,,0,https://www.valueresearchonline.com/funds/41480/,N/A,N/A,N/A,8,8,Low Risk
Axis Nifty AAA Bond + SDL Apr 2026 50:50 ETF FoF Reg,debt,Debt,INF846K011L9,150851,Regular,,,,,,,,,,,,,,,Cash,,0,https://www.valueresearchonline.com/funds/41764/,N/A,N/A,N/A,8,8,Low Risk
Axis Nifty SDL September 2026 Debt Index Reg,debt,Debt,INF846K011L9,150851,Regular,5.73,7.11,,Debt: Target Maturity,5.32,7.32,,,,1.6,0.69,6.9,5.86,0.25,GOI/Cash,7.12,9,https://www.valueresearchonline.com/funds/42737/,3,10,4,10,27,Moderate Risk
BHARAT Bond ETF FOF-April 2032 Reg*,debt,Debt,INF2F0001388,154133,Regular,5.23,7.67,,Debt: Target Maturity,5.32,7.32,,,,0.53,3.45,7.62,7.68,4.73,AAA,7.12,1,https://www.valueresearchonline.com/funds/41898/,7,5,4,9,25,Moderate Risk
BHARAT Bond ETF FOF-April 2033 Reg*,debt,Debt,INF2F0001388,154133,Regular,5.42,7.69,,Debt: Target Maturity,5.32,7.32,,,,0.5,3.21,7.4,7.63,5.26,AAA,7.12,1,https://www.valueresearchonline.com/funds/42894/,7,4,4,9,24,Moderate Risk
BHARAT Bond ETF-April 2030,debt,Debt,INF204KA13I6,135002,Regular,5.76,7.77,6.86,Debt: Target Maturity,5.32,7.32,6.52,,,0.85,2.06,7.57,7.65,3.13,AAA,7.12,25,https://www.valueresearchonline.com/funds/40483/,7,6,4,9,26,Moderate Risk
BHARAT Bond ETF-April 2031,debt,Debt,INF204KA13I6,135002,Regular,5.54,7.77,6.73,Debt: Target Maturity,5.32,7.32,6.52,,,0.73,2.43,7.58,7.66,4,AAA,7.12,25,https://www.valueresearchonline.com/funds/41060/,7,6,4,9,26,Moderate Risk
BHARAT Bond ETF-April 2032,debt,Debt,INF204KA13I6,135002,Regular,5.45,7.84,,Debt: Target Maturity,5.32,7.32,,,,0.7,2.58,7.62,7.69,4.74,AAA,7.12,25,https://www.valueresearchonline.com/funds/41897/,7,5,4,9,25,Moderate Risk
BHARAT Bond ETF-April 2033,debt,Debt,INF204KA13I6,135002,Regular,5.18,7.84,,Debt: Target Maturity,5.32,7.32,,,,0.67,2.7,7.62,7.66,5.31,AAA,7.12,24,https://www.valueresearchonline.com/funds/42893/,7,4,4,9,24,Moderate Risk
BHARAT Bond FOF-April 2030 Reg*,debt,Debt,INF204KA13I6,135002,Regular,6.05,7.66,6.84,Debt: Target Maturity,5.32,7.32,6.52,,,0.61,2.5,7.32,7.64,3.12,AAA,7.12,1,https://www.valueresearchonline.com/funds/40488/,7,6,4,9,26,Moderate Risk
BHARAT Bond FOF-April 2031 Reg*,debt,Debt,INF204KA13I6,135002,Regular,5.44,7.51,6.64,Debt: Target Maturity,5.32,7.32,6.52,,,0.51,2.85,7.24,7.65,3.99,AAA,7.12,1,https://www.valueresearchonline.com/funds/41065/,7,6,4,9,26,Moderate Risk
Bandhan CRISIL IBX 90:10 SDL+Gilt-April 2032 Index Reg,debt,Debt,INF194KB1EQ5,150873,Regular,4.49,7.53,,Debt: Target Maturity,5.32,7.32,,,,0.53,2.88,7.33,5.91,0.34,GOI/Cash,7.12,25,https://www.valueresearchonline.com/funds/42789/,3,10,4,10,27,Moderate Risk
Bandhan CRISIL IBX 90:10 SDL+Gilt-November 2026 Index Reg,debt,Debt,INF194KB1EW3,150869,Regular,5.64,7.04,,Debt: Target Maturity,5.32,7.32,,,,1.49,0.69,6.83,7.58,,GOI/Cash,7.12,17,https://www.valueresearchonline.com/funds/42785/,7,N/A,4,10,21,Low Risk
Bandhan CRISIL IBX 90:10 SDL+Gilt-September 2027 Index Reg,debt,Debt,INF194KB1FC2,150890,Regular,5.53,7.24,,Debt: Target Maturity,5.32,7.32,,,,1.13,1.08,7.03,6.79,1.12,GOI/Cash,7.12,12,https://www.valueresearchonline.com/funds/42818/,5,8,4,10,27,Moderate Risk
Bandhan CRISIL IBX Gilt April 2028 Index Reg,debt,Debt,INF194KB1BS7,148790,Regular,5.34,7.19,6.09,Debt: Target Maturity,5.32,7.32,6.52,,,1.03,1.16,7,6.21,1.39,GOI/Cash,7.12,4,https://www.valueresearchonline.com/funds/41370/,4,8,4,10,26,Moderate Risk
Bandhan CRISIL IBX Gilt June 2027 Index Reg,debt,Debt,INF194KB1BL2,148786,Regular,5.36,7.05,5.94,Debt: Target Maturity,5.32,7.32,6.52,,,1.15,0.93,6.87,6.12,0.93,GOI/Cash,7.12,4,https://www.valueresearchonline.com/funds/41374/,4,9,4,10,27,Moderate Risk
Bandhan CRISIL-IBX 10:90 Gilt + SDL Index-Dec 2029 Reg,debt,Debt,INF194KB1JO9,153391,Regular,4.33,,,Debt: Target Maturity,5.32,,,,,,,,6.73,3.08,GOI/Cash,7.12,1,https://www.valueresearchonline.com/funds/45032/,5,6,4,10,25,Moderate Risk
Bandhan Crisil IBX Gilt April 2026 Index Reg,debt,Debt,INF194KB1EK8,150744,Regular,,,,,,,,,,,,,,,CASH,,0,https://www.valueresearchonline.com/funds/42667/,N/A,N/A,N/A,8,8,Low Risk
Bandhan Crisil IBX Gilt April 2032 Index Reg,debt,Debt,INF194KB1FI9,151409,Regular,4.69,7.65,,Debt: Target Maturity,5.32,7.32,,,,0.6,2.76,7.45,6.96,4.59,GOI/Cash,7.12,2,https://www.valueresearchonline.com/funds/43148/,5,5,4,10,24,Moderate Risk
Baroda BNP Paribas NIFTY SDL December 2028 Index Reg,debt,Debt,INF251K01RO4,151576,Regular,4.51,7.22,,Debt: Target Maturity,5.32,7.32,,,,0.63,1.97,7.04,7.12,2.2,GOI/Cash,7.12,4,https://www.valueresearchonline.com/funds/43303/,6,7,4,10,27,Moderate Risk
Baroda BNP Paribas Nifty SDL December 2026 Index Reg,debt,Debt,INF251K01RI6,151279,Regular,5.51,7.01,,Debt: Target Maturity,5.32,7.32,,,,1.25,0.8,6.8,5.93,0.51,GOI/Cash,7.12,5,https://www.valueresearchonline.com/funds/43044/,3,9,4,10,26,Moderate Risk
DSP CRISIL-IBX 50:50 Gilt Plus SDL-April 2033 Index Reg,debt,Debt,INF740KA1RY1,151327,Regular,4.18,7.43,,Debt: Target Maturity,5.32,7.32,,,,0.5,2.76,7.19,7.38,4.99,GOI/Cash,7.12,11,https://www.valueresearchonline.com/funds/43068/,6,5,4,10,25,Moderate Risk
DSP Nifty SDL + G-Sec Jun 2028 30:70 Reg,debt,Debt,INF740KA1QS5,149968,Regular,5.37,7.36,,Debt: Target Maturity,5.32,7.32,,,,1.02,1.31,7.14,6.59,1.56,GOI/Cash,7.12,25,https://www.valueresearchonline.com/funds/42185/,5,8,4,10,27,Moderate Risk
DSP Nifty SDL Plus G-Sec Sep 2027 50:50 Index Reg,debt,Debt,INF740KA1SE1,151370,Regular,5.49,7.22,,Debt: Target Maturity,5.32,7.32,,,,1.19,1.02,7.02,6.53,1.1,GOI/Cash,7.12,10,https://www.valueresearchonline.com/funds/43111/,5,8,4,10,27,Moderate Risk
Edelweiss CRISIL IBX 50:50 Gilt Plus SDL April 2037 Reg,debt,Debt,INF754K01PB8,150720,Regular,3.36,7.28,,Debt: Target Maturity,5.32,7.32,,,,0.41,3.24,7.13,7.55,7.46,GOI/Cash,7.12,14,https://www.valueresearchonline.com/funds/42587/,7,3,4,10,24,Moderate Risk
Edelweiss CRISIL IBX 50:50 Gilt Plus SDL June 2027 Reg,debt,Debt,INF754K01PJ1,150771,Regular,5.59,7.11,,Debt: Target Maturity,5.32,7.32,,,,1.25,0.89,6.92,6.25,0.9,GOI/Cash,7.12,7,https://www.valueresearchonline.com/funds/42635/,4,9,4,10,27,Moderate Risk
Edelweiss CRISIL IBX 50:50 Gilt Plus SDL Sep 2028 Index Reg,debt,Debt,INF754K01PR4,150848,Regular,5.02,7.29,,Debt: Target Maturity,5.32,7.32,,,,0.84,1.53,7.08,6.84,1.76,GOI/Cash,7.12,6,https://www.valueresearchonline.com/funds/42707/,5,8,4,10,27,Moderate Risk
Edelweiss CRISIL IBX AAA Fin Srvices Bond-Jan 2028 Index Reg,debt,Debt,INF754K01TT2,153130,Regular,6.14,,,Debt: Target Maturity,5.32,,,,,,,,7.93,1.32,AAA,7.12,14,https://www.valueresearchonline.com/funds/44746/,7,8,4,9,28,Low Risk
Edelweiss CRISIL-IBX AAA Bond NBFC-HFC-Jun 2027 Index Reg,debt,Debt,INF754K01UK9,153334,Regular,6.48,,,Debt: Target Maturity,5.32,,,,,,,,8.08,0.93,AAA,7.12,14,https://www.valueresearchonline.com/funds/44974/,8,9,4,9,30,Low Risk
Edelweiss NIFTY PSU Bond Plus SDL Apr 2026 50:50 Index Reg,debt,Debt,INF754K01LZ6,148797,Regular,,,,,,,,,,,,,,,Cash,,0,https://www.valueresearchonline.com/funds/41378/,N/A,N/A,N/A,8,8,Low Risk
Edelweiss NIFTY PSU Bond Plus SDL Apr 2027 50:50 Index Reg,debt,Debt,INF754K01MP5,149249,Regular,5.8,7.18,,Debt: Target Maturity,5.32,7.32,,,,1.38,0.84,6.95,7.12,0.77,AAA,7.12,25,https://www.valueresearchonline.com/funds/41768/,6,9,4,9,28,Low Risk
HDFC NIFTY G-Sec Jun 2036 Index Reg,debt,Debt,INF179KC1FT4,151490,Regular,4.35,7.79,,Debt: Target Maturity,5.32,7.32,,,,0.55,3.31,7.61,7.14,7.14,GOI/Cash,7.12,2,https://www.valueresearchonline.com/funds/43250/,6,3,4,10,23,Moderate Risk
HDFC NIFTY SDL Plus G-Sec Jun 2027 40:60 Index Reg,debt,Debt,INF179KC1GB0,151571,Regular,5.69,7.22,,Debt: Target Maturity,5.32,7.32,,,,1.37,0.89,7.02,6.25,0.89,GOI/Cash,7.12,10,https://www.valueresearchonline.com/funds/43337/,4,9,4,10,27,Moderate Risk
HDFC Nifty G-Sec Apr 2029 Index Reg,debt,Debt,INF179KC1FR8,151496,Regular,5.2,7.57,,Debt: Target Maturity,5.32,7.32,,,,0.86,1.85,7.39,6.63,2.61,GOI/Cash,7.12,2,https://www.valueresearchonline.com/funds/43248/,5,7,4,10,26,Moderate Risk
HDFC Nifty G-Sec July 2031 Index Reg,debt,Debt,INF179KC1EI0,150846,Regular,4.91,7.74,,Debt: Target Maturity,5.32,7.32,,,,0.62,2.74,7.5,6.97,4.26,GOI/Cash,7.12,6,https://www.valueresearchonline.com/funds/42763/,5,5,4,10,24,Moderate Risk
HDFC Nifty G-Sec Jun 2027 Index Reg,debt,Debt,INF179KC1EK6,151180,Regular,5.48,7.17,,Debt: Target Maturity,5.32,7.32,,,,1.25,0.94,6.98,6.16,0.98,GOI/Cash,7.12,2,https://www.valueresearchonline.com/funds/42926/,4,9,4,10,27,Moderate Risk
HDFC Nifty G-Sec Sep 2032 Index Reg,debt,Debt,INF179KC1EM2,151182,Regular,4.81,7.74,,Debt: Target Maturity,5.32,7.32,,,,0.57,2.97,7.49,7.1,5,GOI/Cash,7.12,4,https://www.valueresearchonline.com/funds/42928/,6,5,4,10,25,Moderate Risk
HDFC Nifty G-sec Dec 2026 Index Reg,debt,Debt,INF179KC1EG4,150844,Regular,5.39,6.93,,Debt: Target Maturity,5.32,7.32,,,,1.3,0.72,6.73,5.77,0.42,GOI/Cash,7.12,4,https://www.valueresearchonline.com/funds/42761/,3,10,4,10,27,Moderate Risk
HDFC Nifty SDL Oct 2026 Index Reg,debt,Debt,INF179KC1FJ5,151455,Regular,5.64,7.03,,Debt: Target Maturity,5.32,7.32,,,,1.58,0.65,6.82,5.71,0.22,GOI/Cash,7.12,25,https://www.valueresearchonline.com/funds/43193/,3,10,4,10,27,Moderate Risk
HSBC CRISIL IBX 50:50 Gilt+SDL Apr 2028 Reg,debt,Debt,INF336L01QK1,149963,Regular,5.28,7.31,,Debt: Target Maturity,5.32,7.32,,,,0.92,1.4,7.08,6.79,1.61,GOI/Cash,7.12,25,https://www.valueresearchonline.com/funds/42189/,5,8,4,10,27,Moderate Risk
HSBC CRISIL IBX Gilt June 2027 Index Reg,debt,Debt,INF336L01QW6,151480,Regular,5.45,7.07,,Debt: Target Maturity,5.32,7.32,,,,1.18,0.92,6.89,6.12,0.94,GOI/Cash,7.12,4,https://www.valueresearchonline.com/funds/43205/,4,9,4,10,27,Moderate Risk
ICICI Pru Nifty G-Sec Dec 2030 Index,debt,Debt,INF109KC15K4,150732,Regular,5.1,7.63,,Debt: Target Maturity,5.32,7.32,,,,0.68,2.27,7.35,6.84,3.66,GOI/Cash,7.12,7,https://www.valueresearchonline.com/funds/42649/,5,6,4,10,25,Moderate Risk
ICICI Pru Nifty PSU Bond + SDL Sep 2027 40:60 Index,debt,Debt,INF109KC1S13,149208,Regular,5.55,7.23,,Debt: Target Maturity,5.32,7.32,,,,1.16,1.05,7.02,7.24,1.12,AAA,7.12,25,https://www.valueresearchonline.com/funds/41728/,6,8,4,9,27,Moderate Risk
ICICI Pru Nifty SDL Dec 2028 Index,debt,Debt,INF109KC11L1,150728,Regular,4.72,7.42,,Debt: Target Maturity,5.32,7.32,,,,0.73,1.95,7.23,7.38,2.21,GOI/Cash,7.12,25,https://www.valueresearchonline.com/funds/42645/,6,7,4,10,27,Moderate Risk
ICICI Pru Nifty SDL Sep 2026 Index,debt,Debt,INF109KC10P4,151208,Regular,5.55,6.97,,Debt: Target Maturity,5.32,7.32,,,,1.6,0.6,6.77,5.76,0.23,GOI/Cash,7.12,19,https://www.valueresearchonline.com/funds/42952/,3,10,4,10,27,Moderate Risk
ICICI Pru Nifty SDL Sep 2027 Index,debt,Debt,INF109KC11B2,149998,Regular,5.6,7.31,,Debt: Target Maturity,5.32,7.32,,,,1.17,1.1,7.1,6.86,1.13,GOI/Cash,7.12,25,https://www.valueresearchonline.com/funds/42227/,5,8,4,10,27,Moderate Risk
Invesco India Nifty G-sec Jul 2027 Index Reg,debt,Debt,INF205KA1759,151590,Regular,5.53,7.2,,Debt: Target Maturity,5.32,7.32,,,,1.3,0.93,7.01,6.14,0.95,GOI/Cash,7.12,3,https://www.valueresearchonline.com/funds/43343/,4,9,4,10,27,Moderate Risk
Invesco India Nifty G-sec Sep 2032 Index Reg,debt,Debt,INF205KA1791,151594,Regular,4.77,7.77,,Debt: Target Maturity,5.32,7.32,,,,0.62,2.81,7.55,7.01,4.7,GOI/Cash,7.12,3,https://www.valueresearchonline.com/funds/43347/,6,5,4,10,25,Moderate Risk
Kotak CRISIL IBX AAA Financial Services Index-Sep 2027 Reg,debt,Debt,INF174KA1SW8,152866,Regular,6.09,,,Debt: Target Maturity,5.32,,,,,,,,8.02,1.14,AAA,7.12,17,https://www.valueresearchonline.com/funds/44549/,8,8,4,9,29,Low Risk
Kotak CRISIL-IBX AAA Bond Fin Srvices Index-Dec 2026 Reg,debt,Debt,INF174KA1VA8,153311,Regular,6.23,,,Debt: Target Maturity,5.32,,,,,,,,7.87,0.4,AAA,7.12,17,https://www.valueresearchonline.com/funds/44940/,7,10,4,9,30,Low Risk
Kotak Nifty AAA Bond Financial Services Mar 2028 Index Reg,debt,Debt,INF174KA1WV2,153683,Regular,,,,Debt: Target Maturity,,,,,,,,,7.97,1.47,AAA,7.12,12,https://www.valueresearchonline.com/funds/45289/,7,8,4,9,28,Low Risk
Kotak Nifty G-Sec July 2033 Index Reg,debt,Debt,INF174KA1PG7,152100,Regular,4.61,,,Debt: Target Maturity,5.32,,,,,,,,7.08,5.09,GOI/Cash,7.12,2,https://www.valueresearchonline.com/funds/43808/,6,4,4,10,24,Moderate Risk
Kotak Nifty SDL Apr 2027 Top 12 Equal Weight Reg,debt,Debt,INF174KA1II8,149852,Regular,5.99,7.3,,Debt: Target Maturity,5.32,7.32,,,,1.49,0.85,7.07,6.35,0.74,GOI/Cash,7.12,25,https://www.valueresearchonline.com/funds/42082/,4,9,4,10,27,Moderate Risk
Kotak Nifty SDL Apr 2032 Top 12 Equal Weight Reg,debt,Debt,INF174KA1IO6,149862,Regular,4.3,7.42,,Debt: Target Maturity,5.32,7.32,,,,0.48,2.94,7.22,7.7,4.56,GOI/Cash,7.12,25,https://www.valueresearchonline.com/funds/42086/,7,5,4,10,26,Moderate Risk
Kotak Nifty SDL Jul 2026 Index Reg,debt,Debt,INF174KA1KZ8,151216,Regular,5.5,6.88,,Debt: Target Maturity,5.32,7.32,,,,1.52,0.58,6.68,5.61,0.11,GOI/Cash,7.12,6,https://www.valueresearchonline.com/funds/42956/,3,10,4,10,27,Moderate Risk
Kotak Nifty SDL Jul 2033 Index Reg,debt,Debt,INF174KA1MG4,151417,Regular,3.59,7.15,,Debt: Target Maturity,5.32,7.32,,,,0.39,2.85,6.91,7.73,5.12,GOI/Cash,7.12,12,https://www.valueresearchonline.com/funds/43164/,7,4,4,10,25,Moderate Risk
Kotak Nifty SDL Plus AAA PSU Bond Jul 2028 60:40 Index Reg,debt,Debt,INF174KA1JQ9,150723,Regular,5.23,7.31,,Debt: Target Maturity,5.32,7.32,,,,0.88,1.46,7.09,7.45,1.72,AAA,7.12,25,https://www.valueresearchonline.com/funds/42641/,6,8,4,9,27,Moderate Risk
Mirae Asset CRISIL IBX Gilt Index-April 2033 Index Reg,debt,Debt,INF769K01IU1,150790,Regular,4.41,7.49,,Debt: Target Maturity,5.32,7.32,,,,0.53,2.8,7.28,7.06,5.2,GOI/Cash,7.12,6,https://www.valueresearchonline.com/funds/42695/,6,4,4,10,24,Moderate Risk
Mirae Asset Nifty AAA PSU Bond Plus SDL Apr 2026 50:50 Index Reg,debt,Debt,INF769K01IE5,150360,Regular,,,,,,,,,,,,,,,Cash,,0,https://www.valueresearchonline.com/funds/42699/,N/A,N/A,N/A,8,8,Low Risk
Mirae Asset Nifty SDL Jun 2027 Index Reg,debt,Debt,INF769K01IE5,150360,Regular,5.94,7.35,,Debt: Target Maturity,5.32,7.32,,,,1.39,0.95,7.12,6.56,0.94,GOI/Cash,7.12,25,https://www.valueresearchonline.com/funds/42236/,5,9,4,10,28,Low Risk
Mirae Asset Nifty SDL June 2028 Index Reg,debt,Debt,INF769K01JW5,151694,Regular,4.89,7.24,,Debt: Target Maturity,5.32,7.32,,,,0.73,1.67,7.02,7.26,1.82,GOI/Cash,7.12,16,https://www.valueresearchonline.com/funds/43393/,6,8,4,10,28,Low Risk
Nippon India CRISIL IBX AAA Fin Srvices-Dec 2026 Index Reg,debt,Debt,INF204KC1DJ9,152994,Regular,6.46,,,Debt: Target Maturity,5.32,,,,,,,,7.92,0.37,AAA,7.12,18,https://www.valueresearchonline.com/funds/44652/,7,10,4,9,30,Low Risk
Nippon India CRISIL IBX AAA Fin Srvices-Jan 2028 Index Reg,debt,Debt,INF204KC1DP6,152998,Regular,6.01,,,Debt: Target Maturity,5.32,,,,,,,,7.98,1.39,AAA,7.12,16,https://www.valueresearchonline.com/funds/44656/,7,8,4,9,28,Low Risk
Nippon India ETF Nifty SDL Apr 2026 Top 20 Equal Wght,debt,Debt,INF204KC1CX2,152840,Regular,,,,,,,,,,,,,,,CASH,,0,https://www.valueresearchonline.com/funds/41392/,N/A,N/A,N/A,8,8,Low Risk
Nippon India Nifty AAA CPSE Bond + SDL-Apr 2027 Mtrty 60:40 Reg,debt,Debt,INF204KC1493,150011,Regular,5.99,7.21,,Debt: Target Maturity,5.32,7.32,,,,1.62,0.73,6.98,7.16,0.61,AAA,7.12,25,https://www.valueresearchonline.com/funds/42219/,6,9,4,9,28,Low Risk
Nippon India Nifty AAA PSU Bond+SDL-Sep 2026 Mtrty 50:50 Index Reg,debt,Debt,INF204KC1659,150752,Regular,5.84,7.02,,Debt: Target Maturity,5.32,7.32,,,,1.88,0.53,6.81,6.53,0.18,AAA,7.12,25,https://www.valueresearchonline.com/funds/42661/,5,10,4,9,28,Low Risk
Nippon India Nifty G-Sec Jun 2036 Mtrty Index Reg,debt,Debt,INF204KC1998,150923,Regular,4.21,7.74,,Debt: Target Maturity,5.32,7.32,,,,0.53,3.29,7.56,7.13,7.09,GOI/Cash,7.12,4,https://www.valueresearchonline.com/funds/42826/,6,3,4,10,23,Moderate Risk
Nippon India Nifty G-Sec Oct 2028 Mtrty Index Reg,debt,Debt,INF204KC1AL1,151439,Regular,5.39,7.4,,Debt: Target Maturity,5.32,7.32,,,,0.88,1.54,7.16,6.44,2.02,GOI/Cash,7.12,4,https://www.valueresearchonline.com/funds/43173/,4,7,4,10,25,Moderate Risk
Nippon India Nifty G-Sec Sep 2027 Mtrty Index Reg,debt,Debt,INF204KC1857,150904,Regular,5.41,7.11,,Debt: Target Maturity,5.32,7.32,,,,1.18,0.96,6.93,6.17,1.03,GOI/Cash,7.12,3,https://www.valueresearchonline.com/funds/42814/,4,8,4,10,26,Moderate Risk
Nippon India Nifty SDL Plus G-Sec-Jun 2028 Mtrty 70:30 Index Reg,debt,Debt,INF204KC1717,150825,Regular,5.19,7.34,,Debt: Target Maturity,5.32,7.32,,,,0.91,1.45,7.12,6.98,1.61,GOI/Cash,7.12,25,https://www.valueresearchonline.com/funds/42733/,5,8,4,10,27,Moderate Risk
Nippon India Nifty SDL Plus G-Sec-Jun 2029 Mtrty 70:30 Index Reg,debt,Debt,INF204KC1AF3,151392,Regular,4.99,7.45,,Debt: Target Maturity,5.32,7.32,,,,0.79,1.86,7.26,7.19,2.51,GOI/Cash,7.12,25,https://www.valueresearchonline.com/funds/43169/,6,7,4,10,27,Moderate Risk
PGIM India CRISIL IBX Gilt Index-Apr 2028 Reg,debt,Debt,INF663L01X54,151404,Regular,5.14,7.08,,Debt: Target Maturity,5.32,7.32,,,,0.94,1.16,6.9,6.24,1.39,GOI/Cash,7.12,3,https://www.valueresearchonline.com/funds/43156/,4,8,4,10,26,Moderate Risk
SBI CPSE Bond + SDL Sep 2026 50:50 Reg,debt,Debt,INF200KA10D1,149472,Regular,5.86,7.05,,Debt: Target Maturity,5.32,7.32,,,,1.88,0.55,6.84,6.6,0.18,AAA,7.12,25,https://www.valueresearchonline.com/funds/41948/,5,10,4,9,28,Low Risk
SBI CRISIL IBX Gilt Index-April 2029 Reg,debt,Debt,INF200KA15Q2,150707,Regular,5.1,7.48,,Debt: Target Maturity,5.32,7.32,,,,0.79,1.89,7.3,6.6,2.58,GOI/Cash,7.12,1,https://www.valueresearchonline.com/funds/42611/,5,7,4,10,26,Moderate Risk
SBI CRISIL IBX Gilt Index-June 2036 Reg,debt,Debt,INF200KA19P6,150683,Regular,4.24,7.64,,Debt: Target Maturity,5.32,7.32,,,,0.5,3.31,7.46,7.15,7.19,GOI/Cash,7.12,1,https://www.valueresearchonline.com/funds/42591/,6,3,4,10,23,Moderate Risk
SBI CRISIL IBX SDL Index-September 2027 Reg,debt,Debt,INF200KA11R9,150712,Regular,5.56,7.26,,Debt: Target Maturity,5.32,7.32,,,,1.13,1.1,7.05,6.85,1.14,GOI/Cash,7.12,19,https://www.valueresearchonline.com/funds/42615/,5,8,4,10,27,Moderate Risk
Tata Nifty G-Sec Dec 2026 Index Reg,debt,Debt,INF277KA1828,151306,Regular,5.28,6.83,,Debt: Target Maturity,5.32,7.32,,,,1.2,0.7,6.64,5.79,0.45,GOI/Cash,7.12,2,https://www.valueresearchonline.com/funds/43056/,3,10,4,10,27,Moderate Risk
Tata Nifty G-Sec Dec 2029 Index Reg,debt,Debt,INF277KA1760,151275,Regular,4.95,7.42,,Debt: Target Maturity,5.32,7.32,,,,0.74,1.96,7.25,6.69,2.83,GOI/Cash,7.12,2,https://www.valueresearchonline.com/funds/43009/,5,7,4,10,26,Moderate Risk
Tata Nifty SDL+AAA PSU Bond Dec 27 60:40 Reg,debt,Debt,INF277KA1406,150330,Regular,5.26,7.14,,Debt: Target Maturity,5.32,7.32,,,,0.99,1.15,6.94,7.26,1.36,AAA,7.12,25,https://www.valueresearchonline.com/funds/42258/,6,8,4,9,27,Moderate Risk
UTI CRISIL SDL Maturity April 2033 Index Reg,debt,Debt,INF789F1AWW5,151184,Regular,3.59,7.19,,Debt: Target Maturity,5.32,7.32,,,,0.4,2.87,6.95,7.5,4.82,GOI/Cash,6.95,25,https://www.valueresearchonline.com/funds/42944/,7,5,5,10,27,Moderate Risk
UTI CRISIL SDL Maturity June 2027 Index Reg,debt,Debt,INF789F1AWY1,151238,Regular,5.88,7.23,,Debt: Target Maturity,5.32,7.32,,,,1.34,0.9,7.01,6.28,0.93,GOI/Cash,7.01,15,https://www.valueresearchonline.com/funds/42990/,4,9,4,10,27,Moderate Risk
UTI Nifty SDL Plus AAA PSU Bond Apr 2026 75:25 Index Reg,debt,Debt,INF789F1AXK8,151363,Regular,,,,,,,,,,,,,,,Cash,,0,https://www.valueresearchonline.com/funds/43130/,N/A,N/A,N/A,8,8,Low Risk
UTI Nifty SDL Plus AAA PSU Bond Apr 2028 75:25 Index Reg,debt,Debt,INF789F1AXQ5,151488,Regular,5.2,7.3,,Debt: Target Maturity,5.32,7.32,,,,0.86,1.49,7.08,7.13,1.78,AAA,7.12,16,https://www.valueresearchonline.com/funds/43245/,6,8,4,9,27,Moderate Risk
ABSL CRISIL-IBX Fin Srvices 3 to 6 Months Debt Index Reg,debt,Debt,INF209KC1472,153177,Regular,6.66,,,Debt: Ultra Short Duration,6.08,,,,,,,,7.61,6.51,AAA,0.21,25,https://www.valueresearchonline.com/funds/44827/,7,3,10,9,29,Low Risk
ABSL Savings Reg,debt,Debt,INF209K01LZ1,101317,Regular,6.38,7.31,6.46,Debt: Ultra Short Duration,6.08,6.71,5.94,,,2.51,0.5,7.07,7.98,6.51,AAA,0.57,25,https://www.valueresearchonline.com/funds/1684/,7,3,10,9,29,Low Risk
ABSL Savings Ret,debt,Debt,INF209K01LZ1,101317,Regular,,,,,,,,,,,,,7.98,0.49,AAA,0.57,0,https://www.valueresearchonline.com/funds/1129/,7,10,10,9,36,Very Low Risk
Axis CRISIL-IBX Fin Srvices 3-6 Months Debt Index Reg,debt,Debt,INF846KA1218,153880,Regular,,,,Debt: Ultra Short Duration,,,,,,,,,7.26,6.51,AAA,0.21,15,https://www.valueresearchonline.com/funds/45517/,6,3,10,9,28,Low Risk
Axis Ultra Short Duration Reg,debt,Debt,INF846K01G23,144759,Regular,5.85,6.6,5.76,Debt: Ultra Short Duration,6.08,6.71,5.94,,,1.43,0.42,6.4,7.68,6.4,AAA,0.49,25,https://www.valueresearchonline.com/funds/37531/,7,3,10,9,29,Low Risk
Bandhan CRISIL-IBX Financial Services 3-6 Months Debt Index Reg,debt,Debt,INF194KB1JS0,153408,Regular,6.01,,,Debt: Ultra Short Duration,6.08,,,,,,,,7.46,6.51,AAA,0.23,14,https://www.valueresearchonline.com/funds/45044/,6,3,10,9,28,Low Risk
Bandhan Ultra Short Duration Reg,debt,Debt,INF194KA10Q8,144171,Regular,6.28,7.01,6.14,Debt: Ultra Short Duration,6.08,6.71,5.94,,,2.4,0.41,6.79,7.51,6.79,AAA,0.52,25,https://www.valueresearchonline.com/funds/36950/,7,3,10,9,29,Low Risk
Bank of India Ultra Short Duration Reg,debt,Debt,INF761K01298,109269,Regular,5.9,6.42,5.7,Debt: Ultra Short Duration,6.08,6.71,5.94,,,1.08,0.4,6.23,7.29,6.23,AAA,0.38,17,https://www.valueresearchonline.com/funds/8389/,6,3,10,9,28,Low Risk
Baroda BNP Paribas Ultra Short Duration Reg,debt,Debt,INF955L01GX2,143464,Regular,6.32,7.1,6.35,Debt: Ultra Short Duration,6.08,6.71,5.94,,,2.53,0.42,6.87,7.33,6.87,AAA,0.42,25,https://www.valueresearchonline.com/funds/36292/,6,3,10,9,28,Low Risk
Canara Robeco Ultra Short Term Reg,debt,Debt,INF760K01DC9,109371,Regular,5.82,6.49,5.59,Debt: Ultra Short Duration,6.08,6.71,5.94,,,1.15,0.43,6.29,7.32,6.51,AAA,0.41,23,https://www.valueresearchonline.com/funds/8320/,6,3,10,9,28,Low Risk
DSP Ultra Short Reg,debt,Debt,INF740K01QQ3,104138,Regular,5.87,6.69,5.78,Debt: Ultra Short Duration,6.08,6.71,5.94,,,1.42,0.48,6.49,7.72,6.51,AAA,0.65,25,https://www.valueresearchonline.com/funds/3574/,7,3,10,9,29,Low Risk
Franklin India Ultra Short Duration Reg,debt,Debt,INF090I01XJ8,152828,Regular,6.13,,,Debt: Ultra Short Duration,6.08,,,,,,,,7.53,6.51,AAA,0.56,18,https://www.valueresearchonline.com/funds/44495/,7,3,10,9,29,Low Risk
HDFC CRISIL-IBX Fin Srvices 3-6 Months Debt Index Reg,debt,Debt,INF179KC1JJ7,153518,Regular,6.92,,,Debt: Ultra Short Duration,6.08,,,,,,,,7.63,6.51,AAA,0.22,25,https://www.valueresearchonline.com/funds/45139/,7,3,10,9,29,Low Risk
HDFC Ultra Short Term Reg,debt,Debt,INF179KB11R3,145040,Regular,6.04,6.93,6.12,Debt: Ultra Short Duration,6.08,6.71,5.94,,,1.88,0.48,6.71,7.61,6.51,AAA,0.75,25,https://www.valueresearchonline.com/funds/37802/,7,3,10,9,29,Low Risk
HSBC Ultra Short Duration Reg,debt,Debt,INF336L01OW1,147907,Regular,6.36,7.05,6.2,Debt: Ultra Short Duration,6.08,6.71,5.94,,,2.43,0.42,6.83,7.41,6.83,AAA,0.49,25,https://www.valueresearchonline.com/funds/40539/,6,3,10,9,28,Low Risk
ICICI Pru CRISIL-IBX Financial Services 3-6 Months Debt Index,debt,Debt,INF109K1A039,153409,Regular,6.79,,,Debt: Ultra Short Duration,6.08,,,,,,,,7.6,6.51,AAA,0.2,22,https://www.valueresearchonline.com/funds/45046/,7,3,10,9,29,Low Risk
ICICI Pru Ultra Short Term,debt,Debt,INF109K01TP7,115092,Regular,6.3,7.04,6.23,Debt: Ultra Short Duration,6.08,6.71,5.94,,,2.31,0.44,6.81,7.79,6.51,AAA,0.53,25,https://www.valueresearchonline.com/funds/12627/,7,3,10,9,29,Low Risk
ITI Ultra Short Duration Reg,debt,Debt,INF00XX01952,148906,Regular,5.64,6.29,5.42,Debt: Ultra Short Duration,6.08,6.71,5.94,,,0.89,0.35,6.11,6.83,6.11,AAA,0.3,19,https://www.valueresearchonline.com/funds/41468/,5,3,10,9,27,Moderate Risk
Invesco India Ultra Short Duration Reg,debt,Debt,INF205K01TM0,114359,Regular,6.13,6.92,5.96,Debt: Ultra Short Duration,6.08,6.71,5.94,,,1.95,0.46,6.71,7.53,6.71,AAA,0.43,25,https://www.valueresearchonline.com/funds/11881/,7,3,10,9,29,Low Risk
Kotak CRISIL-IBX Fin Srvices 3-6 Months Debt Index Reg,debt,Debt,INF174KA1VN1,153375,Regular,6.52,,,Debt: Ultra Short Duration,6.08,,,,,,,,7.36,6.51,AAA,0.21,18,https://www.valueresearchonline.com/funds/44994/,6,3,10,9,28,Low Risk
Kotak Savings Reg,debt,Debt,INF174K01FD6,102591,Regular,6.02,6.81,6,Debt: Ultra Short Duration,6.08,6.71,5.94,,,1.67,0.48,6.6,7.9,6.51,AAA,0.51,25,https://www.valueresearchonline.com/funds/2328/,7,3,10,9,29,Low Risk
LIC MF Ultra Short Duration Reg,debt,Debt,INF767K01QO1,147770,Regular,5.79,6.44,5.85,Debt: Ultra Short Duration,6.08,6.71,5.94,,,1.07,0.42,6.25,7.66,6.25,AAA,0.46,23,https://www.valueresearchonline.com/funds/40407/,7,3,10,9,29,Low Risk
Mahindra Manulife Ultra Short Duration Reg,debt,Debt,INF174V01853,147734,Regular,6.13,6.9,6.05,Debt: Ultra Short Duration,6.08,6.71,5.94,,,2.17,0.41,6.69,7.7,6.69,AAA,0.49,25,https://www.valueresearchonline.com/funds/40340/,7,3,10,9,29,Low Risk
Mirae Asset Ultra Short Duration Reg,debt,Debt,INF769K01GH2,148530,Regular,6.49,7.23,6.35,Debt: Ultra Short Duration,6.08,6.71,5.94,,,2.59,0.46,6.98,7.64,6.98,AAA,0.6,25,https://www.valueresearchonline.com/funds/41137/,7,3,10,9,29,Low Risk
Motilal Oswal Ultra Short Term Reg,debt,Debt,INF247L01213,124233,Regular,5.23,5.72,4.97,Debt: Ultra Short Duration,6.08,6.71,5.94,,,-0.74,0.31,5.58,6.74,6.51,AAA,0.35,14,https://www.valueresearchonline.com/funds/21380/,5,3,10,9,27,Moderate Risk
Nippon India CRISIL-IBX Financial Services 3-6 Months Debt Index Reg,debt,Debt,INF204KC1GU9,154274,Regular,,,,Debt: Ultra Short Duration,,,,,,,,,7.28,6.51,AAA,0.2,23,https://www.valueresearchonline.com/funds/45883/,6,3,10,9,28,Low Risk
Nippon India Ultra Short Duration Reg,debt,Debt,INF204K01UE8,143493,Regular,6.21,6.85,6.6,Debt: Ultra Short Duration,6.08,6.71,5.94,,,2.06,0.4,6.63,7.83,6.63,AAA,0.59,25,https://www.valueresearchonline.com/funds/1141/,7,3,10,9,29,Low Risk
Nippon India Ultra Short Duration Seg Port1 Reg,debt,Debt,INF204KB17H7,147674,Regular,,,,,,,,,,,,,10.75,,BBB,0.07,1,https://www.valueresearchonline.com/funds/40327/,10,N/A,10,3,23,Low Risk
PGIM India Ultra Short Duration,debt,Debt,INF223J01FK8,138343,Regular,5.6,6.44,5.71,Debt: Ultra Short Duration,6.08,6.71,5.94,,,1.09,0.41,6.25,7.13,6.25,AAA,0.33,19,https://www.valueresearchonline.com/funds/8285/,6,3,10,9,28,Low Risk
SBI Ultra Short Duration Reg,debt,Debt,INF200K01LJ4,100641,Regular,6.23,7,6.14,Debt: Ultra Short Duration,6.08,6.71,5.94,,,2.31,0.42,6.78,7.77,6.78,AAA,0.71,25,https://www.valueresearchonline.com/funds/609/,7,3,10,9,29,Low Risk
Sundaram Ultra Short Duration Reg,debt,Debt,INF173K01CU9,149535,Regular,5.2,6.01,5.2,Debt: Ultra Short Duration,6.08,6.71,5.94,,,0.1,0.41,5.84,7.45,5.84,AAA,0.44,25,https://www.valueresearchonline.com/funds/6609/,6,4,10,9,29,Low Risk
Tata Ultra Short Term Reg,debt,Debt,INF277K016S1,146070,Regular,6.05,6.65,5.79,Debt: Ultra Short Duration,6.08,6.71,5.94,,,1.57,0.41,6.44,7.91,6.51,AAA,0.57,25,https://www.valueresearchonline.com/funds/38827/,7,3,10,9,29,Low Risk
UTI Ultra Short Duration Discontinued Inst,debt,Debt,INF789F01PM1,112083,Regular,5.92,6.82,6.59,Debt: Ultra Short Duration,6.08,6.71,5.94,,,1.96,0.41,6.61,7.61,6.61,AAA,0.46,25,https://www.valueresearchonline.com/funds/10583/,7,3,10,9,29,Low Risk
UTI Ultra Short Duration Reg,debt,Debt,INF789F01570,102532,Regular,5.92,6.74,6.47,Debt: Ultra Short Duration,6.08,6.71,5.94,,,1.79,0.41,6.53,7.61,6.53,AAA,0.46,25,https://www.valueresearchonline.com/funds/1828/,7,3,10,9,29,Low Risk
WhiteOak Capital Ultra Short Duration Reg,debt,Debt,INF03VN01282,147307,Regular,5.69,6.46,5.7,Debt: Ultra Short Duration,6.08,6.71,5.94,,,1.13,0.41,6.27,7.51,6.27,AAA,0.45,21,https://www.valueresearchonline.com/funds/39933/,7,3,10,9,29,Low Risk