Fund Name,Category,Subcategory,Plan,1Y Return (%),3Y Return (%),5Y Return (%),Benchmark Name,ISIN,Scheme Code,Benchmark 1Y (%),Benchmark 3Y (%),Benchmark 5Y (%),Alpha,Beta,Sharpe Ratio,Sortino Ratio,Std Dev,Mean Return (%),No. of Stocks,Top 10 Stocks (%),Top 5 Stocks (%),Top 3 Sectors (%),No. of Securities,Portfolio P/E,Portfolio P/B,Alpha Score (/12),Beta Score (/6),Sharpe Score (/12),Sortino Score (/4),Std Dev Score (/6),VR Stars,Score (/40),Risk Category,Fund Rating,Top Holdings Count,Fund URL
360 ONE ELSS Tax Saver Nifty 50 Index Dir,equity,equity,Direct,-2.49,7.91,,BSE 500 TRI*,INF579M01AN2,151165,2.44,11.32,,-2.4,0.86,0.26,0.34,13.51,9.25,50,52.6,36.67,62.95,,20.66,3.16,2,4,2,0,4,1,12,High Risk,Poor,25,https://www.valueresearchonline.com/funds/42908/
ABSL ELSS Tax Saver Dir,equity,equity,Direct,2.61,12.13,8.74,BSE 500 TRI*,INF209K01UN8,119544,2.44,11.32,10.45,0.94,0.94,0.51,0.69,14.43,13.11,63,40.17,25.03,60.47,,24.74,3.54,6,4,2,0,3,2,15,Moderately High Risk,Poor,25,https://www.valueresearchonline.com/funds/15889/
Axis ELSS Tax Saver Dir,equity,equity,Direct,2.46,12.1,6.35,BSE 500 TRI*,INF846K01EW2,120503,2.44,11.32,10.45,1.33,0.91,0.52,0.69,14.53,13.29,67,38.24,25.17,57.26,,29.09,4.32,6,4,2,0,3,1,15,Moderately High Risk,Poor,25,https://www.valueresearchonline.com/funds/15688/
Bajaj Finserv ELSS Tax Saver Dir,equity,equity,Direct,7.67,,,BSE 500 TRI*,INF0QA701AK0,153201,2.44,,,,,,,,,46,42.76,27.35,57.84,,25.7,3.14,,,,,,,,,,25,https://www.valueresearchonline.com/funds/44856/
Bandhan ELSS Tax Saver Dir,equity,equity,Direct,4.13,10.21,12.33,BSE 500 TRI*,INF194K01Y29,118473,2.44,11.32,10.45,-0.52,0.89,0.41,0.53,13.66,11.31,58,43.45,29.85,57.67,,23.21,2.92,4,4,2,0,4,3,14,Moderately High Risk,Average,25,https://www.valueresearchonline.com/funds/16493/
Bank of Ind Midcap Tax 2 Dir,equity,equity,Direct,9.42,14.93,11.56,BSE 500 TRI*,INF955L01JF3,154679,2.44,11.32,10.45,2.77,1.14,0.57,0.82,18.54,16.33,51,39.18,22.84,54.79,,29.26,3.85,8,2,2,0,2,,14,Moderately High Risk,Average,25,https://www.valueresearchonline.com/funds/36922/
Bank of India ELSS Tax Saver Fund Dir,equity,equity,Direct,7.11,13.51,11.76,BSE 500 TRI*,INF761K01884,119351,2.44,11.32,10.45,2.05,1.07,0.53,0.76,17.7,15.13,53,32.76,19.57,56.35,,21.29,2.99,8,2,2,0,2,3,14,Moderately High Risk,Average,25,https://www.valueresearchonline.com/funds/16803/
Bank of India Midcap Tax Sr 1 Dir,equity,equity,Direct,13.03,15.75,12.46,BSE 500 TRI*,INF761K01DS3,141950,2.44,11.32,10.45,3.63,1.15,0.6,0.85,19.26,17.28,51,34.59,19.59,61.91,,31.22,4.55,10,2,4,0,2,,18,Moderately High Risk,Average,25,https://www.valueresearchonline.com/funds/34774/
Baroda BNP Paribas ELSS Tax Saver Dir,equity,equity,Direct,7.62,16.13,12.66,BSE 500 TRI*,INF251K01HF3,150159,2.44,11.32,10.45,4.92,0.96,0.76,0.99,15.25,17.26,54,30.31,16.94,61.95,,30.06,4.01,10,3,4,0,3,4,20,Moderate Risk,Good,25,https://www.valueresearchonline.com/funds/15732/
Canara Robeco ELSS Tax Saver Dir,equity,equity,Direct,3.57,12.48,10.47,BSE 500 TRI*,INF760K01EL8,118285,2.44,11.32,10.45,1.41,0.94,0.55,0.69,14.49,13.62,74,38.88,24.48,58.21,,26.49,3.84,6,4,2,0,3,3,15,Moderately High Risk,Average,25,https://www.valueresearchonline.com/funds/16594/
DSP ELSS Tax Saver Dir,equity,equity,Direct,2.53,13.87,12.3,BSE 500 TRI*,INF740K01OK1,119242,2.44,11.32,10.45,2.63,0.99,0.61,0.8,15.51,15.18,58,47.7,34.66,66.26,,19.97,2.7,8,3,4,0,3,4,18,Moderately High Risk,Good,25,https://www.valueresearchonline.com/funds/16454/
Edelweiss ELSS Tax Saver Dir,equity,equity,Direct,9.34,14.73,12.71,BSE 500 TRI*,INF754K01CA8,118620,2.44,11.32,10.45,3.27,0.99,0.66,0.83,15.28,15.79,94,30.66,20.03,63.08,,25.16,3.6,10,3,4,0,3,4,20,Moderate Risk,Good,25,https://www.valueresearchonline.com/funds/17762/
Franklin India ELSS Tax Saver Dir,equity,equity,Direct,-1.17,11.69,12.38,BSE 500 TRI*,INF090I01JS8,118540,2.44,11.32,10.45,0.89,0.92,0.51,0.65,14.28,12.95,49,46.31,29.48,60.85,,23.72,3.25,6,4,2,0,3,3,15,Moderately High Risk,Average,25,https://www.valueresearchonline.com/funds/16014/
Groww ELSS Tax Saver Dir,equity,equity,Direct,-3.22,10.37,9.19,BSE 500 TRI*,INF955L01JF3,154679,2.44,11.32,10.45,-0.42,0.97,0.41,0.48,15.45,11.97,66,37.34,25.6,61.69,,22.02,3.16,4,3,2,0,3,2,12,High Risk,Poor,25,https://www.valueresearchonline.com/funds/34683/
HDFC ELSS Tax Saver Dir,equity,equity,Direct,-2.15,13.77,14.65,BSE 500 TRI*,INF179K01YS4,119060,2.44,11.32,10.45,3.28,0.86,0.68,0.84,13.51,14.9,62,50.37,32.47,71.4,,23.03,3.31,10,4,4,0,4,5,22,Moderate Risk,Excellent,25,https://www.valueresearchonline.com/funds/16160/
HSBC ELSS Tax Saver Dir,equity,equity,Direct,8.26,16.92,13.29,BSE 500 TRI*,INF917K01GP0,151078,2.44,11.32,10.45,5.21,1.02,0.75,0.9,16.41,17.96,81,27.72,16.55,61.07,,27.61,3.54,12,3,4,0,3,4,22,Moderate Risk,Good,25,https://www.valueresearchonline.com/funds/16200/
ICICI Pru ELSS Tax Saver Dir,equity,equity,Direct,0.82,11.8,10.62,BSE 500 TRI*,INF109K01Y31,120592,2.44,11.32,10.45,1.23,0.88,0.53,0.71,13.89,13,89,52.37,30.95,59.29,,24.89,3.16,6,4,2,0,4,3,16,Moderately High Risk,Average,25,https://www.valueresearchonline.com/funds/15862/
ICICI Pru Long Term Wealth Enhancement Dir,equity,equity,Direct,-0.66,13.82,14.13,BSE 500 TRI*,INF767K01GI4,120338,2.44,11.32,10.45,3.73,0.88,0.69,0.92,14.28,15.48,25,63.66,39.08,75.04,,29.38,4.33,10,4,4,0,3,,21,Moderate Risk,Average,25,https://www.valueresearchonline.com/funds/34952/
ITI ELSS Tax Saver Dir,equity,equity,Direct,9.2,18.01,13.85,BSE 500 TRI*,INF00XX01390,147541,2.44,11.32,10.45,4.75,1.23,0.66,0.96,20,18.95,66,26.53,15.23,66.23,,23.29,3.07,10,0,4,0,2,3,16,Moderately High Risk,Average,25,https://www.valueresearchonline.com/funds/40137/
Invesco India ELSS Tax Saver Dir,equity,equity,Direct,2.71,13.5,10.82,BSE 500 TRI*,INF205K01NT8,120416,2.44,11.32,10.45,2.03,1.03,0.56,0.7,16.5,14.87,73,25.89,15.58,59.74,,34.18,4.42,8,3,2,0,3,2,16,Moderately High Risk,Poor,25,https://www.valueresearchonline.com/funds/16849/
JM ELSS Tax Saver Dir,equity,equity,Direct,10.13,16.93,14.81,BSE 500 TRI*,INF192K01CE3,120494,2.44,11.32,10.45,4.59,1.05,0.7,0.96,16.87,17.52,54,27.07,14.56,60.64,,29.83,3.42,10,3,4,0,3,4,20,Moderate Risk,Good,25,https://www.valueresearchonline.com/funds/16552/
Kotak ELSS Tax Saver Dir,equity,equity,Direct,4.01,11.81,12.17,BSE 500 TRI*,INF955L01JF3,154679,2.44,11.32,10.45,0.87,0.96,0.49,0.59,15.24,13.22,52,37.89,24.29,57.63,,24.35,3.21,6,3,2,0,3,3,14,Moderately High Risk,Average,25,https://www.valueresearchonline.com/funds/16380/
LIC MF ELSS Tax Saver Dir,equity,equity,Direct,-1.26,10.48,9.97,BSE 500 TRI*,INF767K01EM1,120270,2.44,11.32,10.45,-0.62,0.94,0.39,0.5,14.98,11.57,54,39.78,26.21,63.27,,28.53,4.05,4,4,2,0,3,2,13,Moderately High Risk,Poor,25,https://www.valueresearchonline.com/funds/16868/
Mahindra Manulife ELSS Tax Saver Dir,equity,equity,Direct,-2.3,8.94,9.94,BSE 500 TRI*,INF174V01093,139781,2.44,11.32,10.45,-1.47,0.91,0.34,0.45,14.02,10.48,55,40.68,28.11,63.12,,23.52,3.71,4,4,2,0,3,2,13,Moderately High Risk,Poor,25,https://www.valueresearchonline.com/funds/32895/
Mirae Asset ELSS Tax Saver Dir,equity,equity,Direct,5.11,13.07,11.48,BSE 500 TRI*,INF769K01DM9,135781,2.44,11.32,10.45,1.71,1,0.56,0.69,15.4,14.33,66,41.09,27.31,60.6,,21.49,3.06,8,3,2,0,3,3,16,Moderately High Risk,Average,25,https://www.valueresearchonline.com/funds/31318/
Motilal Oswal ELSS Tax Saver Dir,equity,equity,Direct,14.78,22.84,17.44,BSE 500 TRI*,INF247L01569,133386,2.44,11.32,10.45,9.96,1.16,0.83,1.12,21.64,23.65,30,42.37,22.28,60.43,,40.9,6.32,12,0,6,2,2,5,22,Moderate Risk,Excellent,25,https://www.valueresearchonline.com/funds/29162/
NJ ELSS Tax Saver Dir,equity,equity,Direct,-1.65,10.63,,BSE 500 TRI*,INF192K01CE3,120494,2.44,11.32,,-0.2,0.97,0.41,0.58,16,12.22,25,50.21,26.54,57.88,,22.95,5.26,4,3,2,0,3,2,12,High Risk,Poor,25,https://www.valueresearchonline.com/funds/43365/
Navi ELSS Tax Saver Dir,equity,equity,Direct,,,,,INF959L01CD5,151471,,,,,,,,,,,,,,,,,,,,,,,,,,0,https://www.valueresearchonline.com/funds/31265/
Navi ELSS Tax Saver Nifty 50 Index Dir,equity,equity,Direct,-2.56,7.92,,BSE 500 TRI*,INF959L01GR6,151471,2.44,11.32,,-2.42,0.87,0.26,0.34,13.59,9.27,50,52.83,36.86,63.19,,20.66,3.16,2,4,2,0,4,1,12,High Risk,Poor,25,https://www.valueresearchonline.com/funds/43191/
Nippon India ELSS Tax Saver Dir,equity,equity,Direct,3.26,12.71,12.16,BSE 500 TRI*,INF204K01L55,118803,2.44,11.32,10.45,1.52,0.97,0.55,0.77,14.98,13.9,64,39.39,24.62,59.8,,20.88,3.04,8,3,2,0,3,4,16,Moderately High Risk,Good,25,https://www.valueresearchonline.com/funds/16186/
PGIM India ELSS Tax Saver Dir,equity,equity,Direct,2.19,10.01,10.8,BSE 500 TRI*,INF663L01FN5,135601,2.44,11.32,10.45,-0.92,0.93,0.37,0.5,14.83,11.2,89,37.66,25.03,54.47,,27.78,4.05,4,4,2,0,3,2,13,Moderately High Risk,Poor,25,https://www.valueresearchonline.com/funds/31167/
Parag Parikh ELSS Tax Saver Dir,equity,equity,Direct,-7.28,9.72,11.76,BSE 500 TRI*,INF879O01100,147481,2.44,11.32,10.45,0.16,0.71,0.44,0.62,11.47,10.78,41,55.66,32.77,57.29,,17.72,2.16,6,6,2,0,5,4,19,Moderately High Risk,Good,25,https://www.valueresearchonline.com/funds/40105/
Quant ELSS Tax Saver Dir,equity,equity,Direct,16.35,15.34,15.89,BSE 500 TRI*,INF966L01986,120847,2.44,11.32,10.45,3.65,1.11,0.62,1.03,18.22,16.99,31,63.67,42.57,57.1,,30.75,4.22,10,2,4,2,2,4,20,Moderate Risk,Good,25,https://www.valueresearchonline.com/funds/17381/
Quantum ELSS Tax Saver Dir,equity,equity,Direct,-3.89,10.6,10.16,BSE 500 TRI*,INF082J01069,111549,2.44,11.32,10.45,0.42,0.85,0.47,0.61,13.39,11.96,32,41.4,24.4,70.7,,19.82,2.57,6,5,2,0,4,3,17,Moderately High Risk,Average,25,https://www.valueresearchonline.com/funds/10080/
SBI ELSS Tax Saver Dir,equity,equity,Direct,-0.14,14.82,15.23,BSE 500 TRI*,INF917K01GP0,151078,2.44,11.32,10.45,3.37,0.97,0.66,0.87,15.31,15.78,81,41.58,29.02,60.2,,23.71,3,10,3,4,0,3,5,20,Moderate Risk,Excellent,25,https://www.valueresearchonline.com/funds/16244/
SBI Long Term Advantage Sr IV Dir,equity,equity,Direct,1.78,9.51,11.31,BSE 500 TRI*,INF200KA1LS9,140487,2.44,11.32,10.45,-0.93,0.9,0.34,0.46,15.63,10.98,29,48.34,28.89,73.89,,23.25,3.38,4,4,2,0,3,,13,Moderately High Risk,Average,25,https://www.valueresearchonline.com/funds/33323/
SBI Long Term Advantage Sr V Dir,equity,equity,Direct,4.08,21.11,15.96,BSE 500 TRI*,INF200KA1RW8,142138,2.44,11.32,10.45,8.97,0.98,0.97,1.26,16.15,21.41,29,47.33,27.56,73.47,,25.27,3.23,12,3,6,2,3,,26,Moderate Risk,Average,25,https://www.valueresearchonline.com/funds/34960/
SBI Long Term Advantage Sr VI Dir,equity,equity,Direct,1.85,10.48,12.85,BSE 500 TRI*,INF200KA1TO1,143178,2.44,11.32,10.45,-0.94,1.07,0.38,0.45,17.2,12.16,34,41.87,22.76,73.69,,25.45,2.85,4,2,2,0,2,,10,High Risk,Poor,25,https://www.valueresearchonline.com/funds/35971/
Samco ELSS Tax Saver Dir,equity,equity,Direct,1.61,5.26,,BSE 500 TRI*,INF0K1H01065,150838,2.44,11.32,,-5.36,1.09,0.11,0.13,19.56,7.83,34,36.77,19.94,66.02,,26.2,4.22,0,2,2,0,2,1,6,High Risk,Poor,25,https://www.valueresearchonline.com/funds/42760/
Shriram ELSS Tax Saver Dir,equity,equity,Direct,1.41,8.17,7.7,BSE 500 TRI*,INF680P01158,145819,2.44,11.32,10.45,-2.56,1.01,0.26,0.31,16.79,10.1,70,38.26,25.23,57.52,,20.84,3.22,2,3,2,0,3,1,10,High Risk,Poor,25,https://www.valueresearchonline.com/funds/38439/
Sundaram ELSS Tax Saver Dir,equity,equity,Direct,-2.24,9.29,9.88,BSE 500 TRI*,INF173K01HZ7,149570,2.44,11.32,10.45,-1.51,0.91,0.34,0.42,14.14,10.46,56,41.64,25.31,65.19,,22.75,3.1,4,4,2,0,3,2,13,Moderately High Risk,Poor,25,https://www.valueresearchonline.com/funds/16650/
Sundaram Long Term Micro Cap Tax Advantage III Dir,equity,equity,Direct,10.09,12.19,16.23,BSE 500 TRI*,INF903JA1443,139711,2.44,11.32,10.45,0.59,1.1,0.42,0.67,19.28,13.88,38,44.62,25.7,62.11,,28.43,3.46,6,2,2,0,2,,12,High Risk,Poor,25,https://www.valueresearchonline.com/funds/32783/
Sundaram Long Term Micro Cap Tax Advantage IV Dir,equity,equity,Direct,9.9,12.2,16.36,BSE 500 TRI*,INF903JA1955,141141,2.44,11.32,10.45,0.6,1.09,0.43,0.68,19.03,13.8,38,45.09,26.64,62.48,,28.01,3.42,6,2,2,0,2,,12,High Risk,Poor,25,https://www.valueresearchonline.com/funds/33066/
Sundaram Long Term Micro Cap Tax Advantage V Dir,equity,equity,Direct,10.79,12.88,16.04,BSE 500 TRI*,INF903JA1955,141141,2.44,11.32,10.45,1.22,1.1,0.46,0.73,19.1,14.49,39,42.91,25.96,62.77,,27.21,3.33,6,2,2,0,2,,12,High Risk,Poor,25,https://www.valueresearchonline.com/funds/34226/
Sundaram Long Term Micro Cap Tax Advantage VI Dir,equity,equity,Direct,9.81,12.45,16.31,BSE 500 TRI*,INF903JA1AZ0,141564,2.44,11.32,10.45,0.8,1.09,0.44,0.71,19.03,14.01,38,44.11,26.14,63.94,,27.73,3.34,6,2,2,0,2,,12,High Risk,Poor,25,https://www.valueresearchonline.com/funds/34431/
Sundaram Long Term Tax Advantage III Dir,equity,equity,Direct,12.34,13.23,17.74,BSE 500 TRI*,INF903J011W9,135682,2.44,11.32,10.45,1.74,1.07,0.49,0.78,18.45,14.79,39,45.79,27.57,60.28,,27.47,3.35,8,2,2,0,2,,14,Moderately High Risk,Average,25,https://www.valueresearchonline.com/funds/35008/
Sundaram Long Term Tax Advantage IV Dir,equity,equity,Direct,11.98,13.38,17.9,BSE 500 TRI*,INF903JA1CZ6,143079,2.44,11.32,10.45,2.05,1.05,0.51,0.8,18.22,15.03,39,46.01,27.21,61.44,,28.81,3.45,8,3,2,0,2,,15,Moderately High Risk,Average,25,https://www.valueresearchonline.com/funds/35873/
Tata ELSS Dir,equity,equity,Direct,10.37,13.51,13.03,BSE 500 TRI*,INF277K01I86,132756,2.44,11.32,10.45,2.18,0.99,0.58,0.75,15.51,14.73,63,38.74,24.5,61.66,,24.47,3.41,8,3,2,0,3,3,16,Moderately High Risk,Average,25,https://www.valueresearchonline.com/funds/16739/
Taurus ELSS Tax Saver Dir,equity,equity,Direct,0.04,11,11.03,BSE 500 TRI*,INF044D01CG6,118866,2.44,11.32,10.45,0.16,0.9,0.44,0.67,14.55,12.05,31,59.59,35.58,62.85,,19.98,3.08,6,4,2,0,3,2,15,Moderately High Risk,Poor,25,https://www.valueresearchonline.com/funds/16713/
UTI ELSS Tax Saver Dir,equity,equity,Direct,-0.35,9.16,7.99,BSE 500 TRI*,INF789F01TF7,120715,2.44,11.32,10.45,-1.62,0.96,0.34,0.44,14.93,10.72,59,40.3,26.81,63.22,,23.99,3.24,4,3,2,0,3,1,12,High Risk,Poor,25,https://www.valueresearchonline.com/funds/15723/
Union ELSS Tax Saver Dir,equity,equity,Direct,2.62,11.38,10.88,BSE 500 TRI*,INF582M01765,119307,2.44,11.32,10.45,0.53,0.92,0.48,0.58,14.45,12.61,77,31.87,21.08,61.72,,30.91,3.89,6,4,2,0,3,3,15,Moderately High Risk,Average,25,https://www.valueresearchonline.com/funds/16436/
WhiteOak Capital ELSS Tax Saver Dir,equity,equity,Direct,6.63,17.25,,BSE 500 TRI*,INF03VN01621,150587,2.44,11.32,,5.55,0.94,0.81,1.08,14.9,17.71,139,36.11,24.52,58.58,,26.25,3.62,12,4,6,2,3,5,27,Low Risk,Excellent,25,https://www.valueresearchonline.com/funds/42487/
Zerodha ELSS Tax Saver Nifty Large Midcap 250 Index Dir,equity,equity,Direct,5.23,,,BSE 500 TRI*,INF0R8F01026,152157,2.44,,,,,,,,,250,22.21,15.12,54.07,,21.64,3.39,,,,,,,,,,25,https://www.valueresearchonline.com/funds/43847/
360 ONE Flexicap Dir,equity,equity,Direct,12.04,18.21,,BSE 500 TRI*,INF579M01AS1,151796,2.44,11.32,,6.03,0.99,0.82,1.07,15.76,18.54,56,33.66,19.09,63.66,,26.3,3.87,12,3,6,2,3,4,26,Moderate Risk,Good,25,https://www.valueresearchonline.com/funds/43547/
360 ONE Focused Dir,equity,equity,Direct,7.6,12.33,11.73,BSE 500 TRI*,INF579M01902,131580,2.44,11.32,10.45,1.33,0.92,0.53,0.68,14.4,13.34,28,56.17,32.91,69.51,,26.89,3.92,6,4,2,0,3,3,15,Moderately High Risk,Average,25,https://www.valueresearchonline.com/funds/28458/
ABSL BSE 500 Momentum 50 Index Fund Dir,equity,equity,Direct,7.87,,,BSE 500 TRI*,INF209KC1589,153736,2.44,,,,,,,,,50,39.77,21.65,60.81,,24.54,5.01,,,,,,,,,,25,https://www.valueresearchonline.com/funds/45377/
ABSL BSE 500 Quality 50 Index Dir,equity,equity,Direct,4.36,,,BSE 500 TRI*,INF209KC1613,153740,2.44,,,,,,,,,50,40.61,21.36,59.41,,23.9,7.85,,,,,,,,,,25,https://www.valueresearchonline.com/funds/45381/
ABSL Bal Bhavishya Yojna Dir,equity,equity,Direct,8.58,12.08,10.37,BSE 500 TRI*,INF209KB1E84,146407,2.44,11.32,10.45,0.9,0.97,0.5,0.67,15.18,13.28,67,29.14,18.44,55.08,,28.04,3.47,6,3,2,0,3,2,14,Moderately High Risk,Poor,25,https://www.valueresearchonline.com/funds/38821/
ABSL Flexi Cap Dir,equity,equity,Direct,11.55,15.93,12.27,BSE 500 TRI*,INF209K01XX1,120564,2.44,11.32,10.45,4.57,0.95,0.76,0.98,14.62,16.82,83,27.86,17.42,56.43,,30.18,3.9,10,4,4,0,3,4,21,Moderate Risk,Good,25,https://www.valueresearchonline.com/funds/15741/
ABSL Focused Dir,equity,equity,Direct,6.67,13.76,11.09,BSE 500 TRI*,INF209K01WE3,119564,2.44,11.32,10.45,2.7,0.9,0.63,0.89,14.08,14.63,29,42.71,23.75,62.47,,27.18,3.3,8,4,4,0,3,3,19,Moderately High Risk,Average,25,https://www.valueresearchonline.com/funds/15883/
ABSL Retirement 30s Dir,equity,equity,Direct,16.29,16.96,12.83,BSE 500 TRI*,INF209KB1I23,146575,2.44,11.32,10.45,5.07,0.98,0.76,1.02,15.54,17.5,77,25.24,15.08,53.01,,30.07,3.85,12,3,4,2,3,4,24,Moderate Risk,Good,25,https://www.valueresearchonline.com/funds/39181/
Abakkus Flexi Cap Dir,equity,equity,Direct,,,,BSE 500 TRI*,INF2JJD01136,154043,,,,,,,,,,45,33.8,20.21,56.78,,24.84,3.7,,,,,,,,,,25,https://www.valueresearchonline.com/funds/45683/
Angel One Nifty Total Market ETF,equity,equity,Direct,2.99,,,BSE 500 TRI*,INF1J2R01023,153330,2.44,,,,,,,,,752,28.13,19.63,53.19,,22.13,3.16,,,,,,,,,,25,https://www.valueresearchonline.com/funds/44964/
Angel One Nifty Total Market Index Dir,equity,equity,Direct,2.97,,,BSE 500 TRI*,INF1J2R01023,153330,2.44,,,,,,,,,752,28.15,19.64,53.21,,22.82,3.4,,,,,,,,,,25,https://www.valueresearchonline.com/funds/44963/
Angel One Nifty Total Market Momentum Quality 50 ETF,equity,equity,Direct,,,,BSE 500 TRI*,INF1J2R01122,153956,,,,,,,,,,50,49.37,26.02,64.89,,34.05,8.49,,,,,,,,,,25,https://www.valueresearchonline.com/funds/45605/
Angel One Nifty Total Market Momentum Quality 50 Index Dir,equity,equity,Direct,,,,BSE 500 TRI*,INF1J2R01122,153956,,,,,,,,,,50,49.43,26.06,64.96,,30.19,7.67,,,,,,,,,,25,https://www.valueresearchonline.com/funds/45607/
Axis Flexi Cap Dir,equity,equity,Direct,7.3,14.73,9.33,BSE 500 TRI*,INF846K01B28,141925,2.44,11.32,10.45,3.45,0.97,0.65,0.79,15.5,15.83,62,38.74,23.71,59.77,,32.15,4.66,10,3,4,0,3,2,20,Moderate Risk,Poor,25,https://www.valueresearchonline.com/funds/34711/
Axis Focused Dir,equity,equity,Direct,3.33,11.42,4.95,BSE 500 TRI*,INF846K01CQ8,120468,2.44,11.32,10.45,0.98,0.91,0.49,0.69,14.98,12.98,27,53.02,31.75,59.42,,31.27,5.02,6,4,2,0,3,1,15,Moderately High Risk,Poor,25,https://www.valueresearchonline.com/funds/15684/
Axis Nifty 500 Index Dir,equity,equity,Direct,2.52,,,BSE 500 TRI*,INF846K019W9,152731,2.44,,,,,,,,,500,29.39,20.51,53.66,,22.57,3.4,,,,,,,,,,25,https://www.valueresearchonline.com/funds/44413/
Axis Nifty500 Momentum 50 Index Dir,equity,equity,Direct,7.3,,,BSE 500 TRI*,INF846KA1044,153244,2.44,,,,,,,,,50,46.49,25.49,64.66,,26.66,5.57,,,,,,,,,,25,https://www.valueresearchonline.com/funds/44905/
Axis Nifty500 Quality 50 Index Dir,equity,equity,Direct,,,,BSE 500 TRI*,INF846KA1200,153829,,,,,,,,,,50,39.96,22.92,64.31,,22.61,7.15,,,,,,,,,,25,https://www.valueresearchonline.com/funds/45468/
Bajaj Finserv Flexi Cap Dir,equity,equity,Direct,9.46,17.71,,BSE 500 TRI*,INF0QA701342,151895,2.44,11.32,,5.84,0.94,0.82,1.03,15.12,18.04,72,33.13,19.66,59.94,,22.5,4.23,12,4,6,2,3,4,27,Low Risk,Good,25,https://www.valueresearchonline.com/funds/43653/
Bandhan Flexi Cap Dir,equity,equity,Direct,2.22,11.65,10.34,BSE 500 TRI*,INF194K01W62,118424,2.44,11.32,10.45,0.71,0.89,0.5,0.66,13.73,12.52,71,45.63,29.28,63.7,,21.84,3.01,6,4,2,0,4,3,16,Moderately High Risk,Average,25,https://www.valueresearchonline.com/funds/16501/
Bandhan Focused Dir,equity,equity,Direct,6.34,16.01,12.65,BSE 500 TRI*,INF194K01W21,118421,2.44,11.32,10.45,3.46,0.99,0.62,0.87,16.6,15.98,27,55.64,33.17,62.11,,17.73,2.51,10,3,4,0,3,3,20,Moderate Risk,Average,25,https://www.valueresearchonline.com/funds/16507/
Bandhan Nifty 500 Momentum 50 Index Dir,equity,equity,Direct,7.02,,,BSE 500 TRI*,INF194KB1DP9,150591,2.44,,,,,,,,,50,46.5,25.5,64.65,,26.66,5.57,,,,,,,,,,25,https://www.valueresearchonline.com/funds/44630/
Bandhan Nifty Alpha 50 Index Dir,equity,equity,Direct,11.45,,,BSE 500 TRI*,INF194KB1HA2,152177,2.44,,,,,,,,,50,34.76,20,64.94,,18.19,3.19,,,,,,,,,,25,https://www.valueresearchonline.com/funds/43864/
Bandhan Nifty Total Mkt Index Dir,equity,equity,Direct,2.66,,,BSE 500 TRI*,INF194KB1IK9,152716,2.44,,,,,,,,,752,28.14,19.63,53.29,,22.82,3.4,,,,,,,,,,25,https://www.valueresearchonline.com/funds/44403/
Bank of India Flexi Cap Dir,equity,equity,Direct,15.35,20.4,17.13,BSE 500 TRI*,INF761K01FF5,148404,2.44,11.32,10.45,8.27,1.11,0.85,1.25,18.8,21.66,64,30.66,18.2,51.71,,24.48,3.45,12,2,6,2,2,5,24,Moderate Risk,Excellent,25,https://www.valueresearchonline.com/funds/41018/
Baroda BNP Paribas Children's Dir,equity,equity,Direct,7.92,,,BSE 500 TRI*,INF251K01UE9,153171,2.44,,,,,,,,,57,25.26,13.66,56.88,,29.73,3.99,,,,,,,,,,25,https://www.valueresearchonline.com/funds/44780/
Baroda BNP Paribas Flexi Cap Dir,equity,equity,Direct,6.13,13.09,,BSE 500 TRI*,INF251K01QZ2,150387,2.44,11.32,,2.16,1,0.58,0.69,15.71,14.74,48,30.59,17.11,59.96,,28.87,3.4,8,3,2,0,3,3,16,Moderately High Risk,Average,25,https://www.valueresearchonline.com/funds/42312/
Baroda BNP Paribas Focused Dir,equity,equity,Direct,1.91,9.57,9.79,BSE 500 TRI*,INF251K01PN0,150264,2.44,11.32,10.45,-1.12,1.08,0.37,0.47,17.17,12.03,25,49.33,27.45,61.82,,24.89,3.31,4,2,2,0,2,2,10,High Risk,Poor,25,https://www.valueresearchonline.com/funds/34653/
Canara Robeco Flexi Cap Dir,equity,equity,Direct,1.4,12.54,10.07,BSE 500 TRI*,INF760K01EF0,118275,2.44,11.32,10.45,1.63,0.94,0.56,0.69,14.4,13.78,77,38.24,23.86,59.36,,28.98,4.12,8,4,2,0,3,3,17,Moderately High Risk,Average,25,https://www.valueresearchonline.com/funds/16588/
Canara Robeco Focused Dir,equity,equity,Direct,0.37,13.84,12.31,BSE 500 TRI*,INF760K01JQ6,148883,2.44,11.32,10.45,2.88,0.93,0.64,0.8,14.56,14.97,30,49.68,29.75,58.41,,31.77,4.3,8,4,4,0,3,4,19,Moderately High Risk,Good,25,https://www.valueresearchonline.com/funds/41458/
Capitalmind Flexi Cap Dir,equity,equity,Direct,5.87,,,BSE 500 TRI*,INF226401018,153738,2.44,,,,,,,,,32,37.53,19.78,60.92,,29.11,4.88,,,,,,,,,,25,https://www.valueresearchonline.com/funds/45313/
DSP Flexi Cap Dir,equity,equity,Direct,3.15,11.64,10.05,BSE 500 TRI*,INF740K01PI2,119076,2.44,11.32,10.45,0.85,0.98,0.5,0.65,15.26,13.29,68,43.85,30.54,67.79,,22.86,3.37,6,3,2,0,3,3,14,Moderately High Risk,Average,25,https://www.valueresearchonline.com/funds/16386/
DSP Focused Dir,equity,equity,Direct,5.03,13.77,10.65,BSE 500 TRI*,INF740K01OB0,119096,2.44,11.32,10.45,2.7,0.96,0.6,0.83,15.4,15,30,48.3,31.5,64.43,,21.86,3.26,8,3,4,0,3,3,18,Moderately High Risk,Average,25,https://www.valueresearchonline.com/funds/16388/
DSP Nifty 500 Index Dir,equity,equity,Direct,,,,BSE 500 TRI*,INF740KA1XY9,154088,,,,,,,,,,500,29.36,20.49,53.63,,22.57,3.4,,,,,,,,,,25,https://www.valueresearchonline.com/funds/45719/
DSP Nifty500 Flexicap Quality 30 ETF,equity,equity,Direct,,,,BSE 500 TRI*,INF740KA1WR5,153801,,,,,,,,,,30,35.62,18.23,63.64,,31.15,6.14,,,,,,,,,,25,https://www.valueresearchonline.com/funds/45521/
DSP Nifty500 Flexicap Quality 30 Index Dir,equity,equity,Direct,-4.49,,,BSE 500 TRI*,INF740KA1WR5,153801,2.44,,,,,,,,,30,35.58,18.21,63.56,,25.91,7.06,,,,,,,,,,25,https://www.valueresearchonline.com/funds/45446/
Edelweiss Flexi Cap Dir,equity,equity,Direct,5.21,15.57,13.47,BSE 500 TRI*,INF843K01KK1,140353,2.44,11.32,10.45,4.06,0.99,0.71,0.86,15.28,16.56,90,30.69,20.7,58.13,,26.13,3.59,10,3,4,0,3,4,20,Moderate Risk,Good,25,https://www.valueresearchonline.com/funds/29263/
Edelweiss Focused Dir,equity,equity,Direct,3.42,13.89,,BSE 500 TRI*,INF754K01OP1,150376,2.44,11.32,,2.83,0.98,0.62,0.72,15.39,15.31,29,49.75,29.5,64.16,,26.89,3.45,8,3,4,0,3,3,18,Moderately High Risk,Average,25,https://www.valueresearchonline.com/funds/42298/
Franklin India Flexi Cap Dir,equity,equity,Direct,-0.13,12.02,12.62,BSE 500 TRI*,INF090I01FK3,118535,2.44,11.32,10.45,1.21,0.92,0.53,0.68,14.16,13.23,56,41.17,25.97,56.68,,24.21,3.27,6,4,2,0,3,4,15,Moderately High Risk,Good,25,https://www.valueresearchonline.com/funds/16008/
Franklin India Focused Equity Dir,equity,equity,Direct,-5.77,8.94,10.47,BSE 500 TRI*,INF090I01IW2,118564,2.44,11.32,10.45,-1.2,0.87,0.35,0.41,13.74,10.48,28,58.97,35.92,64.72,,26.71,3.57,4,4,2,0,4,2,14,Moderately High Risk,Poor,25,https://www.valueresearchonline.com/funds/15990/
Groww Nifty 500 Low Volatility 50 ETF,equity,equity,Direct,-0.36,,,BSE 500 TRI*,INF666M01EK5,145589,2.44,,,,,,,,,50,45,24.82,50.73,,23.54,3.69,,,,,,,,,,25,https://www.valueresearchonline.com/funds/45217/
Groww Nifty 500 Momentum 50 ETF,equity,equity,Direct,7.07,,,BSE 500 TRI*,INF666M01JX7,153453,2.44,,,,,,,,,50,46.4,25.45,64.52,,29.12,4.91,,,,,,,,,,25,https://www.valueresearchonline.com/funds/45094/
Groww Nifty 500 Momentum 50 ETF FoF Dir,equity,equity,Direct,7.23,,,BSE 500 TRI*,INF666M01JX7,153453,2.44,,,,,,,,,,,,,,,,,,,,,,,,,1,https://www.valueresearchonline.com/funds/45097/
Groww Nifty Total Market Index Dir,equity,equity,Direct,2.71,,,BSE 500 TRI*,INF666M01HM4,152092,2.44,,,,,,,,,752,28.14,19.64,53.23,,22.82,3.4,,,,,,,,,,25,https://www.valueresearchonline.com/funds/43806/
HDFC BSE 500 ETF,equity,equity,Direct,2.13,10.94,,BSE 500 TRI*,INF179KA1IZ7,128629,2.44,11.32,,-0.34,1,0.43,0.55,15.2,12.26,501,29.79,20.79,53.38,,22.17,3.17,4,3,2,0,3,,12,High Risk,Poor,25,https://www.valueresearchonline.com/funds/43117/
HDFC BSE 500 Index Dir,equity,equity,Direct,2.09,10.72,,BSE 500 TRI*,INF179KC1GG9,151728,2.44,11.32,,-0.53,1,0.42,0.53,15.15,12.04,501,29.73,20.75,53.29,,22.72,3.38,4,3,2,0,3,2,12,High Risk,Poor,25,https://www.valueresearchonline.com/funds/43477/
HDFC Diversified Equity All Cap Active FoF Dir,equity,equity,Direct,,,,BSE 500 TRI*,INF179KC1JU4,153860,,,,,,,,,,,,,,,,,,,,,,,,,,5,https://www.valueresearchonline.com/funds/45485/
HDFC Flexi Cap Dir,equity,equity,Direct,4.23,16.38,17.85,BSE 500 TRI*,INF179K01UT0,118955,2.44,11.32,10.45,5.85,0.82,0.89,1.04,12.88,17.18,75,44.61,29.02,61.62,,24.29,3.42,12,5,6,2,4,5,29,Low Risk,Excellent,25,https://www.valueresearchonline.com/funds/16026/
HDFC Focused Dir,equity,equity,Direct,2,16.2,18.7,BSE 500 TRI*,INF179K01VK7,118950,2.44,11.32,10.45,5.74,0.79,0.88,0.97,12.71,16.91,29,54.21,34.08,71.71,,23.74,3.39,12,5,6,0,4,5,27,Low Risk,Excellent,25,https://www.valueresearchonline.com/funds/16021/
HDFC Retirement Savings Equity Dir,equity,equity,Direct,-1.83,9.92,12.85,BSE 500 TRI*,INF179KB1MF0,136094,2.44,11.32,10.45,-0.62,0.86,0.4,0.49,13.23,10.99,69,41.35,27.46,57.33,,21.26,2.96,4,4,2,0,4,4,14,Moderately High Risk,Good,25,https://www.valueresearchonline.com/funds/31780/
HSBC Flexi Cap Dir,equity,equity,Direct,9.62,16.73,14.52,BSE 500 TRI*,INF336L01DH5,120046,2.44,11.32,10.45,4.77,1.08,0.71,0.91,17.2,17.9,85,23.62,14.46,57.72,,26.52,3.12,10,2,4,0,2,4,18,Moderately High Risk,Good,25,https://www.valueresearchonline.com/funds/16320/
HSBC Focused Dir,equity,equity,Direct,11.25,15.73,11.88,BSE 500 TRI*,INF336L01PB2,148411,2.44,11.32,10.45,4.16,1.02,0.67,0.79,16.75,16.91,28,48.6,28.26,64.64,,29.65,3.92,10,3,4,0,3,3,20,Moderate Risk,Average,25,https://www.valueresearchonline.com/funds/41022/
Helios Flexi Cap Dir,equity,equity,Direct,7.78,,,BSE 500 TRI*,INF0R8701046,152135,2.44,,,,,,,,,71,32.37,18.87,65.34,,32.81,4.47,,,,,,,,,,25,https://www.valueresearchonline.com/funds/43839/
ICICI Pru BSE 500 ETF,equity,equity,Direct,2.11,10.94,10.09,BSE 500 TRI*,INF109KC1V91,149331,2.44,11.32,10.45,-0.34,1,0.43,0.55,15.19,12.26,501,29.76,20.77,53.35,,22.19,3.17,4,3,2,0,3,,12,High Risk,Poor,25,https://www.valueresearchonline.com/funds/36037/
ICICI Pru BSE 500 ETF FOF Dir,equity,equity,Direct,1.89,10.74,,BSE 500 TRI*,INF109KC1V91,149331,2.44,11.32,,-0.47,0.99,0.42,0.53,15.1,12.07,,,,,,,,4,3,2,0,3,2,12,High Risk,Poor,1,https://www.valueresearchonline.com/funds/41852/
ICICI Pru Diversified Equity All Cap Active FoF Dir,equity,equity,Direct,,,,BSE 500 TRI*,INF109KC1I49,148035,,,,,,,,,,,,,,,,,,,,,,,,,,5,https://www.valueresearchonline.com/funds/45888/
ICICI Pru Diversified Equity All Cap Omni FoF Dir,equity,equity,Direct,4.06,15.72,15.37,BSE 500 TRI*,INF109KC1I49,148035,2.44,11.32,10.45,4.61,0.91,0.77,1.01,14.11,16.61,,,,,,,,10,4,4,2,3,4,23,Moderate Risk,Good,10,https://www.valueresearchonline.com/funds/40662/
ICICI Pru Flexicap Dir,equity,equity,Direct,8.45,16.95,15.59,BSE 500 TRI*,INF109KC1R14,148990,2.44,11.32,10.45,6.04,0.97,0.82,0.96,15.46,18.41,69,45.96,31.97,73.78,,33.16,4.98,12,3,6,0,3,4,24,Moderate Risk,Good,25,https://www.valueresearchonline.com/funds/41525/
ICICI Pru Focused Equity Dir,equity,equity,Direct,3.92,17.59,15.94,BSE 500 TRI*,INF109K018N2,120722,2.44,11.32,10.45,6.05,0.95,0.84,1.07,14.94,18.29,33,49.79,31.08,59.18,,18.79,3.69,12,4,6,2,3,5,27,Low Risk,Excellent,25,https://www.valueresearchonline.com/funds/17412/
ICICI Pru Nifty 500 Index Dir,equity,equity,Direct,2.24,,,BSE 500 TRI*,INF109KC16Y3,153161,2.44,,,,,,,,,500,29.42,20.53,53.74,,22.57,3.4,,,,,,,,,,25,https://www.valueresearchonline.com/funds/44820/
ICICI Pru Retirement Pure Equity Dir,equity,equity,Direct,11,20.55,19.91,BSE 500 TRI*,INF109KC1TS2,146349,2.44,11.32,10.45,8.01,1.02,0.93,1.34,16.15,20.78,93,30.61,19.03,45.72,,31.06,4.29,12,3,6,2,3,5,26,Moderate Risk,Excellent,25,https://www.valueresearchonline.com/funds/39055/
ITI Flexi Cap Dir,equity,equity,Direct,15.83,18.82,,BSE 500 TRI*,INF00XX01CO7,151379,2.44,11.32,,6.44,1.07,0.8,1.03,17.3,19.52,77,27.84,18.26,52.5,,28.18,4.17,12,2,6,2,2,5,24,Moderate Risk,Excellent,25,https://www.valueresearchonline.com/funds/43120/
ITI Focused Dir,equity,equity,Direct,13.98,19.45,,BSE 500 TRI*,INF00XX01CS8,151777,2.44,11.32,,6.78,1.03,0.85,1.03,16.31,19.56,30,42.1,22.9,54.96,,31.37,4.15,12,3,6,2,3,5,26,Moderate Risk,Excellent,25,https://www.valueresearchonline.com/funds/43534/
Invesco India Flexi Cap Dir,equity,equity,Direct,4.66,18.9,,BSE 500 TRI*,INF205KA1494,149763,2.44,11.32,,6.76,1.06,0.81,0.95,17.34,19.76,69,30.52,18.79,63.03,,40.98,6.25,12,2,6,0,2,4,22,Moderate Risk,Good,25,https://www.valueresearchonline.com/funds/42014/
Invesco India Focused Dir,equity,equity,Direct,6.96,22.57,16.04,BSE 500 TRI*,INF205KA1213,148481,2.44,11.32,10.45,9.95,1.03,0.97,1.38,17.65,22.76,24,55.98,33.03,69.51,,36.14,5.34,12,3,6,2,2,4,25,Moderate Risk,Good,25,https://www.valueresearchonline.com/funds/41096/
JM Flexicap Dir,equity,equity,Direct,4.27,15.18,15.78,BSE 500 TRI*,INF192K01CC7,120492,2.44,11.32,10.45,3.67,1.04,0.64,0.82,17.09,16.57,88,27.37,16.18,61.13,,24.66,3.53,10,3,4,0,2,4,19,Moderately High Risk,Good,25,https://www.valueresearchonline.com/funds/16547/
JM Focused Dir,equity,equity,Direct,5.27,13.09,13.38,BSE 500 TRI*,INF192K01BW7,120488,2.44,11.32,10.45,1.87,1.05,0.54,0.71,16.93,14.78,28,44.5,25,73.1,,22.4,3.95,8,3,2,0,3,3,16,Moderately High Risk,Average,25,https://www.valueresearchonline.com/funds/16539/
JioBlackRock Flexi Cap Dir,equity,equity,Direct,,,,BSE 500 TRI*,INF22M001093,153859,,,,,,,,,,133,34.05,23.51,54.93,,20.37,2.8,,,,,,,,,,25,https://www.valueresearchonline.com/funds/45482/
Kotak Flexicap Dir,equity,equity,Direct,2.46,12.3,10.89,BSE 500 TRI*,INF174K01LS2,120166,2.44,11.32,10.45,1.47,0.95,0.54,0.67,14.84,13.71,59,41.41,24.11,61.72,,25,3.3,6,4,2,0,3,3,15,Moderately High Risk,Average,25,https://www.valueresearchonline.com/funds/17140/
Kotak Focused Dir,equity,equity,Direct,8.98,15.33,12.66,BSE 500 TRI*,INF174KA1EN7,147473,2.44,11.32,10.45,4.43,0.94,0.75,0.88,14.49,16.58,30,46.29,27.25,61.51,,30.23,4.15,10,4,4,0,3,4,21,Moderate Risk,Good,25,https://www.valueresearchonline.com/funds/40098/
Kotak Nifty Alpha 50 ETF,equity,equity,Direct,11.73,16.32,,BSE 500 TRI*,INF174K01KH7,123693,2.44,11.32,,4.39,1.32,0.59,0.78,22.83,19.21,50,34.72,19.99,64.89,,21.2,3.99,10,0,2,0,0,,12,High Risk,Poor,25,https://www.valueresearchonline.com/funds/41896/
Kotak Nifty Alpha 50 Index Dir,equity,equity,Direct,11.28,,,BSE 500 TRI*,INF174KA1XG1,153781,2.44,,,,,,,,,50,34.72,19.99,64.9,,18.19,3.19,,,,,,,,,,25,https://www.valueresearchonline.com/funds/45402/
Kotak Nifty500 Momentum 50 Index Dir,equity,equity,Direct,,,,BSE 500 TRI*,INF174KA1YC8,154032,,,,,,,,,,50,46.4,25.45,64.52,,26.66,5.57,,,,,,,,,,25,https://www.valueresearchonline.com/funds/45646/
LIC MF Children's Dir,equity,equity,Direct,8.82,9.7,8.42,BSE 500 TRI*,INF767K01FB1,120285,2.44,11.32,10.45,-0.64,0.9,0.37,0.43,14.98,11.28,37,33.4,18.88,49.7,,37.68,5.66,4,4,2,0,3,2,13,Moderately High Risk,Poor,25,https://www.valueresearchonline.com/funds/17648/
LIC MF Flexi Cap Dir,equity,equity,Direct,9.26,12.42,10.99,BSE 500 TRI*,INF767K01EG3,120264,2.44,11.32,10.45,1.8,0.98,0.53,0.63,16.22,14.25,42,34.24,18.73,51.81,,38.77,4.81,8,3,2,0,3,3,16,Moderately High Risk,Average,25,https://www.valueresearchonline.com/funds/16756/
LIC MF Focused Dir,equity,equity,Direct,3.96,10.13,9.35,BSE 500 TRI*,INF397L01KA7,152010,2.44,11.32,10.45,-0.96,0.95,0.36,0.45,15.57,11.27,28,43.76,24.5,60,,11.98,3.52,4,4,2,0,3,,13,Moderately High Risk,Average,25,https://www.valueresearchonline.com/funds/34738/
Mahindra Manulife Flexi Cap Dir,equity,equity,Direct,0.92,11.07,11.67,BSE 500 TRI*,INF955L01JF3,154679,2.44,11.32,10.45,0.01,0.93,0.45,0.58,14.38,12.16,71,32.03,21.96,57.1,,27.88,3.51,6,4,2,0,3,3,15,Moderately High Risk,Average,25,https://www.valueresearchonline.com/funds/41633/
Mahindra Manulife Focused Dir,equity,equity,Direct,3.83,14.74,14.32,BSE 500 TRI*,INF0QA701607,152162,2.44,11.32,10.45,3.83,0.9,0.7,0.93,14.3,15.74,30,51.96,32.14,57.2,,18.69,2.67,10,4,4,0,3,4,21,Moderate Risk,Good,25,https://www.valueresearchonline.com/funds/41169/
Mirae Asset Flexi Cap Dir,equity,equity,Direct,5.72,13.04,,BSE 500 TRI*,INF769K01JJ2,151412,2.44,11.32,,1.91,0.93,0.58,0.71,14.27,13.99,84,30.44,20.54,57.64,,22.99,3.63,8,4,2,0,3,3,17,Moderately High Risk,Average,25,https://www.valueresearchonline.com/funds/43134/
Mirae Asset Focused Dir,equity,equity,Direct,-0.61,8.3,6.92,BSE 500 TRI*,INF769K01EU0,147206,2.44,11.32,10.45,-2.46,0.95,0.26,0.34,15.59,9.78,30,51.55,32.95,58.96,,28.57,3.65,2,4,2,0,3,1,11,High Risk,Poor,25,https://www.valueresearchonline.com/funds/39823/
Mirae Asset Nifty Total Market Index Dir,equity,equity,Direct,2.93,,,BSE 500 TRI*,INF769K01MD9,152968,2.44,,,,,,,,,752,28.13,19.63,53.18,,22.82,3.4,,,,,,,,,,25,https://www.valueresearchonline.com/funds/44601/
Motilal Oswal BSE 1000 Index Dir,equity,equity,Direct,2.79,,,BSE 500 TRI*,INF247L01FM9,153596,2.44,,,,,,,,,1003,27.89,19.46,53.07,,23.06,3.37,,,,,,,,,,25,https://www.valueresearchonline.com/funds/45219/
Motilal Oswal Diversified Equity Flexicap Passive FoF Dir,equity,equity,Direct,,,,BSE 500 TRI*,INF247L01GL9,154112,,,,,,,,,,,,,,,,,,,,,,,,,,3,https://www.valueresearchonline.com/funds/45729/
Motilal Oswal Flexi Cap Dir,equity,equity,Direct,2.68,18.44,12.89,BSE 500 TRI*,INF247L01CL8,129046,2.44,11.32,10.45,7.62,0.97,0.82,1.11,17.51,20.02,32,46.59,28.82,65.19,,44.57,5.3,12,3,6,2,2,3,25,Moderate Risk,Average,25,https://www.valueresearchonline.com/funds/26125/
Motilal Oswal Focused Dir,equity,equity,Direct,28.09,14.59,10.58,BSE 500 TRI*,INF247L01189,122389,2.44,11.32,10.45,3.19,1.07,0.54,0.75,19.62,16.26,29,39.03,20.67,61.39,,49.91,5.24,10,2,2,0,2,2,16,Moderately High Risk,Poor,25,https://www.valueresearchonline.com/funds/19514/
Motilal Oswal Nifty 500 ETF,equity,equity,Direct,2.66,,,BSE 500 TRI*,INF247L01247,124234,2.44,,,,,,,,,500,29.4,20.52,53.62,,22.01,3.18,,,,,,,,,,25,https://www.valueresearchonline.com/funds/43812/
Motilal Oswal Nifty 500 Index Dir,equity,equity,Direct,2.72,11.38,10.28,BSE 500 TRI*,INF247L01AE7,147794,2.44,11.32,10.45,0.15,1,0.46,0.59,15.23,12.76,500,29.44,20.54,53.71,,22.57,3.4,6,3,2,0,3,2,14,Moderately High Risk,Poor,25,https://www.valueresearchonline.com/funds/40240/
Motilal Oswal Nifty 500 Momentum 50 ETF,equity,equity,Direct,6.93,,,BSE 500 TRI*,INF247L01DL6,152875,2.44,,,,,,,,,50,46.41,25.45,64.55,,29.12,4.91,,,,,,,,,,25,https://www.valueresearchonline.com/funds/44555/
Motilal Oswal Nifty 500 Momentum 50 Index Dir,equity,equity,Direct,6.85,,,BSE 500 TRI*,INF247L01DL6,152875,2.44,,,,,,,,,50,46.39,25.44,64.51,,26.66,5.57,,,,,,,,,,25,https://www.valueresearchonline.com/funds/44554/
Motilal Oswal Nifty Alpha 50 ETF,equity,equity,Direct,11.2,,,BSE 500 TRI*,INF247L01EJ8,153258,2.44,,,,,,,,,50,34.72,19.99,64.9,,21.2,3.99,,,,,,,,,,25,https://www.valueresearchonline.com/funds/45363/
NJ Flexi Cap Dir,equity,equity,Direct,-4.45,,,BSE 500 TRI*,INF0J8L01156,151917,2.44,,,,,,,,,51,42.44,23.24,62.87,,27.61,4.74,,,,,,,,,,25,https://www.valueresearchonline.com/funds/43714/
Navi Flexi Cap Dir,equity,equity,Direct,14.01,12.12,11.99,BSE 500 TRI*,INF959L01DT9,143793,2.44,11.32,10.45,0.97,0.98,0.5,0.65,15.53,13.4,71,28.38,16.61,61.33,,22.54,3.49,6,3,2,0,3,3,14,Moderately High Risk,Average,25,https://www.valueresearchonline.com/funds/36686/
Nippon India Diversified Equity Flexicap Passive FoF Dir,equity,equity,Direct,1.89,10.85,9.99,BSE 500 TRI*,INF204KB16X6,148642,2.44,11.32,10.45,-0.45,0.99,0.42,0.56,15.08,12.07,,,,,,,,4,3,2,0,3,2,12,High Risk,Poor,3,https://www.valueresearchonline.com/funds/41241/
Nippon India Flexi Cap Dir,equity,equity,Direct,2.85,11.17,11.47,BSE 500 TRI*,INF204KC1121,149094,2.44,11.32,10.45,0.16,1,0.46,0.58,15.48,12.75,89,33.84,23.02,58.03,,27.09,3.62,6,3,2,0,3,3,14,Moderately High Risk,Average,25,https://www.valueresearchonline.com/funds/41616/
Nippon India Focused Dir,equity,equity,Direct,3.74,10.41,11.19,BSE 500 TRI*,INF204K01F95,118692,2.44,11.32,10.45,-0.31,0.94,0.42,0.6,14.8,11.85,29,53.67,33.95,64.92,,23.75,3.12,4,4,2,0,3,3,13,Moderately High Risk,Average,25,https://www.valueresearchonline.com/funds/16129/
Nippon India Nifty 500 Low Volatility 50 Index Dir,equity,equity,Direct,-0.59,,,BSE 500 TRI*,INF204KC1EQ2,153474,2.44,,,,,,,,,50,42.72,23.52,48.53,,19.91,3.42,,,,,,,,,,25,https://www.valueresearchonline.com/funds/45109/
Nippon India Nifty 500 Momentum 50 Index Dir,equity,equity,Direct,7.84,,,BSE 500 TRI*,INF204KC1DG5,152881,2.44,,,,,,,,,50,46.39,25.44,64.51,,26.66,5.57,,,,,,,,,,25,https://www.valueresearchonline.com/funds/44558/
Nippon India Nifty 500 Quality 50 Index Dir,equity,equity,Direct,3.19,,,BSE 500 TRI*,INF204KC1EW0,153470,2.44,,,,,,,,,49,40.56,23.27,63.52,,22.42,7.08,,,,,,,,,,25,https://www.valueresearchonline.com/funds/45105/
Nippon India Retirement Wealth Creation Dir,equity,equity,Direct,1.33,11.61,11.41,BSE 500 TRI*,INF204KA1B72,133568,2.44,11.32,10.45,0.65,0.96,0.49,0.61,14.91,13,69,42.09,27.22,60.57,,23.86,3.35,6,3,2,0,3,3,14,Moderately High Risk,Average,25,https://www.valueresearchonline.com/funds/29291/
Old Bridge Flexi Cap Dir,equity,equity,Direct,,,,BSE 500 TRI*,INF0S5R01133,154225,,,,,,,,,,35,33.61,18.17,52.79,,16.98,2.79,,,,,,,,,,25,https://www.valueresearchonline.com/funds/45846/
Old Bridge Focused Dir,equity,equity,Direct,19.4,,,BSE 500 TRI*,INF0S5R01042,152358,2.44,,,,,,,,,24,54.12,31.5,44.87,,13,3.02,,,,,,,,,,24,https://www.valueresearchonline.com/funds/44038/
PGIM India Flexi Cap Dir,equity,equity,Direct,3.02,11.15,8.66,BSE 500 TRI*,INF663L01FF1,133839,2.44,11.32,10.45,0.45,0.92,0.47,0.64,14.45,12.47,83,32.47,21.74,55.8,,28.52,4.33,6,4,2,0,3,2,15,Moderately High Risk,Poor,25,https://www.valueresearchonline.com/funds/29473/
Parag Parikh Flexi Cap Dir,equity,equity,Direct,-2.11,13.33,12.2,BSE 500 TRI*,INF879O01027,122639,2.44,11.32,10.45,3.77,0.6,0.8,1.12,9.94,13.63,65,49.95,29.73,56.9,,16.47,2.87,10,6,6,2,6,4,30,Low Risk,Good,25,https://www.valueresearchonline.com/funds/19701/
Quant Flexi Cap Dir,equity,equity,Direct,16.32,15.9,14.96,BSE 500 TRI*,INF966L01911,120843,2.44,11.32,10.45,3.94,1.15,0.62,1.05,19.29,17.58,34,60.25,38.19,57.1,,34.21,3.74,10,2,4,2,2,3,20,Moderate Risk,Average,25,https://www.valueresearchonline.com/funds/17377/
Quantum Diversified Equity All Cap Active FoF Dir,equity,equity,Direct,2.97,11.93,9.99,BSE 500 TRI*,INF082J01093,112039,2.44,11.32,10.45,1.06,0.92,0.52,0.63,14.21,13.14,,,,,,,,6,4,2,0,3,3,15,Moderately High Risk,Average,9,https://www.valueresearchonline.com/funds/10550/
SBI Flexicap Dir,equity,equity,Direct,1.55,9.15,8.68,BSE 500 TRI*,INF200K01UG1,119718,2.44,11.32,10.45,-1.15,0.87,0.36,0.41,13.46,10.52,65,36.23,23.22,59.61,,23.51,3.24,4,4,2,0,4,2,14,Moderately High Risk,Poor,25,https://www.valueresearchonline.com/funds/17514/
SBI Focused Dir,equity,equity,Direct,14.55,16.51,12.64,BSE 500 TRI*,INF200K01RJ1,119727,2.44,11.32,10.45,5.4,0.82,0.8,1.18,13.88,16.76,25,55.01,34.08,63.02,,22.79,3.96,12,5,6,2,4,4,29,Low Risk,Good,25,https://www.valueresearchonline.com/funds/16324/
SBI Nifty 500 Index Dir,equity,equity,Direct,2.46,,,BSE 500 TRI*,INF200KB1381,152908,2.44,,,,,,,,,500,29.45,20.55,53.73,,22.57,3.4,,,,,,,,,,25,https://www.valueresearchonline.com/funds/44567/
SBI Retirement Benefit Aggressive Dir,equity,equity,Direct,4.84,9.72,12.15,BSE 500 TRI*,INF200KA1S55,148683,2.44,11.32,10.45,-1.15,0.94,0.36,0.46,14.73,11.04,53,36.17,23.31,62.04,,29.68,4.09,4,4,2,0,3,3,13,Moderately High Risk,Average,25,https://www.valueresearchonline.com/funds/41271/
Samco Flexi Cap Dir,equity,equity,Direct,-2.72,-1.94,,BSE 500 TRI*,INF0K1H01024,149450,2.44,11.32,,-12.17,1.07,-0.25,-0.28,19.25,0.91,25,51.99,30.78,74.28,,19.98,4.35,0,2,0,0,2,1,4,High Risk,Poor,25,https://www.valueresearchonline.com/funds/41935/
Shriram Flexi Cap Dir,equity,equity,Direct,1.05,8.3,8.09,BSE 500 TRI*,INF680P01109,144905,2.44,11.32,10.45,-2.35,1,0.27,0.32,16.82,10.27,70,38.62,25.28,57.39,,20.68,3.22,2,3,2,0,3,1,10,High Risk,Poor,25,https://www.valueresearchonline.com/funds/37581/
Sundaram Flexi Cap Dir,equity,equity,Direct,-1.45,9.93,,BSE 500 TRI*,INF903JA1LE2,150571,2.44,11.32,,-0.85,0.91,0.38,0.49,14.29,11.15,54,41.59,25.19,64.98,,22.75,3.1,4,4,2,0,3,2,13,Moderately High Risk,Poor,25,https://www.valueresearchonline.com/funds/42504/
Sundaram Focused Dir,equity,equity,Direct,6.16,11.5,10.11,BSE 500 TRI*,INF0QA701607,152162,2.44,11.32,10.45,1.34,0.8,0.53,0.64,12.93,12.58,29,54.4,33.38,66.64,,29.12,4.01,6,5,2,0,4,2,17,Moderately High Risk,Poor,25,https://www.valueresearchonline.com/funds/16614/
TRUST MF Flexi Cap Dir,equity,equity,Direct,11.39,,,BSE 500 TRI*,INF0GCD01743,152584,2.44,,,,,,,,,65,31.41,19.58,64.96,,35.49,4.97,,,,,,,,,,25,https://www.valueresearchonline.com/funds/44271/
Tata Children's Dir,equity,equity,Direct,-6.91,5.19,6.88,BSE 500 TRI*,INF0QA701607,152162,2.44,11.32,10.45,-5.8,0.97,0.06,0.08,15.15,6.61,51,38.44,22.74,56.2,,18.5,2.61,0,3,2,0,3,1,8,High Risk,Poor,25,https://www.valueresearchonline.com/funds/16957/
Tata Flexi Cap Dir,equity,equity,Direct,-1.56,10.81,9.5,BSE 500 TRI*,INF277K015K0,144546,2.44,11.32,10.45,0.01,0.86,0.44,0.61,13.54,11.64,65,35.26,23.94,53.38,,23.13,2.89,6,4,2,0,4,3,16,Moderately High Risk,Average,25,https://www.valueresearchonline.com/funds/37437/
Tata Focused Dir,equity,equity,Direct,-0.3,10.62,10.39,BSE 500 TRI*,INF277K017X9,147757,2.44,11.32,10.45,-0.02,0.92,0.43,0.53,14.54,12,27,50.16,29.7,53.94,,24.51,3.1,4,4,2,0,3,3,13,Moderately High Risk,Average,25,https://www.valueresearchonline.com/funds/40405/
Tata Retirement Savings Progressive Dir,equity,equity,Direct,9.25,13.96,11.28,BSE 500 TRI*,INF277K01QO1,119251,2.44,11.32,10.45,2.5,1.01,0.58,0.81,16.21,15.14,54,34,20.98,50.99,,32.68,4.7,8,3,2,0,3,3,16,Moderately High Risk,Average,25,https://www.valueresearchonline.com/funds/17020/
Taurus Flexi Cap Dir,equity,equity,Direct,8.58,11.58,10.33,BSE 500 TRI*,INF044D01BU9,118883,2.44,11.32,10.45,0.45,1.02,0.46,0.62,16.23,13.22,43,48.55,29.72,58.49,,20.16,2.91,6,3,2,0,3,2,14,Moderately High Risk,Poor,25,https://www.valueresearchonline.com/funds/16705/
The Wealth Company Flexi Cap Dir,equity,equity,Direct,,,,BSE 500 TRI*,INF2F0001040,153872,,,,,,,,,,45,33.75,19.2,62.86,,29.62,4.44,,,,,,,,,,25,https://www.valueresearchonline.com/funds/45499/
UTI Children's Equity Dir,equity,equity,Direct,-3.23,8.22,7.24,BSE 500 TRI*,INF789F1AZV0,120724,2.44,11.32,10.45,-2.34,0.95,0.29,0.38,14.71,9.89,70,42.48,27.9,60.33,,25.37,3.65,2,4,2,0,3,2,11,High Risk,Poor,25,https://www.valueresearchonline.com/funds/15867/
UTI Flexi Cap Dir,equity,equity,Direct,0.34,9.13,5.43,BSE 500 TRI*,INF966L01911,120843,2.44,11.32,10.45,-1.11,0.88,0.34,0.48,14.71,10.67,60,44.44,27.02,66.36,,38.2,5.18,4,4,2,0,3,1,13,Moderately High Risk,Poor,25,https://www.valueresearchonline.com/funds/15714/
UTI Focused Dir,equity,equity,Direct,1.81,11.1,10.37,BSE 500 TRI*,INF789F1AVA3,149091,2.44,11.32,10.45,0.32,0.94,0.46,0.57,14.78,12.5,29,53.26,33.49,60.15,,27.6,3.63,6,4,2,0,3,2,15,Moderately High Risk,Poor,25,https://www.valueresearchonline.com/funds/41629/
UTI Nifty500 Shariah Index Dir,equity,equity,Direct,,,,BSE 500 TRI*,INF789F1AD04,154197,,,,,,,,,,198,30.52,20,54.38,,24.22,4.4,,,,,,,,,,25,https://www.valueresearchonline.com/funds/45821/
Unifi Flexi Cap Dir,equity,equity,Direct,8.53,,,BSE 500 TRI*,INF1MIY01031,153543,2.44,,,,,,,,,54,34.72,20.41,61.17,,22.29,3.15,,,,,,,,,,25,https://www.valueresearchonline.com/funds/45189/
Union Children's Dir,equity,equity,Direct,5.28,,,BSE 500 TRI*,INF582M01JK3,152219,2.44,,,,,,,,,68,27.62,16.59,65.4,,30.68,3.73,,,,,,,,,,25,https://www.valueresearchonline.com/funds/43924/
Union Diversified Equity All Cap Active FoF Dir,equity,equity,Direct,,,,BSE 500 TRI*,INF582M01LZ7,153824,,,,,,,,,,,,,,,,,,,,,,,,,,5,https://www.valueresearchonline.com/funds/45473/
Union Flexi Cap Dir,equity,equity,Direct,5.32,12.02,10.76,BSE 500 TRI*,INF582M01633,119292,2.44,11.32,10.45,1.06,0.94,0.51,0.59,14.8,13.25,70,32.12,21.1,60.26,,31.36,4.11,6,4,2,0,3,3,15,Moderately High Risk,Average,25,https://www.valueresearchonline.com/funds/16412/
Union Focused Dir,equity,equity,Direct,9.25,12.37,10.31,BSE 500 TRI*,INF582M01FS4,147492,2.44,11.32,10.45,2.06,0.86,0.56,0.67,14.18,13.68,29,47.57,27.96,64.01,,33.22,5.12,8,4,2,0,3,3,17,Moderately High Risk,Average,25,https://www.valueresearchonline.com/funds/40108/
Union Retirement Dir,equity,equity,Direct,8.46,13.96,,BSE 500 TRI*,INF582M01IK5,150554,2.44,11.32,,2.91,0.9,0.65,0.79,14.05,14.84,80,27.93,18.04,63.76,,29.34,4.52,8,4,4,0,3,4,19,Moderately High Risk,Good,25,https://www.valueresearchonline.com/funds/42492/
WhiteOak Capital Flexi Cap Dir,equity,equity,Direct,7.27,15.72,,BSE 500 TRI*,INF03VN01696,150797,2.44,11.32,,4.29,0.91,0.74,0.98,14.31,16.27,161,36.21,25.1,58.64,,26.01,3.59,10,4,4,0,3,4,21,Moderate Risk,Good,25,https://www.valueresearchonline.com/funds/42320/
ABSL Global Emerging Opportunities Dir**,equity,equity,Direct,20.21,18.46,9.8,BSE 500 TRI*,INF084M01EB0,132140,2.44,11.32,10.45,,,0.81,1.37,16.4,19,,,,,,,,,,6,2,3,,11,High Risk,Poor,1,https://www.valueresearchonline.com/funds/17094/
ABSL Global Excellence Equity FoF Dir**,equity,equity,Direct,23.68,20.85,13.14,BSE 500 TRI*,INF084M01EH7,132009,2.44,11.32,10.45,,,1.08,1.57,13.76,20.5,,,,,,,,,,8,3,4,,15,Moderately High Risk,Average,1,https://www.valueresearchonline.com/funds/17099/
ABSL International Equity Dir,equity,equity,Direct,20.22,20.2,11.94,BSE 500 TRI*,INF209K01WS3,119517,2.44,11.32,10.45,,,1.02,1.83,13.28,19.25,68,,,62.15,,6.3,5.04,,,8,3,4,,15,Moderately High Risk,Average,25,https://www.valueresearchonline.com/funds/15903/
ABSL US Equity Passive FoF Dir,equity,equity,Direct,34.3,29.37,,BSE 500 TRI*,INF209KB18C5,149291,2.44,11.32,,,,1.16,2.2,19.54,28.28,,,,,,,,,,8,3,2,,13,Moderately High Risk,Average,1,https://www.valueresearchonline.com/funds/41797/
Axis Global Equity Alpha FoF Dir,equity,equity,Direct,22.74,23.15,15.27,BSE 500 TRI*,INF846K01X06,148485,2.44,11.32,10.45,,,1.25,1.98,13.57,22.68,,,,,,,,,,10,3,4,,17,Moderately High Risk,Average,1,https://www.valueresearchonline.com/funds/41100/
Axis Global Innovation FoF Dir,equity,equity,Direct,27.55,24.43,13.11,BSE 500 TRI*,INF846K01Z20,148954,2.44,11.32,10.45,,,1.01,1.76,18.58,24.48,,,,,,,,,,8,3,2,,13,Moderately High Risk,Average,1,https://www.valueresearchonline.com/funds/41496/
Axis Greater China Equity FoF Dir**,equity,equity,Direct,33.4,21.1,7.38,BSE 500 TRI*,INF846K01Y39,148699,2.44,11.32,10.45,,,0.81,1.57,20.34,22.17,,,,,,,,,,6,3,2,,11,High Risk,Poor,1,https://www.valueresearchonline.com/funds/41287/
Axis NASDAQ 100 US Specific Equity Passive FoF Dir,equity,equity,Direct,33.84,29.03,,BSE 500 TRI*,INF846K012K9,150751,2.44,11.32,,,,1.19,2.16,18.89,28.08,,,,,,,,,,8,3,2,,13,Moderately High Risk,Average,1,https://www.valueresearchonline.com/funds/42633/
Bandhan US specific Equity Active FoF Dir**,equity,equity,Direct,13.07,22.84,15,BSE 500 TRI*,INF194KB1CF2,149098,2.44,11.32,10.45,,,0.93,1.57,17.93,22.43,,,,,,,,,,6,3,2,,11,High Risk,Poor,1,https://www.valueresearchonline.com/funds/41620/
Baroda BNP Paribas Aqua FoF Dir,equity,equity,Direct,14.32,13.73,8.14,BSE 500 TRI*,INF251K01QT5,150285,2.44,11.32,10.45,,,0.57,0.97,15.9,14.78,,,,,,,,,,2,0,3,,5,High Risk,Poor,1,https://www.valueresearchonline.com/funds/41454/
DSP Global Clean Energy Overseas Equity Omni FoF Dir,equity,equity,Direct,37.18,17.66,12.06,BSE 500 TRI*,INF740K01PC5,119275,2.44,11.32,10.45,,,0.65,1.21,19.63,18.37,,,,,,,,,,4,2,2,,8,High Risk,Poor,1,https://www.valueresearchonline.com/funds/17012/
DSP Global Innovation Overseas Equity Omni FoF Dir**,equity,equity,Direct,29.31,26.34,,BSE 500 TRI*,INF740KA1QP1,149816,2.44,11.32,,,,1.2,2.56,16.93,25.94,,,,,,,,,,10,4,3,,17,Moderately High Risk,Average,6,https://www.valueresearchonline.com/funds/42054/
DSP US Specific Equity Omni FoF Dir,equity,equity,Direct,36.16,27.15,19.08,BSE 500 TRI*,INF740K01OH7,119252,2.44,11.32,10.45,,,1.12,2.03,17.77,25.65,,,,,,,,,,8,3,2,,13,Moderately High Risk,Average,1,https://www.valueresearchonline.com/funds/17006/
DSP World Gold Mining Overseas Equity Omni FoF Dir,equity,equity,Direct,68.64,58.29,30.44,BSE 500 TRI*,INF740K01OZ9,119277,2.44,11.32,10.45,,,1.29,2.29,36.25,52.44,,,,,,,,,,10,3,0,,13,Moderately High Risk,Average,2,https://www.valueresearchonline.com/funds/17016/
DSP World Mining Overseas Equity Omni FoF Dir,equity,equity,Direct,73.39,30.73,20.32,BSE 500 TRI*,INF740K01PF8,119279,2.44,11.32,10.45,,,1,1.64,25.56,31.24,,,,,,,,,,8,3,0,,11,High Risk,Poor,1,https://www.valueresearchonline.com/funds/17021/
Edelweiss ASEAN Equity Offshore Dir,equity,equity,Direct,23.71,17.12,11.28,BSE 500 TRI*,INF843K01AW7,140256,2.44,11.32,10.45,,,0.98,1.6,11.02,16.53,,,,,,,,,,6,3,5,,14,Moderately High Risk,Average,1,https://www.valueresearchonline.com/funds/17131/
Edelweiss Emerging Markets Opportunities Equity Offshr Dir,equity,equity,Direct,57.33,27.94,11.59,BSE 500 TRI*,INF843K01IZ3,140327,2.44,11.32,10.45,,,1.26,2.29,16.98,27.01,,,,,,,,,,10,3,3,,16,Moderately High Risk,Average,1,https://www.valueresearchonline.com/funds/27119/
Edelweiss Europe Dynamic Equity Offshr Dir,equity,equity,Direct,27.89,25.31,15.73,BSE 500 TRI*,INF843K01GI3,140296,2.44,11.32,10.45,,,1.37,2.25,12.98,23.53,,,,,,,,,,10,3,4,,17,Moderately High Risk,Average,1,https://www.valueresearchonline.com/funds/23435/
Edelweiss Greater China Equity Offshore Dir,equity,equity,Direct,35.66,22.25,5.86,BSE 500 TRI*,INF843K01AU1,140243,2.44,11.32,10.45,,,0.85,1.76,20.86,23.48,,,,,,,,,,6,3,2,,11,High Risk,Poor,1,https://www.valueresearchonline.com/funds/17132/
Edelweiss US Technology Equity FoF Dir,equity,equity,Direct,25.9,27.58,14.68,BSE 500 TRI*,INF754K01LB7,148063,2.44,11.32,10.45,,,0.84,1.34,27.78,28.91,,,,,,,,,,6,2,0,,8,High Risk,Poor,1,https://www.valueresearchonline.com/funds/40665/
Edelweiss US Value Equity Offshore Dir,equity,equity,Direct,30.27,20.06,15.03,BSE 500 TRI*,INF843K01EC1,140274,2.44,11.32,10.45,,,1.12,1.47,12.39,19.52,,,,,,,,,,8,2,4,,14,Moderately High Risk,Average,1,https://www.valueresearchonline.com/funds/20060/
Franklin Asian Equity Dir,equity,equity,Direct,43.26,22.44,9.23,BSE 500 TRI*,INF090I01IZ5,118559,2.44,11.32,10.45,,,0.99,1.54,17.34,22.89,54,21.18,12.36,62.51,,26.35,3.91,,,6,3,2,,11,High Risk,Poor,25,https://www.valueresearchonline.com/funds/15977/
Franklin U.S. Opportunities Equity Active FoF Dir,equity,equity,Direct,15.23,21.11,9.59,BSE 500 TRI*,INF090I01JR0,118551,2.44,11.32,10.45,,,0.85,1.42,17.94,20.87,,,,,,,,,,6,2,2,,10,High Risk,Poor,1,https://www.valueresearchonline.com/funds/16027/
HDFC Developed World Overseas Equity Passive FoF Dir*,equity,equity,Direct,29.65,25.02,,BSE 500 TRI*,INF179KC1BO4,149180,2.44,11.32,,,,1.47,2.23,12.36,23.82,,,,,,,,,,10,3,4,,17,Moderately High Risk,Average,5,https://www.valueresearchonline.com/funds/41714/
HSBC Asia Pacific (Ex Japan) Dividend Yield Dir**,equity,equity,Direct,39.67,26.53,14.96,BSE 500 TRI*,INF336L01HF0,127071,2.44,11.32,10.45,,,1.36,2.26,14.48,25.42,,,,,,,,,,10,3,3,,16,Moderately High Risk,Average,1,https://www.valueresearchonline.com/funds/23946/
HSBC Brazil Dir,equity,equity,Direct,37.9,15.18,9.13,BSE 500 TRI*,INF336L01BY4,120035,2.44,11.32,10.45,,,0.41,0.99,23.39,15.35,,,,,,,,,,2,0,0,,2,High Risk,Poor,1,https://www.valueresearchonline.com/funds/17042/
HSBC Global Emerging Markets Dir**,equity,equity,Direct,54,27.91,12.09,BSE 500 TRI*,INF336L01CJ3,120043,2.44,11.32,10.45,,,1.15,2.2,18.73,27.31,,,,,,,,,,8,3,2,,13,Moderately High Risk,Average,1,https://www.valueresearchonline.com/funds/17037/
ICICI Pru Global Advantage (FOF) Dir,equity,equity,Direct,21.35,20.19,10.64,BSE 500 TRI*,INF109KC1F34,147648,2.44,11.32,10.45,,,1.02,1.34,14.1,20.14,,,,,,,,,,8,2,3,,13,Moderately High Risk,Average,6,https://www.valueresearchonline.com/funds/40282/
ICICI Pru Global Stable Equity (FOF) Dir,equity,equity,Direct,18.52,14.11,10.88,BSE 500 TRI*,INF109KA1CE0,123654,2.44,11.32,10.45,,,0.82,1.5,10.05,13.92,,,,,,,,,,6,3,5,,14,Moderately High Risk,Average,1,https://www.valueresearchonline.com/funds/20857/
ICICI Pru NASDAQ 100 Index Dir,equity,equity,Direct,33.85,29.56,,BSE 500 TRI*,INF109KC1U50,149219,2.44,11.32,,,,1.25,2.14,17.89,28,100,,,88.37,,26.71,7.81,,,10,3,2,,15,Moderately High Risk,Average,25,https://www.valueresearchonline.com/funds/41744/
ICICI Pru Strategic Metal and Energy Equity FoF Dir,equity,equity,Direct,71.27,36.22,,BSE 500 TRI*,INF109KC1Z55,149455,2.44,11.32,,,,1.26,2.55,22.47,34.04,,,,,,,,,,10,4,0,,14,Moderately High Risk,Average,1,https://www.valueresearchonline.com/funds/42035/
ICICI Pru US Bluechip Equity Dir,equity,equity,Direct,20.59,15.85,13.13,BSE 500 TRI*,INF109K01Z71,120186,2.44,11.32,10.45,,,0.8,1.36,14,16.96,62,,,67.94,,21.76,4.42,,,6,2,4,,12,High Risk,Poor,25,https://www.valueresearchonline.com/funds/17160/
Invesco India Global Equity Income FoF Dir,equity,equity,Direct,24.62,22.8,17.58,BSE 500 TRI*,INF205K01B49,129188,2.44,11.32,10.45,,,1.16,1.93,14.24,22.16,,,,,,,,,,8,3,3,,14,Moderately High Risk,Average,1,https://www.valueresearchonline.com/funds/26149/
Invesco India Pan European Equity FoF Dir,equity,equity,Direct,37.61,21.01,15.38,BSE 500 TRI*,INF205K01A24,126353,2.44,11.32,10.45,,,1.01,1.48,14.71,20.5,,,,,,,,,,8,2,3,,13,Moderately High Risk,Average,1,https://www.valueresearchonline.com/funds/23314/
Invesco India-Invesco EQQQ NASDAQ-100 ETF FoF Dir,equity,equity,Direct,34.32,29.33,,BSE 500 TRI*,INF205KA1585,149961,2.44,11.32,,,,1.15,2.18,19.27,27.92,,,,,,,,,,8,3,2,,13,Moderately High Risk,Average,1,https://www.valueresearchonline.com/funds/42218/
Invesco India-Invesco Global Consumer Trends FoF Dir,equity,equity,Direct,4.79,20.75,3.99,BSE 500 TRI*,INF205KA1270,148614,2.44,11.32,10.45,,,0.61,1.02,28.42,23.03,,,,,,,,,,4,2,0,,6,High Risk,Poor,1,https://www.valueresearchonline.com/funds/41229/
Kotak Global Emerging Market Overseas Equity Omni FoF Dir,equity,equity,Direct,46.57,25.72,12.1,BSE 500 TRI*,INF174K01LW4,119779,2.44,11.32,10.45,,,1.1,2.13,17.57,25.05,,,,,,,,,,8,3,2,,13,Moderately High Risk,Average,1,https://www.valueresearchonline.com/funds/17439/
Kotak Global Innovation Overseas Equity Omni FoF Dir**,equity,equity,Direct,31.56,23.12,9.37,BSE 500 TRI*,INF174KA1HG4,149059,2.44,11.32,10.45,,,1.06,1.61,16.58,23.35,,,,,,,,,,8,3,3,,14,Moderately High Risk,Average,2,https://www.valueresearchonline.com/funds/41595/
Kotak International REIT Overseas Equity Omni FoF Dir**,equity,equity,Direct,4.68,9.12,3.2,BSE 500 TRI*,INF174KA1FO2,148646,2.44,11.32,10.45,,,0.31,0.54,15.84,10.56,,,,,,,,,,2,0,3,,5,High Risk,Poor,1,https://www.valueresearchonline.com/funds/41237/
Kotak Quality Overseas Equity Omni FoF Dir,equity,equity,Direct,,,,BSE 500 TRI*,INF178L01BY0,133791,,,,,,,,,,,,,,,,,,,,,,,,,,1,https://www.valueresearchonline.com/funds/45906/
Kotak US Specific Equity Passive FoF Dir,equity,equity,Direct,34.37,29.47,19.57,BSE 500 TRI*,INF174KA1FQ7,148662,2.44,11.32,10.45,,,1.18,2.17,19.27,28.5,,,,,,,,,,8,3,2,,13,Moderately High Risk,Average,1,https://www.valueresearchonline.com/funds/41260/
Mahindra Manulife Asia Pacific REITs FoF Dir,equity,equity,Direct,9.37,9.53,,BSE 500 TRI*,INF174V01AY0,149230,2.44,11.32,,,,0.33,0.59,15.67,10.86,,,,,,,,,,2,0,3,,5,High Risk,Poor,1,https://www.valueresearchonline.com/funds/41762/
Mirae Asset Global Electric & Autonomous Vehicles Eqt Passive FoF Dir,equity,equity,Direct,43.55,15.95,,BSE 500 TRI*,INF769K01IQ9,150595,2.44,11.32,,,,0.51,0.97,26.21,19.15,,,,,,,,,,2,0,0,,2,High Risk,Poor,3,https://www.valueresearchonline.com/funds/42460/
Mirae Asset Global X Artificial Intelligence & Tech ETF FoF Dir,equity,equity,Direct,52.71,36.32,,BSE 500 TRI*,INF769K01IS5,150597,2.44,11.32,,,,1.2,2.41,24.4,34.88,,,,,,,,,,10,3,0,,13,Moderately High Risk,Average,1,https://www.valueresearchonline.com/funds/42458/
Mirae Asset Hang Seng TECH ETF FoF Dir**,equity,equity,Direct,-15.07,13.76,,BSE 500 TRI*,INF769K01HU3,149381,2.44,11.32,,,,0.4,1.01,32.67,18.86,,,,,,,,,,2,2,0,,4,High Risk,Poor,1,https://www.valueresearchonline.com/funds/41878/
Mirae Asset Hang Seng TECH ETF**,equity,equity,Direct,-12.24,7.04,,BSE 500 TRI*,INF769K01GX9,148623,2.44,11.32,,,,0.23,0.47,32.86,13.4,30,,,89.74,,14.51,1.44,,,2,0,0,,2,High Risk,Poor,25,https://www.valueresearchonline.com/funds/41876/
Mirae Asset NYSE FANG+ ETF,equity,equity,Direct,28.22,39.09,26.08,BSE 500 TRI*,INF769K01HH0,148928,2.44,11.32,10.45,,,1.34,2.14,22.96,36.36,10,,,100.05,,22.98,8.06,,,10,3,0,,13,Moderately High Risk,Average,10,https://www.valueresearchonline.com/funds/41429/
Mirae Asset NYSE FANG+ ETF FoF Dir,equity,equity,Direct,31.48,47.53,30.77,BSE 500 TRI*,INF769K01HH0,148928,2.44,11.32,10.45,,,1.51,3.17,24.85,43.15,,,,,,,,,,12,4,0,,16,Moderately High Risk,Average,1,https://www.valueresearchonline.com/funds/41431/
Mirae Asset S&P 500 Top 50 ETF,equity,equity,Direct,21.66,26.2,,BSE 500 TRI*,INF769K01HR9,149170,2.44,11.32,,,,1.25,1.88,15.25,24.73,51,,,82.16,,22.4,6.16,,,10,3,3,,16,Moderately High Risk,Average,25,https://www.valueresearchonline.com/funds/41698/
Mirae Asset S&P 500 Top 50 ETF FoF Dir,equity,equity,Direct,23.63,33.98,,BSE 500 TRI*,INF769K01HR9,149170,2.44,11.32,,,,1.32,2.12,19.73,31.83,,,,,,,,,,10,3,2,,15,Moderately High Risk,Average,1,https://www.valueresearchonline.com/funds/41704/
Motilal Oswal Developed Mkt Ex US ETFs Ovrses Eqt Pass FoF Dir,equity,equity,Direct,31.83,,,BSE 500 TRI*,INF0QA701607,152162,2.44,,,,,,,,,,,,,,,,,,,,,,,,,2,https://www.valueresearchonline.com/funds/43802/
Motilal Oswal NASDAQ 100 ETF,equity,equity,Direct,34.25,29.65,19.61,BSE 500 TRI*,INF247L01718,145552,2.44,11.32,10.45,,,1.22,2.13,18.2,27.93,100,,,88.21,,26.65,7.8,,,10,3,2,,15,Moderately High Risk,Average,25,https://www.valueresearchonline.com/funds/12498/
Motilal Oswal Nasdaq 100 FOF Dir,equity,equity,Direct,60,36.95,23.14,BSE 500 TRI*,INF247L01718,145552,2.44,11.32,10.45,,,1.12,2.44,27.24,36.27,,,,,,,,,,8,3,0,,11,High Risk,Poor,1,https://www.valueresearchonline.com/funds/38228/
Motilal Oswal Nasdaq Q50 ETF,equity,equity,Direct,43.12,29.06,,BSE 500 TRI*,INF247L01247,124234,2.44,11.32,,,,1.14,2.02,19.59,28.08,50,,,76.99,,23.19,3.72,,,8,3,2,,13,Moderately High Risk,Average,25,https://www.valueresearchonline.com/funds/41923/
Motilal Oswal S&P 500 Index Dir,equity,equity,Direct,27.6,25.25,17.52,BSE 500 TRI*,INF247L01AG2,148381,2.44,11.32,10.45,,,1.34,2.13,13.53,23.76,499,,,66.97,,22.61,4.92,,,10,3,4,,17,Moderately High Risk,Average,25,https://www.valueresearchonline.com/funds/40997/
Navi Nasdaq100 US Specific Equity Passive FoF Dir,equity,equity,Direct,34.11,29.7,,BSE 500 TRI*,INF959L01FZ1,149910,2.44,11.32,,,,1.17,2.08,19.25,28.23,,,,,,,,,,8,3,2,,13,Moderately High Risk,Average,1,https://www.valueresearchonline.com/funds/42135/
Navi Total Stock Market US Specific Equity Passive FoF Dir,equity,equity,Direct,27.73,25.28,,BSE 500 TRI*,INF959L01FV0,149830,2.44,11.32,,,,1.24,1.98,14.88,24.08,,,,,,,,,,10,3,3,,16,Moderately High Risk,Average,1,https://www.valueresearchonline.com/funds/42069/
Nippon India ETF Hang Seng BeES,equity,equity,Direct,11.39,18.8,7.6,BSE 500 TRI*,INF204KA1U61,134552,2.44,11.32,10.45,,,0.69,1.51,21.46,20.51,92,0.12,0.12,70.54,,6.44,0.65,,,4,3,2,,9,High Risk,Poor,25,https://www.valueresearchonline.com/funds/10905/
Nippon India Japan Equity Dir,equity,equity,Direct,31.52,21.09,11.12,BSE 500 TRI*,INF204KA1SI1,130860,2.44,11.32,10.45,,,1.07,1.69,14.3,21.04,30,,,63.87,,2.22,2.06,,,8,3,3,,14,Moderately High Risk,Average,25,https://www.valueresearchonline.com/funds/27691/
Nippon India Taiwan Equity Dir,equity,equity,Direct,128.68,59.18,,BSE 500 TRI*,INF204KC1303,149329,2.44,11.32,,,,1.32,2.15,36.21,53.51,31,,,87.98,,51.92,10.32,,,10,3,0,,13,Moderately High Risk,Average,25,https://www.valueresearchonline.com/funds/41838/
Nippon India US Equity Opportunities Dir,equity,equity,Direct,17.29,19.23,12.26,BSE 500 TRI*,INF204KA15G5,134923,2.44,11.32,10.45,,,0.97,1.51,13.97,19.25,28,,,77.96,,20.86,5.65,,,6,3,4,,13,Moderately High Risk,Average,25,https://www.valueresearchonline.com/funds/30567/
PGIM India Emerging Markets Equity FoF Dir,equity,equity,Direct,29.24,24.84,3.73,BSE 500 TRI*,INF223J01NL0,138456,2.44,11.32,10.45,,,0.94,1.54,20.67,25.21,,,,,,,,,,6,3,2,,11,High Risk,Poor,1,https://www.valueresearchonline.com/funds/17349/
PGIM India Global Equity Opportunities FoF Dir,equity,equity,Direct,6.28,14.95,5.42,BSE 500 TRI*,INF223J01NF2,138528,2.44,11.32,10.45,,,0.52,0.79,19.95,16.11,,,,,,,,,,2,0,2,,4,High Risk,Poor,1,https://www.valueresearchonline.com/funds/17348/
PGIM India Global Select Real Estate Sec FoF Dir,equity,equity,Direct,18.06,14.78,,BSE 500 TRI*,INF663L01W63,149298,2.44,11.32,,,,0.65,1.14,14.88,15.37,,,,,,,,,,4,2,3,,9,High Risk,Poor,1,https://www.valueresearchonline.com/funds/41818/
SBI US Specific Equity Active FoF FoF Dir,equity,equity,Direct,25.91,25.23,17.1,BSE 500 TRI*,INF200KA1U28,148760,2.44,11.32,10.45,,,1.22,2.09,15.18,24.23,,,,,,,,,,10,3,3,,16,Moderately High Risk,Average,1,https://www.valueresearchonline.com/funds/41352/
Sundaram Global Brand Theme-Equity Active FoF Dir*,equity,equity,Direct,21.71,18.86,12.72,BSE 500 TRI*,INF903J01OB6,119602,2.44,11.32,10.45,,,0.97,1.33,13.62,18.85,,,,,,,,,,6,2,4,,12,High Risk,Poor,1,https://www.valueresearchonline.com/funds/17200/
ABSL Large & Mid Cap Dir,equity,equity,Direct,8.6,12.07,8.47,BSE Large Mid Cap TRI*,INF209K01VH8,119436,1.48,10.83,9.89,1.28,1.03,0.5,0.62,16.01,13.64,75,26.3,15.1,60.41,,34.43,4.72,6,3,2,0,3,1,14,Moderately High Risk,Poor,25,https://www.valueresearchonline.com/funds/15697/
ABSL Nifty 200 Momentum 30 ETF,equity,equity,Direct,2.12,11.25,,BSE 500 TRI*,INF846K011Z9,153083,2.44,11.32,,-0.19,1.2,0.41,0.53,19.87,13.78,30,49.17,25.93,66.1,,23.36,4.01,4,0,2,0,2,,8,High Risk,Poor,25,https://www.valueresearchonline.com/funds/42334/
ABSL Nifty 200 Quality 30 ETF,equity,equity,Direct,-1.78,9.34,,BSE 500 TRI*,INF200KB1AG6,154177,2.44,11.32,,-1.28,0.98,0.34,0.44,16.33,11.18,30,46.46,25.03,66.18,,27.82,8.06,4,3,2,0,3,,12,High Risk,Poor,25,https://www.valueresearchonline.com/funds/42335/
Aditya Birla SL MSCI India ETF,equity,equity,Direct,,,,BSE Large Mid Cap TRI*,INF209K01YN0,119550,,,,,,,,,,165,34.67,24.63,54.74,,21.42,3.21,,,,,,,,,,25,https://www.valueresearchonline.com/funds/45843/
Axis Large & Mid Cap Dir,equity,equity,Direct,8.78,16.02,12.89,BSE Large Mid Cap TRI*,INF846K01J46,145110,1.48,10.83,9.89,5.16,0.91,0.78,0.9,14.18,16.7,99,24.82,15.25,58.2,,32.9,4.42,12,4,4,0,3,3,23,Moderate Risk,Average,25,https://www.valueresearchonline.com/funds/37839/
Bajaj Finserv Large and Mid Cap Dir,equity,equity,Direct,4.28,,,BSE Large Mid Cap TRI*,INF0QA701763,152408,1.48,,,,,,,,,66,34.15,19.47,60.46,,18.77,3.6,,,,,,,,,,25,https://www.valueresearchonline.com/funds/44118/
Bandhan Large & Mid Cap Dir,equity,equity,Direct,7.57,18.89,17.18,BSE Large Mid Cap TRI*,INF194K01V89,118419,1.48,10.83,9.89,7.12,1.02,0.87,1.14,15.76,19.38,121,26.3,16.28,60.05,,21.75,2.8,12,3,6,2,3,5,26,Moderate Risk,Excellent,25,https://www.valueresearchonline.com/funds/16474/
Bandhan Nifty 200 Quality 30 Index Dir,equity,equity,Direct,-1.99,,,BSE 500 TRI*,INF194KB1JA8,153114,2.44,,,,,,,,,30,46.42,25.01,66.11,,24.25,7.66,,,,,,,,,,25,https://www.valueresearchonline.com/funds/44741/
Bandhan Nifty Alpha Low Volatility 30 Index Dir,equity,equity,Direct,1.1,,,BSE 500 TRI*,INF194KB1JC4,153213,2.44,,,,,,,,,30,39.27,20.62,56.25,,24.17,3.33,,,,,,,,,,25,https://www.valueresearchonline.com/funds/44859/
Bandhan Nifty200 Momentum 30 Index Dir,equity,equity,Direct,1.91,10.85,,BSE 500 TRI*,INF194KB1DP9,150591,2.44,11.32,,-0.58,1.19,0.39,0.5,19.82,13.36,30,49.22,25.96,66.17,,23.01,4.5,4,0,2,0,2,,8,High Risk,Poor,25,https://www.valueresearchonline.com/funds/42496/
Bank of India Large & Mid Cap Dir,equity,equity,Direct,10.4,14.58,12.52,BSE Large Mid Cap TRI*,INF761K01652,119350,1.48,10.83,9.89,3.46,1.01,0.63,0.86,15.75,15.69,50,42.47,26.5,59.85,,23.77,3.39,10,3,4,0,3,3,20,Moderate Risk,Average,25,https://www.valueresearchonline.com/funds/16267/
Baroda BNP Paribas Large & Mid Cap Dir,equity,equity,Direct,6.33,14.55,13.33,BSE Large Mid Cap TRI*,INF251K01HN7,150187,1.48,10.83,9.89,3.65,1.03,0.64,0.76,16.16,15.97,50,27.88,15.1,61.43,,30.1,3.72,10,3,4,0,3,3,20,Moderate Risk,Average,25,https://www.valueresearchonline.com/funds/41088/
Baroda BNP Paribas Nifty200 Momentum 30 Index Dir,equity,equity,Direct,1.56,,,BSE 500 TRI*,INF251K01TY9,152931,2.44,,,,,,,,,30,49.23,25.93,66.05,,23.01,4.5,,,,,,,,,,25,https://www.valueresearchonline.com/funds/44582/
Canara Robeco Large and Mid Cap Dir,equity,equity,Direct,0.48,13.48,11.18,BSE Large Mid Cap TRI*,INF760K01EI4,118278,1.48,10.83,9.89,2.37,1.02,0.56,0.75,15.9,14.63,92,36.83,22.7,61.49,,35.01,5.12,8,3,2,0,3,2,16,Moderately High Risk,Poor,25,https://www.valueresearchonline.com/funds/16581/
DSP Large & Mid Cap Dir,equity,equity,Direct,3.31,14.23,12.41,BSE Large Mid Cap TRI*,INF740K01PL6,119218,1.48,10.83,9.89,3.36,1.01,0.64,0.83,15.5,15.55,73,37.6,27.76,61.27,,22.19,3,10,3,4,0,3,3,20,Moderate Risk,Average,25,https://www.valueresearchonline.com/funds/16425/
DSP MSCI India ETF,equity,equity,Direct,,,,BSE Large Mid Cap TRI*,INF740K01ZW2,124175,,,,,,,,,,165,34.58,24.59,54.86,,21.43,3.21,,,,,,,,,,25,https://www.valueresearchonline.com/funds/45616/
Edelweiss Large & Mid Cap Dir,equity,equity,Direct,7.99,15.17,13.85,BSE Large Mid Cap TRI*,INF843K01AL0,140175,1.48,10.83,9.89,4.18,1,0.69,0.85,15.47,16.32,88,23.34,13.74,61.3,,29.02,4.2,10,3,4,0,3,3,20,Moderate Risk,Average,25,https://www.valueresearchonline.com/funds/16569/
Edelweiss NIFTY Large Mid Cap 250 Index Dir,equity,equity,Direct,4.54,12.86,,BSE Large Mid Cap TRI*,INF754K01NR9,149343,1.48,10.83,,1.82,1.05,0.55,0.68,15.79,14.31,250,22.21,15.12,54.11,,21.64,3.39,8,3,2,0,3,3,16,Moderately High Risk,Average,25,https://www.valueresearchonline.com/funds/41844/
Edelweiss Nifty Alpha Low Volatility 30 Index Dir,equity,equity,Direct,1.02,,,BSE 500 TRI*,INF754K01SS6,152616,2.44,,,,,,,,,30,39.16,20.56,56.06,,24.17,3.33,,,,,,,,,,25,https://www.valueresearchonline.com/funds/44309/
Edelweiss Nifty LargeMidcap 250 ETF,equity,equity,Direct,3.75,,,BSE Large Mid Cap TRI*,INF846K017C5,149243,1.48,,,,,,,,,250,22.21,15.12,54.11,,23.65,3.35,,,,,,,,,,25,https://www.valueresearchonline.com/funds/45481/
Franklin India Large & Mid Cap Dir,equity,equity,Direct,1.26,12.62,10.79,BSE Large Mid Cap TRI*,INF090I01IN1,118510,1.48,10.83,9.89,2.05,0.96,0.55,0.79,14.85,13.93,55,32.29,19.44,58.98,,31.03,4.11,8,3,2,0,3,2,16,Moderately High Risk,Poor,25,https://www.valueresearchonline.com/funds/15986/
Groww Nifty 200 ETF,equity,equity,Direct,1.42,,,BSE Large Mid Cap TRI*,INF666M01JQ1,153328,1.48,,,,,,,,,200,34.41,24.01,55.8,,21.25,3.14,,,,,,,,,,25,https://www.valueresearchonline.com/funds/44969/
Groww Nifty 200 ETF FoF Dir,equity,equity,Direct,0.88,,,BSE Large Mid Cap TRI*,INF666M01JQ1,153328,1.48,,,,,,,,,,,,,,,,,,,,,,,,,1,https://www.valueresearchonline.com/funds/44967/
HDFC Large and Mid Cap Dir,equity,equity,Direct,4.8,13.74,15.23,BSE Large Mid Cap TRI*,INF179KA1RQ7,130498,1.48,10.83,9.89,2.47,1.07,0.58,0.74,16.1,15.05,239,19.63,12.67,56.14,,23.01,2.99,8,2,2,0,3,4,15,Moderately High Risk,Good,25,https://www.valueresearchonline.com/funds/16626/
HDFC NIFTY200 Momentum 30 ETF,equity,equity,Direct,2.23,11.29,,BSE 500 TRI*,INF179K01VS0,119116,2.44,11.32,,-0.2,1.2,0.41,0.53,19.86,13.76,30,49.16,25.92,66.1,,23.35,4.01,4,0,2,0,2,,8,High Risk,Poor,25,https://www.valueresearchonline.com/funds/42569/
HDFC NIFTY200 Momentum 30 Index Dir,equity,equity,Direct,1.96,,,BSE 500 TRI*,INF200KB1878,153662,2.44,,,,,,,,,30,49.14,25.91,66.1,,23.01,4.5,,,,,,,,,,25,https://www.valueresearchonline.com/funds/44153/
HDFC Nifty LargeMidcap 250 Index Dir,equity,equity,Direct,4.57,,,BSE Large Mid Cap TRI*,INF179KC1IQ4,152889,1.48,,,,,,,,,250,22.11,15.07,53.88,,21.64,3.39,,,,,,,,,,25,https://www.valueresearchonline.com/funds/44570/
HSBC Large and Mid Cap Dir,equity,equity,Direct,13.55,18.59,15.82,BSE Large Mid Cap TRI*,INF179KA1RQ7,130498,1.48,10.83,9.89,7.43,1.04,0.77,0.86,18.25,19.8,81,36.27,22.82,75.23,,31.59,4.62,12,3,4,0,2,4,21,Moderate Risk,Good,25,https://www.valueresearchonline.com/funds/39456/
Helios Large & Mid Cap Dir,equity,equity,Direct,8.55,,,BSE Large Mid Cap TRI*,INF0R8701269,152941,1.48,,,,,,,,,59,33.76,19.81,66.84,,33.96,4.88,,,,,,,,,,25,https://www.valueresearchonline.com/funds/44610/
ICICI Pru Large & Mid Cap Dir,equity,equity,Direct,5.58,16.55,17.09,BSE Large Mid Cap TRI*,INF109K011O5,120596,1.48,10.83,9.89,5.97,0.92,0.84,1,14.18,17.62,123,29.84,17.65,65.79,,23.55,3.62,12,4,6,2,3,5,27,Low Risk,Excellent,25,https://www.valueresearchonline.com/funds/15868/
ICICI Pru Nifty 200 Momentum 30 ETF,equity,equity,Direct,2.15,11.21,,BSE 500 TRI*,INF109KC11D8,150452,2.44,11.32,,-0.28,1.2,0.4,0.52,19.89,13.71,30,49.17,25.93,66.11,,23.36,4.01,4,0,2,0,2,,8,High Risk,Poor,25,https://www.valueresearchonline.com/funds/42387/
ICICI Pru Nifty 200 Momentum 30 Index Dir,equity,equity,Direct,2.06,11.03,,BSE 500 TRI*,INF109KC11D8,150452,2.44,11.32,,-0.44,1.2,0.4,0.51,19.82,13.53,30,49.19,25.94,66.14,,23.01,4.5,4,0,2,0,2,,8,High Risk,Poor,25,https://www.valueresearchonline.com/funds/42381/
ICICI Pru Nifty 200 Quality 30 ETF,equity,equity,Direct,-1.86,9.28,,BSE 500 TRI*,INF200KB1AG6,154177,2.44,11.32,,-1.34,0.98,0.33,0.43,16.35,11.13,30,46.48,25.04,66.2,,27.81,8.06,4,3,2,0,3,,12,High Risk,Poor,25,https://www.valueresearchonline.com/funds/43676/
ICICI Pru Nifty Alpha Low-Volatility 30 ETF,equity,equity,Direct,1.12,11.66,9.06,BSE 500 TRI*,INF109KC1R89,149158,2.44,11.32,10.45,0.63,1.02,0.46,0.59,16.54,13.34,30,39.21,20.58,56.15,,28.72,4.4,6,3,2,0,3,,14,Moderately High Risk,Average,25,https://www.valueresearchonline.com/funds/41071/
ICICI Pru Nifty Alpha Low-Volatility 30 ETF FOF Dir,equity,equity,Direct,0.74,11.43,,BSE 500 TRI*,INF109KC1R89,149158,2.44,11.32,,0.25,1.02,0.43,0.53,16.77,12.97,,,,,,,,6,3,2,0,3,,14,Moderately High Risk,Average,1,https://www.valueresearchonline.com/funds/41688/
ICICI Pru Nifty LargeMidcap 250 Index Dir,equity,equity,Direct,4.57,,,BSE Large Mid Cap TRI*,INF109KC12U0,152482,1.48,,,,,,,,,250,22.17,15.1,54.09,,21.64,3.39,,,,,,,,,,25,https://www.valueresearchonline.com/funds/44180/
ICICI Pru Nifty200 Quality 30 Index Dir,equity,equity,Direct,-2.02,,,BSE 500 TRI*,INF109K1A252,153546,2.44,,,,,,,,,30,46.49,25.05,66.19,,24.25,7.66,,,,,,,,,,25,https://www.valueresearchonline.com/funds/45193/
ITI Large & Mid Cap Dir,equity,equity,Direct,8.33,,,BSE Large Mid Cap TRI*,INF00XX01DA4,152821,1.48,,,,,,,,,99,19.75,11.11,63.78,,28.95,3.67,,,,,,,,,,25,https://www.valueresearchonline.com/funds/44501/
Invesco India Large & Mid Cap Dir,equity,equity,Direct,10.67,23.49,17.74,BSE Large Mid Cap TRI*,INF205K01MA0,120357,1.48,10.83,9.89,10.71,1.12,0.98,1.21,18.36,23.62,39,54.72,34.72,58.28,,45.31,5.3,12,2,6,2,2,5,24,Moderate Risk,Excellent,25,https://www.valueresearchonline.com/funds/16770/
JM Large & Mid Cap Dir,equity,equity,Direct,7.62,,,BSE Large Mid Cap TRI*,INF192K01NK7,153629,1.48,,,,,,,,,64,25.37,14.16,58.7,,34.62,4.35,,,,,,,,,,25,https://www.valueresearchonline.com/funds/45304/
Kotak Large & Midcap Dir,equity,equity,Direct,5.51,14.18,13.78,BSE Large Mid Cap TRI*,INF174K01LF9,120158,1.48,10.83,9.89,3.31,0.98,0.63,0.74,15.28,15.35,71,30.21,18.48,60.13,,26.83,3.2,10,3,4,0,3,3,20,Moderate Risk,Average,25,https://www.valueresearchonline.com/funds/16378/
Kotak MSCI India ETF,equity,equity,Direct,1.16,,,BSE Large Mid Cap TRI*,INF090I01KR8,129008,1.48,,,,,,,,,165,34.75,24.69,54.86,,21.43,3.21,,,,,,,,,,25,https://www.valueresearchonline.com/funds/44952/
Kotak Nifty 200 Momentum 30 ETF,equity,equity,Direct,,,,BSE 500 TRI*,INF174KA1OB1,151781,,,,,,,,,,30,49.16,25.92,66.1,,23.35,4.01,,,,,,,,,,25,https://www.valueresearchonline.com/funds/45531/
Kotak Nifty 200 Momentum 30 Index Dir,equity,equity,Direct,2.16,11.24,,BSE 500 TRI*,INF174KA1OB1,151781,2.44,11.32,,-0.27,1.2,0.41,0.52,19.8,13.72,30,49.16,25.92,66.1,,23.01,4.5,4,0,2,0,2,,8,High Risk,Poor,25,https://www.valueresearchonline.com/funds/43538/
Kotak Nifty 200 Quality 30 Index Dir,equity,equity,Direct,-1.81,,,BSE 500 TRI*,INF174KA1WN9,153660,2.44,,,,,,,,,30,46.48,25.04,66.22,,24.25,7.66,,,,,,,,,,25,https://www.valueresearchonline.com/funds/45258/
Kotak Nifty200 Quality 30 ETF,equity,equity,Direct,-1.68,,,BSE 500 TRI*,INF174K01KM7,119757,2.44,,,,,,,,,30,46.6,25,66.15,,27.8,8.05,,,,,,,,,,25,https://www.valueresearchonline.com/funds/45255/
LIC MF Large & Mid Cap Dir,equity,equity,Direct,4.42,14.57,12.16,BSE Large Mid Cap TRI*,INF767K01NE9,133710,1.48,10.83,9.89,3.73,1.04,0.63,0.82,16.69,16.15,40,34.04,18.35,69.15,,39.06,5.73,10,3,4,0,3,3,20,Moderate Risk,Average,25,https://www.valueresearchonline.com/funds/29416/
Mahindra Manulife Large & Mid Cap Dir,equity,equity,Direct,8.79,13.22,13.66,BSE Large Mid Cap TRI*,INF277K01MK8,119202,1.48,10.83,9.89,2.72,0.96,0.58,0.76,15.29,14.62,70,27.24,15.99,58.79,,30.72,3.65,8,3,2,0,3,3,16,Moderately High Risk,Average,25,https://www.valueresearchonline.com/funds/40397/
Mirae Asset BSE 200 Equal Weight ETF,equity,equity,Direct,7.39,,,BSE Large Mid Cap TRI*,INF769K01OE3,153380,1.48,,,,,,,,,200,6.81,3.82,49.18,,23.23,3.45,,,,,,,,,,25,https://www.valueresearchonline.com/funds/45027/
Mirae Asset BSE 200 Equal Weight ETF FoF Dir,equity,equity,Direct,6.88,,,BSE Large Mid Cap TRI*,INF769K01OE3,153380,1.48,,,,,,,,,,,,,,,,,,,,,,,,,1,https://www.valueresearchonline.com/funds/45030/
Mirae Asset Large & Midcap Dir,equity,equity,Direct,6.87,12.96,11.28,BSE Large Mid Cap TRI*,INF769K01BI1,118834,1.48,10.83,9.89,1.89,1.05,0.55,0.67,15.91,14.38,83,31.75,20.28,55.74,,23.26,3.27,8,3,2,0,3,2,16,Moderately High Risk,Poor,25,https://www.valueresearchonline.com/funds/16563/
Mirae Asset Nifty 200 Alpha 30 ETF,equity,equity,Direct,6.86,,,BSE 500 TRI*,INF769K01GX9,148623,2.44,,,,,,,,,30,45.96,25.21,66.39,,19.61,4.1,,,,,,,,,,25,https://www.valueresearchonline.com/funds/43817/
Mirae Asset Nifty 200 Alpha 30 ETF FoF Dir,equity,equity,Direct,6.38,,,BSE 500 TRI*,INF769K01LU5,152718,2.44,,,,,,,,,,,,,,,,,,,,,,,,,1,https://www.valueresearchonline.com/funds/44400/
Mirae Asset Nifty LargeMidcap 250 Index Dir,equity,equity,Direct,4.5,,,BSE Large Mid Cap TRI*,INF769K01MJ6,152976,1.48,,,,,,,,,250,22.19,15.11,54.05,,21.64,3.39,,,,,,,,,,25,https://www.valueresearchonline.com/funds/44624/
Motilal Oswal BSE Low Volatility ETF,equity,equity,Direct,-5.29,8.58,,BSE 500 TRI*,INF090I01UD7,147989,2.44,11.32,,-2.01,0.86,0.28,0.36,13.94,9.64,30,38.4,20.13,64.18,,28.5,4,2,4,2,0,4,,12,High Risk,Poor,25,https://www.valueresearchonline.com/funds/42147/
Motilal Oswal BSE Low Volatility Index Dir,equity,equity,Direct,-5.38,8.25,,BSE 500 TRI*,INF955L01JF3,154679,2.44,11.32,,-2.29,0.86,0.26,0.33,13.9,9.34,30,38.35,20.12,64.08,,22.6,3.26,2,4,2,0,4,,12,High Risk,Poor,25,https://www.valueresearchonline.com/funds/42155/
Motilal Oswal BSE Quality ETF,equity,equity,Direct,2.36,13.43,,BSE 500 TRI*,INF247L01247,124234,2.44,11.32,,2.11,1.06,0.53,0.82,17.98,15.13,30,56.29,30.2,69.26,,28.6,9.28,8,2,2,0,2,,14,Moderately High Risk,Average,25,https://www.valueresearchonline.com/funds/42438/
Motilal Oswal BSE Quality Index Dir,equity,equity,Direct,2.26,13.27,,BSE 500 TRI*,INF955L01JF3,154679,2.44,11.32,,2.01,1.06,0.52,0.82,17.9,15.01,30,56.23,30.17,69.16,,23.87,8.69,8,2,2,0,2,,14,Moderately High Risk,Average,25,https://www.valueresearchonline.com/funds/42440/
Motilal Oswal Large and Midcap Dir,equity,equity,Direct,13.34,23.23,18.88,BSE Large Mid Cap TRI*,INF247L01999,147704,1.48,10.83,9.89,10.79,1.17,0.85,1.12,21.56,24,33,44.1,24.35,58.82,,43.49,6.71,12,0,6,2,2,5,22,Moderate Risk,Excellent,25,https://www.valueresearchonline.com/funds/40338/
Motilal Oswal Nifty 200 Momentum 30 ETF,equity,equity,Direct,1.92,11.21,,BSE 500 TRI*,INF846K011Z9,153083,2.44,11.32,,-0.28,1.2,0.4,0.52,19.9,13.71,30,49.19,25.94,66.13,,23.35,4.01,4,0,2,0,2,,8,High Risk,Poor,25,https://www.valueresearchonline.com/funds/42039/
Motilal Oswal Nifty 200 Momentum 30 Index Dir,equity,equity,Direct,1.81,11.18,,BSE 500 TRI*,INF247L01DL6,152875,2.44,11.32,,-0.3,1.2,0.4,0.52,19.87,13.68,30,49.14,25.91,66.07,,23.01,4.5,4,0,2,0,2,,8,High Risk,Poor,25,https://www.valueresearchonline.com/funds/42041/
Navi Large & Midcap Dir,equity,equity,Direct,8.28,10.79,11.67,BSE Large Mid Cap TRI*,INF959L01CH6,135677,1.48,10.83,9.89,-0.2,1.07,0.4,0.52,16.87,12.38,80,26.61,14.87,63.13,,22.2,3.17,4,2,2,0,3,2,11,High Risk,Poor,25,https://www.valueresearchonline.com/funds/31278/
Nippon India Nifty Alpha Low Volatility 30 Index Dir,equity,equity,Direct,1.1,11.59,,BSE 500 TRI*,INF204KC1584,150487,2.44,11.32,,0.58,1.01,0.46,0.59,16.49,13.27,30,39.19,20.57,56.13,,24.17,3.33,6,3,2,0,3,,14,Moderately High Risk,Average,25,https://www.valueresearchonline.com/funds/42413/
Nippon India Vision Large & Mid Cap Dir,equity,equity,Direct,3.33,15.24,13.53,BSE Large Mid Cap TRI*,INF204K01F20,118678,1.48,10.83,9.89,4.46,1.02,0.72,0.84,15.41,16.73,82,32.2,19.98,59.84,,31.49,3.94,10,3,4,0,3,4,20,Moderate Risk,Good,25,https://www.valueresearchonline.com/funds/16194/
PGIM India Large and Mid Cap Dir,equity,equity,Direct,3.11,,,BSE Large Mid Cap TRI*,INF663L01Y12,152382,1.48,,,,,,,,,76,29.57,18.71,55.58,,29.44,4.32,,,,,,,,,,25,https://www.valueresearchonline.com/funds/44085/
Quant Large & Mid Cap Dir,equity,equity,Direct,13.98,15.39,16.09,BSE Large Mid Cap TRI*,INF966L01648,120826,1.48,10.83,9.89,4.16,1.17,0.6,0.93,19.5,17.41,26,65.23,40.02,54.03,,37.82,4.84,10,0,4,0,2,3,16,Moderately High Risk,Average,19,https://www.valueresearchonline.com/funds/17363/
SBI Large & Midcap Dir,equity,equity,Direct,4.68,13.18,13.93,BSE Large Mid Cap TRI*,INF200K01UJ5,119721,1.48,10.83,9.89,2.75,0.88,0.63,0.78,13.45,14.14,85,31.22,19.14,51.67,,27.51,3.71,8,4,4,0,4,4,20,Moderate Risk,Good,25,https://www.valueresearchonline.com/funds/16240/
SBI Nifty 200 Quality 30 ETF,equity,equity,Direct,-1.88,9.13,7.39,BSE 500 TRI*,INF200K01SH3,119707,2.44,11.32,10.45,-1.48,0.98,0.32,0.42,16.35,10.99,30,46.48,25.04,66.21,,27.81,8.06,4,3,2,0,3,,12,High Risk,Poor,25,https://www.valueresearchonline.com/funds/38348/
SBI Nifty200 Momentum 30 Index Dir,equity,equity,Direct,1.92,,,BSE 500 TRI*,INF200KB1878,153662,2.44,,,,,,,,,30,49.72,26.22,66.87,,23.01,4.5,,,,,,,,,,25,https://www.valueresearchonline.com/funds/45267/
SBI Nifty200 Quality 30 Index Dir,equity,equity,Direct,-1.98,,,BSE 500 TRI*,INF200KB1811,153555,2.44,,,,,,,,,30,46.48,25.04,66.21,,24.25,7.66,,,,,,,,,,25,https://www.valueresearchonline.com/funds/45182/
Samco Large & Mid Cap Dir,equity,equity,Direct,-4.47,,,BSE Large Mid Cap TRI*,INF0K1H01271,153534,1.48,,,,,,,,,48,46.15,26.25,60.96,,21.45,4.98,,,,,,,,,,25,https://www.valueresearchonline.com/funds/45201/
Sundaram Large & Midcap Dir,equity,equity,Direct,11.94,15.54,12.76,BSE Large Mid Cap TRI*,INF903J01PR9,119566,1.48,10.83,9.89,4.69,1.02,0.71,0.8,15.96,16.96,38,38.09,21.54,67.44,,35.83,5.1,10,3,4,0,3,2,20,Moderate Risk,Poor,25,https://www.valueresearchonline.com/funds/16086/
Tata BSE Quality Index Dir,equity,equity,Direct,2.1,,,BSE 500 TRI*,INF277KA1DK1,153420,2.44,,,,,,,,,30,56.29,30.2,69.26,,23.87,8.69,,,,,,,,,,25,https://www.valueresearchonline.com/funds/45062/
Tata Large & Midcap Dir,equity,equity,Direct,-2.44,7.79,9.84,BSE Large Mid Cap TRI*,INF277K01MK8,119202,1.48,10.83,9.89,-3.27,1.05,0.22,0.28,16.08,9.2,50,46.93,27.49,54.33,,21.66,2.88,2,3,2,0,3,1,10,High Risk,Poor,25,https://www.valueresearchonline.com/funds/16679/
Tata Nifty200 Alpha 30 Index Dir,equity,equity,Direct,6.62,,,BSE 500 TRI*,INF277KA1CI7,152836,2.44,,,,,,,,,30,45.9,25.17,66.32,,22.16,4.79,,,,,,,,,,25,https://www.valueresearchonline.com/funds/44509/
UTI BSE Low Volatility Index Dir,equity,equity,Direct,-5.32,8.35,,BSE 500 TRI*,INF789F1AVF2,149881,2.44,11.32,,-2.22,0.86,0.27,0.34,13.9,9.42,30,38.39,20.13,64.15,,22.6,3.26,2,4,2,0,4,,12,High Risk,Poor,25,https://www.valueresearchonline.com/funds/42111/
UTI Large & Mid Cap Dir,equity,equity,Direct,6.25,15.87,14.56,BSE Large Mid Cap TRI*,INF789F01UG3,120665,1.48,10.83,9.89,4.55,0.99,0.73,0.95,15.06,16.64,70,32.62,19.8,54.86,,18.95,2.69,10,3,4,0,3,4,20,Moderate Risk,Good,25,https://www.valueresearchonline.com/funds/15845/
UTI Nifty Alpha Low-Volatility 30 Index Dir,equity,equity,Direct,0.92,,,BSE 500 TRI*,INF789F1AZM9,153086,2.44,,,,,,,,,30,39.17,20.55,56.08,,24.17,3.33,,,,,,,,,,25,https://www.valueresearchonline.com/funds/44727/
UTI Nifty200 Momentum 30 Index Dir,equity,equity,Direct,2.2,11.52,9.9,BSE 500 TRI*,INF789F1AUT5,148703,2.44,11.32,10.45,-0.01,1.2,0.42,0.54,19.88,13.98,30,49.16,25.92,66.09,,23.01,4.5,4,0,2,0,2,,8,High Risk,Poor,25,https://www.valueresearchonline.com/funds/41312/
UTI Nifty200 Quality 30 Index Dir,equity,equity,Direct,-2.03,,,BSE 500 TRI*,INF789F1AZH9,152859,2.44,,,,,,,,,30,46.46,25.03,66.17,,24.25,7.66,,,,,,,,,,25,https://www.valueresearchonline.com/funds/44548/
Union Large & Midcap Dir,equity,equity,Direct,7.81,13.65,12.39,BSE Large Mid Cap TRI*,INF582M01GA0,147750,1.48,10.83,9.89,3.1,0.95,0.61,0.67,15.22,14.92,75,25.32,15.57,60.44,,35.82,4.63,10,4,4,0,3,3,21,Moderate Risk,Average,25,https://www.valueresearchonline.com/funds/40385/
WhiteOak Capital Large & Mid Cap Dir,equity,equity,Direct,8.76,,,BSE Large Mid Cap TRI*,INF03VN01845,152226,1.48,,,,,,,,,125,28.9,18.74,57.85,,28.32,3.85,,,,,,,,,,25,https://www.valueresearchonline.com/funds/43932/
Zerodha Nifty Large Midcap 250 Index Dir,equity,equity,Direct,5.14,,,BSE Large Mid Cap TRI*,INF0R8F01018,152156,1.48,,,,,,,,,250,22.27,15.17,54.26,,21.64,3.39,,,,,,,,,,25,https://www.valueresearchonline.com/funds/43846/
ABSL BSE Sensex ETF,equity,equity,Direct,-4.22,6.4,6.87,BSE 100 TRI*,INF209K01YN0,119550,-0.35,9.89,9.14,-3.03,0.93,0.15,0.2,13.51,7.72,30,63.45,44.28,70.31,,21.25,3.05,2,4,2,0,4,,12,High Risk,Poor,25,https://www.valueresearchonline.com/funds/32649/
ABSL Large Cap Dir,equity,equity,Direct,-0.19,10.51,9.63,BSE 100 TRI*,INF209K01YY7,119528,-0.35,9.89,9.14,0.79,0.98,0.43,0.56,14.09,11.79,72,43.55,26.71,64.5,,24.15,3.4,6,3,2,0,3,3,14,Moderately High Risk,Average,25,https://www.valueresearchonline.com/funds/15831/
ABSL Nifty 50 ETF,equity,equity,Direct,-2.33,8.17,7.88,BSE 100 TRI*,INF209K01VY3,119648,-0.35,9.89,9.14,-1.31,0.95,0.28,0.36,13.6,9.51,50,52.7,36.78,63.05,,19.88,2.97,4,4,2,0,4,,14,Moderately High Risk,Average,25,https://www.valueresearchonline.com/funds/13012/
ABSL Nifty 50 Equal Weight Index Dir,equity,equity,Direct,3.51,12.61,11.78,BSE 100 TRI*,INF209KB1Z71,148962,-0.35,9.89,9.14,3.04,0.98,0.58,0.71,14.5,14.06,50,22.24,11.4,52.56,,20.66,3.16,10,3,2,0,3,4,18,Moderately High Risk,Good,25,https://www.valueresearchonline.com/funds/41505/
ABSL Nifty 50 Index Dir,equity,equity,Direct,-2.51,7.96,7.62,BSE 100 TRI*,INF209K01VY3,119648,-0.35,9.89,9.14,-1.5,0.95,0.27,0.35,13.58,9.32,50,52.71,36.78,63.06,,20.66,3.16,4,4,2,0,4,2,14,Moderately High Risk,Poor,25,https://www.valueresearchonline.com/funds/15769/
ABSL Nifty Next 50 ETF,equity,equity,Direct,9.42,18.14,12.21,BSE 100 TRI*,INF209KB10G3,149838,-0.35,9.89,9.14,7.08,1.29,0.7,0.91,20.02,19.75,50,32.76,18.54,52.57,,20.15,3.33,12,0,4,0,2,,18,Moderately High Risk,Average,25,https://www.valueresearchonline.com/funds/38491/
ABSL Nifty Next 50 Index Dir,equity,equity,Direct,9.15,17.63,,BSE 100 TRI*,INF209KB10G3,149838,-0.35,9.89,,6.65,1.29,0.68,0.88,20.03,19.31,50,32.72,18.52,52.52,,20.28,3.37,12,0,4,0,2,4,18,Moderately High Risk,Good,25,https://www.valueresearchonline.com/funds/42072/
Angel One Nifty 50 ETF,equity,equity,Direct,-2.4,,,BSE 100 TRI*,INF579M01AN2,151165,-0.35,,,,,,,,,50,52.65,36.74,62.99,,19.88,2.97,,,,,,,,,,25,https://www.valueresearchonline.com/funds/45159/
Angel One Nifty 50 Index Dir,equity,equity,Direct,-2.6,,,BSE 100 TRI*,INF1J2R01072,153529,-0.35,,,,,,,,,50,52.61,36.71,62.94,,20.66,3.16,,,,,,,,,,25,https://www.valueresearchonline.com/funds/45161/
Axis BSE Sensex ETF,equity,equity,Direct,-4.25,6.37,,BSE 100 TRI*,INF846K01CR6,120438,-0.35,9.89,,-3.06,0.93,0.15,0.2,13.5,7.69,30,63.46,44.28,70.32,,21.25,3.05,2,4,2,0,4,,12,High Risk,Poor,25,https://www.valueresearchonline.com/funds/43285/
Axis BSE Sensex Index Dir,equity,equity,Direct,-4.16,,,BSE 100 TRI*,INF846K012V6,152422,-0.35,,,,,,,,,30,63.42,44.26,70.28,,22.76,3.32,,,,,,,,,,25,https://www.valueresearchonline.com/funds/44150/
Axis Large Cap Dir,equity,equity,Direct,0.1,10.08,6.12,BSE 100 TRI*,INF846K01DP8,120465,-0.35,9.89,9.14,0.73,0.91,0.42,0.51,13.44,11.37,48,49.31,32.44,63.27,,28.15,4.09,6,4,2,0,4,2,16,Moderately High Risk,Poor,25,https://www.valueresearchonline.com/funds/15682/
Axis Nifty 100 Index Dir,equity,equity,Direct,-0.52,9.6,8.26,BSE 100 TRI*,INF846K01S29,147666,-0.35,9.89,9.14,-0.15,1,0.37,0.47,14.39,10.99,100,42.99,30,58.76,,20.55,3.22,4,3,2,0,3,3,12,High Risk,Average,25,https://www.valueresearchonline.com/funds/40298/
Axis Nifty 50 ETF,equity,equity,Direct,-2.38,8.16,7.86,BSE 100 TRI*,INF846K01CR6,120438,-0.35,9.89,9.14,-1.32,0.95,0.28,0.36,13.59,9.5,50,52.66,36.74,63,,19.88,2.97,4,4,2,0,4,,14,Moderately High Risk,Average,25,https://www.valueresearchonline.com/funds/34322/
Axis Nifty 50 Index Dir,equity,equity,Direct,-2.46,8.01,,BSE 100 TRI*,INF846K013D2,149373,-0.35,9.89,,-1.45,0.94,0.27,0.35,13.54,9.35,50,52.69,36.77,63.04,,20.66,3.16,4,4,2,0,4,2,14,Moderately High Risk,Poor,25,https://www.valueresearchonline.com/funds/41860/
Axis Nifty Next 50 Index Dir,equity,equity,Direct,9.3,17.81,,BSE 100 TRI*,INF846K019E7,149466,-0.35,9.89,,6.81,1.28,0.69,0.89,19.94,19.45,50,32.74,18.52,52.54,,20.28,3.37,12,0,4,0,2,5,18,Moderately High Risk,Excellent,25,https://www.valueresearchonline.com/funds/41946/
BHARAT 22 ETF,equity,equity,Direct,6.34,16.38,22.08,BSE 500 TRI*,INF109KC1YD4,146951,2.44,11.32,10.45,5.05,1.04,0.65,1.08,18.71,17.93,22,83.92,56.44,75.51,,12.83,2.03,12,3,4,2,2,,23,Moderate Risk,Average,22,https://www.valueresearchonline.com/funds/34740/
Bajaj Finserv Large Cap Dir,equity,equity,Direct,4.18,,,BSE 100 TRI*,INF0QA701896,152783,-0.35,,,,,,,,,32,46.07,27.81,59.68,,28.38,3.66,,,,,,,,,,25,https://www.valueresearchonline.com/funds/44455/
Bajaj Finserv Nifty 50 ETF,equity,equity,Direct,-2.39,,,BSE 100 TRI*,INF0QA701BA9,153506,-0.35,,,,,,,,,50,52.66,36.74,63.01,,19.89,2.97,,,,,,,,,,25,https://www.valueresearchonline.com/funds/44066/
Bajaj Finserv Nifty 50 Index Dir,equity,equity,Direct,-2.84,,,BSE 100 TRI*,INF0QA701BA9,153506,-0.35,,,,,,,,,50,52.72,36.8,63.08,,20.66,3.16,,,,,,,,,,25,https://www.valueresearchonline.com/funds/45133/
Bajaj Finserv Nifty Next 50 Index Dir,equity,equity,Direct,8.45,,,BSE 100 TRI*,INF0QA701BG6,153479,-0.35,,,,,,,,,50,32.78,18.55,52.61,,20.28,3.37,,,,,,,,,,25,https://www.valueresearchonline.com/funds/45113/
Bandhan BSE Sensex ETF,equity,equity,Direct,-4.57,6.04,6.51,BSE 100 TRI*,INF194K015G8,121279,-0.35,9.89,9.14,-3.37,0.93,0.12,0.17,13.49,7.38,30,63.38,44.23,70.22,,21.26,3.05,2,4,2,0,4,,12,High Risk,Poor,25,https://www.valueresearchonline.com/funds/32902/
Bandhan Large Cap Dir,equity,equity,Direct,4.04,13.92,11.01,BSE 100 TRI*,INF194K01Z44,118479,-0.35,9.89,9.14,3.58,1.02,0.61,0.79,14.85,14.78,68,46.27,30.04,59.24,,22.76,3.37,10,3,4,0,3,4,20,Moderate Risk,Good,25,https://www.valueresearchonline.com/funds/16699/
Bandhan Nifty 100 Index Dir,equity,equity,Direct,-0.44,9.68,,BSE 100 TRI*,INF194KB1CR7,149832,-0.35,9.89,,-0.08,1,0.37,0.47,14.39,11.06,100,42.98,29.99,58.74,,20.55,3.22,4,3,2,0,3,3,12,High Risk,Average,25,https://www.valueresearchonline.com/funds/42076/
Bandhan Nifty 50 ETF,equity,equity,Direct,-2.45,8.09,7.81,BSE 100 TRI*,INF194K015G8,121279,-0.35,9.89,9.14,-1.38,0.95,0.28,0.36,13.59,9.44,50,52.7,36.78,63.06,,19.89,2.97,4,4,2,0,4,,14,Moderately High Risk,Average,25,https://www.valueresearchonline.com/funds/32903/
Bandhan Nifty 50 Index Dir,equity,equity,Direct,-2.48,7.99,7.73,BSE 100 TRI*,INF194K012A8,118482,-0.35,9.89,9.14,-1.48,0.95,0.27,0.35,13.6,9.35,50,52.71,36.79,63.07,,20.66,3.16,4,4,2,0,4,3,14,Moderately High Risk,Average,25,https://www.valueresearchonline.com/funds/16504/
Bandhan Nifty Next 50 Index Dir,equity,equity,Direct,9.16,,,BSE 100 TRI*,INF194KB1JK7,153350,-0.35,,,,,,,,,50,32.84,18.58,52.73,,20.28,3.37,,,,,,,,,,25,https://www.valueresearchonline.com/funds/44984/
Bandhan Nifty100 Low Volatility 30 Index Dir,equity,equity,Direct,-2.39,10.58,,BSE 500 TRI*,INF194KB1DV7,150636,2.44,11.32,,0.38,0.86,0.44,0.55,14.34,11.98,30,36.92,18.86,53.86,,22.62,3.37,6,4,2,0,3,,15,Moderately High Risk,Average,25,https://www.valueresearchonline.com/funds/42544/
Bank of India Large Cap Dir,equity,equity,Direct,8.37,13.86,10.02,BSE 100 TRI*,INF761K01FL3,148980,-0.35,9.89,9.14,3.58,1.06,0.58,0.74,16,15.03,51,41.66,26.73,66.23,,21.46,3.15,10,2,2,0,3,4,17,Moderately High Risk,Good,25,https://www.valueresearchonline.com/funds/41521/
Baroda BNP Paribas Large Cap Dir,equity,equity,Direct,3.59,12.72,11.08,BSE 100 TRI*,INF251K01HN7,150187,-0.35,9.89,9.14,2.83,0.99,0.57,0.71,14.51,13.9,50,41.71,26.42,57.29,,23.83,3.51,8,3,2,0,3,4,16,Moderately High Risk,Good,25,https://www.valueresearchonline.com/funds/15719/
Baroda BNP Paribas NIFTY 50 Index Dir,equity,equity,Direct,-2.61,,,BSE 100 TRI*,INF251K01SY1,152329,-0.35,,,,,,,,,50,52.59,36.84,63.03,,20.66,3.16,,,,,,,,,,25,https://www.valueresearchonline.com/funds/43987/
Canara Robeco Large Cap Dir,equity,equity,Direct,-0.59,11.28,9.44,BSE 100 TRI*,INF760K01FR2,118269,-0.35,9.89,9.14,1.66,0.94,0.5,0.62,13.59,12.47,59,48.1,30.37,62.76,,25.2,3.61,8,4,2,0,4,3,18,Moderately High Risk,Average,25,https://www.valueresearchonline.com/funds/15765/
Choice Nifty 50 Index Dir,equity,equity,Direct,,,,BSE 100 TRI*,N/A,N/A,,,,,,,,,,50,52.62,36.72,62.97,,20.66,3.16,,,,,,,,,,25,https://www.valueresearchonline.com/funds/45932/
Choice Nifty Next 50 Index Dir,equity,equity,Direct,,,,BSE 100 TRI*,INF2KCX01046,154304,,,,,,,,,,50,32.75,18.53,52.56,,20.28,3.37,,,,,,,,,,25,https://www.valueresearchonline.com/funds/45938/
DSP BSE Sensex ETF,equity,equity,Direct,-4.23,6.31,,BSE 100 TRI*,INF740K01ZW2,124175,-0.35,9.89,,-3.11,0.93,0.14,0.19,13.49,7.63,30,63.41,44.24,70.25,,21.25,3.05,2,4,2,0,4,,12,High Risk,Poor,25,https://www.valueresearchonline.com/funds/43657/
DSP BSE Sensex Next 30 ETF,equity,equity,Direct,9.97,,,BSE 100 TRI*,INF740KA1VB1,153219,-0.35,,,,,,,,,30,44.54,25.24,59.42,,18.21,3.18,,,,,,,,,,25,https://www.valueresearchonline.com/funds/44874/
DSP BSE Sensex Next 30 Index Dir,equity,equity,Direct,9.69,,,BSE 100 TRI*,INF740KA1VB1,153219,-0.35,,,,,,,,,30,44.53,25.23,59.41,,18.24,3.26,,,,,,,,,,25,https://www.valueresearchonline.com/funds/44872/
DSP Large Cap Dir,equity,equity,Direct,-1.82,11.45,9.35,BSE 100 TRI*,INF740K01PR3,119250,-0.35,9.89,9.14,1.91,0.88,0.51,0.7,13.03,12.39,43,56.98,35.79,60.67,,20.45,2.95,8,4,2,0,4,4,18,Moderately High Risk,Good,25,https://www.valueresearchonline.com/funds/16456/
DSP NIFTY 50 Equal Weight ETF,equity,equity,Direct,3.73,12.86,,BSE 100 TRI*,INF740KA1CR7,141877,-0.35,9.89,,3.26,0.98,0.59,0.73,14.52,14.29,50,22.27,11.41,52.6,,18.99,3.29,10,3,2,0,3,,18,Moderately High Risk,Average,25,https://www.valueresearchonline.com/funds/41801/
DSP Nifty 50 ETF,equity,equity,Direct,-2.35,8.16,,BSE 100 TRI*,INF740K01ZW2,124175,-0.35,9.89,,-1.31,0.95,0.28,0.36,13.59,9.51,50,52.65,36.73,62.99,,19.89,2.97,4,4,2,0,4,,14,Moderately High Risk,Average,25,https://www.valueresearchonline.com/funds/41895/
DSP Nifty 50 Equal Weight Index Dir,equity,equity,Direct,3.55,12.65,11.89,BSE 100 TRI*,INF740KA1CR7,141877,-0.35,9.89,9.14,3.08,0.98,0.58,0.72,14.51,14.1,50,22.28,11.41,52.63,,20.66,3.16,10,3,2,0,3,5,18,Moderately High Risk,Excellent,25,https://www.valueresearchonline.com/funds/34695/
DSP Nifty 50 Index Dir,equity,equity,Direct,-2.46,8,7.67,BSE 100 TRI*,INF740KA1MM7,146376,-0.35,9.89,9.14,-1.47,0.95,0.27,0.35,13.59,9.35,50,52.68,36.76,63.06,,20.66,3.16,4,4,2,0,4,2,14,Moderately High Risk,Poor,25,https://www.valueresearchonline.com/funds/39135/
DSP Nifty Next 50 ETF,equity,equity,Direct,,,,BSE 100 TRI*,INF740K01ZW2,124175,,,,,,,,,,50,32.75,18.53,52.56,,20.17,3.33,,,,,,,,,,25,https://www.valueresearchonline.com/funds/45716/
DSP Nifty Next 50 Index Dir,equity,equity,Direct,9.15,17.76,11.96,BSE 100 TRI*,INF740KA1MG9,146381,-0.35,9.89,9.14,6.76,1.29,0.69,0.89,20.02,19.42,50,33.68,19.06,54.06,,20.28,3.37,12,0,4,0,2,4,18,Moderately High Risk,Good,25,https://www.valueresearchonline.com/funds/39165/
DSP Nifty Top 10 Equal Wght ETF,equity,equity,Direct,-6.49,,,BSE 100 TRI*,INF740K01NF3,119099,-0.35,,,,,,,,,10,99.6,52.69,80.55,,19.18,3.01,,,,,,,,,,10,https://www.valueresearchonline.com/funds/44494/
DSP Nifty Top 10 Equal Wght Index Dir,equity,equity,Direct,-6.64,,,BSE 100 TRI*,INF740KA1UQ1,152814,-0.35,,,,,,,,,10,101.07,53.47,81.74,,20.35,2.89,,,,,,,,,,10,https://www.valueresearchonline.com/funds/44493/
Edelweiss BSE Sensex ETF,equity,equity,Direct,,,,BSE 100 TRI*,INF843K01FC8,140286,,,,,,,,,,30,63.45,44.28,70.28,,21.25,3.05,,,,,,,,,,25,https://www.valueresearchonline.com/funds/45582/
Edelweiss Large Cap Dir,equity,equity,Direct,2.44,11.3,10.44,BSE 100 TRI*,INF843K01FC8,140286,-0.35,9.89,9.14,1.48,0.96,0.48,0.58,13.87,12.38,72,42.86,28.36,54.3,,24.94,3.6,6,3,2,0,4,3,15,Moderately High Risk,Average,25,https://www.valueresearchonline.com/funds/17352/
Edelweiss Nifty 100 Quality 30 Index Dir,equity,equity,Direct,-0.19,9.79,,BSE 500 TRI*,INF754K01NJ6,149254,2.44,11.32,,-0.37,0.91,0.39,0.49,15.39,11.62,30,46.46,24.71,62.28,,24.78,6.48,4,4,2,0,3,,13,Moderately High Risk,Average,25,https://www.valueresearchonline.com/funds/41778/
Edelweiss Nifty 50 ETF,equity,equity,Direct,,,,BSE 100 TRI*,INF843K01FC8,140286,,,,,,,,,,50,52.65,36.73,62.99,,19.89,2.97,,,,,,,,,,25,https://www.valueresearchonline.com/funds/45581/
Edelweiss Nifty 50 Index Dir,equity,equity,Direct,-2.41,7.99,,BSE 100 TRI*,INF754K01NB3,149250,-0.35,9.89,,-1.46,0.94,0.27,0.35,13.56,9.35,50,52.52,36.72,62.79,,20.66,3.16,4,4,2,0,4,2,14,Moderately High Risk,Poor,25,https://www.valueresearchonline.com/funds/41775/
Edelweiss Nifty Next 50 Index Dir,equity,equity,Direct,9.23,17.82,,BSE 100 TRI*,INF754K01QL5,150899,-0.35,9.89,,6.82,1.28,0.69,0.89,19.97,19.47,50,32.68,18.49,52.45,,20.28,3.37,12,0,4,0,2,5,18,Moderately High Risk,Excellent,25,https://www.valueresearchonline.com/funds/42804/
Franklin India Large Cap Dir,equity,equity,Direct,0.35,10.75,8.64,BSE 100 TRI*,INF090I01FN7,118531,-0.35,9.89,9.14,1.47,0.91,0.48,0.63,13.21,12.07,40,52.09,31.57,62.95,,26.38,3.69,6,4,2,0,4,3,16,Moderately High Risk,Average,25,https://www.valueresearchonline.com/funds/15982/
Franklin India NSE Nifty 50 Index Dir,equity,equity,Direct,-2.52,7.94,7.6,BSE 100 TRI*,INF090I01GS4,118581,-0.35,9.89,9.14,-1.52,0.94,0.27,0.34,13.54,9.29,50,52.57,36.68,62.92,,20.66,3.16,4,4,2,0,4,2,14,Moderately High Risk,Poor,25,https://www.valueresearchonline.com/funds/15996/
Groww Large Cap Dir,equity,equity,Direct,1.42,11.52,9.77,BSE 100 TRI*,INF0QA701607,152162,-0.35,9.89,9.14,1.88,0.98,0.5,0.6,14.4,12.9,42,49.65,33.42,66.88,,25.65,3.62,8,3,2,0,3,3,16,Moderately High Risk,Average,25,https://www.valueresearchonline.com/funds/15579/
Groww Nifty 50 ETF,equity,equity,Direct,-2.52,,,BSE 100 TRI*,INF666M01EK5,145589,-0.35,,,,,,,,,50,52.62,36.72,62.96,,19.88,2.97,,,,,,,,,,25,https://www.valueresearchonline.com/funds/45330/
Groww Nifty 50 Index Dir,equity,equity,Direct,-2.83,,,BSE 100 TRI*,INF666M01KT3,153704,-0.35,,,,,,,,,50,52.69,36.77,63.04,,20.66,3.16,,,,,,,,,,25,https://www.valueresearchonline.com/funds/45328/
Groww Nifty Next 50 ETF,equity,equity,Direct,9.05,,,BSE 100 TRI*,INF666M01EK5,145589,-0.35,,,,,,,,,50,32.75,18.54,52.56,,20.14,3.33,,,,,,,,,,25,https://www.valueresearchonline.com/funds/45428/
Groww Nifty Next 50 Index Dir,equity,equity,Direct,8.97,,,BSE 100 TRI*,INF666M01LT1,153786,-0.35,,,,,,,,,50,32.71,18.51,52.51,,20.28,3.37,,,,,,,,,,25,https://www.valueresearchonline.com/funds/45431/
HDFC BSE Sensex ETF,equity,equity,Direct,-4.26,6.4,6.89,BSE 100 TRI*,INF179KA1IZ7,128629,-0.35,9.89,9.14,-3.03,0.93,0.15,0.2,13.52,7.72,30,63.48,44.3,70.33,,21.25,3.05,2,4,2,0,4,,12,High Risk,Poor,25,https://www.valueresearchonline.com/funds/31377/
HDFC BSE Sensex Index Dir,equity,equity,Direct,-4.46,6.2,6.67,BSE 100 TRI*,INF767K01FJ4,120308,-0.35,9.89,9.14,-3.23,0.93,0.14,0.18,13.52,7.53,30,63.48,44.3,70.33,,22.76,3.32,2,4,2,0,4,1,12,High Risk,Poor,25,https://www.valueresearchonline.com/funds/16071/
HDFC Large Cap Dir,equity,equity,Direct,0.67,10.38,11.69,BSE 100 TRI*,INF179K01YV8,119018,-0.35,9.89,9.14,0.94,0.95,0.44,0.53,13.8,11.77,45,51.48,33.2,62.55,,23.72,3.42,6,4,2,0,4,4,16,Moderately High Risk,Good,25,https://www.valueresearchonline.com/funds/16164/
HDFC NIFTY 100 ETF,equity,equity,Direct,-0.59,9.53,,BSE 100 TRI*,INF179KA1IZ7,128629,-0.35,9.89,,-0.21,1.01,0.36,0.46,14.41,10.93,100,42.96,29.97,58.73,,19.92,3.03,4,3,2,0,3,,12,High Risk,Poor,25,https://www.valueresearchonline.com/funds/42416/
HDFC NIFTY 100 Equal Wght Index Dir,equity,equity,Direct,6.25,14.96,,BSE 100 TRI*,INF179KC1CA1,149870,-0.35,9.89,,4.57,1.13,0.64,0.82,16.82,16.39,100,11.61,6,49.73,,20.55,3.22,10,2,4,0,3,4,19,Moderately High Risk,Good,25,https://www.valueresearchonline.com/funds/42093/
HDFC NIFTY 100 Index Dir,equity,equity,Direct,-0.61,9.46,,BSE 100 TRI*,INF179KC1BY3,149868,-0.35,9.89,,-0.28,1,0.36,0.45,14.37,10.86,100,42.94,29.96,58.7,,20.55,3.22,4,3,2,0,3,3,12,High Risk,Average,25,https://www.valueresearchonline.com/funds/42091/
HDFC NIFTY 50 ETF,equity,equity,Direct,-2.38,8.14,7.85,BSE 100 TRI*,INF179KA1IZ7,128629,-0.35,9.89,9.14,-1.33,0.95,0.28,0.36,13.6,9.49,50,52.71,36.79,63.07,,19.89,2.97,4,4,2,0,4,,14,Moderately High Risk,Average,25,https://www.valueresearchonline.com/funds/31376/
HDFC NIFTY 50 Index Dir,equity,equity,Direct,-2.59,7.92,7.62,BSE 100 TRI*,INF179KC1BY3,149868,-0.35,9.89,9.14,-1.54,0.95,0.26,0.34,13.59,9.28,50,52.7,36.78,63.06,,20.66,3.16,4,4,2,0,4,2,14,Moderately High Risk,Poor,25,https://www.valueresearchonline.com/funds/16069/
HDFC NIFTY Next 50 ETF,equity,equity,Direct,9.25,17.95,,BSE 100 TRI*,INF179KA1IZ7,128629,-0.35,9.89,,6.92,1.29,0.69,0.9,20.02,19.58,50,32.74,18.53,52.57,,20.16,3.33,12,0,4,0,2,,18,Moderately High Risk,Average,25,https://www.valueresearchonline.com/funds/42417/
HDFC NIFTY Next 50 Index Dir,equity,equity,Direct,9.06,17.57,,BSE 100 TRI*,INF179KC1BQ9,149288,-0.35,9.89,,6.59,1.29,0.68,0.87,20.03,19.25,50,32.75,18.53,52.57,,20.28,3.37,12,0,4,0,2,4,18,Moderately High Risk,Good,25,https://www.valueresearchonline.com/funds/41800/
HDFC NIFTY100 Low Volatility 30 ETF,equity,equity,Direct,-2.28,10.89,,BSE 500 TRI*,INF179K01VS0,119116,2.44,11.32,,0.68,0.86,0.46,0.59,14.37,12.29,30,36.92,18.86,53.85,,26.93,4.21,6,4,2,0,3,,15,Moderately High Risk,Average,25,https://www.valueresearchonline.com/funds/42568/
HDFC NIFTY100 Low Volatility 30 Index Dir,equity,equity,Direct,-2.44,,,BSE 500 TRI*,INF200KB1936,153718,2.44,,,,,,,,,30,36.94,18.87,53.91,,22.62,3.37,,,,,,,,,,25,https://www.valueresearchonline.com/funds/44405/
HDFC NIFTY100 Quality 30 ETF,equity,equity,Direct,-0.18,9.82,,BSE 500 TRI*,INF179KC1BG0,148986,2.44,11.32,,-0.34,0.91,0.39,0.49,15.39,11.65,30,47.08,25.04,63.1,,26.87,6.45,4,4,2,0,3,,13,Moderately High Risk,Average,25,https://www.valueresearchonline.com/funds/42536/
HDFC NIFTY50 Equal Weight Index Dir,equity,equity,Direct,3.43,12.61,11.83,BSE 100 TRI*,INF179KC1BM8,149107,-0.35,9.89,9.14,3.04,0.98,0.58,0.71,14.52,14.06,50,22.32,11.44,52.74,,20.66,3.16,10,3,2,0,3,4,18,Moderately High Risk,Good,25,https://www.valueresearchonline.com/funds/41636/
HDFC Nifty Top 20 Equal Weight Index Dir,equity,equity,Direct,-2.85,,,BSE 100 TRI*,INF740KA1UQ1,152814,-0.35,,,,,,,,,20,53.39,27.71,71.42,,21.13,3.12,,,,,,,,,,20,https://www.valueresearchonline.com/funds/45043/
HDFC Nifty100 Quality 30 Index Dir,equity,equity,Direct,-0.32,,,BSE 500 TRI*,INF200KB1811,153555,2.44,,,,,,,,,30,47.03,25.02,63.05,,24.78,6.48,,,,,,,,,,25,https://www.valueresearchonline.com/funds/44915/
HSBC Large Cap Dir,equity,equity,Direct,2.13,10.86,9.38,BSE 100 TRI*,INF336L01CM7,120030,-0.35,9.89,9.14,1.49,0.95,0.47,0.54,14.07,12.33,37,54.05,34.81,68.24,,25.84,3.64,6,4,2,0,3,3,15,Moderately High Risk,Average,25,https://www.valueresearchonline.com/funds/16289/
HSBC Nifty 50 Index Dir,equity,equity,Direct,-2.53,7.96,7.66,BSE 100 TRI*,INF917K01D12,151157,-0.35,9.89,9.14,-1.5,0.94,0.27,0.35,13.58,9.31,50,52.87,36.9,63.24,,20.66,3.16,4,4,2,0,4,2,14,Moderately High Risk,Poor,25,https://www.valueresearchonline.com/funds/40972/
HSBC Nifty Next 50 Index Dir,equity,equity,Direct,8.79,17.46,11.61,BSE 100 TRI*,INF917K01D79,151160,-0.35,9.89,9.14,6.51,1.28,0.68,0.87,19.92,19.15,50,32.75,18.53,52.57,,20.28,3.37,12,0,4,0,2,4,18,Moderately High Risk,Good,25,https://www.valueresearchonline.com/funds/40976/
ICICI Pru BSE Sensex ETF,equity,equity,Direct,-4.24,6.44,6.91,BSE 100 TRI*,INF109K010A6,120256,-0.35,9.89,9.14,-3,0.93,0.15,0.2,13.52,7.76,30,63.49,44.3,70.35,,21.25,3.05,2,4,2,0,4,,12,High Risk,Poor,25,https://www.valueresearchonline.com/funds/1512/
ICICI Pru BSE Sensex Index Dir,equity,equity,Direct,-4.43,6.22,6.66,BSE 100 TRI*,INF955L01JF3,154679,-0.35,9.89,9.14,-3.2,0.93,0.14,0.18,13.51,7.55,30,63.48,44.3,70.34,,22.76,3.32,2,4,2,0,4,1,12,High Risk,Poor,25,https://www.valueresearchonline.com/funds/34649/
ICICI Pru Bharat 22 FOF Dir,equity,equity,Direct,6.39,16.28,21.89,BSE 500 TRI*,INF955L01JF3,154679,2.44,11.32,10.45,4.88,1.03,0.64,1.06,18.65,17.7,,,,,,,,10,3,4,2,2,,21,Moderate Risk,Average,1,https://www.valueresearchonline.com/funds/36693/
ICICI Pru Large Cap Dir,equity,equity,Direct,-1.44,11.83,11.75,BSE 100 TRI*,INF109K011O5,120596,-0.35,9.89,9.14,2.3,0.91,0.55,0.69,13.26,12.93,88,46.94,31.71,54.14,,21.46,3.17,8,4,2,0,4,5,18,Moderately High Risk,Excellent,25,https://www.valueresearchonline.com/funds/15841/
ICICI Pru Nifty 100 ETF,equity,equity,Direct,-0.78,9.34,7.97,BSE 100 TRI*,INF109K010A6,120256,-0.35,9.89,9.14,-0.39,1.01,0.35,0.44,14.4,10.75,100,42.94,29.96,58.7,,19.93,3.03,4,3,2,0,3,,12,High Risk,Poor,25,https://www.valueresearchonline.com/funds/20933/
ICICI Pru Nifty 100 Low Volatility 30 ETF,equity,equity,Direct,-2.35,10.79,9.24,BSE 500 TRI*,INF109KC1P81,148822,2.44,11.32,10.45,0.58,0.86,0.45,0.58,14.37,12.2,30,36.94,18.88,53.9,,26.93,4.21,6,4,2,0,3,,15,Moderately High Risk,Average,25,https://www.valueresearchonline.com/funds/34396/
ICICI Pru Nifty 100 Low Volatility 30 ETF FOF Dir,equity,equity,Direct,-2.61,10.49,8.98,BSE 500 TRI*,INF109KC1P81,148822,2.44,11.32,10.45,0.31,0.82,0.43,0.56,13.93,11.66,,,,,,,,6,5,2,0,4,,17,Moderately High Risk,Average,1,https://www.valueresearchonline.com/funds/41399/
ICICI Pru Nifty 50 ETF,equity,equity,Direct,-2.35,8.18,7.88,BSE 100 TRI*,INF109K010A6,120256,-0.35,9.89,9.14,-1.3,0.95,0.28,0.37,13.6,9.52,50,52.72,36.79,63.08,,19.88,2.97,4,4,2,0,4,,14,Moderately High Risk,Average,25,https://www.valueresearchonline.com/funds/18653/
ICICI Pru Nifty 50 Index Dir,equity,equity,Direct,-2.54,7.93,7.63,BSE 100 TRI*,INF109KC16Y3,153161,-0.35,9.89,9.14,-1.53,0.94,0.26,0.34,13.58,9.29,50,52.71,36.78,63.07,,20.66,3.16,4,4,2,0,4,2,14,Moderately High Risk,Poor,25,https://www.valueresearchonline.com/funds/15959/
ICICI Pru Nifty Next 50 ETF,equity,equity,Direct,9.33,18.07,12.17,BSE 100 TRI*,INF109K01Y80,120684,-0.35,9.89,9.14,7.02,1.29,0.7,0.91,20.03,19.69,50,32.76,18.54,52.58,,20.15,3.33,12,0,4,0,2,,18,Moderately High Risk,Average,25,https://www.valueresearchonline.com/funds/37322/
ICICI Pru Nifty Next 50 Index Dir,equity,equity,Direct,8.95,17.61,11.79,BSE 100 TRI*,INF109K01Y80,120684,-0.35,9.89,9.14,6.62,1.29,0.68,0.88,20.03,19.29,50,32.8,18.56,52.65,,20.28,3.37,12,0,4,0,2,4,18,Moderately High Risk,Good,25,https://www.valueresearchonline.com/funds/15856/
ICICI Pru Nifty Top 15 Equal Weight ETF,equity,equity,Direct,-4.83,,,BSE 100 TRI*,INF109K1A310,153614,-0.35,,,,,,,,,15,68.96,36.01,74.32,,20.3,3.24,,,,,,,,,,15,https://www.valueresearchonline.com/funds/45235/
ICICI Pru Nifty Top 15 Equal Weight Index Dir,equity,equity,Direct,-4.79,,,BSE 100 TRI*,INF109K1A310,153614,-0.35,,,,,,,,,15,68.94,35.99,74.31,,20.24,2.95,,,,,,,,,,15,https://www.valueresearchonline.com/funds/45238/
ICICI Pru Nifty50 Equal Weight Index Dir,equity,equity,Direct,3.46,12.55,,BSE 100 TRI*,INF109KC10J7,150639,-0.35,9.89,,2.98,0.98,0.57,0.71,14.5,14.01,50,22.3,11.43,52.71,,20.66,3.16,8,3,2,0,3,4,16,Moderately High Risk,Good,25,https://www.valueresearchonline.com/funds/42548/
ITI Large Cap Dir,equity,equity,Direct,3.13,11.36,9.6,BSE 100 TRI*,INF00XX01804,148353,-0.35,9.89,9.14,0.88,1.05,0.42,0.55,15.63,12.28,44,47.36,28.35,62.09,,23.48,3.15,6,3,2,0,3,3,14,Moderately High Risk,Average,25,https://www.valueresearchonline.com/funds/41210/
Invesco India Largecap Dir,equity,equity,Direct,6.26,14.89,12.09,BSE 100 TRI*,INF205K01LB0,120392,-0.35,9.89,9.14,4.87,1.05,0.68,0.85,15.58,16.28,55,42.56,25.34,66.89,,29.2,4.33,10,3,4,0,3,5,20,Moderate Risk,Excellent,25,https://www.valueresearchonline.com/funds/16712/
Invesco India Nifty 50 ETF,equity,equity,Direct,-2.41,8.09,7.8,BSE 100 TRI*,INF205K01KT4,120444,-0.35,9.89,9.14,-1.38,0.95,0.28,0.36,13.6,9.44,50,52.65,36.73,62.99,,19.89,2.97,4,4,2,0,4,,14,Moderately High Risk,Average,25,https://www.valueresearchonline.com/funds/12761/
JM Large Cap Dir,equity,equity,Direct,2.92,11.86,11.14,BSE 100 TRI*,INF192K01BZ0,120490,-0.35,9.89,9.14,2.2,1.02,0.51,0.65,15.19,13.4,51,37.02,22.57,58.34,,28.16,3.96,8,3,2,0,3,4,16,Moderately High Risk,Good,25,https://www.valueresearchonline.com/funds/16541/
JioBlackRock Large Cap Dir,equity,equity,Direct,,,,BSE 100 TRI*,INF22M001176,154307,,,,,,,,,,70,45.57,31.67,59.84,,18.45,2.61,,,,,,,,,,25,https://www.valueresearchonline.com/funds/45936/
JioBlackRock Nifty 50 Index Dir,equity,equity,Direct,-2.47,,,BSE 100 TRI*,INF22M001044,153787,-0.35,,,,,,,,,50,52.72,36.79,63.08,,20.66,3.16,,,,,,,,,,25,https://www.valueresearchonline.com/funds/45423/
JioBlackRock Nifty Next 50 Index Dir,equity,equity,Direct,9.24,,,BSE 100 TRI*,INF22M001085,153789,-0.35,,,,,,,,,50,32.77,18.54,52.6,,20.28,3.37,,,,,,,,,,25,https://www.valueresearchonline.com/funds/45425/
Kotak BSE Sensex ETF,equity,equity,Direct,-4.37,6.25,6.68,BSE 100 TRI*,INF174K01KH7,123693,-0.35,9.89,9.14,-3.17,0.93,0.14,0.19,13.52,7.58,30,63.45,44.28,70.28,,21.25,3.05,2,4,2,0,4,,12,High Risk,Poor,25,https://www.valueresearchonline.com/funds/7780/
Kotak BSE Sensex Index Dir,equity,equity,Direct,-4.51,,,BSE 100 TRI*,INF174KA1UV6,153286,-0.35,,,,,,,,,30,63.47,44.29,70.32,,22.76,3.32,,,,,,,,,,25,https://www.valueresearchonline.com/funds/44908/
Kotak Large Cap Dir,equity,equity,Direct,0.69,11.17,9.77,BSE 100 TRI*,INF174K01KW6,120152,-0.35,9.89,9.14,1.41,0.98,0.48,0.58,14.11,12.41,62,44.89,28.86,54.79,,23.19,3.21,6,3,2,0,3,3,14,Moderately High Risk,Average,25,https://www.valueresearchonline.com/funds/16337/
Kotak Nifty 100 Equal Weight ETF,equity,equity,Direct,6.55,,,BSE 100 TRI*,INF174KA1TY2,153146,-0.35,,,,,,,,,100,11.61,6,49.75,,19.03,3.2,,,,,,,,,,25,https://www.valueresearchonline.com/funds/44953/
Kotak Nifty 100 Equal Weight Index Dir,equity,equity,Direct,6.44,,,BSE 100 TRI*,INF174KA1TY2,153146,-0.35,,,,,,,,,100,11.61,6,49.76,,20.55,3.22,,,,,,,,,,25,https://www.valueresearchonline.com/funds/44796/
Kotak Nifty 100 Low Volatility 30 ETF,equity,equity,Direct,-1.97,11.16,,BSE 500 TRI*,INF174KA1RZ3,152663,2.44,11.32,,0.93,0.86,0.48,0.6,14.37,12.54,30,36.92,18.86,53.86,,26.93,4.21,6,4,2,0,3,,15,Moderately High Risk,Average,25,https://www.valueresearchonline.com/funds/42184/
Kotak Nifty 100 Low Volatility 30 Index Dir,equity,equity,Direct,-2.29,,,BSE 500 TRI*,INF174KA1RZ3,152663,2.44,,,,,,,,,30,36.92,18.86,53.87,,22.62,3.37,,,,,,,,,,25,https://www.valueresearchonline.com/funds/44351/
Kotak Nifty 50 ETF,equity,equity,Direct,-2.33,8.18,7.82,BSE 100 TRI*,INF174K01KH7,123693,-0.35,9.89,9.14,-1.3,0.95,0.28,0.37,13.6,9.52,50,52.69,36.77,63.04,,19.89,2.97,4,4,2,0,4,,14,Moderately High Risk,Average,25,https://www.valueresearchonline.com/funds/10843/
Kotak Nifty 50 Equal Weight Index Dir,equity,equity,Direct,3.47,,,BSE 100 TRI*,INF174KA1UE2,153150,-0.35,,,,,,,,,50,22.28,11.41,52.63,,20.66,3.16,,,,,,,,,,25,https://www.valueresearchonline.com/funds/44800/
Kotak Nifty 50 Index Dir,equity,equity,Direct,-2.42,7.92,7.61,BSE 100 TRI*,INF174KA1SR8,152767,-0.35,9.89,9.14,-1.54,0.95,0.26,0.34,13.59,9.28,50,52.7,36.78,63.06,,20.66,3.16,4,4,2,0,4,2,14,Moderately High Risk,Poor,25,https://www.valueresearchonline.com/funds/41517/
Kotak Nifty Next 50 ETF,equity,equity,Direct,,,,BSE 100 TRI*,INF174K01KH7,123693,,,,,,,,,,50,32.74,18.53,52.56,,20.16,3.33,,,,,,,,,,25,https://www.valueresearchonline.com/funds/45721/
Kotak Nifty Next 50 Index Dir,equity,equity,Direct,9.26,17.87,12.11,BSE 100 TRI*,INF174KA1GA9,148745,-0.35,9.89,9.14,6.85,1.28,0.69,0.89,19.95,19.5,50,32.75,18.53,52.57,,20.28,3.37,12,0,4,0,2,5,18,Moderately High Risk,Excellent,25,https://www.valueresearchonline.com/funds/41327/
Kotak Nifty Top 10 Equal Weight Index Dir,equity,equity,Direct,-6.65,,,BSE 100 TRI*,INF174KA1WD0,153461,-0.35,,,,,,,,,10,99.63,52.71,80.57,,20.35,2.89,,,,,,,,,,10,https://www.valueresearchonline.com/funds/45101/
LIC MF BSE Sensex ETF,equity,equity,Direct,-4.32,6.35,6.81,BSE 100 TRI*,INF767K01GI4,120338,-0.35,9.89,9.14,-3.08,0.93,0.15,0.19,13.51,7.67,30,63.34,44.18,70.19,,21.25,3.05,2,4,2,0,4,,12,High Risk,Poor,25,https://www.valueresearchonline.com/funds/31256/
LIC MF BSE Sensex Index Dir,equity,equity,Direct,-4.81,5.94,6.47,BSE 100 TRI*,INF767K01FJ4,120308,-0.35,9.89,9.14,-3.46,0.93,0.12,0.16,13.46,7.28,30,63.23,44.09,70.02,,22.76,3.32,2,4,2,0,4,1,12,High Risk,Poor,25,https://www.valueresearchonline.com/funds/16798/
LIC MF Large Cap Dir,equity,equity,Direct,-2.61,8.75,7.13,BSE 100 TRI*,INF767K01EJ7,120267,-0.35,9.89,9.14,-0.81,1.02,0.32,0.39,14.88,10.45,44,44.86,29.62,66.25,,19.17,3.85,4,3,2,0,3,2,12,High Risk,Poor,25,https://www.valueresearchonline.com/funds/16781/
LIC MF Nifty 100 ETF,equity,equity,Direct,-0.55,9.57,8.2,BSE 100 TRI*,INF767K01GI4,120338,-0.35,9.89,9.14,-0.2,1,0.36,0.46,14.38,10.94,100,42.97,29.99,58.67,,19.92,3.03,4,3,2,0,3,,12,High Risk,Poor,25,https://www.valueresearchonline.com/funds/32018/
LIC MF Nifty 50 ETF,equity,equity,Direct,-2.43,8.1,7.8,BSE 100 TRI*,INF767K01GI4,120338,-0.35,9.89,9.14,-1.39,0.95,0.28,0.36,13.58,9.43,50,52.63,36.74,62.94,,19.88,2.97,4,4,2,0,4,,14,Moderately High Risk,Average,25,https://www.valueresearchonline.com/funds/31217/
LIC MF Nifty 50 Index Dir,equity,equity,Direct,-2.95,7.78,7.51,BSE 100 TRI*,INF767K01FF2,120307,-0.35,9.89,9.14,-1.69,0.95,0.25,0.33,13.58,9.13,50,52.66,36.79,62.96,,20.66,3.16,4,4,2,0,4,2,14,Moderately High Risk,Poor,25,https://www.valueresearchonline.com/funds/16763/
LIC MF Nifty Next 50 Index Dir,equity,equity,Direct,9.47,17.85,12.01,BSE 100 TRI*,INF397L01AW2,151937,-0.35,9.89,9.14,6.84,1.28,0.69,0.89,19.94,19.48,50,32.8,18.55,52.61,,20.28,3.37,12,0,4,0,2,4,18,Moderately High Risk,Good,25,https://www.valueresearchonline.com/funds/16528/
Mahindra Manulife Large Cap Dir,equity,equity,Direct,-2.12,9.69,9.28,BSE 100 TRI*,INF955L01JF3,154679,-0.35,9.89,9.14,0.35,0.96,0.4,0.52,13.96,11.24,46,45.87,31.31,64.65,,20.11,3.27,6,3,2,0,4,3,15,Moderately High Risk,Average,25,https://www.valueresearchonline.com/funds/39224/
Mirae Asset BSE Sensex ETF,equity,equity,Direct,-4.28,,,BSE 100 TRI*,INF769K01GK6,148529,-0.35,,,,,,,,,30,63.46,44.28,70.31,,21.25,3.05,,,,,,,,,,25,https://www.valueresearchonline.com/funds/43803/
Mirae Asset Diversified Equity Allocator Passive FoF Dir,equity,equity,Direct,2.11,10.92,9.9,BSE 100 TRI*,INF769K01GE9,148500,-0.35,9.89,9.14,0.85,1.03,0.43,0.54,14.9,12.15,,,,,,,,6,3,2,0,3,3,14,Moderately High Risk,Average,3,https://www.valueresearchonline.com/funds/41121/
Mirae Asset Large Cap Dir,equity,equity,Direct,0.21,9.41,8.35,BSE 100 TRI*,INF769K01AX2,118825,-0.35,9.89,9.14,-0.13,0.97,0.36,0.45,14.03,10.81,78,47.73,32.13,60.79,,23.24,3.27,4,3,2,0,3,3,12,High Risk,Average,25,https://www.valueresearchonline.com/funds/16575/
Mirae Asset Nifty 100 Low Volatility 30 ETF,equity,equity,Direct,-2.34,10.91,,BSE 500 TRI*,INF769K01CM1,118859,2.44,11.32,,0.7,0.86,0.46,0.59,14.37,12.31,30,36.93,18.87,53.88,,26.93,4.21,6,4,2,0,3,,15,Moderately High Risk,Average,25,https://www.valueresearchonline.com/funds/43284/
Mirae Asset Nifty 50 ETF,equity,equity,Direct,-2.37,8.15,7.85,BSE 100 TRI*,INF769K01FY9,148419,-0.35,9.89,9.14,-1.33,0.95,0.28,0.36,13.6,9.5,50,52.72,36.79,63.07,,19.88,2.97,4,4,2,0,4,,14,Moderately High Risk,Average,25,https://www.valueresearchonline.com/funds/38323/
Mirae Asset Nifty 50 Index Dir,equity,equity,Direct,-2.54,,,BSE 100 TRI*,INF769K01MQ1,152972,-0.35,,,,,,,,,50,52.74,36.8,63.1,,20.66,3.16,,,,,,,,,,25,https://www.valueresearchonline.com/funds/44620/
Mirae Asset Nifty Next 50 ETF,equity,equity,Direct,9.45,18.09,12.15,BSE 100 TRI*,INF579M01AN2,151165,-0.35,9.89,9.14,7.04,1.29,0.7,0.9,20.02,19.7,50,32.77,18.54,52.59,,20.15,3.33,12,0,4,0,2,,18,Moderately High Risk,Average,25,https://www.valueresearchonline.com/funds/40538/
Mirae Asset Nifty Top 20 Equal Wght ETF,equity,equity,Direct,,,,BSE 100 TRI*,INF179K01XW8,119131,,,,,,,,,,20,53.39,27.71,71.43,,22.34,3.51,,,,,,,,,,20,https://www.valueresearchonline.com/funds/45679/
Mirae Asset Nifty50 Equal Wght ETF,equity,equity,Direct,3.55,,,BSE 100 TRI*,INF769K01GX9,148623,-0.35,,,,,,,,,50,22.29,11.42,52.66,,18.99,3.29,,,,,,,,,,25,https://www.valueresearchonline.com/funds/45149/
Motilal Oswal Large Cap Dir,equity,equity,Direct,0.6,,,BSE 100 TRI*,INF247L01CE3,152354,-0.35,,,,,,,,,50,44.44,31.03,65.74,,20.15,2.9,,,,,,,,,,25,https://www.valueresearchonline.com/funds/44064/
Motilal Oswal Nifty 100 ETF,equity,equity,Direct,,,,BSE 100 TRI*,INF247L01247,124234,,,,,,,,,,100,42.98,29.99,58.73,,19.92,3.03,,,,,,,,,,25,https://www.valueresearchonline.com/funds/45555/
Motilal Oswal Nifty 50 ETF,equity,equity,Direct,-2.36,8.15,7.87,BSE 100 TRI*,INF247L01AE7,147794,-0.35,9.89,9.14,-1.33,0.95,0.28,0.36,13.6,9.5,50,52.69,36.77,63.03,,19.89,2.97,4,4,2,0,4,,14,Moderately High Risk,Average,25,https://www.valueresearchonline.com/funds/11348/
Motilal Oswal Nifty 50 Equal Weight ETF,equity,equity,Direct,3.74,,,BSE 100 TRI*,INF846K017C5,149243,-0.35,,,,,,,,,50,22.27,11.41,52.62,,18.99,3.29,,,,,,,,,,25,https://www.valueresearchonline.com/funds/45170/
Motilal Oswal Nifty 50 Index Dir,equity,equity,Direct,-2.44,8.03,7.71,BSE 100 TRI*,INF247L01AE7,147794,-0.35,9.89,9.14,-1.44,0.95,0.27,0.35,13.6,9.39,50,52.7,36.78,63.06,,20.66,3.16,4,4,2,0,4,3,14,Moderately High Risk,Average,25,https://www.valueresearchonline.com/funds/40471/
Motilal Oswal Nifty Next 50 ETF,equity,equity,Direct,9.16,,,BSE 100 TRI*,INF247L01AC1,147796,-0.35,,,,,,,,,50,32.74,18.53,52.55,,20.16,3.33,,,,,,,,,,25,https://www.valueresearchonline.com/funds/45175/
Motilal Oswal Nifty Next 50 Index Dir,equity,equity,Direct,9.1,17.8,11.94,BSE 100 TRI*,INF247L01AC1,147796,-0.35,9.89,9.14,6.8,1.28,0.69,0.89,20,19.46,50,32.76,18.53,52.58,,20.28,3.37,12,0,4,0,2,4,18,Moderately High Risk,Good,25,https://www.valueresearchonline.com/funds/40469/
Navi BSE Sensex Index Dir,equity,equity,Direct,-4.42,,,BSE 100 TRI*,INF959L01HK9,152062,-0.35,,,,,,,,,30,63.23,44.12,70.07,,22.76,3.32,,,,,,,,,,25,https://www.valueresearchonline.com/funds/43745/
Navi Nifty 50 Index Dir,equity,equity,Direct,-2.45,8.02,7.7,BSE 100 TRI*,INF959L01FP2,149039,-0.35,9.89,9.14,-1.45,0.95,0.27,0.35,13.59,9.37,50,52.69,36.77,63.04,,20.66,3.16,4,4,2,0,4,2,14,Moderately High Risk,Poor,25,https://www.valueresearchonline.com/funds/41574/
Navi Nifty Next 50 Index Dir,equity,equity,Direct,9.09,17.72,,BSE 100 TRI*,INF959L01FR8,149447,-0.35,9.89,,6.72,1.28,0.68,0.88,19.99,19.38,50,32.77,18.54,52.6,,20.28,3.37,12,0,4,0,2,4,18,Moderately High Risk,Good,25,https://www.valueresearchonline.com/funds/41937/
Nippon India BSE Sensex Next 30 ETF,equity,equity,Direct,9.91,,,BSE 100 TRI*,INF204KC1FD7,153567,-0.35,,,,,,,,,30,44.47,25.2,59.33,,18.21,3.18,,,,,,,,,,25,https://www.valueresearchonline.com/funds/45190/
Nippon India BSE Sensex Next 30 Index Dir,equity,equity,Direct,9.66,,,BSE 100 TRI*,INF204KC1FD7,153567,-0.35,,,,,,,,,30,44.69,25.32,59.62,,18.24,3.26,,,,,,,,,,25,https://www.valueresearchonline.com/funds/45197/
Nippon India ETF BSE Sensex,equity,equity,Direct,-4.26,6.42,6.9,BSE 100 TRI*,INF204K01K80,118791,-0.35,9.89,9.14,-3.02,0.93,0.15,0.2,13.51,7.74,30,63.48,44.3,70.34,,21.25,3.05,2,4,2,0,4,,12,High Risk,Poor,25,https://www.valueresearchonline.com/funds/28136/
Nippon India ETF BSE Sensex Next 50,equity,equity,Direct,6.47,16.55,14.33,BSE 100 TRI*,INF090I01VZ8,148304,-0.35,9.89,9.14,5.44,1.2,0.67,0.86,17.82,17.66,50,28.66,16.27,55.13,,22.51,3.07,12,0,4,0,2,,18,Moderately High Risk,Average,25,https://www.valueresearchonline.com/funds/40191/
Nippon India ETF Nifty 100,equity,equity,Direct,-0.78,9.31,7.94,BSE 100 TRI*,INF090I01KR8,129008,-0.35,9.89,9.14,-0.42,1,0.35,0.44,14.39,10.72,100,42.91,29.94,58.66,,19.91,3.03,4,3,2,0,3,,12,High Risk,Poor,25,https://www.valueresearchonline.com/funds/18234/
Nippon India ETF Nifty 50 BeES,equity,equity,Direct,-2.36,8.16,7.87,BSE 100 TRI*,INF204KA1U53,134547,-0.35,9.89,9.14,-1.32,0.95,0.28,0.36,13.6,9.51,50,52.7,36.78,63.06,,19.89,2.97,4,4,2,0,4,,14,Moderately High Risk,Average,25,https://www.valueresearchonline.com/funds/1171/
Nippon India ETF Nifty 50 Shariah BeES,equity,equity,Direct,-9.44,1.1,0.08,BSE 500 TRI*,INF090I01VZ8,148304,2.44,11.32,10.45,-7.8,0.85,-0.11,-0.17,16.62,3.79,17,75.58,49.52,73.06,,16.37,3.82,0,5,0,0,3,,8,High Risk,Poor,17,https://www.valueresearchonline.com/funds/10218/
Nippon India ETF Nifty Next 50 Junior BeES,equity,equity,Direct,9.42,18.03,12.12,BSE 100 TRI*,INF204KB1X25,146513,-0.35,9.89,9.14,6.99,1.29,0.7,0.9,20.01,19.65,50,32.75,18.53,52.57,,20.16,3.33,12,0,4,0,2,,18,Moderately High Risk,Average,25,https://www.valueresearchonline.com/funds/1545/
Nippon India Index BSE Sensex Plan Dir,equity,equity,Direct,-4.43,6.2,6.7,BSE 100 TRI*,INF204K01K80,118791,-0.35,9.89,9.14,-3.22,0.93,0.14,0.18,13.5,7.53,30,63.47,44.29,70.32,,22.76,3.32,2,4,2,0,4,1,12,High Risk,Poor,25,https://www.valueresearchonline.com/funds/16859/
Nippon India Index-Nifty 50 Plan Dir,equity,equity,Direct,-2.43,8.02,7.68,BSE 100 TRI*,INF204K01H36,118741,-0.35,9.89,9.14,-1.45,0.94,0.27,0.35,13.58,9.37,50,52.71,36.79,63.07,,20.66,3.16,4,4,2,0,4,3,14,Moderately High Risk,Average,25,https://www.valueresearchonline.com/funds/16856/
Nippon India Large Cap Dir,equity,equity,Direct,-1.12,11.84,13.77,BSE 100 TRI*,INF204K01XI3,118632,-0.35,9.89,9.14,2.19,0.95,0.53,0.66,13.88,13.04,64,45.12,28.87,60.47,,24.26,3.61,8,4,2,0,4,5,18,Moderately High Risk,Excellent,25,https://www.valueresearchonline.com/funds/16192/
Nippon India Nifty Next 50 Junior BeES FoF Dir,equity,equity,Direct,9.53,17.93,12.03,BSE 100 TRI*,INF204KB1X25,146513,-0.35,9.89,9.14,6.67,1.27,0.68,0.89,19.79,19.23,,,,,,,,12,0,4,0,2,4,18,Moderately High Risk,Good,1,https://www.valueresearchonline.com/funds/39157/
PGIM India Large Cap Dir,equity,equity,Direct,-1.43,8.28,7.17,BSE 100 TRI*,INF663L01GR4,138312,-0.35,9.89,9.14,-1.09,0.97,0.3,0.38,14.07,9.86,57,45.61,30.47,61.93,,24.09,3.53,4,3,2,0,3,2,12,High Risk,Poor,25,https://www.valueresearchonline.com/funds/15574/
Parag Parikh Large Cap Dir,equity,equity,Direct,,,,BSE 100 TRI*,INF879O01332,154155,,,,,,,,,,106,42.79,29.86,58.56,,19.89,3.02,,,,,,,,,,25,https://www.valueresearchonline.com/funds/45775/
Quant Focused Dir,equity,equity,Direct,13.01,14.17,13.77,BSE 500 TRI*,INF966L01853,120834,2.44,11.32,10.45,2.06,1.16,0.53,0.75,19.12,15.79,15,73.31,46.45,57.42,,34.44,4.33,8,0,2,0,2,3,12,High Risk,Average,13,https://www.valueresearchonline.com/funds/17373/
Quant Large Cap Dir,equity,equity,Direct,9.25,14.01,,BSE 100 TRI*,INF966L01648,120826,-0.35,9.89,,3.78,1.12,0.56,0.81,17.64,15.56,19,68.68,40.95,64.56,,34.23,4.65,10,2,2,0,2,3,16,Moderately High Risk,Average,13,https://www.valueresearchonline.com/funds/42367/
Quantum Nifty 50 ETF,equity,equity,Direct,-2.42,8.09,7.82,BSE 100 TRI*,INF082J01416,150390,-0.35,9.89,9.14,-1.38,0.95,0.28,0.36,13.59,9.44,50,52.8,36.86,63.13,,19.88,2.97,4,4,2,0,4,,14,Moderately High Risk,Average,25,https://www.valueresearchonline.com/funds/7834/
Quantum Nifty 50 ETF FoF-Dir,equity,equity,Direct,-2.26,8.15,,BSE 100 TRI*,INF082J01416,150390,-0.35,9.89,,-1.51,0.93,0.26,0.34,13.39,9.24,,,,,,,,4,4,2,0,4,2,14,Moderately High Risk,Poor,1,https://www.valueresearchonline.com/funds/42346/
SBI BSE 100 ETF,equity,equity,Direct,-0.28,9.66,9.02,BSE 100 TRI*,INF200K01V08,125503,-0.35,9.89,9.14,-0.17,1,0.37,0.47,14.3,10.94,100,41.73,29.12,60.06,,20.39,3,4,3,2,0,3,,12,High Risk,Poor,25,https://www.valueresearchonline.com/funds/29714/
SBI BSE Sensex ETF,equity,equity,Direct,-4.26,6.4,6.87,BSE 100 TRI*,INF200K01V08,125503,-0.35,9.89,9.14,-3.03,0.93,0.15,0.2,13.52,7.72,30,63.48,44.3,70.33,,21.25,3.05,2,4,2,0,4,,12,High Risk,Poor,25,https://www.valueresearchonline.com/funds/18077/
SBI BSE Sensex Index Dir,equity,equity,Direct,-4.55,6.13,,BSE 100 TRI*,INF200KA16Y4,151769,-0.35,9.89,,-3.28,0.93,0.13,0.17,13.5,7.47,30,63.44,44.27,70.28,,22.76,3.32,2,4,2,0,4,1,12,High Risk,Poor,25,https://www.valueresearchonline.com/funds/43526/
SBI BSE Sensex Next 50 ETF,equity,equity,Direct,6.57,16.7,14.53,BSE 100 TRI*,INF200K01SK7,120137,-0.35,9.89,9.14,5.55,1.21,0.68,0.87,17.86,17.79,50,28.69,16.29,55.15,,22.52,3.07,12,0,4,0,2,,18,Moderately High Risk,Average,25,https://www.valueresearchonline.com/funds/37639/
SBI Large Cap Dir,equity,equity,Direct,1.46,9.95,9.66,BSE 100 TRI*,INF200K01QX4,119598,-0.35,9.89,9.14,0.46,0.93,0.4,0.51,13.6,11.2,51,47.56,31.04,59.95,,26.46,3.7,6,4,2,0,4,3,16,Moderately High Risk,Average,25,https://www.valueresearchonline.com/funds/16198/
SBI Nifty 50 ETF,equity,equity,Direct,-2.37,8.15,7.85,BSE 100 TRI*,INF200K01V08,125503,-0.35,9.89,9.14,-1.33,0.95,0.28,0.36,13.6,9.49,50,52.7,36.78,63.06,,19.89,2.97,4,4,2,0,4,,14,Moderately High Risk,Average,25,https://www.valueresearchonline.com/funds/30710/
SBI Nifty 50 Equal Weight ETF,equity,equity,Direct,3.61,,,BSE 100 TRI*,INF200K01SH3,119707,-0.35,,,,,,,,,50,22.28,11.41,52.62,,18.99,3.29,,,,,,,,,,25,https://www.valueresearchonline.com/funds/44433/
SBI Nifty Index Dir,equity,equity,Direct,-2.58,7.93,7.64,BSE 100 TRI*,INF200KB1563,153250,-0.35,9.89,9.14,-1.53,0.95,0.26,0.34,13.6,9.29,50,52.68,36.76,63.28,,20.66,3.16,4,4,2,0,4,2,14,Moderately High Risk,Poor,25,https://www.valueresearchonline.com/funds/16233/
SBI Nifty Next 50 ETF,equity,equity,Direct,9.46,18.1,12.16,BSE 100 TRI*,INF200K01SV4,119798,-0.35,9.89,9.14,7.04,1.29,0.7,0.9,20.03,19.71,50,32.75,18.53,52.57,,20.16,3.33,12,0,4,0,2,,18,Moderately High Risk,Average,25,https://www.valueresearchonline.com/funds/29715/
SBI Nifty Next 50 Index Dir,equity,equity,Direct,9.16,17.8,11.93,BSE 100 TRI*,INF200KA1W00,148945,-0.35,9.89,9.14,6.79,1.29,0.69,0.89,20.02,19.46,50,32.78,18.55,52.62,,20.28,3.37,12,0,4,0,2,4,18,Moderately High Risk,Good,25,https://www.valueresearchonline.com/funds/41492/
SBI Nifty100 Low Volatility 30 Index Dir,equity,equity,Direct,-2.42,,,BSE 500 TRI*,INF200KB1936,153718,2.44,,,,,,,,,30,36.89,18.86,53.82,,22.62,3.37,,,,,,,,,,25,https://www.valueresearchonline.com/funds/45361/
SBI Nifty50 Equal Weight Index Dir,equity,equity,Direct,3.42,,,BSE 100 TRI*,INF200KB1027,152370,-0.35,,,,,,,,,50,22.28,11.41,52.65,,20.66,3.16,,,,,,,,,,25,https://www.valueresearchonline.com/funds/44075/
Samco Large Cap Dir,equity,equity,Direct,-5.91,,,BSE 100 TRI*,INF0K1H01255,153239,-0.35,,,,,,,,,47,42.15,23.69,62.42,,20.15,4.12,,,,,,,,,,25,https://www.valueresearchonline.com/funds/45017/
Sundaram Large Cap Dir,equity,equity,Direct,0.21,8.48,8.23,BSE 100 TRI*,INF903J017I5,134363,-0.35,9.89,9.14,-0.52,0.87,0.33,0.42,12.64,9.88,38,50.37,31,70.84,,23.85,3.39,4,4,2,0,4,3,14,Moderately High Risk,Average,25,https://www.valueresearchonline.com/funds/41104/
Sundaram Nifty 100 Equal Weight Dir,equity,equity,Direct,6.5,14.87,11.51,BSE 100 TRI*,INF903J017I5,134363,-0.35,9.89,9.14,4.54,1.1,0.64,0.83,16.46,16.23,100,11.52,5.96,49.41,,20.55,3.22,10,2,4,0,3,4,19,Moderately High Risk,Good,25,https://www.valueresearchonline.com/funds/16608/
Tata BSE Sensex Index Dir,equity,equity,Direct,-4.53,6.1,6.56,BSE 100 TRI*,INF174KA1UV6,153286,-0.35,9.89,9.14,-3.32,0.93,0.13,0.17,13.5,7.42,30,63.46,44.28,70.31,,22.76,3.32,2,4,2,0,4,1,12,High Risk,Poor,25,https://www.valueresearchonline.com/funds/16955/
Tata Large Cap Dir,equity,equity,Direct,3.49,11.36,10.16,BSE 100 TRI*,INF277K01QZ7,119160,-0.35,9.89,9.14,1.5,1.01,0.48,0.59,14.63,12.65,44,43.69,29.32,61.73,,24,3.53,8,3,2,0,3,3,16,Moderately High Risk,Average,25,https://www.valueresearchonline.com/funds/16729/
Tata Nifty 50 ETF,equity,equity,Direct,-2.42,8.09,7.82,BSE 100 TRI*,INF277KA1224,149361,-0.35,9.89,9.14,-1.38,0.95,0.28,0.36,13.6,9.44,50,52.63,36.72,63,,19.89,2.97,4,4,2,0,4,,14,Moderately High Risk,Average,25,https://www.valueresearchonline.com/funds/38578/
Tata Nifty 50 Index Dir,equity,equity,Direct,-2.62,7.86,7.62,BSE 100 TRI*,INF277KA1EJ1,153858,-0.35,9.89,9.14,-1.6,0.95,0.26,0.34,13.6,9.23,50,52.69,36.77,63.08,,20.66,3.16,4,4,2,0,4,2,14,Moderately High Risk,Poor,25,https://www.valueresearchonline.com/funds/16954/
Tata Nifty Next 50 Index Dir,equity,equity,Direct,,,,BSE 100 TRI*,INF277KA1EJ1,153858,,,,,,,,,,50,32.74,18.53,52.53,,20.28,3.37,,,,,,,,,,25,https://www.valueresearchonline.com/funds/45494/
Taurus Large Cap Dir,equity,equity,Direct,9.16,13.69,10.6,BSE 100 TRI*,INF044D01BX3,118870,-0.35,9.89,9.14,3.82,0.98,0.61,0.86,15.02,14.81,40,53.38,33.29,60.28,,21.09,3.3,10,3,4,0,3,3,20,Moderate Risk,Average,25,https://www.valueresearchonline.com/funds/17027/
Taurus Nifty 50 Index Dir,equity,equity,Direct,-3.19,7.17,6.96,BSE 100 TRI*,INF044D01CQ5,118881,-0.35,9.89,9.14,-2.24,0.94,0.21,0.27,13.46,8.53,50,52.14,36.39,62.42,,20.66,3.16,2,4,2,0,4,2,12,High Risk,Poor,25,https://www.valueresearchonline.com/funds/17039/
UTI BSE Sensex ETF,equity,equity,Direct,-4.24,6.41,6.88,BSE 100 TRI*,INF789F015Z6,126940,-0.35,9.89,9.14,-3.02,0.93,0.15,0.2,13.52,7.73,30,63.48,44.3,70.34,,21.25,3.05,2,4,2,0,4,,12,High Risk,Poor,25,https://www.valueresearchonline.com/funds/30885/
UTI BSE Sensex Index Dir,equity,equity,Direct,-4.41,6.21,,BSE 100 TRI*,INF789F1AVD7,149803,-0.35,9.89,,-3.21,0.93,0.14,0.18,13.51,7.54,30,63.46,44.28,70.31,,22.76,3.32,2,4,2,0,4,1,12,High Risk,Poor,25,https://www.valueresearchonline.com/funds/42038/
UTI BSE Sensex Next 50 ETF,equity,equity,Direct,6.59,16.73,14.56,BSE 100 TRI*,INF789F1APF4,148086,-0.35,9.89,9.14,5.59,1.21,0.68,0.87,17.85,17.82,50,28.67,16.28,55.12,,22.51,3.07,12,0,4,0,2,,18,Moderately High Risk,Average,25,https://www.valueresearchonline.com/funds/39221/
UTI Large Cap Dir,equity,equity,Direct,-1.91,8.44,7.36,BSE 100 TRI*,INF789F01US8,120656,-0.35,9.89,9.14,-1.07,0.93,0.29,0.36,13.53,9.68,63,50.1,32.22,65.07,,20.45,3.24,4,4,2,0,4,3,14,Moderately High Risk,Average,25,https://www.valueresearchonline.com/funds/15789/
UTI NIFTY50 Equal Wght Index Dir,equity,equity,Direct,3.58,12.49,,BSE 100 TRI*,INF789F1AYP5,151762,-0.35,9.89,,2.93,0.98,0.57,0.7,14.49,13.95,50,22.38,11.46,52.87,,20.66,3.16,8,3,2,0,3,4,16,Moderately High Risk,Good,25,https://www.valueresearchonline.com/funds/43523/
UTI Nifty 50 ETF,equity,equity,Direct,-2.35,8.16,7.86,BSE 100 TRI*,INF789F015Z6,126940,-0.35,9.89,9.14,-1.32,0.95,0.28,0.36,13.6,9.51,50,52.72,36.78,63.07,,19.88,2.97,4,4,2,0,4,,14,Moderately High Risk,Average,25,https://www.valueresearchonline.com/funds/30886/
UTI Nifty 50 Index Dir,equity,equity,Direct,-2.51,7.98,7.67,BSE 100 TRI*,INF789F01XA0,120716,-0.35,9.89,9.14,-1.49,0.95,0.27,0.35,13.6,9.34,50,52.74,36.8,63.09,,20.66,3.16,4,4,2,0,4,2,14,Moderately High Risk,Poor,25,https://www.valueresearchonline.com/funds/15830/
UTI Nifty Next 50 ETF,equity,equity,Direct,9.47,18.15,12.22,BSE 100 TRI*,INF789F1APF4,148086,-0.35,9.89,9.14,7.09,1.29,0.7,0.91,20.02,19.76,50,32.76,18.54,52.58,,20.15,3.33,12,0,4,0,2,,18,Moderately High Risk,Average,25,https://www.valueresearchonline.com/funds/34503/
UTI Nifty Next 50 Index Dir,equity,equity,Direct,9.2,17.84,11.93,BSE 100 TRI*,INF789FC12T1,143341,-0.35,9.89,9.14,6.83,1.29,0.69,0.89,20.01,19.49,50,32.77,18.54,52.59,,20.28,3.37,12,0,4,0,2,4,18,Moderately High Risk,Good,25,https://www.valueresearchonline.com/funds/36491/
Union Largecap Dir,equity,equity,Direct,0,8.78,7.87,BSE 100 TRI*,INF582M01CU7,141248,-0.35,9.89,9.14,-0.59,0.92,0.33,0.39,13.56,10.11,52,46.46,30.75,58.69,,26.01,3.58,4,4,2,0,4,3,14,Moderately High Risk,Average,25,https://www.valueresearchonline.com/funds/34082/
WhiteOak Capital Large Cap Dir,equity,equity,Direct,3,14.26,,BSE 100 TRI*,INF03VN01696,150797,-0.35,9.89,,4.32,0.93,0.69,0.89,13.52,15.06,68,45.98,30.89,62.17,,24.75,3.41,10,4,4,0,4,4,22,Moderate Risk,Good,25,https://www.valueresearchonline.com/funds/42713/
Zerodha BSE SENSEX Index Dir,equity,equity,Direct,,,,BSE 100 TRI*,INF955L01JF3,154679,,,,,,,,,,30,63.47,44.27,70.3,,22.76,3.32,,,,,,,,,,25,https://www.valueresearchonline.com/funds/45565/
Zerodha Nifty 100 ETF,equity,equity,Direct,-0.32,,,BSE 100 TRI*,INF579M01AN2,151165,-0.35,,,,,,,,,100,42.98,29.99,58.73,,19.93,3.03,,,,,,,,,,25,https://www.valueresearchonline.com/funds/44358/
Zerodha Nifty 50 ETF,equity,equity,Direct,,,,BSE 100 TRI*,INF579M01AN2,151165,,,,,,,,,,50,52.72,36.8,63.06,,19.88,2.97,,,,,,,,,,25,https://www.valueresearchonline.com/funds/45534/
Zerodha Nifty 50 Index Dir,equity,equity,Direct,,,,BSE 100 TRI*,INF0R8F01158,153906,,,,,,,,,,50,52.79,36.84,63.14,,20.66,3.16,,,,,,,,,,25,https://www.valueresearchonline.com/funds/45533/
ABSL Mid Cap Dir,equity,equity,Direct,11.35,16.08,14.87,BSE 150 MidCap TRI*,INF209K01Q30,119620,8.64,16.1,16.21,0.23,0.97,0.65,0.94,17.88,17.36,78,27.36,15.3,60.23,,34.48,4.91,6,3,4,0,2,3,15,Moderately High Risk,Average,25,https://www.valueresearchonline.com/funds/15870/
ABSL Nifty Midcap 150 Index Dir,equity,equity,Direct,9.75,16.08,16.65,BSE 150 MidCap TRI*,INF209KB1W74,148807,8.64,16.1,16.21,0.14,1,0.67,0.87,17.97,17.68,150,18.01,10.69,55.5,,25.4,3.97,6,3,4,0,2,3,15,Moderately High Risk,Average,25,https://www.valueresearchonline.com/funds/41385/
Axis Midcap Dir,equity,equity,Direct,9.48,17.07,13.65,BSE 150 MidCap TRI*,INF846K01EH3,120505,8.64,16.1,16.21,1.95,0.86,0.75,0.95,16.16,17.78,83,25.69,15.3,51.83,,43.03,5.71,8,4,4,0,3,2,19,Moderately High Risk,Poor,25,https://www.valueresearchonline.com/funds/15690/
Axis Nifty Midcap 50 Index Dir,equity,equity,Direct,13.02,17.08,,BSE 150 MidCap TRI*,INF846K019H0,149936,8.64,16.1,,1,1.01,0.7,0.95,18.38,18.62,50,32.38,19.23,56.7,,36.23,4.07,6,3,4,0,2,3,15,Moderately High Risk,Average,25,https://www.valueresearchonline.com/funds/42158/
Bandhan Midcap Dir,equity,equity,Direct,12.17,18.68,,BSE 150 MidCap TRI*,INF194KB1DJ2,150404,8.64,16.1,,2.38,0.98,0.75,0.94,18.58,19.64,88,26.66,15.29,50.77,,46.8,6.61,8,3,4,0,2,3,17,Moderately High Risk,Average,25,https://www.valueresearchonline.com/funds/42342/
Bandhan Nifty Midcap 150 Index Dir,equity,equity,Direct,9.64,,,BSE 150 MidCap TRI*,INF194KB1IT0,152855,8.64,,,,,,,,,150,18,10.69,55.49,,25.4,3.97,,,,,,,,,,25,https://www.valueresearchonline.com/funds/44531/
Bank of India Mid Cap Dir,equity,equity,Direct,7.34,,,BSE 150 MidCap TRI*,INF761K01GY4,153728,8.64,,,,,,,,,53,35.59,21.57,58.96,,30.85,4.77,,,,,,,,,,25,https://www.valueresearchonline.com/funds/45385/
Baroda BNP Paribas Midcap Dir,equity,equity,Direct,13.18,17.9,16.03,BSE 150 MidCap TRI*,INF251K01HQ0,150212,8.64,16.1,16.21,2.8,0.85,0.83,1.02,15.41,18.52,71,22.86,13.12,58.48,,28.04,4.38,8,5,6,2,3,4,24,Moderate Risk,Good,25,https://www.valueresearchonline.com/funds/15726/
Baroda BNP Paribas Nifty Midcap 150 Index Dir,equity,equity,Direct,9.38,,,BSE 150 MidCap TRI*,INF251K01UA7,153000,8.64,,,,,,,,,150,17.9,10.57,55.21,,25.4,3.97,,,,,,,,,,25,https://www.valueresearchonline.com/funds/44651/
Canara Robeco Mid Cap Dir,equity,equity,Direct,8.55,17.74,,BSE 150 MidCap TRI*,INF760K01KI1,150817,8.64,16.1,,1.93,0.93,0.75,1.02,17.18,18.62,58,24.57,12.91,53.8,,40.03,4.57,8,4,4,2,2,3,20,Moderate Risk,Average,25,https://www.valueresearchonline.com/funds/42705/
DSP Midcap Dir,equity,equity,Direct,7.69,14.97,12.33,BSE 150 MidCap TRI*,INF740K01PX1,119071,8.64,16.1,16.21,-0.56,0.96,0.6,0.79,17.8,16.45,64,27.72,15.03,53.16,,31.85,4.03,4,3,4,0,2,2,13,Moderately High Risk,Poor,25,https://www.valueresearchonline.com/funds/16438/
DSP Nifty Midcap 150 ETF,equity,equity,Direct,,,,BSE 150 MidCap TRI*,INF579M01AN2,151165,,,,,,,,,,150,17.98,10.67,55.5,,29.44,3.79,,,,,,,,,,25,https://www.valueresearchonline.com/funds/45652/
DSP Nifty Midcap 150 Index Dir,equity,equity,Direct,,,,BSE 150 MidCap TRI*,INF740KA1XB7,154014,,,,,,,,,,150,18.11,10.75,55.81,,25.4,3.97,,,,,,,,,,25,https://www.valueresearchonline.com/funds/45650/
DSP Nifty Midcap 150 Quality 50 ETF,equity,equity,Direct,0.51,9.11,,BSE 500 TRI*,INF740KA1RB9,150428,2.44,11.32,,-1.84,1.05,0.32,0.43,17.01,11.1,50,35.16,21.31,52.11,,31.81,6.17,4,3,2,0,2,,11,High Risk,Poor,25,https://www.valueresearchonline.com/funds/41902/
DSP Nifty Midcap 150 Quality 50 Index Dir,equity,equity,Direct,0.49,9.1,,BSE 500 TRI*,INF740KA1RB9,150428,2.44,11.32,,-1.85,1.05,0.32,0.43,17.01,11.08,50,35.16,21.31,52.11,,30.23,5.83,4,3,2,0,2,,11,High Risk,Poor,25,https://www.valueresearchonline.com/funds/42316/
Edelweiss Mid Cap Dir,equity,equity,Direct,10.86,21.74,19.3,BSE 150 MidCap TRI*,INF843K01AO4,140228,8.64,16.1,16.21,5.16,0.96,0.94,1.17,17.65,22.21,94,22.62,12.93,57.44,,31.82,4.57,12,3,6,2,2,5,25,Moderate Risk,Excellent,25,https://www.valueresearchonline.com/funds/16586/
Edelweiss Nifty Midcap150 Momentum 50 Index Dir,equity,equity,Direct,5.69,15.67,,BSE 500 TRI*,INF754K01QD2,150902,2.44,11.32,,4.35,1.17,0.62,0.81,19.94,18.13,50,43.5,24.94,68.77,,23.45,4.25,10,0,4,0,2,,16,Moderately High Risk,Average,25,https://www.valueresearchonline.com/funds/42812/
Franklin India Mid Cap Dir,equity,equity,Direct,5.19,16.46,14.46,BSE 150 MidCap TRI*,INF090I01FH9,118533,8.64,16.1,16.21,0.7,0.94,0.69,0.89,17.06,17.42,75,23.47,13.24,59.46,,33.99,3.91,6,4,4,0,2,2,16,Moderately High Risk,Poor,25,https://www.valueresearchonline.com/funds/16003/
Groww Nifty Midcap 150 ETF,equity,equity,Direct,,,,BSE 150 MidCap TRI*,INF666M01MP7,153939,,,,,,,,,,150,18.01,10.69,55.41,,29.42,3.78,,,,,,,,,,25,https://www.valueresearchonline.com/funds/45580/
Groww Nifty Midcap 150 Index Dir,equity,equity,Direct,,,,BSE 150 MidCap TRI*,INF666M01MP7,153939,,,,,,,,,,150,18.01,10.7,55.46,,25.4,3.97,,,,,,,,,,25,https://www.valueresearchonline.com/funds/45578/
HDFC Mid Cap Dir,equity,equity,Direct,10.69,18.33,19.75,BSE 150 MidCap TRI*,INF179K01XQ0,118989,8.64,16.1,16.21,3.2,0.84,0.85,1.02,15.34,18.8,79,32.18,18.42,54.7,,28.83,3.48,10,5,6,2,3,5,26,Moderate Risk,Excellent,25,https://www.valueresearchonline.com/funds/16114/
HDFC NIFTY Midcap 150 ETF,equity,equity,Direct,9.91,16.16,,BSE 150 MidCap TRI*,INF179KC1GC8,151724,8.64,16.1,,0.22,1,0.67,0.87,17.94,17.73,150,18,10.69,55.51,,29.44,3.79,6,3,4,0,2,,15,Moderately High Risk,Average,25,https://www.valueresearchonline.com/funds/43115/
HDFC NIFTY Midcap 150 Index Dir,equity,equity,Direct,9.71,15.86,,BSE 150 MidCap TRI*,INF179KC1GC8,151724,8.64,16.1,,-0.02,1,0.66,0.86,17.89,17.46,150,18,10.69,55.51,,25.4,3.97,4,3,4,0,2,2,13,Moderately High Risk,Poor,25,https://www.valueresearchonline.com/funds/43475/
HSBC Midcap Dir,equity,equity,Direct,23.3,25.13,19.5,BSE 150 MidCap TRI*,INF917K01FZ1,151036,8.64,16.1,16.21,7.7,1.04,1,1.19,20.04,25.68,79,36.17,20.38,69.62,,41.72,5.17,12,3,8,2,2,5,27,Low Risk,Excellent,25,https://www.valueresearchonline.com/funds/16280/
Helios Mid Cap Dir,equity,equity,Direct,15.53,,,BSE 150 MidCap TRI*,INF0R8701327,153326,8.64,,,,,,,,,68,27.35,14.41,67.5,,44.79,5.72,,,,,,,,,,25,https://www.valueresearchonline.com/funds/44987/
ICICI Pru BSE Midcap Select ETF,equity,equity,Direct,14.68,18.51,14.06,BSE 150 MidCap TRI*,INF109K016L0,120586,8.64,16.1,16.21,1.51,1.04,0.72,0.91,19.17,19.48,30,44.44,23.8,66.56,,39.84,4.21,8,3,4,0,2,,17,Moderately High Risk,Average,25,https://www.valueresearchonline.com/funds/32594/
ICICI Pru Midcap Dir,equity,equity,Direct,18.42,22.37,18.37,BSE 150 MidCap TRI*,INF109K011N7,120381,8.64,16.1,16.21,5.65,1.01,0.94,1.37,18.59,23.22,77,38.07,22.54,66.83,,35.19,4.26,12,3,6,2,2,4,25,Moderate Risk,Good,25,https://www.valueresearchonline.com/funds/15960/
ICICI Pru Nifty Midcap 150 ETF,equity,equity,Direct,10.12,16.28,16.8,BSE 150 MidCap TRI*,INF109KC1W58,149389,8.64,16.1,16.21,0.33,1,0.68,0.88,17.95,17.85,150,18.01,10.69,55.51,,29.46,3.79,6,3,4,0,2,,15,Moderately High Risk,Average,25,https://www.valueresearchonline.com/funds/40555/
ICICI Pru Nifty Midcap 150 Index Dir,equity,equity,Direct,9.85,15.91,,BSE 150 MidCap TRI*,INF109KC1W58,149389,8.64,16.1,,0.02,1,0.66,0.86,17.91,17.51,150,18.02,10.7,55.55,,25.4,3.97,6,3,4,0,2,3,15,Moderately High Risk,Average,25,https://www.valueresearchonline.com/funds/41893/
ITI Mid Cap Dir,equity,equity,Direct,15.61,21.12,17.05,BSE 150 MidCap TRI*,INF00XX01929,148733,8.64,16.1,16.21,4.19,1.03,0.87,1.11,18.86,22.07,90,19.55,11.17,56.55,,31.63,4.19,10,3,6,2,2,3,23,Moderate Risk,Average,25,https://www.valueresearchonline.com/funds/41319/
Invesco India Mid cap Dir,equity,equity,Direct,12.4,24.34,20.52,BSE 150 MidCap TRI*,INF205K01MV6,120403,8.64,16.1,16.21,6.77,1.03,0.97,1.2,19.54,24.66,41,48.93,28.8,63.18,,48.31,4.95,12,3,6,2,2,5,25,Moderate Risk,Excellent,25,https://www.valueresearchonline.com/funds/16807/
JM Midcap Dir,equity,equity,Direct,13.3,19.52,,BSE 150 MidCap TRI*,INF192K01MV6,150815,8.64,16.1,,3.02,1.01,0.79,1.16,18.91,20.58,68,28.85,15.66,57.02,,36.36,4.57,10,3,4,2,2,4,21,Moderate Risk,Good,25,https://www.valueresearchonline.com/funds/42731/
JioBlackRock Nifty Midcap 150 Index Dir,equity,equity,Direct,9.84,,,BSE 150 MidCap TRI*,INF22M001077,153788,8.64,,,,,,,,,150,17.96,10.66,55.35,,25.4,3.97,,,,,,,,,,25,https://www.valueresearchonline.com/funds/45427/
Kotak Midcap Dir,equity,equity,Direct,9.01,18.36,17.13,BSE 150 MidCap TRI*,INF174K01LT0,119775,8.64,16.1,16.21,2.46,0.95,0.77,0.96,17.77,19.32,71,28.76,16.1,56.26,,30.71,4.25,8,4,4,0,2,3,18,Moderately High Risk,Average,25,https://www.valueresearchonline.com/funds/17134/
Kotak Nifty Midcap 150 ETF,equity,equity,Direct,10.03,,,BSE 150 MidCap TRI*,INF174K01KM7,119757,8.64,,,,,,,,,150,18,10.69,55.45,,29.45,3.79,,,,,,,,,,25,https://www.valueresearchonline.com/funds/45037/
Kotak Nifty Midcap 150 Index Dir,equity,equity,Direct,9.66,,,BSE 150 MidCap TRI*,INF174KA1SR8,152767,8.64,,,,,,,,,150,18.02,10.7,55.53,,25.4,3.97,,,,,,,,,,25,https://www.valueresearchonline.com/funds/45040/
Kotak Nifty Midcap 150 Momentum 50 Index Dir,equity,equity,Direct,5.69,,,BSE 500 TRI*,INF174KA1TM7,152916,2.44,,,,,,,,,50,43.49,24.94,68.76,,23.45,4.25,,,,,,,,,,25,https://www.valueresearchonline.com/funds/44573/
Kotak Nifty Midcap 50 ETF,equity,equity,Direct,13.23,17.41,,BSE 150 MidCap TRI*,INF174KA1SR8,152767,8.64,16.1,,1.28,1.01,0.72,0.97,18.42,18.93,50,32.35,19.21,56.65,,34.6,3.83,6,3,4,0,2,,15,Moderately High Risk,Average,25,https://www.valueresearchonline.com/funds/41983/
Kotak Nifty Midcap 50 Index Dir,equity,equity,Direct,12.94,,,BSE 150 MidCap TRI*,INF174KA1SR8,152767,8.64,,,,,,,,,50,32.38,19.23,56.68,,36.23,4.07,,,,,,,,,,25,https://www.valueresearchonline.com/funds/44446/
LIC MF Midcap Dir,equity,equity,Direct,10.69,17.24,13.73,BSE 150 MidCap TRI*,INF0QA701607,152162,8.64,16.1,16.21,0.6,1.03,0.67,0.91,18.93,18.44,52,30.38,17.15,59.49,,43.34,5.31,6,3,4,0,2,2,15,Moderately High Risk,Poor,25,https://www.valueresearchonline.com/funds/33333/
LIC MF Nifty Midcap 100 ETF,equity,equity,Direct,11.11,,,BSE 150 MidCap TRI*,INF767K01EW0,120279,8.64,,,,,,,,,100,21.98,13.07,57.55,,29.71,3.77,,,,,,,,,,25,https://www.valueresearchonline.com/funds/44166/
Mahindra Manulife Mid Cap Dir,equity,equity,Direct,14.8,19.11,18.95,BSE 150 MidCap TRI*,INF0QA701607,152162,8.64,16.1,16.21,3.17,0.95,0.84,1.12,17.21,20.08,55,26.81,14.98,65.22,,33.88,3.71,10,4,6,2,2,4,24,Moderate Risk,Good,25,https://www.valueresearchonline.com/funds/34956/
Mirae Asset Midcap Dir,equity,equity,Direct,13.54,17,16.18,BSE 150 MidCap TRI*,INF769K01FA9,147445,8.64,16.1,16.21,0.72,1,0.69,0.87,18.05,18.17,66,31.41,17.04,54.19,,35.24,3.8,6,3,4,0,2,3,15,Moderately High Risk,Average,25,https://www.valueresearchonline.com/funds/40048/
Mirae Asset Nifty MidSmallcap400 Mom Qlty 100 ETF FoF Dir,equity,equity,Direct,7.95,,,BSE 500 TRI*,INF769K01LN0,152645,2.44,,,,,,,,,,,,,,,,,,,,,,,,,1,https://www.valueresearchonline.com/funds/44305/
Mirae Asset Nifty MidSmallcap400 Momentum Quality 100 ETF,equity,equity,Direct,8.06,,,BSE 500 TRI*,INF769K01LN0,152645,2.44,,,,,,,,,100,32.35,19.66,62,,29.7,5.34,,,,,,,,,,25,https://www.valueresearchonline.com/funds/44302/
Mirae Asset Nifty Midcap 150 ETF,equity,equity,Direct,10.14,16.33,,BSE 150 MidCap TRI*,INF846K01EH3,120505,8.64,16.1,,0.37,1,0.68,0.89,17.94,17.89,150,18.01,10.69,55.51,,29.46,3.79,6,3,4,0,2,,15,Moderately High Risk,Average,25,https://www.valueresearchonline.com/funds/42146/
Motilal Oswal Midcap Dir,equity,equity,Direct,0.63,18.83,22.37,BSE 150 MidCap TRI*,INF247L01445,127042,8.64,16.1,16.21,3.82,0.98,0.75,1,20.55,21.02,30,54.97,34.1,68.53,,46.41,5.51,10,3,4,2,2,3,21,Moderate Risk,Average,25,https://www.valueresearchonline.com/funds/24080/
Motilal Oswal Nifty Midcap 100 ETF,equity,equity,Direct,11.28,17.13,17.4,BSE 150 MidCap TRI*,INF846K01EH3,120505,8.64,16.1,16.21,0.93,1.03,0.71,0.95,18.62,18.83,100,21.95,13.03,57.42,,29.77,3.76,6,3,4,0,2,,15,Moderately High Risk,Average,25,https://www.valueresearchonline.com/funds/12012/
Motilal Oswal Nifty Midcap 150 Dir,equity,equity,Direct,9.95,16.2,16.76,BSE 150 MidCap TRI*,INF955L01JF3,154679,8.64,16.1,16.21,0.26,1,0.67,0.88,17.94,17.78,150,18.01,10.7,55.54,,25.4,3.97,6,3,4,0,2,3,15,Moderately High Risk,Average,25,https://www.valueresearchonline.com/funds/40242/
Motilal Oswal Nifty Midcap150 Momentum 50 ETF,equity,equity,Direct,5.32,,,BSE 500 TRI*,INF247L01734,145834,2.44,,,,,,,,,50,43.51,24.94,68.79,,27.08,4.34,,,,,,,,,,25,https://www.valueresearchonline.com/funds/45331/
Navi Nifty MidSmallcap 400 Index Dir,equity,equity,Direct,,,,BSE 150 MidCap TRI*,INF959L01HR4,154027,,,,,,,,,,400,11.82,7.02,55.1,,27.53,3.78,,,,,,,,,,25,https://www.valueresearchonline.com/funds/45654/
Navi Nifty Midcap 150 Index Dir,equity,equity,Direct,9.66,15.86,,BSE 150 MidCap TRI*,INF959L01FX6,149892,8.64,16.1,,-0.01,1,0.66,0.86,17.89,17.47,150,17.97,10.67,55.4,,25.4,3.97,4,3,4,0,2,3,13,Moderately High Risk,Average,25,https://www.valueresearchonline.com/funds/42121/
Nippon India ETF Nifty Midcap 150,equity,equity,Direct,10.01,16.18,16.76,BSE 150 MidCap TRI*,INF204KB18Z7,148726,8.64,16.1,16.21,0.25,1,0.67,0.88,17.92,17.75,149,18.09,10.74,55.27,,29.4,3.78,6,3,4,0,2,,15,Moderately High Risk,Average,25,https://www.valueresearchonline.com/funds/38950/
Nippon India Growth Mid Cap Dir,equity,equity,Direct,10.86,19.15,18.69,BSE 150 MidCap TRI*,INF204K01E54,118668,8.64,16.1,16.21,3,0.97,0.81,1.08,17.77,20.17,101,25.04,13.54,61.47,,29.53,3.97,10,3,6,2,2,5,23,Moderate Risk,Excellent,25,https://www.valueresearchonline.com/funds/16083/
Nippon India Nifty Midcap150 Dir,equity,equity,Direct,9.88,15.97,16.53,BSE 150 MidCap TRI*,INF204KB18Z7,148726,8.64,16.1,16.21,0.08,1,0.66,0.86,17.91,17.57,149,18.11,10.75,55.32,,25.31,3.95,6,3,4,0,2,3,15,Moderately High Risk,Average,25,https://www.valueresearchonline.com/funds/41295/
PGIM India Midcap Dir,equity,equity,Direct,2.13,12.15,11.37,BSE 150 MidCap TRI*,INF663L01DV3,125307,8.64,16.1,16.21,-2.39,0.86,0.48,0.62,16.19,13.48,108,22.03,12.4,55.5,,35.23,5.14,2,4,2,0,3,1,11,High Risk,Poor,25,https://www.valueresearchonline.com/funds/22367/
Quant Mid Cap Dir,equity,equity,Direct,8.52,12.05,16.11,BSE 150 MidCap TRI*,INF966L01648,120826,8.64,16.1,16.21,-2.14,0.92,0.48,0.71,18.13,14.38,28,62.66,39.82,46.7,,31.96,3.85,2,4,2,0,2,2,10,High Risk,Poor,23,https://www.valueresearchonline.com/funds/17375/
SBI Midcap Dir,equity,equity,Direct,7.77,11.64,14.18,BSE 150 MidCap TRI*,INF200K01TP4,119716,8.64,16.1,16.21,-2.81,0.85,0.46,0.57,15.85,12.94,55,27.39,14.22,58.11,,37.93,4.82,2,5,2,0,3,2,12,High Risk,Poor,25,https://www.valueresearchonline.com/funds/16235/
SBI Nifty Midcap 150 ETF,equity,equity,Direct,,,,BSE 150 MidCap TRI*,INF200KB1BU5,154526,,,,,,,,,,150,18,10.69,55.48,,29.45,3.79,,,,,,,,,,25,https://www.valueresearchonline.com/funds/45920/
SBI Nifty Midcap 150 Index Dir,equity,equity,Direct,9.83,15.96,,BSE 150 MidCap TRI*,INF200KA10P5,150673,8.64,16.1,,0.06,1,0.66,0.86,17.93,17.56,150,18,10.69,55.53,,25.4,3.97,6,3,4,0,2,3,15,Moderately High Risk,Average,25,https://www.valueresearchonline.com/funds/42585/
SBI Nifty Midcap 150 Momentum 50 ETF,equity,equity,Direct,,,,BSE 500 TRI*,INF200K01SH3,119707,,,,,,,,,,50,43.48,24.94,68.76,,27.08,4.34,,,,,,,,,,25,https://www.valueresearchonline.com/funds/45872/
Samco Mid Cap Dir,equity,equity,Direct,,,,BSE 150 MidCap TRI*,INF0QA701607,152162,,,,,,,,,,30,42.84,23.8,69.45,,16.75,2.92,,,,,,,,,,25,https://www.valueresearchonline.com/funds/45740/
Sundaram Midcap Dir,equity,equity,Direct,9.98,19.46,17.54,BSE 150 MidCap TRI*,INF903J01MJ3,119581,8.64,16.1,16.21,3.38,0.95,0.85,1.01,17.18,20.24,73,24.48,13.78,59.52,,38.38,4.56,10,4,6,2,2,4,24,Moderate Risk,Good,25,https://www.valueresearchonline.com/funds/16125/
TRUSTMF Mid Cap Dir,equity,equity,Direct,,,,BSE 150 MidCap TRI*,INF0GCD01743,152584,,,,,,,,,,69,27.48,15.58,58.86,,44.64,5.03,,,,,,,,,,25,https://www.valueresearchonline.com/funds/45814/
Tata Mid Cap Dir,equity,equity,Direct,9.9,15.4,15.41,BSE 150 MidCap TRI*,INF277K01MK8,119202,8.64,16.1,16.21,0.58,0.9,0.69,0.86,16.29,16.9,64,27.31,14.83,55.03,,36.81,4.32,6,4,4,0,3,3,17,Moderately High Risk,Average,25,https://www.valueresearchonline.com/funds/16717/
Tata Nifty Midcap 150 Index Dir,equity,equity,Direct,9.73,,,BSE 150 MidCap TRI*,INF277KA1DZ9,153581,8.64,,,,,,,,,150,18.08,10.75,55.64,,25.4,3.97,,,,,,,,,,25,https://www.valueresearchonline.com/funds/45222/
Tata Nifty Midcap 150 Momentum 50 Index Dir,equity,equity,Direct,5.31,15.09,,BSE 500 TRI*,INF277KA1612,150738,2.44,11.32,,3.87,1.17,0.6,0.78,19.9,17.61,50,43.6,24.99,68.94,,23.45,4.25,10,0,4,0,2,,16,Moderately High Risk,Average,25,https://www.valueresearchonline.com/funds/42655/
Taurus Mid Cap Dir,equity,equity,Direct,7.13,9.66,12.76,BSE 150 MidCap TRI*,INF044D01CA9,118872,8.64,16.1,16.21,-5.5,0.98,0.33,0.5,18.4,11.75,39,46.43,27.13,55.34,,23.03,3.13,0,3,2,0,2,1,7,High Risk,Poor,25,https://www.valueresearchonline.com/funds/16656/
UTI Midcap Dir,equity,equity,Direct,7.48,12.86,12.75,BSE 150 MidCap TRI*,INF0QA701607,152162,8.64,16.1,16.21,-2.51,0.95,0.5,0.64,17.36,14.4,82,23.13,12.91,56.91,,32.36,4.19,2,4,2,0,2,1,10,High Risk,Poor,25,https://www.valueresearchonline.com/funds/15920/
UTI Nifty Midcap 150 ETF,equity,equity,Direct,9.97,16.2,,BSE 150 MidCap TRI*,INF789F1APF4,148086,8.64,16.1,,,,,,,,150,17.98,10.68,55.39,,29.46,3.79,,,,,,,,,,25,https://www.valueresearchonline.com/funds/43743/
UTI Nifty Midcap 150 Index Dir,equity,equity,Direct,9.59,,,BSE 150 MidCap TRI*,INF789F1AZO5,153089,8.64,,,,,,,,,150,18,10.69,55.48,,25.4,3.97,,,,,,,,,,25,https://www.valueresearchonline.com/funds/44725/
UTI Nifty Midcap 150 Quality 50 Index Dir,equity,equity,Direct,0.32,8.96,,BSE 500 TRI*,INF789F1AVH8,150313,2.44,11.32,,-1.98,1.05,0.31,0.42,17.02,10.96,50,35.17,21.3,52.12,,30.23,5.83,4,3,2,0,2,,11,High Risk,Poor,25,https://www.valueresearchonline.com/funds/42253/
UTI Nifty Midsmallcap 400 Momentum Quality 100 Index Dir,equity,equity,Direct,8.16,,,BSE 500 TRI*,INF789F1AB22,153272,2.44,,,,,,,,,100,32.35,19.66,62.01,,28.39,5.25,,,,,,,,,,25,https://www.valueresearchonline.com/funds/44913/
Union Midcap Dir,equity,equity,Direct,12.33,17.66,16.09,BSE 150 MidCap TRI*,INF582M01GI3,148073,8.64,16.1,16.21,2.09,0.92,0.76,0.91,17.14,18.67,73,24.35,14.24,59.44,,42.57,4.9,8,4,4,0,2,3,18,Moderately High Risk,Average,25,https://www.valueresearchonline.com/funds/40769/
WhiteOak Capital Mid Cap Fund Dir,equity,equity,Direct,17.14,22.85,,BSE 150 MidCap TRI*,INF03VN01597,150584,8.64,16.1,,6.3,0.91,1.01,1.32,16.9,22.78,145,24.01,13.74,54.71,,31.94,4.12,12,4,8,2,3,5,29,Low Risk,Excellent,25,https://www.valueresearchonline.com/funds/42483/
Zerodha Nifty MidSmallcap400 50:50 Index Dir,equity,equity,Direct,,,,BSE 150 MidCap TRI*,INF0R8F01190,154306,,,,,,,,,,400,9.17,5.37,55.17,,27.53,3.78,,,,,,,,,,25,https://www.valueresearchonline.com/funds/45935/
Zerodha Nifty Midcap 150 ETF,equity,equity,Direct,10.75,,,BSE 150 MidCap TRI*,INF579M01AN2,151165,8.64,,,,,,,,,150,18.01,10.7,55.5,,29.45,3.79,,,,,,,,,,25,https://www.valueresearchonline.com/funds/44359/
ABSL Multi-Cap Dir,equity,equity,Direct,11.61,15.19,13.63,VR Multicap TRI*,INF209KB1Y49,148921,-2.34,10.48,11.24,4.78,0.93,0.66,0.82,16.02,16.2,86,23.26,13.36,53.81,,30.72,4.02,10,4,4,0,3,2,21,Moderate Risk,Poor,25,https://www.valueresearchonline.com/funds/41466/
Axis Multicap Dir,equity,equity,Direct,12.9,20.36,,VR Multicap TRI*,INF846K013E0,149383,-2.34,10.48,,9.39,0.91,0.94,1.14,15.87,20.67,109,23.51,14.63,61.14,,32.76,4.28,12,4,6,2,3,5,27,Low Risk,Excellent,25,https://www.valueresearchonline.com/funds/41885/
Bajaj Finserv Multi Cap Dir,equity,equity,Direct,13.25,,,VR Multicap TRI*,INF0QA701AV7,153309,-2.34,,,,,,,,,75,30.03,17.86,56.02,,30.11,3.49,,,,,,,,,,25,https://www.valueresearchonline.com/funds/44918/
Bandhan Multi Cap Dir,equity,equity,Direct,4.51,13.34,,VR Multicap TRI*,INF194KB1CL0,149303,-2.34,10.48,,3.12,0.93,0.57,0.75,15.54,14.51,107,28.81,19.49,53.27,,24.86,3.02,10,4,2,0,3,3,19,Moderately High Risk,Average,25,https://www.valueresearchonline.com/funds/41822/
Bank of India Multi Cap Dir,equity,equity,Direct,15.66,18.19,,VR Multicap TRI*,INF761K01FR0,151443,-2.34,10.48,,7.51,0.96,0.82,1.18,16.31,19.07,61,33.4,19.93,55.1,,25.75,3.72,12,3,6,2,3,4,26,Moderate Risk,Good,25,https://www.valueresearchonline.com/funds/43162/
Baroda BNP Paribas Multi Cap Dir,equity,equity,Direct,5.34,15.29,13.7,VR Multicap TRI*,INF955L01AG0,119354,-2.34,10.48,11.24,5.04,0.91,0.68,0.81,15.7,16.31,79,24.08,12.69,58.25,,32.36,3.9,12,4,4,0,3,3,23,Moderate Risk,Average,25,https://www.valueresearchonline.com/funds/15707/
Canara Robeco Multi Cap Dir,equity,equity,Direct,5.15,15.27,,VR Multicap TRI*,INF760K01KO9,151824,-2.34,10.48,,4.97,0.9,0.68,0.92,15.33,16.17,108,24.25,15.03,62.7,,30.72,4.4,10,4,4,0,3,3,21,Moderate Risk,Average,25,https://www.valueresearchonline.com/funds/43571/
DSP Multicap Dir,equity,equity,Direct,3.26,,,VR Multicap TRI*,INF740KA1UC1,152310,-2.34,,,,,,,,,59,36.27,22.38,60.83,,27.08,3.51,,,,,,,,,,25,https://www.valueresearchonline.com/funds/43999/
Edelweiss Multi Cap Dir,equity,equity,Direct,9.98,,,VR Multicap TRI*,INF754K01SD8,152094,-2.34,,,,,,,,,104,25.11,15.35,59.17,,27.56,3.85,,,,,,,,,,25,https://www.valueresearchonline.com/funds/43782/
Edelweiss Nifty500 Multicap Momentum Quality 50 ETF,equity,equity,Direct,1.69,,,BSE 500 TRI*,INF754K01TN5,152985,2.44,,,,,,,,,50,47.19,25.35,78.75,,29.04,6.66,,,,,,,,,,25,https://www.valueresearchonline.com/funds/44626/
Edelweiss Nifty500 Multicap Momentum Quality 50 Index Dir,equity,equity,Direct,1.71,,,BSE 500 TRI*,INF754K01TN5,152985,2.44,,,,,,,,,50,47.2,25.36,78.76,,26.91,6.49,,,,,,,,,,25,https://www.valueresearchonline.com/funds/44648/
Franklin India Multi Cap Dir,equity,equity,Direct,9.69,,,VR Multicap TRI*,INF090I01XA7,152739,-2.34,,,,,,,,,53,33.68,19.38,64.07,,26.55,3.63,,,,,,,,,,25,https://www.valueresearchonline.com/funds/44410/
Groww Multicap Dir,equity,equity,Direct,20.88,,,VR Multicap TRI*,INF666M01JD9,153034,-2.34,,,,,,,,,78,26.72,14.56,62.12,,30.06,4.36,,,,,,,,,,25,https://www.valueresearchonline.com/funds/44697/
HDFC Multi Cap Dir,equity,equity,Direct,1.34,12.27,,VR Multicap TRI*,INF179KC1BS5,149368,-2.34,10.48,,1.98,0.96,0.49,0.65,16.08,13.56,121,23.52,14.43,58.66,,26.22,3.59,8,3,2,0,3,2,16,Moderately High Risk,Poor,25,https://www.valueresearchonline.com/funds/41864/
HDFC Nifty500 Multicap 50:25:25 Index Dir,equity,equity,Direct,4.61,,,VR Multicap TRI*,INF179K01XD8,118987,-2.34,,,,,,,,,500,21.54,15.02,53.5,,22.57,3.4,,,,,,,,,,25,https://www.valueresearchonline.com/funds/44463/
HSBC Multi Cap Dir,equity,equity,Direct,11.13,19.07,,VR Multicap TRI*,INF336L01QN5,151290,-2.34,10.48,,8.01,1.01,0.82,1.09,17.46,19.92,101,21.72,12.57,55.82,,29.7,4.21,12,3,6,2,2,5,25,Moderate Risk,Excellent,25,https://www.valueresearchonline.com/funds/43023/
ICICI Pru Multicap Dir,equity,equity,Direct,11.14,16.89,15.66,VR Multicap TRI*,INF109K014O9,120599,-2.34,10.48,11.24,6.52,0.92,0.78,1.08,15.69,17.86,164,23.73,13.38,65.69,,28.53,3.83,12,4,4,2,3,4,25,Moderate Risk,Good,25,https://www.valueresearchonline.com/funds/15874/
ITI Multi Cap Dir,equity,equity,Direct,15.01,17.79,14.85,VR Multicap TRI*,INF00XX01168,147183,-2.34,10.48,11.24,6.94,1.02,0.76,0.96,17.43,18.86,77,26.64,16.68,57.63,,30.93,4.36,12,3,4,0,2,3,21,Moderate Risk,Average,25,https://www.valueresearchonline.com/funds/39831/
Invesco India Multicap Dir,equity,equity,Direct,4.61,14.54,12.63,VR Multicap TRI*,INF205K01MS2,120413,-2.34,10.48,11.24,3.95,1,0.58,0.71,17.3,15.74,68,28.22,16.07,59.82,,41.66,4.89,10,3,2,0,2,2,17,Moderately High Risk,Poor,25,https://www.valueresearchonline.com/funds/16811/
Kotak Multicap Dir,equity,equity,Direct,8.35,17.45,,VR Multicap TRI*,INF174KA1HV3,149185,-2.34,10.48,,6.42,1.03,0.73,0.9,17.45,18.45,72,34.71,19.59,61.18,,17.79,2.31,12,3,4,0,2,4,21,Moderate Risk,Good,25,https://www.valueresearchonline.com/funds/41707/
LIC MF Multi Cap Dir,equity,equity,Direct,12.65,18.64,,VR Multicap TRI*,INF767K01RK7,150659,-2.34,10.48,,7.72,1.01,0.79,0.98,17.7,19.63,64,25.94,16.41,58.06,,33.05,4.58,12,3,4,0,2,3,21,Moderate Risk,Average,25,https://www.valueresearchonline.com/funds/42629/
Mahindra Manulife Multi Cap Dir,equity,equity,Direct,16.72,17.98,16.82,VR Multicap TRI*,INF955L01JF3,154679,-2.34,10.48,11.24,7.22,0.95,0.79,1.08,16.5,18.74,71,29.06,18.23,51.88,,26.51,3.79,12,4,4,2,3,4,25,Moderate Risk,Good,25,https://www.valueresearchonline.com/funds/33986/
Mirae Asset Multicap Dir,equity,equity,Direct,6.64,14.77,,VR Multicap TRI*,INF769K01KK8,151810,-2.34,10.48,,4.11,0.96,0.62,0.84,16.14,15.72,78,28.34,17.67,56.48,,24.1,3.29,10,3,4,0,3,3,20,Moderate Risk,Average,25,https://www.valueresearchonline.com/funds/43578/
Mirae Asset Nifty500 Multicap 50:25:25 ETF,equity,equity,Direct,4.82,,,VR Multicap TRI*,INF769K01CM1,118859,-2.34,,,,,,,,,500,21.59,15.06,53.59,,23.36,3.23,,,,,,,,,,25,https://www.valueresearchonline.com/funds/44491/
Motilal Oswal Multi Cap Dir,equity,equity,Direct,9.5,,,VR Multicap TRI*,INF247L01CL8,152651,-2.34,,,,,,,,,36,40.02,22.32,59.72,,45.28,4.74,,,,,,,,,,25,https://www.valueresearchonline.com/funds/44339/
Navi Nifty 500 Multicap 50:25:25 Index Dir,equity,equity,Direct,4.61,,,VR Multicap TRI*,INF955L01JF3,154679,-2.34,,,,,,,,,500,21.2,14.79,52.66,,22.57,3.4,,,,,,,,,,25,https://www.valueresearchonline.com/funds/44439/
Nippon India Multi Cap Dir,equity,equity,Direct,1.5,13.63,17.45,VR Multicap TRI*,INF204K01XF9,118650,-2.34,10.48,11.24,3.41,0.89,0.58,0.79,15.28,14.58,113,31.33,22.27,59.09,,27.43,3.96,10,4,2,0,3,3,19,Moderately High Risk,Average,25,https://www.valueresearchonline.com/funds/16068/
Nippon India Nifty 500 Equal Weight Index Dir,equity,equity,Direct,6.03,,,VR Multicap TRI*,INF204KC1DA8,152842,-2.34,,,,,,,,,499,2.35,1.2,50.93,,22.55,3.39,,,,,,,,,,25,https://www.valueresearchonline.com/funds/44515/
PGIM India Multi Cap Dir,equity,equity,Direct,10.36,,,VR Multicap TRI*,INF663L01Z03,152815,-2.34,,,,,,,,,96,25.22,16.32,55.36,,33.13,4.76,,,,,,,,,,25,https://www.valueresearchonline.com/funds/44505/
PGIM India Retirement Dir,equity,equity,Direct,4.28,,,VR Multicap TRI*,INF663L01Y61,152537,-2.34,,,,,,,,,85,31.07,20.74,49.31,,34.32,4.88,,,,,,,,,,25,https://www.valueresearchonline.com/funds/44253/
Quant Multi Cap Dir,equity,equity,Direct,10.18,10.18,12.22,VR Multicap TRI*,INF966L01614,120823,-2.34,10.48,11.24,0.16,1.03,0.36,0.58,18.12,12.18,58,43.81,27.94,44.42,,24.83,2.38,6,3,2,0,2,1,13,Moderately High Risk,Poor,25,https://www.valueresearchonline.com/funds/17361/
SBI Multicap Dir,equity,equity,Direct,2.66,13.72,,VR Multicap TRI*,INF200KA18E2,149882,-2.34,10.48,,3.75,0.82,0.62,0.86,14.06,14.45,64,33.37,19.71,64.46,,32.27,4.05,10,5,4,0,3,3,22,Moderate Risk,Average,25,https://www.valueresearchonline.com/funds/42108/
Samco Multi Cap Dir,equity,equity,Direct,-1.81,,,VR Multicap TRI*,INF0K1H01198,152847,-2.34,,,,,,,,,119,16.91,8.66,54.79,,14.77,3,,,,,,,,,,25,https://www.valueresearchonline.com/funds/44527/
Sundaram Multi Cap Dir,equity,equity,Direct,5.48,14.17,12.71,VR Multicap TRI*,INF903J01MJ3,119581,-2.34,10.48,11.24,3.83,0.92,0.6,0.76,15.79,15.19,83,24.35,13.83,64.38,,26,3.3,10,4,4,0,3,2,21,Moderate Risk,Poor,25,https://www.valueresearchonline.com/funds/16580/
TRUSTMF Multi Cap Dir,equity,equity,Direct,20.36,,,VR Multicap TRI*,INF0GCD01834,153644,-2.34,,,,,,,,,69,25.49,14.99,64.72,,38,5.42,,,,,,,,,,25,https://www.valueresearchonline.com/funds/45282/
Tata Multicap Dir,equity,equity,Direct,10.92,10.96,,VR Multicap TRI*,INF277KA1679,151232,-2.34,10.48,,1.05,0.92,0.43,0.54,15.57,12.36,80,25.87,15.75,61.41,,22.04,3.07,6,4,2,0,3,1,15,Moderately High Risk,Poor,25,https://www.valueresearchonline.com/funds/43038/
UTI Multi Cap Dir,equity,equity,Direct,7.04,,,VR Multicap TRI*,INF789F1AB89,153515,-2.34,,,,,,,,,73,27.92,18.55,54.37,,19.33,3.02,,,,,,,,,,25,https://www.valueresearchonline.com/funds/45143/
Union Multicap Dir,equity,equity,Direct,13.59,15.74,,VR Multicap TRI*,INF582M01IO7,150858,-2.34,10.48,,5.48,0.9,0.71,0.86,15.5,16.66,73,27.61,16.68,63.02,,32.95,4.35,12,4,4,0,3,3,23,Moderate Risk,Average,25,https://www.valueresearchonline.com/funds/42779/
WhiteOak Capital Multi Cap Dir,equity,equity,Direct,10.33,,,VR Multicap TRI*,INF03VN01803,152071,-2.34,,,,,,,,,201,22.32,15.04,55.27,,27.99,3.83,,,,,,,,,,25,https://www.valueresearchonline.com/funds/43759/
ABSL Banking & Financial Services Dir,equity,equity,Direct,8.59,11.47,11.1,BSE Financial Services TRI*,INF209K014W1,125597,3.21,10.44,9.32,0.94,1.01,0.44,0.63,16.16,12.83,40,61.31,44.69,98.31,,18.46,2.49,6,3,2,0,3,3,14,Moderately High Risk,Average,25,https://www.valueresearchonline.com/funds/22526/
ABSL Nifty Bank ETF,equity,equity,Direct,6.57,9.4,9.97,BSE Financial Services TRI*,INF209K01YN0,119550,3.21,10.44,9.32,-0.77,1.03,0.34,0.4,16.54,11.24,14,86.74,61.08,99.67,,13.93,1.66,4,3,2,0,3,,12,High Risk,Poor,14,https://www.valueresearchonline.com/funds/40378/
Aditya Birla SL BSE Top 10 Banks ETF,equity,equity,Direct,,,,BSE Financial Services TRI*,INF209K01YN0,119550,,,,,,,,,,10,99.55,80.19,99.55,,15.93,1.92,,,,,,,,,,10,https://www.valueresearchonline.com/funds/45861/
Axis Nifty Bank ETF,equity,equity,Direct,6.47,9.37,9.93,BSE Financial Services TRI*,INF846K01CR6,120438,3.21,10.44,9.32,-0.81,1.03,0.33,0.4,16.53,11.2,14,86.77,61.1,99.71,,13.93,1.66,4,3,2,0,3,,12,High Risk,Poor,14,https://www.valueresearchonline.com/funds/41162/
Axis Nifty Bank Index Dir,equity,equity,Direct,6.49,,,BSE Financial Services TRI*,INF846K015W7,152629,3.21,,,,,,,,,14,86.78,61.11,99.72,,13.23,1.71,,,,,,,,,,14,https://www.valueresearchonline.com/funds/44321/
Bajaj Finserv Banking And Financial Services Dir,equity,equity,Direct,,,,BSE Financial Services TRI*,INF0QA701BZ6,153937,,,,,,,,,,38,60.84,43.09,97.83,,18.57,2.29,,,,,,,,,,25,https://www.valueresearchonline.com/funds/45563/
Bajaj Finserv Nifty Bank ETF,equity,equity,Direct,6.58,,,BSE Financial Services TRI*,INF090I01VZ8,148304,3.21,,,,,,,,,14,86.69,61.05,99.62,,13.93,1.66,,,,,,,,,,14,https://www.valueresearchonline.com/funds/44067/
Bandhan Financial Services Dir,equity,equity,Direct,7.22,16.45,,BSE Financial Services TRI*,INF194KB1GB2,151816,3.21,10.44,,5.72,0.96,0.72,0.95,16.1,17.34,58,53.79,41.29,97.41,,18.73,2.31,12,3,4,0,3,4,22,Moderate Risk,Good,25,https://www.valueresearchonline.com/funds/43567/
Bandhan Nifty Bank Index Dir,equity,equity,Direct,6.39,,,BSE Financial Services TRI*,INF194KB1IO1,152793,3.21,,,,,,,,,14,86.85,61.17,99.8,,13.23,1.71,,,,,,,,,,14,https://www.valueresearchonline.com/funds/44477/
Bank of India Banking & Financial Services Dir,equity,equity,Direct,,,,BSE Financial Services TRI*,INF761K01HE4,154093,,,,,,,,,,33,56.11,40.87,96.14,,16.2,2.36,,,,,,,,,,25,https://www.valueresearchonline.com/funds/45745/
Baroda BNP Paribas Banking & Fin Srvcs Dir,equity,equity,Direct,9.02,15.73,12.68,BSE Financial Services TRI*,INF200K01V08,125503,3.21,10.44,9.32,5.04,0.97,0.7,0.9,15.72,16.72,32,57.68,37.69,95.25,,18.26,2.22,12,3,4,0,3,3,22,Moderate Risk,Average,25,https://www.valueresearchonline.com/funds/15698/
Baroda BNP Paribas Nifty Bank ETF,equity,equity,Direct,6.47,,,BSE Financial Services TRI*,INF955L01JF3,154679,3.21,,,,,,,,,14,86.74,61.27,99.59,,13.93,1.66,,,,,,,,,,14,https://www.valueresearchonline.com/funds/44357/
Canara Robeco Banking And Financial Services Dir,equity,equity,Direct,,,,BSE Financial Services TRI*,INF846K01CR6,120438,,,,,,,,,,28,62.54,42.79,96.81,,19.91,2.66,,,,,,,,,,25,https://www.valueresearchonline.com/funds/45866/
DSP BSE Top 10 Banks ETF,equity,equity,Direct,,,,BSE Financial Services TRI*,INF194K01P38,118387,,,,,,,,,,10,99.47,80.11,99.47,,15.93,1.92,,,,,,,,,,10,https://www.valueresearchonline.com/funds/45893/
DSP Banking & Financial Services Dir,equity,equity,Direct,19.04,,,BSE Financial Services TRI*,INF740KA1TQ3,152206,3.21,,,,,,,,,35,54.88,33.03,98.06,,19.37,2.7,,,,,,,,,,25,https://www.valueresearchonline.com/funds/43892/
DSP Nifty Bank ETF,equity,equity,Direct,6.55,9.4,,BSE Financial Services TRI*,INF740K01ZW2,124175,3.21,10.44,,-0.77,1.03,0.34,0.4,16.54,11.23,14,86.71,61.06,99.64,,13.93,1.66,4,3,2,0,3,,12,High Risk,Poor,14,https://www.valueresearchonline.com/funds/42992/
DSP Nifty Bank Index Dir,equity,equity,Direct,6.45,,,BSE Financial Services TRI*,INF740KA1UO6,152654,3.21,,,,,,,,,14,86.72,61.06,99.65,,13.23,1.71,,,,,,,,,,14,https://www.valueresearchonline.com/funds/44336/
DSP Nifty PSU Bank ETF,equity,equity,Direct,25.16,22.85,,BSE Financial Services TRI*,INF209K01YN0,119550,3.21,10.44,,13.3,1.09,0.79,1.14,25.41,25.67,12,98.78,78.39,99.89,,7.67,1.12,12,2,4,2,0,,20,Moderate Risk,Average,12,https://www.valueresearchonline.com/funds/43656/
DSP Nifty Private Bank ETF,equity,equity,Direct,6.32,6.75,,BSE Financial Services TRI*,INF740KA1VN6,153348,3.21,10.44,,-3.28,0.99,0.17,0.22,16.13,8.49,10,99.66,85.9,99.66,,17.62,1.93,2,3,2,0,3,,10,High Risk,Poor,10,https://www.valueresearchonline.com/funds/43655/
DSP Nifty Private Bank Index Dir,equity,equity,Direct,5.89,,,BSE Financial Services TRI*,INF740KA1VN6,153348,3.21,,,,,,,,,10,99.65,85.89,99.65,,16.97,2.04,,,,,,,,,,10,https://www.valueresearchonline.com/funds/44972/
Edelweiss Financial Services Dir,equity,equity,Direct,,,,BSE Financial Services TRI*,INF754K01WH1,154108,,,,,,,,,,33,65.74,44.82,96.52,,16.51,2.21,,,,,,,,,,25,https://www.valueresearchonline.com/funds/45749/
Edelweiss Nifty Bank ETF,equity,equity,Direct,6.44,,,BSE Financial Services TRI*,INF843K01FC8,140286,3.21,,,,,,,,,14,86.71,61.06,99.64,,13.93,1.66,,,,,,,,,,14,https://www.valueresearchonline.com/funds/44536/
Groww Banking & Financial Services Dir,equity,equity,Direct,17.54,,,BSE Financial Services TRI*,INF666M01HS1,152254,3.21,,,,,,,,,34,45.85,28.4,90.64,,23.23,2.82,,,,,,,,,,25,https://www.valueresearchonline.com/funds/43974/
Groww Nifty PSU Bank ETF,equity,equity,Direct,,,,BSE Financial Services TRI*,INF209K01YN0,119550,,,,,,,,,,12,98.71,78.34,99.83,,7.67,1.12,,,,,,,,,,12,https://www.valueresearchonline.com/funds/45912/
Groww Nifty PSU Bank Index Dir,equity,equity,Direct,,,,BSE Financial Services TRI*,INF200KB1563,153250,,,,,,,,,,12,98.68,78.31,99.79,,8.66,1.2,,,,,,,,,,12,https://www.valueresearchonline.com/funds/45910/
HDFC Banking & Financial Services Dir,equity,equity,Direct,10.67,13.4,12.56,BSE Financial Services TRI*,INF179KC1BG0,148986,3.21,10.44,9.32,2.69,1.01,0.55,0.75,16.18,14.59,36,66.52,48.72,99.04,,17.91,2.27,8,3,2,0,3,3,16,Moderately High Risk,Average,25,https://www.valueresearchonline.com/funds/41533/
HDFC NIFTY Bank ETF,equity,equity,Direct,6.54,9.39,9.94,BSE Financial Services TRI*,INF179KA1IZ7,128629,3.21,10.44,9.32,-0.79,1.03,0.33,0.4,16.54,11.22,14,86.73,61.07,99.67,,13.93,1.66,4,3,2,0,3,,12,High Risk,Poor,14,https://www.valueresearchonline.com/funds/41076/
HDFC NIFTY PSU BANK ETF,equity,equity,Direct,24.86,,,BSE Financial Services TRI*,INF209K01YN0,119550,3.21,,,,,,,,,12,98.88,78.47,100,,7.67,1.12,,,,,,,,,,12,https://www.valueresearchonline.com/funds/44059/
HDFC NIFTY Private Bank ETF,equity,equity,Direct,6.32,6.73,,BSE Financial Services TRI*,INF090I01VZ8,148304,3.21,10.44,,-3.31,0.99,0.17,0.22,16.14,8.46,10,99.71,85.94,99.71,,17.62,1.93,2,3,2,0,3,,10,High Risk,Poor,10,https://www.valueresearchonline.com/funds/42715/
HSBC Financial Services Dir,equity,equity,Direct,15.72,,,BSE Financial Services TRI*,INF336L01RU8,153266,3.21,,,,,,,,,37,52.68,34.17,96.91,,21.23,2.8,,,,,,,,,,25,https://www.valueresearchonline.com/funds/44926/
Helios Financial Services Dir,equity,equity,Direct,5.06,,,BSE Financial Services TRI*,INF0R8701202,152679,3.21,,,,,,,,,29,67.49,47.31,98.5,,20.86,2.93,,,,,,,,,,25,https://www.valueresearchonline.com/funds/44374/
ICICI Pru Banking & Financial Services Dir,equity,equity,Direct,1.55,10.81,9.95,BSE Financial Services TRI*,INF109K013J1,120244,3.21,10.44,9.32,0.67,0.89,0.43,0.53,14.35,11.85,51,64.64,50.43,92.04,,16.15,2.14,6,4,2,0,3,2,15,Moderately High Risk,Poor,25,https://www.valueresearchonline.com/funds/15936/
ICICI Pru Nifty Bank ETF,equity,equity,Direct,6.55,9.43,9.99,BSE Financial Services TRI*,INF109KC11A4,149858,3.21,10.44,9.32,-0.76,1.03,0.34,0.4,16.54,11.25,14,86.78,61.11,99.72,,13.93,1.66,4,3,2,0,3,,12,High Risk,Poor,14,https://www.valueresearchonline.com/funds/40130/
ICICI Pru Nifty Bank Index Dir,equity,equity,Direct,6.55,9.33,,BSE Financial Services TRI*,INF109KC11A4,149858,3.21,10.44,,-0.84,1.03,0.33,0.4,16.53,11.16,14,86.86,61.16,99.81,,13.23,1.71,4,3,2,0,3,2,12,High Risk,Poor,14,https://www.valueresearchonline.com/funds/42104/
ICICI Pru Nifty Financial Services Ex-Bank ETF,equity,equity,Direct,11.47,18.4,,BSE Financial Services TRI*,INF090I01VZ8,148304,3.21,10.44,,7.57,0.98,0.77,1.04,17.73,19.31,30,64.34,44.67,99.78,,23.92,3.11,12,3,4,2,2,,23,Moderate Risk,Average,25,https://www.valueresearchonline.com/funds/42801/
ICICI Pru Nifty PSU Bank ETF,equity,equity,Direct,24.79,22.75,,BSE Financial Services TRI*,INF209K01YN0,119550,3.21,10.44,,13.21,1.09,0.78,1.13,25.44,25.59,12,98.88,78.47,100,,7.67,1.12,12,2,4,2,0,,20,Moderate Risk,Average,12,https://www.valueresearchonline.com/funds/43296/
ICICI Pru Nifty Private Bank ETF,equity,equity,Direct,6.32,6.73,8.43,BSE Financial Services TRI*,INF109K1A369,153679,3.21,10.44,9.32,-3.31,0.99,0.17,0.22,16.14,8.47,10,99.66,85.9,99.66,,17.62,1.93,2,3,2,0,3,,10,High Risk,Poor,10,https://www.valueresearchonline.com/funds/40210/
ICICI Pru Nifty Private Bank Index Dir,equity,equity,Direct,5.91,,,BSE Financial Services TRI*,INF109K1A369,153679,3.21,,,,,,,,,10,99.82,86.03,99.82,,16.97,2.04,,,,,,,,,,10,https://www.valueresearchonline.com/funds/45300/
ITI Banking and Financial Services Dir,equity,equity,Direct,12.79,13.27,,BSE Financial Services TRI*,INF00XX01BU6,149321,3.21,10.44,,2.59,0.99,0.55,0.68,15.87,14.36,33,61.33,42.17,96.61,,18.33,2.16,8,3,2,0,3,3,16,Moderately High Risk,Average,25,https://www.valueresearchonline.com/funds/41834/
Invesco India Financial Services Dir,equity,equity,Direct,12.44,19.32,14.7,BSE Financial Services TRI*,INF205K01KY4,120385,3.21,10.44,9.32,8.37,0.91,0.92,1.17,15.21,19.63,33,59.58,40.58,98.83,,18.73,2.48,12,4,6,2,3,5,27,Low Risk,Excellent,25,https://www.valueresearchonline.com/funds/16702/
Kotak Banking & Financial Services Dir,equity,equity,Direct,10.62,14.11,,BSE Financial Services TRI*,INF174KA1MD1,151384,3.21,10.44,,3.23,1.02,0.59,0.78,16.14,15.18,34,61.07,45.14,97.1,,16.99,2.26,10,3,2,0,3,3,18,Moderately High Risk,Average,25,https://www.valueresearchonline.com/funds/43128/
Kotak Nifty Bank ETF,equity,equity,Direct,6.56,9.4,9.92,BSE Financial Services TRI*,INF174K01KH7,123693,3.21,10.44,9.32,-0.78,1.03,0.33,0.4,16.54,11.23,14,86.73,61.07,99.66,,13.93,1.66,4,3,2,0,3,,12,High Risk,Poor,14,https://www.valueresearchonline.com/funds/28873/
Kotak Nifty Financial Services Ex-Bank Index Dir,equity,equity,Direct,10.97,17.57,,BSE Financial Services TRI*,INF174KA1OR7,151911,3.21,10.44,,6.84,0.99,0.73,0.99,17.77,18.6,30,64.35,44.68,99.79,,19,3.19,12,3,4,0,2,4,21,Moderate Risk,Good,25,https://www.valueresearchonline.com/funds/43674/
Kotak Nifty PSU Bank ETF,equity,equity,Direct,24.65,22.56,29.79,BSE Financial Services TRI*,INF209K01YN0,119550,3.21,10.44,9.32,13.06,1.09,0.78,1.12,25.42,25.43,12,98.87,78.47,99.98,,7.67,1.12,12,2,4,2,0,,20,Moderate Risk,Average,12,https://www.valueresearchonline.com/funds/6157/
LIC MF Banking & Financial Services Dir,equity,equity,Direct,8.73,9.26,9.89,BSE Financial Services TRI*,INF767K01NK6,134017,3.21,10.44,9.32,-0.98,0.98,0.32,0.48,15.79,10.73,25,61.51,42.41,97.97,,19.61,2.49,4,3,2,0,3,2,12,High Risk,Poor,25,https://www.valueresearchonline.com/funds/29707/
Mahindra Manulife Banking & Financial Services Dir,equity,equity,Direct,14.21,,,BSE Financial Services TRI*,INF174V01CO7,153674,3.21,,,,,,,,,32,59.07,38.87,96.79,,19.5,2.47,,,,,,,,,,25,https://www.valueresearchonline.com/funds/45279/
Mirae Asset Banking and Fin Srvcs Dir,equity,equity,Direct,10.08,13.89,13.2,BSE Financial Services TRI*,INF769K01GX9,148623,3.21,10.44,9.32,3.32,0.97,0.59,0.83,15.62,14.99,32,64.98,49.01,98.18,,17.84,2.34,10,3,2,0,3,3,18,Moderately High Risk,Average,25,https://www.valueresearchonline.com/funds/41190/
Mirae Asset Nifty Bank ETF,equity,equity,Direct,6.62,9.47,,BSE Financial Services TRI*,INF090I01VZ8,148304,3.21,10.44,,-0.72,1.03,0.34,0.41,16.54,11.29,14,86.74,61.08,99.67,,13.93,1.66,4,3,2,0,3,,12,High Risk,Poor,14,https://www.valueresearchonline.com/funds/43616/
Mirae Asset Nifty Financial Services ETF,equity,equity,Direct,1.48,10.47,8.39,BSE Financial Services TRI*,INF209K014W1,125597,3.21,10.44,9.32,0.22,0.96,0.4,0.49,15.45,11.83,20,84.89,60.78,99.61,,16.92,2.24,6,3,2,0,3,,14,Moderately High Risk,Average,20,https://www.valueresearchonline.com/funds/41622/
Mirae Asset Nifty PSU Bank ETF,equity,equity,Direct,25.04,,,BSE Financial Services TRI*,INF209K01YN0,119550,3.21,,,,,,,,,12,98.89,78.48,100.01,,7.67,1.12,,,,,,,,,,12,https://www.valueresearchonline.com/funds/44589/
Motilal Oswal BSE Fins ex Bank 30 Index Dir,equity,equity,Direct,7.1,15.26,,BSE Financial Services TRI*,INF247L01BC9,150443,3.21,10.44,,5.04,0.94,0.64,0.79,17.02,16.51,30,64.3,44.77,99.65,,18.78,3.1,12,4,4,0,2,4,22,Moderate Risk,Good,25,https://www.valueresearchonline.com/funds/42352/
Motilal Oswal BSE Top 10 Banks ETF,equity,equity,Direct,,,,BSE Financial Services TRI*,N/A,N/A,,,,,,,,,,10,99.4,80.07,99.4,,15.93,1.92,,,,,,,,,,10,https://www.valueresearchonline.com/funds/45948/
Motilal Oswal Financial Services Dir,equity,equity,Direct,,,,BSE Financial Services TRI*,INF247L01GN5,154142,,,,,,,,,,28,53.56,34.64,97.92,,20.92,2.38,,,,,,,,,,25,https://www.valueresearchonline.com/funds/45767/
Motilal Oswal Nifty Bank Index Dir,equity,equity,Direct,6.43,9.31,9.89,BSE Financial Services TRI*,INF247L01DL6,152875,3.21,10.44,9.32,-0.86,1.03,0.33,0.4,16.52,11.14,14,86.79,61.11,99.73,,13.23,1.71,4,3,2,0,3,2,12,High Risk,Poor,14,https://www.valueresearchonline.com/funds/40246/
Motilal Oswal Nifty MidSmall Financial Services Index Dir,equity,equity,Direct,26.78,,,BSE Financial Services TRI*,INF247L01DW3,153027,3.21,,,,,,,,,30,61.59,39.14,100.02,,16.06,2.41,,,,,,,,,,25,https://www.valueresearchonline.com/funds/44678/
Navi Nifty Bank Index Dir,equity,equity,Direct,6.45,9.33,,BSE Financial Services TRI*,INF959L01FT4,149804,3.21,10.44,,-0.85,1.03,0.33,0.4,16.57,11.17,14,87,61.26,99.97,,13.23,1.71,4,3,2,0,3,1,12,High Risk,Poor,14,https://www.valueresearchonline.com/funds/42043/
Nippon India Banking & Financial Srvices Dir,equity,equity,Direct,7.55,12.98,13.66,BSE Financial Services TRI*,INF204K01XO1,118589,3.21,10.44,9.32,2.68,0.95,0.56,0.69,15.21,14.22,38,60.08,44.87,98.34,,19.75,2.42,8,4,2,0,3,4,17,Moderately High Risk,Good,25,https://www.valueresearchonline.com/funds/16048/
Nippon India ETF Nifty Bank BeES,equity,equity,Direct,6.51,9.37,9.93,BSE Financial Services TRI*,INF204KA1U61,134552,3.21,10.44,9.32,-0.81,1.03,0.33,0.4,16.54,11.2,14,86.73,61.07,99.67,,13.93,1.66,4,3,2,0,3,,12,High Risk,Poor,14,https://www.valueresearchonline.com/funds/2255/
Nippon India ETF Nifty PSU Bank BeES,equity,equity,Direct,24.67,22.55,29.81,BSE Financial Services TRI*,INF209K01YN0,119550,3.21,10.44,9.32,13.05,1.09,0.78,1.13,25.41,25.42,12,98.84,78.45,99.95,,7.67,1.12,12,2,4,2,0,,20,Moderate Risk,Average,12,https://www.valueresearchonline.com/funds/6175/
Nippon India Nifty Bank Index Dir,equity,equity,Direct,6.43,,,BSE Financial Services TRI*,INF204KC1BY2,152389,3.21,,,,,,,,,14,86.68,61.04,99.61,,13.23,1.71,,,,,,,,,,14,https://www.valueresearchonline.com/funds/44106/
Quant BFSI Dir,equity,equity,Direct,22.55,22.57,,BSE Financial Services TRI*,INF966L01BX0,151791,3.21,10.44,,11.96,0.88,0.95,1.23,18.32,23.06,15,78.44,46.04,98.66,,14.2,1.64,12,4,6,2,2,5,26,Moderate Risk,Excellent,12,https://www.valueresearchonline.com/funds/43555/
SBI BSE PSU Bank ETF,equity,equity,Direct,24.6,,,BSE Financial Services TRI*,INF209K01YN0,119550,3.21,,,,,,,,,11,99.05,76.73,100,,7.36,1.08,,,,,,,,,,11,https://www.valueresearchonline.com/funds/45068/
SBI BSE PSU Bank Index Dir,equity,equity,Direct,24.37,,,BSE Financial Services TRI*,INF200KB1688,153432,3.21,,,,,,,,,11,99.13,76.79,100.08,,8.64,1.2,,,,,,,,,,11,https://www.valueresearchonline.com/funds/45071/
SBI Banking & Financial Services Dir,equity,equity,Direct,5.85,16.74,12.87,BSE Financial Services TRI*,INF200KA1507,133859,3.21,10.44,9.32,6.04,0.88,0.8,0.97,14.35,17.16,32,67.42,52.35,90.82,,16.16,2.19,12,4,6,0,3,4,25,Moderate Risk,Good,25,https://www.valueresearchonline.com/funds/29463/
SBI Nifty Bank ETF,equity,equity,Direct,6.51,9.38,9.94,BSE Financial Services TRI*,INF200K01V08,125503,3.21,10.44,9.32,-0.79,1.03,0.33,0.4,16.54,11.22,14,86.73,61.07,99.66,,13.93,1.66,4,3,2,0,3,,12,High Risk,Poor,14,https://www.valueresearchonline.com/funds/29709/
SBI Nifty Bank Index Dir,equity,equity,Direct,6.62,,,BSE Financial Services TRI*,INF200KB1563,153250,3.21,,,,,,,,,14,86.79,61.11,99.73,,13.23,1.71,,,,,,,,,,14,https://www.valueresearchonline.com/funds/44894/
SBI Nifty Private Bank ETF,equity,equity,Direct,6.34,6.73,8.37,BSE Financial Services TRI*,INF090I01VZ8,148304,3.21,10.44,9.32,-3.31,0.99,0.17,0.22,16.14,8.46,10,99.74,85.97,99.74,,17.62,1.93,2,3,2,0,3,,10,High Risk,Poor,10,https://www.valueresearchonline.com/funds/41149/
Sundaram Financial Services Opportunities Dir,equity,equity,Direct,12.74,14.2,14.35,BSE Financial Services TRI*,INF903J01NB8,119597,3.21,10.44,9.32,3.6,1.02,0.59,0.78,16.58,15.53,28,65.52,43.77,96.83,,14.25,1.78,10,3,2,0,3,4,18,Moderately High Risk,Good,25,https://www.valueresearchonline.com/funds/16148/
Tata Banking & Financial Services Dir,equity,equity,Direct,8.74,12.94,12.65,BSE Financial Services TRI*,INF277K01Z10,135793,3.21,10.44,9.32,2.55,0.98,0.54,0.75,15.77,14.23,34,63.17,43.43,96.7,,19.04,2.38,8,3,2,0,3,3,16,Moderately High Risk,Average,25,https://www.valueresearchonline.com/funds/31356/
Tata Nifty Financial Services Index Dir,equity,equity,Direct,1.01,,,BSE Financial Services TRI*,INF277KA1BA6,152577,3.21,,,,,,,,,20,84.85,60.75,99.57,,16.66,2.3,,,,,,,,,,20,https://www.valueresearchonline.com/funds/44257/
Tata Nifty Private Bank ETF,equity,equity,Direct,6.4,6.79,8.4,BSE Financial Services TRI*,INF090I01VZ8,148304,3.21,10.44,9.32,-3.25,0.99,0.18,0.23,16.15,8.52,10,99.63,86.7,99.63,,17.5,1.94,2,3,2,0,3,,10,High Risk,Poor,10,https://www.valueresearchonline.com/funds/40257/
Taurus Banking & Financial Services Dir,equity,equity,Direct,2.45,9.45,9.82,BSE Financial Services TRI*,INF044D01CN2,118868,3.21,10.44,9.32,-0.65,0.91,0.34,0.48,14.68,10.66,27,71.99,53.32,98.12,,13.75,1.89,4,4,2,0,3,2,13,Moderately High Risk,Poor,25,https://www.valueresearchonline.com/funds/17023/
UTI Banking and Financial Services Dir,equity,equity,Direct,8.12,13.66,11.87,BSE Financial Services TRI*,INF789F01SN3,120733,3.21,10.44,9.32,3.13,0.97,0.58,0.75,15.65,14.77,29,78.38,57.17,96.42,,18.31,2.42,10,3,2,0,3,3,18,Moderately High Risk,Average,25,https://www.valueresearchonline.com/funds/15967/
UTI Nifty Bank ETF,equity,equity,Direct,6.54,9.44,10.03,BSE Financial Services TRI*,INF789F015Z6,126940,3.21,10.44,9.32,-0.74,1.03,0.34,0.4,16.54,11.27,14,86.73,61.07,99.66,,13.93,1.66,4,3,2,0,3,,12,High Risk,Poor,14,https://www.valueresearchonline.com/funds/41106/
UTI Nifty Private Bank Index Dir,equity,equity,Direct,5.83,,,BSE Financial Services TRI*,INF789F1AZJ5,152864,3.21,,,,,,,,,10,99.61,85.86,99.61,,16.97,2.04,,,,,,,,,,10,https://www.valueresearchonline.com/funds/44546/
WhiteOak Capital Banking & Financial Services Dir,equity,equity,Direct,8.65,,,BSE Financial Services TRI*,INF03VN01860,152321,3.21,,,,,,,,,56,49.95,36.35,99.35,,16.33,2.12,,,,,,,,,,25,https://www.valueresearchonline.com/funds/44045/
ABSL Nifty Healthcare ETF,equity,equity,Direct,13.59,20.81,,BSE Healthcare TRI*,INF194KB1KF5,153972,15.65,22.98,,-0.9,0.99,0.95,1.58,16.45,21.37,20,77.61,49.5,99.83,,43.75,5.52,4,3,6,3,3,,19,Moderately High Risk,Average,20,https://www.valueresearchonline.com/funds/41780/
ABSL Pharma & Healthcare Dir,equity,equity,Direct,17.82,22.68,14.24,BSE Healthcare TRI*,INF209KB1O25,147409,15.65,22.98,14.41,1.22,0.91,1.07,1.77,15.3,22.12,38,54.11,35.61,97.61,,43.97,6.24,6,4,8,3,3,3,24,Moderate Risk,Average,25,https://www.valueresearchonline.com/funds/40007/
Axis NIFTY Healthcare ETF,equity,equity,Direct,13.39,20.41,12.54,BSE Healthcare TRI*,INF579M01AN2,151165,15.65,22.98,14.41,-1.18,0.98,0.94,1.55,16.37,21.01,20,77.64,49.52,99.86,,43.75,5.52,4,3,6,3,3,,19,Moderately High Risk,Average,20,https://www.valueresearchonline.com/funds/41481/
Bajaj Finserv Healthcare Dir,equity,equity,Direct,21.98,,,BSE Healthcare TRI*,INF0QA701AB9,153157,15.65,,,,,,,,,32,61.85,37.77,94.56,,52.78,6.37,,,,,,,,,,25,https://www.valueresearchonline.com/funds/44774/
Bandhan BSE Healthcare Index Dir,equity,equity,Direct,15.21,,,BSE Healthcare TRI*,INF194KB1IS2,152844,15.65,,,,,,,,,125,55.55,35.64,99.93,,43.83,5.72,,,,,,,,,,25,https://www.valueresearchonline.com/funds/44512/
Bandhan Healthcare Dir,equity,equity,Direct,,,,BSE Healthcare TRI*,INF194KB1KF5,153972,,,,,,,,,,34,52.89,34.77,96.46,,43,5.71,,,,,,,,,,25,https://www.valueresearchonline.com/funds/45548/
Baroda BNP Paribas Health and Wellness Dir,equity,equity,Direct,10.99,,,BSE Healthcare TRI*,INF251K01VA5,153604,15.65,,,,,,,,,30,58.87,36.24,96.61,,47.26,7.33,,,,,,,,,,25,https://www.valueresearchonline.com/funds/45233/
DSP Healthcare Dir,equity,equity,Direct,17.93,22.54,15.39,BSE Healthcare TRI*,INF740KA1LG1,145454,15.65,22.98,14.41,1.98,0.84,1.08,1.75,14.91,21.86,29,59.03,38.17,92.67,,35.39,4.21,8,5,8,3,3,3,27,Low Risk,Average,25,https://www.valueresearchonline.com/funds/38201/
DSP Nifty Healthcare ETF,equity,equity,Direct,13.55,,,BSE Healthcare TRI*,INF579M01AN2,151165,15.65,,,,,,,,,20,77.54,49.46,99.78,,43.75,5.52,,,,,,,,,,20,https://www.valueresearchonline.com/funds/44001/
DSP Nifty Healthcare Index Dir,equity,equity,Direct,13.49,,,BSE Healthcare TRI*,INF740KA1WF0,153594,15.65,,,,,,,,,20,77.61,49.5,99.84,,43.33,5.61,,,,,,,,,,20,https://www.valueresearchonline.com/funds/45212/
Edelweiss MSCI India Domestic & World Healthcare 45 Index Dir,equity,equity,Direct,21.4,19.84,13.33,BSE Healthcare TRI*,INF754K01LV5,148555,15.65,22.98,14.41,2.75,0.67,1.14,2.16,12.18,19.62,42,51.31,32.64,99.82,,732.06,98.32,8,6,8,3,4,3,29,Low Risk,Average,25,https://www.valueresearchonline.com/funds/41147/
Groww BSE Hospitals ETF,equity,equity,Direct,,,,BSE Healthcare TRI*,INF666M01NX9,154200,,,,,,,,,,17,93.95,76.14,99.98,,71.52,9.23,,,,,,,,,,17,https://www.valueresearchonline.com/funds/45815/
Groww BSE Hospitals ETF FoF Dir,equity,equity,Direct,,,,BSE Healthcare TRI*,INF666M01NX9,154200,,,,,,,,,,,,,,,,,,,,,,,,,,1,https://www.valueresearchonline.com/funds/45818/
HDFC Pharma And Healthcare Dir,equity,equity,Direct,26.94,,,BSE Healthcare TRI*,INF179KC1HO1,152082,15.65,,,,,,,,,37,51.84,32.99,99.53,,49.75,6.44,,,,,,,,,,25,https://www.valueresearchonline.com/funds/43786/
ICICI Pru Nifty Healthcare ETF,equity,equity,Direct,13.67,20.67,12.75,BSE Healthcare TRI*,INF109K016L0,120586,15.65,22.98,14.41,-0.97,0.98,0.95,1.57,16.39,21.24,20,77.61,49.5,99.83,,43.75,5.52,4,3,6,3,3,,19,Moderately High Risk,Average,20,https://www.valueresearchonline.com/funds/41502/
ICICI Pru Nifty Pharma Index Dir,equity,equity,Direct,20.96,20.74,,BSE Healthcare TRI*,INF109KC11M9,150930,15.65,22.98,,-0.41,0.94,0.96,1.71,15.96,21.03,20,79.09,54.83,99.96,,41.18,5.29,4,4,6,3,3,2,20,Moderate Risk,Poor,20,https://www.valueresearchonline.com/funds/42840/
ICICI Pru Pharma Healthcare and Diagnostics Dir,equity,equity,Direct,9.16,23.18,15.91,BSE Healthcare TRI*,INF0QA701607,152162,15.65,22.98,14.41,1.06,0.96,1.06,1.52,16.12,22.79,35,60.26,39.2,97.16,,40.95,4.2,6,3,8,3,3,4,23,Moderate Risk,Good,25,https://www.valueresearchonline.com/funds/36530/
ITI Pharma and Healthcare Dir,equity,equity,Direct,13.12,20.51,,BSE Healthcare TRI*,INF00XX01BO9,149268,15.65,22.98,,-1.61,0.99,0.91,1.29,16.42,20.69,38,57.45,37.17,97.43,,47.6,5.89,4,3,6,2,3,2,18,Moderately High Risk,Poor,25,https://www.valueresearchonline.com/funds/41793/
Kotak Healthcare Dir,equity,equity,Direct,27.22,,,BSE Healthcare TRI*,INF174KA1PZ7,152214,15.65,,,,,,,,,32,56.75,38.77,98.73,,50.41,6.56,,,,,,,,,,25,https://www.valueresearchonline.com/funds/43896/
LIC MF Healthcare Dir,equity,equity,Direct,17.15,23.39,12.53,BSE Healthcare TRI*,INF397L01LK4,152024,15.65,22.98,14.41,1.63,0.93,1.09,1.61,15.87,23.03,22,63.21,39.24,96.93,,52.26,6.42,8,4,8,3,3,1,26,Moderate Risk,Poor,22,https://www.valueresearchonline.com/funds/39051/
Mirae Asset Healthcare Dir,equity,equity,Direct,20.32,23.42,15.39,BSE Healthcare TRI*,INF769K01ED6,143783,15.65,22.98,14.41,1.01,0.97,1.07,1.72,16.13,22.97,27,58.25,38.71,98.74,,47.87,6.12,6,3,8,3,3,3,23,Moderate Risk,Average,25,https://www.valueresearchonline.com/funds/36382/
Mirae Asset Nifty 500 Healthcare ETF,equity,equity,Direct,,,,BSE Healthcare TRI*,INF209KB1O25,147409,,,,,,,,,,48,59.17,35.9,99.81,,45.05,5.69,,,,,,,,,,25,https://www.valueresearchonline.com/funds/45788/
Motilal Oswal BSE Healthcare ETF,equity,equity,Direct,15.43,22.67,,BSE Healthcare TRI*,INF209KB1O25,147409,15.65,22.98,,-0.23,1,1.02,1.52,16.28,22.22,125,55.43,35.57,99.67,,43.24,5.5,4,3,8,3,3,,21,Moderate Risk,Average,25,https://www.valueresearchonline.com/funds/42344/
Motilal Oswal Nifty MidSmall Helthcr Index Dir,equity,equity,Direct,16.97,,,BSE Healthcare TRI*,INF247L01EA7,153023,15.65,,,,,,,,,30,59.9,39,99.76,,44.46,5.47,,,,,,,,,,25,https://www.valueresearchonline.com/funds/44676/
Nippon India Nifty Pharma ETF,equity,equity,Direct,21.26,21.19,13.36,BSE Healthcare TRI*,INF204KA1U53,134547,15.65,22.98,14.41,-0.06,0.94,0.98,1.74,15.98,21.42,20,78.95,54.73,99.78,,40.45,5.01,4,4,6,3,3,,20,Moderate Risk,Average,20,https://www.valueresearchonline.com/funds/41539/
Nippon India Pharma Dir,equity,equity,Direct,11.67,19.36,13.53,BSE Healthcare TRI*,INF204K01I50,118759,15.65,22.98,14.41,-1.15,0.88,0.92,1.35,14.77,19.34,35,57.34,38.41,97.32,,40.42,5.56,4,4,6,2,3,2,19,Moderately High Risk,Poor,25,https://www.valueresearchonline.com/funds/16150/
PGIM India Healthcare Dir,equity,equity,Direct,24.7,,,BSE Healthcare TRI*,INF663L01Z45,153039,15.65,,,,,,,,,29,64.02,42.66,94.31,,56.59,8.52,,,,,,,,,,25,https://www.valueresearchonline.com/funds/44693/
Quant Healthcare Dir,equity,equity,Direct,22.07,21.68,,BSE Healthcare TRI*,INF966L01CD0,151853,15.65,22.98,,-0.16,0.97,0.89,1.43,18.15,21.89,14,85.61,48.1,99.21,,41.19,5.15,4,3,6,2,2,1,17,Moderately High Risk,Poor,12,https://www.valueresearchonline.com/funds/43610/
SBI Healthcare Opportunities Dir,equity,equity,Direct,21.26,24.69,18.31,BSE Healthcare TRI*,INF200K01UP2,119783,15.65,22.98,14.41,3.42,0.86,1.24,2.04,14.38,23.53,33,56.27,35.4,98.31,,55.62,6.51,10,4,10,3,3,5,30,Low Risk,Excellent,25,https://www.valueresearchonline.com/funds/16327/
Tata India Pharma & Healthcare Dir,equity,equity,Direct,10.1,20.69,14.61,BSE Healthcare TRI*,INF277K019A3,135810,15.65,22.98,14.41,-1.55,0.99,0.92,1.38,16.38,20.75,37,52.74,31.33,99.13,,44.73,6.18,4,3,6,2,3,2,18,Moderately High Risk,Poor,25,https://www.valueresearchonline.com/funds/31352/
Tata Nifty MidSmall Healthcare Index Dir,equity,equity,Direct,17.02,,,BSE Healthcare TRI*,INF277KA1BG3,152564,15.65,,,,,,,,,30,60.04,39.09,100.03,,44.46,5.47,,,,,,,,,,25,https://www.valueresearchonline.com/funds/44275/
UTI Healthcare Dir,equity,equity,Direct,18.33,25.1,16.18,BSE Healthcare TRI*,INF789F01TO9,120782,15.65,22.98,14.41,2.21,0.95,1.15,1.82,15.93,23.93,44,42.65,26.62,97.08,,42.65,5.59,8,4,8,3,3,4,26,Moderate Risk,Good,25,https://www.valueresearchonline.com/funds/15932/
WhiteOak Capital Pharma and Healthcare Dir,equity,equity,Direct,22.03,,,BSE Healthcare TRI*,INF03VN01886,152349,15.65,,,,,,,,,54,46.39,29.92,99.2,,51.31,7.47,,,,,,,,,,25,https://www.valueresearchonline.com/funds/44061/
ABSL Digital India Dir,equity,equity,Direct,-3.35,5.57,5.15,BSE IT TRI*,INF209K01VF2,120539,-13.83,-0.66,-1.15,5.58,0.85,0.15,0.22,20.86,8.81,39,64.42,40.58,93.18,,27.45,4.9,12,5,2,0,2,,21,Moderate Risk,Average,25,https://www.valueresearchonline.com/funds/15878/
ABSL Nifty IT ETF,equity,equity,Direct,-10.17,0.58,,BSE IT TRI*,INF209K01YN0,119550,-13.83,-0.66,,2.52,1.04,-0.02,-0.03,24.85,5.22,10,99.77,78.34,99.77,,19.7,4.86,8,3,0,0,0,,11,High Risk,Poor,10,https://www.valueresearchonline.com/funds/41807/
Axis NIFTY IT ETF,equity,equity,Direct,-10.97,0.3,-0.75,BSE IT TRI*,INF846K01CR6,120438,-13.83,-0.66,-1.15,2.24,1.04,-0.03,-0.04,24.83,4.94,10,99.85,78.4,99.85,,19.7,4.86,8,3,0,0,0,,11,High Risk,Poor,10,https://www.valueresearchonline.com/funds/41382/
Axis Nifty IT Index Dir,equity,equity,Direct,-11.12,0.16,,BSE IT TRI*,INF846K017R3,151785,-13.83,-0.66,,2.1,1.04,-0.04,-0.05,24.83,4.8,10,99.88,78.42,99.88,,18.91,5.41,8,3,0,0,0,,11,High Risk,Poor,10,https://www.valueresearchonline.com/funds/43614/
Bandhan Nifty IT Index Dir,equity,equity,Direct,-11.3,0.45,,BSE IT TRI*,INF194KB1GK3,152041,-13.83,-0.66,,,,,,,,10,100.4,78.83,100.4,,18.91,5.41,,,,,,,,,,10,https://www.valueresearchonline.com/funds/43728/
DSP Nifty IT ETF,equity,equity,Direct,-10.71,0.4,,BSE IT TRI*,INF740K01ZW2,124175,-13.83,-0.66,,2.34,1.04,-0.03,-0.04,24.83,5.04,10,99.78,78.34,99.78,,19.7,4.86,8,3,0,0,0,,11,High Risk,Poor,10,https://www.valueresearchonline.com/funds/43573/
DSP Nifty IT Index Dir,equity,equity,Direct,-11.05,,,BSE IT TRI*,INF740KA1WL8,153590,-13.83,,,,,,,,,10,100.02,78.53,100.02,,18.91,5.41,,,,,,,,,,10,https://www.valueresearchonline.com/funds/45208/
Edelweiss Technology Dir,equity,equity,Direct,11.78,,,BSE IT TRI*,INF754K01SK3,152437,-13.83,,,,,,,,,81,50.21,33.05,92.64,,30.36,6.24,,,,,,,,,,25,https://www.valueresearchonline.com/funds/44122/
Franklin India Technology Dir,equity,equity,Direct,-5.56,9.65,7.89,BSE IT TRI*,INF090I01FE6,118537,-13.83,-0.66,-1.15,8.05,0.71,0.32,0.49,18.63,11.69,22,71.04,55.96,93.16,,25.86,4.79,12,6,2,0,2,,22,Moderate Risk,Average,23,https://www.valueresearchonline.com/funds/16018/
HDFC NIFTY IT ETF,equity,equity,Direct,-10.88,0.36,,BSE IT TRI*,INF179KA1IZ7,128629,-13.83,-0.66,,2.3,1.04,-0.03,-0.04,24.86,5,10,99.82,78.38,99.82,,19.7,4.86,8,3,0,0,0,,11,High Risk,Poor,10,https://www.valueresearchonline.com/funds/42716/
HDFC Nifty India Digital Index Dir,equity,equity,Direct,-1.66,,,BSE IT TRI*,INF179KC1JB4,153097,-13.83,,,,,,,,,51,61.78,38.6,94.2,,25.79,6.81,,,,,,,,,,25,https://www.valueresearchonline.com/funds/44757/
HDFC Technology Dir,equity,equity,Direct,-9.38,,,BSE IT TRI*,INF179KC1HI3,152059,-13.83,,,,,,,,,25,70.27,48.48,95.64,,25.65,4.55,,,,,,,,,,25,https://www.valueresearchonline.com/funds/43756/
ICICI Pru Nifty IT ETF,equity,equity,Direct,-10.82,0.41,-0.7,BSE IT TRI*,INF109KC13E2,150468,-13.83,-0.66,-1.15,2.35,1.04,-0.03,-0.04,24.87,5.05,10,99.86,78.41,99.86,,19.7,4.86,8,3,0,0,0,,11,High Risk,Poor,10,https://www.valueresearchonline.com/funds/41081/
ICICI Pru Nifty IT Index Dir,equity,equity,Direct,-11.09,0.17,,BSE IT TRI*,INF109KC13E2,150468,-13.83,-0.66,,2.1,1.04,-0.04,-0.05,24.84,4.8,10,99.94,78.47,99.94,,18.91,5.41,8,3,0,0,0,,11,High Risk,Poor,10,https://www.valueresearchonline.com/funds/42405/
ICICI Pru Technology Dir,equity,equity,Direct,-5.83,7.05,4.5,BSE IT TRI*,INF109K01Z48,120594,-13.83,-0.66,-1.15,6.74,0.83,0.21,0.31,20.25,10.04,68,55.05,41.75,95.01,,25.6,4.23,12,5,2,0,2,,21,Moderate Risk,Average,25,https://www.valueresearchonline.com/funds/15864/
Invesco India Tech Dir,equity,equity,Direct,5.79,,,BSE IT TRI*,INF0QA701607,152162,-13.83,,,,,,,,,28,58.1,37.87,85.66,,35.65,6.26,,,,,,,,,,25,https://www.valueresearchonline.com/funds/44543/
Kotak Nifty IT ETF,equity,equity,Direct,-10.6,0.54,-0.58,BSE IT TRI*,INF174K01KH7,123693,-13.83,-0.66,-1.15,2.47,1.04,-0.02,-0.03,24.83,5.17,10,99.8,78.36,99.8,,19.7,4.86,8,3,0,0,0,,11,High Risk,Poor,10,https://www.valueresearchonline.com/funds/41345/
Kotak Technology Dir,equity,equity,Direct,-5.21,,,BSE IT TRI*,INF174KA1QZ5,152462,-13.83,,,,,,,,,24,71.01,52.97,95.33,,28.71,5.38,,,,,,,,,,24,https://www.valueresearchonline.com/funds/44164/
LIC MF Technology Dir,equity,equity,Direct,,,,BSE IT TRI*,INF0QA701607,152162,,,,,,,,,,31,52.19,32.16,81.48,,36.78,6.51,,,,,,,,,,25,https://www.valueresearchonline.com/funds/45855/
Mirae Asset Nifty IT ETF,equity,equity,Direct,-10.8,,,BSE IT TRI*,INF769K01FY9,148419,-13.83,,,,,,,,,10,99.97,78.49,99.97,,19.7,4.86,,,,,,,,,,10,https://www.valueresearchonline.com/funds/43832/
Motilal Oswal Digital India Dir,equity,equity,Direct,3.29,,,BSE IT TRI*,INF247L01DN2,152964,-13.83,,,,,,,,,26,52.96,30.28,80.66,,34.97,4.2,,,,,,,,,,25,https://www.valueresearchonline.com/funds/44642/
Navi Nifty IT Index Dir,equity,equity,Direct,-11.28,,,BSE IT TRI*,INF959L01HM5,152535,-13.83,,,,,,,,,10,98.31,77.19,98.31,,18.91,5.41,,,,,,,,,,10,https://www.valueresearchonline.com/funds/44234/
Nippon India ETF Nifty IT,equity,equity,Direct,-10.98,0.32,-0.77,BSE IT TRI*,INF204KC1CE2,152392,-13.83,-0.66,-1.15,2.26,1.04,-0.03,-0.04,24.85,4.96,10,99.92,78.45,99.92,,19.7,4.86,8,3,0,0,0,,11,High Risk,Poor,10,https://www.valueresearchonline.com/funds/41024/
Nippon India Nifty IT Index Dir,equity,equity,Direct,-11.08,,,BSE IT TRI*,INF204KC1CE2,152392,-13.83,,,,,,,,,10,99.92,78.45,99.92,,18.91,5.41,,,,,,,,,,10,https://www.valueresearchonline.com/funds/44110/
Quant Teck Dir,equity,equity,Direct,-2.1,,,BSE IT TRI*,INF966L01CT6,152067,-13.83,,,,,,,,,15,78.39,45.68,97.68,,23.47,3.36,,,,,,,,,,12,https://www.valueresearchonline.com/funds/43762/
SBI Nifty IT ETF,equity,equity,Direct,-10.99,0.32,-0.78,BSE IT TRI*,INF200K01V08,125503,-13.83,-0.66,-1.15,2.26,1.04,-0.03,-0.04,24.86,4.96,10,99.91,78.45,99.91,,19.7,4.86,8,3,0,0,0,,11,High Risk,Poor,10,https://www.valueresearchonline.com/funds/41150/
SBI Nifty IT Index Dir,equity,equity,Direct,-11.1,,,BSE IT TRI*,INF200KB1621,153320,-13.83,,,,,,,,,10,100.97,79.28,100.97,,18.91,5.41,,,,,,,,,,10,https://www.valueresearchonline.com/funds/44960/
SBI Technology Opportunities Dir,equity,equity,Direct,-5.1,9.23,7.53,BSE IT TRI*,INF200K01RV6,120578,-13.83,-0.66,-1.15,8.4,0.78,0.32,0.5,19.35,11.83,26,65.76,47.04,94.56,,27.33,4.96,12,5,2,0,2,,21,Moderate Risk,Average,25,https://www.valueresearchonline.com/funds/17526/
Tata Digital India Dir,equity,equity,Direct,-8.08,6.26,4.61,BSE IT TRI*,INF277K01Z77,135800,-13.83,-0.66,-1.15,6.39,0.86,0.19,0.27,20.95,9.61,50,64.71,48.55,88.78,,26.16,5.15,12,4,2,0,2,,20,Moderate Risk,Average,25,https://www.valueresearchonline.com/funds/31368/
Tata Nifty India Digital ETF,equity,equity,Direct,-1.44,11.58,,BSE IT TRI*,INF277KA1430,150344,-13.83,-0.66,,10.69,0.75,0.43,0.64,19.79,14.21,51,61.93,38.7,93.88,,26.18,5.37,12,6,2,0,2,,22,Moderate Risk,Average,25,https://www.valueresearchonline.com/funds/42165/
Tata Nifty India Digital ETF FoF Dir,equity,equity,Direct,-2.16,10.9,,BSE IT TRI*,INF277KA1430,150344,-13.83,-0.66,,9.58,0.72,0.39,0.54,19.43,13.19,,,,,,,,12,6,2,0,2,,22,Moderate Risk,Average,1,https://www.valueresearchonline.com/funds/42256/
UTI Nifty IT ETF,equity,equity,Direct,-10.8,,,BSE IT TRI*,INF789F015Z6,126940,-13.83,,,,,,,,,10,99.63,78.22,99.63,,19.7,4.86,,,,,,,,,,10,https://www.valueresearchonline.com/funds/44072/
WhiteOak Capital Digital Bharat Dir,equity,equity,Direct,1.83,,,BSE IT TRI*,INF03VN01936,152915,-13.83,,,,,,,,,37,59.39,40.93,90.66,,42.19,5.37,,,,,,,,,,25,https://www.valueresearchonline.com/funds/44576/
ABSL Nifty Smallcap 50 Index Dir,equity,equity,Direct,18.23,19.8,14,BSE 250 SmallCap TRI*,INF209KB1W17,148815,8.41,13.97,15.53,5.53,1.02,0.7,1.13,22.54,21.4,50,31.95,18.26,70.29,,35.88,3.44,12,3,4,2,0,1,21,Moderate Risk,Poor,25,https://www.valueresearchonline.com/funds/41389/
ABSL Small Cap Dir,equity,equity,Direct,21.88,16.13,14.82,BSE 250 SmallCap TRI*,INF209K01WN4,119556,8.41,13.97,15.53,2.62,0.9,0.58,0.91,20,17.31,88,23,12.75,49.7,,29.34,3.74,8,4,2,0,2,2,16,Moderately High Risk,Poor,25,https://www.valueresearchonline.com/funds/15935/
Abakkus Small Cap Dir,equity,equity,Direct,,,,BSE 250 SmallCap TRI*,INF0QA701607,152162,,,,,,,,,,62,17.4,8.89,53.55,,27.64,3.68,,,,,,,,,,25,https://www.valueresearchonline.com/funds/45863/
Axis Nifty Smallcap 50 Index Dir,equity,equity,Direct,18.36,19.85,,BSE 250 SmallCap TRI*,INF846K013H3,149894,8.41,13.97,,5.6,1.01,0.7,1.14,22.39,21.4,50,31.98,18.28,70.36,,35.88,3.44,12,3,4,2,0,4,21,Moderate Risk,Good,25,https://www.valueresearchonline.com/funds/42118/
Axis Small Cap Dir,equity,equity,Direct,12.51,16.08,16.79,BSE 250 SmallCap TRI*,INF846K01K35,125354,8.41,13.97,15.53,3.61,0.76,0.67,0.93,16.81,16.88,127,18.52,11.34,50.36,,31.33,3.86,10,5,4,0,3,3,22,Moderate Risk,Average,25,https://www.valueresearchonline.com/funds/22335/
Bajaj Finserv Small Cap Dir,equity,equity,Direct,20.59,,,BSE 250 SmallCap TRI*,INF0QA701BN2,153612,8.41,,,,,,,,,92,28.04,16,58.08,,31.93,3.46,,,,,,,,,,25,https://www.valueresearchonline.com/funds/45271/
Bandhan Nifty Smallcap 250 Index Dir,equity,equity,Direct,9.75,,,BSE 250 SmallCap TRI*,INF194KB1HG9,152264,8.41,,,,,,,,,250,12.06,6.79,54.73,,32.9,3.45,,,,,,,,,,25,https://www.valueresearchonline.com/funds/43958/
Bandhan Small Cap Dir,equity,equity,Direct,14.84,25.44,20.38,BSE 250 SmallCap TRI*,INF194KB1AL4,147946,8.41,13.97,15.53,10.31,0.92,0.96,1.52,20.45,25.25,260,18.9,11.7,49.38,,17.98,2.24,12,4,6,3,2,5,27,Low Risk,Excellent,25,https://www.valueresearchonline.com/funds/40564/
Bank of India Small Cap Dir,equity,equity,Direct,28.83,22.33,20.97,BSE 250 SmallCap TRI*,INF761K01EP7,145678,8.41,13.97,15.53,7.79,0.96,0.8,1.18,21.89,23.1,84,21.99,12.15,57.06,,34.59,4.76,12,3,6,2,2,4,25,Moderate Risk,Good,25,https://www.valueresearchonline.com/funds/38283/
Baroda BNP Paribas Small Cap Dir,equity,equity,Direct,11.52,,,BSE 250 SmallCap TRI*,INF251K01SR5,152128,8.41,,,,,,,,,56,29.16,16.2,57.24,,29.49,3.81,,,,,,,,,,25,https://www.valueresearchonline.com/funds/43795/
Canara Robeco Small Cap Dir,equity,equity,Direct,9.29,13.52,15.91,BSE 250 SmallCap TRI*,INF760K01JC6,146130,8.41,13.97,15.53,1,0.81,0.51,0.69,17.9,14.79,86,22.55,11.97,60.85,,32.4,3.93,6,5,2,0,2,3,15,Moderately High Risk,Average,25,https://www.valueresearchonline.com/funds/38817/
DSP Nifty Smallcap 250 ETF,equity,equity,Direct,,,,BSE 250 SmallCap TRI*,INF740KA1XH4,154018,,,,,,,,,,250,12.06,6.79,54.69,,28.01,3.22,,,,,,,,,,25,https://www.valueresearchonline.com/funds/45659/
DSP Nifty Smallcap 250 Index Dir,equity,equity,Direct,,,,BSE 250 SmallCap TRI*,INF740KA1XH4,154018,,,,,,,,,,250,12.06,6.79,54.67,,32.9,3.45,,,,,,,,,,25,https://www.valueresearchonline.com/funds/45657/
DSP Nifty Smallcap250 Quality 50 Index Dir,equity,equity,Direct,-4.28,,,BSE 500 TRI*,INF740KA1TW1,152243,2.44,,,,,,,,,50,36.07,21.42,61.15,,24.74,4.27,,,,,,,,,,25,https://www.valueresearchonline.com/funds/43941/
DSP Small Cap Dir,equity,equity,Direct,19.7,17.71,19.21,BSE 250 SmallCap TRI*,INF740K01QD1,119212,8.41,13.97,15.53,4.31,0.93,0.64,1,21.23,19.31,82,27.54,17.03,59.41,,30.25,3.87,10,4,4,2,2,3,22,Moderate Risk,Average,25,https://www.valueresearchonline.com/funds/16411/
Edelweiss Nifty Smallcap 250 Index Dir,equity,equity,Direct,9.92,15.35,,BSE 250 SmallCap TRI*,INF754K01QT8,150892,8.41,13.97,,1.37,1,0.52,0.79,21.71,17.06,250,12.06,6.79,54.74,,32.9,3.45,6,3,2,0,2,3,13,Moderately High Risk,Average,25,https://www.valueresearchonline.com/funds/42808/
Edelweiss Small Cap Dir,equity,equity,Direct,12.14,16.19,18.18,BSE 250 SmallCap TRI*,INF754K01JN6,146196,8.41,13.97,15.53,3.71,0.81,0.66,0.91,18.08,17.54,90,23.51,12.74,59.77,,32.27,4.47,10,5,4,0,2,4,21,Moderate Risk,Good,25,https://www.valueresearchonline.com/funds/38851/
Franklin India Small Cap Dir,equity,equity,Direct,7.99,13.39,16.96,BSE 250 SmallCap TRI*,INF090I01IQ4,118525,8.41,13.97,15.53,0.22,0.89,0.46,0.71,19.94,14.87,89,20.93,11.35,57.83,,27.56,3.03,6,4,2,0,2,3,14,Moderately High Risk,Average,25,https://www.valueresearchonline.com/funds/16010/
Groww Nifty Smallcap 250 ETF,equity,equity,Direct,,,,BSE 250 SmallCap TRI*,INF666M01HY9,152431,,,,,,,,,,250,12.07,6.79,54.67,,28.01,3.22,,,,,,,,,,25,https://www.valueresearchonline.com/funds/45552/
Groww Nifty Smallcap 250 Index Dir,equity,equity,Direct,9.83,,,BSE 250 SmallCap TRI*,INF666M01HY9,152431,8.41,,,,,,,,,250,12.08,6.8,54.76,,32.9,3.45,,,,,,,,,,25,https://www.valueresearchonline.com/funds/44156/
Groww Small Cap Fund Dir,equity,equity,Direct,,,,BSE 250 SmallCap TRI*,INF666M01NJ8,154063,,,,,,,,,,57,27.97,15.62,54.35,,25.04,3.39,,,,,,,,,,25,https://www.valueresearchonline.com/funds/45697/
HDFC Nifty Smallcap 250 ETF,equity,equity,Direct,9.79,15.25,,BSE 250 SmallCap TRI*,INF179KC1GE4,151727,8.41,13.97,,1.24,1,0.52,0.78,21.77,16.96,250,12.06,6.79,54.71,,28.01,3.22,6,3,2,0,2,,13,Moderately High Risk,Average,25,https://www.valueresearchonline.com/funds/43116/
HDFC Nifty Smallcap 250 Index Dir,equity,equity,Direct,9.65,14.99,,BSE 250 SmallCap TRI*,INF179KC1GE4,151727,8.41,13.97,,1.02,1,0.51,0.76,21.74,16.72,250,12.06,6.79,54.71,,32.9,3.45,6,3,2,0,2,2,13,Moderately High Risk,Poor,25,https://www.valueresearchonline.com/funds/43484/
HDFC Small Cap Dir,equity,equity,Direct,-0.71,10.89,15.64,BSE 250 SmallCap TRI*,INF179KA1RW5,130503,8.41,13.97,15.53,-1.13,0.78,0.38,0.54,17.46,12.34,84,27.02,17.05,54.39,,21.44,2.92,4,5,2,0,2,3,13,Moderately High Risk,Average,25,https://www.valueresearchonline.com/funds/16617/
HSBC Small Cap Dir,equity,equity,Direct,15.89,15.01,18.62,BSE 250 SmallCap TRI*,INF917K01QA1,151130,8.41,13.97,15.53,1.34,0.98,0.51,0.72,21.81,16.82,108,19.04,10.41,59.05,,33.22,4.23,6,3,2,0,2,3,13,Moderately High Risk,Average,25,https://www.valueresearchonline.com/funds/26133/
Helios Small Cap Dir,equity,equity,Direct,,,,BSE 250 SmallCap TRI*,INF0R8701384,153912,,,,,,,,,,90,19,10.43,63.98,,41.83,5.35,,,,,,,,,,25,https://www.valueresearchonline.com/funds/45559/
ICICI Pru Nifty Smallcap 250 Index Dir,equity,equity,Direct,9.66,14.99,,BSE 250 SmallCap TRI*,INF109KC1V18,149283,8.41,13.97,,1.03,1,0.51,0.76,21.71,16.72,250,12.07,6.8,54.73,,32.9,3.45,6,3,2,0,2,2,13,Moderately High Risk,Poor,25,https://www.valueresearchonline.com/funds/41789/
ICICI Pru Smallcap Dir,equity,equity,Direct,5.16,11.65,15.24,BSE 250 SmallCap TRI*,INF109K015M0,120591,8.41,13.97,15.53,-0.43,0.79,0.42,0.59,17.74,13.19,130,20.83,11.79,67.49,,24.81,2.82,4,5,2,0,2,3,13,Moderately High Risk,Average,25,https://www.valueresearchonline.com/funds/17116/
ITI Small Cap Dir,equity,equity,Direct,24.51,25.64,19.62,BSE 250 SmallCap TRI*,INF00XX01747,147919,8.41,13.97,15.53,10.83,0.88,0.99,1.39,19.91,25.38,82,21.65,12.37,58.56,,41.77,5.38,12,4,6,2,2,5,26,Moderate Risk,Excellent,25,https://www.valueresearchonline.com/funds/40532/
Invesco India Smallcap Dir,equity,equity,Direct,19.04,23.49,20.8,BSE 250 SmallCap TRI*,INF205K013T3,145137,8.41,13.97,15.53,9.27,0.86,0.91,1.14,19.57,23.56,65,35.81,21.41,55.73,,42.64,4.48,12,4,6,2,2,5,26,Moderate Risk,Excellent,25,https://www.valueresearchonline.com/funds/37843/
JM Small Cap Dir,equity,equity,Direct,20.44,,,BSE 250 SmallCap TRI*,INF192K01NH3,152614,8.41,,,,,,,,,81,29.97,17.56,60.8,,30.67,2.94,,,,,,,,,,25,https://www.valueresearchonline.com/funds/44313/
JioBlackRock Nifty Smallcap 250 Index Dir,equity,equity,Direct,9.84,,,BSE 250 SmallCap TRI*,INF22M001051,153790,8.41,,,,,,,,,250,12.08,6.8,54.77,,32.9,3.45,,,,,,,,,,25,https://www.valueresearchonline.com/funds/45424/
Kotak Nifty Smallcap 250 Index Dir,equity,equity,Direct,9.74,,,BSE 250 SmallCap TRI*,INF174KA1UK9,153223,8.41,,,,,,,,,250,12.06,6.79,54.7,,32.9,3.45,,,,,,,,,,25,https://www.valueresearchonline.com/funds/44868/
Kotak Nifty Smallcap 50 Index Dir,equity,equity,Direct,18.07,19.94,,BSE 250 SmallCap TRI*,INF174KA1NB3,151649,8.41,13.97,,5.62,1.02,0.7,1.13,22.56,21.5,50,31.96,18.26,70.31,,35.88,3.44,12,3,4,2,0,4,21,Moderate Risk,Good,25,https://www.valueresearchonline.com/funds/43357/
Kotak Small Cap Dir,equity,equity,Direct,7.15,12.48,13.65,BSE 250 SmallCap TRI*,INF174K01KT2,120164,8.41,13.97,15.53,0.12,0.86,0.45,0.65,19.43,14.43,79,29.74,18.51,58.36,,33.51,4.13,6,4,2,0,2,2,14,Moderately High Risk,Poor,25,https://www.valueresearchonline.com/funds/16382/
LIC MF Small Cap Dir,equity,equity,Direct,20.3,19.25,19.12,BSE 250 SmallCap TRI*,INF397L01JS1,152004,8.41,13.97,15.53,5,0.96,0.67,0.88,21.77,20.3,57,28.94,17.87,61.58,,22.98,4.34,12,3,4,0,2,3,21,Moderate Risk,Average,25,https://www.valueresearchonline.com/funds/34272/
Mahindra Manulife Small Cap Dir,equity,equity,Direct,21.06,21.11,,BSE 250 SmallCap TRI*,INF174V01BK7,150915,8.41,13.97,,7.26,0.88,0.82,1.19,19.7,21.78,77,27.41,15.92,55.87,,26.92,3.55,12,4,6,2,2,4,26,Moderate Risk,Good,25,https://www.valueresearchonline.com/funds/42799/
Mirae Asset Nifty Smallcap 250 ETF,equity,equity,Direct,,,,BSE 250 SmallCap TRI*,INF769K01LG4,152459,,,,,,,,,,250,12.07,6.8,54.72,,28.01,3.22,,,,,,,,,,25,https://www.valueresearchonline.com/funds/45590/
Mirae Asset Nifty Smallcap 250 Momentum Quality 100 ETF,equity,equity,Direct,9.21,,,BSE 500 TRI*,INF769K01LG4,152459,2.44,,,,,,,,,100,28.53,15.82,55.87,,26.5,4.13,,,,,,,,,,25,https://www.valueresearchonline.com/funds/44091/
Mirae Asset Nifty Smallcap 250 Momentum Quality 100 ETF FoF Dir,equity,equity,Direct,8.38,,,BSE 500 TRI*,INF769K01LG4,152459,2.44,,,,,,,,,,,,,,,,,,,,,,,,,1,https://www.valueresearchonline.com/funds/44094/
Mirae Asset Small Cap Dir,equity,equity,Direct,14.03,,,BSE 250 SmallCap TRI*,INF769K01NJ4,153196,8.41,,,,,,,,,80,22.64,12.64,63.78,,30.22,4.41,,,,,,,,,,25,https://www.valueresearchonline.com/funds/44824/
Motilal Oswal Nifty Microcap 250 Index Dir,equity,equity,Direct,11.63,17.06,,BSE 250 SmallCap TRI*,INF247L01BQ9,151814,8.41,13.97,,2.75,1.09,0.56,0.91,24.37,19.38,252,14.75,8.34,58.02,,29.7,3.38,8,2,2,0,0,3,12,High Risk,Average,25,https://www.valueresearchonline.com/funds/43575/
Motilal Oswal Nifty Smallcap 250 ETF,equity,equity,Direct,9.84,,,BSE 250 SmallCap TRI*,INF247L01635,139872,8.41,,,,,,,,,250,12.05,6.79,54.71,,28.01,3.22,,,,,,,,,,25,https://www.valueresearchonline.com/funds/44249/
Motilal Oswal Nifty Smallcap 250 Index Dir,equity,equity,Direct,9.77,15.25,15.64,BSE 250 SmallCap TRI*,INF247L01BQ9,151814,8.41,13.97,15.53,1.24,1,0.52,0.78,21.78,16.96,250,12.06,6.79,54.74,,32.9,3.45,6,3,2,0,2,2,13,Moderately High Risk,Poor,25,https://www.valueresearchonline.com/funds/40244/
Motilal Oswal Small Cap Dir,equity,equity,Direct,25.65,,,BSE 250 SmallCap TRI*,INF247L01BY3,152237,8.41,,,,,,,,,61,31.39,18.55,52.72,,32.72,4.68,,,,,,,,,,25,https://www.valueresearchonline.com/funds/43945/
Navi Nifty Smallcap250 Momentum Quality 100 Index Dir,equity,equity,Direct,9,,,BSE 500 TRI*,INF789F1AB22,153272,2.44,,,,,,,,,100,28.54,15.83,55.91,,26.76,4.07,,,,,,,,,,25,https://www.valueresearchonline.com/funds/45019/
Nippon India Nifty Smallcap 250 Index Dir,equity,equity,Direct,9.74,14.81,15.39,BSE 250 SmallCap TRI*,INF204KB15W0,148519,8.41,13.97,15.53,0.88,1,0.5,0.75,21.67,16.55,250,12.06,6.79,54.71,,32.9,3.45,6,3,2,0,2,1,13,Moderately High Risk,Poor,25,https://www.valueresearchonline.com/funds/41131/
Nippon India Small Cap Dir,equity,equity,Direct,11.71,15.6,19.8,BSE 250 SmallCap TRI*,INF204K01K15,118778,8.41,13.97,15.53,2.59,0.87,0.59,0.87,19.17,17,251,13.79,7.96,54.75,,27.67,3.51,8,4,2,0,2,4,16,Moderately High Risk,Good,25,https://www.valueresearchonline.com/funds/16182/
PGIM India Small Cap Dir,equity,equity,Direct,16.19,17.4,14.61,BSE 250 SmallCap TRI*,INF663L01W06,149019,8.41,13.97,15.53,4.7,0.77,0.71,1.1,17.6,18.13,68,26.47,14.3,55.44,,42.05,5.46,10,5,4,2,2,3,23,Moderate Risk,Average,25,https://www.valueresearchonline.com/funds/41577/
Quant Small Cap Dir,equity,equity,Direct,17.99,17.87,20.55,BSE 250 SmallCap TRI*,INF966L01689,120828,8.41,13.97,15.53,4.19,0.89,0.65,1.1,20.18,18.82,107,35.9,21.92,49.86,,31.05,2.92,10,4,4,2,2,3,22,Moderate Risk,Average,25,https://www.valueresearchonline.com/funds/17366/
Quantum Small Cap Dir,equity,equity,Direct,11.91,,,BSE 250 SmallCap TRI*,INF082J01432,152107,8.41,,,,,,,,,59,26.03,14.48,61.81,,21.58,2.81,,,,,,,,,,25,https://www.valueresearchonline.com/funds/43814/
SBI Nifty Smallcap 250 Index Dir,equity,equity,Direct,9.63,15.01,,BSE 250 SmallCap TRI*,INF200KA16P2,150677,8.41,13.97,,1.04,1,0.51,0.76,21.76,16.75,250,12.06,6.79,54.74,,32.9,3.45,6,3,2,0,2,2,13,Moderately High Risk,Poor,25,https://www.valueresearchonline.com/funds/42581/
SBI Small Cap Dir,equity,equity,Direct,9.59,12.63,15.24,BSE 250 SmallCap TRI*,INF200K01T51,125497,8.41,13.97,15.53,0.47,0.77,0.47,0.73,17.39,13.87,68,27.47,15.49,56.88,,31.73,3.97,6,5,2,0,2,2,15,Moderately High Risk,Poor,25,https://www.valueresearchonline.com/funds/15787/
Samco Small Cap Dir,equity,equity,Direct,,,,BSE 250 SmallCap TRI*,INF0QA701607,152162,,,,,,,,,,79,30.89,17.02,52.8,,41.48,5.13,,,,,,,,,,25,https://www.valueresearchonline.com/funds/45540/
Sundaram Small Cap Dir,equity,equity,Direct,18.27,17.71,18.12,BSE 250 SmallCap TRI*,INF903J01NK9,119589,8.41,13.97,15.53,4.23,0.87,0.67,1.01,19.49,18.67,70,29.99,17.63,60.36,,27.24,3.17,10,4,4,2,2,4,22,Moderate Risk,Good,25,https://www.valueresearchonline.com/funds/16112/
TRUST MF Small Cap Dir,equity,equity,Direct,33.87,,,BSE 250 SmallCap TRI*,INF0GCD01800,152939,8.41,,,,,,,,,72,21.66,11.96,59.41,,41.27,5.19,,,,,,,,,,25,https://www.valueresearchonline.com/funds/44593/
Tata Small Cap Dir,equity,equity,Direct,0.2,12.11,16.02,BSE 250 SmallCap TRI*,INF277K011O1,145206,8.41,13.97,15.53,-1,0.87,0.39,0.58,19.91,13.44,63,35.49,21.51,64.21,,28.77,2.99,4,4,2,0,2,2,12,High Risk,Poor,25,https://www.valueresearchonline.com/funds/37991/
The Wealth Company Small Cap Dir,equity,equity,Direct,,,,BSE 250 SmallCap TRI*,INF955L01JF3,154679,,,,,,,,,,62,23.38,12.7,54.15,,37.19,4.91,,,,,,,,,,25,https://www.valueresearchonline.com/funds/45896/
UTI Small Cap Dir,equity,equity,Direct,9.17,14.86,16.29,BSE 250 SmallCap TRI*,INF789F1AUQ1,148618,8.41,13.97,15.53,1.76,0.88,0.54,0.84,19.62,16.26,108,20.31,11.69,53.93,,27.55,3.95,8,4,2,0,2,3,16,Moderately High Risk,Average,25,https://www.valueresearchonline.com/funds/41233/
Union Small Cap Dir,equity,equity,Direct,24.95,17.72,18.12,BSE 250 SmallCap TRI*,INF582M01BU9,129649,8.41,13.97,15.53,4.76,0.84,0.68,0.9,19.41,18.87,80,30.34,17.13,64.72,,39.93,5.44,10,5,4,0,2,4,21,Moderate Risk,Good,25,https://www.valueresearchonline.com/funds/26860/
Zerodha Nifty Smallcap 100 ETF,equity,equity,Direct,,,,BSE 250 SmallCap TRI*,INF579M01AN2,151165,,,,,,,,,,100,22.13,12.46,61.01,,26.65,3.17,,,,,,,,,,25,https://www.valueresearchonline.com/funds/45480/
ABSL Conglomerate Dir,equity,equity,Direct,5.15,,,BSE 500 TRI*,INF209KC1373,153124,2.44,,,,,,,,,47,45.77,29.17,66.34,,24.07,3.41,,,,,,,,,,25,https://www.valueresearchonline.com/funds/44788/
ABSL Nifty India Defence Index Dir,equity,equity,Direct,28.73,,,BSE 500 TRI*,INF209KC1183,152798,2.44,,,,,,,,,19,88.64,71.97,93.31,,50.9,10.32,,,,,,,,,,19,https://www.valueresearchonline.com/funds/44489/
ABSL Special Opportunities Dir,equity,equity,Direct,16.31,19.41,14.68,BSE 500 TRI*,INF209KB1T79,148539,2.44,11.32,10.45,7.33,0.96,0.93,1.26,15.05,19.64,67,30.7,19.86,59.57,,28.15,3.7,12,3,6,2,3,,26,Moderate Risk,Average,25,https://www.valueresearchonline.com/funds/41143/
Axis BSE India Sector Leaders Index Dir,equity,equity,Direct,,,,BSE 500 TRI*,INF846KA1424,154171,,,,,,,,,,60,41.14,24.66,46.98,,23.18,3.35,,,,,,,,,,25,https://www.valueresearchonline.com/funds/45782/
Axis Momentum Dir,equity,equity,Direct,1.21,,,BSE 500 TRI*,INF846K011Z9,153083,2.44,,,,,,,,,54,33.76,19.11,68.68,,30.2,4.45,,,,,,,,,,25,https://www.valueresearchonline.com/funds/44768/
Axis Multi Factor Passive FoF Dir,equity,equity,Direct,3.45,9.51,,BSE 500 TRI*,INF846K011G9,149847,2.44,11.32,,-1.5,0.96,0.34,0.42,14.85,10.8,,,,,,,,4,3,2,0,3,,12,High Risk,Poor,4,https://www.valueresearchonline.com/funds/42080/
Axis Services Opportunities Dir,equity,equity,Direct,0.1,,,BSE 500 TRI*,INF846KA1168,153624,2.44,,,,,,,,,38,53.24,31.33,79.41,,36.79,5.21,,,,,,,,,,25,https://www.valueresearchonline.com/funds/45324/
Bandhan BSE India Sector Leaders Index Dir,equity,equity,Direct,,,,BSE 500 TRI*,INF194KB1KB4,153838,,,,,,,,,,60,41.18,24.68,47.04,,23.18,3.35,,,,,,,,,,25,https://www.valueresearchonline.com/funds/45461/
Bandhan Multi-Factor Dir,equity,equity,Direct,0.49,,,BSE 500 TRI*,INF194KB1JX0,153722,2.44,,,,,,,,,34,40.03,20.66,60.55,,16.92,2.46,,,,,,,,,,25,https://www.valueresearchonline.com/funds/45334/
Baroda BNP Paribas Business Conglomerates Dir,equity,equity,Direct,,,,BSE 500 TRI*,INF251K01VJ6,153847,,,,,,,,,,43,46.26,31.21,51.93,,27.32,4.21,,,,,,,,,,25,https://www.valueresearchonline.com/funds/45458/
Edelweiss BSE Capital Mkts & Insurance ETF,equity,equity,Direct,5.78,,,BSE 500 TRI*,INF200K01V08,125503,2.44,,,,,,,,,26,67.04,45.25,99.93,,40.88,6.16,,,,,,,,,,25,https://www.valueresearchonline.com/funds/44826/
Edelweiss BSE Internet Economy Index Dir,equity,equity,Direct,9.3,,,BSE 500 TRI*,INF754K01UX2,153497,2.44,,,,,,,,,20,83.27,57.35,91.92,,35.33,9.14,,,,,,,,,,20,https://www.valueresearchonline.com/funds/45129/
Edelweiss Recently Listed IPO Dir,equity,equity,Direct,23.79,18.39,12.84,BSE 500 TRI*,INF754K01ML4,142388,2.44,11.32,10.45,6.3,1.05,0.65,0.9,20.78,19.22,52,39.55,23.35,55,,42.97,7.34,12,3,4,0,2,,21,Moderate Risk,Average,25,https://www.valueresearchonline.com/funds/35234/
Franklin India Multi-Factor Dir,equity,equity,Direct,,,,BSE 500 TRI*,INF090I01YQ1,153942,,,,,,,,,,86,33.74,22.8,56.48,,15.98,2.76,,,,,,,,,,25,https://www.valueresearchonline.com/funds/45585/
Franklin India Opportunities Dir,equity,equity,Direct,5.61,21.24,18.89,BSE 500 TRI*,INF090I01GC8,118539,2.44,11.32,10.45,8.77,1.04,0.92,1.22,17.29,21.65,49,38.94,23.26,60.27,,23.76,4.03,12,3,6,2,2,,25,Moderate Risk,Average,25,https://www.valueresearchonline.com/funds/15999/
Groww BSE Power ETF,equity,equity,Direct,15.24,,,BSE Energy TRI*,INF666M01LN4,153745,4.34,,,,,,,,,17,79.29,52.6,100.01,,26.15,3.73,,,,,,,,,,17,https://www.valueresearchonline.com/funds/45370/
Groww BSE Power ETF FOF Dir,equity,equity,Direct,15.98,,,BSE Energy TRI*,INF666M01LN4,153745,4.34,,,,,,,,,,,,,,,,,,,,,,,,,1,https://www.valueresearchonline.com/funds/45373/
Groww Nifty Capital Markets ETF,equity,equity,Direct,,,,BSE 500 TRI*,INF666M01MG6,153908,,,,,,,,,,17,82.02,60.26,99.91,,39.02,9.08,,,,,,,,,,17,https://www.valueresearchonline.com/funds/45632/
Groww Nifty Capital Markets ETF FoF Dir,equity,equity,Direct,,,,BSE 500 TRI*,INF666M01MG6,153908,,,,,,,,,,,,,,,,,,,,,,,,,,1,https://www.valueresearchonline.com/funds/45628/
Groww Nifty Chemicals ETF,equity,equity,Direct,,,,BSE 500 TRI*,INF666M01EK5,145589,,,,,,,,,,20,77.91,51.94,99.59,,40.25,3.98,,,,,,,,,,20,https://www.valueresearchonline.com/funds/45751/
Groww Nifty India Defence ETF,equity,equity,Direct,28.62,,,BSE 500 TRI*,INF666M01IQ3,152925,2.44,,,,,,,,,19,88.64,71.97,93.31,,55.6,10.31,,,,,,,,,,19,https://www.valueresearchonline.com/funds/44590/
Groww Nifty India Defence ETF FoF Dir,equity,equity,Direct,28.64,,,BSE 500 TRI*,INF666M01IQ3,152925,2.44,,,,,,,,,,,,,,,,,,,,,,,,,1,https://www.valueresearchonline.com/funds/44597/
Groww Nifty India Internet ETF,equity,equity,Direct,0.66,,,BSE 500 TRI*,INF666M01LC7,153626,2.44,,,,,,,,,27,84.34,63.38,81.69,,77.8,5.59,,,,,,,,,,25,https://www.valueresearchonline.com/funds/45241/
Groww Nifty India Internet ETF FoF Dir,equity,equity,Direct,0.62,,,BSE 500 TRI*,INF666M01LC7,153626,2.44,,,,,,,,,,,,,,,,,,,,,,,,,1,https://www.valueresearchonline.com/funds/45244/
Groww Nifty Metal ETF,equity,equity,Direct,,,,BSE 500 TRI*,INF666M01EK5,145589,,,,,,,,,,15,86.45,66.8,99.98,,16.25,2.5,,,,,,,,,,15,https://www.valueresearchonline.com/funds/45677/
Groww Nifty Realty ETF,equity,equity,Direct,,,,BSE 500 TRI*,INF666M01EK5,145589,,,,,,,,,,10,99.69,74.98,99.69,,37.3,4.02,,,,,,,,,,10,https://www.valueresearchonline.com/funds/45522/
HDFC BSE India Sector Leaders Index Dir,equity,equity,Direct,,,,BSE 500 TRI*,INF179KC1JY6,153959,,,,,,,,,,60,40.98,24.56,46.8,,23.18,3.35,,,,,,,,,,25,https://www.valueresearchonline.com/funds/45589/
HDFC Defence Dir,equity,equity,Direct,33.97,37.1,,BSE 500 TRI*,INF179KC1GI5,151750,2.44,11.32,,20.59,1.61,1.02,1.71,31.1,37.4,24,79.89,59.97,91.01,,59.16,9.93,12,0,8,3,0,,23,Moderate Risk,Average,24,https://www.valueresearchonline.com/funds/43512/
HDFC Housing Opportunities Dir,equity,equity,Direct,-2.7,10.26,12,BSE 500 TRI*,INF179KC1AU3,141924,2.44,11.32,10.45,-1.04,1.11,0.37,0.5,17.92,12.35,34,62.54,38.16,70.19,,16.96,2.23,4,2,2,0,2,,10,High Risk,Poor,25,https://www.valueresearchonline.com/funds/34770/
HDFC NIFTY Growth Sectors 15 ETF,equity,equity,Direct,-4.02,6.24,,BSE 500 TRI*,INF179KB15Q6,145034,2.44,11.32,,-2.44,0.8,0.19,0.26,16.12,8.79,15,81.89,53.67,87.75,,28.41,6.47,2,5,2,0,3,,12,High Risk,Poor,15,https://www.valueresearchonline.com/funds/42537/
HDFC NIFTY Realty Index Dir,equity,equity,Direct,2.73,,,BSE 500 TRI*,INF204KC1DY8,153060,2.44,,,,,,,,,10,99.6,74.91,99.6,,37.36,4.06,,,,,,,,,,10,https://www.valueresearchonline.com/funds/44211/
HSBC India Export Opportunities Dir,equity,equity,Direct,23.64,,,BSE 500 TRI*,INF336L01RO1,152829,2.44,,,,,,,,,47,37.43,22.5,58.72,,35.78,4.78,,,,,,,,,,25,https://www.valueresearchonline.com/funds/44524/
ICICI Pru Active Momentum Dir,equity,equity,Direct,9.77,,,BSE 500 TRI*,INF109K1A385,153684,2.44,,,,,,,,,43,33.14,18.15,62.53,,33.24,4.57,,,,,,,,,,25,https://www.valueresearchonline.com/funds/45357/
ICICI Pru Commodities Dir,equity,equity,Direct,12.93,15.56,15.46,BSE 500 TRI*,INF109KC1F91,147662,2.44,11.32,10.45,4.97,0.96,0.68,1.03,17.01,17.3,53,54.96,34.07,97.99,,21,2.61,10,3,4,2,2,,21,Moderate Risk,Average,25,https://www.valueresearchonline.com/funds/40306/
ICICI Pru Conglomerate Dir,equity,equity,Direct,,,,BSE 500 TRI*,INF109K1A427,153867,,,,,,,,,,41,50.88,31.39,79.13,,21.73,3.76,,,,,,,,,,25,https://www.valueresearchonline.com/funds/45489/
ICICI Pru Eqt Minimum Variance Fund Dir,equity,equity,Direct,0.94,,,BSE 500 TRI*,INF109KC10Y6,153070,2.44,,,,,,,,,35,57.81,37.97,66.11,,20.13,2.72,,,,,,,,,,25,https://www.valueresearchonline.com/funds/44744/
ICICI Pru Exports & Services Dir,equity,equity,Direct,6.78,15.86,14.73,BSE 500 TRI*,INF109K01W25,120688,2.44,11.32,10.45,5.03,0.84,0.83,1.23,13.09,16.5,67,35.36,24.32,66.24,,26.93,3.98,12,5,6,2,4,,29,Low Risk,Good,25,https://www.valueresearchonline.com/funds/15859/
ICICI Pru FMCG Dir,equity,equity,Direct,-19.44,-2.7,5.22,BSE 500 TRI*,INF109K01Z14,120587,2.44,11.32,10.45,-13.08,0.86,-0.46,-0.61,15.47,-1.45,35,76.29,57.31,94.68,,35.39,7.52,0,4,0,0,3,,7,High Risk,Poor,25,https://www.valueresearchonline.com/funds/15836/
ICICI Pru Housing Opportunities Dir,equity,equity,Direct,1.96,12.38,,BSE 500 TRI*,INF109KC10C2,150310,2.44,11.32,,1.34,0.94,0.53,0.76,14.88,13.54,57,52.07,31.73,65.53,,21.53,2.73,6,4,2,0,3,,15,Moderately High Risk,Average,25,https://www.valueresearchonline.com/funds/42250/
ICICI Pru India Opportunities Dir,equity,equity,Direct,4.04,15.29,18.82,BSE 500 TRI*,INF109KC10C2,150310,2.44,11.32,10.45,4.78,0.8,0.81,1.04,12.7,16.02,77,41.64,27.36,60.49,,18.93,2.99,10,5,6,2,4,,27,Low Risk,Good,25,https://www.valueresearchonline.com/funds/38585/
ICICI Pru Multi Sector Passive FoF Dir,equity,equity,Direct,6.14,13.35,11.98,BSE 500 TRI*,INF109K01W58,120242,2.44,11.32,10.45,2.26,0.9,0.61,0.79,13.94,14.17,,,,,,,,8,4,4,0,4,,20,Moderate Risk,Average,12,https://www.valueresearchonline.com/funds/15812/
ICICI Pru Nifty Commodities ETF,equity,equity,Direct,12.31,15.49,,BSE 500 TRI*,INF109K016L0,120586,2.44,11.32,,4.26,1.01,0.62,1.02,18.03,16.92,30,62.72,38.4,99.78,,16.71,2.09,10,3,4,2,2,,21,Moderate Risk,Average,25,https://www.valueresearchonline.com/funds/42947/
ICICI Pru Nifty FMCG ETF,equity,equity,Direct,-19.01,-2.19,4.16,BSE 500 TRI*,INF109K010A6,120256,2.44,11.32,10.45,-12.94,0.97,-0.36,-0.5,17.42,-0.58,15,91.63,69.09,99.78,,32.62,7.75,0,3,0,0,2,,5,High Risk,Poor,15,https://www.valueresearchonline.com/funds/41601/
ICICI Pru Nifty Metal ETF,equity,equity,Direct,38.88,,,BSE 500 TRI*,INF109KA1O37,131061,2.44,,,,,,,,,15,86.46,66.81,99.99,,16.25,2.5,,,,,,,,,,15,https://www.valueresearchonline.com/funds/44461/
ICICI Pru Nifty Oil & Gas ETF,equity,equity,Direct,2.78,,,BSE 500 TRI*,INF209K01YN0,119550,2.44,,,,,,,,,15,94.07,75.01,99.93,,12.15,1.43,,,,,,,,,,15,https://www.valueresearchonline.com/funds/44432/
ICICI Pru Quality Dir,equity,equity,Direct,6.46,,,BSE 500 TRI*,INF109K1A187,153458,2.44,,,,,,,,,61,37.64,22.95,57.54,,31.29,5.2,,,,,,,,,,25,https://www.valueresearchonline.com/funds/45164/
ICICI Pru Rural Opportunities Dir,equity,equity,Direct,-4.08,,,BSE 500 TRI*,INF109KC12Z9,153184,2.44,,,,,,,,,47,50.83,31.16,73.51,,25.15,3.88,,,,,,,,,,25,https://www.valueresearchonline.com/funds/44846/
JioBlackRock Sector Rotation Dir,equity,equity,Direct,,,,BSE 500 TRI*,INF22M001168,154082,,,,,,,,,,287,31.68,22.09,53.73,,22.42,3.21,,,,,,,,,,25,https://www.valueresearchonline.com/funds/45730/
Kotak Active Momentum Dir,equity,equity,Direct,10.77,,,BSE 500 TRI*,INF174KA1XA4,153753,2.44,,,,,,,,,46,33.01,19.27,56.84,,27.77,4.02,,,,,,,,,,25,https://www.valueresearchonline.com/funds/45389/
Kotak BSE Housing Index Dir,equity,equity,Direct,-6.67,8.26,,BSE 500 TRI*,INF174KA1OX5,152039,2.44,11.32,,,,,,,,26,50.27,26.48,83.13,,38.08,4.13,,,,,,,,,,25,https://www.valueresearchonline.com/funds/43706/
Kotak Multi Factor Passive FoF Dir,equity,equity,Direct,,,,BSE 500 TRI*,INF846K011G9,149847,,,,,,,,,,,,,,,,,,,,,,,,,,2,https://www.valueresearchonline.com/funds/45899/
Kotak Nifty Chemicals ETF,equity,equity,Direct,,,,BSE 500 TRI*,INF174K01KM7,119757,,,,,,,,,,20,78.03,52.01,99.74,,40.25,3.97,,,,,,,,,,20,https://www.valueresearchonline.com/funds/45570/
Kotak Nifty Commodities Index Dir,equity,equity,Direct,12.04,,,BSE 500 TRI*,INF174KA1VE0,153353,2.44,,,,,,,,,30,62.7,38.39,99.78,,17.5,2.12,,,,,,,,,,25,https://www.valueresearchonline.com/funds/44991/
Kotak Nifty India Tourism Index Dir,equity,equity,Direct,-15.49,,,BSE 500 TRI*,INF174KA1SZ1,152870,2.44,,,,,,,,,15,91.45,74.15,99.94,,191.08,10.59,,,,,,,,,,15,https://www.valueresearchonline.com/funds/44539/
Kotak Rural Opportunities Dir,equity,equity,Direct,,,,BSE 500 TRI*,INF174KA1XW8,153970,,,,,,,,,,47,51.14,35.13,65.96,,24.56,3.77,,,,,,,,,,25,https://www.valueresearchonline.com/funds/45597/
Kotak Services Dir,equity,equity,Direct,,,,BSE 500 TRI*,INF174KA1YV8,154149,,,,,,,,,,45,64.64,42.11,81.68,,19.67,2.85,,,,,,,,,,25,https://www.valueresearchonline.com/funds/45797/
Kotak Special Opportunities Dir,equity,equity,Direct,21.45,,,BSE 500 TRI*,INF174KA1SF3,152702,2.44,,,,,,,,,40,36.64,19.65,54.61,,26.69,2.85,,,,,,,,,,25,https://www.valueresearchonline.com/funds/44382/
Mirae Asset BSE India Defence ETF,equity,equity,Direct,,,,BSE 500 TRI*,INF769K01QG3,154187,,,,,,,,,,33,74.91,53.36,92.51,,47.84,8.07,,,,,,,,,,25,https://www.valueresearchonline.com/funds/45790/
Mirae Asset BSE India Defence ETF FoF Dir,equity,equity,Direct,,,,BSE 500 TRI*,INF769K01QG3,154187,,,,,,,,,,,,,,,,,,,,,,,,,,1,https://www.valueresearchonline.com/funds/45811/
Mirae Asset BSE Select IPO ETF,equity,equity,Direct,-1.02,,,BSE 500 TRI*,INF769K01OK0,153385,2.44,,,,,,,,,71,40.12,25.22,63.01,,50.29,4.72,,,,,,,,,,25,https://www.valueresearchonline.com/funds/45020/
Mirae Asset BSE Select IPO ETF FoF Dir,equity,equity,Direct,-1.09,,,BSE 500 TRI*,INF769K01OK0,153385,2.44,,,,,,,,,,,,,,,,,,,,,,,,,1,https://www.valueresearchonline.com/funds/45023/
Mirae Asset Multi Factor Passive FoF Dir,equity,equity,Direct,6.72,,,BSE 500 TRI*,INF769K01PH3,153816,2.44,,,,,,,,,,,,,,,,,,,,,,,,,8,https://www.valueresearchonline.com/funds/45436/
Mirae Asset Nifty India Internet ETF,equity,equity,Direct,0.86,,,BSE 500 TRI*,INF090I01VZ8,148304,2.44,,,,,,,,,27,84.38,63.42,81.74,,77.8,5.59,,,,,,,,,,25,https://www.valueresearchonline.com/funds/45250/
Mirae Asset Nifty Metal ETF,equity,equity,Direct,39.26,,,BSE 500 TRI*,INF769K01QM1,154216,2.44,,,,,,,,,15,86.5,66.84,100.04,,16.25,2.5,,,,,,,,,,15,https://www.valueresearchonline.com/funds/44588/
Mirae Asset Nifty Metal ETF FoF Dir,equity,equity,Direct,,,,BSE 500 TRI*,INF769K01QM1,154216,,,,,,,,,,,,,,,,,,,,,,,,,,1,https://www.valueresearchonline.com/funds/45833/
Motilal Oswal Active Momentum Dir,equity,equity,Direct,26.86,,,BSE 500 TRI*,INF247L01EP5,153364,2.44,,,,,,,,,24,51.14,29.54,63.15,,64.91,8.83,,,,,,,,,,25,https://www.valueresearchonline.com/funds/45002/
Motilal Oswal BSE Select IPO ETF,equity,equity,Direct,,,,BSE 500 TRI*,INF247L01EJ8,153258,,,,,,,,,,71,40.12,25.22,63.01,,50.27,4.72,,,,,,,,,,25,https://www.valueresearchonline.com/funds/45639/
Motilal Oswal Multi Factor Passive FoF Dir,equity,equity,Direct,,,,BSE 500 TRI*,INF955L01JF3,154679,,,,,,,,,,,,,,,,,,,,,,,,,,4,https://www.valueresearchonline.com/funds/45874/
Motilal Oswal Nifty Capital Market ETF,equity,equity,Direct,28.45,,,BSE 500 TRI*,INF247L01EB5,153138,2.44,,,,,,,,,17,81.99,60.23,99.87,,39.02,9.07,,,,,,,,,,17,https://www.valueresearchonline.com/funds/45051/
Motilal Oswal Nifty Capital Market Index Dir,equity,equity,Direct,28.44,,,BSE 500 TRI*,INF247L01EB5,153138,2.44,,,,,,,,,17,82.06,60.28,99.95,,38.76,8.81,,,,,,,,,,17,https://www.valueresearchonline.com/funds/44755/
Motilal Oswal Nifty India Defence ETF,equity,equity,Direct,28.78,,,BSE 500 TRI*,INF247L01CW5,152712,2.44,,,,,,,,,19,88.62,71.96,93.3,,55.6,10.31,,,,,,,,,,19,https://www.valueresearchonline.com/funds/44517/
Motilal Oswal Nifty India Defence Index Dir,equity,equity,Direct,28.73,,,BSE 500 TRI*,INF247L01CW5,152712,2.44,,,,,,,,,19,88.7,72.01,93.38,,50.9,10.32,,,,,,,,,,19,https://www.valueresearchonline.com/funds/44397/
Motilal Oswal Nifty India Tourism ETF,equity,equity,Direct,-15.67,,,BSE 500 TRI*,INF090I01VZ8,148304,2.44,,,,,,,,,15,91.44,74.14,99.93,,51.66,7.14,,,,,,,,,,15,https://www.valueresearchonline.com/funds/45240/
Motilal Oswal Nifty MidSmall IT and Telecom Index Dir,equity,equity,Direct,9.74,,,BSE IT TRI*,INF247L01DY9,153029,-13.83,,,,,,,,,20,80.21,57.72,101.08,,15.12,8.66,,,,,,,,,,20,https://www.valueresearchonline.com/funds/44682/
Motilal Oswal Nifty Realty ETF,equity,equity,Direct,3.17,,,BSE 500 TRI*,INF247L01247,124234,2.44,,,,,,,,,10,99.85,75.11,99.85,,37.3,4.02,,,,,,,,,,10,https://www.valueresearchonline.com/funds/44250/
Motilal Oswal Nifty Services Sector ETF,equity,equity,Direct,,,,BSE 500 TRI*,INF209K014W1,125597,,,,,,,,,,30,71.81,51.61,92.72,,19.68,2.78,,,,,,,,,,25,https://www.valueresearchonline.com/funds/45660/
Motilal Oswal Services Dir,equity,equity,Direct,15.21,,,BSE 500 TRI*,INF247L01FE6,153558,2.44,,,,,,,,,33,49.83,28.22,74.29,,33.11,4.17,,,,,,,,,,25,https://www.valueresearchonline.com/funds/45186/
Motilal Oswal Special Opportunities Dir,equity,equity,Direct,23.46,,,BSE 500 TRI*,INF247L01FS6,153749,2.44,,,,,,,,,24,53.46,30.8,62.22,,53.28,7.28,,,,,,,,,,24,https://www.valueresearchonline.com/funds/45393/
Nippon India Active Momentum Dir,equity,equity,Direct,14.33,,,BSE 500 TRI*,INF204KC1EK5,153274,2.44,,,,,,,,,40,37.58,23.78,63.68,,33.37,4.23,,,,,,,,,,25,https://www.valueresearchonline.com/funds/44938/
Nippon India Nifty Realty Index Dir,equity,equity,Direct,2.88,,,BSE 500 TRI*,INF204KC1DY8,153060,2.44,,,,,,,,,10,99.88,75.13,99.88,,37.36,4.06,,,,,,,,,,10,https://www.valueresearchonline.com/funds/44712/
Quant Commodities Dir,equity,equity,Direct,17.57,,,BSE 500 TRI*,INF966L01DF3,152255,2.44,,,,,,,,,14,84.71,49.02,96.07,,30.18,4.09,,,,,,,,,,11,https://www.valueresearchonline.com/funds/43966/
Quant Momentum Dir,equity,equity,Direct,13.27,,,BSE 500 TRI*,INF966L01CZ3,152189,2.44,,,,,,,,,17,73.97,44.49,66.05,,30.15,3.07,,,,,,,,,,12,https://www.valueresearchonline.com/funds/43882/
Quantum Ethical Dir,equity,equity,Direct,1.39,,,BSE 500 TRI*,INF082J01473,153094,2.44,,,,,,,,,45,33.61,18.87,66.09,,35.97,5.54,,,,,,,,,,25,https://www.valueresearchonline.com/funds/44771/
SBI Comma Dir,equity,equity,Direct,15.59,16.85,11.84,BSE 500 TRI*,INF200K01SB6,119705,2.44,11.32,10.45,5.16,0.98,0.72,1.17,16.67,17.65,41,43.67,26.38,86.2,,17.99,2.15,12,3,4,2,3,,24,Moderate Risk,Average,25,https://www.valueresearchonline.com/funds/17523/
SBI Equity Minimum Variance Dir,equity,equity,Direct,-2.1,8.05,8.42,BSE 500 TRI*,INF200KA1A71,146643,2.44,11.32,10.45,-2.13,0.89,0.28,0.37,14.51,9.69,50,57.47,35.68,61.53,,23.45,4.11,2,4,2,0,3,,11,High Risk,Poor,25,https://www.valueresearchonline.com/funds/39364/
SBI Quality Dir,equity,equity,Direct,,,,BSE 500 TRI*,INF200KB1AG6,154177,,,,,,,,,,44,43.59,29.29,54.94,,34.37,6.78,,,,,,,,,,25,https://www.valueresearchonline.com/funds/45793/
Samco Active Momentum Dir,equity,equity,Direct,15.48,15.33,,BSE 500 TRI*,INF0K1H01081,151753,2.44,11.32,,5.43,0.78,0.62,1.23,17.53,16.48,60,37.97,24.78,50.64,,27.12,4.29,12,5,4,2,2,,25,Moderate Risk,Average,25,https://www.valueresearchonline.com/funds/43515/
Samco Special Opportunities Dir,equity,equity,Direct,3.67,,,BSE 500 TRI*,INF0K1H01180,152586,2.44,,,,,,,,,50,33.56,21.58,54.29,,57.58,6.87,,,,,,,,,,25,https://www.valueresearchonline.com/funds/44280/
Shriram Multi Sector Rotation Dir,equity,equity,Direct,8.07,,,BSE 500 TRI*,INF680P01455,153076,2.44,,,,,,,,,42,43.47,26.36,69.14,,20.17,3.21,,,,,,,,,,25,https://www.valueresearchonline.com/funds/44669/
Sundaram Multi-Factor Dir,equity,equity,Direct,0.21,,,BSE 500 TRI*,INF903JA1LV6,153669,2.44,,,,,,,,,76,27.64,16.79,59.3,,16.34,2.56,,,,,,,,,,25,https://www.valueresearchonline.com/funds/45285/
Sundaram Services Dir,equity,equity,Direct,7.55,15.29,14.15,BSE 500 TRI*,INF903JA1FA2,144835,2.44,11.32,10.45,3.92,0.92,0.69,0.97,15,15.99,55,38.19,23.21,73.19,,26.77,3.15,10,4,4,0,3,,21,Moderate Risk,Average,25,https://www.valueresearchonline.com/funds/37577/
Tata BSE Select Business Groups Index Dir,equity,equity,Direct,4.93,,,BSE 500 TRI*,INF277KA1DA2,153132,2.44,,,,,,,,,30,71.08,53.44,71.57,,20.65,3.57,,,,,,,,,,25,https://www.valueresearchonline.com/funds/44792/
Tata Ethical Dir,equity,equity,Direct,-4.76,5,6.79,BSE 500 TRI*,INF277K01NG4,119172,2.44,11.32,10.45,-4.87,0.9,0.09,0.12,14.73,7.06,57,36.22,23.02,62.88,,27.42,4.04,2,4,2,0,3,,11,High Risk,Poor,25,https://www.valueresearchonline.com/funds/16683/
Tata Housing Opportunities Dir,equity,equity,Direct,-0.45,8.15,,BSE 500 TRI*,INF277KA1497,150532,2.44,11.32,,-3.68,1.16,0.23,0.31,18.79,10.06,30,55.3,35.13,67.98,,22.75,2.88,2,0,2,0,2,,6,High Risk,Poor,25,https://www.valueresearchonline.com/funds/42447/
Tata Nifty Capital Markets Index Fund Dir,equity,equity,Direct,28.16,,,BSE 500 TRI*,INF277KA1CO5,152951,2.44,,,,,,,,,17,82.36,60.5,100.3,,38.76,8.81,,,,,,,,,,17,https://www.valueresearchonline.com/funds/44638/
Tata Nifty India Tourism Index Dir,equity,equity,Direct,-15.56,,,BSE 500 TRI*,INF277KA1CC0,152742,2.44,,,,,,,,,15,91.48,74.17,99.97,,191.08,10.59,,,,,,,,,,15,https://www.valueresearchonline.com/funds/44426/
Tata Nifty Realty Index Dir,equity,equity,Direct,3.01,,,BSE 500 TRI*,INF277KA1AO9,152570,2.44,,,,,,,,,10,99.82,75.08,99.82,,37.36,4.06,,,,,,,,,,10,https://www.valueresearchonline.com/funds/44261/
Taurus Ethical Dir,equity,equity,Direct,2.32,10.36,9.8,BSE 500 TRI*,INF044D01CJ0,118876,2.44,11.32,10.45,-0.12,0.95,0.42,0.58,15.55,12.15,58,38.26,23.6,53.25,,25.06,3.78,4,4,2,0,3,,13,Moderately High Risk,Average,25,https://www.valueresearchonline.com/funds/16658/
The Wealth Company Ethical Dir,equity,equity,Direct,,,,BSE 500 TRI*,INF2F0001214,153895,,,,,,,,,,44,32.52,17.4,61.27,,33.8,5.48,,,,,,,,,,25,https://www.valueresearchonline.com/funds/45525/
UTI BSE Housing Index Dir,equity,equity,Direct,-6.69,8.2,,BSE 500 TRI*,INF789F1AYR1,151764,2.44,11.32,,-2.76,1.17,0.27,0.35,19.36,11,26,50.13,26.4,82.9,,38.08,4.13,2,0,2,0,2,,6,High Risk,Poor,25,https://www.valueresearchonline.com/funds/43521/
Union Active Momentum Dir,equity,equity,Direct,19.19,,,BSE 500 TRI*,INF582M01KG9,153109,2.44,,,,,,,,,41,29.01,15.98,63.42,,38.23,5.83,,,,,,,,,,25,https://www.valueresearchonline.com/funds/44784/
WhiteOak Capital Quality Equity Dir,equity,equity,Direct,-0.47,,,BSE 500 TRI*,INF03VN01977,153189,2.44,,,,,,,,,56,45.4,31.36,54.48,,38.35,5.79,,,,,,,,,,25,https://www.valueresearchonline.com/funds/44853/
WhiteOak Capital Special Opportunities Dir,equity,equity,Direct,16.66,,,BSE 500 TRI*,INF03VN01902,152644,2.44,,,,,,,,,87,29.31,18.22,54.33,,28.05,3.42,,,,,,,,,,25,https://www.valueresearchonline.com/funds/44333/
ABSL MNC Dir,equity,equity,Direct,-4.73,7.71,6.5,BSE 500 TRI*,INF209K01VT3,119646,2.44,11.32,10.45,-2.89,0.96,0.23,0.32,15.97,9.41,66,35.98,20.59,56.64,,35.81,6.14,2,3,2,0,3,,10,High Risk,Poor,25,https://www.valueresearchonline.com/funds/15872/
HDFC MNC Dir,equity,equity,Direct,4,7.76,,BSE 500 TRI*,INF179KC1FC0,151458,2.44,11.32,,-2.87,0.99,0.24,0.29,16.2,9.64,42,51.16,33.59,67.67,,38.12,7.62,2,3,2,0,3,,10,High Risk,Poor,25,https://www.valueresearchonline.com/funds/43179/
ICICI Pru MNC Dir,equity,equity,Direct,8.16,11.58,12.29,BSE 500 TRI*,INF109KC1D93,147346,2.44,11.32,10.45,1.31,0.83,0.52,0.6,13.48,12.73,54,46.11,27.8,65.13,,29.12,5.52,6,5,2,0,4,,17,Moderately High Risk,Average,25,https://www.valueresearchonline.com/funds/39977/
Kotak MNC Dir,equity,equity,Direct,22.4,,,BSE 500 TRI*,INF174KA1TG9,152910,2.44,,,,,,,,,43,41.53,24.01,62.45,,40.27,7.25,,,,,,,,,,25,https://www.valueresearchonline.com/funds/44579/
Kotak Nifty MNC ETF,equity,equity,Direct,8.65,14.12,,BSE 500 TRI*,INF174K01KH7,123693,2.44,11.32,,3.44,0.98,0.61,0.71,16.79,15.93,30,64.04,43.43,75.35,,32.69,7.42,10,3,4,0,3,,20,Moderate Risk,Average,25,https://www.valueresearchonline.com/funds/42418/
Motilal Oswal Nifty MNC ETF,equity,equity,Direct,,,,BSE 500 TRI*,INF247L01247,124234,,,,,,,,,,30,63.99,43.37,75.2,,32.69,7.42,,,,,,,,,,25,https://www.valueresearchonline.com/funds/45678/
Nippon India MNC Dir,equity,equity,Direct,4.24,,,BSE 500 TRI*,INF204KC1FR7,153693,2.44,,,,,,,,,35,55.16,33.62,58.13,,33.84,6.27,,,,,,,,,,25,https://www.valueresearchonline.com/funds/45296/
SBI MNC Dir,equity,equity,Direct,16.8,8.15,8.67,BSE 500 TRI*,INF200K01SN1,119711,2.44,11.32,10.45,-1.45,0.76,0.28,0.42,13.59,9.49,47,37.45,21.53,68.61,,41.17,6.3,4,5,2,0,4,,15,Moderately High Risk,Average,25,https://www.valueresearchonline.com/funds/16224/
UTI MNC Dir,equity,equity,Direct,1.48,9.79,8.62,BSE 500 TRI*,INF789F01UD0,120682,2.44,11.32,10.45,-0.67,0.9,0.38,0.45,14.52,11.23,60,41.17,27.32,57.78,,33.06,6.15,4,4,2,0,3,,13,Moderately High Risk,Average,25,https://www.valueresearchonline.com/funds/15820/
Baroda BNP Paribas Energy Opportunities Dir,equity,equity,Direct,5.26,,,BSE Energy TRI*,INF251K01UJ8,153225,4.34,,,,,,,,,32,53.76,33.28,94.31,,16.9,2.18,,,,,,,,,,25,https://www.valueresearchonline.com/funds/44850/
DSP Natural Resources and New Energy Dir,equity,equity,Direct,22.33,20.24,16.73,BSE Energy TRI*,INF740K01QA7,119028,4.34,14.39,11.73,9.17,0.63,0.97,1.66,15.84,21.03,24,60.16,35.13,80.01,,12.35,1.61,12,6,6,3,3,,30,Low Risk,Good,25,https://www.valueresearchonline.com/funds/16988/
ICICI Pru Energy Opportunities Dir,equity,equity,Direct,18.11,,,BSE Energy TRI*,INF109KC12W6,152728,4.34,,,,,,,,,80,42.72,30.56,89.6,,17.21,2.23,,,,,,,,,,25,https://www.valueresearchonline.com/funds/44418/
Kotak Energy Opportunities Dir,equity,equity,Direct,8.07,,,BSE Energy TRI*,INF174KA1VX0,153447,4.34,,,,,,,,,38,51.67,31.72,85.62,,17.06,2.33,,,,,,,,,,25,https://www.valueresearchonline.com/funds/45066/
Mirae Asset Nifty Energy ETF,equity,equity,Direct,,,,BSE Energy TRI*,INF769K01GK6,148529,,,,,,,,,,40,59.54,41,97.55,,15.85,2.12,,,,,,,,,,25,https://www.valueresearchonline.com/funds/45587/
Motilal Oswal Nifty Energy ETF,equity,equity,Direct,,,,BSE Energy TRI*,INF247L01247,124234,,,,,,,,,,40,59.52,40.99,97.55,,15.85,2.12,,,,,,,,,,25,https://www.valueresearchonline.com/funds/45556/
SBI Energy Opportunities Dir,equity,equity,Direct,8.94,,,BSE Energy TRI*,INF200KB1126,152417,4.34,,,,,,,,,36,58.28,35.61,88.04,,15.23,1.88,,,,,,,,,,25,https://www.valueresearchonline.com/funds/44146/
Tata Resources & Energy Dir,equity,equity,Direct,11.13,16.12,13.15,BSE Energy TRI*,INF277K015B9,135813,4.34,14.39,11.73,4.4,0.72,0.65,1.12,17.67,17.24,45,42.62,24.48,93.93,,20.32,2.36,10,6,4,2,2,,24,Moderate Risk,Average,25,https://www.valueresearchonline.com/funds/31364/
ABSL ESG Integration Strategy Dir,equity,equity,Direct,3.03,11.45,8.13,BSE 100 TRI*,INF209KB1U76,148637,-0.35,9.89,9.14,1.77,1,0.48,0.62,14.95,12.9,53,39.19,24.42,74.23,,26.4,3.56,8,3,2,0,3,,16,Moderately High Risk,Average,25,https://www.valueresearchonline.com/funds/41221/
Axis ESG Integration Strategy Dir,equity,equity,Direct,0.49,9.51,6.15,BSE 100 TRI*,INF846K01W23,147928,-0.35,9.89,9.14,0.23,0.9,0.38,0.48,13.44,10.82,42,41.1,25.63,68.57,,27.25,3.56,6,4,2,0,4,,16,Moderately High Risk,Average,25,https://www.valueresearchonline.com/funds/40536/
Baroda BNP Paribas ESG Best-in-class strategy Dir,equity,equity,Direct,,,,BSE 100 TRI*,INF251K01VP3,154195,,,,,,,,,,50,41.02,26.76,66.71,,26.53,4.2,,,,,,,,,,25,https://www.valueresearchonline.com/funds/45837/
ICICI Pru ESG Exclusionary Strategy Dir,equity,equity,Direct,-2.63,12.3,10.19,BSE 100 TRI*,INF109KC1O09,148516,-0.35,9.89,9.14,2.63,0.97,0.54,0.81,14.61,13.6,54,48.87,32.14,58.95,,25.52,3.33,8,3,2,0,3,,16,Moderately High Risk,Average,25,https://www.valueresearchonline.com/funds/41127/
Invesco India ESG Integration Strategy Dir,equity,equity,Direct,0.7,10.21,8.17,BSE 100 TRI*,INF205KA1338,148751,-0.35,9.89,9.14,0.71,1.01,0.4,0.52,15.48,11.88,40,43.38,25.88,77.93,,31.34,4.48,6,3,2,0,3,,14,Moderately High Risk,Average,25,https://www.valueresearchonline.com/funds/41339/
Kotak ESG Exclusionary Strategy Dir,equity,equity,Direct,-0.72,9.65,7.75,BSE 100 TRI*,INF174KA1FI4,148606,-0.35,9.89,9.14,0.53,0.94,0.41,0.48,13.79,11.33,46,49.35,29.58,64.18,,22.54,3.39,6,4,2,0,4,,16,Moderately High Risk,Average,25,https://www.valueresearchonline.com/funds/41202/
Mirae Asset Nifty 100 ESG Sector Leaders ETF,equity,equity,Direct,-3.28,8.67,6.68,BSE 100 TRI*,INF769K01GQ3,148574,-0.35,9.89,9.14,-0.96,0.97,0.31,0.42,13.95,9.99,60,54.99,39.9,67.69,,23.12,3.1,4,3,2,0,4,,13,Moderately High Risk,Average,25,https://www.valueresearchonline.com/funds/41157/
Mirae Asset Nifty 100 ESG Sector Leaders FoF Dir,equity,equity,Direct,-3.33,8.66,6.6,BSE 100 TRI*,INF769K01GQ3,148574,-0.35,9.89,9.14,-1.08,0.97,0.3,0.41,13.96,9.85,,,,,,,,4,3,2,0,4,,13,Moderately High Risk,Average,1,https://www.valueresearchonline.com/funds/41160/
Quant ESG Integration Strategy Dir,equity,equity,Direct,24.88,18.03,18.63,BSE 100 TRI*,INF966L01AD4,148564,-0.35,9.89,9.14,7.54,1.16,0.67,1.08,20.57,19.55,17,76.27,44.83,73.29,,28.72,3.49,12,0,4,2,2,,20,Moderate Risk,Average,13,https://www.valueresearchonline.com/funds/41165/
Quantum ESG Best In Class Strategy Dir,equity,equity,Direct,-2.57,8.82,7.7,BSE 100 TRI*,INF082J01382,147372,-0.35,9.89,9.14,-0.65,1.03,0.32,0.4,15.4,10.64,52,34.64,21.19,67.65,,33.13,4.72,4,3,2,0,3,,12,High Risk,Poor,25,https://www.valueresearchonline.com/funds/40010/
SBI ESG Exclusionary Strategy Dir,equity,equity,Direct,1.47,9.82,8.61,BSE 100 TRI*,INF200K01SE0,119709,-0.35,9.89,9.14,0.3,0.99,0.39,0.46,14.49,11.36,44,48.17,29.64,64.4,,25.38,3.73,6,3,2,0,3,,14,Moderately High Risk,Average,25,https://www.valueresearchonline.com/funds/16219/
WhiteOak Capital ESG Best-In-Class Strategy Dir,equity,equity,Direct,-1.08,,,BSE 100 TRI*,INF03VN01951,152962,-0.35,,,,,,,,,56,47.3,33.2,63.13,,30.81,4.29,,,,,,,,,,25,https://www.valueresearchonline.com/funds/44645/
ABSL Nifty PSE ETF,equity,equity,Direct,5.13,,,BSE PSU TRI*,INF209K01YN0,119550,12.02,,,,,,,,,20,77.05,50.64,89.55,,12.01,1.81,,,,,,,,,,20,https://www.valueresearchonline.com/funds/44301/
ABSL PSU Equity Dir,equity,equity,Direct,15.86,21.25,23.97,BSE PSU TRI*,INF209KB1O82,147844,12.02,22.78,25.27,-0.37,0.96,0.78,1.31,23.28,23.94,33,63.19,43.35,89.45,,11.54,1.69,4,3,4,2,0,,13,Moderately High Risk,Average,25,https://www.valueresearchonline.com/funds/40480/
CPSE ETF,equity,equity,Direct,4.81,22.92,28.77,BSE PSU TRI*,INF209KB16F2,149780,12.02,22.78,25.27,2.02,0.88,0.85,1.62,22.42,24.68,11,99.08,86.34,99.8,,13.15,1.92,8,4,6,3,0,,21,Moderate Risk,Average,11,https://www.valueresearchonline.com/funds/25711/
Groww Nifty India Railways PSU ETF,equity,equity,Direct,-17.97,,,BSE PSU TRI*,INF666M01JK4,153230,12.02,,,,,,,,,17,93.42,75.27,96.4,,22.29,2.75,,,,,,,,,,17,https://www.valueresearchonline.com/funds/44875/
Groww Nifty India Railways PSU Index Dir,equity,equity,Direct,-18.09,,,BSE PSU TRI*,INF666M01JK4,153230,12.02,,,,,,,,,17,93.57,75.39,96.54,,14.14,1.76,,,,,,,,,,17,https://www.valueresearchonline.com/funds/44878/
Groww Nifty PSE ETF,equity,equity,Direct,,,,BSE PSU TRI*,INF666M01NR1,154164,,,,,,,,,,20,77.1,50.66,89.6,,12.01,1.81,,,,,,,,,,20,https://www.valueresearchonline.com/funds/45783/
Groww Nifty PSE ETF FOF Dir,equity,equity,Direct,,,,BSE PSU TRI*,INF666M01NR1,154164,,,,,,,,,,,,,,,,,,,,,,,,,,1,https://www.valueresearchonline.com/funds/45786/
ICICI Pru PSU Equity Dir,equity,equity,Direct,11.14,22.23,,BSE PSU TRI*,INF109KC12I5,150539,12.02,22.78,,1.61,0.83,0.88,1.51,20.06,23.39,48,61.84,44.12,86.69,,11.59,1.66,8,5,6,3,2,,24,Moderate Risk,Average,25,https://www.valueresearchonline.com/funds/42451/
Invesco India PSU Equity Dir,equity,equity,Direct,8.17,21.11,21.61,BSE PSU TRI*,INF205K01NG5,120395,12.02,22.78,25.27,-0.79,0.96,0.75,1.21,23.68,23.47,27,57.33,36.04,86.92,,19.44,2.56,4,3,4,2,0,,13,Moderately High Risk,Average,25,https://www.valueresearchonline.com/funds/16831/
Kotak BSE PSU Index Dir,equity,equity,Direct,11.5,,,BSE PSU TRI*,INF174KA1SL1,152755,12.02,,,,,,,,,61,61.23,44.29,90.23,,10.89,1.66,,,,,,,,,,25,https://www.valueresearchonline.com/funds/44430/
Motilal Oswal Nifty PSE ETF,equity,equity,Direct,4.73,,,BSE PSU TRI*,INF247L01247,124234,12.02,,,,,,,,,20,76.91,50.54,89.37,,12.02,1.81,,,,,,,,,,20,https://www.valueresearchonline.com/funds/45230/
Quant PSU Dir,equity,equity,Direct,11.41,,,BSE PSU TRI*,INF966L01DT4,152415,12.02,,,,,,,,,13,83.48,47.62,77.04,,12.03,1.56,,,,,,,,,,10,https://www.valueresearchonline.com/funds/44142/
SBI PSU Dir,equity,equity,Direct,12.09,21.31,23.88,BSE PSU TRI*,INF200K01UY4,119732,12.02,22.78,25.27,0.2,0.92,0.81,1.39,22.35,23.72,24,74.42,51.74,91.88,,12.2,1.74,6,4,6,2,0,,18,Moderately High Risk,Average,24,https://www.valueresearchonline.com/funds/16311/
ABSL Consumption Dir,equity,equity,Direct,-6.08,9.69,10.01,BSE 500 TRI*,INF209K01WC7,119591,2.44,11.32,10.45,-1.14,0.96,0.35,0.45,15.57,11.21,68,39.44,24.12,71.62,,39.29,6.13,4,3,2,0,3,2,12,High Risk,Poor,25,https://www.valueresearchonline.com/funds/15834/
Axis Consumption Dir,equity,equity,Direct,-5.61,,,BSE 500 TRI*,INF846K013X0,152805,2.44,,,,,,,,,55,52.16,34.77,76.7,,46.25,7.78,,,,,,,,,,25,https://www.valueresearchonline.com/funds/44466/
Axis NIFTY India Consumption ETF,equity,equity,Direct,-5.8,12.14,,BSE 500 TRI*,INF204KA1U61,134552,2.44,11.32,,1.06,1,0.48,0.6,16.56,13.65,30,59.54,38.37,82.21,,38.76,7.2,6,3,2,0,3,,14,Moderately High Risk,Average,25,https://www.valueresearchonline.com/funds/41685/
Bajaj Finserv Consumption Dir,equity,equity,Direct,-3.8,,,BSE 500 TRI*,INF0QA701946,153075,2.44,,,,,,,,,53,39.05,25.02,76.1,,32.68,5.55,,,,,,,,,,25,https://www.valueresearchonline.com/funds/44689/
Bank of India Consumption Dir,equity,equity,Direct,0.71,,,BSE 500 TRI*,INF761K01GI7,153139,2.44,,,,,,,,,36,54.49,35.35,75.74,,34.25,6.39,,,,,,,,,,25,https://www.valueresearchonline.com/funds/44808/
Baroda BNP Paribas India Consumption Dir,equity,equity,Direct,-6.17,10.9,11.02,BSE 500 TRI*,INF251K01PT7,150266,2.44,11.32,10.45,0.32,0.94,0.43,0.52,15.65,12.47,38,53.03,33.84,83.81,,30.13,7.19,6,4,2,0,3,3,15,Moderately High Risk,Average,25,https://www.valueresearchonline.com/funds/37339/
Canara Robeco Consumer Trends Dir,equity,equity,Direct,-2.89,11.58,11.61,BSE 500 TRI*,INF760K01DU1,118273,2.44,11.32,10.45,0.31,1.01,0.45,0.58,16.07,12.97,42,45.02,27.73,71.53,,36.71,5.13,6,3,2,0,3,3,14,Moderately High Risk,Average,25,https://www.valueresearchonline.com/funds/16600/
Edelweiss Consumption Dir,equity,equity,Direct,-3,,,BSE 500 TRI*,INF754K01TY2,153214,2.44,,,,,,,,,45,45.92,29.59,78.71,,45.25,7.64,,,,,,,,,,25,https://www.valueresearchonline.com/funds/44882/
Groww Nifty Non-Cyclical Consumer Index Dir,equity,equity,Direct,-10.4,,,BSE 500 TRI*,INF666M01IE9,152637,2.44,,,,,,,,,30,66.43,44.76,87.82,,55.87,9.71,,,,,,,,,,25,https://www.valueresearchonline.com/funds/44325/
HDFC Consumption Dir,equity,equity,Direct,-7.13,11.68,,BSE 500 TRI*,INF179KC1GO3,151804,2.44,11.32,,0.77,0.95,0.45,0.61,16.26,13.01,51,54.49,36.84,85.79,,40.87,7.19,6,4,2,0,3,4,15,Moderately High Risk,Good,25,https://www.valueresearchonline.com/funds/43559/
HDFC Nifty India Consumption Index Dir,equity,equity,Direct,,,,BSE 500 TRI*,INF179KC1KA4,154179,,,,,,,,,,30,58.92,37.97,81.37,,42.2,7.7,,,,,,,,,,25,https://www.valueresearchonline.com/funds/45800/
HSBC Consumption Dir,equity,equity,Direct,3.68,17.02,,BSE 500 TRI*,INF336L01QZ9,152032,2.44,11.32,,,,,,,,50,41.68,26.18,79.71,,52.62,7.38,,,,,,,,,,25,https://www.valueresearchonline.com/funds/43710/
ICICI Pru Bharat Consumption Dir,equity,equity,Direct,-4.13,10.85,13.7,BSE 500 TRI*,INF109KC1YD4,146951,2.44,11.32,10.45,0.21,0.93,0.44,0.54,15.18,12.3,62,50.4,33.66,81.56,,40.38,6.91,6,4,2,0,3,4,15,Moderately High Risk,Good,25,https://www.valueresearchonline.com/funds/39672/
ICICI Pru Nifty India Consumption ETF,equity,equity,Direct,-5.64,12.35,,BSE 500 TRI*,INF090I01VZ8,148304,2.44,11.32,,1.25,1,0.49,0.61,16.59,13.84,30,59.57,38.39,82.25,,38.76,7.2,6,3,2,0,3,,14,Moderately High Risk,Average,25,https://www.valueresearchonline.com/funds/41802/
ITI Bharat Consumption Dir,equity,equity,Direct,1.39,,,BSE 500 TRI*,INF00XX01DG1,153260,2.44,,,,,,,,,53,41.59,26.37,74.15,,29.61,6.66,,,,,,,,,,25,https://www.valueresearchonline.com/funds/44922/
Invesco India Consumption Dir,equity,equity,Direct,,,,BSE 500 TRI*,INF205KA1BI6,153900,,,,,,,,,,39,39.03,22.65,67.42,,57.75,8.31,,,,,,,,,,25,https://www.valueresearchonline.com/funds/45529/
Kotak Consumption Dir,equity,equity,Direct,-1.59,,,BSE 500 TRI*,INF174KA1PP8,152169,2.44,,,,,,,,,42,49.46,32.58,70.52,,38.26,5.12,,,,,,,,,,25,https://www.valueresearchonline.com/funds/43860/
Kotak NIFTY India Consumption ETF,equity,equity,Direct,-5.49,12.5,,BSE 500 TRI*,INF204KA1U61,134552,2.44,11.32,,1.38,1,0.5,0.62,16.59,13.97,30,59.56,38.38,82.27,,38.76,7.2,6,3,2,0,3,,14,Moderately High Risk,Average,25,https://www.valueresearchonline.com/funds/42398/
LIC MF Consumption Dir,equity,equity,Direct,,,,BSE 500 TRI*,INF767K01SD0,153948,,,,,,,,,,50,28.28,15.38,65.2,,32.08,5.75,,,,,,,,,,25,https://www.valueresearchonline.com/funds/45568/
Mahindra Manulife Consumption Dir,equity,equity,Direct,-5.24,11,11.71,BSE 500 TRI*,INF955L01JF3,154679,2.44,11.32,10.45,0.13,0.96,0.43,0.51,15.75,12.42,48,45.15,29.14,83.5,,33.43,6.68,6,3,2,0,3,3,14,Moderately High Risk,Average,25,https://www.valueresearchonline.com/funds/37847/
Mirae Asset Great Consumer Dir,equity,equity,Direct,-3.94,11.55,12.88,BSE 500 TRI*,INF769K01BL5,118837,2.44,11.32,10.45,0.56,1.02,0.45,0.55,17.03,13.31,40,53.86,34.45,84.73,,48.02,7.17,6,3,2,0,2,4,13,Moderately High Risk,Good,25,https://www.valueresearchonline.com/funds/16584/
Mirae Asset Nifty India New Age Consumption ETF,equity,equity,Direct,-1.37,,,BSE 500 TRI*,INF769K01NP1,153192,2.44,,,,,,,,,75,43.97,26.13,78.14,,25.04,6.08,,,,,,,,,,25,https://www.valueresearchonline.com/funds/44832/
Mirae Asset Nifty India New Age Consumption ETF FoF Dir,equity,equity,Direct,-1.53,,,BSE 500 TRI*,INF769K01NP1,153192,2.44,,,,,,,,,,,,,,,,,,,,,,,,,1,https://www.valueresearchonline.com/funds/44835/
Motilal Oswal Consumption Dir,equity,equity,Direct,,,,BSE 500 TRI*,INF247L01GA2,153025,,,,,,,,,,30,51.35,30.87,68.21,,55.41,8.14,,,,,,,,,,25,https://www.valueresearchonline.com/funds/45543/
Motilal Oswal Nifty MidSmall India Consumption Index Dir,equity,equity,Direct,-6.11,,,BSE 500 TRI*,INF247L01DU7,153025,2.44,,,,,,,,,30,49.22,28.83,64.65,,27.51,7.56,,,,,,,,,,25,https://www.valueresearchonline.com/funds/44680/
Nippon India Consumption Dir,equity,equity,Direct,-6.41,10.13,12.72,BSE 500 TRI*,INF204K01G52,118724,2.44,11.32,10.45,-0.48,0.98,0.38,0.49,16.42,11.96,44,48.36,31.03,83.6,,48.22,7.89,4,3,2,0,3,4,12,High Risk,Good,25,https://www.valueresearchonline.com/funds/16131/
Nippon India ETF Nifty India Consumption,equity,equity,Direct,-5.73,12.23,11.26,BSE 500 TRI*,INF090I01VZ8,148304,2.44,11.32,10.45,1.14,1,0.48,0.61,16.57,13.73,30,59.55,38.38,82.23,,38.76,7.2,6,3,2,0,3,,14,Moderately High Risk,Average,25,https://www.valueresearchonline.com/funds/25700/
Quant Consumption Dir,equity,equity,Direct,3.84,,,BSE 500 TRI*,INF966L01DN7,152336,2.44,,,,,,,,,16,78.64,43.51,68.42,,36.9,4,,,,,,,,,,13,https://www.valueresearchonline.com/funds/44053/
SBI Consumption Opportunities Dir,equity,equity,Direct,-11.5,6.12,12.66,BSE 500 TRI*,INF200K01RM5,120575,2.44,11.32,10.45,-4.56,1,0.14,0.2,16.71,8.05,49,40.77,22.72,79.79,,46.82,7.01,2,3,2,0,3,2,10,High Risk,Poor,25,https://www.valueresearchonline.com/funds/17525/
SBI Nifty Consumption ETF,equity,equity,Direct,-5.69,12.28,11.28,BSE 500 TRI*,INF200K01SK7,120137,2.44,11.32,10.45,1.19,1,0.49,0.61,16.59,13.78,30,59.55,38.38,82.26,,38.76,7.2,6,3,2,0,3,,14,Moderately High Risk,Average,25,https://www.valueresearchonline.com/funds/41572/
SBI Nifty India Consmpn Index Dir,equity,equity,Direct,-5.87,,,BSE 500 TRI*,INF200KB1449,153015,2.44,,,,,,,,,30,59.66,38.45,82.38,,42.2,7.7,,,,,,,,,,25,https://www.valueresearchonline.com/funds/44672/
Sundaram Consumption Dir,equity,equity,Direct,-4.83,10.06,11.57,BSE 500 TRI*,INF903J017I5,134363,2.44,11.32,10.45,-0.47,0.96,0.37,0.47,16.5,11.86,36,54.95,34.97,70.46,,48.03,8.02,4,3,2,0,3,2,12,High Risk,Poor,25,https://www.valueresearchonline.com/funds/16163/
Tata BSE Multicap Consmpn 50:30:20 Index Dir,equity,equity,Direct,,,,BSE 500 TRI*,INF277KA1EP8,154066,,,,,,,,,,100,33.48,21.65,84.64,,31.31,6.52,,,,,,,,,,25,https://www.valueresearchonline.com/funds/45705/
Tata India Consumer Dir,equity,equity,Direct,4.19,15.59,14.26,BSE 500 TRI*,INF277K013A6,135805,2.44,11.32,10.45,4.19,0.98,0.65,0.87,16.95,16.66,35,49.85,31.65,78.53,,52.89,8.63,10,3,4,0,3,5,20,Moderate Risk,Excellent,25,https://www.valueresearchonline.com/funds/31360/
UTI India Consumer Dir,equity,equity,Direct,-2.65,11.39,9.35,BSE 500 TRI*,INF789F01VF3,120780,2.44,11.32,10.45,0.55,1,0.45,0.55,16.63,13.13,42,55.29,37.71,80.51,,44.44,7.17,6,3,2,0,3,1,14,Moderately High Risk,Poor,25,https://www.valueresearchonline.com/funds/15894/
Union Consumption Dir,equity,equity,Direct,,,,BSE 500 TRI*,INF582M01MH3,154020,,,,,,,,,,43,46.06,29.06,73.71,,52.21,7.5,,,,,,,,,,25,https://www.valueresearchonline.com/funds/45669/
WhiteOak Capital Consumption Opportunities Dir,equity,equity,Direct,,,,BSE 500 TRI*,INF03VN01AD3,154161,,,,,,,,,,49,48.44,33.97,77.73,,47.17,7.26,,,,,,,,,,25,https://www.valueresearchonline.com/funds/45780/
360 ONE Silver ETF,equity,equity,Direct,87.63,,,Domestic Prices of Silver*,INF579M01266,122715,89.09,,,,,,,,,,,,,,,,,,,,,,,,,1,https://www.valueresearchonline.com/funds/45054/
ABSL Silver ETF,equity,equity,Direct,88.31,45.93,,Domestic Prices of Silver*,INF209KB16F2,149780,89.09,45.84,,-0.73,0.99,0.94,1.91,43.22,46.2,,,,,,,,4,3,6,3,0,,16,Moderately High Risk,Average,1,https://www.valueresearchonline.com/funds/42016/
ABSL Silver ETF FoF Dir,equity,equity,Direct,85.33,44.71,,Domestic Prices of Silver*,INF209KB16F2,149780,89.09,45.84,,2.4,0.85,1,2.12,37.82,43.64,,,,,,,,8,5,8,3,0,,24,Moderate Risk,Average,1,https://www.valueresearchonline.com/funds/42019/
Angel One Silver ETF,equity,equity,Direct,,,,Domestic Prices of Silver*,INF1J2R01155,154206,,,,,,,,,,,,,,,,,,,,,,,,,,1,https://www.valueresearchonline.com/funds/45828/
Angel One Silver ETF FoF Dir,equity,equity,Direct,,,,Domestic Prices of Silver*,INF1J2R01155,154206,,,,,,,,,,,,,,,,,,,,,,,,,,1,https://www.valueresearchonline.com/funds/45827/
Axis Silver ETF,equity,equity,Direct,87.89,45.27,,Domestic Prices of Silver*,INF846K01CR6,120438,89.09,45.84,,-0.76,0.98,0.93,1.85,43.08,45.95,,,,,,,,4,3,6,3,0,,16,Moderately High Risk,Average,1,https://www.valueresearchonline.com/funds/42522/
Axis Silver FoF Dir,equity,equity,Direct,86.1,45.01,,Domestic Prices of Silver*,INF846K01CR6,120438,89.09,45.84,,2.86,0.84,1.02,2.07,37.45,43.74,,,,,,,,8,5,8,3,0,,24,Moderate Risk,Average,1,https://www.valueresearchonline.com/funds/42525/
Bandhan Silver ETF,equity,equity,Direct,,,,Domestic Prices of Silver*,INF194KB1KN9,154136,,,,,,,,,,,,,,,,,,,,,,,,,,1,https://www.valueresearchonline.com/funds/45671/
Bandhan Silver ETF FoF Dir,equity,equity,Direct,,,,Domestic Prices of Silver*,INF194KB1KN9,154136,,,,,,,,,,,,,,,,,,,,,,,,,,1,https://www.valueresearchonline.com/funds/45734/
DSP Silver ETF,equity,equity,Direct,88.38,45.78,,Domestic Prices of Silver*,INF740KA1VZ0,153487,89.09,45.84,,-0.87,0.99,0.93,1.9,43.3,46.13,,,,,,,,4,3,6,3,0,,16,Moderately High Risk,Average,1,https://www.valueresearchonline.com/funds/42419/
DSP Silver ETF FoF Dir,equity,equity,Direct,86.33,,,Domestic Prices of Silver*,INF740KA1VZ0,153487,89.09,,,,,,,,,,,,,,,,,,,,,,,,,1,https://www.valueresearchonline.com/funds/45137/
Edelweiss Silver ETF,equity,equity,Direct,87.69,,,Domestic Prices of Silver*,INF754K01VZ5,154072,89.09,,,,,,,,,,,,,,,,,,,,,,,,,1,https://www.valueresearchonline.com/funds/43921/
Edelweiss Silver ETF FoF Dir,equity,equity,Direct,,,,Domestic Prices of Silver*,INF754K01VZ5,154072,,,,,,,,,,,,,,,,,,,,,,,,,,1,https://www.valueresearchonline.com/funds/45702/
Groww Silver ETF,equity,equity,Direct,87.07,,,Domestic Prices of Silver*,INF666M01KQ9,153525,89.09,,,,,,,,,,,,,,,,,,,,,,,,,1,https://www.valueresearchonline.com/funds/45150/
Groww Silver ETF FoF Dir,equity,equity,Direct,82.66,,,Domestic Prices of Silver*,INF666M01KQ9,153525,89.09,,,,,,,,,,,,,,,,,,,,,,,,,1,https://www.valueresearchonline.com/funds/45153/
HDFC Silver ETF,equity,equity,Direct,87.36,45.1,,Domestic Prices of Silver*,INF179KC1DU7,150737,89.09,45.84,,-0.83,1,0.93,1.89,43.85,46.5,,,,,,,,4,3,6,3,0,,16,Moderately High Risk,Average,1,https://www.valueresearchonline.com/funds/42489/
HDFC Silver ETF FoF Dir,equity,equity,Direct,85.08,44.87,,Domestic Prices of Silver*,INF179KC1DU7,150737,89.09,45.84,,0.88,0.9,0.97,2.02,39.6,44.19,,,,,,,,6,4,6,3,0,,19,Moderately High Risk,Average,1,https://www.valueresearchonline.com/funds/42666/
ICICI Pru Silver ETF,equity,equity,Direct,88.45,45.93,,Domestic Prices of Silver*,INF109KC1Y98,149775,89.09,45.84,,-0.6,0.98,0.94,1.93,43.01,46.09,,,,,,,,4,3,6,3,0,,16,Moderately High Risk,Average,1,https://www.valueresearchonline.com/funds/41982/
ICICI Pru Silver ETF FoF Dir,equity,equity,Direct,85.53,44.8,,Domestic Prices of Silver*,INF109KC1Y98,149775,89.09,45.84,,3.25,0.83,1.02,2.17,36.99,43.5,,,,,,,,10,5,8,3,0,,26,Moderate Risk,Average,1,https://www.valueresearchonline.com/funds/42023/
Kotak Silver ETF,equity,equity,Direct,88.21,45.86,,Domestic Prices of Silver*,INF174KA1MQ3,151603,89.09,45.84,,-0.65,0.98,0.94,1.93,42.94,45.98,,,,,,,,4,3,6,3,0,,16,Moderately High Risk,Average,1,https://www.valueresearchonline.com/funds/42858/
Kotak Silver ETF FoF Dir,equity,equity,Direct,87.26,44.88,,Domestic Prices of Silver*,INF174KA1MQ3,151603,89.09,45.84,,3.17,0.83,1.02,2.17,37.05,43.49,,,,,,,,10,5,8,3,0,,26,Moderate Risk,Average,1,https://www.valueresearchonline.com/funds/43295/
Mirae Asset Silver ETF,equity,equity,Direct,87.85,45.69,,Domestic Prices of Silver*,INF769K01FY9,148419,89.09,45.84,,-0.61,0.97,0.94,1.93,42.75,45.84,,,,,,,,4,3,6,3,0,,16,Moderately High Risk,Average,1,https://www.valueresearchonline.com/funds/43544/
Mirae Asset Silver ETF FoF Dir,equity,equity,Direct,,,,Domestic Prices of Silver*,INF955L01JF3,154679,,,,,,,,,,,,,,,,,,,,,,,,,,1,https://www.valueresearchonline.com/funds/45902/
Motilal Oswal Silver ETF,equity,equity,Direct,86.87,,,Domestic Prices of Silver*,INF247L01247,124234,89.09,,,,,,,,,,,,,,,,,,,,,,,,,1,https://www.valueresearchonline.com/funds/45453/
Nippon India Silver ETF,equity,equity,Direct,87.74,45.51,,Domestic Prices of Silver*,INF204KC1378,149760,89.09,45.84,,-0.8,0.98,0.93,1.92,42.86,45.74,,,,,,,,4,3,6,3,0,,16,Moderately High Risk,Average,1,https://www.valueresearchonline.com/funds/41984/
Nippon India Silver ETF FoF Dir,equity,equity,Direct,85.23,44.58,,Domestic Prices of Silver*,INF204KC1378,149760,89.09,45.84,,-1.51,0.98,0.92,1.9,43.02,45.15,,,,,,,,4,3,6,3,0,,16,Moderately High Risk,Average,1,https://www.valueresearchonline.com/funds/41987/
SBI Silver ETF,equity,equity,Direct,87.96,,,Domestic Prices of Silver*,INF200KB1233,152735,89.09,,,,,,,,,,,,,,,,,,,,,,,,,1,https://www.valueresearchonline.com/funds/44407/
SBI Silver ETF FoF Dir,equity,equity,Direct,88.25,,,Domestic Prices of Silver*,INF200KB1233,152735,89.09,,,,,,,,,,,,,,,,,,,,,,,,,1,https://www.valueresearchonline.com/funds/44422/
Tata Silver ETF,equity,equity,Direct,89.05,,,Domestic Prices of Silver*,INF277KA1943,152293,89.09,,,,,,,,,,,,,,,,,,,,,,,,,1,https://www.valueresearchonline.com/funds/44020/
Tata Silver ETF FoF Dir,equity,equity,Direct,82.22,,,Domestic Prices of Silver*,INF277KA1943,152293,89.09,,,,,,,,,,,,,,,,,,,,,,,,,1,https://www.valueresearchonline.com/funds/44026/
UTI Silver ETF,equity,equity,Direct,87.23,44.89,,Domestic Prices of Silver*,INF789F1AYL4,151731,89.09,45.84,,-1.04,0.97,0.93,1.89,42.68,45.31,,,,,,,,4,3,6,3,0,,16,Moderately High Risk,Average,1,https://www.valueresearchonline.com/funds/43485/
UTI Silver ETF FoF Dir,equity,equity,Direct,85.76,44.9,,Domestic Prices of Silver*,INF789F1AYL4,151731,89.09,45.84,,2.89,0.84,1.01,2.14,37.46,43.66,,,,,,,,8,5,8,3,0,,24,Moderate Risk,Average,1,https://www.valueresearchonline.com/funds/43487/
Zerodha Silver ETF,equity,equity,Direct,87.73,,,Domestic Prices of Silver*,INF0R8F01109,153656,89.09,,,,,,,,,,,,,,,,,,,,,,,,,1,https://www.valueresearchonline.com/funds/45052/
Zerodha Silver ETF FoF Dir,equity,equity,Direct,86.25,,,Domestic Prices of Silver*,INF0R8F01109,153656,89.09,,,,,,,,,,,,,,,,,,,,,,,,,1,https://www.valueresearchonline.com/funds/45264/
ABSL Value Dir,equity,equity,Direct,16.77,15.37,14.98,BSE 500 TRI*,INF209K01WQ7,119659,2.44,11.32,10.45,3.39,1.11,0.62,0.88,17.81,16.73,68,32.1,16.91,57.36,,23.68,3.17,10,2,4,0,2,2,18,Moderately High Risk,Poor,25,https://www.valueresearchonline.com/funds/15879/
Axis Nifty500 Value 50 ETF,equity,equity,Direct,16.14,,,BSE 500 TRI*,INF846K013Y8,152949,2.44,,,,,,,,,50,48.72,25.17,86.13,,7.92,1.39,,,,,,,,,,25,https://www.valueresearchonline.com/funds/45050/
Axis Nifty500 Value 50 Index Dir,equity,equity,Direct,16.27,,,BSE 500 TRI*,INF846K013Y8,152949,2.44,,,,,,,,,50,48.85,25.23,86.34,,8.8,1.36,,,,,,,,,,25,https://www.valueresearchonline.com/funds/44613/
Axis Value Dir,equity,equity,Direct,12.4,18.85,,BSE 500 TRI*,INF846K010C0,149166,2.44,11.32,,7.14,0.96,0.92,1.11,15,19.44,86,31.37,19.75,58.4,,25.68,3.47,12,3,6,2,3,4,26,Moderate Risk,Good,25,https://www.valueresearchonline.com/funds/41696/
Bandhan Nifty 500 Value 50 Index Dir,equity,equity,Direct,15.74,,,BSE 500 TRI*,INF194KB1IW4,152990,2.44,,,,,,,,,50,48.65,25.13,86,,8.8,1.36,,,,,,,,,,25,https://www.valueresearchonline.com/funds/44628/
Bandhan Value Dir,equity,equity,Direct,2.57,10.82,13.55,BSE 500 TRI*,INF194K01Z85,118481,2.44,11.32,10.45,-0.09,0.91,0.44,0.57,14.09,11.9,65,42.15,28.5,58.08,,21.74,2.7,4,4,2,0,3,3,13,Moderately High Risk,Average,25,https://www.valueresearchonline.com/funds/16498/
Baroda BNP Paribas Value Dir,equity,equity,Direct,2.65,10.1,,BSE 500 TRI*,INF251K01SD5,151755,2.44,11.32,,-0.63,0.97,0.4,0.54,15.17,11.73,49,41.39,26.08,51.48,,22.95,3.34,4,3,2,0,3,1,12,High Risk,Poor,25,https://www.valueresearchonline.com/funds/43508/
Canara Robeco Value Dir,equity,equity,Direct,1.94,12,,BSE 500 TRI*,INF760K01JW4,149085,2.44,11.32,,0.89,0.97,0.51,0.65,14.98,13.29,57,42.02,27.33,58.13,,21.48,3.04,6,3,2,0,3,2,14,Moderately High Risk,Poor,25,https://www.valueresearchonline.com/funds/41625/
DSP Value Fund Dir*,equity,equity,Direct,9.91,16.78,12.94,BSE 500 TRI*,INF740KA1PP3,148595,2.44,11.32,10.45,6.7,0.64,1.01,1.43,10.98,16.82,52,36.63,25.82,52.79,,19.18,2.99,12,6,8,2,5,5,33,Low Risk,Excellent,25,https://www.valueresearchonline.com/funds/41194/
Groww Value Dir,equity,equity,Direct,3.77,13.86,11.93,BSE 500 TRI*,INF0QA701607,152162,2.44,11.32,10.45,2.77,0.95,0.63,0.91,14.85,15.03,70,34.15,22.74,56.1,,17.92,2.83,8,4,4,0,3,3,19,Moderately High Risk,Average,25,https://www.valueresearchonline.com/funds/30921/
HDFC NIFTY50 Value 20 ETF,equity,equity,Direct,-5.32,6.43,,BSE 500 TRI*,INF179KB15Q6,145034,2.44,11.32,,-3.38,0.84,0.17,0.23,14.11,8.13,20,77.62,55.97,82.07,,11.71,2.06,2,5,2,0,3,,12,High Risk,Poor,20,https://www.valueresearchonline.com/funds/42535/
HDFC Value Dir,equity,equity,Direct,9.94,16.81,14.44,BSE 500 TRI*,INF179K01VC4,118935,2.44,11.32,10.45,5.15,1,0.78,1.04,15.38,17.73,74,33.35,21.57,61.48,,25.42,3.43,12,3,4,2,3,4,24,Moderate Risk,Good,25,https://www.valueresearchonline.com/funds/15989/
HSBC Value Dir,equity,equity,Direct,6.66,16.8,16.53,BSE 500 TRI*,INF917K01HD4,151113,2.44,11.32,10.45,5.09,1.02,0.75,1,16.24,17.84,84,31.73,18.99,64.32,,18.32,2.46,12,3,4,2,3,5,24,Moderate Risk,Excellent,25,https://www.valueresearchonline.com/funds/16269/
ICICI Pru Nifty200 Value 30 ETF,equity,equity,Direct,17.79,,,BSE 500 TRI*,INF109KC13X2,152936,2.44,,,,,,,,,30,48.9,25.14,90.02,,7.51,1.34,,,,,,,,,,25,https://www.valueresearchonline.com/funds/44607/
ICICI Pru Nifty200 Value 30 Index Dir,equity,equity,Direct,17.79,,,BSE 500 TRI*,INF109KC13X2,152936,2.44,,,,,,,,,30,48.88,25.13,89.98,,8.84,1.4,,,,,,,,,,25,https://www.valueresearchonline.com/funds/44605/
ICICI Pru Nifty50 Value 20 ETF,equity,equity,Direct,-5.37,6.34,7.69,BSE 500 TRI*,INF109KC16T3,152365,2.44,11.32,10.45,-3.46,0.84,0.17,0.22,14.11,8.05,20,77.56,55.93,82.02,,11.71,2.06,2,5,2,0,3,,12,High Risk,Poor,20,https://www.valueresearchonline.com/funds/32540/
ICICI Pru Nifty50 Value 20 Index Dir,equity,equity,Direct,-5.44,,,BSE 500 TRI*,INF109KC16T3,152365,2.44,,,,,,,,,20,78.34,56.5,82.83,,14.23,2.18,,,,,,,,,,20,https://www.valueresearchonline.com/funds/44070/
ICICI Pru Value Dir,equity,equity,Direct,-1.59,12.82,15.16,BSE 500 TRI*,INF109K010A6,120256,2.44,11.32,10.45,2.59,0.79,0.63,0.87,12.77,13.76,64,49.3,32.96,56.28,,16.82,2.71,8,5,4,0,4,4,21,Moderate Risk,Good,25,https://www.valueresearchonline.com/funds/15822/
ITI Value Dir,equity,equity,Direct,8.73,14.22,13.31,BSE 500 TRI*,INF00XX01AQ6,148972,2.44,11.32,10.45,2.12,1.13,0.55,0.72,17.93,15.64,72,24.39,14.53,56.84,,23.43,2.96,8,2,2,0,2,2,14,Moderately High Risk,Poor,25,https://www.valueresearchonline.com/funds/41509/
Invesco India Contra Dir,equity,equity,Direct,2.51,15.63,13.8,BSE 500 TRI*,INF205K01LE4,120348,2.44,11.32,10.45,4.15,1.02,0.7,0.88,15.92,16.85,74,32.81,20.44,59.54,,28.03,3.42,10,3,4,0,3,3,20,Moderate Risk,Average,25,https://www.valueresearchonline.com/funds/16719/
JM Value Dir,equity,equity,Direct,3.04,12.79,15.45,BSE 500 TRI*,INF192K01BT3,120486,2.44,11.32,10.45,0.95,1.15,0.47,0.69,19.08,14.58,68,32.7,18.47,65.77,,19.02,2.8,6,2,2,0,2,2,12,High Risk,Poor,25,https://www.valueresearchonline.com/funds/16530/
Kotak Contra Dir,equity,equity,Direct,4.44,16.23,14.8,BSE 500 TRI*,INF174K01KZ9,119769,2.44,11.32,10.45,4.68,1.01,0.74,0.91,15.6,17.32,61,31.77,19.22,59.5,,22.86,3.1,10,3,4,0,3,4,20,Moderate Risk,Good,25,https://www.valueresearchonline.com/funds/16341/
Kotak Nifty 50 Value 20 ETF,equity,equity,Direct,-5.13,6.54,7.83,BSE 500 TRI*,INF174K01KM7,119757,2.44,11.32,10.45,-3.28,0.84,0.18,0.24,14.12,8.24,20,77.58,55.95,82.05,,11.72,2.06,2,5,2,0,3,,12,High Risk,Poor,20,https://www.valueresearchonline.com/funds/31271/
Kotak Nifty200 Value 30 Index Dir,equity,equity,Direct,,,,BSE 500 TRI*,INF174KA1YP0,154145,,,,,,,,,,30,48.8,25.08,89.82,,8.84,1.4,,,,,,,,,,25,https://www.valueresearchonline.com/funds/45763/
LIC MF Value Dir,equity,equity,Direct,23.91,17.79,,BSE 500 TRI*,INF397L01KU5,152018,2.44,11.32,,5.29,1.11,0.69,0.8,18.63,18.63,49,35.66,20.75,64.42,,17.33,3.7,12,2,4,0,2,2,20,Moderate Risk,Poor,25,https://www.valueresearchonline.com/funds/37212/
Mahindra Manulife Value Dir,equity,equity,Direct,16.08,,,BSE 500 TRI*,INF174V01CI9,153303,2.44,,,,,,,,,69,27.35,15.61,54.51,,20.22,2.41,,,,,,,,,,25,https://www.valueresearchonline.com/funds/44934/
Mirae Asset Nifty 500 Value 50 ETF,equity,equity,Direct,,,,BSE 500 TRI*,INF769K01GX9,148623,,,,,,,,,,50,48.72,25.17,86.11,,7.92,1.39,,,,,,,,,,25,https://www.valueresearchonline.com/funds/45914/
Motilal Oswal BSE Enhanced Value ETF,equity,equity,Direct,12.36,22.55,,BSE 500 TRI*,INF846K010C0,149166,2.44,11.32,,10.02,1.25,0.84,1.23,22.13,24.36,30,66.22,38.69,91.02,,6.27,1.18,12,0,6,2,0,,20,Moderate Risk,Average,25,https://www.valueresearchonline.com/funds/42441/
Motilal Oswal BSE Enhanced Value Index Dir,equity,equity,Direct,12.1,22.03,,BSE 500 TRI*,INF955L01JF3,154679,2.44,11.32,,9.61,1.25,0.83,1.21,22.03,23.93,30,66.15,38.66,90.91,,7.72,1.28,12,0,6,2,0,5,20,Moderate Risk,Excellent,25,https://www.valueresearchonline.com/funds/42443/
Nippon India ETF Nifty 50 Value 20,equity,equity,Direct,-5.37,6.31,7.6,BSE 500 TRI*,INF204KB12Z0,148721,2.44,11.32,10.45,-3.49,0.84,0.16,0.22,14.09,8.02,20,77.55,55.93,82.01,,11.72,2.06,2,5,2,0,3,,12,High Risk,Poor,20,https://www.valueresearchonline.com/funds/30446/
Nippon India Nifty 50 Value 20 Index Dir,equity,equity,Direct,-5.52,6.24,7.56,BSE 500 TRI*,INF204KB12Z0,148721,2.44,11.32,10.45,-3.55,0.84,0.16,0.21,14.1,7.95,20,77.55,55.93,82.01,,14.23,2.18,2,5,2,0,3,1,12,High Risk,Poor,20,https://www.valueresearchonline.com/funds/41291/
Nippon India Value Dir,equity,equity,Direct,1.19,14.91,14.24,BSE 500 TRI*,INF204K01K49,118784,2.44,11.32,10.45,3.28,1.02,0.65,0.89,15.9,16.01,86,36,22.21,60.35,,20,2.67,10,3,4,0,3,4,20,Moderate Risk,Good,25,https://www.valueresearchonline.com/funds/16175/
Quant Value Dir,equity,equity,Direct,21.98,21.2,,BSE 500 TRI*,INF966L01AN3,149335,2.44,11.32,,8.41,1.22,0.78,1.53,21.52,22.5,28,70.36,42.13,65.06,,23.64,2.59,12,0,4,3,2,4,21,Moderate Risk,Good,23,https://www.valueresearchonline.com/funds/41848/
Quantum Value Dir,equity,equity,Direct,-4.11,10.49,10.04,BSE 500 TRI*,INF082J01036,103490,2.44,11.32,10.45,0.31,0.85,0.46,0.6,13.47,11.88,32,41.71,24.37,70.63,,19.85,2.58,6,5,2,0,4,1,17,Moderately High Risk,Poor,25,https://www.valueresearchonline.com/funds/3181/
SBI Contra Dir,equity,equity,Direct,0.4,11.76,16,BSE 500 TRI*,INF200K01RA0,119835,2.44,11.32,10.45,1,0.9,0.51,0.67,14.08,12.93,86,32.48,20.19,56.57,,17.58,2.29,6,4,2,0,3,4,15,Moderately High Risk,Good,25,https://www.valueresearchonline.com/funds/16322/
Sundaram Value Dir,equity,equity,Direct,-3.68,7.38,8.13,BSE 500 TRI*,INF903J01NN3,119549,2.44,11.32,10.45,-3.37,0.91,0.21,0.25,14.27,8.63,50,44.44,26.96,59.04,,18.21,2.45,2,4,2,0,3,,11,High Risk,Poor,25,https://www.valueresearchonline.com/funds/16169/
Tata Value Dir,equity,equity,Direct,5.16,13.88,14.1,BSE 500 TRI*,INF277K01ND1,119231,2.44,11.32,10.45,2.68,0.98,0.61,0.83,15.4,15.13,41,49.21,29.84,64.65,,16.12,2.78,8,3,4,0,3,3,18,Moderately High Risk,Average,25,https://www.valueresearchonline.com/funds/16952/
Templeton India Value Dir,equity,equity,Direct,-0.94,10.31,14,BSE 500 TRI*,INF090I01GY2,118494,2.44,11.32,10.45,-0.22,0.92,0.42,0.58,14.52,11.82,48,44.57,29.24,63.01,,14.07,2.13,4,4,2,0,3,3,13,Moderately High Risk,Average,25,https://www.valueresearchonline.com/funds/16824/
UTI Nifty 500 Value 50 Index Dir,equity,equity,Direct,15.79,23.31,,BSE 500 TRI*,INF789F1AYN0,151739,2.44,11.32,,10.99,1.14,0.92,1.55,20.52,24.59,50,48.77,25.19,86.21,,8.8,1.36,12,2,6,3,2,5,25,Moderate Risk,Excellent,25,https://www.valueresearchonline.com/funds/43495/
UTI Value Dir,equity,equity,Direct,-0.51,12.85,11.44,BSE 500 TRI*,INF789F01VB2,120751,2.44,11.32,10.45,1.74,0.95,0.56,0.75,14.82,14.01,65,41.32,26.08,60.28,,21.33,2.75,8,4,2,0,3,3,17,Moderately High Risk,Average,25,https://www.valueresearchonline.com/funds/15927/
Union Value Dir,equity,equity,Direct,4.39,12.9,13.12,BSE 500 TRI*,INF582M01EK4,145473,2.44,11.32,10.45,2.02,0.92,0.58,0.76,14.42,14.04,66,35.28,21.73,55.62,,26.85,3.31,8,4,2,0,3,3,17,Moderately High Risk,Average,25,https://www.valueresearchonline.com/funds/38207/
360 ONE ELSS Tax Saver Nifty 50 Index Reg,equity,equity,Regular,-2.73,7.64,,BSE 500 TRI*,INF579M01AL6,151164,2.44,11.32,,-2.65,0.86,0.24,0.32,13.51,9,50,52.6,36.67,62.95,,20.66,3.16,2,4,2,0,4,2,12,High Risk,Poor,25,https://www.valueresearchonline.com/funds/42906/
ABSL ELSS Tax Saver Reg,equity,equity,Regular,1.91,11.31,7.92,BSE 500 TRI*,INF955L01IY6,154684,2.44,11.32,10.45,0.22,0.94,0.46,0.62,14.42,12.38,63,40.17,25.03,60.47,,24.74,3.54,6,4,2,0,3,2,15,Moderately High Risk,Poor,25,https://www.valueresearchonline.com/funds/24/
Axis ELSS Tax Saver Reg,equity,equity,Regular,1.72,11.28,5.54,BSE 500 TRI*,INF846K01131,112323,2.44,11.32,10.45,0.59,0.91,0.47,0.62,14.52,12.55,67,38.24,25.17,57.26,,29.09,4.32,6,4,2,0,3,1,15,Moderately High Risk,Poor,25,https://www.valueresearchonline.com/funds/10826/
Bajaj Finserv ELSS Tax Saver Reg,equity,equity,Regular,5.85,,,BSE 500 TRI*,INF0QA701AI4,153202,2.44,,,,,,,,,46,42.76,27.35,57.84,,25.7,3.14,,,,,,,,,,25,https://www.valueresearchonline.com/funds/44854/
Bandhan ELSS Tax Saver Reg,equity,equity,Regular,3,9,11.06,BSE 500 TRI*,INF194K01292,111569,2.44,11.32,10.45,-1.64,0.89,0.33,0.42,13.65,10.19,58,43.45,29.85,57.67,,23.21,2.92,4,4,2,0,4,3,14,Moderately High Risk,Average,25,https://www.valueresearchonline.com/funds/10032/
Bank of Ind Midcap Tax 2 Reg,equity,equity,Regular,9.17,14.81,11.33,BSE 500 TRI*,INF955L01IY6,154684,2.44,11.32,10.45,2.7,1.14,0.57,0.81,18.57,16.27,51,39.18,22.84,54.79,,29.26,3.85,8,2,2,0,2,,14,Moderately High Risk,Average,25,https://www.valueresearchonline.com/funds/36920/
Bank of India ELSS Tax Saver Eco,equity,equity,Regular,6.11,12.52,10.8,BSE 500 TRI*,INF761K01181,111710,2.44,11.32,10.45,1.16,1.07,0.48,0.69,17.69,14.24,53,32.76,19.57,56.35,,21.29,2.99,6,2,2,0,2,,12,High Risk,Poor,25,https://www.valueresearchonline.com/funds/10099/
Bank of India ELSS Tax Saver Reg,equity,equity,Regular,5.79,12.22,10.5,BSE 500 TRI*,INF761K01181,111710,2.44,11.32,10.45,0.89,1.07,0.47,0.67,17.69,13.97,53,32.76,19.57,56.35,,21.29,2.99,6,2,2,0,2,3,12,High Risk,Average,25,https://www.valueresearchonline.com/funds/10097/
Bank of India Midcap Tax Sr 1 Reg,equity,equity,Regular,12.67,15.56,12.23,BSE 500 TRI*,INF761K01DU9,141952,2.44,11.32,10.45,3.49,1.15,0.59,0.84,19.26,17.14,51,34.59,19.59,61.91,,31.22,4.55,10,2,2,0,2,,16,Moderately High Risk,Average,25,https://www.valueresearchonline.com/funds/34772/
Baroda BNP Paribas ELSS Tax Saver  Reg,equity,equity,Regular,6.32,14.74,11.32,BSE 500 TRI*,INF251K01985,150156,2.44,11.32,10.45,3.7,0.96,0.68,0.89,15.24,16.04,54,30.31,16.94,61.95,,30.06,4.01,10,3,4,0,3,4,20,Moderate Risk,Good,25,https://www.valueresearchonline.com/funds/3001/
Canara Robeco ELSS Tax Saver Reg,equity,equity,Regular,2.39,11.2,9.14,BSE 500 TRI*,INF760K01100,111722,2.44,11.32,10.45,0.26,0.94,0.47,0.59,14.48,12.47,74,38.88,24.48,58.21,,26.49,3.84,6,4,2,0,3,3,15,Moderately High Risk,Average,25,https://www.valueresearchonline.com/funds/59/
DSP ELSS Tax Saver Reg,equity,equity,Regular,1.58,12.83,11.26,BSE 500 TRI*,INF740K01185,104772,2.44,11.32,10.45,1.7,0.99,0.55,0.72,15.5,14.25,58,47.7,34.66,66.26,,19.97,2.7,8,3,2,0,3,4,16,Moderately High Risk,Good,25,https://www.valueresearchonline.com/funds/3985/
Edelweiss ELSS Tax Saver Reg,equity,equity,Regular,7.57,12.86,10.86,BSE 500 TRI*,INF754K01517,111638,2.44,11.32,10.45,1.62,0.99,0.55,0.69,15.26,14.13,94,30.66,20.03,63.08,,25.16,3.6,8,3,2,0,3,3,16,Moderately High Risk,Average,25,https://www.valueresearchonline.com/funds/10125/
Franklin India ELSS Tax Saver Reg,equity,equity,Regular,-1.92,10.83,11.48,BSE 500 TRI*,INF761K01181,111710,2.44,11.32,10.45,0.11,0.92,0.45,0.58,14.27,12.16,49,46.31,29.48,60.85,,23.72,3.25,6,4,2,0,3,4,15,Moderately High Risk,Good,25,https://www.valueresearchonline.com/funds/601/
Groww ELSS Tax Saver Reg,equity,equity,Regular,-4.67,8.68,7.44,BSE 500 TRI*,INF955L01IY6,154684,2.44,11.32,10.45,-1.96,0.97,0.31,0.36,15.48,10.44,66,37.34,25.6,61.69,,22.02,3.16,4,3,2,0,3,1,12,High Risk,Poor,25,https://www.valueresearchonline.com/funds/34681/
HDFC ELSS Tax Saver Reg,equity,equity,Regular,-2.73,13.08,13.95,BSE 500 TRI*,INF677K01064,151076,2.44,11.32,10.45,2.67,0.86,0.64,0.78,13.51,14.29,62,50.37,32.47,71.4,,23.03,3.31,8,4,4,0,4,5,20,Moderate Risk,Excellent,25,https://www.valueresearchonline.com/funds/854/
HSBC ELSS Tax Saver Reg,equity,equity,Regular,7.44,16.03,12.41,BSE 500 TRI*,INF677K01064,151076,2.44,11.32,10.45,4.43,1.02,0.7,0.84,16.4,17.18,81,27.72,16.55,61.07,,27.61,3.54,10,3,4,0,3,4,20,Moderate Risk,Good,25,https://www.valueresearchonline.com/funds/3112/
ICICI Pru ELSS Tax Saver,equity,equity,Regular,0.2,11.09,9.91,BSE 500 TRI*,INF579M01AL6,151164,2.44,11.32,10.45,0.59,0.88,0.48,0.65,13.89,12.37,89,52.37,30.95,59.29,,24.89,3.16,6,4,2,0,4,3,16,Moderately High Risk,Average,25,https://www.valueresearchonline.com/funds/640/
ICICI Pru Long Term Wealth Enhancement,equity,equity,Regular,-1.03,13.42,13.71,BSE 500 TRI*,INF846K015L0,151178,2.44,11.32,10.45,3.38,0.88,0.66,0.89,14.26,15.12,25,63.66,39.08,75.04,,29.38,4.33,10,4,4,0,3,,21,Moderate Risk,Average,25,https://www.valueresearchonline.com/funds/34950/
ITI ELSS Tax Saver Reg,equity,equity,Regular,7.28,15.92,11.73,BSE 500 TRI*,INF00XX01374,147544,2.44,11.32,10.45,2.94,1.23,0.57,0.83,19.97,17.13,66,26.53,15.23,66.23,,23.29,3.07,8,0,2,0,2,3,12,High Risk,Average,25,https://www.valueresearchonline.com/funds/40135/
Invesco India ELSS Tax Saver Reg,equity,equity,Regular,1.56,12.2,9.52,BSE 500 TRI*,INF205K01270,104636,2.44,11.32,10.45,0.88,1.03,0.49,0.62,16.48,13.7,73,25.89,15.58,59.74,,34.18,4.42,6,3,2,0,3,2,14,Moderately High Risk,Poor,25,https://www.valueresearchonline.com/funds/3913/
JM ELSS Tax Saver Reg,equity,equity,Regular,8.67,15.48,13.54,BSE 500 TRI*,INF192K01650,107288,2.44,11.32,10.45,3.33,1.05,0.63,0.86,16.85,16.26,54,27.07,14.56,60.64,,29.83,3.42,10,3,4,0,3,4,20,Moderate Risk,Good,25,https://www.valueresearchonline.com/funds/6679/
Kotak ELSS Tax Saver Reg,equity,equity,Regular,2.83,10.52,10.8,BSE 500 TRI*,INF955L01IY6,154684,2.44,11.32,10.45,-0.31,0.96,0.42,0.49,15.23,12.04,52,37.89,24.29,57.63,,24.35,3.21,4,3,2,0,3,3,12,High Risk,Average,25,https://www.valueresearchonline.com/funds/2937/
LIC MF ELSS Tax Saver Reg,equity,equity,Regular,-2.41,9.17,8.72,BSE 500 TRI*,INF767K01956,100865,2.44,11.32,10.45,-1.81,0.94,0.31,0.4,14.96,10.37,54,39.78,26.21,63.27,,28.53,4.05,4,4,2,0,3,2,13,Moderately High Risk,Poor,25,https://www.valueresearchonline.com/funds/405/
Mahindra Manulife ELSS Tax Saver Reg,equity,equity,Regular,-3.76,7.26,8.19,BSE 500 TRI*,INF174V01077,139783,2.44,11.32,10.45,-3.03,0.91,0.23,0.31,14.01,8.92,55,40.68,28.11,63.12,,23.52,3.71,2,4,2,0,3,2,11,High Risk,Poor,25,https://www.valueresearchonline.com/funds/32893/
Mirae Asset ELSS Tax Saver Reg,equity,equity,Regular,4.1,11.99,10.32,BSE 500 TRI*,INF769K01DK3,135784,2.44,11.32,10.45,0.74,1,0.5,0.61,15.39,13.35,66,41.09,27.31,60.6,,21.49,3.06,6,3,2,0,3,3,14,Moderately High Risk,Average,25,https://www.valueresearchonline.com/funds/31316/
Motilal Oswal ELSS Tax Saver Reg,equity,equity,Regular,13.45,21.4,16.04,BSE 500 TRI*,INF247L01544,133385,2.44,11.32,10.45,8.77,1.16,0.78,1.04,21.62,22.45,30,42.37,22.28,60.43,,40.9,6.32,12,0,4,2,2,5,20,Moderate Risk,Excellent,25,https://www.valueresearchonline.com/funds/29160/
NJ ELSS Tax Saver Reg,equity,equity,Regular,-3.43,8.65,,BSE 500 TRI*,INF192K01650,107288,2.44,11.32,,-2.01,0.97,0.29,0.42,15.97,10.39,25,50.21,26.54,57.88,,22.95,5.26,2,3,2,0,3,2,10,High Risk,Poor,25,https://www.valueresearchonline.com/funds/43363/
Navi ELSS Tax Saver Nifty 50 Index Reg,equity,equity,Regular,-3.35,6.9,,BSE 500 TRI*,INF959L01GS4,151472,2.44,11.32,,-3.36,0.87,0.19,0.25,13.54,8.31,50,52.83,36.86,63.19,,20.66,3.16,2,4,2,0,4,1,12,High Risk,Poor,25,https://www.valueresearchonline.com/funds/43189/
Navi ELSS Tax Saver Reg,equity,equity,Regular,,,,,INF959L01CF0,151472,,,,,,,,,,,,,,,,,,,,,,,,,,0,https://www.valueresearchonline.com/funds/31263/
Nippon India ELSS Tax Saver Reg,equity,equity,Regular,2.56,11.96,11.39,BSE 500 TRI*,INF761K01181,111710,2.44,11.32,10.45,0.84,0.97,0.5,0.71,14.97,13.22,64,39.39,24.62,59.8,,20.88,3.04,6,3,2,0,3,4,14,Moderately High Risk,Good,25,https://www.valueresearchonline.com/funds/2816/
PGIM India ELSS Tax Saver Reg,equity,equity,Regular,0.63,8.35,9.17,BSE 500 TRI*,INF663L01FQ8,135598,2.44,11.32,10.45,-2.45,0.93,0.27,0.36,14.83,9.67,89,37.66,25.03,54.47,,27.78,4.05,2,4,2,0,3,2,11,High Risk,Poor,25,https://www.valueresearchonline.com/funds/31165/
Parag Parikh ELSS Tax Saver Reg,equity,equity,Regular,-8.31,8.51,10.45,BSE 500 TRI*,INF879O01092,147482,2.44,11.32,10.45,-0.95,0.71,0.35,0.48,11.46,9.67,41,55.66,32.77,57.29,,17.72,2.16,4,6,2,0,5,4,17,Moderately High Risk,Good,25,https://www.valueresearchonline.com/funds/40104/
Quant ELSS Tax Saver Reg,equity,equity,Regular,15.19,14.15,14.42,BSE 500 TRI*,INF966L01135,100175,2.44,11.32,10.45,2.6,1.11,0.56,0.93,18.2,15.93,31,63.67,42.57,57.1,,30.75,4.22,8,2,2,0,2,4,14,Moderately High Risk,Good,25,https://www.valueresearchonline.com/funds/818/
Quantum ELSS Tax Saver Reg,equity,equity,Regular,-5.04,9.35,9.18,BSE 500 TRI*,INF082J01366,141070,2.44,11.32,10.45,-0.72,0.85,0.38,0.5,13.38,10.81,32,41.4,24.4,70.7,,19.82,2.57,4,5,2,0,4,3,15,Moderately High Risk,Average,25,https://www.valueresearchonline.com/funds/33972/
SBI ELSS Tax Saver Reg,equity,equity,Regular,-0.77,14.07,14.49,BSE 500 TRI*,INF200K01495,105628,2.44,11.32,10.45,2.71,0.97,0.62,0.81,15.3,15.12,81,41.58,29.02,60.2,,23.71,3,8,3,4,0,3,5,18,Moderately High Risk,Excellent,25,https://www.valueresearchonline.com/funds/198/
SBI Long Term Advantage Sr IV Reg,equity,equity,Regular,1.39,9.05,10.83,BSE 500 TRI*,INF200KA1LQ3,140488,2.44,11.32,10.45,-1.36,0.9,0.31,0.42,15.63,10.55,29,48.34,28.89,73.89,,23.25,3.38,4,4,2,0,3,,13,Moderately High Risk,Average,25,https://www.valueresearchonline.com/funds/33321/
SBI Long Term Advantage Sr V Reg,equity,equity,Regular,3.74,20.68,15.53,BSE 500 TRI*,INF200KA1RU2,142139,2.44,11.32,10.45,8.61,0.98,0.95,1.23,16.15,21.05,29,47.33,27.56,73.47,,25.27,3.23,12,3,6,2,3,,26,Moderate Risk,Average,25,https://www.valueresearchonline.com/funds/34958/
SBI Long Term Advantage Sr VI Reg,equity,equity,Regular,1.53,10.1,12.44,BSE 500 TRI*,INF200KA1TM5,143176,2.44,11.32,10.45,-1.29,1.07,0.36,0.43,17.2,11.81,34,41.87,22.76,73.69,,25.45,2.85,4,2,2,0,2,,10,High Risk,Poor,25,https://www.valueresearchonline.com/funds/35969/
Samco ELSS Tax Saver Reg,equity,equity,Regular,0.3,3.84,,BSE 500 TRI*,INF0K1H01057,150839,2.44,11.32,,-6.77,1.09,0.04,0.05,19.53,6.42,34,36.77,19.94,66.02,,26.2,4.22,0,2,2,0,2,1,6,High Risk,Poor,25,https://www.valueresearchonline.com/funds/42759/
Shriram ELSS Tax Saver Reg,equity,equity,Regular,-0.24,6.42,5.9,BSE 500 TRI*,INF680P01133,145820,2.44,11.32,10.45,-4.19,1.01,0.17,0.2,16.77,8.46,70,38.26,25.23,57.52,,20.84,3.22,2,3,2,0,3,1,10,High Risk,Poor,25,https://www.valueresearchonline.com/funds/38437/
Sundaram  Long Term Tax Advantage IV Reg,equity,equity,Regular,11.76,13.15,17.67,BSE 500 TRI*,INF903JA1CX1,143077,2.44,11.32,10.45,1.84,1.05,0.5,0.78,18.22,14.82,39,46.01,27.21,61.44,,28.81,3.45,8,3,2,0,2,,15,Moderately High Risk,Average,25,https://www.valueresearchonline.com/funds/35871/
Sundaram ELSS Tax Saver Reg,equity,equity,Regular,-2.79,8.69,9.3,BSE 500 TRI*,INF173K01361,149569,2.44,11.32,10.45,-2.06,0.91,0.3,0.37,14.13,9.9,56,41.64,25.31,65.19,,22.75,3.1,2,4,2,0,3,2,11,High Risk,Poor,25,https://www.valueresearchonline.com/funds/89/
Sundaram Long Term Micro Cap Tax Advantage III Reg,equity,equity,Regular,9.87,11.97,16.02,BSE 500 TRI*,INF903JA1427,139709,2.44,11.32,10.45,0.39,1.1,0.41,0.66,19.27,13.68,38,44.62,25.7,62.11,,28.43,3.46,6,2,2,0,2,,12,High Risk,Poor,25,https://www.valueresearchonline.com/funds/32781/
Sundaram Long Term Micro Cap Tax Advantage IV Reg,equity,equity,Regular,9.77,12.07,16.23,BSE 500 TRI*,INF903JA1930,141139,2.44,11.32,10.45,0.48,1.09,0.42,0.67,19.03,13.68,38,45.09,26.64,62.48,,28.01,3.42,6,2,2,0,2,,12,High Risk,Poor,25,https://www.valueresearchonline.com/funds/33064/
Sundaram Long Term Micro Cap Tax Advantage V Reg,equity,equity,Regular,10.54,12.63,15.79,BSE 500 TRI*,INF903JA1930,141139,2.44,11.32,10.45,1,1.1,0.45,0.71,19.09,14.27,39,42.91,25.96,62.77,,27.21,3.33,6,2,2,0,2,,12,High Risk,Poor,25,https://www.valueresearchonline.com/funds/34224/
Sundaram Long Term Micro Cap Tax Advantage VI Reg,equity,equity,Regular,9.52,12.16,16.03,BSE 500 TRI*,INF903JA1AX5,141565,2.44,11.32,10.45,0.54,1.09,0.42,0.69,19.02,13.75,38,44.11,26.14,63.94,,27.73,3.34,6,2,2,0,2,,12,High Risk,Poor,25,https://www.valueresearchonline.com/funds/34429/
Sundaram Long Term Tax Advantage III Reg,equity,equity,Regular,12.08,12.97,17.47,BSE 500 TRI*,INF903J019V4,135684,2.44,11.32,10.45,1.51,1.06,0.48,0.76,18.45,14.56,39,45.79,27.57,60.28,,27.47,3.35,8,2,2,0,2,,14,Moderately High Risk,Average,25,https://www.valueresearchonline.com/funds/35006/
Tata ELSS Reg,equity,equity,Regular,9.17,12.26,11.74,BSE 500 TRI*,INF277K01I52,132757,2.44,11.32,10.45,1.06,0.99,0.51,0.66,15.49,13.61,63,38.74,24.5,61.66,,24.47,3.41,6,3,2,0,3,4,14,Moderately High Risk,Good,25,https://www.valueresearchonline.com/funds/212/
Taurus ELSS Tax Saver Reg,equity,equity,Regular,-0.58,10.32,10.32,BSE 500 TRI*,INF044D01AC9,100480,2.44,11.32,10.45,-0.46,0.9,0.39,0.6,14.55,11.43,31,59.59,35.58,62.85,,19.98,3.08,4,4,2,0,3,2,13,Moderately High Risk,Poor,25,https://www.valueresearchonline.com/funds/83/
UTI ELSS Tax Saver Reg,equity,equity,Regular,-1.28,8.1,6.92,BSE 500 TRI*,INF789F01547,100821,2.44,11.32,10.45,-2.61,0.96,0.27,0.35,14.91,9.73,59,40.3,26.81,63.22,,23.99,3.24,2,3,2,0,3,2,10,High Risk,Poor,25,https://www.valueresearchonline.com/funds/724/
UTI MEPUS Reg,equity,equity,Regular,-2.09,7.77,7.03,BSE 500 TRI*,INF767K01535,105823,2.44,11.32,10.45,-2.54,0.86,0.25,0.31,13.49,9.08,65,49.82,32.02,63.91,,20.44,3.24,2,4,2,0,4,,12,High Risk,Poor,25,https://www.valueresearchonline.com/funds/1621/
Union ELSS Tax Saver Reg,equity,equity,Regular,1.69,10.38,9.91,BSE 500 TRI*,INF789F01547,100821,2.44,11.32,10.45,-0.38,0.92,0.42,0.5,14.44,11.69,77,31.87,21.08,61.72,,30.91,3.89,4,4,2,0,3,3,13,Moderately High Risk,Average,25,https://www.valueresearchonline.com/funds/13521/
WhiteOak Capital ELSS Tax Saver Reg,equity,equity,Regular,4.85,15.32,,BSE 500 TRI*,INF03VN01647,150589,2.44,11.32,,3.88,0.94,0.69,0.93,14.88,16.04,139,36.11,24.52,58.58,,26.25,3.62,10,4,4,0,3,5,21,Moderate Risk,Excellent,25,https://www.valueresearchonline.com/funds/42485/
360 ONE Flexicap Reg,equity,equity,Regular,10.39,16.39,,BSE 500 TRI*,INF579M01AP7,151799,2.44,11.32,,4.46,0.99,0.72,0.94,15.74,16.96,56,33.66,19.09,63.66,,26.3,3.87,10,3,4,0,3,4,20,Moderate Risk,Good,25,https://www.valueresearchonline.com/funds/43545/
360 ONE Focused Reg,equity,equity,Regular,6.56,11.25,10.62,BSE 500 TRI*,INF579M01878,131578,2.44,11.32,10.45,0.35,0.91,0.46,0.59,14.39,12.36,28,56.17,32.91,69.51,,26.89,3.92,6,4,2,0,3,3,15,Moderately High Risk,Average,25,https://www.valueresearchonline.com/funds/28456/
ABSL BSE 500 Momentum 50 Index Reg,equity,equity,Regular,7.08,,,BSE 500 TRI*,INF209KC1605,153735,2.44,,,,,,,,,50,39.77,21.65,60.81,,24.54,5.01,,,,,,,,,,25,https://www.valueresearchonline.com/funds/45375/
ABSL BSE 500 Quality 50 Index Reg,equity,equity,Regular,3.58,,,BSE 500 TRI*,INF209KC1639,153742,2.44,,,,,,,,,50,40.61,21.36,59.41,,23.9,7.85,,,,,,,,,,25,https://www.valueresearchonline.com/funds/45379/
ABSL Bal Bhavishya Yojna Reg,equity,equity,Regular,7.34,10.62,8.74,BSE 500 TRI*,INF209KB1E76,146409,2.44,11.32,10.45,-0.41,0.96,0.41,0.55,15.12,11.95,67,29.14,18.44,55.08,,28.04,3.47,4,3,2,0,3,2,12,High Risk,Poor,25,https://www.valueresearchonline.com/funds/38819/
ABSL Flexi Cap Reg,equity,equity,Regular,10.68,15.01,11.35,BSE 500 TRI*,INF209K01AJ8,103166,2.44,11.32,10.45,3.77,0.95,0.71,0.91,14.61,16.02,83,27.86,17.42,56.43,,30.18,3.9,10,4,4,0,3,4,21,Moderate Risk,Good,25,https://www.valueresearchonline.com/funds/561/
ABSL Focused Reg,equity,equity,Regular,5.69,12.7,10.04,BSE 500 TRI*,INF209K01LV0,108273,2.44,11.32,10.45,1.76,0.9,0.57,0.8,14.07,13.68,29,42.71,23.75,62.47,,27.18,3.3,8,4,2,0,3,3,17,Moderately High Risk,Average,25,https://www.valueresearchonline.com/funds/2865/
ABSL Retirement 30s Reg,equity,equity,Regular,14.75,15.43,11.29,BSE 500 TRI*,INF209KB1H99,146577,2.44,11.32,10.45,3.75,0.97,0.68,0.9,15.51,16.17,77,25.24,15.08,53.01,,30.07,3.85,10,3,4,0,3,3,20,Moderate Risk,Average,25,https://www.valueresearchonline.com/funds/39179/
Abakkus Flexi Cap Reg,equity,equity,Regular,,,,BSE 500 TRI*,INF2JJD01169,154041,,,,,,,,,,45,33.8,20.21,56.78,,24.84,3.7,,,,,,,,,,25,https://www.valueresearchonline.com/funds/45681/
Angel One Nifty Total Market ETF,equity,equity,Regular,2.99,,,BSE 500 TRI*,INF1J2R01023,153330,2.44,,,,,,,,,752,28.13,19.63,53.19,,22.13,3.16,,,,,,,,,,25,https://www.valueresearchonline.com/funds/44964/
Angel One Nifty Total Market Index Reg,equity,equity,Regular,2.21,,,BSE 500 TRI*,INF1J2R01031,153331,2.44,,,,,,,,,752,28.15,19.64,53.21,,22.82,3.4,,,,,,,,,,25,https://www.valueresearchonline.com/funds/44962/
Angel One Nifty Total Market Momentum Quality 50 ETF,equity,equity,Regular,,,,BSE 500 TRI*,INF1J2R01122,153956,,,,,,,,,,50,49.37,26.02,64.89,,34.05,8.49,,,,,,,,,,25,https://www.valueresearchonline.com/funds/45605/
Angel One Nifty Total Market Momentum Quality 50 Index Reg,equity,equity,Regular,,,,BSE 500 TRI*,INF1J2R01130,153955,,,,,,,,,,50,49.43,26.06,64.96,,30.19,7.67,,,,,,,,,,25,https://www.valueresearchonline.com/funds/45606/
Axis Flexi Cap Reg,equity,equity,Regular,6.24,13.6,8.17,BSE 500 TRI*,INF846K01B51,141927,2.44,11.32,10.45,2.44,0.97,0.59,0.71,15.49,14.81,62,38.74,23.71,59.77,,32.15,4.66,8,3,2,0,3,2,16,Moderately High Risk,Poor,25,https://www.valueresearchonline.com/funds/34709/
Axis Focused Reg,equity,equity,Regular,2.4,10.4,3.94,BSE 500 TRI*,INF846K01CH7,117560,2.44,11.32,10.45,0.05,0.91,0.42,0.6,14.97,12.05,27,53.02,31.75,59.42,,31.27,5.02,6,4,2,0,3,1,15,Moderately High Risk,Poor,25,https://www.valueresearchonline.com/funds/14951/
Axis Nifty 500 Index Reg,equity,equity,Regular,1.59,,,BSE 500 TRI*,INF846K018W1,152730,2.44,,,,,,,,,500,29.39,20.51,53.66,,22.57,3.4,,,,,,,,,,25,https://www.valueresearchonline.com/funds/44412/
Axis Nifty500 Momentum 50 Index Reg,equity,equity,Regular,6.36,,,BSE 500 TRI*,INF846KA1036,153245,2.44,,,,,,,,,50,46.49,25.49,64.66,,26.66,5.57,,,,,,,,,,25,https://www.valueresearchonline.com/funds/44904/
Axis Nifty500 Quality 50 Index Reg,equity,equity,Regular,,,,BSE 500 TRI*,INF846KA1192,153830,,,,,,,,,,50,39.96,22.92,64.31,,22.61,7.15,,,,,,,,,,25,https://www.valueresearchonline.com/funds/45467/
Bajaj Finserv Flexi Cap Reg,equity,equity,Regular,8.08,16.09,,BSE 500 TRI*,INF0QA701383,151898,2.44,11.32,,4.45,0.94,0.72,0.92,15.1,16.64,72,33.13,19.66,59.94,,22.5,4.23,10,4,4,0,3,4,21,Moderate Risk,Good,25,https://www.valueresearchonline.com/funds/43651/
Bandhan Flexi Cap Reg,equity,equity,Regular,1.48,10.85,9.55,BSE 500 TRI*,INF194K01391,108594,2.44,11.32,10.45,-0.02,0.89,0.44,0.59,13.72,11.8,71,45.63,29.28,63.7,,21.84,3.01,4,4,2,0,4,3,14,Moderately High Risk,Average,25,https://www.valueresearchonline.com/funds/2886/
Bandhan Focused Reg,equity,equity,Regular,4.99,14.52,11.2,BSE 500 TRI*,INF194K01466,108592,2.44,11.32,10.45,2.16,0.99,0.54,0.76,16.58,14.67,27,55.64,33.17,62.11,,17.73,2.51,8,3,2,0,3,3,16,Moderately High Risk,Average,25,https://www.valueresearchonline.com/funds/3151/
Bandhan Nifty 500 Momentum 50 Index Reg,equity,equity,Regular,6.33,,,BSE 500 TRI*,INF194KB1DS3,150592,2.44,,,,,,,,,50,46.5,25.5,64.65,,26.66,5.57,,,,,,,,,,25,https://www.valueresearchonline.com/funds/44629/
Bandhan Nifty Alpha 50 Index Reg,equity,equity,Regular,10.71,,,BSE 500 TRI*,INF194KB1GX6,152179,2.44,,,,,,,,,50,34.76,20,64.94,,18.19,3.19,,,,,,,,,,25,https://www.valueresearchonline.com/funds/43862/
Bandhan Nifty Total Mkt Index Reg,equity,equity,Regular,2,,,BSE 500 TRI*,INF194KB1IH5,152717,2.44,,,,,,,,,752,28.14,19.63,53.29,,22.82,3.4,,,,,,,,,,25,https://www.valueresearchonline.com/funds/44402/
Bank of India Flexi Cap Reg,equity,equity,Regular,13.74,18.67,15.39,BSE 500 TRI*,INF955L01IY6,154684,2.44,11.32,10.45,6.81,1.11,0.77,1.14,18.78,20.19,64,30.66,18.2,51.71,,24.48,3.45,12,2,4,2,2,4,22,Moderate Risk,Good,25,https://www.valueresearchonline.com/funds/41016/
Baroda BNP Paribas Children's Reg,equity,equity,Regular,6.1,,,BSE 500 TRI*,INF251K01UC3,153170,2.44,,,,,,,,,57,25.26,13.66,56.88,,29.73,3.99,,,,,,,,,,25,https://www.valueresearchonline.com/funds/44778/
Baroda BNP Paribas Flexi Cap Reg,equity,equity,Regular,4.88,11.74,,BSE 500 TRI*,INF251K01QW9,150385,2.44,11.32,,0.94,1,0.5,0.6,15.69,13.52,48,30.59,17.11,59.96,,28.87,3.4,6,3,2,0,3,3,14,Moderately High Risk,Average,25,https://www.valueresearchonline.com/funds/42310/
Baroda BNP Paribas Focused Reg,equity,equity,Regular,0.09,7.61,7.86,BSE 500 TRI*,INF251K01PK6,150263,2.44,11.32,10.45,-2.94,1.08,0.26,0.33,17.15,10.21,25,49.33,27.45,61.82,,24.89,3.31,2,2,2,0,2,2,8,High Risk,Poor,25,https://www.valueresearchonline.com/funds/34651/
Canara Robeco Flexi Cap Reg,equity,equity,Regular,0.25,11.26,8.75,BSE 500 TRI*,INF760K01019,101922,2.44,11.32,10.45,0.48,0.93,0.48,0.59,14.39,12.63,77,38.24,23.86,59.36,,28.98,4.12,6,4,2,0,3,3,15,Moderately High Risk,Average,25,https://www.valueresearchonline.com/funds/1839/
Canara Robeco Focused Reg,equity,equity,Regular,-1.05,12.18,10.6,BSE 500 TRI*,INF760K01JT0,148884,2.44,11.32,10.45,1.42,0.93,0.54,0.68,14.56,13.51,30,49.68,29.75,58.41,,31.77,4.3,6,4,2,0,3,3,15,Moderately High Risk,Average,25,https://www.valueresearchonline.com/funds/41456/
Capitalmind Flexi Cap Reg,equity,equity,Regular,4.39,,,BSE 500 TRI*,INF226401026,153739,2.44,,,,,,,,,32,37.53,19.78,60.92,,29.11,4.88,,,,,,,,,,25,https://www.valueresearchonline.com/funds/45312/
DSP Flexi Cap Reg,equity,equity,Regular,2.07,10.5,8.89,BSE 500 TRI*,INF740K01037,105875,2.44,11.32,10.45,-0.19,0.98,0.43,0.56,15.25,12.24,68,43.85,30.54,67.79,,22.86,3.37,4,3,2,0,3,3,12,High Risk,Average,25,https://www.valueresearchonline.com/funds/393/
DSP Focused Reg,equity,equity,Regular,3.92,12.58,9.48,BSE 500 TRI*,INF740K01532,112901,2.44,11.32,10.45,1.63,0.96,0.54,0.74,15.38,13.93,30,48.3,31.5,64.43,,21.86,3.26,8,3,2,0,3,3,16,Moderately High Risk,Average,25,https://www.valueresearchonline.com/funds/11183/
DSP Nifty 500 Index Reg,equity,equity,Regular,,,,BSE 500 TRI*,INF740KA1XV5,154090,,,,,,,,,,500,29.36,20.49,53.63,,22.57,3.4,,,,,,,,,,25,https://www.valueresearchonline.com/funds/45717/
DSP Nifty500 Flexicap Quality 30 ETF,equity,equity,Regular,,,,BSE 500 TRI*,INF740KA1WR5,153801,,,,,,,,,,30,35.62,18.23,63.64,,31.15,6.14,,,,,,,,,,25,https://www.valueresearchonline.com/funds/45521/
DSP Nifty500 Flexicap Quality 30 Index Reg,equity,equity,Regular,-5.14,,,BSE 500 TRI*,INF740KA1WO2,153802,2.44,,,,,,,,,30,35.58,18.21,63.56,,25.91,7.06,,,,,,,,,,25,https://www.valueresearchonline.com/funds/45444/
Edelweiss Flexi Cap Reg,equity,equity,Regular,3.72,13.85,11.7,BSE 500 TRI*,INF843K01KN5,140355,2.44,11.32,10.45,2.54,0.98,0.61,0.74,15.26,15.03,90,30.69,20.7,58.13,,26.13,3.59,8,3,4,0,3,4,18,Moderately High Risk,Good,25,https://www.valueresearchonline.com/funds/29261/
Edelweiss Focused Reg,equity,equity,Regular,1.86,12.12,,BSE 500 TRI*,INF754K01OL0,150382,2.44,11.32,,1.25,0.98,0.52,0.6,15.38,13.72,29,49.75,29.5,64.16,,26.89,3.45,6,3,2,0,3,3,14,Moderately High Risk,Average,25,https://www.valueresearchonline.com/funds/42296/
Franklin India Flexi Cap Reg,equity,equity,Regular,-0.92,11.15,11.76,BSE 500 TRI*,INF955L01IY6,154684,2.44,11.32,10.45,0.43,0.92,0.48,0.61,14.15,12.45,56,41.17,25.97,56.68,,24.21,3.27,6,4,2,0,3,4,15,Moderately High Risk,Good,25,https://www.valueresearchonline.com/funds/116/
Franklin India Focused Equity Reg,equity,equity,Regular,-6.49,8.09,9.59,BSE 500 TRI*,INF955L01IY6,154684,2.44,11.32,10.45,-1.99,0.87,0.29,0.34,13.74,9.68,28,58.97,35.92,64.72,,26.71,3.57,4,4,2,0,4,3,14,Moderately High Risk,Average,25,https://www.valueresearchonline.com/funds/5141/
Groww Nifty 500 Low Volatility 50 ETF,equity,equity,Regular,-0.36,,,BSE 500 TRI*,INF666M01EK5,145589,2.44,,,,,,,,,50,45,24.82,50.73,,23.54,3.69,,,,,,,,,,25,https://www.valueresearchonline.com/funds/45217/
Groww Nifty 500 Momentum 50 ETF,equity,equity,Regular,7.07,,,BSE 500 TRI*,INF666M01JX7,153456,2.44,,,,,,,,,50,46.4,25.45,64.52,,29.12,4.91,,,,,,,,,,25,https://www.valueresearchonline.com/funds/45094/
Groww Nifty 500 Momentum 50 ETF FoF Reg,equity,equity,Regular,6.76,,,BSE 500 TRI*,INF666M01KC9,153456,2.44,,,,,,,,,,,,,,,,,,,,,,,,,1,https://www.valueresearchonline.com/funds/45095/
Groww Nifty Total Market Index Reg,equity,equity,Regular,2.15,,,BSE 500 TRI*,INF666M01HJ0,152127,2.44,,,,,,,,,752,28.14,19.64,53.23,,22.82,3.4,,,,,,,,,,25,https://www.valueresearchonline.com/funds/43804/
HDFC BSE 500 ETF,equity,equity,Regular,2.13,10.94,,BSE 500 TRI*,INF179KA1IZ7,128629,2.44,11.32,,-0.34,1,0.43,0.55,15.2,12.26,501,29.79,20.79,53.38,,22.17,3.17,4,3,2,0,3,,12,High Risk,Poor,25,https://www.valueresearchonline.com/funds/43117/
HDFC BSE 500 Index Reg,equity,equity,Regular,1.6,10.12,,BSE 500 TRI*,INF179KC1GH7,151729,2.44,11.32,,-1.08,1,0.38,0.49,15.14,11.49,501,29.73,20.75,53.29,,22.72,3.38,4,3,2,0,3,2,12,High Risk,Poor,25,https://www.valueresearchonline.com/funds/43476/
HDFC Diversified Equity All Cap Active FoF Reg,equity,equity,Regular,,,,BSE 500 TRI*,INF179KC1JR0,153861,,,,,,,,,,,,,,,,,,,,,,,,,,5,https://www.valueresearchonline.com/funds/45483/
HDFC Flexi Cap Reg,equity,equity,Regular,3.56,15.62,17.08,BSE 500 TRI*,INF277KA1299,149351,2.44,11.32,10.45,5.19,0.82,0.84,0.98,12.88,16.51,75,44.61,29.02,61.62,,24.29,3.42,12,5,6,0,4,5,27,Low Risk,Excellent,25,https://www.valueresearchonline.com/funds/219/
HDFC Focused Reg,equity,equity,Regular,1.03,14.96,17.3,BSE 500 TRI*,INF767K01535,105823,2.44,11.32,10.45,4.65,0.79,0.8,0.88,12.7,15.82,29,54.21,34.08,71.71,,23.74,3.39,10,5,6,0,4,5,25,Moderate Risk,Excellent,25,https://www.valueresearchonline.com/funds/2372/
HDFC Retirement Savings Equity Reg,equity,equity,Regular,-2.81,8.77,11.59,BSE 500 TRI*,INF955L01IY6,154684,2.44,11.32,10.45,-1.67,0.86,0.32,0.4,13.21,9.93,69,41.35,27.46,57.33,,21.26,2.96,4,4,2,0,4,4,14,Moderately High Risk,Good,25,https://www.valueresearchonline.com/funds/31779/
HSBC Flexi Cap Reg,equity,equity,Regular,8.78,15.85,13.6,BSE 500 TRI*,INF336L01AF5,102252,2.44,11.32,10.45,4.01,1.08,0.67,0.85,17.18,17.13,85,23.62,14.46,57.72,,26.52,3.12,10,2,4,0,2,4,18,Moderately High Risk,Good,25,https://www.valueresearchonline.com/funds/2072/
HSBC Focused Reg,equity,equity,Regular,9.98,14.39,10.69,BSE 500 TRI*,INF336L01PE6,148409,2.44,11.32,10.45,2.98,1.02,0.6,0.7,16.73,15.73,28,48.6,28.26,64.64,,29.65,3.92,8,3,4,0,3,3,18,Moderately High Risk,Average,25,https://www.valueresearchonline.com/funds/41020/
Helios Flexi Cap Reg,equity,equity,Regular,6.35,,,BSE 500 TRI*,INF0R8701012,152136,2.44,,,,,,,,,71,32.37,18.87,65.34,,32.81,4.47,,,,,,,,,,25,https://www.valueresearchonline.com/funds/43837/
ICICI Pru BSE 500 ETF,equity,equity,Regular,2.11,10.94,10.09,BSE 500 TRI*,INF109KC1V91,149334,2.44,11.32,10.45,-0.34,1,0.43,0.55,15.19,12.26,501,29.76,20.77,53.35,,22.19,3.17,4,3,2,0,3,,12,High Risk,Poor,25,https://www.valueresearchonline.com/funds/36037/
ICICI Pru BSE 500 ETF FOF,equity,equity,Regular,1.43,10.24,,BSE 500 TRI*,INF084M01077,132174,2.44,11.32,,-0.92,0.99,0.39,0.49,15.1,11.61,,,,,,,,4,3,2,0,3,2,12,High Risk,Poor,1,https://www.valueresearchonline.com/funds/41850/
ICICI Pru Diversified Equity All Cap Active FoF,equity,equity,Regular,,,,BSE 500 TRI*,INF2JJD01169,154041,,,,,,,,,,,,,,,,,,,,,,,,,,5,https://www.valueresearchonline.com/funds/45887/
ICICI Pru Diversified Equity All Cap Omni FoF,equity,equity,Regular,3.42,15.06,14.62,BSE 500 TRI*,INF2JJD01169,154041,2.44,11.32,10.45,4.03,0.91,0.73,0.95,14.1,16.03,,,,,,,,10,4,4,0,3,5,21,Moderate Risk,Excellent,10,https://www.valueresearchonline.com/funds/40660/
ICICI Pru Flexicap,equity,equity,Regular,7.52,15.87,14.34,BSE 500 TRI*,INF247L01GM7,154113,2.44,11.32,10.45,5.09,0.97,0.76,0.89,15.45,17.45,69,45.96,31.97,73.78,,33.16,4.98,12,3,4,0,3,4,22,Moderate Risk,Good,25,https://www.valueresearchonline.com/funds/41523/
ICICI Pru Focused Equity,equity,equity,Regular,2.8,16.26,14.55,BSE 500 TRI*,INF192K01577,107410,2.44,11.32,10.45,4.9,0.95,0.77,0.97,14.92,17.13,33,49.79,31.08,59.18,,18.79,3.69,10,4,4,0,3,5,21,Moderate Risk,Excellent,25,https://www.valueresearchonline.com/funds/10399/
ICICI Pru Nifty 500 Index,equity,equity,Regular,1.67,,,BSE 500 TRI*,INF579M01AL6,151164,2.44,,,,,,,,,500,29.42,20.53,53.74,,22.57,3.4,,,,,,,,,,25,https://www.valueresearchonline.com/funds/44818/
ICICI Pru Retirement Pure Equity,equity,equity,Regular,9.54,18.93,18.3,BSE 500 TRI*,INF666M01FJ4,145605,2.44,11.32,10.45,6.64,1.02,0.85,1.21,16.13,19.39,93,30.61,19.03,45.72,,31.06,4.29,12,3,6,2,3,5,26,Moderate Risk,Excellent,25,https://www.valueresearchonline.com/funds/39053/
ITI Flexi Cap Reg,equity,equity,Regular,14.11,16.89,,BSE 500 TRI*,INF00XX01CL3,151377,2.44,11.32,,4.79,1.07,0.7,0.91,17.28,17.85,77,27.84,18.26,52.5,,28.18,4.17,10,2,4,0,2,4,18,Moderately High Risk,Good,25,https://www.valueresearchonline.com/funds/43118/
ITI Focused Reg,equity,equity,Regular,11.95,17.29,,BSE 500 TRI*,INF00XX01CV2,151778,2.44,11.32,,4.93,1.02,0.74,0.89,16.28,17.71,30,42.1,22.9,54.96,,31.37,4.15,10,3,4,0,3,4,20,Moderate Risk,Good,25,https://www.valueresearchonline.com/funds/43532/
Invesco India Flexi Cap Reg,equity,equity,Regular,3.35,17.3,,BSE 500 TRI*,INF205KA1460,149766,2.44,11.32,,5.38,1.05,0.73,0.85,17.31,18.35,69,30.52,18.79,63.03,,40.98,6.25,12,3,4,0,2,4,21,Moderate Risk,Good,25,https://www.valueresearchonline.com/funds/42012/
Invesco India Focused Reg,equity,equity,Regular,5.59,20.97,14.41,BSE 500 TRI*,INF205KA1189,148483,2.44,11.32,10.45,8.64,1.03,0.89,1.28,17.63,21.44,24,55.98,33.03,69.51,,36.14,5.34,12,3,6,2,2,4,25,Moderate Risk,Good,25,https://www.valueresearchonline.com/funds/41094/
JM Flexicap Reg,equity,equity,Regular,3,13.65,14.46,BSE 500 TRI*,INF192K01635,109522,2.44,11.32,10.45,2.32,1.04,0.56,0.72,17.06,15.22,88,27.37,16.18,61.13,,24.66,3.53,8,3,2,0,2,4,15,Moderately High Risk,Good,25,https://www.valueresearchonline.com/funds/8653/
JM Focused Reg,equity,equity,Regular,3.59,11.42,11.98,BSE 500 TRI*,INF192K01577,107410,2.44,11.32,10.45,0.37,1.05,0.45,0.6,16.92,13.28,28,44.5,25,73.1,,22.4,3.95,6,3,2,0,3,3,14,Moderately High Risk,Average,25,https://www.valueresearchonline.com/funds/6673/
Kotak Flexicap Reg,equity,equity,Regular,1.61,11.35,9.92,BSE 500 TRI*,INF178L01BO1,133782,2.44,11.32,10.45,0.61,0.95,0.48,0.6,14.83,12.85,59,41.41,24.11,61.72,,25,3.3,6,4,2,0,3,3,15,Moderately High Risk,Average,25,https://www.valueresearchonline.com/funds/10594/
Kotak Focused Reg,equity,equity,Regular,7.55,13.77,11.04,BSE 500 TRI*,INF174KA1EK3,147477,2.44,11.32,10.45,3.06,0.93,0.66,0.77,14.48,15.21,30,46.29,27.25,61.51,,30.23,4.15,10,4,4,0,3,4,21,Moderate Risk,Good,25,https://www.valueresearchonline.com/funds/40096/
Kotak Nifty Alpha 50 ETF,equity,equity,Regular,11.73,16.32,,BSE 500 TRI*,INF174K01KH7,123693,2.44,11.32,,4.39,1.32,0.59,0.78,22.83,19.21,50,34.72,19.99,64.89,,21.2,3.99,10,0,2,0,0,,12,High Risk,Poor,25,https://www.valueresearchonline.com/funds/41896/
Kotak Nifty Alpha 50 Index Reg,equity,equity,Regular,10.63,,,BSE 500 TRI*,INF174KA1XJ5,153784,2.44,,,,,,,,,50,34.72,19.99,64.9,,18.19,3.19,,,,,,,,,,25,https://www.valueresearchonline.com/funds/45400/
Kotak Nifty500 Momentum 50 Index Reg,equity,equity,Regular,,,,BSE 500 TRI*,INF174KA1YF1,154030,,,,,,,,,,50,46.4,25.45,64.52,,26.66,5.57,,,,,,,,,,25,https://www.valueresearchonline.com/funds/45644/
LIC MF Children's Reg,equity,equity,Regular,7.92,8.8,7.62,BSE 500 TRI*,INF767K01048,101271,2.44,11.32,10.45,-1.46,0.9,0.32,0.36,14.98,10.45,37,33.4,18.88,49.7,,37.68,5.66,4,4,2,0,3,2,13,Moderately High Risk,Poor,25,https://www.valueresearchonline.com/funds/1135/
LIC MF Flexi Cap Reg,equity,equity,Regular,8.21,11.36,9.98,BSE 500 TRI*,INF767K01071,100313,2.44,11.32,10.45,0.85,0.98,0.47,0.56,16.21,13.3,42,34.24,18.73,51.81,,38.77,4.81,6,3,2,0,3,3,14,Moderately High Risk,Average,25,https://www.valueresearchonline.com/funds/134/
LIC MF Focused Reg,equity,equity,Regular,2.77,9.03,8.31,BSE 500 TRI*,INF397L01KE9,152009,2.44,11.32,10.45,-1.96,0.95,0.29,0.37,15.57,10.27,28,43.76,24.5,60,,11.98,3.52,4,4,2,0,3,,13,Moderately High Risk,Average,25,https://www.valueresearchonline.com/funds/34736/
Mahindra Manulife Flexi Cap Reg,equity,equity,Regular,-0.65,9.27,9.71,BSE 500 TRI*,INF955L01IY6,154684,2.44,11.32,10.45,-1.64,0.93,0.33,0.43,14.36,10.5,71,32.03,21.96,57.1,,27.88,3.51,4,4,2,0,3,2,13,Moderately High Risk,Poor,25,https://www.valueresearchonline.com/funds/41631/
Mahindra Manulife Focused Reg,equity,equity,Regular,2.26,12.93,12.32,BSE 500 TRI*,INF174V01AD4,148571,2.44,11.32,10.45,2.22,0.9,0.59,0.78,14.27,14.12,30,51.96,32.14,57.2,,18.69,2.67,8,4,2,0,3,4,17,Moderately High Risk,Good,25,https://www.valueresearchonline.com/funds/41167/
Mirae Asset Flexi Cap Reg,equity,equity,Regular,4.23,11.41,,BSE 500 TRI*,INF769K01JG8,151414,2.44,11.32,,0.45,0.92,0.48,0.58,14.25,12.52,84,30.44,20.54,57.64,,22.99,3.63,6,4,2,0,3,3,15,Moderately High Risk,Average,25,https://www.valueresearchonline.com/funds/43132/
Mirae Asset Focused Reg,equity,equity,Regular,-1.78,7.03,5.64,BSE 500 TRI*,INF769K01ES4,147203,2.44,11.32,10.45,-3.64,0.95,0.19,0.24,15.58,8.59,30,51.55,32.95,58.96,,28.57,3.65,2,4,2,0,3,1,11,High Risk,Poor,25,https://www.valueresearchonline.com/funds/39821/
Mirae Asset Nifty Total Market Index Reg,equity,equity,Regular,2.25,,,BSE 500 TRI*,INF769K01MA5,152970,2.44,,,,,,,,,752,28.13,19.63,53.18,,22.82,3.4,,,,,,,,,,25,https://www.valueresearchonline.com/funds/44599/
Motilal Oswal BSE 1000 Index Reg,equity,equity,Regular,2.07,,,BSE 500 TRI*,INF247L01FN7,153597,2.44,,,,,,,,,1003,27.89,19.46,53.07,,23.06,3.37,,,,,,,,,,25,https://www.valueresearchonline.com/funds/45218/
Motilal Oswal Diversified Equity Flexicap Passive FoF Reg,equity,equity,Regular,,,,BSE 500 TRI*,INF247L01GM7,154113,,,,,,,,,,,,,,,,,,,,,,,,,,3,https://www.valueresearchonline.com/funds/45728/
Motilal Oswal Flexi Cap Reg,equity,equity,Regular,1.81,17.43,11.93,BSE 500 TRI*,INF955L01IY6,154684,2.44,11.32,10.45,6.75,0.97,0.77,1.04,17.5,19.15,32,46.59,28.82,65.19,,44.57,5.3,12,3,4,2,2,3,23,Moderate Risk,Average,25,https://www.valueresearchonline.com/funds/26123/
Motilal Oswal Focused Reg,equity,equity,Regular,26.66,13.3,9.31,BSE 500 TRI*,INF247L01155,122387,2.44,11.32,10.45,2.04,1.07,0.48,0.66,19.6,15.11,29,39.03,20.67,61.39,,49.91,5.24,8,2,2,0,2,2,14,Moderately High Risk,Poor,25,https://www.valueresearchonline.com/funds/19512/
Motilal Oswal Nifty 500 ETF,equity,equity,Regular,2.66,,,BSE 500 TRI*,INF247L01247,124234,2.44,,,,,,,,,500,29.4,20.52,53.62,,22.01,3.18,,,,,,,,,,25,https://www.valueresearchonline.com/funds/43812/
Motilal Oswal Nifty 500 Index Reg,equity,equity,Regular,1.95,10.59,9.52,BSE 500 TRI*,INF247L01AF4,147795,2.44,11.32,10.45,-0.57,1,0.42,0.53,15.22,12.03,500,29.44,20.54,53.71,,22.57,3.4,4,3,2,0,3,3,12,High Risk,Average,25,https://www.valueresearchonline.com/funds/40239/
Motilal Oswal Nifty 500 Momentum 50 ETF,equity,equity,Regular,6.93,,,BSE 500 TRI*,INF247L01DL6,152875,2.44,,,,,,,,,50,46.41,25.45,64.55,,29.12,4.91,,,,,,,,,,25,https://www.valueresearchonline.com/funds/44555/
Motilal Oswal Nifty 500 Momentum 50 Index Reg,equity,equity,Regular,6.15,,,BSE 500 TRI*,INF247L01DM4,152876,2.44,,,,,,,,,50,46.39,25.44,64.51,,26.66,5.57,,,,,,,,,,25,https://www.valueresearchonline.com/funds/44553/
Motilal Oswal Nifty Alpha 50 ETF,equity,equity,Regular,11.2,,,BSE 500 TRI*,INF247L01EJ8,153258,2.44,,,,,,,,,50,34.72,19.99,64.9,,21.2,3.99,,,,,,,,,,25,https://www.valueresearchonline.com/funds/45363/
NJ Flexi Cap Reg,equity,equity,Regular,-5.83,,,BSE 500 TRI*,INF0J8L01131,151920,2.44,,,,,,,,,51,42.44,23.24,62.87,,27.61,4.74,,,,,,,,,,25,https://www.valueresearchonline.com/funds/43712/
Navi Flexi Cap Reg,equity,equity,Regular,12.02,10.1,9.93,BSE 500 TRI*,INF959L01EE9,143787,2.44,11.32,10.45,-0.86,0.97,0.38,0.5,15.5,11.56,71,28.38,16.61,61.33,,22.54,3.49,4,3,2,0,3,2,12,High Risk,Poor,25,https://www.valueresearchonline.com/funds/36680/
Nippon India Diversified Equity Flexicap Passive FoF Reg,equity,equity,Regular,1.52,10.44,9.51,BSE 500 TRI*,INF204KB13X3,148641,2.44,11.32,10.45,-0.82,0.99,0.4,0.52,15.07,11.69,,,,,,,,4,3,2,0,3,3,12,High Risk,Average,3,https://www.valueresearchonline.com/funds/41239/
Nippon India Flexi Cap Reg,equity,equity,Regular,1.58,9.75,9.94,BSE 500 TRI*,INF204KC1097,149089,2.44,11.32,10.45,-1.12,1,0.37,0.47,15.46,11.46,89,33.84,23.02,58.03,,27.09,3.62,4,3,2,0,3,3,12,High Risk,Average,25,https://www.valueresearchonline.com/funds/41614/
Nippon India Focused Reg,equity,equity,Regular,3.04,9.65,10.43,BSE 500 TRI*,INF955L01IY6,154684,2.44,11.32,10.45,-1,0.94,0.37,0.53,14.8,11.16,29,53.67,33.95,64.92,,23.75,3.12,4,4,2,0,3,3,13,Moderately High Risk,Average,25,https://www.valueresearchonline.com/funds/3900/
Nippon India Nifty 500 Low Volatility 50 Index Reg,equity,equity,Regular,-1.16,,,BSE 500 TRI*,INF204KC1EN9,153475,2.44,,,,,,,,,50,42.72,23.52,48.53,,19.91,3.42,,,,,,,,,,25,https://www.valueresearchonline.com/funds/45107/
Nippon India Nifty 500 Momentum 50 Index Reg,equity,equity,Regular,7.16,,,BSE 500 TRI*,INF204KC1DD2,152883,2.44,,,,,,,,,50,46.39,25.44,64.51,,26.66,5.57,,,,,,,,,,25,https://www.valueresearchonline.com/funds/44556/
Nippon India Nifty 500 Quality 50 Index Reg,equity,equity,Regular,2.62,,,BSE 500 TRI*,INF204KC1ET6,153472,2.44,,,,,,,,,49,40.56,23.27,63.52,,22.42,7.08,,,,,,,,,,25,https://www.valueresearchonline.com/funds/45103/
Nippon India Retirement Wealth Creation Reg,equity,equity,Regular,0.39,10.56,10.33,BSE 500 TRI*,INF955L01IY6,154684,2.44,11.32,10.45,-0.3,0.96,0.43,0.53,14.9,12.04,69,42.09,27.22,60.57,,23.86,3.35,4,3,2,0,3,4,12,High Risk,Good,25,https://www.valueresearchonline.com/funds/29289/
Old Bridge Flexi Cap Reg,equity,equity,Regular,,,,BSE 500 TRI*,INF0S5R01166,154226,,,,,,,,,,35,33.61,18.17,52.79,,16.98,2.79,,,,,,,,,,25,https://www.valueresearchonline.com/funds/45844/
Old Bridge Focused Reg,equity,equity,Regular,18.17,,,BSE 500 TRI*,INF0S5R01034,152361,2.44,,,,,,,,,24,54.12,31.5,44.87,,13,3.02,,,,,,,,,,24,https://www.valueresearchonline.com/funds/44036/
PGIM India Flexi Cap Reg,equity,equity,Regular,1.67,9.66,7.09,BSE 500 TRI*,INF663L01FJ3,133836,2.44,11.32,10.45,-0.9,0.91,0.38,0.51,14.42,11.1,83,32.47,21.74,55.8,,28.52,4.33,4,4,2,0,3,2,13,Moderately High Risk,Poor,25,https://www.valueresearchonline.com/funds/29471/
Parag Parikh Flexi Cap Reg,equity,equity,Regular,-2.72,12.57,11.33,BSE 500 TRI*,INF879O01019,122640,2.44,11.32,10.45,3.09,0.6,0.73,1.02,9.93,12.94,65,49.95,29.73,56.9,,16.47,2.87,10,6,4,2,6,4,28,Low Risk,Good,25,https://www.valueresearchonline.com/funds/19699/
Quant Flexi Cap Reg,equity,equity,Regular,15.01,14.57,13.68,BSE 500 TRI*,INF966L01457,109830,2.44,11.32,10.45,2.78,1.15,0.56,0.94,19.27,16.41,34,60.25,38.19,57.1,,34.21,3.74,8,2,2,0,2,3,14,Moderately High Risk,Average,25,https://www.valueresearchonline.com/funds/8827/
Quantum Diversified Equity All Cap Active FoF Reg,equity,equity,Regular,2.53,11.58,9.68,BSE 500 TRI*,INF082J01275,141063,2.44,11.32,10.45,0.75,0.92,0.5,0.6,14.21,12.83,,,,,,,,6,4,2,0,3,3,15,Moderately High Risk,Average,9,https://www.valueresearchonline.com/funds/33962/
SBI Flexicap Reg,equity,equity,Regular,0.72,8.25,7.75,BSE 500 TRI*,INF200K01222,103215,2.44,11.32,10.45,-1.98,0.86,0.3,0.34,13.46,9.68,65,36.23,23.22,59.61,,23.51,3.24,4,4,2,0,4,2,14,Moderately High Risk,Poor,25,https://www.valueresearchonline.com/funds/2859/
SBI Focused Reg,equity,equity,Regular,13.67,15.57,11.65,BSE 500 TRI*,INF200K01370,102756,2.44,11.32,10.45,4.58,0.82,0.74,1.09,13.88,15.94,25,55.01,34.08,63.02,,22.79,3.96,10,5,4,2,4,4,25,Moderate Risk,Good,25,https://www.valueresearchonline.com/funds/2415/
SBI Nifty 500 Index Reg,equity,equity,Regular,1.97,,,BSE 500 TRI*,INF200KB1357,152906,2.44,,,,,,,,,500,29.45,20.55,53.73,,22.57,3.4,,,,,,,,,,25,https://www.valueresearchonline.com/funds/44565/
SBI Retirement Benefit Aggressive Reg,equity,equity,Regular,3.78,8.54,10.82,BSE 500 TRI*,INF200KA1S30,148698,2.44,11.32,10.45,-2.24,0.94,0.29,0.37,14.72,9.94,53,36.17,23.31,62.04,,29.68,4.09,2,4,2,0,3,3,11,High Risk,Average,25,https://www.valueresearchonline.com/funds/41269/
Samco Flexi Cap Reg,equity,equity,Regular,-4.05,-3.3,,BSE 500 TRI*,INF0K1H01016,149449,2.44,11.32,,-13.53,1.07,-0.32,-0.36,19.22,-0.47,25,51.99,30.78,74.28,,19.98,4.35,0,2,0,0,2,1,4,High Risk,Poor,25,https://www.valueresearchonline.com/funds/41934/
Shriram Flexi Cap Reg,equity,equity,Regular,-0.57,6.52,6.24,BSE 500 TRI*,INF680P01075,144902,2.44,11.32,10.45,-4.01,1,0.17,0.21,16.8,8.61,70,38.62,25.28,57.39,,20.68,3.22,2,3,2,0,3,1,10,High Risk,Poor,25,https://www.valueresearchonline.com/funds/37579/
Sundaram Flexi Cap Reg,equity,equity,Regular,-2.77,8.38,,BSE 500 TRI*,INF903JA1LB8,150568,2.44,11.32,,-2.27,0.91,0.28,0.36,14.27,9.73,54,41.59,25.19,64.98,,22.75,3.1,2,4,2,0,3,2,11,High Risk,Poor,25,https://www.valueresearchonline.com/funds/42502/
Sundaram Focused Reg,equity,equity,Regular,5.11,10.39,8.99,BSE 500 TRI*,INF903J016H9,134356,2.44,11.32,10.45,0.33,0.8,0.45,0.55,12.92,11.57,29,54.4,33.38,66.64,,29.12,4.01,6,5,2,0,4,2,17,Moderately High Risk,Poor,25,https://www.valueresearchonline.com/funds/2916/
TRUST MF Flexi Cap Reg,equity,equity,Regular,9.72,,,BSE 500 TRI*,INF0GCD01719,152582,2.44,,,,,,,,,65,31.41,19.58,64.96,,35.49,4.97,,,,,,,,,,25,https://www.valueresearchonline.com/funds/44269/
Tata Children's Reg,equity,equity,Regular,-7.43,4.63,6.25,BSE 500 TRI*,INF0GCD01537,151322,2.44,11.32,10.45,-6.34,0.97,0.03,0.03,15.14,6.07,51,38.44,22.74,56.2,,18.5,2.61,0,3,2,0,3,1,8,High Risk,Poor,25,https://www.valueresearchonline.com/funds/210/
Tata Flexi Cap Reg,equity,equity,Regular,-2.8,9.41,8.09,BSE 500 TRI*,INF277K019K2,144548,2.44,11.32,10.45,-1.27,0.86,0.35,0.48,13.53,10.36,65,35.26,23.94,53.38,,23.13,2.89,4,4,2,0,4,3,14,Moderately High Risk,Average,25,https://www.valueresearchonline.com/funds/37435/
Tata Focused Reg,equity,equity,Regular,-1.67,9.06,8.72,BSE 500 TRI*,INF277K010Y2,147760,2.44,11.32,10.45,-1.45,0.91,0.34,0.41,14.52,10.56,27,50.16,29.7,53.94,,24.51,3.1,4,4,2,0,3,3,13,Moderately High Risk,Average,25,https://www.valueresearchonline.com/funds/40403/
Tata Retirement Savings Progressive Reg,equity,equity,Regular,7.71,12.32,9.64,BSE 500 TRI*,INF277K01FG0,115942,2.44,11.32,10.45,1.04,1,0.49,0.68,16.2,13.67,54,34,20.98,50.99,,32.68,4.7,6,3,2,0,3,3,14,Moderately High Risk,Average,25,https://www.valueresearchonline.com/funds/13413/
Taurus Flexi Cap Reg,equity,equity,Regular,8.5,11.51,10.27,BSE 500 TRI*,INF044D01989,100476,2.44,11.32,10.45,0.39,1.02,0.46,0.61,16.23,13.15,43,48.55,29.72,58.49,,20.16,2.91,6,3,2,0,3,2,14,Moderately High Risk,Poor,25,https://www.valueresearchonline.com/funds/214/
The Wealth Company Flexi Cap Reg,equity,equity,Regular,,,,BSE 500 TRI*,INF2F0001016,153870,,,,,,,,,,45,33.75,19.2,62.86,,29.62,4.44,,,,,,,,,,25,https://www.valueresearchonline.com/funds/45497/
UTI Children's Equity Reg,equity,equity,Regular,-4.19,7.07,6.1,BSE 500 TRI*,INF789F1AZT4,102267,2.44,11.32,10.45,-3.41,0.95,0.21,0.28,14.69,8.81,70,42.48,27.9,60.33,,25.37,3.65,2,4,2,0,3,2,11,High Risk,Poor,25,https://www.valueresearchonline.com/funds/2090/
UTI Flexi Cap Reg,equity,equity,Regular,-0.28,8.4,4.67,BSE 500 TRI*,INF00XX01CL3,151377,2.44,11.32,10.45,-1.78,0.88,0.29,0.41,14.7,9.99,60,44.44,27.02,66.36,,38.2,5.18,4,4,2,0,3,1,13,Moderately High Risk,Poor,25,https://www.valueresearchonline.com/funds/247/
UTI Focused Reg,equity,equity,Regular,0.5,9.64,8.74,BSE 500 TRI*,INF789F1AUY5,149090,2.44,11.32,10.45,-1.01,0.94,0.37,0.46,14.76,11.16,29,53.26,33.49,60.15,,27.6,3.63,4,4,2,0,3,2,13,Moderately High Risk,Poor,25,https://www.valueresearchonline.com/funds/41627/
UTI Nifty500 Shariah Index Reg,equity,equity,Regular,,,,BSE 500 TRI*,INF789F1AC96,154198,,,,,,,,,,198,30.52,20,54.38,,24.22,4.4,,,,,,,,,,25,https://www.valueresearchonline.com/funds/45820/
Unifi Flexi Cap Reg,equity,equity,Regular,7.13,,,BSE 500 TRI*,INF1MIY01049,153542,2.44,,,,,,,,,54,34.72,20.41,61.17,,22.29,3.15,,,,,,,,,,25,https://www.valueresearchonline.com/funds/45188/
Union Children's Reg,equity,equity,Regular,4.11,,,BSE 500 TRI*,INF582M01JI7,152217,2.44,,,,,,,,,68,27.62,16.59,65.4,,30.68,3.73,,,,,,,,,,25,https://www.valueresearchonline.com/funds/43922/
Union Diversified Equity All Cap Active FoF Reg,equity,equity,Regular,,,,BSE 500 TRI*,INF582M01LV6,153822,,,,,,,,,,,,,,,,,,,,,,,,,,5,https://www.valueresearchonline.com/funds/45471/
Union Flexi Cap Reg,equity,equity,Regular,4.19,10.78,9.53,BSE 500 TRI*,INF0GCD01537,151322,2.44,11.32,10.45,-0.06,0.94,0.44,0.5,14.77,12.12,70,32.12,21.1,60.26,,31.36,4.11,4,4,2,0,3,3,13,Moderately High Risk,Average,25,https://www.valueresearchonline.com/funds/12817/
Union Focused Reg,equity,equity,Regular,8.2,11.27,9.24,BSE 500 TRI*,INF582M01FW6,147490,2.44,11.32,10.45,1.07,0.86,0.49,0.59,14.15,12.67,29,47.57,27.96,64.01,,33.22,5.12,6,4,2,0,3,3,15,Moderately High Risk,Average,25,https://www.valueresearchonline.com/funds/40106/
Union Retirement Reg,equity,equity,Regular,7.09,12.51,,BSE 500 TRI*,INF582M01IM1,150552,2.44,11.32,,1.63,0.9,0.56,0.68,14.02,13.55,80,27.93,18.04,63.76,,29.34,4.52,8,4,2,0,3,4,17,Moderately High Risk,Good,25,https://www.valueresearchonline.com/funds/42490/
WhiteOak Capital Flexi Cap Reg,equity,equity,Regular,5.92,14.14,,BSE 500 TRI*,INF03VN01662,150799,2.44,11.32,,2.91,0.91,0.64,0.85,14.29,14.88,161,36.21,25.1,58.64,,26.01,3.59,8,4,4,0,3,4,19,Moderately High Risk,Good,25,https://www.valueresearchonline.com/funds/42318/
ABSL Global Emerging Opportunities Reg**,equity,equity,Regular,19.55,17.8,9.22,BSE 500 TRI*,INF084M01AT0,132138,2.44,11.32,10.45,,,0.78,1.31,16.4,18.43,,,,,,,,,,4,2,3,,9,High Risk,Poor,1,https://www.valueresearchonline.com/funds/8751/
ABSL Global Excellence Equity FoF Reg**,equity,equity,Regular,22.95,20.12,12.48,BSE 500 TRI*,INF084M01AZ7,132005,2.44,11.32,10.45,,,1.03,1.5,13.75,19.89,,,,,,,,,,8,3,4,,15,Moderately High Risk,Average,1,https://www.valueresearchonline.com/funds/6275/
ABSL International Equity Reg,equity,equity,Regular,19.59,19.55,11.23,BSE 500 TRI*,INF209K01520,106873,2.44,11.32,10.45,,,0.98,1.75,13.27,18.7,68,,,62.15,,6.3,5.04,,,6,3,4,,13,Moderately High Risk,Average,25,https://www.valueresearchonline.com/funds/5802/
ABSL US Equity Passive FoF Reg,equity,equity,Regular,33.83,28.91,,BSE 500 TRI*,INF209KB15C1,149290,2.44,11.32,,,,1.14,2.16,19.54,27.91,,,,,,,,,,8,3,2,,13,Moderately High Risk,Average,1,https://www.valueresearchonline.com/funds/41795/
Axis Global Equity Alpha FoF Reg,equity,equity,Regular,21.78,22.21,14.2,BSE 500 TRI*,INF846K01X30,148486,2.44,11.32,10.45,,,1.19,1.88,13.57,21.89,,,,,,,,,,8,3,4,,15,Moderately High Risk,Average,1,https://www.valueresearchonline.com/funds/41098/
Axis Global Innovation FoF Reg,equity,equity,Regular,26.56,23.39,12.01,BSE 500 TRI*,INF846K01Z53,148953,2.44,11.32,10.45,,,0.97,1.68,18.55,23.64,,,,,,,,,,6,3,2,,11,High Risk,Poor,1,https://www.valueresearchonline.com/funds/41494/
Axis Greater China Equity FoF Reg**,equity,equity,Regular,32.05,19.86,6.23,BSE 500 TRI*,INF846K01Y62,148701,2.44,11.32,10.45,,,0.76,1.46,20.34,21.13,,,,,,,,,,4,2,2,,8,High Risk,Poor,1,https://www.valueresearchonline.com/funds/41285/
Axis NASDAQ 100 US Specific Equity Passive FoF Reg,equity,equity,Regular,33.38,28.57,,BSE 500 TRI*,INF846K015K2,150750,2.44,11.32,,,,1.17,2.2,18.88,27.72,,,,,,,,,,8,3,2,,13,Moderately High Risk,Average,1,https://www.valueresearchonline.com/funds/42631/
Bandhan US specific Equity Active FoF Reg**,equity,equity,Regular,11.98,21.63,13.83,BSE 500 TRI*,INF194KB1CC9,149100,2.44,11.32,10.45,,,0.88,1.48,17.91,21.42,,,,,,,,,,6,2,2,,10,High Risk,Poor,1,https://www.valueresearchonline.com/funds/41618/
Baroda BNP Paribas Aqua FoF Reg,equity,equity,Regular,13.18,12.58,7.01,BSE 500 TRI*,INF251K01QQ1,150284,2.44,11.32,10.45,,,0.51,0.86,15.88,13.75,,,,,,,,,,2,0,3,,5,High Risk,Poor,1,https://www.valueresearchonline.com/funds/41452/
DSP Global Clean Energy Overseas Equity Omni FoF Reg,equity,equity,Regular,36.4,16.97,11.39,BSE 500 TRI*,INF740K01284,112126,2.44,11.32,10.45,,,0.62,1.15,19.62,17.78,,,,,,,,,,4,2,2,,8,High Risk,Poor,1,https://www.valueresearchonline.com/funds/10559/
DSP Global Innovation Overseas Equity Omni FoF Reg**,equity,equity,Regular,28.17,25.22,,BSE 500 TRI*,INF740KA1QM8,149817,2.44,11.32,,,,1.14,2.44,16.92,25.03,,,,,,,,,,8,3,3,,14,Moderately High Risk,Average,6,https://www.valueresearchonline.com/funds/42052/
DSP US Specific Equity Omni FoF Reg,equity,equity,Regular,35.02,26.09,18.07,BSE 500 TRI*,INF740K01LP6,117691,2.44,11.32,10.45,,,1.08,1.94,17.76,24.79,,,,,,,,,,8,3,2,,13,Moderately High Risk,Average,1,https://www.valueresearchonline.com/funds/15152/
DSP World Gold Mining Overseas Equity Omni FoF Reg,equity,equity,Regular,67.57,57.26,29.58,BSE 500 TRI*,INF740K01250,106597,2.44,11.32,10.45,,,1.27,2.25,36.23,51.76,,,,,,,,,,10,3,0,,13,Moderately High Risk,Average,2,https://www.valueresearchonline.com/funds/5623/
DSP World Mining Overseas Equity Omni FoF Reg,equity,equity,Regular,72.26,29.88,19.53,BSE 500 TRI*,INF740K01730,112293,2.44,11.32,10.45,,,0.97,1.6,25.55,30.58,,,,,,,,,,6,3,0,,9,High Risk,Poor,1,https://www.valueresearchonline.com/funds/10799/
Edelweiss ASEAN Equity Offshore Reg,equity,equity,Regular,22.82,16.28,10.48,BSE 500 TRI*,INF843K01609,140255,2.44,11.32,10.45,,,0.92,1.5,11.01,15.8,,,,,,,,,,6,3,5,,14,Moderately High Risk,Average,1,https://www.valueresearchonline.com/funds/12762/
Edelweiss Emerging Markets Opportunities Equity Offshr Reg,equity,equity,Regular,56,26.84,10.61,BSE 500 TRI*,INF843K01IY6,140328,2.44,11.32,10.45,,,1.2,2.19,16.97,26.13,,,,,,,,,,10,3,3,,16,Moderately High Risk,Average,1,https://www.valueresearchonline.com/funds/27118/
Edelweiss Europe Dynamic Equity Offshr Reg,equity,equity,Regular,26.84,24.27,14.77,BSE 500 TRI*,INF843K01GJ1,140295,2.44,11.32,10.45,,,1.31,2.15,12.97,22.68,,,,,,,,,,10,3,4,,17,Moderately High Risk,Average,1,https://www.valueresearchonline.com/funds/23434/
Edelweiss Greater China Equity Offshore Reg,equity,equity,Regular,34.5,21.16,4.9,BSE 500 TRI*,INF843K01138,140242,2.44,11.32,10.45,,,0.81,1.67,20.85,22.56,,,,,,,,,,6,3,2,,11,High Risk,Poor,1,https://www.valueresearchonline.com/funds/10567/
Edelweiss US Technology Equity FoF Reg,equity,equity,Regular,24.82,26.45,13.63,BSE 500 TRI*,INF754K01LC5,148064,2.44,11.32,10.45,,,0.8,1.29,27.76,28,,,,,,,,,,6,2,0,,8,High Risk,Poor,1,https://www.valueresearchonline.com/funds/40664/
Edelweiss US Value Equity Offshore Reg,equity,equity,Regular,29.1,18.98,14,BSE 500 TRI*,INF843K01ED9,140273,2.44,11.32,10.45,,,1.04,1.37,12.39,18.61,,,,,,,,,,8,2,4,,14,Moderately High Risk,Average,1,https://www.valueresearchonline.com/funds/20059/
Franklin Asian Equity Reg,equity,equity,Regular,42,21.37,8.27,BSE 500 TRI*,INF955L01IY6,154684,2.44,11.32,10.45,,,0.94,1.46,17.34,22,54,21.18,12.36,62.51,,26.35,3.91,,,6,2,2,,10,High Risk,Poor,25,https://www.valueresearchonline.com/funds/6383/
Franklin U.S. Opportunities Equity Active FoF Reg,equity,equity,Regular,14.17,19.98,8.54,BSE 500 TRI*,INF767K01535,105823,2.44,11.32,10.45,,,0.79,1.33,17.93,19.91,,,,,,,,,,4,2,2,,8,High Risk,Poor,1,https://www.valueresearchonline.com/funds/14017/
HDFC Developed World Overseas Equity Passive FoF Reg*,equity,equity,Regular,29.15,24.51,,BSE 500 TRI*,INF179K01BE2,102000,2.44,11.32,,,,1.43,2.18,12.35,23.4,,,,,,,,,,10,3,4,,17,Moderately High Risk,Average,5,https://www.valueresearchonline.com/funds/41713/
HSBC Asia Pacific (Ex Japan) Dividend Yield Reg**,equity,equity,Regular,38.9,26,14.32,BSE 500 TRI*,INF767K01535,105823,2.44,11.32,10.45,,,1.33,2.21,14.48,24.99,,,,,,,,,,10,3,3,,16,Moderately High Risk,Average,1,https://www.valueresearchonline.com/funds/23944/
HSBC Brazil Reg,equity,equity,Regular,37.19,14.56,8.45,BSE 500 TRI*,INF677K01AE7,151104,2.44,11.32,10.45,,,0.39,0.93,23.38,14.8,,,,,,,,,,2,0,0,,2,High Risk,Poor,1,https://www.valueresearchonline.com/funds/12632/
HSBC Global Emerging Markets Reg**,equity,equity,Regular,52.94,27.06,11.32,BSE 500 TRI*,INF955L01IY6,154684,2.44,11.32,10.45,,,1.12,2.13,18.73,26.63,,,,,,,,,,8,3,2,,13,Moderately High Risk,Average,1,https://www.valueresearchonline.com/funds/6774/
ICICI Pru Global Advantage (FOF),equity,equity,Regular,20.51,19.35,9.84,BSE 500 TRI*,INF209K01207,147647,2.44,11.32,10.45,,,0.97,1.28,14.1,19.43,,,,,,,,,,6,2,3,,11,High Risk,Poor,6,https://www.valueresearchonline.com/funds/40280/
ICICI Pru Global Stable Equity (FOF),equity,equity,Regular,17.43,13.36,10.42,BSE 500 TRI*,INF666M01FJ4,145605,2.44,11.32,10.45,,,0.75,1.38,10.06,13.25,,,,,,,,,,4,2,5,,11,High Risk,Poor,1,https://www.valueresearchonline.com/funds/20855/
ICICI Pru NASDAQ 100 Index,equity,equity,Regular,33.2,28.97,,BSE 500 TRI*,INF769K01GN0,148576,2.44,11.32,,,,1.22,2.09,17.88,27.53,100,,,88.37,,26.71,7.81,,,10,3,2,,15,Moderately High Risk,Average,25,https://www.valueresearchonline.com/funds/41742/
ICICI Pru Strategic Metal and Energy Equity FoF,equity,equity,Regular,69.81,35.03,,BSE 500 TRI*,INF194K01SN6,121280,2.44,11.32,,,,1.22,2.48,22.46,33.14,,,,,,,,,,10,3,0,,13,Moderately High Risk,Average,1,https://www.valueresearchonline.com/funds/42033/
ICICI Pru US Bluechip Equity,equity,equity,Regular,19.62,14.89,12.11,BSE 500 TRI*,INF209K01520,106873,2.44,11.32,10.45,,,0.74,1.26,14,16.11,62,,,67.94,,21.76,4.42,,,4,2,4,,10,High Risk,Poor,25,https://www.valueresearchonline.com/funds/14998/
Invesco India Global Equity Income FoF Reg,equity,equity,Regular,23.99,22.24,16.94,BSE 500 TRI*,INF205K01B15,129187,2.44,11.32,10.45,,,1.12,1.88,14.24,21.69,,,,,,,,,,8,3,3,,14,Moderately High Risk,Average,1,https://www.valueresearchonline.com/funds/26147/
Invesco India Pan European Equity FoF Reg,equity,equity,Regular,37.11,20.56,14.94,BSE 500 TRI*,INF205K01ZZ9,126351,2.44,11.32,10.45,,,0.98,1.44,14.71,20.12,,,,,,,,,,6,2,3,,11,High Risk,Poor,1,https://www.valueresearchonline.com/funds/23312/
Invesco India-Invesco EQQQ NASDAQ-100 ETF FoF Reg,equity,equity,Regular,34.02,29.04,,BSE 500 TRI*,INF205KA1577,149960,2.44,11.32,,,,1.14,2.15,19.26,27.68,,,,,,,,,,8,3,2,,13,Moderately High Risk,Average,1,https://www.valueresearchonline.com/funds/42217/
Invesco India-Invesco Global Consumer Trends FoF Reg,equity,equity,Regular,3.84,19.66,3,BSE 500 TRI*,INF205KA1247,148613,2.44,11.32,10.45,,,0.58,0.97,28.39,22.1,,,,,,,,,,2,0,0,,2,High Risk,Poor,1,https://www.valueresearchonline.com/funds/41227/
Kotak Global Emerging Market Overseas Equity Omni FoF Reg,equity,equity,Regular,45.72,25.09,11.53,BSE 500 TRI*,INF767K01535,105823,2.44,11.32,10.45,,,1.07,2.07,17.55,24.55,,,,,,,,,,8,3,2,,13,Moderately High Risk,Average,1,https://www.valueresearchonline.com/funds/5560/
Kotak Global Innovation Overseas Equity Omni FoF Reg**,equity,equity,Regular,30.14,21.76,8.09,BSE 500 TRI*,INF174KA1HD1,149056,2.44,11.32,10.45,,,1,1.51,16.57,22.21,,,,,,,,,,8,3,3,,14,Moderately High Risk,Average,2,https://www.valueresearchonline.com/funds/41593/
Kotak International REIT Overseas Equity Omni FoF Reg**,equity,equity,Regular,3.84,8.2,2.3,BSE 500 TRI*,INF174KA1FL8,148645,2.44,11.32,10.45,,,0.25,0.44,15.83,9.7,,,,,,,,,,2,0,3,,5,High Risk,Poor,1,https://www.valueresearchonline.com/funds/41235/
Kotak Quality Overseas Equity Omni FoF Reg,equity,equity,Regular,,,,BSE 500 TRI*,INF955L01IY6,154684,,,,,,,,,,,,,,,,,,,,,,,,,,1,https://www.valueresearchonline.com/funds/45904/
Kotak US Specific Equity Passive FoF Reg,equity,equity,Regular,33.87,28.99,19.11,BSE 500 TRI*,INF174KA1FR5,148661,2.44,11.32,10.45,,,1.16,2.13,19.26,28.12,,,,,,,,,,8,3,2,,13,Moderately High Risk,Average,1,https://www.valueresearchonline.com/funds/41259/
Mahindra Manulife Asia Pacific REITs FoF Reg,equity,equity,Regular,8.41,8.54,,BSE 500 TRI*,INF174V01AV6,149228,2.44,11.32,,,,0.27,0.49,15.66,9.95,,,,,,,,,,2,0,3,,5,High Risk,Poor,1,https://www.valueresearchonline.com/funds/41760/
Mirae Asset Global Electric & Autonomous Vehicles Eqt Passive FoF Reg,equity,equity,Regular,43.16,15.49,,BSE 500 TRI*,INF769K01IP1,150594,2.44,11.32,,,,0.5,0.95,26.24,18.75,,,,,,,,,,2,0,0,,2,High Risk,Poor,3,https://www.valueresearchonline.com/funds/42459/
Mirae Asset Global X Artificial Intelligence & Tech ETF FoF Reg,equity,equity,Regular,52.5,36.13,,BSE 500 TRI*,INF769K01IR7,150596,2.44,11.32,,,,1.19,2.4,24.4,34.74,,,,,,,,,,8,3,0,,11,High Risk,Poor,1,https://www.valueresearchonline.com/funds/42457/
Mirae Asset Hang Seng TECH ETF FoF Reg**,equity,equity,Regular,-15.44,13.27,,BSE 500 TRI*,INF769K01HT5,149380,2.44,11.32,,,,0.39,0.97,32.66,18.42,,,,,,,,,,2,0,0,,2,High Risk,Poor,1,https://www.valueresearchonline.com/funds/41877/
Mirae Asset Hang Seng TECH ETF**,equity,equity,Regular,-12.24,7.04,,BSE 500 TRI*,INF769K01GX9,149380,2.44,11.32,,,,0.23,0.47,32.86,13.4,30,,,89.74,,14.51,1.44,,,2,0,0,,2,High Risk,Poor,25,https://www.valueresearchonline.com/funds/41876/
Mirae Asset NYSE FANG+ ETF,equity,equity,Regular,28.22,39.09,26.08,BSE 500 TRI*,INF769K01HH0,148929,2.44,11.32,10.45,,,1.34,2.14,22.96,36.36,10,,,100.05,,22.98,8.06,,,10,3,0,,13,Moderately High Risk,Average,10,https://www.valueresearchonline.com/funds/41429/
Mirae Asset NYSE FANG+ ETF FoF Reg,equity,equity,Regular,30.99,46.97,30.27,BSE 500 TRI*,INF769K01HG2,148929,2.44,11.32,10.45,,,1.49,3.13,24.84,42.75,,,,,,,,,,10,4,0,,14,Moderately High Risk,Average,1,https://www.valueresearchonline.com/funds/41430/
Mirae Asset S&P 500 Top 50 ETF,equity,equity,Regular,21.66,26.2,,BSE 500 TRI*,INF769K01HR9,149171,2.44,11.32,,,,1.25,1.88,15.25,24.73,51,,,82.16,,22.4,6.16,,,10,3,3,,16,Moderately High Risk,Average,25,https://www.valueresearchonline.com/funds/41698/
Mirae Asset S&P 500 Top 50 ETF FoF Reg,equity,equity,Regular,23.15,33.45,,BSE 500 TRI*,INF769K01HQ1,149171,2.44,11.32,,,,1.3,2.09,19.73,31.42,,,,,,,,,,10,3,2,,15,Moderately High Risk,Average,1,https://www.valueresearchonline.com/funds/41703/
Motilal Oswal Developed Mkt Ex US ETFs Ovrses Eqt Pass FoF Reg,equity,equity,Regular,31.21,,,BSE 500 TRI*,INF767K01535,105823,2.44,,,,,,,,,,,,,,,,,,,,,,,,,2,https://www.valueresearchonline.com/funds/43801/
Motilal Oswal NASDAQ 100 ETF,equity,equity,Regular,34.25,29.65,19.61,BSE 500 TRI*,INF247L01718,145552,2.44,11.32,10.45,,,1.22,2.13,18.2,27.93,100,,,88.21,,26.65,7.8,,,10,3,2,,15,Moderately High Risk,Average,25,https://www.valueresearchonline.com/funds/12498/
Motilal Oswal Nasdaq 100 FOF Reg,equity,equity,Regular,59.48,36.46,22.68,BSE 500 TRI*,INF247L01700,145551,2.44,11.32,10.45,,,1.11,2.41,27.24,35.9,,,,,,,,,,8,3,0,,11,High Risk,Poor,1,https://www.valueresearchonline.com/funds/38227/
Motilal Oswal Nasdaq Q50 ETF,equity,equity,Regular,43.12,29.06,,BSE 500 TRI*,INF247L01247,124234,2.44,11.32,,,,1.14,2.02,19.59,28.08,50,,,76.99,,23.19,3.72,,,8,3,2,,13,Moderately High Risk,Average,25,https://www.valueresearchonline.com/funds/41923/
Motilal Oswal S&P 500 Index Reg,equity,equity,Regular,26.98,24.6,16.88,BSE 500 TRI*,INF247L01AH0,148382,2.44,11.32,10.45,,,1.3,2.07,13.52,23.22,499,,,66.97,,22.61,4.92,,,10,3,4,,17,Moderately High Risk,Average,25,https://www.valueresearchonline.com/funds/40996/
Navi Nasdaq100 US Specific Equity Passive FoF Reg,equity,equity,Regular,33.91,29.51,,BSE 500 TRI*,INF959L01GA2,149911,2.44,11.32,,,,1.16,2.07,19.25,28.07,,,,,,,,,,8,3,2,,13,Moderately High Risk,Average,1,https://www.valueresearchonline.com/funds/42134/
Navi Total Stock Market US Specific Equity Passive FoF Reg,equity,equity,Regular,27.86,25.32,,BSE 500 TRI*,INF959L01FW8,149831,2.44,11.32,,,,1.24,1.98,14.88,24.11,,,,,,,,,,10,3,3,,16,Moderately High Risk,Average,1,https://www.valueresearchonline.com/funds/42068/
Nippon India ETF Hang Seng BeES,equity,equity,Regular,11.39,18.8,7.6,BSE 500 TRI*,INF204KA1U61,134552,2.44,11.32,10.45,,,0.69,1.51,21.46,20.51,92,0.12,0.12,70.54,,6.44,0.65,,,4,3,2,,9,High Risk,Poor,25,https://www.valueresearchonline.com/funds/10905/
Nippon India Japan Equity Reg,equity,equity,Regular,30,19.68,9.76,BSE 500 TRI*,INF204KC1279,149328,2.44,11.32,10.45,,,0.99,1.55,14.29,19.84,30,,,63.87,,2.22,2.06,,,6,3,3,,12,High Risk,Poor,25,https://www.valueresearchonline.com/funds/27688/
Nippon India Taiwan Equity Reg,equity,equity,Regular,125.62,57.01,,BSE 500 TRI*,INF204KC1279,149328,2.44,11.32,,,,1.28,2.09,36.18,52.07,31,,,87.98,,51.92,10.32,,,10,3,0,,13,Moderately High Risk,Average,25,https://www.valueresearchonline.com/funds/41836/
Nippon India US Equity Opportunities Reg,equity,equity,Regular,16,17.91,10.96,BSE 500 TRI*,INF955L01IY6,154684,2.44,11.32,10.45,,,0.89,1.39,13.96,18.11,28,,,77.96,,20.86,5.65,,,6,2,4,,12,High Risk,Poor,25,https://www.valueresearchonline.com/funds/30564/
PGIM India Emerging Markets Equity FoF Reg,equity,equity,Regular,27.98,23.58,2.64,BSE 500 TRI*,INF955L01IY6,154684,2.44,11.32,10.45,,,0.9,1.45,20.65,24.17,,,,,,,,,,6,2,2,,10,High Risk,Poor,1,https://www.valueresearchonline.com/funds/5558/
PGIM India Global Equity Opportunities FoF Reg,equity,equity,Regular,5.3,13.88,4.41,BSE 500 TRI*,INF955L01IY6,154684,2.44,11.32,10.45,,,0.47,0.72,19.94,15.15,,,,,,,,,,2,0,2,,4,High Risk,Poor,1,https://www.valueresearchonline.com/funds/11136/
PGIM India Global Select Real Estate Sec FoF Reg,equity,equity,Regular,17.13,13.83,,BSE 500 TRI*,INF663L01W97,149299,2.44,11.32,,,,0.59,1.09,14.84,14.51,,,,,,,,,,2,2,3,,7,High Risk,Poor,1,https://www.valueresearchonline.com/funds/41816/
SBI US Specific Equity Active FoF FoF Reg,equity,equity,Regular,25.09,24.39,16.28,BSE 500 TRI*,INF200KA1T96,148762,2.44,11.32,10.45,,,1.18,2.02,15.17,23.54,,,,,,,,,,8,3,3,,14,Moderately High Risk,Average,1,https://www.valueresearchonline.com/funds/41350/
Sundaram Global Brand Theme-Equity Active FoF Reg*,equity,equity,Regular,20.57,17.75,11.59,BSE 500 TRI*,INF903J01EX1,106370,2.44,11.32,10.45,,,0.9,1.23,13.6,17.89,,,,,,,,,,6,2,4,,12,High Risk,Poor,1,https://www.valueresearchonline.com/funds/5449/
ABSL Large & Mid Cap Reg,equity,equity,Regular,7.75,11.18,7.59,BSE Large Mid Cap TRI*,INF209K01165,100033,1.48,10.83,9.89,0.48,1.03,0.45,0.56,16,12.84,75,26.3,15.1,60.41,,34.43,4.72,6,3,2,0,3,1,14,Moderately High Risk,Poor,25,https://www.valueresearchonline.com/funds/27/
ABSL Nifty 200 Momentum 30 ETF,equity,equity,Regular,2.12,11.25,,BSE 500 TRI*,INF846K011Z9,153083,2.44,11.32,,-0.19,1.2,0.41,0.53,19.87,13.78,30,49.17,25.93,66.1,,23.36,4.01,4,0,2,0,2,,8,High Risk,Poor,25,https://www.valueresearchonline.com/funds/42334/
ABSL Nifty 200 Quality 30 ETF,equity,equity,Regular,-1.78,9.34,,BSE 500 TRI*,INF200KB1AG6,154177,2.44,11.32,,-1.28,0.98,0.34,0.44,16.33,11.18,30,46.46,25.03,66.18,,27.82,8.06,4,3,2,0,3,,12,High Risk,Poor,25,https://www.valueresearchonline.com/funds/42335/
Aditya Birla SL MSCI India ETF,equity,equity,Regular,,,,BSE Large Mid Cap TRI*,INF209K01YN0,119550,,,,,,,,,,165,34.67,24.63,54.74,,21.42,3.21,,,,,,,,,,25,https://www.valueresearchonline.com/funds/45843/
Axis Large & Mid Cap Reg,equity,equity,Regular,7.63,14.76,11.54,BSE Large Mid Cap TRI*,INF846K01J79,145112,1.48,10.83,9.89,4.05,0.9,0.7,0.81,14.15,15.57,99,24.82,15.25,58.2,,32.9,4.42,10,4,4,0,3,3,21,Moderate Risk,Average,25,https://www.valueresearchonline.com/funds/37837/
Bajaj Finserv Large and Mid Cap Reg,equity,equity,Regular,2.83,,,BSE Large Mid Cap TRI*,INF0QA701730,152406,1.48,,,,,,,,,66,34.15,19.47,60.46,,18.77,3.6,,,,,,,,,,25,https://www.valueresearchonline.com/funds/44116/
Bandhan Large & Mid Cap Reg,equity,equity,Regular,6.35,17.52,15.82,BSE Large Mid Cap TRI*,INF194K01524,108596,1.48,10.83,9.89,5.95,1.02,0.79,1.04,15.75,18.2,121,26.3,16.28,60.05,,21.75,2.8,12,3,4,2,3,5,24,Moderate Risk,Excellent,25,https://www.valueresearchonline.com/funds/2797/
Bandhan Nifty 200 Quality 30 Index Reg,equity,equity,Regular,-2.63,,,BSE 500 TRI*,INF194KB1IZ7,153113,2.44,,,,,,,,,30,46.42,25.01,66.11,,24.25,7.66,,,,,,,,,,25,https://www.valueresearchonline.com/funds/44740/
Bandhan Nifty Alpha Low Volatility 30 Index Reg,equity,equity,Regular,0.34,,,BSE 500 TRI*,INF194KB1JB6,153212,2.44,,,,,,,,,30,39.27,20.62,56.25,,24.17,3.33,,,,,,,,,,25,https://www.valueresearchonline.com/funds/44858/
Bandhan Nifty200 Momentum 30 Index Reg,equity,equity,Regular,1.27,10.15,,BSE 500 TRI*,INF194KB1DS3,150592,2.44,11.32,,-1.22,1.19,0.35,0.46,19.82,12.72,30,49.22,25.96,66.17,,23.01,4.5,4,0,2,0,2,,8,High Risk,Poor,25,https://www.valueresearchonline.com/funds/42494/
Bank of India Large & Mid Cap Eco,equity,equity,Regular,9.68,14.03,11.95,BSE Large Mid Cap TRI*,INF761K01108,110603,1.48,10.83,9.89,2.96,1.01,0.6,0.82,15.76,15.19,50,42.47,26.5,59.85,,23.77,3.39,8,3,4,0,3,,18,Moderately High Risk,Average,25,https://www.valueresearchonline.com/funds/8989/
Bank of India Large & Mid Cap Reg,equity,equity,Regular,8.89,13.22,11.27,BSE Large Mid Cap TRI*,INF761K01108,110603,1.48,10.83,9.89,2.25,1.01,0.56,0.76,15.74,14.48,50,42.47,26.5,59.85,,23.77,3.39,8,3,2,0,3,3,16,Moderately High Risk,Average,25,https://www.valueresearchonline.com/funds/8985/
Baroda BNP Paribas Large & Mid Cap Reg,equity,equity,Regular,5,13.1,11.82,BSE Large Mid Cap TRI*,INF955L01JR8,148471,1.48,10.83,9.89,2.36,1.03,0.56,0.67,16.14,14.68,50,27.88,15.1,61.43,,30.1,3.72,8,3,2,0,3,3,16,Moderately High Risk,Average,25,https://www.valueresearchonline.com/funds/41086/
Baroda BNP Paribas Nifty200 Momentum 30 Index Reg,equity,equity,Regular,0.93,,,BSE 500 TRI*,INF251K01TZ6,152930,2.44,,,,,,,,,30,49.23,25.93,66.05,,23.01,4.5,,,,,,,,,,25,https://www.valueresearchonline.com/funds/44581/
Canara Robeco Large and Mid Cap Reg,equity,equity,Regular,-0.54,12.31,9.99,BSE Large Mid Cap TRI*,INF760K01167,102920,1.48,10.83,9.89,1.33,1.02,0.5,0.66,15.88,13.58,92,36.83,22.7,61.49,,35.01,5.12,6,3,2,0,3,2,14,Moderately High Risk,Poor,25,https://www.valueresearchonline.com/funds/2645/
DSP Large & Mid Cap Reg,equity,equity,Regular,2.23,13.07,11.3,BSE Large Mid Cap TRI*,INF740K01094,103819,1.48,10.83,9.89,2.33,1.01,0.57,0.74,15.49,14.51,73,37.6,27.76,61.27,,22.19,3,8,3,2,0,3,3,16,Moderately High Risk,Average,25,https://www.valueresearchonline.com/funds/776/
DSP MSCI India ETF,equity,equity,Regular,,,,BSE Large Mid Cap TRI*,INF740K01ZW2,124175,,,,,,,,,,165,34.58,24.59,54.86,,21.43,3.21,,,,,,,,,,25,https://www.valueresearchonline.com/funds/45616/
Edelweiss Large & Mid Cap Reg,equity,equity,Regular,6.5,13.55,12.15,BSE Large Mid Cap TRI*,INF843K01047,140172,1.48,10.83,9.89,2.75,1,0.59,0.74,15.46,14.88,88,23.34,13.74,61.3,,29.02,4.2,8,3,2,0,3,3,16,Moderately High Risk,Average,25,https://www.valueresearchonline.com/funds/4871/
Edelweiss NIFTY Large Mid Cap 250 Index Reg,equity,equity,Regular,3.85,12.12,,BSE Large Mid Cap TRI*,INF754K01NN8,149341,1.48,10.83,,1.16,1.05,0.5,0.63,15.78,13.64,250,22.21,15.12,54.11,,21.64,3.39,6,3,2,0,3,3,14,Moderately High Risk,Average,25,https://www.valueresearchonline.com/funds/41842/
Edelweiss Nifty Alpha Low Volatility 30 Index Reg,equity,equity,Regular,0.33,,,BSE 500 TRI*,INF754K01SO5,152617,2.44,,,,,,,,,30,39.16,20.56,56.06,,24.17,3.33,,,,,,,,,,25,https://www.valueresearchonline.com/funds/44307/
Edelweiss Nifty LargeMidcap 250 ETF,equity,equity,Regular,3.75,,,BSE Large Mid Cap TRI*,INF846K017C5,149243,1.48,,,,,,,,,250,22.21,15.12,54.11,,23.65,3.35,,,,,,,,,,25,https://www.valueresearchonline.com/funds/45481/
Franklin India Large & Mid Cap Reg,equity,equity,Regular,0.57,11.83,9.99,BSE Large Mid Cap TRI*,INF209K01LV0,108273,1.48,10.83,9.89,1.34,0.96,0.51,0.72,14.84,13.22,55,32.29,19.44,58.98,,31.03,4.11,6,3,2,0,3,2,14,Moderately High Risk,Poor,25,https://www.valueresearchonline.com/funds/2605/
Groww Nifty 200 ETF,equity,equity,Regular,1.42,,,BSE Large Mid Cap TRI*,INF666M01JQ1,153342,1.48,,,,,,,,,200,34.41,24.01,55.8,,21.25,3.14,,,,,,,,,,25,https://www.valueresearchonline.com/funds/44969/
Groww Nifty 200 ETF FoF Reg,equity,equity,Regular,0.36,,,BSE Large Mid Cap TRI*,INF666M01JT5,153342,1.48,,,,,,,,,,,,,,,,,,,,,,,,,1,https://www.valueresearchonline.com/funds/44965/
HDFC Large and Mid Cap Reg,equity,equity,Regular,4,12.84,14.32,BSE Large Mid Cap TRI*,INF760K01KF7,150503,1.48,10.83,9.89,1.67,1.07,0.53,0.68,16.09,14.24,239,19.63,12.67,56.14,,23.01,2.99,8,2,2,0,3,4,15,Moderately High Risk,Good,25,https://www.valueresearchonline.com/funds/172/
HDFC NIFTY200 Momentum 30 ETF,equity,equity,Regular,2.23,11.29,,BSE 500 TRI*,INF179K01VS0,119116,2.44,11.32,,-0.2,1.2,0.41,0.53,19.86,13.76,30,49.16,25.92,66.1,,23.35,4.01,4,0,2,0,2,,8,High Risk,Poor,25,https://www.valueresearchonline.com/funds/42569/
HDFC NIFTY200 Momentum 30 Index Reg,equity,equity,Regular,1.47,,,BSE 500 TRI*,INF200KB1845,153663,2.44,,,,,,,,,30,49.14,25.91,66.1,,23.01,4.5,,,,,,,,,,25,https://www.valueresearchonline.com/funds/44152/
HDFC Nifty LargeMidcap 250 Index Reg,equity,equity,Regular,4.08,,,BSE Large Mid Cap TRI*,INF955L01IY6,154684,1.48,,,,,,,,,250,22.11,15.07,53.88,,21.64,3.39,,,,,,,,,,25,https://www.valueresearchonline.com/funds/44569/
HSBC Large and Mid Cap Reg,equity,equity,Regular,12.32,17.35,14.43,BSE Large Mid Cap TRI*,INF336L01NY9,146771,1.48,10.83,9.89,6.36,1.04,0.71,0.8,18.24,18.73,81,36.27,22.82,75.23,,31.59,4.62,12,3,4,0,2,4,21,Moderate Risk,Good,25,https://www.valueresearchonline.com/funds/39454/
Helios Large & Mid Cap Reg,equity,equity,Regular,6.78,,,BSE Large Mid Cap TRI*,INF0R8701236,152943,1.48,,,,,,,,,59,33.76,19.81,66.84,,33.96,4.88,,,,,,,,,,25,https://www.valueresearchonline.com/funds/44608/
ICICI Pru Large & Mid Cap,equity,equity,Regular,4.71,15.55,16.1,BSE Large Mid Cap TRI*,INF209K01LV0,108273,1.48,10.83,9.89,5.09,0.92,0.78,0.92,14.17,16.74,123,29.84,17.65,65.79,,23.55,3.62,12,4,4,0,3,5,23,Moderate Risk,Excellent,25,https://www.valueresearchonline.com/funds/534/
ICICI Pru Nifty 200 Momentum 30 ETF,equity,equity,Regular,2.15,11.21,,BSE 500 TRI*,INF109KC11D8,150452,2.44,11.32,,-0.28,1.2,0.4,0.52,19.89,13.71,30,49.17,25.93,66.11,,23.36,4.01,4,0,2,0,2,,8,High Risk,Poor,25,https://www.valueresearchonline.com/funds/42387/
ICICI Pru Nifty 200 Momentum 30 Index,equity,equity,Regular,1.39,10.34,,BSE 500 TRI*,INF846K010Z1,153085,2.44,11.32,,-1.06,1.2,0.36,0.47,19.81,12.9,30,49.19,25.94,66.14,,23.01,4.5,4,0,2,0,2,,8,High Risk,Poor,25,https://www.valueresearchonline.com/funds/42379/
ICICI Pru Nifty 200 Quality 30 ETF,equity,equity,Regular,-1.86,9.28,,BSE 500 TRI*,INF200KB1AG6,154177,2.44,11.32,,-1.34,0.98,0.33,0.43,16.35,11.13,30,46.48,25.04,66.2,,27.81,8.06,4,3,2,0,3,,12,High Risk,Poor,25,https://www.valueresearchonline.com/funds/43676/
ICICI Pru Nifty Alpha Low-Volatility 30 ETF,equity,equity,Regular,1.12,11.66,9.06,BSE 500 TRI*,INF109KC1R89,149157,2.44,11.32,10.45,0.63,1.02,0.46,0.59,16.54,13.34,30,39.21,20.58,56.15,,28.72,4.4,6,3,2,0,3,,14,Moderately High Risk,Average,25,https://www.valueresearchonline.com/funds/41071/
ICICI Pru Nifty Alpha Low-Volatility 30 ETF FOF,equity,equity,Regular,0.33,11.02,,BSE 500 TRI*,INF194K01FU8,108632,2.44,11.32,,-0.13,1.02,0.41,0.5,16.77,12.6,,,,,,,,4,3,2,0,3,,12,High Risk,Poor,1,https://www.valueresearchonline.com/funds/41686/
ICICI Pru Nifty LargeMidcap 250 Index,equity,equity,Regular,4.07,,,BSE Large Mid Cap TRI*,INF769K01LK6,152647,1.48,,,,,,,,,250,22.17,15.1,54.09,,21.64,3.39,,,,,,,,,,25,https://www.valueresearchonline.com/funds/44178/
ICICI Pru Nifty200 Quality 30 Index,equity,equity,Regular,-2.46,,,BSE 500 TRI*,INF200KB1AD3,154175,2.44,,,,,,,,,30,46.49,25.05,66.19,,24.25,7.66,,,,,,,,,,25,https://www.valueresearchonline.com/funds/45191/
ITI Large & Mid Cap Reg,equity,equity,Regular,6.58,,,BSE Large Mid Cap TRI*,INF00XX01CX8,152824,1.48,,,,,,,,,99,19.75,11.11,63.78,,28.95,3.67,,,,,,,,,,25,https://www.valueresearchonline.com/funds/44499/
Invesco India Large & Mid Cap Reg,equity,equity,Regular,9.43,22.08,16.34,BSE Large Mid Cap TRI*,INF205K01247,106144,1.48,10.83,9.89,9.55,1.12,0.91,1.13,18.34,22.45,39,54.72,34.72,58.28,,45.31,5.3,12,2,6,2,2,5,24,Moderate Risk,Excellent,25,https://www.valueresearchonline.com/funds/5346/
JM Large & Mid Cap Reg,equity,equity,Regular,5.81,,,BSE Large Mid Cap TRI*,INF192K01NM3,153627,1.48,,,,,,,,,64,25.37,14.16,58.7,,34.62,4.35,,,,,,,,,,25,https://www.valueresearchonline.com/funds/45302/
Kotak Large & Midcap Reg,equity,equity,Regular,4.44,12.97,12.51,BSE Large Mid Cap TRI*,INF174K01187,103234,1.48,10.83,9.89,2.24,0.98,0.56,0.66,15.26,14.27,71,30.21,18.48,60.13,,26.83,3.2,8,3,2,0,3,3,16,Moderately High Risk,Average,25,https://www.valueresearchonline.com/funds/2360/
Kotak MSCI India ETF,equity,equity,Regular,1.16,,,BSE Large Mid Cap TRI*,INF090I01KR8,129008,1.48,,,,,,,,,165,34.75,24.69,54.86,,21.43,3.21,,,,,,,,,,25,https://www.valueresearchonline.com/funds/44952/
Kotak Nifty 200 Momentum 30 ETF,equity,equity,Regular,,,,BSE 500 TRI*,INF174KA1OB1,151781,,,,,,,,,,30,49.16,25.92,66.1,,23.35,4.01,,,,,,,,,,25,https://www.valueresearchonline.com/funds/45531/
Kotak Nifty 200 Momentum 30 Index Reg,equity,equity,Regular,1.69,10.7,,BSE 500 TRI*,INF174KA1NY5,151783,2.44,11.32,,-0.76,1.2,0.38,0.49,19.79,13.22,30,49.16,25.92,66.1,,23.01,4.5,4,0,2,0,2,,8,High Risk,Poor,25,https://www.valueresearchonline.com/funds/43536/
Kotak Nifty 200 Quality 30 Index Reg,equity,equity,Regular,-2.19,,,BSE 500 TRI*,INF174KA1WQ2,153659,2.44,,,,,,,,,30,46.48,25.04,66.22,,24.25,7.66,,,,,,,,,,25,https://www.valueresearchonline.com/funds/45256/
Kotak Nifty200 Quality 30 ETF,equity,equity,Regular,-1.68,,,BSE 500 TRI*,INF174K01KM7,119757,2.44,,,,,,,,,30,46.6,25,66.15,,27.8,8.05,,,,,,,,,,25,https://www.valueresearchonline.com/funds/45255/
LIC MF Large & Mid Cap Reg,equity,equity,Regular,3.1,13.08,10.66,BSE Large Mid Cap TRI*,INF767K01NB5,133711,1.48,10.83,9.89,2.42,1.04,0.55,0.72,16.68,14.83,40,34.04,18.35,69.15,,39.06,5.73,8,3,2,0,3,3,16,Moderately High Risk,Average,25,https://www.valueresearchonline.com/funds/29414/
Mahindra Manulife Large & Mid Cap Reg,equity,equity,Regular,7.25,11.54,11.8,BSE Large Mid Cap TRI*,INF174V01911,147843,1.48,10.83,9.89,1.21,0.96,0.49,0.63,15.27,13.1,70,27.24,15.99,58.79,,30.72,3.65,6,3,2,0,3,2,14,Moderately High Risk,Poor,25,https://www.valueresearchonline.com/funds/40395/
Mirae Asset BSE 200 Equal Weight ETF,equity,equity,Regular,7.39,,,BSE Large Mid Cap TRI*,INF769K01OE3,153382,1.48,,,,,,,,,200,6.81,3.82,49.18,,23.23,3.45,,,,,,,,,,25,https://www.valueresearchonline.com/funds/45027/
Mirae Asset BSE 200 Equal Weight ETF FoF Reg,equity,equity,Regular,6.37,,,BSE Large Mid Cap TRI*,INF769K01OB9,153382,1.48,,,,,,,,,,,,,,,,,,,,,,,,,1,https://www.valueresearchonline.com/funds/45028/
Mirae Asset Large & Midcap Reg,equity,equity,Regular,5.89,11.92,10.23,BSE Large Mid Cap TRI*,INF769K01101,112932,1.48,10.83,9.89,0.95,1.05,0.49,0.6,15.9,13.44,83,31.75,20.28,55.74,,23.26,3.27,6,3,2,0,3,2,14,Moderately High Risk,Poor,25,https://www.valueresearchonline.com/funds/11213/
Mirae Asset Nifty 200 Alpha 30 ETF,equity,equity,Regular,6.86,,,BSE 500 TRI*,INF769K01GX9,148623,2.44,,,,,,,,,30,45.96,25.21,66.39,,19.61,4.1,,,,,,,,,,25,https://www.valueresearchonline.com/funds/43817/
Mirae Asset Nifty 200 Alpha 30 ETF FoF Reg,equity,equity,Regular,5.78,,,BSE 500 TRI*,INF769K01LR1,152720,2.44,,,,,,,,,,,,,,,,,,,,,,,,,1,https://www.valueresearchonline.com/funds/44398/
Mirae Asset Nifty LargeMidcap 250 Index Reg,equity,equity,Regular,3.86,,,BSE Large Mid Cap TRI*,INF769K01MG2,152978,1.48,,,,,,,,,250,22.19,15.11,54.05,,21.64,3.39,,,,,,,,,,25,https://www.valueresearchonline.com/funds/44622/
Motilal Oswal BSE Low Volatility ETF,equity,equity,Regular,-5.29,8.58,,BSE 500 TRI*,INF090I01UD7,147989,2.44,11.32,,-2.01,0.86,0.28,0.36,13.94,9.64,30,38.4,20.13,64.18,,28.5,4,2,4,2,0,4,,12,High Risk,Poor,25,https://www.valueresearchonline.com/funds/42147/
Motilal Oswal BSE Low Volatility Index Reg,equity,equity,Regular,-6.03,7.53,,BSE 500 TRI*,INF955L01IY6,154684,2.44,11.32,,-2.98,0.86,0.21,0.27,13.9,8.66,30,38.35,20.12,64.08,,22.6,3.26,2,4,2,0,4,,12,High Risk,Poor,25,https://www.valueresearchonline.com/funds/42154/
Motilal Oswal BSE Quality ETF,equity,equity,Regular,2.36,13.43,,BSE 500 TRI*,INF247L01247,124234,2.44,11.32,,2.11,1.06,0.53,0.82,17.98,15.13,30,56.29,30.2,69.26,,28.6,9.28,8,2,2,0,2,,14,Moderately High Risk,Average,25,https://www.valueresearchonline.com/funds/42438/
Motilal Oswal BSE Quality Index Reg,equity,equity,Regular,1.58,12.51,,BSE 500 TRI*,INF955L01IY6,154684,2.44,11.32,,1.31,1.06,0.48,0.76,17.9,14.3,30,56.23,30.17,69.16,,23.87,8.69,6,2,2,0,2,,12,High Risk,Poor,25,https://www.valueresearchonline.com/funds/42439/
Motilal Oswal Large and Midcap Reg,equity,equity,Regular,12.22,21.8,17.34,BSE Large Mid Cap TRI*,INF247L01965,147701,1.48,10.83,9.89,9.6,1.16,0.79,1.05,21.53,22.8,33,44.1,24.35,58.82,,43.49,6.71,12,0,4,2,2,5,20,Moderate Risk,Excellent,25,https://www.valueresearchonline.com/funds/40336/
Motilal Oswal Nifty 200 Momentum 30 ETF,equity,equity,Regular,1.92,11.21,,BSE 500 TRI*,INF846K011Z9,153083,2.44,11.32,,-0.28,1.2,0.4,0.52,19.9,13.71,30,49.19,25.94,66.13,,23.35,4.01,4,0,2,0,2,,8,High Risk,Poor,25,https://www.valueresearchonline.com/funds/42039/
Motilal Oswal Nifty 200 Momentum 30 Index Reg,equity,equity,Regular,1.09,10.42,,BSE 500 TRI*,INF247L01DM4,152876,2.44,11.32,,-0.99,1.2,0.37,0.48,19.86,12.98,30,49.14,25.91,66.07,,23.01,4.5,4,0,2,0,2,,8,High Risk,Poor,25,https://www.valueresearchonline.com/funds/42040/
Navi Large & Midcap Reg,equity,equity,Regular,6.34,8.74,9.57,BSE Large Mid Cap TRI*,INF959L01CK0,135678,1.48,10.83,9.89,-2.07,1.07,0.28,0.37,16.84,10.49,80,26.61,14.87,63.13,,22.2,3.17,2,2,2,0,3,1,9,High Risk,Poor,25,https://www.valueresearchonline.com/funds/31276/
Nippon India Nifty Alpha Low Volatility 30 Index Reg,equity,equity,Regular,0.58,11.02,,BSE 500 TRI*,INF204KC1550,150490,2.44,11.32,,0.06,1.01,0.43,0.55,16.49,12.75,30,39.19,20.57,56.13,,24.17,3.33,6,3,2,0,3,,14,Moderately High Risk,Average,25,https://www.valueresearchonline.com/funds/42411/
Nippon India Vision Large & Mid Cap Reg,equity,equity,Regular,2.62,14.57,12.91,BSE Large Mid Cap TRI*,INF903J016H9,134356,1.48,10.83,9.89,3.87,1.02,0.68,0.79,15.41,16.14,82,32.2,19.98,59.84,,31.49,3.94,10,3,4,0,3,4,20,Moderate Risk,Good,25,https://www.valueresearchonline.com/funds/182/
PGIM India Large and Mid Cap Reg,equity,equity,Regular,1.44,,,BSE Large Mid Cap TRI*,INF663L01X88,152383,1.48,,,,,,,,,76,29.57,18.71,55.58,,29.44,4.32,,,,,,,,,,25,https://www.valueresearchonline.com/funds/44083/
Quant Large & Mid Cap Reg,equity,equity,Regular,12.59,13.94,14.41,BSE Large Mid Cap TRI*,INF789F01869,100664,1.48,10.83,9.89,2.88,1.17,0.54,0.83,19.47,16.13,26,65.23,40.02,54.03,,37.82,4.84,8,0,2,0,2,3,12,High Risk,Average,19,https://www.valueresearchonline.com/funds/4111/
SBI Large & Midcap Reg,equity,equity,Regular,3.84,12.21,12.97,BSE Large Mid Cap TRI*,INF200K01180,103504,1.48,10.83,9.89,1.89,0.88,0.56,0.7,13.44,13.27,85,31.22,19.14,51.67,,27.51,3.71,8,4,2,0,4,4,18,Moderately High Risk,Good,25,https://www.valueresearchonline.com/funds/197/
SBI Nifty 200 Quality 30 ETF,equity,equity,Regular,-1.88,9.13,7.39,BSE 500 TRI*,INF200K01SH3,119707,2.44,11.32,10.45,-1.48,0.98,0.32,0.42,16.35,10.99,30,46.48,25.04,66.21,,27.81,8.06,4,3,2,0,3,,12,High Risk,Poor,25,https://www.valueresearchonline.com/funds/38348/
SBI Nifty200 Momentum 30 Index Reg,equity,equity,Regular,1.54,,,BSE 500 TRI*,INF200KB1845,153663,2.44,,,,,,,,,30,49.72,26.22,66.87,,23.01,4.5,,,,,,,,,,25,https://www.valueresearchonline.com/funds/45265/
SBI Nifty200 Quality 30 Index Reg,equity,equity,Regular,-2.35,,,BSE 500 TRI*,INF200KB1787,153554,2.44,,,,,,,,,30,46.48,25.04,66.21,,24.25,7.66,,,,,,,,,,25,https://www.valueresearchonline.com/funds/45180/
Samco Large & Mid Cap Reg,equity,equity,Regular,-5.98,,,BSE Large Mid Cap TRI*,INF0K1H01289,153533,1.48,,,,,,,,,48,46.15,26.25,60.96,,21.45,4.98,,,,,,,,,,25,https://www.valueresearchonline.com/funds/45200/
Sundaram Large & Midcap Reg,equity,equity,Regular,10.76,14.32,11.53,BSE Large Mid Cap TRI*,INF903J01DT1,105001,1.48,10.83,9.89,3.61,1.02,0.64,0.72,15.95,15.88,38,38.09,21.54,67.44,,35.83,5.1,10,3,4,0,3,2,20,Moderate Risk,Poor,25,https://www.valueresearchonline.com/funds/4152/
Tata BSE Quality Index Reg,equity,equity,Regular,1.35,,,BSE 500 TRI*,INF277KA1DH7,153425,2.44,,,,,,,,,30,56.29,30.2,69.26,,23.87,8.69,,,,,,,,,,25,https://www.valueresearchonline.com/funds/45060/
Tata Large & Midcap Reg,equity,equity,Regular,-3.5,6.61,8.64,BSE Large Mid Cap TRI*,INF277K01428,101824,1.48,10.83,9.89,-4.38,1.05,0.15,0.19,16.07,8.09,50,46.93,27.49,54.33,,21.66,2.88,2,3,2,0,3,1,10,High Risk,Poor,25,https://www.valueresearchonline.com/funds/102/
Tata Nifty200 Alpha 30 Index Reg,equity,equity,Regular,5.97,,,BSE 500 TRI*,INF277KA1CF3,152834,2.44,,,,,,,,,30,45.9,25.17,66.32,,22.16,4.79,,,,,,,,,,25,https://www.valueresearchonline.com/funds/44507/
UTI BSE Low Volatility Index Reg,equity,equity,Regular,-5.75,7.85,,BSE 500 TRI*,INF789F1AVE5,149880,2.44,11.32,,-2.68,0.86,0.23,0.3,13.9,8.96,30,38.39,20.13,64.15,,22.6,3.26,2,4,2,0,4,,12,High Risk,Poor,25,https://www.valueresearchonline.com/funds/42110/
UTI Large & Mid Cap Reg,equity,equity,Regular,5.29,14.85,13.66,BSE Large Mid Cap TRI*,INF789F01869,100664,1.48,10.83,9.89,3.65,0.99,0.67,0.87,15.06,15.74,70,32.62,19.8,54.86,,18.95,2.69,10,3,4,0,3,4,20,Moderate Risk,Good,25,https://www.valueresearchonline.com/funds/258/
UTI Nifty Alpha Low-Volatility 30 Index Reg,equity,equity,Regular,0.54,,,BSE 500 TRI*,INF789F1AZL1,153087,2.44,,,,,,,,,30,39.17,20.55,56.08,,24.17,3.33,,,,,,,,,,25,https://www.valueresearchonline.com/funds/44726/
UTI Nifty200 Momentum 30 Index Reg,equity,equity,Regular,1.73,11,9.37,BSE 500 TRI*,INF789F1AUS7,148704,2.44,11.32,10.45,-0.49,1.2,0.39,0.51,19.87,13.5,30,49.16,25.92,66.09,,23.01,4.5,4,0,2,0,2,,8,High Risk,Poor,25,https://www.valueresearchonline.com/funds/41311/
UTI Nifty200 Quality 30 Index Reg,equity,equity,Regular,-2.45,,,BSE 500 TRI*,INF200KB1787,153554,2.44,,,,,,,,,30,46.46,25.03,66.17,,24.25,7.66,,,,,,,,,,25,https://www.valueresearchonline.com/funds/44547/
Union Large & Midcap Reg,equity,equity,Regular,6.43,12.14,10.93,BSE Large Mid Cap TRI*,INF582M01GD4,147748,1.48,10.83,9.89,1.74,0.95,0.52,0.57,15.21,13.56,75,25.32,15.57,60.44,,35.82,4.63,8,4,2,0,3,3,17,Moderately High Risk,Average,25,https://www.valueresearchonline.com/funds/40383/
WhiteOak Capital Large & Mid Cap Reg,equity,equity,Regular,7.19,,,BSE Large Mid Cap TRI*,INF03VN01837,152225,1.48,,,,,,,,,125,28.9,18.74,57.85,,28.32,3.85,,,,,,,,,,25,https://www.valueresearchonline.com/funds/43931/
ABSL BSE Sensex ETF,equity,equity,Regular,-4.22,6.4,6.87,BSE 100 TRI*,INF209K01YN0,119550,-0.35,9.89,9.14,-3.03,0.93,0.15,0.2,13.51,7.72,30,63.45,44.28,70.31,,21.25,3.05,2,4,2,0,4,,12,High Risk,Poor,25,https://www.valueresearchonline.com/funds/32649/
ABSL Large Cap Reg,equity,equity,Regular,-0.84,9.79,8.9,BSE 100 TRI*,INF209KB1Y23,148918,-0.35,9.89,9.14,0.12,0.98,0.39,0.5,14.08,11.13,72,43.55,26.71,64.5,,24.15,3.4,6,3,2,0,3,3,14,Moderately High Risk,Average,25,https://www.valueresearchonline.com/funds/1400/
ABSL Nifty 50 ETF,equity,equity,Regular,-2.33,8.17,7.88,BSE 100 TRI*,INF209K01VY3,119648,-0.35,9.89,9.14,-1.31,0.95,0.28,0.36,13.6,9.51,50,52.7,36.78,63.05,,19.88,2.97,4,4,2,0,4,,14,Moderately High Risk,Average,25,https://www.valueresearchonline.com/funds/13012/
ABSL Nifty 50 Equal Weight Index Reg,equity,equity,Regular,2.86,11.92,11.07,BSE 100 TRI*,INF209KB1Z48,148965,-0.35,9.89,9.14,2.42,0.98,0.53,0.66,14.5,13.44,50,22.24,11.4,52.56,,20.66,3.16,8,3,2,0,3,4,16,Moderately High Risk,Good,25,https://www.valueresearchonline.com/funds/41503/
ABSL Nifty 50 Index Reg,equity,equity,Regular,-2.81,7.66,7.3,BSE 100 TRI*,INF209K01LB2,101314,-0.35,9.89,9.14,-1.78,0.95,0.25,0.32,13.58,9.04,50,52.71,36.78,63.06,,20.66,3.16,4,4,2,0,4,3,14,Moderately High Risk,Average,25,https://www.valueresearchonline.com/funds/1445/
ABSL Nifty Next 50 ETF,equity,equity,Regular,9.42,18.14,12.21,BSE 100 TRI*,INF209KB10G3,149838,-0.35,9.89,9.14,7.08,1.29,0.7,0.91,20.02,19.75,50,32.76,18.54,52.57,,20.15,3.33,12,0,4,0,2,,18,Moderately High Risk,Average,25,https://www.valueresearchonline.com/funds/38491/
ABSL Nifty Next 50 Index Reg,equity,equity,Regular,8.57,16.93,,BSE 100 TRI*,INF209KB12G9,149837,-0.35,9.89,,6.04,1.28,0.65,0.84,20.01,18.7,50,32.72,18.52,52.52,,20.28,3.37,12,0,4,0,2,4,18,Moderately High Risk,Good,25,https://www.valueresearchonline.com/funds/42070/
Angel One Nifty 50 ETF,equity,equity,Regular,-2.4,,,BSE 100 TRI*,INF579M01AN2,151165,-0.35,,,,,,,,,50,52.65,36.74,62.99,,19.88,2.97,,,,,,,,,,25,https://www.valueresearchonline.com/funds/45159/
Angel One Nifty 50 Index Reg,equity,equity,Regular,-3.08,,,BSE 100 TRI*,INF1J2R01080,153530,-0.35,,,,,,,,,50,52.61,36.71,62.94,,20.66,3.16,,,,,,,,,,25,https://www.valueresearchonline.com/funds/45160/
Axis BSE Sensex ETF,equity,equity,Regular,-4.25,6.37,,BSE 100 TRI*,INF846K01CR6,120438,-0.35,9.89,,-3.06,0.93,0.15,0.2,13.5,7.69,30,63.46,44.28,70.32,,21.25,3.05,2,4,2,0,4,,12,High Risk,Poor,25,https://www.valueresearchonline.com/funds/43285/
Axis BSE Sensex Index Reg,equity,equity,Regular,-4.73,,,BSE 100 TRI*,INF846K014V2,152421,-0.35,,,,,,,,,30,63.42,44.26,70.28,,22.76,3.32,,,,,,,,,,25,https://www.valueresearchonline.com/funds/44148/
Axis Large Cap Reg,equity,equity,Regular,-0.74,9.11,5.12,BSE 100 TRI*,INF846K01164,112277,-0.35,9.89,9.14,-0.16,0.91,0.36,0.43,13.43,10.48,48,49.31,32.44,63.27,,28.15,4.09,4,4,2,0,4,1,14,Moderately High Risk,Poor,25,https://www.valueresearchonline.com/funds/10780/
Axis Nifty 100 Index Reg,equity,equity,Regular,-1.22,8.86,7.46,BSE 100 TRI*,INF846K01S52,147665,-0.35,9.89,9.14,-0.83,1,0.32,0.41,14.39,10.31,100,42.99,30,58.76,,20.55,3.22,4,3,2,0,3,3,12,High Risk,Average,25,https://www.valueresearchonline.com/funds/40296/
Axis Nifty 50 ETF,equity,equity,Regular,-2.38,8.16,7.86,BSE 100 TRI*,INF846K01CR6,120438,-0.35,9.89,9.14,-1.32,0.95,0.28,0.36,13.59,9.5,50,52.66,36.74,63,,19.88,2.97,4,4,2,0,4,,14,Moderately High Risk,Average,25,https://www.valueresearchonline.com/funds/34322/
Axis Nifty 50 Index Reg,equity,equity,Regular,-2.76,7.7,,BSE 100 TRI*,INF846K016D5,149371,-0.35,9.89,,-1.74,0.94,0.25,0.32,13.54,9.06,50,52.69,36.77,63.04,,20.66,3.16,4,4,2,0,4,2,14,Moderately High Risk,Poor,25,https://www.valueresearchonline.com/funds/41858/
Axis Nifty Next 50 Index Reg,equity,equity,Regular,8.34,16.93,,BSE 100 TRI*,INF846K012F9,149467,-0.35,9.89,,6.06,1.28,0.65,0.84,19.93,18.69,50,32.74,18.52,52.54,,20.28,3.37,12,0,4,0,2,4,18,Moderately High Risk,Good,25,https://www.valueresearchonline.com/funds/41944/
BHARAT 22 ETF,equity,equity,Regular,6.34,16.38,22.08,BSE 500 TRI*,INF109KC1YD4,146951,2.44,11.32,10.45,5.05,1.04,0.65,1.08,18.71,17.93,22,83.92,56.44,75.51,,12.83,2.03,12,3,4,2,2,,23,Moderate Risk,Average,22,https://www.valueresearchonline.com/funds/34740/
Bajaj Finserv Large Cap Reg,equity,equity,Regular,2.64,,,BSE 100 TRI*,INF0QA701862,152780,-0.35,,,,,,,,,32,46.07,27.81,59.68,,28.38,3.66,,,,,,,,,,25,https://www.valueresearchonline.com/funds/44453/
Bajaj Finserv Nifty 50 ETF,equity,equity,Regular,-2.39,,,BSE 100 TRI*,INF0QA701BA9,153506,-0.35,,,,,,,,,50,52.66,36.74,63.01,,19.89,2.97,,,,,,,,,,25,https://www.valueresearchonline.com/funds/44066/
Bajaj Finserv Nifty 50 Index Reg,equity,equity,Regular,-3.51,,,BSE 100 TRI*,INF0QA701AY1,153508,-0.35,,,,,,,,,50,52.72,36.8,63.08,,20.66,3.16,,,,,,,,,,25,https://www.valueresearchonline.com/funds/45131/
Bajaj Finserv Nifty Next 50 Index Reg,equity,equity,Regular,7.72,,,BSE 100 TRI*,INF0QA701BD3,153480,-0.35,,,,,,,,,50,32.78,18.55,52.61,,20.28,3.37,,,,,,,,,,25,https://www.valueresearchonline.com/funds/45111/
Bandhan BSE Sensex ETF,equity,equity,Regular,-4.57,6.04,6.51,BSE 100 TRI*,INF194K015G8,139840,-0.35,9.89,9.14,-3.37,0.93,0.12,0.17,13.49,7.38,30,63.38,44.23,70.22,,21.26,3.05,2,4,2,0,4,,12,High Risk,Poor,25,https://www.valueresearchonline.com/funds/32902/
Bandhan Large Cap Reg,equity,equity,Regular,2.85,12.6,9.68,BSE 100 TRI*,INF194K01516,108799,-0.35,9.89,9.14,2.4,1.02,0.53,0.69,14.83,13.6,68,46.27,30.04,59.24,,22.76,3.37,8,3,2,0,3,4,16,Moderately High Risk,Good,25,https://www.valueresearchonline.com/funds/3400/
Bandhan Nifty 100 Index Reg,equity,equity,Regular,-0.94,9.15,,BSE 100 TRI*,INF194KB1CO4,149833,-0.35,9.89,,-0.57,1,0.34,0.43,14.39,10.57,100,42.98,29.99,58.74,,20.55,3.22,4,3,2,0,3,3,12,High Risk,Average,25,https://www.valueresearchonline.com/funds/42074/
Bandhan Nifty 50 ETF,equity,equity,Regular,-2.45,8.09,7.81,BSE 100 TRI*,INF194K015G8,139839,-0.35,9.89,9.14,-1.38,0.95,0.28,0.36,13.59,9.44,50,52.7,36.78,63.06,,19.89,2.97,4,4,2,0,4,,14,Moderately High Risk,Average,25,https://www.valueresearchonline.com/funds/32903/
Bandhan Nifty 50 Index Reg,equity,equity,Regular,-2.97,7.47,7.26,BSE 100 TRI*,INF194K01920,112877,-0.35,9.89,9.14,-1.96,0.95,0.23,0.3,13.59,8.86,50,52.71,36.79,63.07,,20.66,3.16,4,4,2,0,4,2,14,Moderately High Risk,Poor,25,https://www.valueresearchonline.com/funds/11154/
Bandhan Nifty Next 50 Index Reg,equity,equity,Regular,8.32,,,BSE 100 TRI*,INF194KB1JJ9,153349,-0.35,,,,,,,,,50,32.84,18.58,52.73,,20.28,3.37,,,,,,,,,,25,https://www.valueresearchonline.com/funds/44983/
Bandhan Nifty100 Low Volatility 30 Index Reg,equity,equity,Regular,-3.02,9.79,,BSE 500 TRI*,INF194KB1DY1,150633,2.44,11.32,,-0.33,0.85,0.39,0.49,14.33,11.26,30,36.92,18.86,53.86,,22.62,3.37,4,5,2,0,3,,14,Moderately High Risk,Average,25,https://www.valueresearchonline.com/funds/42542/
Bank of India Large Cap Reg,equity,equity,Regular,6.73,12.34,8.62,BSE 100 TRI*,INF761K01FO7,148982,-0.35,9.89,9.14,2.21,1.06,0.5,0.63,16.04,13.67,51,41.66,26.73,66.23,,21.46,3.15,8,2,2,0,3,4,15,Moderately High Risk,Good,25,https://www.valueresearchonline.com/funds/41519/
Baroda BNP Paribas Large Cap Reg,equity,equity,Regular,2.34,11.39,9.76,BSE 100 TRI*,INF955L01JR8,148471,-0.35,9.89,9.14,1.63,0.99,0.48,0.61,14.5,12.69,50,41.71,26.42,57.29,,23.83,3.51,8,3,2,0,3,4,16,Moderately High Risk,Good,25,https://www.valueresearchonline.com/funds/2338/
Baroda BNP Paribas NIFTY 50 Index Reg,equity,equity,Regular,-2.96,,,BSE 100 TRI*,INF251K01SV7,152331,-0.35,,,,,,,,,50,52.59,36.84,63.03,,20.66,3.16,,,,,,,,,,25,https://www.valueresearchonline.com/funds/43985/
Canara Robeco Large Cap Reg,equity,equity,Regular,-1.72,9.99,8.06,BSE 100 TRI*,INF760K01AR3,113221,-0.35,9.89,9.14,0.47,0.94,0.41,0.51,13.59,11.28,59,48.1,30.37,62.76,,25.2,3.61,6,4,2,0,4,3,16,Moderately High Risk,Average,25,https://www.valueresearchonline.com/funds/11333/
Choice Nifty 50 Index Reg,equity,equity,Regular,,,,BSE 100 TRI*,N/A,N/A,,,,,,,,,,50,52.62,36.72,62.97,,20.66,3.16,,,,,,,,,,25,https://www.valueresearchonline.com/funds/45931/
Choice Nifty Next 50 Index Reg,equity,equity,Regular,,,,BSE 100 TRI*,INF2KCX01053,154303,,,,,,,,,,50,32.75,18.53,52.56,,20.28,3.37,,,,,,,,,,25,https://www.valueresearchonline.com/funds/45937/
DSP BSE Sensex ETF,equity,equity,Regular,-4.23,6.31,,BSE 100 TRI*,INF740K01ZW2,124175,-0.35,9.89,,-3.11,0.93,0.14,0.19,13.49,7.63,30,63.41,44.24,70.25,,21.25,3.05,2,4,2,0,4,,12,High Risk,Poor,25,https://www.valueresearchonline.com/funds/43657/
DSP BSE Sensex Next 30 ETF,equity,equity,Regular,9.97,,,BSE 100 TRI*,INF740KA1VB1,153219,-0.35,,,,,,,,,30,44.54,25.24,59.42,,18.21,3.18,,,,,,,,,,25,https://www.valueresearchonline.com/funds/44874/
DSP BSE Sensex Next 30 Index Reg,equity,equity,Regular,8.99,,,BSE 100 TRI*,INF740KA1UY5,153216,-0.35,,,,,,,,,30,44.53,25.23,59.41,,18.24,3.26,,,,,,,,,,25,https://www.valueresearchonline.com/funds/44870/
DSP Large Cap Reg,equity,equity,Regular,-2.76,10.48,8.44,BSE 100 TRI*,INF740K01243,101635,-0.35,9.89,9.14,1.03,0.88,0.45,0.61,13.02,11.5,43,56.98,35.79,60.67,,20.45,2.95,6,4,2,0,4,4,16,Moderately High Risk,Good,25,https://www.valueresearchonline.com/funds/1540/
DSP NIFTY 50 Equal Weight ETF,equity,equity,Regular,3.73,12.86,,BSE 100 TRI*,INF740KA1CR7,141877,-0.35,9.89,,3.26,0.98,0.59,0.73,14.52,14.29,50,22.27,11.41,52.6,,18.99,3.29,10,3,2,0,3,,18,Moderately High Risk,Average,25,https://www.valueresearchonline.com/funds/41801/
DSP Nifty 50 ETF,equity,equity,Regular,-2.35,8.16,,BSE 100 TRI*,INF740K01ZW2,124175,-0.35,9.89,,-1.31,0.95,0.28,0.36,13.59,9.51,50,52.65,36.73,62.99,,19.89,2.97,4,4,2,0,4,,14,Moderately High Risk,Average,25,https://www.valueresearchonline.com/funds/41895/
DSP Nifty 50 Equal Weight Index Reg,equity,equity,Regular,2.99,12.05,11.31,BSE 100 TRI*,INF740KA1CO4,141875,-0.35,9.89,9.14,2.54,0.98,0.54,0.67,14.5,13.56,50,22.28,11.41,52.63,,20.66,3.16,8,3,2,0,3,5,16,Moderately High Risk,Excellent,25,https://www.valueresearchonline.com/funds/34693/
DSP Nifty 50 Index Reg,equity,equity,Regular,-2.67,7.77,7.45,BSE 100 TRI*,INF740KA1MJ3,146379,-0.35,9.89,9.14,-1.68,0.94,0.25,0.33,13.58,9.14,50,52.68,36.76,63.06,,20.66,3.16,4,4,2,0,4,3,14,Moderately High Risk,Average,25,https://www.valueresearchonline.com/funds/39133/
DSP Nifty Next 50 ETF,equity,equity,Regular,,,,BSE 100 TRI*,INF740K01ZW2,124175,,,,,,,,,,50,32.75,18.53,52.56,,20.17,3.33,,,,,,,,,,25,https://www.valueresearchonline.com/funds/45716/
DSP Nifty Next 50 Index Reg,equity,equity,Regular,8.64,17.3,11.56,BSE 100 TRI*,INF740KA1MD6,146380,-0.35,9.89,9.14,6.36,1.29,0.67,0.86,20.01,19.02,50,33.68,19.06,54.06,,20.28,3.37,12,0,4,0,2,5,18,Moderately High Risk,Excellent,25,https://www.valueresearchonline.com/funds/39163/
DSP Nifty Top 10 Equal Wght ETF,equity,equity,Regular,-6.49,,,BSE 100 TRI*,INF740K01NF3,119099,-0.35,,,,,,,,,10,99.6,52.69,80.55,,19.18,3.01,,,,,,,,,,10,https://www.valueresearchonline.com/funds/44494/
DSP Nifty Top 10 Equal Wght Index Reg,equity,equity,Regular,-7.28,,,BSE 100 TRI*,INF740KA1UP3,152813,-0.35,,,,,,,,,10,101.07,53.47,81.74,,20.35,2.89,,,,,,,,,,10,https://www.valueresearchonline.com/funds/44492/
Edelweiss BSE Sensex ETF,equity,equity,Regular,,,,BSE 100 TRI*,INF843K01FC8,140286,,,,,,,,,,30,63.45,44.28,70.28,,21.25,3.05,,,,,,,,,,25,https://www.valueresearchonline.com/funds/45582/
Edelweiss Large Cap B,equity,equity,Regular,0.94,9.63,8.8,BSE 100 TRI*,INF754K01046,111940,-0.35,9.89,9.14,-0.05,0.96,0.37,0.44,13.86,10.85,72,42.86,28.36,54.3,,24.94,3.6,4,3,2,0,4,,13,Moderately High Risk,Average,25,https://www.valueresearchonline.com/funds/10434/
Edelweiss Large Cap C,equity,equity,Regular,0.94,9.63,8.8,BSE 100 TRI*,INF754K01046,111940,-0.35,9.89,9.14,-0.05,0.96,0.37,0.44,13.86,10.85,72,42.86,28.36,54.3,,24.94,3.6,4,3,2,0,4,,13,Moderately High Risk,Average,25,https://www.valueresearchonline.com/funds/10436/
Edelweiss Large Cap Reg,equity,equity,Regular,0.93,9.63,8.78,BSE 100 TRI*,INF754K01046,111940,-0.35,9.89,9.14,-0.05,0.96,0.37,0.44,13.86,10.85,72,42.86,28.36,54.3,,24.94,3.6,4,3,2,0,4,3,13,Moderately High Risk,Average,25,https://www.valueresearchonline.com/funds/10432/
Edelweiss Nifty 100 Quality 30 Index Reg,equity,equity,Regular,-0.84,9.1,,BSE 500 TRI*,INF754K01NF4,149256,2.44,11.32,,-1,0.91,0.34,0.44,15.38,10.99,30,46.46,24.71,62.28,,24.78,6.48,4,4,2,0,3,,13,Moderately High Risk,Average,25,https://www.valueresearchonline.com/funds/32428/
Edelweiss Nifty 50 ETF,equity,equity,Regular,,,,BSE 100 TRI*,INF843K01FC8,140286,,,,,,,,,,50,52.65,36.73,62.99,,19.89,2.97,,,,,,,,,,25,https://www.valueresearchonline.com/funds/45581/
Edelweiss Nifty 50 Index,equity,equity,Regular,-2.79,7.51,,BSE 100 TRI*,INF754K01MX9,149252,-0.35,9.89,,-1.91,0.94,0.24,0.31,13.55,8.9,50,52.52,36.72,62.79,,20.66,3.16,4,4,2,0,4,1,14,Moderately High Risk,Poor,25,https://www.valueresearchonline.com/funds/30199/
Edelweiss Nifty Next 50 Index Reg,equity,equity,Regular,8.51,16.99,,BSE 100 TRI*,INF754K01QH3,150897,-0.35,9.89,,6.1,1.28,0.65,0.84,19.96,18.75,50,32.68,18.49,52.45,,20.28,3.37,12,0,4,0,2,4,18,Moderately High Risk,Good,25,https://www.valueresearchonline.com/funds/42802/
Franklin India Large Cap Reg,equity,equity,Regular,-0.37,9.9,7.79,BSE 100 TRI*,INF955L01IY6,154684,-0.35,9.89,9.14,0.7,0.9,0.42,0.56,13.2,11.3,40,52.09,31.57,62.95,,26.38,3.69,6,4,2,0,4,3,16,Moderately High Risk,Average,25,https://www.valueresearchonline.com/funds/114/
Franklin India NSE Nifty 50 Index Reg,equity,equity,Regular,-2.87,7.54,7.2,BSE 100 TRI*,INF955L01IY6,154684,-0.35,9.89,9.14,-1.89,0.94,0.24,0.31,13.54,8.91,50,52.57,36.68,62.92,,20.66,3.16,4,4,2,0,4,2,14,Moderately High Risk,Poor,25,https://www.valueresearchonline.com/funds/834/
Groww Large Cap Reg,equity,equity,Regular,0.14,10.01,8.31,BSE 100 TRI*,INF0GCD01537,151322,-0.35,9.89,9.14,0.53,0.98,0.41,0.49,14.38,11.53,42,49.65,33.42,66.88,,25.65,3.62,6,3,2,0,3,3,14,Moderately High Risk,Average,25,https://www.valueresearchonline.com/funds/14013/
Groww Nifty 50 ETF,equity,equity,Regular,-2.52,,,BSE 100 TRI*,INF666M01EK5,153456,-0.35,,,,,,,,,50,52.62,36.72,62.96,,19.88,2.97,,,,,,,,,,25,https://www.valueresearchonline.com/funds/45330/
Groww Nifty 50 Index Reg,equity,equity,Regular,-3.5,,,BSE 100 TRI*,INF666M01KW7,153710,-0.35,,,,,,,,,50,52.69,36.77,63.04,,20.66,3.16,,,,,,,,,,25,https://www.valueresearchonline.com/funds/45326/
Groww Nifty Next 50 ETF,equity,equity,Regular,9.05,,,BSE 100 TRI*,INF666M01EK5,145589,-0.35,,,,,,,,,50,32.75,18.54,52.56,,20.14,3.33,,,,,,,,,,25,https://www.valueresearchonline.com/funds/45428/
Groww Nifty Next 50 Index Reg,equity,equity,Regular,8.22,,,BSE 100 TRI*,INF666M01LW5,153798,-0.35,,,,,,,,,50,32.71,18.51,52.51,,20.28,3.37,,,,,,,,,,25,https://www.valueresearchonline.com/funds/45429/
HDFC BSE Sensex ETF,equity,equity,Regular,-4.26,6.4,6.89,BSE 100 TRI*,INF179KA1IZ7,128629,-0.35,9.89,9.14,-3.03,0.93,0.15,0.2,13.52,7.72,30,63.48,44.3,70.33,,21.25,3.05,2,4,2,0,4,,12,High Risk,Poor,25,https://www.valueresearchonline.com/funds/31377/
HDFC BSE Sensex Index Reg,equity,equity,Regular,-4.61,6.04,6.49,BSE 100 TRI*,INF767K01139,101199,-0.35,9.89,9.14,-3.38,0.93,0.12,0.16,13.52,7.38,30,63.48,44.3,70.33,,22.76,3.32,2,4,2,0,4,2,12,High Risk,Poor,25,https://www.valueresearchonline.com/funds/1370/
HDFC Large Cap Reg,equity,equity,Regular,0.09,9.73,11.04,BSE 100 TRI*,INF179K01BE2,102000,-0.35,9.89,9.14,0.35,0.95,0.4,0.47,13.79,11.17,45,51.48,33.2,62.55,,23.72,3.42,6,4,2,0,4,4,16,Moderately High Risk,Good,25,https://www.valueresearchonline.com/funds/104/
HDFC NIFTY 100 ETF,equity,equity,Regular,-0.59,9.53,,BSE 100 TRI*,INF179KA1IZ7,128629,-0.35,9.89,,-0.21,1.01,0.36,0.46,14.41,10.93,100,42.96,29.97,58.73,,19.92,3.03,4,3,2,0,3,,12,High Risk,Poor,25,https://www.valueresearchonline.com/funds/42416/
HDFC NIFTY 100 Equal Wght Index Reg,equity,equity,Regular,5.77,14.48,,BSE 100 TRI*,INF955L01IY6,154684,-0.35,9.89,,4.15,1.13,0.61,0.79,16.81,15.97,100,11.61,6,49.73,,20.55,3.22,10,2,4,0,3,4,19,Moderately High Risk,Good,25,https://www.valueresearchonline.com/funds/42092/
HDFC NIFTY 100 Index Reg,equity,equity,Regular,-1.06,8.99,,BSE 100 TRI*,INF955L01IY6,154684,-0.35,9.89,,-0.71,1,0.33,0.42,14.37,10.42,100,42.94,29.96,58.7,,20.55,3.22,4,3,2,0,3,3,12,High Risk,Average,25,https://www.valueresearchonline.com/funds/42090/
HDFC NIFTY 50 ETF,equity,equity,Regular,-2.38,8.14,7.85,BSE 100 TRI*,INF179KA1IZ7,128629,-0.35,9.89,9.14,-1.33,0.95,0.28,0.36,13.6,9.49,50,52.71,36.79,63.07,,19.89,2.97,4,4,2,0,4,,14,Moderately High Risk,Average,25,https://www.valueresearchonline.com/funds/31376/
HDFC NIFTY 50 Index Reg,equity,equity,Regular,-2.74,7.76,7.44,BSE 100 TRI*,INF917K01D38,151158,-0.35,9.89,9.14,-1.69,0.95,0.25,0.33,13.59,9.13,50,52.7,36.78,63.06,,20.66,3.16,4,4,2,0,4,3,14,Moderately High Risk,Average,25,https://www.valueresearchonline.com/funds/1368/
HDFC NIFTY Next 50 ETF,equity,equity,Regular,9.25,17.95,,BSE 100 TRI*,INF179KA1IZ7,128629,-0.35,9.89,,6.92,1.29,0.69,0.9,20.02,19.58,50,32.74,18.53,52.57,,20.16,3.33,12,0,4,0,2,,18,Moderately High Risk,Average,25,https://www.valueresearchonline.com/funds/42417/
HDFC NIFTY Next 50 Index Reg,equity,equity,Regular,8.67,17.16,,BSE 100 TRI*,INF917K01D95,151162,-0.35,9.89,,6.24,1.29,0.66,0.85,20.03,18.9,50,32.75,18.53,52.57,,20.28,3.37,12,0,4,0,2,5,18,Moderately High Risk,Excellent,25,https://www.valueresearchonline.com/funds/41799/
HDFC NIFTY100 Low Volatility 30 ETF,equity,equity,Regular,-2.28,10.89,,BSE 500 TRI*,INF179K01VS0,119116,2.44,11.32,,0.68,0.86,0.46,0.59,14.37,12.29,30,36.92,18.86,53.85,,26.93,4.21,6,4,2,0,3,,15,Moderately High Risk,Average,25,https://www.valueresearchonline.com/funds/42568/
HDFC NIFTY100 Low Volatility 30 Index Reg,equity,equity,Regular,-2.92,,,BSE 500 TRI*,INF200KB1902,153716,2.44,,,,,,,,,30,36.94,18.87,53.91,,22.62,3.37,,,,,,,,,,25,https://www.valueresearchonline.com/funds/44404/
HDFC NIFTY100 Quality 30 ETF,equity,equity,Regular,-0.18,9.82,,BSE 500 TRI*,INF179KC1BG0,148986,2.44,11.32,,-0.34,0.91,0.39,0.49,15.39,11.65,30,47.08,25.04,63.1,,26.87,6.45,4,4,2,0,3,,13,Moderately High Risk,Average,25,https://www.valueresearchonline.com/funds/42536/
HDFC NIFTY50 Equal Weight Index Reg,equity,equity,Regular,2.95,12.1,11.27,BSE 100 TRI*,INF740KA1CO4,141875,-0.35,9.89,9.14,2.58,0.98,0.55,0.67,14.51,13.61,50,22.32,11.44,52.74,,20.66,3.16,8,3,2,0,3,4,16,Moderately High Risk,Good,25,https://www.valueresearchonline.com/funds/41635/
HDFC Nifty Top 20 Equal Weight Index Reg,equity,equity,Regular,-3.35,,,BSE 100 TRI*,INF179KC1JH1,153404,-0.35,,,,,,,,,20,53.39,27.71,71.42,,21.13,3.12,,,,,,,,,,20,https://www.valueresearchonline.com/funds/45042/
HDFC Nifty100 Quality 30 Index Reg,equity,equity,Regular,-0.78,,,BSE 500 TRI*,INF200KB1787,153554,2.44,,,,,,,,,30,47.03,25.02,63.05,,24.78,6.48,,,,,,,,,,25,https://www.valueresearchonline.com/funds/44914/
HSBC Large Cap Reg,equity,equity,Regular,1.23,9.87,8.38,BSE 100 TRI*,INF200K01180,103504,-0.35,9.89,9.14,0.59,0.95,0.41,0.47,14.06,11.42,37,54.05,34.81,68.24,,25.84,3.64,6,4,2,0,3,3,15,Moderately High Risk,Average,25,https://www.valueresearchonline.com/funds/1481/
HSBC Nifty 50 Index Reg,equity,equity,Regular,-2.65,7.73,7.39,BSE 100 TRI*,INF917K01D38,151158,-0.35,9.89,9.14,-1.71,0.94,0.25,0.33,13.55,9.1,50,52.87,36.9,63.24,,20.66,3.16,4,4,2,0,4,3,14,Moderately High Risk,Average,25,https://www.valueresearchonline.com/funds/40970/
HSBC Nifty Next 50 Index Reg,equity,equity,Regular,8.38,16.97,11.14,BSE 100 TRI*,INF917K01D95,151162,-0.35,9.89,9.14,6.09,1.28,0.65,0.84,19.91,18.72,50,32.75,18.53,52.57,,20.28,3.37,12,0,4,0,2,4,18,Moderately High Risk,Good,25,https://www.valueresearchonline.com/funds/40974/
ICICI Pru BSE Sensex ETF,equity,equity,Regular,-4.24,6.44,6.91,BSE 100 TRI*,INF109K010A6,120256,-0.35,9.89,9.14,-3,0.93,0.15,0.2,13.52,7.76,30,63.49,44.3,70.35,,21.25,3.05,2,4,2,0,4,,12,High Risk,Poor,25,https://www.valueresearchonline.com/funds/1512/
ICICI Pru BSE Sensex Index,equity,equity,Regular,-4.52,6.14,6.55,BSE 100 TRI*,INF769K01OB9,153382,-0.35,9.89,9.14,-3.28,0.93,0.13,0.17,13.51,7.47,30,63.48,44.3,70.34,,22.76,3.32,2,4,2,0,4,2,12,High Risk,Poor,25,https://www.valueresearchonline.com/funds/34647/
ICICI Pru Bharat 22 FOF,equity,equity,Regular,6.39,16.28,21.88,BSE 500 TRI*,INF084M01077,132174,2.44,11.32,10.45,4.88,1.03,0.64,1.06,18.65,17.69,,,,,,,,10,3,4,2,2,,21,Moderate Risk,Average,1,https://www.valueresearchonline.com/funds/36692/
ICICI Pru Large Cap,equity,equity,Regular,-1.96,11.21,11.11,BSE 100 TRI*,INF209K01AJ8,103166,-0.35,9.89,9.14,1.74,0.91,0.5,0.64,13.26,12.37,88,46.94,31.71,54.14,,21.46,3.17,8,4,2,0,4,4,18,Moderately High Risk,Good,25,https://www.valueresearchonline.com/funds/7517/
ICICI Pru Nifty 100 ETF,equity,equity,Regular,-0.78,9.34,7.97,BSE 100 TRI*,INF109K010A6,148821,-0.35,9.89,9.14,-0.39,1.01,0.35,0.44,14.4,10.75,100,42.94,29.96,58.7,,19.93,3.03,4,3,2,0,3,,12,High Risk,Poor,25,https://www.valueresearchonline.com/funds/20933/
ICICI Pru Nifty 100 Low Volatility 30 ETF,equity,equity,Regular,-2.35,10.79,9.24,BSE 500 TRI*,INF109KC1P81,148821,2.44,11.32,10.45,0.58,0.86,0.45,0.58,14.37,12.2,30,36.94,18.88,53.9,,26.93,4.21,6,4,2,0,3,,15,Moderately High Risk,Average,25,https://www.valueresearchonline.com/funds/34396/
ICICI Pru Nifty 100 Low Volatility 30 ETF FOF,equity,equity,Regular,-3.04,10.09,8.51,BSE 500 TRI*,INF194K01FU8,108632,2.44,11.32,10.45,-0.05,0.82,0.4,0.52,13.92,11.3,,,,,,,,4,5,2,0,4,,15,Moderately High Risk,Average,1,https://www.valueresearchonline.com/funds/41397/
ICICI Pru Nifty 50 ETF,equity,equity,Regular,-2.35,8.18,7.88,BSE 100 TRI*,INF109K010A6,120256,-0.35,9.89,9.14,-1.3,0.95,0.28,0.37,13.6,9.52,50,52.72,36.79,63.08,,19.88,2.97,4,4,2,0,4,,14,Moderately High Risk,Average,25,https://www.valueresearchonline.com/funds/18653/
ICICI Pru Nifty 50 Index,equity,equity,Regular,-2.73,7.75,7.43,BSE 100 TRI*,INF579M01AL6,151164,-0.35,9.89,9.14,-1.7,0.94,0.25,0.33,13.58,9.12,50,52.71,36.78,63.07,,20.66,3.16,4,4,2,0,4,3,14,Moderately High Risk,Average,25,https://www.valueresearchonline.com/funds/1236/
ICICI Pru Nifty Next 50 ETF,equity,equity,Regular,9.33,18.07,12.17,BSE 100 TRI*,INF109K01Y80,120684,-0.35,9.89,9.14,7.02,1.29,0.7,0.91,20.03,19.69,50,32.76,18.54,52.58,,20.15,3.33,12,0,4,0,2,,18,Moderately High Risk,Average,25,https://www.valueresearchonline.com/funds/37322/
ICICI Pru Nifty Next 50 Index,equity,equity,Regular,8.54,17.21,11.38,BSE 100 TRI*,INF846K010D8,112957,-0.35,9.89,9.14,6.28,1.29,0.66,0.86,20.02,18.94,50,32.8,18.56,52.65,,20.28,3.37,12,0,4,0,2,4,18,Moderately High Risk,Good,25,https://www.valueresearchonline.com/funds/11236/
ICICI Pru Nifty Top 15 Equal Weight ETF,equity,equity,Regular,-4.83,,,BSE 100 TRI*,INF109K1A310,153614,-0.35,,,,,,,,,15,68.96,36.01,74.32,,20.3,3.24,,,,,,,,,,15,https://www.valueresearchonline.com/funds/45235/
ICICI Pru Nifty Top 15 Equal Weight Index,equity,equity,Regular,-5.3,,,BSE 100 TRI*,INF769K01LK6,152647,-0.35,,,,,,,,,15,68.94,35.99,74.31,,20.24,2.95,,,,,,,,,,15,https://www.valueresearchonline.com/funds/45236/
ICICI Pru Nifty50 Equal Weight Index,equity,equity,Regular,2.77,11.88,,BSE 100 TRI*,INF209KB12N5,150703,-0.35,9.89,,2.38,0.98,0.53,0.66,14.5,13.4,50,22.3,11.43,52.71,,20.66,3.16,8,3,2,0,3,4,16,Moderately High Risk,Good,25,https://www.valueresearchonline.com/funds/42546/
ITI Large Cap Reg,equity,equity,Regular,1.33,9.33,7.49,BSE 100 TRI*,INF00XX01770,148351,-0.35,9.89,9.14,-0.97,1.05,0.3,0.4,15.6,10.42,44,47.36,28.35,62.09,,23.48,3.15,4,3,2,0,3,2,12,High Risk,Poor,25,https://www.valueresearchonline.com/funds/41208/
Invesco India Largecap Reg,equity,equity,Regular,4.89,13.36,10.54,BSE 100 TRI*,INF205K01304,112098,-0.35,9.89,9.14,3.52,1.05,0.59,0.74,15.57,14.92,55,42.56,25.34,66.89,,29.2,4.33,10,3,2,0,3,4,18,Moderately High Risk,Good,25,https://www.valueresearchonline.com/funds/10565/
Invesco India Nifty 50 ETF,equity,equity,Regular,-2.41,8.09,7.8,BSE 100 TRI*,INF205K01KT4,120444,-0.35,9.89,9.14,-1.38,0.95,0.28,0.36,13.6,9.44,50,52.65,36.73,62.99,,19.89,2.97,4,4,2,0,4,,14,Moderately High Risk,Average,25,https://www.valueresearchonline.com/funds/12761/
JM Large Cap Reg,equity,equity,Regular,1.37,10.27,9.83,BSE 100 TRI*,INF192K01601,100219,-0.35,9.89,9.14,0.75,1.02,0.41,0.53,15.21,11.95,51,37.02,22.57,58.34,,28.16,3.96,6,3,2,0,3,3,14,Moderately High Risk,Average,25,https://www.valueresearchonline.com/funds/108/
Kotak BSE Sensex ETF,equity,equity,Regular,-4.37,6.25,6.68,BSE 100 TRI*,INF174K01KH7,123693,-0.35,9.89,9.14,-3.17,0.93,0.14,0.19,13.52,7.58,30,63.45,44.28,70.28,,21.25,3.05,2,4,2,0,4,,12,High Risk,Poor,25,https://www.valueresearchonline.com/funds/7780/
Kotak BSE Sensex Index Reg,equity,equity,Regular,-4.67,,,BSE 100 TRI*,INF174KA1US2,153284,-0.35,,,,,,,,,30,63.47,44.29,70.32,,22.76,3.32,,,,,,,,,,25,https://www.valueresearchonline.com/funds/44906/
Kotak Large Cap Reg,equity,equity,Regular,-0.41,9.92,8.48,BSE 100 TRI*,INF174K01187,103234,-0.35,9.89,9.14,0.27,0.98,0.4,0.48,14.1,11.27,62,44.89,28.86,54.79,,23.19,3.21,6,3,2,0,3,3,14,Moderately High Risk,Average,25,https://www.valueresearchonline.com/funds/577/
Kotak Nifty 100 Equal Weight ETF,equity,equity,Regular,6.55,,,BSE 100 TRI*,INF174KA1TY2,153146,-0.35,,,,,,,,,100,11.61,6,49.75,,19.03,3.2,,,,,,,,,,25,https://www.valueresearchonline.com/funds/44953/
Kotak Nifty 100 Equal Weight Index Reg,equity,equity,Regular,5.91,,,BSE 100 TRI*,INF174KA1UB8,153145,-0.35,,,,,,,,,100,11.61,6,49.76,,20.55,3.22,,,,,,,,,,25,https://www.valueresearchonline.com/funds/44794/
Kotak Nifty 100 Low Volatility 30 ETF,equity,equity,Regular,-1.97,11.16,,BSE 500 TRI*,INF174KA1RZ3,152663,2.44,11.32,,0.93,0.86,0.48,0.6,14.37,12.54,30,36.92,18.86,53.86,,26.93,4.21,6,4,2,0,3,,15,Moderately High Risk,Average,25,https://www.valueresearchonline.com/funds/42184/
Kotak Nifty 100 Low Volatility 30 Index Reg,equity,equity,Regular,-2.9,,,BSE 500 TRI*,INF174KA1RW0,152664,2.44,,,,,,,,,30,36.92,18.86,53.87,,22.62,3.37,,,,,,,,,,25,https://www.valueresearchonline.com/funds/44349/
Kotak Nifty 50 ETF,equity,equity,Regular,-2.33,8.18,7.82,BSE 100 TRI*,INF174K01KH7,123693,-0.35,9.89,9.14,-1.3,0.95,0.28,0.37,13.6,9.52,50,52.69,36.77,63.04,,19.89,2.97,4,4,2,0,4,,14,Moderately High Risk,Average,25,https://www.valueresearchonline.com/funds/10843/
Kotak Nifty 50 Equal Weight Index Reg,equity,equity,Regular,2.95,,,BSE 100 TRI*,INF174KA1UH5,153148,-0.35,,,,,,,,,50,22.28,11.41,52.63,,20.66,3.16,,,,,,,,,,25,https://www.valueresearchonline.com/funds/44798/
Kotak Nifty 50 Index Reg,equity,equity,Regular,-2.68,7.61,7.29,BSE 100 TRI*,INF174KA1VH3,153351,-0.35,9.89,9.14,-1.83,0.95,0.24,0.32,13.58,8.99,50,52.7,36.78,63.06,,20.66,3.16,4,4,2,0,4,2,14,Moderately High Risk,Poor,25,https://www.valueresearchonline.com/funds/41515/
Kotak Nifty Next 50 ETF,equity,equity,Regular,,,,BSE 100 TRI*,INF174K01KH7,123693,,,,,,,,,,50,32.74,18.53,52.56,,20.16,3.33,,,,,,,,,,25,https://www.valueresearchonline.com/funds/45721/
Kotak Nifty Next 50 Index Reg,equity,equity,Regular,8.81,17.32,11.56,BSE 100 TRI*,INF174KA1FX3,148743,-0.35,9.89,9.14,6.38,1.28,0.67,0.86,19.95,19.02,50,32.75,18.53,52.57,,20.28,3.37,12,0,4,0,2,5,18,Moderately High Risk,Excellent,25,https://www.valueresearchonline.com/funds/41325/
Kotak Nifty Top 10 Equal Weight Index Reg,equity,equity,Regular,-7.3,,,BSE 100 TRI*,INF174KA1WG3,153463,-0.35,,,,,,,,,10,99.63,52.71,80.57,,20.35,2.89,,,,,,,,,,10,https://www.valueresearchonline.com/funds/45099/
LIC MF BSE Sensex ETF,equity,equity,Regular,-4.32,6.35,6.81,BSE 100 TRI*,INF767K01GI4,120338,-0.35,9.89,9.14,-3.08,0.93,0.15,0.19,13.51,7.67,30,63.34,44.18,70.19,,21.25,3.05,2,4,2,0,4,,12,High Risk,Poor,25,https://www.valueresearchonline.com/funds/31256/
LIC MF BSE Sensex Index Reg,equity,equity,Regular,-5.17,5.33,5.81,BSE 100 TRI*,INF767K01139,101199,-0.35,9.89,9.14,-4.03,0.93,0.07,0.1,13.44,6.69,30,63.23,44.09,70.02,,22.76,3.32,2,4,2,0,4,1,12,High Risk,Poor,25,https://www.valueresearchonline.com/funds/1479/
LIC MF Large Cap Reg,equity,equity,Regular,-3.68,7.53,6.3,BSE 100 TRI*,INF767K01105,106871,-0.35,9.89,9.14,-1.94,1.02,0.24,0.3,14.86,9.31,44,44.86,29.62,66.25,,19.17,3.85,4,3,2,0,3,2,12,High Risk,Poor,25,https://www.valueresearchonline.com/funds/158/
LIC MF Nifty 100 ETF,equity,equity,Regular,-0.55,9.57,8.2,BSE 100 TRI*,INF767K01GI4,120338,-0.35,9.89,9.14,-0.2,1,0.36,0.46,14.38,10.94,100,42.97,29.99,58.67,,19.92,3.03,4,3,2,0,3,,12,High Risk,Poor,25,https://www.valueresearchonline.com/funds/32018/
LIC MF Nifty 50 ETF,equity,equity,Regular,-2.43,8.1,7.8,BSE 100 TRI*,INF767K01GI4,120338,-0.35,9.89,9.14,-1.39,0.95,0.28,0.36,13.58,9.43,50,52.63,36.74,62.94,,19.88,2.97,4,4,2,0,4,,14,Moderately High Risk,Average,25,https://www.valueresearchonline.com/funds/31217/
LIC MF Nifty 50 Index Reg,equity,equity,Regular,-3.4,7.05,6.8,BSE 100 TRI*,INF767K01162,101201,-0.35,9.89,9.14,-2.37,0.94,0.2,0.26,13.57,8.44,50,52.66,36.79,62.96,,20.66,3.16,2,4,2,0,4,2,12,High Risk,Poor,25,https://www.valueresearchonline.com/funds/1478/
LIC MF Nifty Next 50 Index Reg,equity,equity,Regular,8.89,17.19,11.37,BSE 100 TRI*,INF397L01174,151935,-0.35,9.89,9.14,6.27,1.28,0.66,0.85,19.93,18.9,50,32.8,18.55,52.61,,20.28,3.37,12,0,4,0,2,4,18,Moderately High Risk,Good,25,https://www.valueresearchonline.com/funds/11500/
Mahindra Manulife Large Cap Reg,equity,equity,Regular,-3.69,7.9,7.41,BSE 100 TRI*,INF174V01697,146551,-0.35,9.89,9.14,-1.31,0.96,0.28,0.37,13.95,9.58,46,45.87,31.31,64.65,,20.11,3.27,4,3,2,0,4,3,13,Moderately High Risk,Average,25,https://www.valueresearchonline.com/funds/39222/
Mirae Asset BSE Sensex ETF,equity,equity,Regular,-4.28,,,BSE 100 TRI*,INF769K01GK6,148529,-0.35,,,,,,,,,30,63.46,44.28,70.31,,21.25,3.05,,,,,,,,,,25,https://www.valueresearchonline.com/funds/43803/
Mirae Asset Diversified Equity Allocator Passive FoF Reg,equity,equity,Regular,2.05,10.86,9.83,BSE 100 TRI*,INF769K01GB5,148502,-0.35,9.89,9.14,0.79,1.03,0.43,0.54,14.9,12.09,,,,,,,,6,3,2,0,3,4,14,Moderately High Risk,Good,3,https://www.valueresearchonline.com/funds/41119/
Mirae Asset Large Cap Reg,equity,equity,Regular,-0.75,8.35,7.28,BSE 100 TRI*,INF769K01101,112932,-0.35,9.89,9.14,-1.11,0.97,0.3,0.37,14.02,9.83,78,47.73,32.13,60.79,,23.24,3.27,4,3,2,0,3,3,12,High Risk,Average,25,https://www.valueresearchonline.com/funds/6762/
Mirae Asset Nifty 100 Low Volatility 30 ETF,equity,equity,Regular,-2.34,10.91,,BSE 500 TRI*,INF769K01CM1,118859,2.44,11.32,,0.7,0.86,0.46,0.59,14.37,12.31,30,36.93,18.87,53.88,,26.93,4.21,6,4,2,0,3,,15,Moderately High Risk,Average,25,https://www.valueresearchonline.com/funds/43284/
Mirae Asset Nifty 50 ETF,equity,equity,Regular,-2.37,8.15,7.85,BSE 100 TRI*,INF769K01FY9,148419,-0.35,9.89,9.14,-1.33,0.95,0.28,0.36,13.6,9.5,50,52.72,36.79,63.07,,19.88,2.97,4,4,2,0,4,,14,Moderately High Risk,Average,25,https://www.valueresearchonline.com/funds/38323/
Mirae Asset Nifty 50 Index Reg,equity,equity,Regular,-3.15,,,BSE 100 TRI*,INF769K01MO6,152974,-0.35,,,,,,,,,50,52.74,36.8,63.1,,20.66,3.16,,,,,,,,,,25,https://www.valueresearchonline.com/funds/44618/
Mirae Asset Nifty Next 50 ETF,equity,equity,Regular,9.45,18.09,12.15,BSE 100 TRI*,INF579M01AN2,151165,-0.35,9.89,9.14,7.04,1.29,0.7,0.9,20.02,19.7,50,32.77,18.54,52.59,,20.15,3.33,12,0,4,0,2,,18,Moderately High Risk,Average,25,https://www.valueresearchonline.com/funds/40538/
Mirae Asset Nifty Top 20 Equal Wght ETF,equity,equity,Regular,,,,BSE 100 TRI*,INF179K01XW8,119131,,,,,,,,,,20,53.39,27.71,71.43,,22.34,3.51,,,,,,,,,,20,https://www.valueresearchonline.com/funds/45679/
Mirae Asset Nifty50 Equal Wght ETF,equity,equity,Regular,3.55,,,BSE 100 TRI*,INF769K01GX9,148623,-0.35,,,,,,,,,50,22.29,11.42,52.66,,18.99,3.29,,,,,,,,,,25,https://www.valueresearchonline.com/funds/45149/
Motilal Oswal Large Cap Reg,equity,equity,Regular,-0.55,,,BSE 100 TRI*,INF247L01CB9,152352,-0.35,,,,,,,,,50,44.44,31.03,65.74,,20.15,2.9,,,,,,,,,,25,https://www.valueresearchonline.com/funds/44062/
Motilal Oswal Nifty 100 ETF,equity,equity,Regular,,,,BSE 100 TRI*,INF247L01247,124234,,,,,,,,,,100,42.98,29.99,58.73,,19.92,3.03,,,,,,,,,,25,https://www.valueresearchonline.com/funds/45555/
Motilal Oswal Nifty 50 ETF,equity,equity,Regular,-2.36,8.15,7.87,BSE 100 TRI*,INF247L01AE7,147794,-0.35,9.89,9.14,-1.33,0.95,0.28,0.36,13.6,9.5,50,52.69,36.77,63.03,,19.89,2.97,4,4,2,0,4,,14,Moderately High Risk,Average,25,https://www.valueresearchonline.com/funds/11348/
Motilal Oswal Nifty 50 Equal Weight ETF,equity,equity,Regular,3.74,,,BSE 100 TRI*,INF846K017C5,149243,-0.35,,,,,,,,,50,22.27,11.41,52.62,,18.99,3.29,,,,,,,,,,25,https://www.valueresearchonline.com/funds/45170/
Motilal Oswal Nifty 50 Index Reg,equity,equity,Regular,-2.85,7.6,7.28,BSE 100 TRI*,INF247L01AF4,147795,-0.35,9.89,9.14,-1.84,0.95,0.24,0.31,13.6,8.98,50,52.7,36.78,63.06,,20.66,3.16,4,4,2,0,4,3,14,Moderately High Risk,Average,25,https://www.valueresearchonline.com/funds/40470/
Motilal Oswal Nifty Next 50 ETF,equity,equity,Regular,9.16,,,BSE 100 TRI*,INF247L01AC1,147796,-0.35,,,,,,,,,50,32.74,18.53,52.55,,20.16,3.33,,,,,,,,,,25,https://www.valueresearchonline.com/funds/45175/
Motilal Oswal Nifty Next 50 Index Reg,equity,equity,Regular,8.3,16.97,11.17,BSE 100 TRI*,INF247L01AD9,147797,-0.35,9.89,9.14,6.08,1.28,0.65,0.84,19.99,18.73,50,32.76,18.53,52.58,,20.28,3.37,12,0,4,0,2,4,18,Moderately High Risk,Good,25,https://www.valueresearchonline.com/funds/40468/
Navi BSE Sensex Index Reg,equity,equity,Regular,-4.95,,,BSE 100 TRI*,INF959L01HJ1,152061,-0.35,,,,,,,,,30,63.23,44.12,70.07,,22.76,3.32,,,,,,,,,,25,https://www.valueresearchonline.com/funds/43744/
Navi Nifty 50 Index Reg,equity,equity,Regular,-2.66,7.79,7.48,BSE 100 TRI*,INF959L01FQ0,149040,-0.35,9.89,9.14,-1.66,0.95,0.26,0.33,13.59,9.16,50,52.69,36.77,63.04,,20.66,3.16,4,4,2,0,4,3,14,Moderately High Risk,Average,25,https://www.valueresearchonline.com/funds/41573/
Navi Nifty Next 50 Index Reg,equity,equity,Regular,8.21,17.02,,BSE 100 TRI*,INF959L01FS6,149448,-0.35,9.89,,6.12,1.28,0.65,0.84,19.98,18.77,50,32.77,18.54,52.6,,20.28,3.37,12,0,4,0,2,4,18,Moderately High Risk,Good,25,https://www.valueresearchonline.com/funds/41936/
Nippon India BSE Sensex Next 30 ETF,equity,equity,Regular,9.91,,,BSE 100 TRI*,INF204KC1FD7,153567,-0.35,,,,,,,,,30,44.47,25.2,59.33,,18.21,3.18,,,,,,,,,,25,https://www.valueresearchonline.com/funds/45190/
Nippon India BSE Sensex Next 30 Index Reg,equity,equity,Regular,9.32,,,BSE 100 TRI*,INF204KC1FA3,153566,-0.35,,,,,,,,,30,44.69,25.32,59.62,,18.24,3.26,,,,,,,,,,25,https://www.valueresearchonline.com/funds/45195/
Nippon India ETF BSE Sensex,equity,equity,Regular,-4.26,6.42,6.9,BSE 100 TRI*,INF204K01K80,118791,-0.35,9.89,9.14,-3.02,0.93,0.15,0.2,13.51,7.74,30,63.48,44.3,70.34,,21.25,3.05,2,4,2,0,4,,12,High Risk,Poor,25,https://www.valueresearchonline.com/funds/28136/
Nippon India ETF BSE Sensex Next 50,equity,equity,Regular,6.47,16.55,14.33,BSE 100 TRI*,INF090I01VZ8,148304,-0.35,9.89,9.14,5.44,1.2,0.67,0.86,17.82,17.66,50,28.66,16.27,55.13,,22.51,3.07,12,0,4,0,2,,18,Moderately High Risk,Average,25,https://www.valueresearchonline.com/funds/40191/
Nippon India ETF Nifty 100,equity,equity,Regular,-0.78,9.31,7.94,BSE 100 TRI*,INF090I01KR8,129008,-0.35,9.89,9.14,-0.42,1,0.35,0.44,14.39,10.72,100,42.91,29.94,58.66,,19.91,3.03,4,3,2,0,3,,12,High Risk,Poor,25,https://www.valueresearchonline.com/funds/18234/
Nippon India ETF Nifty 50 BeES,equity,equity,Regular,-2.36,8.16,7.87,BSE 100 TRI*,INF204KA1U53,134547,-0.35,9.89,9.14,-1.32,0.95,0.28,0.36,13.6,9.51,50,52.7,36.78,63.06,,19.89,2.97,4,4,2,0,4,,14,Moderately High Risk,Average,25,https://www.valueresearchonline.com/funds/1171/
Nippon India ETF Nifty 50 Shariah BeES,equity,equity,Regular,-9.44,1.1,0.08,BSE 500 TRI*,INF090I01VZ8,148304,2.44,11.32,10.45,-7.8,0.85,-0.11,-0.17,16.62,3.79,17,75.58,49.52,73.06,,16.37,3.82,0,5,0,0,3,,8,High Risk,Poor,17,https://www.valueresearchonline.com/funds/10218/
Nippon India ETF Nifty Next 50 Junior BeES,equity,equity,Regular,9.42,18.03,12.12,BSE 100 TRI*,INF204KB1X25,146513,-0.35,9.89,9.14,6.99,1.29,0.7,0.9,20.01,19.65,50,32.75,18.53,52.57,,20.16,3.33,12,0,4,0,2,,18,Moderately High Risk,Average,25,https://www.valueresearchonline.com/funds/1545/
Nippon India Index BSE Sensex Plan,equity,equity,Regular,-4.71,5.89,6.29,BSE 100 TRI*,INF761K01462,111712,-0.35,9.89,9.14,-3.51,0.93,0.11,0.15,13.5,7.24,30,63.47,44.29,70.32,,22.76,3.32,2,4,2,0,4,2,12,High Risk,Poor,25,https://www.valueresearchonline.com/funds/11541/
Nippon India Index-Nifty 50 Plan Reg,equity,equity,Regular,-2.76,7.64,7.18,BSE 100 TRI*,INF204KC1DV4,153061,-0.35,9.89,9.14,-1.8,0.94,0.24,0.32,13.57,9.01,50,52.71,36.79,63.07,,20.66,3.16,4,4,2,0,4,2,14,Moderately High Risk,Poor,25,https://www.valueresearchonline.com/funds/11536/
Nippon India Large Cap Reg,equity,equity,Regular,-1.9,10.9,12.81,BSE 100 TRI*,INF955L01IY6,154684,-0.35,9.89,9.14,1.34,0.95,0.47,0.58,13.87,12.19,64,45.12,28.87,60.47,,24.26,3.61,6,4,2,0,4,5,16,Moderately High Risk,Excellent,25,https://www.valueresearchonline.com/funds/5270/
Nippon India Nifty Next 50 Junior BeES FoF Reg,equity,equity,Regular,9.35,17.72,11.8,BSE 100 TRI*,INF767K01535,105823,-0.35,9.89,9.14,6.49,1.27,0.68,0.88,19.79,19.06,,,,,,,,12,0,4,0,2,5,18,Moderately High Risk,Excellent,1,https://www.valueresearchonline.com/funds/39155/
PGIM India Large Cap Reg,equity,equity,Regular,-2.93,6.64,5.56,BSE 100 TRI*,INF200K01180,103504,-0.35,9.89,9.14,-2.62,0.97,0.19,0.24,14.06,8.32,57,45.61,30.47,61.93,,24.09,3.53,2,3,2,0,3,1,10,High Risk,Poor,25,https://www.valueresearchonline.com/funds/1513/
Parag Parikh Large Cap Reg,equity,equity,Regular,,,,BSE 100 TRI*,INF879O01365,154154,,,,,,,,,,106,42.79,29.86,58.56,,19.89,3.02,,,,,,,,,,25,https://www.valueresearchonline.com/funds/45773/
Quant Focused Reg,equity,equity,Regular,11.35,12.46,11.9,BSE 500 TRI*,INF966L01374,109275,2.44,11.32,10.45,0.54,1.16,0.45,0.63,19.09,14.27,15,73.31,46.45,57.42,,34.44,4.33,6,0,2,0,2,3,10,High Risk,Average,13,https://www.valueresearchonline.com/funds/8216/
Quant Large Cap Reg,equity,equity,Regular,7.67,12.33,,BSE 100 TRI*,INF966L01AW4,150441,-0.35,9.89,,2.28,1.12,0.47,0.69,17.62,14.06,19,68.68,40.95,64.56,,34.23,4.65,8,2,2,0,2,3,14,Moderately High Risk,Average,13,https://www.valueresearchonline.com/funds/42365/
Quantum Nifty 50 ETF,equity,equity,Regular,-2.42,8.09,7.82,BSE 100 TRI*,INF082J01416,150389,-0.35,9.89,9.14,-1.38,0.95,0.28,0.36,13.59,9.44,50,52.8,36.86,63.13,,19.88,2.97,4,4,2,0,4,,14,Moderately High Risk,Average,25,https://www.valueresearchonline.com/funds/7834/
Quantum Nifty 50 ETF FoF Reg,equity,equity,Regular,-2.37,8.02,,BSE 100 TRI*,INF082J01424,150389,-0.35,9.89,,-1.63,0.93,0.26,0.33,13.39,9.12,,,,,,,,4,4,2,0,4,3,14,Moderately High Risk,Average,1,https://www.valueresearchonline.com/funds/42345/
SBI BSE 100 ETF,equity,equity,Regular,-0.28,9.66,9.02,BSE 100 TRI*,INF200K01V08,125503,-0.35,9.89,9.14,-0.17,1,0.37,0.47,14.3,10.94,100,41.73,29.12,60.06,,20.39,3,4,3,2,0,3,,12,High Risk,Poor,25,https://www.valueresearchonline.com/funds/29714/
SBI BSE Sensex ETF,equity,equity,Regular,-4.26,6.4,6.87,BSE 100 TRI*,INF200K01V08,125503,-0.35,9.89,9.14,-3.03,0.93,0.15,0.2,13.52,7.72,30,63.48,44.3,70.33,,21.25,3.05,2,4,2,0,4,,12,High Risk,Poor,25,https://www.valueresearchonline.com/funds/18077/
SBI BSE Sensex Index Reg,equity,equity,Regular,-4.73,5.91,,BSE 100 TRI*,INF200KA13Y1,151765,-0.35,9.89,,-3.5,0.93,0.12,0.15,13.5,7.25,30,63.44,44.27,70.28,,22.76,3.32,2,4,2,0,4,1,12,High Risk,Poor,25,https://www.valueresearchonline.com/funds/43524/
SBI BSE Sensex Next 50 ETF,equity,equity,Regular,6.57,16.7,14.53,BSE 100 TRI*,INF200K01SK7,120137,-0.35,9.89,9.14,5.55,1.21,0.68,0.87,17.86,17.79,50,28.69,16.29,55.15,,22.52,3.07,12,0,4,0,2,,18,Moderately High Risk,Average,25,https://www.valueresearchonline.com/funds/37639/
SBI Large Cap Reg,equity,equity,Regular,0.79,9.2,8.89,BSE 100 TRI*,INF200K01180,103504,-0.35,9.89,9.14,-0.22,0.93,0.35,0.45,13.6,10.51,51,47.56,31.04,59.95,,26.46,3.7,4,4,2,0,4,3,14,Moderately High Risk,Average,25,https://www.valueresearchonline.com/funds/3083/
SBI Nifty 50 ETF,equity,equity,Regular,-2.37,8.15,7.85,BSE 100 TRI*,INF200K01V08,154523,-0.35,9.89,9.14,-1.33,0.95,0.28,0.36,13.6,9.49,50,52.7,36.78,63.06,,19.89,2.97,4,4,2,0,4,,14,Moderately High Risk,Average,25,https://www.valueresearchonline.com/funds/30710/
SBI Nifty 50 Equal Weight ETF,equity,equity,Regular,3.61,,,BSE 100 TRI*,INF200K01SH3,119707,-0.35,,,,,,,,,50,22.28,11.41,52.62,,18.99,3.29,,,,,,,,,,25,https://www.valueresearchonline.com/funds/44433/
SBI Nifty Index Reg,equity,equity,Regular,-2.79,7.66,7.34,BSE 100 TRI*,INF200KB1530,153253,-0.35,9.89,9.14,-1.78,0.95,0.25,0.32,13.6,9.04,50,52.68,36.76,63.28,,20.66,3.16,4,4,2,0,4,3,14,Moderately High Risk,Average,25,https://www.valueresearchonline.com/funds/1164/
SBI Nifty Next 50 ETF,equity,equity,Regular,9.46,18.1,12.16,BSE 100 TRI*,INF200K01SV4,119798,-0.35,9.89,9.14,7.04,1.29,0.7,0.9,20.03,19.71,50,32.75,18.53,52.57,,20.16,3.33,12,0,4,0,2,,18,Moderately High Risk,Average,25,https://www.valueresearchonline.com/funds/29715/
SBI Nifty Next 50 Index Reg,equity,equity,Regular,8.74,17.3,11.41,BSE 100 TRI*,INF200KA1V76,148943,-0.35,9.89,9.14,6.36,1.29,0.67,0.86,20.01,19.02,50,32.78,18.55,52.62,,20.28,3.37,12,0,4,0,2,5,18,Moderately High Risk,Excellent,25,https://www.valueresearchonline.com/funds/41490/
SBI Nifty100 Low Volatility 30 Index Reg,equity,equity,Regular,-2.8,,,BSE 500 TRI*,INF200KB1902,153716,2.44,,,,,,,,,30,36.89,18.86,53.82,,22.62,3.37,,,,,,,,,,25,https://www.valueresearchonline.com/funds/45359/
SBI Nifty50 Equal Weight Index Reg,equity,equity,Regular,2.92,,,BSE 100 TRI*,INF200KA18Z7,152372,-0.35,,,,,,,,,50,22.28,11.41,52.65,,20.66,3.16,,,,,,,,,,25,https://www.valueresearchonline.com/funds/44073/
Samco Large Cap Reg,equity,equity,Regular,-7.42,,,BSE 100 TRI*,INF0K1H01263,153238,-0.35,,,,,,,,,47,42.15,23.69,62.42,,20.15,4.12,,,,,,,,,,25,https://www.valueresearchonline.com/funds/45016/
Sundaram Large Cap Reg,equity,equity,Regular,-1.03,7.12,6.82,BSE 100 TRI*,INF903J016H9,134356,-0.35,9.89,9.14,-1.8,0.87,0.23,0.29,12.63,8.61,38,50.37,31,70.84,,23.85,3.39,4,4,2,0,4,2,14,Moderately High Risk,Poor,25,https://www.valueresearchonline.com/funds/41102/
Sundaram Nifty 100 Equal Weight Reg,equity,equity,Regular,5.97,14.31,10.99,BSE 100 TRI*,INF903J016H9,134356,-0.35,9.89,9.14,4.05,1.1,0.61,0.79,16.46,15.74,100,11.52,5.96,49.41,,20.55,3.22,10,2,4,0,3,4,19,Moderately High Risk,Good,25,https://www.valueresearchonline.com/funds/637/
Tata BSE Sensex Index Reg,equity,equity,Regular,-4.8,5.78,6.23,BSE 100 TRI*,INF767K01139,101199,-0.35,9.89,9.14,-3.62,0.93,0.11,0.14,13.5,7.12,30,63.46,44.28,70.31,,22.76,3.32,2,4,2,0,4,1,12,High Risk,Poor,25,https://www.valueresearchonline.com/funds/1551/
Tata Large Cap Reg,equity,equity,Regular,2.44,10.24,9.05,BSE 100 TRI*,INF277K01931,100475,-0.35,9.89,9.14,0.48,1.01,0.41,0.51,14.61,11.63,44,43.69,29.32,61.73,,24,3.53,6,3,2,0,3,3,14,Moderately High Risk,Average,25,https://www.valueresearchonline.com/funds/509/
Tata Nifty 50 ETF,equity,equity,Regular,-2.42,8.09,7.82,BSE 100 TRI*,INF277KA1224,149361,-0.35,9.89,9.14,-1.38,0.95,0.28,0.36,13.6,9.44,50,52.63,36.72,63,,19.89,2.97,4,4,2,0,4,,14,Moderately High Risk,Average,25,https://www.valueresearchonline.com/funds/38578/
Tata Nifty 50 Index Reg,equity,equity,Regular,-2.93,7.52,7.26,BSE 100 TRI*,INF277KA1EG7,153855,-0.35,9.89,9.14,-1.92,0.95,0.24,0.31,13.6,8.91,50,52.69,36.77,63.08,,20.66,3.16,4,4,2,0,4,2,14,Moderately High Risk,Poor,25,https://www.valueresearchonline.com/funds/1550/
Tata Nifty Next 50 Index Reg,equity,equity,Regular,,,,BSE 100 TRI*,INF277KA1EG7,153855,,,,,,,,,,50,32.74,18.53,52.53,,20.28,3.37,,,,,,,,,,25,https://www.valueresearchonline.com/funds/45492/
Taurus Large Cap Reg,equity,equity,Regular,8.93,13.51,10.46,BSE 100 TRI*,INF044D01773,101209,-0.35,9.89,9.14,3.66,0.98,0.6,0.85,15.03,14.65,40,53.38,33.29,60.28,,21.09,3.3,10,3,4,0,3,4,20,Moderate Risk,Good,25,https://www.valueresearchonline.com/funds/43/
Taurus Nifty 50 Index Reg,equity,equity,Regular,-3.45,6.91,6.66,BSE 100 TRI*,INF044D01948,112948,-0.35,9.89,9.14,-2.48,0.94,0.19,0.25,13.46,8.29,50,52.14,36.39,62.42,,20.66,3.16,2,4,2,0,4,2,12,High Risk,Poor,25,https://www.valueresearchonline.com/funds/11215/
UTI BSE Sensex ETF,equity,equity,Regular,-4.24,6.41,6.88,BSE 100 TRI*,INF789F015Z6,126940,-0.35,9.89,9.14,-3.02,0.93,0.15,0.2,13.52,7.73,30,63.48,44.3,70.34,,21.25,3.05,2,4,2,0,4,,12,High Risk,Poor,25,https://www.valueresearchonline.com/funds/30885/
UTI BSE Sensex Index Reg,equity,equity,Regular,-4.5,6.11,,BSE 100 TRI*,INF767K01139,101199,-0.35,9.89,,-3.31,0.93,0.13,0.17,13.51,7.44,30,63.46,44.28,70.31,,22.76,3.32,2,4,2,0,4,1,12,High Risk,Poor,25,https://www.valueresearchonline.com/funds/42037/
UTI BSE Sensex Next 50 ETF,equity,equity,Regular,6.59,16.73,14.56,BSE 100 TRI*,INF789F1APF4,148086,-0.35,9.89,9.14,5.59,1.21,0.68,0.87,17.85,17.82,50,28.67,16.28,55.12,,22.51,3.07,12,0,4,0,2,,18,Moderately High Risk,Average,25,https://www.valueresearchonline.com/funds/39221/
UTI Large Cap Reg,equity,equity,Regular,-2.69,7.54,6.44,BSE 100 TRI*,INF789F01976,100651,-0.35,9.89,9.14,-1.91,0.93,0.23,0.29,13.52,8.84,63,50.1,32.22,65.07,,20.45,3.24,4,4,2,0,4,2,14,Moderately High Risk,Poor,25,https://www.valueresearchonline.com/funds/22/
UTI NIFTY50 Equal Wght Index Reg,equity,equity,Regular,3.11,11.99,,BSE 100 TRI*,INF789F1AYQ3,151761,-0.35,9.89,,2.49,0.98,0.54,0.66,14.49,13.5,50,22.38,11.46,52.87,,20.66,3.16,8,3,2,0,3,4,16,Moderately High Risk,Good,25,https://www.valueresearchonline.com/funds/43522/
UTI Nifty 50 ETF,equity,equity,Regular,-2.35,8.16,7.86,BSE 100 TRI*,INF789F015Z6,126940,-0.35,9.89,9.14,-1.32,0.95,0.28,0.36,13.6,9.51,50,52.72,36.78,63.07,,19.88,2.97,4,4,2,0,4,,14,Moderately High Risk,Average,25,https://www.valueresearchonline.com/funds/30886/
UTI Nifty 50 Index Reg,equity,equity,Regular,-2.62,7.84,7.55,BSE 100 TRI*,INF789F01JN2,100822,-0.35,9.89,9.14,-1.61,0.95,0.26,0.34,13.6,9.21,50,52.74,36.8,63.09,,20.66,3.16,4,4,2,0,4,3,14,Moderately High Risk,Average,25,https://www.valueresearchonline.com/funds/757/
UTI Nifty Next 50 ETF,equity,equity,Regular,9.47,18.15,12.22,BSE 100 TRI*,INF789F1APF4,148086,-0.35,9.89,9.14,7.09,1.29,0.7,0.91,20.02,19.76,50,32.76,18.54,52.58,,20.15,3.33,12,0,4,0,2,,18,Moderately High Risk,Average,25,https://www.valueresearchonline.com/funds/34503/
UTI Nifty Next 50 Index Reg,equity,equity,Regular,8.71,17.32,11.43,BSE 100 TRI*,INF789FC11T3,143340,-0.35,9.89,9.14,6.37,1.28,0.67,0.86,20,19.03,50,32.77,18.54,52.59,,20.28,3.37,12,0,4,0,2,5,18,Moderately High Risk,Excellent,25,https://www.valueresearchonline.com/funds/36490/
Union Largecap Reg,equity,equity,Regular,-0.86,7.82,7.01,BSE 100 TRI*,INF582M01CQ5,141247,-0.35,9.89,9.14,-1.47,0.92,0.26,0.31,13.56,9.23,52,46.46,30.75,58.69,,26.01,3.58,4,4,2,0,4,3,14,Moderately High Risk,Average,25,https://www.valueresearchonline.com/funds/34080/
WhiteOak Capital Large Cap Reg,equity,equity,Regular,1.4,12.4,,BSE 100 TRI*,INF03VN01662,150799,-0.35,9.89,,2.67,0.93,0.57,0.73,13.5,13.4,68,45.98,30.89,62.17,,24.75,3.41,8,4,2,0,4,4,18,Moderately High Risk,Good,25,https://www.valueresearchonline.com/funds/42711/
Zerodha Nifty 100 ETF,equity,equity,Regular,-0.32,,,BSE 100 TRI*,INF579M01AN2,151165,-0.35,,,,,,,,,100,42.98,29.99,58.73,,19.93,3.03,,,,,,,,,,25,https://www.valueresearchonline.com/funds/44358/
Zerodha Nifty 50 ETF,equity,equity,Regular,,,,BSE 100 TRI*,INF579M01AN2,151165,,,,,,,,,,50,52.72,36.8,63.06,,19.88,2.97,,,,,,,,,,25,https://www.valueresearchonline.com/funds/45534/
ABSL Mid Cap Reg,equity,equity,Regular,10.43,15.12,13.89,BSE 150 MidCap TRI*,INF209KB1Y23,148918,8.64,16.1,16.21,-0.61,0.97,0.61,0.88,17.87,16.51,78,27.36,15.3,60.23,,34.48,4.91,4,3,4,0,2,3,13,Moderately High Risk,Average,25,https://www.valueresearchonline.com/funds/1439/
ABSL Nifty Midcap 150 Index Reg,equity,equity,Regular,9.14,15.43,15.93,BSE 150 MidCap TRI*,INF209KB1W41,148805,8.64,16.1,16.21,-0.43,1,0.64,0.83,17.96,17.1,150,18.01,10.69,55.5,,25.4,3.97,4,3,4,0,2,3,13,Moderately High Risk,Average,25,https://www.valueresearchonline.com/funds/41383/
Axis Midcap Reg,equity,equity,Regular,8.4,15.88,12.41,BSE 150 MidCap TRI*,INF846K01859,114564,8.64,16.1,16.21,0.92,0.86,0.68,0.87,16.15,16.73,83,25.69,15.3,51.83,,43.03,5.71,6,4,4,0,3,2,17,Moderately High Risk,Poor,25,https://www.valueresearchonline.com/funds/12052/
Axis Nifty Midcap 50 Index Reg,equity,equity,Regular,12.15,16.21,,BSE 150 MidCap TRI*,INF846K012I3,149938,8.64,16.1,,0.26,1.01,0.66,0.89,18.37,17.87,50,32.38,19.23,56.7,,36.23,4.07,6,3,4,0,2,3,15,Moderately High Risk,Average,25,https://www.valueresearchonline.com/funds/42156/
Bandhan Midcap Reg,equity,equity,Regular,10.59,16.93,,BSE 150 MidCap TRI*,INF194KB1DM6,150402,8.64,16.1,,0.88,0.98,0.67,0.84,18.56,18.13,88,26.66,15.29,50.77,,46.8,6.61,6,3,4,0,2,3,15,Moderately High Risk,Average,25,https://www.valueresearchonline.com/funds/42340/
Bandhan Nifty Midcap 150 Index Reg,equity,equity,Regular,8.85,,,BSE 150 MidCap TRI*,INF194KB1IU8,152856,8.64,,,,,,,,,150,18,10.69,55.49,,25.4,3.97,,,,,,,,,,25,https://www.valueresearchonline.com/funds/44530/
Bank of India Mid Cap Reg,equity,equity,Regular,6.13,,,BSE 150 MidCap TRI*,INF761K01HB0,153726,8.64,,,,,,,,,53,35.59,21.57,58.96,,30.85,4.77,,,,,,,,,,25,https://www.valueresearchonline.com/funds/45383/
Baroda BNP Paribas Midcap Reg,equity,equity,Regular,11.56,16.21,14.32,BSE 150 MidCap TRI*,INF251K01AW3,150209,8.64,16.1,16.21,1.34,0.85,0.74,0.9,15.39,17.06,71,22.86,13.12,58.48,,28.04,4.38,6,5,4,0,3,3,18,Moderately High Risk,Average,25,https://www.valueresearchonline.com/funds/3259/
Baroda BNP Paribas Nifty Midcap 150 Index Reg,equity,equity,Regular,8.64,,,BSE 150 MidCap TRI*,INF251K01UB5,153001,8.64,,,,,,,,,150,17.9,10.57,55.21,,25.4,3.97,,,,,,,,,,25,https://www.valueresearchonline.com/funds/44650/
Canara Robeco Mid Cap Reg,equity,equity,Regular,7.22,16.17,,BSE 150 MidCap TRI*,INF760K01KL5,150816,8.64,16.1,,0.58,0.93,0.67,0.91,17.2,17.28,58,24.57,12.91,53.8,,40.03,4.57,6,4,4,0,2,3,16,Moderately High Risk,Average,25,https://www.valueresearchonline.com/funds/42703/
DSP Midcap Reg,equity,equity,Regular,6.68,13.91,11.27,BSE 150 MidCap TRI*,INF740K01128,104481,8.64,16.1,16.21,-1.5,0.96,0.55,0.72,17.78,15.5,64,27.72,15.03,53.16,,31.85,4.03,4,3,2,0,2,2,11,High Risk,Poor,25,https://www.valueresearchonline.com/funds/3725/
DSP Nifty Midcap 150 ETF,equity,equity,Regular,,,,BSE 150 MidCap TRI*,INF579M01AN2,151165,,,,,,,,,,150,17.98,10.67,55.5,,29.44,3.79,,,,,,,,,,25,https://www.valueresearchonline.com/funds/45652/
DSP Nifty Midcap 150 Index Reg,equity,equity,Regular,,,,BSE 150 MidCap TRI*,INF740KA1WY1,154012,,,,,,,,,,150,18.11,10.75,55.81,,25.4,3.97,,,,,,,,,,25,https://www.valueresearchonline.com/funds/45648/
DSP Nifty Midcap 150 Quality 50 ETF,equity,equity,Regular,0.51,9.11,,BSE 500 TRI*,INF740KA1RB9,150428,2.44,11.32,,-1.84,1.05,0.32,0.43,17.01,11.1,50,35.16,21.31,52.11,,31.81,6.17,4,3,2,0,2,,11,High Risk,Poor,25,https://www.valueresearchonline.com/funds/41902/
DSP Nifty Midcap 150 Quality 50 Index Reg,equity,equity,Regular,-0.13,8.43,,BSE 500 TRI*,INF740KA1QY3,150427,2.44,11.32,,-2.47,1.05,0.28,0.38,17,10.46,50,35.16,21.31,52.11,,30.23,5.83,2,3,2,0,3,,10,High Risk,Poor,25,https://www.valueresearchonline.com/funds/42314/
Edelweiss Mid Cap Reg,equity,equity,Regular,9.51,20.15,17.64,BSE 150 MidCap TRI*,INF843K01013,140225,8.64,16.1,16.21,3.84,0.96,0.86,1.08,17.63,20.87,94,22.62,12.93,57.44,,31.82,4.57,10,3,6,2,2,4,23,Moderate Risk,Good,25,https://www.valueresearchonline.com/funds/6227/
Edelweiss Nifty Midcap150 Momentum 50 Index Reg,equity,equity,Regular,5.01,14.87,,BSE 500 TRI*,INF754K01PZ7,150900,2.44,11.32,,3.65,1.17,0.59,0.77,19.93,17.43,50,43.5,24.94,68.77,,23.45,4.25,10,0,2,0,2,,14,Moderately High Risk,Average,25,https://www.valueresearchonline.com/funds/42810/
Franklin India Mid Cap Reg,equity,equity,Regular,4.38,15.54,13.53,BSE 150 MidCap TRI*,INF955L01IY6,154684,8.64,16.1,16.21,-0.1,0.94,0.64,0.83,17.05,16.62,75,23.47,13.24,59.46,,33.99,3.91,4,4,4,0,2,3,14,Moderately High Risk,Average,25,https://www.valueresearchonline.com/funds/115/
Groww Nifty Midcap 150 ETF,equity,equity,Regular,,,,BSE 150 MidCap TRI*,INF666M01MP7,153939,,,,,,,,,,150,18.01,10.69,55.41,,29.42,3.78,,,,,,,,,,25,https://www.valueresearchonline.com/funds/45580/
Groww Nifty Midcap 150 Index Reg,equity,equity,Regular,,,,BSE 150 MidCap TRI*,INF666M01MS1,153953,,,,,,,,,,150,18.01,10.7,55.46,,25.4,3.97,,,,,,,,,,25,https://www.valueresearchonline.com/funds/45576/
HDFC Mid Cap Reg,equity,equity,Regular,10.03,17.58,18.96,BSE 150 MidCap TRI*,INF767K01535,105823,8.64,16.1,16.21,2.57,0.84,0.81,0.97,15.33,18.16,79,32.18,18.42,54.7,,28.83,3.48,8,5,6,0,3,5,22,Moderate Risk,Excellent,25,https://www.valueresearchonline.com/funds/5067/
HDFC NIFTY Midcap 150 ETF,equity,equity,Regular,9.91,16.16,,BSE 150 MidCap TRI*,INF179KC1GC8,151724,8.64,16.1,,0.22,1,0.67,0.87,17.94,17.73,150,18,10.69,55.51,,29.44,3.79,6,3,4,0,2,,15,Moderately High Risk,Average,25,https://www.valueresearchonline.com/funds/43115/
HDFC NIFTY Midcap 150 Index Reg,equity,equity,Regular,9.17,15.24,,BSE 150 MidCap TRI*,INF209KB1W41,148805,8.64,16.1,,-0.56,1,0.63,0.82,17.88,16.91,150,18,10.69,55.51,,25.4,3.97,4,3,4,0,2,3,13,Moderately High Risk,Average,25,https://www.valueresearchonline.com/funds/43474/
HSBC Midcap Reg,equity,equity,Regular,22,23.81,18.07,BSE 150 MidCap TRI*,INF917K01254,151034,8.64,16.1,16.21,6.63,1.04,0.94,1.13,20.02,24.6,79,36.17,20.38,69.62,,41.72,5.17,12,3,6,2,2,5,25,Moderate Risk,Excellent,25,https://www.valueresearchonline.com/funds/2333/
Helios Mid Cap Reg,equity,equity,Regular,13.77,,,BSE 150 MidCap TRI*,INF0R8701293,153327,8.64,,,,,,,,,68,27.35,14.41,67.5,,44.79,5.72,,,,,,,,,,25,https://www.valueresearchonline.com/funds/44985/
ICICI Pru BSE Midcap Select ETF,equity,equity,Regular,14.68,18.51,14.06,BSE 150 MidCap TRI*,INF109K016L0,120586,8.64,16.1,16.21,1.51,1.04,0.72,0.91,19.17,19.48,30,44.44,23.8,66.56,,39.84,4.21,8,3,4,0,2,,17,Moderately High Risk,Average,25,https://www.valueresearchonline.com/funds/32594/
ICICI Pru Midcap,equity,equity,Regular,17.49,21.38,17.36,BSE 150 MidCap TRI*,INF769K01101,112932,8.64,16.1,16.21,4.82,1.01,0.9,1.3,18.58,22.39,77,38.07,22.54,66.83,,35.19,4.26,10,3,6,2,2,4,23,Moderate Risk,Good,25,https://www.valueresearchonline.com/funds/2439/
ICICI Pru Nifty Midcap 150 ETF,equity,equity,Regular,10.12,16.28,16.8,BSE 150 MidCap TRI*,INF109KC1W58,149389,8.64,16.1,16.21,0.33,1,0.68,0.88,17.95,17.85,150,18.01,10.69,55.51,,29.46,3.79,6,3,4,0,2,,15,Moderately High Risk,Average,25,https://www.valueresearchonline.com/funds/40555/
ICICI Pru Nifty Midcap 150 Index,equity,equity,Regular,9.09,15.17,,BSE 150 MidCap TRI*,INF846K01859,114564,8.64,16.1,,-0.62,1,0.62,0.81,17.89,16.86,150,18.02,10.7,55.55,,25.4,3.97,4,3,4,0,2,3,13,Moderately High Risk,Average,25,https://www.valueresearchonline.com/funds/41891/
ITI Mid Cap Reg,equity,equity,Regular,13.8,19.08,14.87,BSE 150 MidCap TRI*,INF00XX01895,148732,8.64,16.1,16.21,2.47,1.03,0.78,0.99,18.84,20.34,90,19.55,11.17,56.55,,31.63,4.19,8,3,4,0,2,3,17,Moderately High Risk,Average,25,https://www.valueresearchonline.com/funds/41317/
Invesco India Mid cap Reg,equity,equity,Regular,11.1,22.85,18.99,BSE 150 MidCap TRI*,INF205K01BC9,105503,8.64,16.1,16.21,5.55,1.03,0.91,1.12,19.52,23.42,41,48.93,28.8,63.18,,48.31,4.95,12,3,6,2,2,4,25,Moderate Risk,Good,25,https://www.valueresearchonline.com/funds/4280/
JM Midcap Reg,equity,equity,Regular,11.6,17.57,,BSE 150 MidCap TRI*,INF192K01MS2,150812,8.64,16.1,,1.35,1,0.7,1.03,18.88,18.9,68,28.85,15.66,57.02,,36.36,4.57,6,3,4,2,2,4,17,Moderately High Risk,Good,25,https://www.valueresearchonline.com/funds/42729/
Kotak Midcap Reg,equity,equity,Regular,7.92,17.13,15.83,BSE 150 MidCap TRI*,INF174K01187,103234,8.64,16.1,16.21,1.41,0.95,0.71,0.88,17.76,18.25,71,28.76,16.1,56.26,,30.71,4.25,6,4,4,0,2,4,16,Moderately High Risk,Good,25,https://www.valueresearchonline.com/funds/4270/
Kotak Nifty Midcap 150 ETF,equity,equity,Regular,10.03,,,BSE 150 MidCap TRI*,INF174K01KM7,119757,8.64,,,,,,,,,150,18,10.69,55.45,,29.45,3.79,,,,,,,,,,25,https://www.valueresearchonline.com/funds/45037/
Kotak Nifty Midcap 150 Index Reg,equity,equity,Regular,9.13,,,BSE 150 MidCap TRI*,INF174KA1VT8,153399,8.64,,,,,,,,,150,18.02,10.7,55.53,,25.4,3.97,,,,,,,,,,25,https://www.valueresearchonline.com/funds/45038/
Kotak Nifty Midcap 150 Momentum 50 Index Reg,equity,equity,Regular,5.01,,,BSE 500 TRI*,INF174KA1TP0,152918,2.44,,,,,,,,,50,43.49,24.94,68.76,,23.45,4.25,,,,,,,,,,25,https://www.valueresearchonline.com/funds/44571/
Kotak Nifty Midcap 50 ETF,equity,equity,Regular,13.23,17.41,,BSE 150 MidCap TRI*,INF174KA1SR8,152767,8.64,16.1,,1.28,1.01,0.72,0.97,18.42,18.93,50,32.35,19.21,56.65,,34.6,3.83,6,3,4,0,2,,15,Moderately High Risk,Average,25,https://www.valueresearchonline.com/funds/41983/
Kotak Nifty Midcap 50 Index Reg,equity,equity,Regular,12.24,,,BSE 150 MidCap TRI*,INF174KA1SO5,152765,8.64,,,,,,,,,50,32.38,19.23,56.68,,36.23,4.07,,,,,,,,,,25,https://www.valueresearchonline.com/funds/44444/
LIC MF Midcap Reg,equity,equity,Regular,9.5,16.03,12.65,BSE 150 MidCap TRI*,INF767K01535,105823,8.64,16.1,16.21,-0.44,1.03,0.62,0.83,18.92,17.4,52,30.38,17.15,59.49,,43.34,5.31,4,3,4,0,2,2,13,Moderately High Risk,Poor,25,https://www.valueresearchonline.com/funds/33331/
LIC MF Nifty Midcap 100 ETF,equity,equity,Regular,11.11,,,BSE 150 MidCap TRI*,INF767K01EW0,120279,8.64,,,,,,,,,100,21.98,13.07,57.55,,29.71,3.77,,,,,,,,,,25,https://www.valueresearchonline.com/funds/44166/
Mahindra Manulife Mid Cap Reg,equity,equity,Regular,13.25,17.43,17.16,BSE 150 MidCap TRI*,INF174V01473,142109,8.64,16.1,16.21,1.74,0.95,0.75,1.01,17.19,18.63,55,26.81,14.98,65.22,,33.88,3.71,8,4,4,2,2,4,20,Moderate Risk,Good,25,https://www.valueresearchonline.com/funds/34954/
Mirae Asset Midcap Reg,equity,equity,Regular,12.31,15.74,14.86,BSE 150 MidCap TRI*,INF769K01KH4,151812,8.64,16.1,16.21,-0.37,1,0.63,0.79,18.03,17.07,66,31.41,17.04,54.19,,35.24,3.8,4,3,4,0,2,3,13,Moderately High Risk,Average,25,https://www.valueresearchonline.com/funds/40046/
Mirae Asset Nifty MidSmallcap400 Mom Qlty 100 ETF FoF Reg,equity,equity,Regular,7.35,,,BSE 500 TRI*,INF769K01LK6,152647,2.44,,,,,,,,,,,,,,,,,,,,,,,,,1,https://www.valueresearchonline.com/funds/44303/
Mirae Asset Nifty MidSmallcap400 Momentum Quality 100 ETF,equity,equity,Regular,8.06,,,BSE 500 TRI*,INF769K01LN0,152647,2.44,,,,,,,,,100,32.35,19.66,62,,29.7,5.34,,,,,,,,,,25,https://www.valueresearchonline.com/funds/44302/
Mirae Asset Nifty Midcap 150 ETF,equity,equity,Regular,10.14,16.33,,BSE 150 MidCap TRI*,INF846K01EH3,120505,8.64,16.1,,0.37,1,0.68,0.89,17.94,17.89,150,18.01,10.69,55.51,,29.46,3.79,6,3,4,0,2,,15,Moderately High Risk,Average,25,https://www.valueresearchonline.com/funds/42146/
Motilal Oswal Midcap Reg,equity,equity,Regular,-0.16,17.71,21.12,BSE 150 MidCap TRI*,INF247L01411,127039,8.64,16.1,16.21,2.87,0.97,0.7,0.93,20.53,20.06,30,54.97,34.1,68.53,,46.41,5.51,8,3,4,0,2,3,17,Moderately High Risk,Average,25,https://www.valueresearchonline.com/funds/24078/
Motilal Oswal Nifty Midcap 100 ETF,equity,equity,Regular,11.28,17.13,17.4,BSE 150 MidCap TRI*,INF846K01EH3,120505,8.64,16.1,16.21,0.93,1.03,0.71,0.95,18.62,18.83,100,21.95,13.03,57.42,,29.77,3.76,6,3,4,0,2,,15,Moderately High Risk,Average,25,https://www.valueresearchonline.com/funds/12012/
Motilal Oswal Nifty Midcap 150 Reg,equity,equity,Regular,9.1,15.35,15.88,BSE 150 MidCap TRI*,INF955L01IY6,154684,8.64,16.1,16.21,-0.48,1,0.63,0.82,17.94,17.03,150,18.01,10.7,55.54,,25.4,3.97,4,3,4,0,2,3,13,Moderately High Risk,Average,25,https://www.valueresearchonline.com/funds/40241/
Motilal Oswal Nifty Midcap150 Momentum 50 ETF,equity,equity,Regular,5.32,,,BSE 500 TRI*,INF247L01734,145834,2.44,,,,,,,,,50,43.51,24.94,68.79,,27.08,4.34,,,,,,,,,,25,https://www.valueresearchonline.com/funds/45331/
Navi Nifty MidSmallcap 400 Index Reg,equity,equity,Regular,,,,BSE 150 MidCap TRI*,INF959L01HS2,154026,,,,,,,,,,400,11.82,7.02,55.1,,27.53,3.78,,,,,,,,,,25,https://www.valueresearchonline.com/funds/45653/
Navi Nifty Midcap 150 Index Reg,equity,equity,Regular,8.83,14.95,,BSE 150 MidCap TRI*,INF959L01FY4,149893,8.64,16.1,,-0.81,1,0.61,0.8,17.87,16.66,150,17.97,10.67,55.4,,25.4,3.97,4,3,4,0,2,3,13,Moderately High Risk,Average,25,https://www.valueresearchonline.com/funds/42120/
Nippon India ETF Nifty Midcap 150,equity,equity,Regular,10.01,16.18,16.76,BSE 150 MidCap TRI*,INF204KB18Z7,148726,8.64,16.1,16.21,0.25,1,0.67,0.88,17.92,17.75,149,18.09,10.74,55.27,,29.4,3.78,6,3,4,0,2,,15,Moderately High Risk,Average,25,https://www.valueresearchonline.com/funds/38950/
Nippon India Growth Mid Cap Inst,equity,equity,Regular,11.13,16.28,16.75,BSE 150 MidCap TRI*,INF761K01462,111712,8.64,16.1,16.21,1.05,0.92,0.69,0.9,17.18,17.59,101,25.04,13.54,61.47,,29.53,3.97,6,4,4,0,2,,16,Moderately High Risk,Average,25,https://www.valueresearchonline.com/funds/5580/
Nippon India Growth Mid Cap Reg,equity,equity,Regular,10.01,18.2,17.75,BSE 150 MidCap TRI*,INF955L01IY6,154684,8.64,16.1,16.21,2.19,0.97,0.77,1.02,17.76,19.35,101,25.04,13.54,61.47,,29.53,3.97,8,3,4,2,2,5,19,Moderately High Risk,Excellent,25,https://www.valueresearchonline.com/funds/183/
Nippon India Nifty Midcap150 Reg,equity,equity,Regular,9.33,15.41,15.91,BSE 150 MidCap TRI*,INF204KB15Z3,148723,8.64,16.1,16.21,-0.42,1,0.64,0.83,17.91,17.08,149,18.11,10.75,55.32,,25.31,3.95,4,3,4,0,2,3,13,Moderately High Risk,Average,25,https://www.valueresearchonline.com/funds/41293/
PGIM India Midcap Reg,equity,equity,Regular,0.91,10.78,9.85,BSE 150 MidCap TRI*,INF663L01DZ4,125305,8.64,16.1,16.21,-3.64,0.86,0.4,0.52,16.18,12.22,108,22.03,12.4,55.5,,35.23,5.14,2,4,2,0,3,1,11,High Risk,Poor,25,https://www.valueresearchonline.com/funds/22365/
Quant Mid Cap Reg,equity,equity,Regular,7.4,10.84,14.43,BSE 150 MidCap TRI*,INF966L01176,101065,8.64,16.1,16.21,-3.23,0.92,0.42,0.62,18.11,13.28,28,62.66,39.82,46.7,,31.96,3.85,2,4,2,0,2,2,10,High Risk,Poor,23,https://www.valueresearchonline.com/funds/958/
SBI Midcap Reg,equity,equity,Regular,6.9,10.71,13.2,BSE 150 MidCap TRI*,INF200K01560,102941,8.64,16.1,16.21,-3.65,0.85,0.4,0.5,15.84,12.09,55,27.39,14.22,58.11,,37.93,4.82,2,5,2,0,3,2,12,High Risk,Poor,25,https://www.valueresearchonline.com/funds/2662/
SBI Nifty Midcap 150 ETF,equity,equity,Regular,,,,BSE 150 MidCap TRI*,INF200KB1BR1,154523,,,,,,,,,,150,18,10.69,55.48,,29.45,3.79,,,,,,,,,,25,https://www.valueresearchonline.com/funds/45920/
SBI Nifty Midcap 150 Index Reg,equity,equity,Regular,9.39,15.4,,BSE 150 MidCap TRI*,INF200KA17O3,150672,8.64,16.1,,-0.42,1,0.64,0.83,17.92,17.08,150,18,10.69,55.53,,25.4,3.97,4,3,4,0,2,3,13,Moderately High Risk,Average,25,https://www.valueresearchonline.com/funds/42583/
SBI Nifty Midcap 150 Momentum 50 ETF,equity,equity,Regular,,,,BSE 500 TRI*,INF200K01SH3,154523,,,,,,,,,,50,43.48,24.94,68.76,,27.08,4.34,,,,,,,,,,25,https://www.valueresearchonline.com/funds/45872/
Samco Mid Cap Reg,equity,equity,Regular,,,,BSE 150 MidCap TRI*,INF767K01535,105823,,,,,,,,,,30,42.84,23.8,69.45,,16.75,2.92,,,,,,,,,,25,https://www.valueresearchonline.com/funds/45739/
Sundaram Midcap Reg,equity,equity,Regular,9.07,18.46,16.54,BSE 150 MidCap TRI*,INF903J01173,101539,8.64,16.1,16.21,2.54,0.95,0.8,0.95,17.17,19.39,73,24.48,13.78,59.52,,38.38,4.56,8,4,6,0,2,4,20,Moderate Risk,Good,25,https://www.valueresearchonline.com/funds/1386/
TRUSTMF Mid Cap Reg,equity,equity,Regular,,,,BSE 150 MidCap TRI*,INF0GCD01719,152582,,,,,,,,,,69,27.48,15.58,58.86,,44.64,5.03,,,,,,,,,,25,https://www.valueresearchonline.com/funds/45813/
Tata Mid Cap Reg,equity,equity,Regular,8.59,14.02,14.02,BSE 150 MidCap TRI*,INF277K01626,102328,8.64,16.1,16.21,-0.63,0.9,0.61,0.77,16.27,15.69,64,27.31,14.83,55.03,,36.81,4.32,4,4,4,0,3,3,15,Moderately High Risk,Average,25,https://www.valueresearchonline.com/funds/103/
Tata Nifty Midcap 150 Index Reg,equity,equity,Regular,8.69,,,BSE 150 MidCap TRI*,INF277KA1DW6,153580,8.64,,,,,,,,,150,18.08,10.75,55.64,,25.4,3.97,,,,,,,,,,25,https://www.valueresearchonline.com/funds/45220/
Tata Nifty Midcap 150 Momentum 50 Index Reg,equity,equity,Regular,4.66,14.34,,BSE 500 TRI*,INF277KA1646,150741,2.44,11.32,,3.21,1.16,0.57,0.74,19.88,16.94,50,43.6,24.99,68.94,,23.45,4.25,10,0,2,0,2,,14,Moderately High Risk,Average,25,https://www.valueresearchonline.com/funds/42653/
Taurus Mid Cap Reg,equity,equity,Regular,6.63,9.19,12.32,BSE 150 MidCap TRI*,INF044D01815,100477,8.64,16.1,16.21,-5.92,0.98,0.31,0.47,18.4,11.33,39,46.43,27.13,55.34,,23.03,3.13,0,3,2,0,2,1,7,High Risk,Poor,25,https://www.valueresearchonline.com/funds/215/
UTI Midcap Reg,equity,equity,Regular,6.6,11.87,11.72,BSE 150 MidCap TRI*,INF767K01535,105823,8.64,16.1,16.21,-3.39,0.95,0.45,0.58,17.34,13.51,82,23.13,12.91,56.91,,32.36,4.19,2,4,2,0,2,1,10,High Risk,Poor,25,https://www.valueresearchonline.com/funds/2138/
UTI Nifty Midcap 150 ETF,equity,equity,Regular,9.97,16.2,,BSE 150 MidCap TRI*,INF789F1APF4,148086,8.64,16.1,,,,,,,,150,17.98,10.68,55.39,,29.46,3.79,,,,,,,,,,25,https://www.valueresearchonline.com/funds/43743/
UTI Nifty Midcap 150 Index Reg,equity,equity,Regular,9.13,,,BSE 150 MidCap TRI*,INF789F1AZN7,153088,8.64,,,,,,,,,150,18,10.69,55.48,,25.4,3.97,,,,,,,,,,25,https://www.valueresearchonline.com/funds/44724/
UTI Nifty Midcap 150 Quality 50 Index Reg,equity,equity,Regular,-0.13,8.48,,BSE 500 TRI*,INF789F1AVG0,150312,2.44,11.32,,-2.43,1.05,0.28,0.38,17.02,10.51,50,35.17,21.3,52.12,,30.23,5.83,2,3,2,0,2,,9,High Risk,Poor,25,https://www.valueresearchonline.com/funds/42252/
UTI Nifty Midsmallcap 400 Momentum Quality 100 Index Reg,equity,equity,Regular,7.7,,,BSE 500 TRI*,INF789F1AB06,153273,2.44,,,,,,,,,100,32.35,19.66,62.01,,28.39,5.25,,,,,,,,,,25,https://www.valueresearchonline.com/funds/44912/
Union Midcap Reg,equity,equity,Regular,10.89,16.01,14.45,BSE 150 MidCap TRI*,INF582M01GM5,148071,8.64,16.1,16.21,0.68,0.92,0.68,0.81,17.11,17.25,73,24.35,14.24,59.44,,42.57,4.9,6,4,4,0,2,3,16,Moderately High Risk,Average,25,https://www.valueresearchonline.com/funds/40767/
WhiteOak Capital Mid Cap Reg,equity,equity,Regular,15.62,21.08,,BSE 150 MidCap TRI*,INF03VN01563,150583,8.64,16.1,,4.83,0.91,0.92,1.21,16.88,21.29,145,24.01,13.74,54.71,,31.94,4.12,10,4,6,2,3,5,25,Moderate Risk,Excellent,25,https://www.valueresearchonline.com/funds/42481/
Zerodha Nifty Midcap 150 ETF,equity,equity,Regular,10.75,,,BSE 150 MidCap TRI*,INF579M01AN2,151165,8.64,,,,,,,,,150,18.01,10.7,55.5,,29.45,3.79,,,,,,,,,,25,https://www.valueresearchonline.com/funds/44359/
ABSL Multi-Cap Reg,equity,equity,Regular,10.49,13.9,12.17,VR Multicap TRI*,INF209KB1Y23,148918,-2.34,10.48,11.24,3.66,0.93,0.59,0.73,16,15.07,86,23.26,13.36,53.81,,30.72,4.02,10,4,2,0,3,3,19,Moderately High Risk,Average,25,https://www.valueresearchonline.com/funds/41464/
Axis Multicap Reg,equity,equity,Regular,11.69,19,,VR Multicap TRI*,INF846K016E3,149382,-2.34,10.48,,8.25,0.91,0.87,1.05,15.88,19.54,109,23.51,14.63,61.14,,32.76,4.28,12,4,6,2,3,5,27,Low Risk,Excellent,25,https://www.valueresearchonline.com/funds/41883/
Bajaj Finserv Multi Cap Reg,equity,equity,Regular,11.6,,,VR Multicap TRI*,INF0QA701AS3,153307,-2.34,,,,,,,,,75,30.03,17.86,56.02,,30.11,3.49,,,,,,,,,,25,https://www.valueresearchonline.com/funds/44916/
Bandhan Multi Cap Reg,equity,equity,Regular,3.09,11.73,,VR Multicap TRI*,INF194KB1CI6,149305,-2.34,10.48,,1.68,0.93,0.48,0.63,15.51,13.07,107,28.81,19.49,53.27,,24.86,3.02,8,4,2,0,3,2,17,Moderately High Risk,Poor,25,https://www.valueresearchonline.com/funds/41820/
Bank of India Multi Cap Reg,equity,equity,Regular,14.15,16.81,,VR Multicap TRI*,INF761K01FU4,151445,-2.34,10.48,,6.33,0.96,0.75,1.08,16.29,17.89,61,33.4,19.93,55.1,,25.75,3.72,12,3,4,2,3,4,24,Moderate Risk,Good,25,https://www.valueresearchonline.com/funds/43160/
Baroda BNP Paribas Multi Cap Reg,equity,equity,Regular,4.23,14.09,12.52,VR Multicap TRI*,INF955L01674,102020,-2.34,10.48,11.24,3.99,0.91,0.61,0.73,15.69,15.25,79,24.08,12.69,58.25,,32.36,3.9,10,4,4,0,3,3,21,Moderate Risk,Average,25,https://www.valueresearchonline.com/funds/1820/
Canara Robeco Multi Cap Reg,equity,equity,Regular,3.72,13.66,,VR Multicap TRI*,INF760K01KR2,151821,-2.34,10.48,,3.55,0.9,0.59,0.79,15.33,14.75,108,24.25,15.03,62.7,,30.72,4.4,10,4,2,0,3,3,19,Moderately High Risk,Average,25,https://www.valueresearchonline.com/funds/43569/
DSP Multicap Reg,equity,equity,Regular,1.8,,,VR Multicap TRI*,INF740KA1TZ4,152307,-2.34,,,,,,,,,59,36.27,22.38,60.83,,27.08,3.51,,,,,,,,,,25,https://www.valueresearchonline.com/funds/43997/
Edelweiss Multi Cap Reg,equity,equity,Regular,8.4,,,VR Multicap TRI*,INF754K01RW0,152095,-2.34,,,,,,,,,104,25.11,15.35,59.17,,27.56,3.85,,,,,,,,,,25,https://www.valueresearchonline.com/funds/43780/
Edelweiss Nifty500 Multicap Momentum Quality 50 ETF,equity,equity,Regular,1.69,,,BSE 500 TRI*,INF754K01TN5,152985,2.44,,,,,,,,,50,47.19,25.35,78.75,,29.04,6.66,,,,,,,,,,25,https://www.valueresearchonline.com/funds/44626/
Edelweiss Nifty500 Multicap Momentum Quality 50 Index Reg,equity,equity,Regular,1.03,,,BSE 500 TRI*,INF754K01TJ3,152988,2.44,,,,,,,,,50,47.2,25.36,78.76,,26.91,6.49,,,,,,,,,,25,https://www.valueresearchonline.com/funds/44646/
Franklin India Multi Cap Reg,equity,equity,Regular,8.21,,,VR Multicap TRI*,INF955L01IY6,154684,-2.34,,,,,,,,,53,33.68,19.38,64.07,,26.55,3.63,,,,,,,,,,25,https://www.valueresearchonline.com/funds/44408/
Groww Multicap Reg,equity,equity,Regular,18.67,,,VR Multicap TRI*,INF666M01JG2,153100,-2.34,,,,,,,,,78,26.72,14.56,62.12,,30.06,4.36,,,,,,,,,,25,https://www.valueresearchonline.com/funds/44695/
HDFC Multi Cap Reg,equity,equity,Regular,0.44,11.17,,VR Multicap TRI*,INF277KA1299,149351,-2.34,10.48,,0.98,0.96,0.43,0.57,16.06,12.55,121,23.52,14.43,58.66,,26.22,3.59,6,3,2,0,3,2,14,Moderately High Risk,Poor,25,https://www.valueresearchonline.com/funds/41862/
HDFC Nifty500 Multicap 50:25:25 Index Reg,equity,equity,Regular,4.12,,,VR Multicap TRI*,INF955L01IY6,154684,-2.34,,,,,,,,,500,21.54,15.02,53.5,,22.57,3.4,,,,,,,,,,25,https://www.valueresearchonline.com/funds/44462/
HSBC Multi Cap Reg,equity,equity,Regular,9.72,17.55,,VR Multicap TRI*,INF336L01QQ8,151289,-2.34,10.48,,6.71,1.01,0.74,0.99,17.44,18.61,101,21.72,12.57,55.82,,29.7,4.21,12,3,4,0,2,5,21,Moderate Risk,Excellent,25,https://www.valueresearchonline.com/funds/43021/
ICICI Pru Multicap,equity,equity,Regular,10.28,15.96,14.7,VR Multicap TRI*,INF754K01TJ3,152988,-2.34,10.48,11.24,5.72,0.92,0.72,1.01,15.68,17.05,164,23.73,13.38,65.69,,28.53,3.83,12,4,4,2,3,4,25,Moderate Risk,Good,25,https://www.valueresearchonline.com/funds/86/
ITI Multi Cap Reg,equity,equity,Regular,13.31,15.91,12.81,VR Multicap TRI*,INF00XX01135,147184,-2.34,10.48,11.24,5.31,1.02,0.66,0.84,17.41,17.23,77,26.64,16.68,57.63,,30.93,4.36,12,3,4,0,2,3,21,Moderate Risk,Average,25,https://www.valueresearchonline.com/funds/39829/
Invesco India Multicap Reg,equity,equity,Regular,3.38,13.15,11.21,VR Multicap TRI*,INF205K01DN2,107353,-2.34,10.48,11.24,2.72,0.99,0.51,0.62,17.28,14.51,68,28.22,16.07,59.82,,41.66,4.89,8,3,2,0,2,2,15,Moderately High Risk,Poor,25,https://www.valueresearchonline.com/funds/6675/
Kotak Multicap Reg,equity,equity,Regular,7.11,16.01,,VR Multicap TRI*,INF174KA1HS9,149182,-2.34,10.48,,5.17,1.03,0.66,0.81,17.43,17.2,72,34.71,19.59,61.18,,17.79,2.31,12,3,4,0,2,4,21,Moderate Risk,Good,25,https://www.valueresearchonline.com/funds/41705/
LIC MF Multi Cap Reg,equity,equity,Regular,11.04,16.82,,VR Multicap TRI*,INF767K01RH3,150661,-2.34,10.48,,6.15,1.01,0.7,0.87,17.67,18.05,64,25.94,16.41,58.06,,33.05,4.58,12,3,4,0,2,3,21,Moderate Risk,Average,25,https://www.valueresearchonline.com/funds/42627/
Mahindra Manulife Multi Cap Reg,equity,equity,Regular,15.18,16.33,15.02,VR Multicap TRI*,INF174V01317,141224,-2.34,10.48,11.24,5.79,0.95,0.71,0.96,16.47,17.31,71,29.06,18.23,51.88,,26.51,3.79,12,4,4,0,3,4,23,Moderate Risk,Good,25,https://www.valueresearchonline.com/funds/33984/
Mirae Asset Multicap Reg,equity,equity,Regular,5.12,13.1,,VR Multicap TRI*,INF769K01KH4,151812,-2.34,10.48,,2.62,0.96,0.53,0.71,16.12,14.22,78,28.34,17.67,56.48,,24.1,3.29,8,3,2,0,3,2,16,Moderately High Risk,Poor,25,https://www.valueresearchonline.com/funds/43576/
Mirae Asset Nifty500 Multicap 50:25:25 ETF,equity,equity,Regular,4.82,,,VR Multicap TRI*,INF769K01CM1,118859,-2.34,,,,,,,,,500,21.59,15.06,53.59,,23.36,3.23,,,,,,,,,,25,https://www.valueresearchonline.com/funds/44491/
Motilal Oswal Multi Cap Reg,equity,equity,Regular,8.25,,,VR Multicap TRI*,INF247L01CO2,152650,-2.34,,,,,,,,,36,40.02,22.32,59.72,,45.28,4.74,,,,,,,,,,25,https://www.valueresearchonline.com/funds/44337/
Navi Nifty 500 Multicap 50:25:25 Index Reg,equity,equity,Regular,3.94,,,VR Multicap TRI*,INF955L01IY6,154684,-2.34,,,,,,,,,500,21.2,14.79,52.66,,22.57,3.4,,,,,,,,,,25,https://www.valueresearchonline.com/funds/44438/
Nippon India Multi Cap Reg,equity,equity,Regular,0.74,12.74,16.56,VR Multicap TRI*,INF955L01IY6,154684,-2.34,10.48,11.24,2.62,0.89,0.53,0.72,15.28,13.79,113,31.33,22.27,59.09,,27.43,3.96,8,4,2,0,3,3,17,Moderately High Risk,Average,25,https://www.valueresearchonline.com/funds/2640/
Nippon India Nifty 500 Equal Weight Index Reg,equity,equity,Regular,5.42,,,VR Multicap TRI*,INF204KC1CX2,152840,-2.34,,,,,,,,,499,2.35,1.2,50.93,,22.55,3.39,,,,,,,,,,25,https://www.valueresearchonline.com/funds/44513/
PGIM India Multi Cap Reg,equity,equity,Regular,8.4,,,VR Multicap TRI*,INF663L01Y87,152816,-2.34,,,,,,,,,96,25.22,16.32,55.36,,33.13,4.76,,,,,,,,,,25,https://www.valueresearchonline.com/funds/44503/
PGIM India Retirement Reg,equity,equity,Regular,2.64,,,VR Multicap TRI*,INF663L01Y46,152538,-2.34,,,,,,,,,85,31.07,20.74,49.31,,34.32,4.88,,,,,,,,,,25,https://www.valueresearchonline.com/funds/44251/
Quant Multi Cap Reg,equity,equity,Regular,8.96,8.98,10.85,VR Multicap TRI*,INF0GCD01537,151322,-2.34,10.48,11.24,-0.94,1.03,0.3,0.48,18.11,11.07,58,43.81,27.94,44.42,,24.83,2.38,4,3,2,0,2,1,11,High Risk,Poor,25,https://www.valueresearchonline.com/funds/952/
SBI Multicap Reg,equity,equity,Regular,1.84,12.79,,VR Multicap TRI*,INF200KA15E8,149886,-2.34,10.48,,2.93,0.82,0.56,0.78,14.05,13.63,64,33.37,19.71,64.46,,32.27,4.05,8,5,2,0,3,3,18,Moderately High Risk,Average,25,https://www.valueresearchonline.com/funds/42106/
Samco Multi Cap Reg,equity,equity,Regular,-3.34,,,VR Multicap TRI*,INF0K1H01206,152848,-2.34,,,,,,,,,119,16.91,8.66,54.79,,14.77,3,,,,,,,,,,25,https://www.valueresearchonline.com/funds/44526/
Sundaram Multi Cap Reg,equity,equity,Regular,4.37,12.95,11.46,VR Multicap TRI*,INF903J016H9,134356,-2.34,10.48,11.24,2.74,0.92,0.53,0.68,15.78,14.1,83,24.35,13.83,64.38,,26,3.3,8,4,2,0,3,2,17,Moderately High Risk,Poor,25,https://www.valueresearchonline.com/funds/866/
TRUSTMF Multi Cap Reg,equity,equity,Regular,18.21,,,VR Multicap TRI*,INF0GCD01842,153645,-2.34,,,,,,,,,69,25.49,14.99,64.72,,38,5.42,,,,,,,,,,25,https://www.valueresearchonline.com/funds/45281/
Tata Multicap Reg,equity,equity,Regular,9.34,9.29,,VR Multicap TRI*,INF277KA1703,151235,-2.34,10.48,,-0.47,0.91,0.33,0.42,15.54,10.83,80,25.87,15.75,61.41,,22.04,3.07,4,4,2,0,3,1,13,Moderately High Risk,Poor,25,https://www.valueresearchonline.com/funds/43036/
UTI Multi Cap Reg,equity,equity,Regular,5.49,,,VR Multicap TRI*,INF789F1AB71,153516,-2.34,,,,,,,,,73,27.92,18.55,54.37,,19.33,3.02,,,,,,,,,,25,https://www.valueresearchonline.com/funds/45141/
Union Multicap Reg,equity,equity,Regular,12.25,14.31,,VR Multicap TRI*,INF582M01IS8,150855,-2.34,10.48,,4.23,0.89,0.63,0.76,15.48,15.4,73,27.61,16.68,63.02,,32.95,4.35,10,4,4,0,3,3,21,Moderate Risk,Average,25,https://www.valueresearchonline.com/funds/42777/
WhiteOak Capital Multi Cap Reg,equity,equity,Regular,8.82,,,VR Multicap TRI*,INF03VN01795,152072,-2.34,,,,,,,,,201,22.32,15.04,55.27,,27.99,3.83,,,,,,,,,,25,https://www.valueresearchonline.com/funds/43758/
ABSL Banking & Financial Services Reg,equity,equity,Regular,7.61,10.44,10.06,BSE Financial Services TRI*,INF209K011W7,125595,3.21,10.44,9.32,0,1.01,0.38,0.54,16.16,11.89,40,61.31,44.69,98.31,,18.46,2.49,6,3,2,0,3,3,14,Moderately High Risk,Average,25,https://www.valueresearchonline.com/funds/22524/
ABSL Nifty Bank ETF,equity,equity,Regular,6.57,9.4,9.97,BSE Financial Services TRI*,INF209K01YN0,119550,3.21,10.44,9.32,-0.77,1.03,0.34,0.4,16.54,11.24,14,86.74,61.08,99.67,,13.93,1.66,4,3,2,0,3,,12,High Risk,Poor,14,https://www.valueresearchonline.com/funds/40378/
Aditya Birla SL BSE Top 10 Banks ETF,equity,equity,Regular,,,,BSE Financial Services TRI*,INF209K01YN0,119550,,,,,,,,,,10,99.55,80.19,99.55,,15.93,1.92,,,,,,,,,,10,https://www.valueresearchonline.com/funds/45861/
Axis Nifty Bank ETF,equity,equity,Regular,6.47,9.37,9.93,BSE Financial Services TRI*,INF846K01CR6,120438,3.21,10.44,9.32,-0.81,1.03,0.33,0.4,16.53,11.2,14,86.77,61.1,99.71,,13.93,1.66,4,3,2,0,3,,12,High Risk,Poor,14,https://www.valueresearchonline.com/funds/41162/
Axis Nifty Bank Index Reg,equity,equity,Regular,5.62,,,BSE Financial Services TRI*,INF846K012W4,152632,3.21,,,,,,,,,14,86.78,61.11,99.72,,13.23,1.71,,,,,,,,,,14,https://www.valueresearchonline.com/funds/44319/
Bajaj Finserv Banking And Financial Services Reg,equity,equity,Regular,,,,BSE Financial Services TRI*,INF0QA701BW3,153935,,,,,,,,,,38,60.84,43.09,97.83,,18.57,2.29,,,,,,,,,,25,https://www.valueresearchonline.com/funds/45561/
Bajaj Finserv Nifty Bank ETF,equity,equity,Regular,6.58,,,BSE Financial Services TRI*,INF090I01VZ8,148304,3.21,,,,,,,,,14,86.69,61.05,99.62,,13.93,1.66,,,,,,,,,,14,https://www.valueresearchonline.com/funds/44067/
Bandhan Financial Services Reg,equity,equity,Regular,5.58,14.6,,BSE Financial Services TRI*,INF194KB1GE6,151818,3.21,10.44,,4.09,0.96,0.62,0.82,16.07,15.71,58,53.79,41.29,97.41,,18.73,2.31,10,3,4,0,3,4,20,Moderate Risk,Good,25,https://www.valueresearchonline.com/funds/43565/
Bandhan Nifty Bank Index Reg,equity,equity,Regular,5.54,,,BSE Financial Services TRI*,INF194KB1IN3,152792,3.21,,,,,,,,,14,86.85,61.17,99.8,,13.23,1.71,,,,,,,,,,14,https://www.valueresearchonline.com/funds/44476/
Bank of India Banking & Financial Services Reg,equity,equity,Regular,,,,BSE Financial Services TRI*,INF761K01HH7,154095,,,,,,,,,,33,56.11,40.87,96.14,,16.2,2.36,,,,,,,,,,25,https://www.valueresearchonline.com/funds/45743/
Baroda BNP Paribas Banking & Fin Srvcs Reg,equity,equity,Regular,7.22,14.02,11.25,BSE Financial Services TRI*,INF903J016H9,134356,3.21,10.44,9.32,3.53,0.97,0.61,0.78,15.71,15.22,32,57.68,37.69,95.25,,18.26,2.22,10,3,4,0,3,3,20,Moderate Risk,Average,25,https://www.valueresearchonline.com/funds/14946/
Baroda BNP Paribas Nifty Bank ETF,equity,equity,Regular,6.47,,,BSE Financial Services TRI*,INF955L01JF3,152683,3.21,,,,,,,,,14,86.74,61.27,99.59,,13.93,1.66,,,,,,,,,,14,https://www.valueresearchonline.com/funds/44357/
Canara Robeco Banking And Financial Services Reg,equity,equity,Regular,,,,BSE Financial Services TRI*,INF00XX01BR2,149324,,,,,,,,,,28,62.54,42.79,96.81,,19.91,2.66,,,,,,,,,,25,https://www.valueresearchonline.com/funds/45864/
DSP BSE Top 10 Banks ETF,equity,equity,Regular,,,,BSE Financial Services TRI*,INF194K01P38,118387,,,,,,,,,,10,99.47,80.11,99.47,,15.93,1.92,,,,,,,,,,10,https://www.valueresearchonline.com/funds/45893/
DSP Banking & Financial Services Reg,equity,equity,Regular,17.33,,,BSE Financial Services TRI*,INF740KA1TN0,152208,3.21,,,,,,,,,35,54.88,33.03,98.06,,19.37,2.7,,,,,,,,,,25,https://www.valueresearchonline.com/funds/43890/
DSP Nifty Bank ETF,equity,equity,Regular,6.55,9.4,,BSE Financial Services TRI*,INF740K01ZW2,124175,3.21,10.44,,-0.77,1.03,0.34,0.4,16.54,11.23,14,86.71,61.06,99.64,,13.93,1.66,4,3,2,0,3,,12,High Risk,Poor,14,https://www.valueresearchonline.com/funds/42992/
DSP Nifty Bank Index Reg,equity,equity,Regular,5.75,,,BSE Financial Services TRI*,INF740KA1UN8,152653,3.21,,,,,,,,,14,86.72,61.06,99.65,,13.23,1.71,,,,,,,,,,14,https://www.valueresearchonline.com/funds/44335/
DSP Nifty PSU Bank ETF,equity,equity,Regular,25.16,22.85,,BSE Financial Services TRI*,INF209K01YN0,119550,3.21,10.44,,13.3,1.09,0.79,1.14,25.41,25.67,12,98.78,78.39,99.89,,7.67,1.12,12,2,4,2,0,,20,Moderate Risk,Average,12,https://www.valueresearchonline.com/funds/43656/
DSP Nifty Private Bank ETF,equity,equity,Regular,6.32,6.75,,BSE Financial Services TRI*,INF740KA1VN6,153348,3.21,10.44,,-3.28,0.99,0.17,0.22,16.13,8.49,10,99.66,85.9,99.66,,17.62,1.93,2,3,2,0,3,,10,High Risk,Poor,10,https://www.valueresearchonline.com/funds/43655/
DSP Nifty Private Bank Index Reg,equity,equity,Regular,5.15,,,BSE Financial Services TRI*,INF740KA1VK2,153347,3.21,,,,,,,,,10,99.65,85.89,99.65,,16.97,2.04,,,,,,,,,,10,https://www.valueresearchonline.com/funds/44970/
Edelweiss Financial Services Reg,equity,equity,Regular,,,,BSE Financial Services TRI*,INF754K01WL3,154107,,,,,,,,,,33,65.74,44.82,96.52,,16.51,2.21,,,,,,,,,,25,https://www.valueresearchonline.com/funds/45747/
Edelweiss Nifty Bank ETF,equity,equity,Regular,6.44,,,BSE Financial Services TRI*,INF843K01FC8,140286,3.21,,,,,,,,,14,86.71,61.06,99.64,,13.93,1.66,,,,,,,,,,14,https://www.valueresearchonline.com/funds/44536/
Groww Banking & Financial Services Reg,equity,equity,Regular,15.32,,,BSE Financial Services TRI*,INF666M01HP7,152274,3.21,,,,,,,,,34,45.85,28.4,90.64,,23.23,2.82,,,,,,,,,,25,https://www.valueresearchonline.com/funds/43972/
Groww Nifty PSU Bank ETF,equity,equity,Regular,,,,BSE Financial Services TRI*,INF209K01YN0,119550,,,,,,,,,,12,98.71,78.34,99.83,,7.67,1.12,,,,,,,,,,12,https://www.valueresearchonline.com/funds/45912/
Groww Nifty PSU Bank Index Reg,equity,equity,Regular,,,,BSE Financial Services TRI*,INF200KB1530,153253,,,,,,,,,,12,98.68,78.31,99.79,,8.66,1.2,,,,,,,,,,12,https://www.valueresearchonline.com/funds/45908/
HDFC Banking & Financial Services Reg,equity,equity,Regular,9.49,12.09,11.03,BSE Financial Services TRI*,INF740KA1TN0,152208,3.21,10.44,9.32,1.51,1.01,0.48,0.65,16.16,13.41,36,66.52,48.72,99.04,,17.91,2.27,8,3,2,0,3,3,16,Moderately High Risk,Average,25,https://www.valueresearchonline.com/funds/41531/
HDFC NIFTY Bank ETF,equity,equity,Regular,6.54,9.39,9.94,BSE Financial Services TRI*,INF179KA1IZ7,128629,3.21,10.44,9.32,-0.79,1.03,0.33,0.4,16.54,11.22,14,86.73,61.07,99.67,,13.93,1.66,4,3,2,0,3,,12,High Risk,Poor,14,https://www.valueresearchonline.com/funds/41076/
HDFC NIFTY PSU BANK ETF,equity,equity,Regular,24.86,,,BSE Financial Services TRI*,INF209K01YN0,119550,3.21,,,,,,,,,12,98.88,78.47,100,,7.67,1.12,,,,,,,,,,12,https://www.valueresearchonline.com/funds/44059/
HDFC NIFTY Private Bank ETF,equity,equity,Regular,6.32,6.73,,BSE Financial Services TRI*,INF090I01VZ8,148304,3.21,10.44,,-3.31,0.99,0.17,0.22,16.14,8.46,10,99.71,85.94,99.71,,17.62,1.93,2,3,2,0,3,,10,High Risk,Poor,10,https://www.valueresearchonline.com/funds/42715/
HSBC Financial Services Reg,equity,equity,Regular,14.04,,,BSE Financial Services TRI*,INF336L01RR4,153267,3.21,,,,,,,,,37,52.68,34.17,96.91,,21.23,2.8,,,,,,,,,,25,https://www.valueresearchonline.com/funds/44924/
Helios Financial Services Reg,equity,equity,Regular,3.47,,,BSE Financial Services TRI*,INF0R8701178,152682,3.21,,,,,,,,,29,67.49,47.31,98.5,,20.86,2.93,,,,,,,,,,25,https://www.valueresearchonline.com/funds/44372/
ICICI Pru Banking & Financial Services,equity,equity,Regular,0.79,9.94,9.06,BSE Financial Services TRI*,INF903J016H9,134356,3.21,10.44,9.32,-0.12,0.89,0.37,0.46,14.34,11.06,51,64.64,50.43,92.04,,16.15,2.14,4,4,2,0,3,2,13,Moderately High Risk,Poor,25,https://www.valueresearchonline.com/funds/8293/
ICICI Pru Nifty Bank ETF,equity,equity,Regular,6.55,9.43,9.99,BSE Financial Services TRI*,INF109KC11A4,149858,3.21,10.44,9.32,-0.76,1.03,0.34,0.4,16.54,11.25,14,86.78,61.11,99.72,,13.93,1.66,4,3,2,0,3,,12,High Risk,Poor,14,https://www.valueresearchonline.com/funds/40130/
ICICI Pru Nifty Bank Index,equity,equity,Regular,5.9,8.7,,BSE Financial Services TRI*,INF761K01HH7,154095,3.21,10.44,,-1.42,1.03,0.3,0.35,16.52,10.58,14,86.86,61.16,99.81,,13.23,1.71,4,3,2,0,3,2,12,High Risk,Poor,14,https://www.valueresearchonline.com/funds/42102/
ICICI Pru Nifty Financial Services Ex-Bank ETF,equity,equity,Regular,11.47,18.4,,BSE Financial Services TRI*,INF090I01VZ8,148304,3.21,10.44,,7.57,0.98,0.77,1.04,17.73,19.31,30,64.34,44.67,99.78,,23.92,3.11,12,3,4,2,2,,23,Moderate Risk,Average,25,https://www.valueresearchonline.com/funds/42801/
ICICI Pru Nifty PSU Bank ETF,equity,equity,Regular,24.79,22.75,,BSE Financial Services TRI*,INF209K01YN0,119550,3.21,10.44,,13.21,1.09,0.78,1.13,25.44,25.59,12,98.88,78.47,100,,7.67,1.12,12,2,4,2,0,,20,Moderate Risk,Average,12,https://www.valueresearchonline.com/funds/43296/
ICICI Pru Nifty Private Bank ETF,equity,equity,Regular,6.32,6.73,8.43,BSE Financial Services TRI*,INF109K1A369,153679,3.21,10.44,9.32,-3.31,0.99,0.17,0.22,16.14,8.47,10,99.66,85.9,99.66,,17.62,1.93,2,3,2,0,3,,10,High Risk,Poor,10,https://www.valueresearchonline.com/funds/40210/
ICICI Pru Nifty Private Bank Index,equity,equity,Regular,5.33,,,BSE Financial Services TRI*,INF846K010D8,153676,3.21,,,,,,,,,10,99.82,86.03,99.82,,16.97,2.04,,,,,,,,,,10,https://www.valueresearchonline.com/funds/45298/
ITI Banking and Financial Services Reg,equity,equity,Regular,10.74,11.19,,BSE Financial Services TRI*,INF00XX01BR2,149324,3.21,10.44,,0.73,0.99,0.43,0.54,15.85,12.49,33,61.33,42.17,96.61,,18.33,2.16,6,3,2,0,3,3,14,Moderately High Risk,Average,25,https://www.valueresearchonline.com/funds/41832/
Invesco India Financial Services Reg,equity,equity,Regular,11.02,17.77,13.19,BSE Financial Services TRI*,INF205K01155,108378,3.21,10.44,9.32,7.05,0.91,0.83,1.06,15.2,18.31,33,59.58,40.58,98.83,,18.73,2.48,12,4,6,2,3,5,27,Low Risk,Excellent,25,https://www.valueresearchonline.com/funds/7830/
Kotak Banking & Financial Services Reg,equity,equity,Regular,9.04,12.4,,BSE Financial Services TRI*,INF174KA1MA7,151381,3.21,10.44,,1.71,1.02,0.49,0.65,16.13,13.65,34,61.07,45.14,97.1,,16.99,2.26,8,3,2,0,3,3,16,Moderately High Risk,Average,25,https://www.valueresearchonline.com/funds/43126/
Kotak Nifty Bank ETF,equity,equity,Regular,6.56,9.4,9.92,BSE Financial Services TRI*,INF174K01KH7,123693,3.21,10.44,9.32,-0.78,1.03,0.33,0.4,16.54,11.23,14,86.73,61.07,99.66,,13.93,1.66,4,3,2,0,3,,12,High Risk,Poor,14,https://www.valueresearchonline.com/funds/28873/
Kotak Nifty Financial Services Ex-Bank Index Reg,equity,equity,Regular,10.4,16.94,,BSE Financial Services TRI*,INF174KA1OO4,151909,3.21,10.44,,6.3,0.99,0.7,0.95,17.77,18.06,30,64.35,44.68,99.79,,19,3.19,12,3,4,0,2,4,21,Moderate Risk,Good,25,https://www.valueresearchonline.com/funds/43672/
Kotak Nifty PSU Bank ETF,equity,equity,Regular,24.65,22.56,29.79,BSE Financial Services TRI*,INF209K01YN0,119550,3.21,10.44,9.32,13.06,1.09,0.78,1.12,25.42,25.43,12,98.87,78.47,99.98,,7.67,1.12,12,2,4,2,0,,20,Moderate Risk,Average,12,https://www.valueresearchonline.com/funds/6157/
LIC MF Banking & Financial Services Reg,equity,equity,Regular,7.37,7.72,8.16,BSE Financial Services TRI*,INF767K01NH2,134016,3.21,10.44,9.32,-2.4,0.98,0.23,0.34,15.78,9.3,25,61.51,42.41,97.97,,19.61,2.49,2,3,2,0,3,1,10,High Risk,Poor,25,https://www.valueresearchonline.com/funds/29705/
Mahindra Manulife Banking & Financial Services Reg,equity,equity,Regular,12.22,,,BSE Financial Services TRI*,INF174V01CL3,153675,3.21,,,,,,,,,32,59.07,38.87,96.79,,19.5,2.47,,,,,,,,,,25,https://www.valueresearchonline.com/funds/45277/
Mirae Asset Banking and Fin Srvcs Reg,equity,equity,Regular,8.51,12.26,11.51,BSE Financial Services TRI*,INF769K01GU5,148621,3.21,10.44,9.32,1.86,0.97,0.5,0.7,15.61,13.52,32,64.98,49.01,98.18,,17.84,2.34,8,3,2,0,3,3,16,Moderately High Risk,Average,25,https://www.valueresearchonline.com/funds/41188/
Mirae Asset Nifty Bank ETF,equity,equity,Regular,6.62,9.47,,BSE Financial Services TRI*,INF090I01VZ8,148304,3.21,10.44,,-0.72,1.03,0.34,0.41,16.54,11.29,14,86.74,61.08,99.67,,13.93,1.66,4,3,2,0,3,,12,High Risk,Poor,14,https://www.valueresearchonline.com/funds/43616/
Mirae Asset Nifty Financial Services ETF,equity,equity,Regular,1.48,10.47,8.39,BSE Financial Services TRI*,INF209K014W1,125597,3.21,10.44,9.32,0.22,0.96,0.4,0.49,15.45,11.83,20,84.89,60.78,99.61,,16.92,2.24,6,3,2,0,3,,14,Moderately High Risk,Average,20,https://www.valueresearchonline.com/funds/41622/
Mirae Asset Nifty PSU Bank ETF,equity,equity,Regular,25.04,,,BSE Financial Services TRI*,INF209K01YN0,119550,3.21,,,,,,,,,12,98.89,78.48,100.01,,7.67,1.12,,,,,,,,,,12,https://www.valueresearchonline.com/funds/44589/
Motilal Oswal BSE Fins ex Bank 30 Index Reg,equity,equity,Regular,6.43,14.5,,BSE Financial Services TRI*,INF247L01BD7,150444,3.21,10.44,,4.36,0.94,0.6,0.74,17,15.82,30,64.3,44.77,99.65,,18.78,3.1,10,4,4,0,3,4,21,Moderate Risk,Good,25,https://www.valueresearchonline.com/funds/42351/
Motilal Oswal BSE Top 10 Banks ETF,equity,equity,Regular,,,,BSE Financial Services TRI*,N/A,N/A,,,,,,,,,,10,99.4,80.07,99.4,,15.93,1.92,,,,,,,,,,10,https://www.valueresearchonline.com/funds/45948/
Motilal Oswal Financial Services Reg,equity,equity,Regular,,,,BSE Financial Services TRI*,INF247L01GQ8,154137,,,,,,,,,,28,53.56,34.64,97.92,,20.92,2.38,,,,,,,,,,25,https://www.valueresearchonline.com/funds/45765/
Motilal Oswal Nifty Bank Index  Reg,equity,equity,Regular,5.61,8.5,9.08,BSE Financial Services TRI*,INF247L01DM4,152876,3.21,10.44,9.32,-1.6,1.03,0.28,0.34,16.52,10.4,14,86.79,61.11,99.73,,13.23,1.71,4,3,2,0,3,2,12,High Risk,Poor,14,https://www.valueresearchonline.com/funds/40245/
Motilal Oswal Nifty MidSmall Financial Services Index Reg,equity,equity,Regular,26.2,,,BSE Financial Services TRI*,INF247L01DX1,153026,3.21,,,,,,,,,30,61.59,39.14,100.02,,16.06,2.41,,,,,,,,,,25,https://www.valueresearchonline.com/funds/44677/
Navi Nifty Bank Index Reg,equity,equity,Regular,5.59,8.52,,BSE Financial Services TRI*,INF959L01FU2,149805,3.21,10.44,,-1.6,1.03,0.29,0.34,16.56,10.42,14,87,61.26,99.97,,13.23,1.71,4,3,2,0,3,1,12,High Risk,Poor,14,https://www.valueresearchonline.com/funds/42042/
Nippon India Banking & Financial Srvices Reg,equity,equity,Regular,6.65,12.05,12.74,BSE Financial Services TRI*,INF761K01HH7,154095,3.21,10.44,9.32,1.85,0.95,0.51,0.63,15.2,13.38,38,60.08,44.87,98.34,,19.75,2.42,8,4,2,0,3,4,17,Moderately High Risk,Good,25,https://www.valueresearchonline.com/funds/1708/
Nippon India ETF Nifty Bank BeES,equity,equity,Regular,6.51,9.37,9.93,BSE Financial Services TRI*,INF204KA1U61,134552,3.21,10.44,9.32,-0.81,1.03,0.33,0.4,16.54,11.2,14,86.73,61.07,99.67,,13.93,1.66,4,3,2,0,3,,12,High Risk,Poor,14,https://www.valueresearchonline.com/funds/2255/
Nippon India ETF Nifty PSU Bank BeES,equity,equity,Regular,24.67,22.55,29.81,BSE Financial Services TRI*,INF209K01YN0,119550,3.21,10.44,9.32,13.05,1.09,0.78,1.13,25.41,25.42,12,98.84,78.45,99.95,,7.67,1.12,12,2,4,2,0,,20,Moderate Risk,Average,12,https://www.valueresearchonline.com/funds/6175/
Nippon India Nifty Bank Index Reg,equity,equity,Regular,5.79,,,BSE Financial Services TRI*,INF204KC1BV8,152387,3.21,,,,,,,,,14,86.68,61.04,99.61,,13.23,1.71,,,,,,,,,,14,https://www.valueresearchonline.com/funds/44104/
Quant BFSI Reg,equity,equity,Regular,20.64,20.63,,BSE Financial Services TRI*,INF966L01CA6,151788,3.21,10.44,,10.34,0.88,0.86,1.11,18.3,21.43,15,78.44,46.04,98.66,,14.2,1.64,12,4,6,2,2,5,26,Moderate Risk,Excellent,12,https://www.valueresearchonline.com/funds/43553/
SBI BSE PSU Bank ETF,equity,equity,Regular,24.6,,,BSE Financial Services TRI*,INF209K01YN0,119550,3.21,,,,,,,,,11,99.05,76.73,100,,7.36,1.08,,,,,,,,,,11,https://www.valueresearchonline.com/funds/45068/
SBI BSE PSU Bank Index Reg,equity,equity,Regular,23.8,,,BSE Financial Services TRI*,INF200KB1654,153434,3.21,,,,,,,,,11,99.13,76.79,100.08,,8.64,1.2,,,,,,,,,,11,https://www.valueresearchonline.com/funds/45069/
SBI Banking & Financial Services Reg,equity,equity,Regular,4.79,15.51,11.63,BSE Financial Services TRI*,INF200KA1473,133858,3.21,10.44,9.32,4.97,0.88,0.73,0.88,14.34,16.09,32,67.42,52.35,90.82,,16.16,2.19,10,4,4,0,3,4,21,Moderate Risk,Good,25,https://www.valueresearchonline.com/funds/29461/
SBI Nifty Bank ETF,equity,equity,Regular,6.51,9.38,9.94,BSE Financial Services TRI*,INF200K01V08,125503,3.21,10.44,9.32,-0.79,1.03,0.33,0.4,16.54,11.22,14,86.73,61.07,99.66,,13.93,1.66,4,3,2,0,3,,12,High Risk,Poor,14,https://www.valueresearchonline.com/funds/29709/
SBI Nifty Bank Index Reg,equity,equity,Regular,6.13,,,BSE Financial Services TRI*,INF200KB1530,153253,3.21,,,,,,,,,14,86.79,61.11,99.73,,13.23,1.71,,,,,,,,,,14,https://www.valueresearchonline.com/funds/44892/
SBI Nifty Private Bank ETF,equity,equity,Regular,6.34,6.73,8.37,BSE Financial Services TRI*,INF090I01VZ8,148304,3.21,10.44,9.32,-3.31,0.99,0.17,0.22,16.14,8.46,10,99.74,85.97,99.74,,17.62,1.93,2,3,2,0,3,,10,High Risk,Poor,10,https://www.valueresearchonline.com/funds/41149/
Sundaram Financial Services Opportunities Reg,equity,equity,Regular,11.26,12.69,12.76,BSE Financial Services TRI*,INF903J01629,109059,3.21,10.44,9.32,2.25,1.01,0.51,0.68,16.56,14.18,28,65.52,43.77,96.83,,14.25,1.78,8,3,2,0,3,4,16,Moderately High Risk,Good,25,https://www.valueresearchonline.com/funds/7611/
Tata Banking & Financial Services Reg,equity,equity,Regular,7.22,11.31,10.95,BSE Financial Services TRI*,INF277K01Y86,135794,3.21,10.44,9.32,1.08,0.97,0.45,0.62,15.75,12.76,34,63.17,43.43,96.7,,19.04,2.38,6,3,2,0,3,3,14,Moderately High Risk,Average,25,https://www.valueresearchonline.com/funds/31354/
Tata Nifty Financial Services Index Reg,equity,equity,Regular,0.38,,,BSE Financial Services TRI*,INF277KA1AX0,152574,3.21,,,,,,,,,20,84.85,60.75,99.57,,16.66,2.3,,,,,,,,,,20,https://www.valueresearchonline.com/funds/44255/
Tata Nifty Private Bank ETF,equity,equity,Regular,6.4,6.79,8.4,BSE Financial Services TRI*,INF090I01VZ8,148304,3.21,10.44,9.32,-3.25,0.99,0.18,0.23,16.15,8.52,10,99.63,86.7,99.63,,17.5,1.94,2,3,2,0,3,,10,High Risk,Poor,10,https://www.valueresearchonline.com/funds/40257/
Taurus Banking & Financial Services Reg,equity,equity,Regular,1.7,8.63,8.99,BSE Financial Services TRI*,INF044D01BI4,117312,3.21,10.44,9.32,-1.4,0.91,0.29,0.41,14.67,9.9,27,71.99,53.32,98.12,,13.75,1.89,4,4,2,0,3,2,13,Moderately High Risk,Poor,25,https://www.valueresearchonline.com/funds/14718/
UTI Banking and Financial Services Reg,equity,equity,Regular,7.02,12.49,10.66,BSE Financial Services TRI*,INF00XX01BR2,149324,3.21,10.44,9.32,2.08,0.97,0.51,0.66,15.64,13.72,29,78.38,57.17,96.42,,18.31,2.42,8,3,2,0,3,3,16,Moderately High Risk,Average,25,https://www.valueresearchonline.com/funds/2144/
UTI Nifty Bank ETF,equity,equity,Regular,6.54,9.44,10.03,BSE Financial Services TRI*,INF789F015Z6,126940,3.21,10.44,9.32,-0.74,1.03,0.34,0.4,16.54,11.27,14,86.73,61.07,99.66,,13.93,1.66,4,3,2,0,3,,12,High Risk,Poor,14,https://www.valueresearchonline.com/funds/41106/
UTI Nifty Private Bank Index Reg,equity,equity,Regular,5.38,,,BSE Financial Services TRI*,INF789F1AZI7,152865,3.21,,,,,,,,,10,99.61,85.86,99.61,,16.97,2.04,,,,,,,,,,10,https://www.valueresearchonline.com/funds/44545/
WhiteOak Capital Banking & Financial Services Reg,equity,equity,Regular,6.82,,,BSE Financial Services TRI*,INF03VN01852,152322,3.21,,,,,,,,,56,49.95,36.35,99.35,,16.33,2.12,,,,,,,,,,25,https://www.valueresearchonline.com/funds/44044/
ABSL Nifty Healthcare ETF,equity,equity,Regular,13.59,20.81,,BSE Healthcare TRI*,INF194KB1KF5,153972,15.65,22.98,,-0.9,0.99,0.95,1.58,16.45,21.37,20,77.61,49.5,99.83,,43.75,5.52,4,3,6,3,3,,19,Moderately High Risk,Average,20,https://www.valueresearchonline.com/funds/41780/
ABSL Pharma & Healthcare Reg,equity,equity,Regular,16.28,21.06,12.66,BSE Healthcare TRI*,INF209KB1N91,147407,15.65,22.98,14.41,-0.13,0.9,0.99,1.62,15.26,20.75,38,54.11,35.61,97.61,,43.97,6.24,4,4,6,3,3,3,20,Moderate Risk,Average,25,https://www.valueresearchonline.com/funds/40005/
Axis NIFTY Healthcare ETF,equity,equity,Regular,13.39,20.41,12.54,BSE Healthcare TRI*,INF579M01AN2,151165,15.65,22.98,14.41,-1.18,0.98,0.94,1.55,16.37,21.01,20,77.64,49.52,99.86,,43.75,5.52,4,3,6,3,3,,19,Moderately High Risk,Average,20,https://www.valueresearchonline.com/funds/41481/
Bajaj Finserv Healthcare Reg,equity,equity,Regular,19.98,,,BSE Healthcare TRI*,INF0QA701987,153155,15.65,,,,,,,,,32,61.85,37.77,94.56,,52.78,6.37,,,,,,,,,,25,https://www.valueresearchonline.com/funds/44772/
Bandhan BSE Healthcare Index Reg,equity,equity,Regular,14.29,,,BSE Healthcare TRI*,INF194KB1IR4,152843,15.65,,,,,,,,,125,55.55,35.64,99.93,,43.83,5.72,,,,,,,,,,25,https://www.valueresearchonline.com/funds/44511/
Bandhan Healthcare Reg,equity,equity,Regular,,,,BSE Healthcare TRI*,INF194KB1KC2,153974,,,,,,,,,,34,52.89,34.77,96.46,,43,5.71,,,,,,,,,,25,https://www.valueresearchonline.com/funds/45546/
Baroda BNP Paribas Health and Wellness Reg,equity,equity,Regular,9.09,,,BSE Healthcare TRI*,INF251K01UY7,153602,15.65,,,,,,,,,30,58.87,36.24,96.61,,47.26,7.33,,,,,,,,,,25,https://www.valueresearchonline.com/funds/45231/
DSP Healthcare Reg,equity,equity,Regular,16.39,20.92,13.84,BSE Healthcare TRI*,INF740KA1LD8,145456,15.65,22.98,14.41,0.64,0.84,0.99,1.61,14.89,20.5,29,59.03,38.17,92.67,,35.39,4.21,6,5,6,3,3,3,23,Moderate Risk,Average,25,https://www.valueresearchonline.com/funds/38197/
DSP Nifty Healthcare ETF,equity,equity,Regular,13.55,,,BSE Healthcare TRI*,INF579M01AN2,151165,15.65,,,,,,,,,20,77.54,49.46,99.78,,43.75,5.52,,,,,,,,,,20,https://www.valueresearchonline.com/funds/44001/
DSP Nifty Healthcare Index Reg,equity,equity,Regular,12.74,,,BSE Healthcare TRI*,INF740KA1WC7,153592,15.65,,,,,,,,,20,77.61,49.5,99.84,,43.33,5.61,,,,,,,,,,20,https://www.valueresearchonline.com/funds/45210/
Edelweiss MSCI India Domestic & World Healthcare 45 Index Reg,equity,equity,Regular,20.74,19.19,12.7,BSE Healthcare TRI*,INF754K01LR3,148557,15.65,22.98,14.41,2.2,0.66,1.1,2.07,12.17,19.07,42,51.31,32.64,99.82,,732.06,98.32,8,6,8,3,4,3,29,Low Risk,Average,25,https://www.valueresearchonline.com/funds/41145/
Groww BSE Hospitals ETF,equity,equity,Regular,,,,BSE Healthcare TRI*,INF666M01NX9,154223,,,,,,,,,,17,93.95,76.14,99.98,,71.52,9.23,,,,,,,,,,17,https://www.valueresearchonline.com/funds/45815/
Groww BSE Hospitals ETF FoF Reg,equity,equity,Regular,,,,BSE Healthcare TRI*,INF666M01OA5,154223,,,,,,,,,,,,,,,,,,,,,,,,,,1,https://www.valueresearchonline.com/funds/45816/
HDFC Pharma And Healthcare Reg,equity,equity,Regular,25.51,,,BSE Healthcare TRI*,INF903J01IN3,100784,15.65,,,,,,,,,37,51.84,32.99,99.53,,49.75,6.44,,,,,,,,,,25,https://www.valueresearchonline.com/funds/43784/
ICICI Pru Nifty Healthcare ETF,equity,equity,Regular,13.67,20.67,12.75,BSE Healthcare TRI*,INF109K016L0,120586,15.65,22.98,14.41,-0.97,0.98,0.95,1.57,16.39,21.24,20,77.61,49.5,99.83,,43.75,5.52,4,3,6,3,3,,19,Moderately High Risk,Average,20,https://www.valueresearchonline.com/funds/41502/
ICICI Pru Nifty Pharma Index,equity,equity,Regular,20.19,19.99,,BSE Healthcare TRI*,INF209KB1N91,147407,15.65,22.98,,-1.03,0.94,0.92,1.64,15.94,20.4,20,79.09,54.83,99.96,,41.18,5.29,4,4,6,3,3,2,20,Moderate Risk,Poor,20,https://www.valueresearchonline.com/funds/42838/
ICICI Pru Pharma Healthcare and Diagnostics,equity,equity,Regular,8.25,22.15,14.91,BSE Healthcare TRI*,INF903J01IN3,100784,15.65,22.98,14.41,0.21,0.96,1.01,1.45,16.12,21.94,35,60.26,39.2,97.16,,40.95,4.2,6,3,8,2,3,4,22,Moderate Risk,Good,25,https://www.valueresearchonline.com/funds/36528/
ITI Pharma and Healthcare Reg,equity,equity,Regular,11.09,18.29,,BSE Healthcare TRI*,INF00XX01BL5,149270,15.65,22.98,,-3.49,0.99,0.8,1.13,16.4,18.8,38,57.45,37.17,97.43,,47.6,5.89,2,3,6,2,3,1,16,Moderately High Risk,Poor,25,https://www.valueresearchonline.com/funds/41791/
Kotak Healthcare Reg,equity,equity,Regular,25.21,,,BSE Healthcare TRI*,INF174KA1PW4,152216,15.65,,,,,,,,,32,56.75,38.77,98.73,,50.41,6.56,,,,,,,,,,25,https://www.valueresearchonline.com/funds/43894/
LIC MF Healthcare Reg,equity,equity,Regular,15.62,21.86,11.14,BSE Healthcare TRI*,INF397L01LG2,152025,15.65,22.98,14.41,0.37,0.93,1.01,1.49,15.86,21.76,22,63.21,39.24,96.93,,52.26,6.42,6,4,8,2,3,1,23,Moderate Risk,Poor,22,https://www.valueresearchonline.com/funds/39049/
Mirae Asset Healthcare Reg,equity,equity,Regular,18.59,21.64,13.69,BSE Healthcare TRI*,INF769K01EA2,143785,15.65,22.98,14.41,-0.45,0.97,0.98,1.57,16.11,21.49,27,58.25,38.71,98.74,,47.87,6.12,4,3,6,3,3,3,19,Moderately High Risk,Average,25,https://www.valueresearchonline.com/funds/36380/
Mirae Asset Nifty 500 Healthcare ETF,equity,equity,Regular,,,,BSE Healthcare TRI*,INF209KB1O25,147409,,,,,,,,,,48,59.17,35.9,99.81,,45.05,5.69,,,,,,,,,,25,https://www.valueresearchonline.com/funds/45788/
Motilal Oswal BSE Healthcare ETF,equity,equity,Regular,15.43,22.67,,BSE Healthcare TRI*,INF209KB1O25,147409,15.65,22.98,,-0.23,1,1.02,1.52,16.28,22.22,125,55.43,35.57,99.67,,43.24,5.5,4,3,8,3,3,,21,Moderate Risk,Average,25,https://www.valueresearchonline.com/funds/42344/
Motilal Oswal Nifty MidSmall Helthcr Index Reg,equity,equity,Regular,16.44,,,BSE Healthcare TRI*,INF247L01DT9,153022,15.65,,,,,,,,,30,59.9,39,99.76,,44.46,5.47,,,,,,,,,,25,https://www.valueresearchonline.com/funds/44675/
Nippon India Nifty Pharma ETF,equity,equity,Regular,21.26,21.19,13.36,BSE Healthcare TRI*,INF204KA1U53,134547,15.65,22.98,14.41,-0.06,0.94,0.98,1.74,15.98,21.42,20,78.95,54.73,99.78,,40.45,5.01,4,4,6,3,3,,20,Moderate Risk,Average,20,https://www.valueresearchonline.com/funds/41539/
Nippon India Pharma Reg,equity,equity,Regular,10.69,18.29,12.52,BSE Healthcare TRI*,INF955L01IY6,154684,15.65,22.98,14.41,-2.04,0.88,0.86,1.27,14.76,18.43,35,57.34,38.41,97.32,,40.42,5.56,2,4,6,2,3,3,17,Moderately High Risk,Average,25,https://www.valueresearchonline.com/funds/2241/
PGIM India Healthcare Reg,equity,equity,Regular,22.47,,,BSE Healthcare TRI*,INF663L01Z52,153040,15.65,,,,,,,,,29,64.02,42.66,94.31,,56.59,8.52,,,,,,,,,,25,https://www.valueresearchonline.com/funds/44691/
Quant Healthcare Reg,equity,equity,Regular,20.12,19.71,,BSE Healthcare TRI*,INF966L01CG3,151855,15.65,22.98,,-1.8,0.97,0.8,1.29,18.13,20.23,14,85.61,48.1,99.21,,41.19,5.15,4,3,6,2,2,1,17,Moderately High Risk,Poor,12,https://www.valueresearchonline.com/funds/43608/
SBI Healthcare Opportunities Reg,equity,equity,Regular,20.05,23.41,17.08,BSE Healthcare TRI*,INF200K01446,102823,15.65,22.98,14.41,2.37,0.86,1.17,1.92,14.37,22.48,33,56.27,35.4,98.31,,55.62,6.51,8,4,8,3,3,5,26,Moderate Risk,Excellent,25,https://www.valueresearchonline.com/funds/632/
Tata India Pharma & Healthcare Reg,equity,equity,Regular,8.54,18.94,12.92,BSE Healthcare TRI*,INF277K016A9,135812,15.65,22.98,14.41,-3.01,0.99,0.83,1.25,16.35,19.26,37,52.74,31.33,99.13,,44.73,6.18,2,3,6,2,3,2,16,Moderately High Risk,Poor,25,https://www.valueresearchonline.com/funds/31350/
Tata Nifty MidSmall Healthcare Index Reg,equity,equity,Regular,16.32,,,BSE Healthcare TRI*,INF277KA1BD0,152567,15.65,,,,,,,,,30,60.04,39.09,100.03,,44.46,5.47,,,,,,,,,,25,https://www.valueresearchonline.com/funds/44273/
UTI Healthcare Reg,equity,equity,Regular,17.2,23.88,14.99,BSE Healthcare TRI*,INF789F01695,100807,15.65,22.98,14.41,1.22,0.95,1.08,1.72,15.92,22.94,44,42.65,26.62,97.08,,42.65,5.59,6,4,8,3,3,4,24,Moderate Risk,Good,25,https://www.valueresearchonline.com/funds/654/
WhiteOak Capital Pharma and Healthcare Reg,equity,equity,Regular,19.97,,,BSE Healthcare TRI*,INF03VN01878,152348,15.65,,,,,,,,,54,46.39,29.92,99.2,,51.31,7.47,,,,,,,,,,25,https://www.valueresearchonline.com/funds/44060/
ABSL Digital India Reg,equity,equity,Regular,-4.35,4.45,3.96,BSE IT TRI*,INF209K01140,103168,-13.83,-0.66,-1.15,4.5,0.85,0.1,0.14,20.84,7.74,39,64.42,40.58,93.18,,27.45,4.9,10,5,2,0,2,,19,Moderately High Risk,Average,25,https://www.valueresearchonline.com/funds/727/
ABSL Nifty IT ETF,equity,equity,Regular,-10.17,0.58,,BSE IT TRI*,INF209K01YN0,119550,-13.83,-0.66,,2.52,1.04,-0.02,-0.03,24.85,5.22,10,99.77,78.34,99.77,,19.7,4.86,8,3,0,0,0,,11,High Risk,Poor,10,https://www.valueresearchonline.com/funds/41807/
Axis NIFTY IT ETF,equity,equity,Regular,-10.97,0.3,-0.75,BSE IT TRI*,INF846K01CR6,120438,-13.83,-0.66,-1.15,2.24,1.04,-0.03,-0.04,24.83,4.94,10,99.85,78.4,99.85,,19.7,4.86,8,3,0,0,0,,11,High Risk,Poor,10,https://www.valueresearchonline.com/funds/41382/
Axis Nifty IT Index Reg,equity,equity,Regular,-11.73,-0.51,,BSE IT TRI*,INF846K010S6,151787,-13.83,-0.66,,1.41,1.03,-0.06,-0.09,24.8,4.12,10,99.88,78.42,99.88,,18.91,5.41,6,3,0,0,0,,9,High Risk,Poor,10,https://www.valueresearchonline.com/funds/43612/
Bandhan Nifty IT Index Reg,equity,equity,Regular,-11.88,-0.2,,BSE IT TRI*,INF194KB1GH9,152043,-13.83,-0.66,,,,,,,,10,100.4,78.83,100.4,,18.91,5.41,,,,,,,,,,10,https://www.valueresearchonline.com/funds/43726/
DSP Nifty IT ETF,equity,equity,Regular,-10.71,0.4,,BSE IT TRI*,INF740K01ZW2,124175,-13.83,-0.66,,2.34,1.04,-0.03,-0.04,24.83,5.04,10,99.78,78.34,99.78,,19.7,4.86,8,3,0,0,0,,11,High Risk,Poor,10,https://www.valueresearchonline.com/funds/43573/
DSP Nifty IT Index Reg,equity,equity,Regular,-11.68,,,BSE IT TRI*,INF740KA1WI4,153588,-13.83,,,,,,,,,10,100.02,78.53,100.02,,18.91,5.41,,,,,,,,,,10,https://www.valueresearchonline.com/funds/45206/
Edelweiss Technology Reg,equity,equity,Regular,9.95,,,BSE IT TRI*,N/A,N/A,-13.83,,,,,,,,,81,50.21,33.05,92.64,,30.36,6.24,,,,,,,,,,25,https://www.valueresearchonline.com/funds/44120/
Franklin India Technology Reg,equity,equity,Regular,-6.5,8.54,6.79,BSE IT TRI*,INF090I01742,100522,-13.83,-0.66,-1.15,7.03,0.71,0.27,0.41,18.62,10.66,22,71.04,55.96,93.16,,25.86,4.79,12,6,2,0,2,,22,Moderate Risk,Average,23,https://www.valueresearchonline.com/funds/548/
HDFC NIFTY IT ETF,equity,equity,Regular,-10.88,0.36,,BSE IT TRI*,INF179KA1IZ7,128629,-13.83,-0.66,,2.3,1.04,-0.03,-0.04,24.86,5,10,99.82,78.38,99.82,,19.7,4.86,8,3,0,0,0,,11,High Risk,Poor,10,https://www.valueresearchonline.com/funds/42716/
HDFC Nifty India Digital Index Reg,equity,equity,Regular,-2.13,,,BSE IT TRI*,INF179KC1JA6,153096,-13.83,,,,,,,,,51,61.78,38.6,94.2,,25.79,6.81,,,,,,,,,,25,https://www.valueresearchonline.com/funds/44756/
HDFC Technology Reg,equity,equity,Regular,-10.41,,,BSE IT TRI*,INF179KC1HF9,152058,-13.83,,,,,,,,,25,70.27,48.48,95.64,,25.65,4.55,,,,,,,,,,25,https://www.valueresearchonline.com/funds/43754/
ICICI Pru Nifty IT ETF,equity,equity,Regular,-10.82,0.41,-0.7,BSE IT TRI*,INF109KC13E2,150468,-13.83,-0.66,-1.15,2.35,1.04,-0.03,-0.04,24.87,5.05,10,99.86,78.41,99.86,,19.7,4.86,8,3,0,0,0,,11,High Risk,Poor,10,https://www.valueresearchonline.com/funds/41081/
ICICI Pru Nifty IT Index,equity,equity,Regular,-11.59,-0.35,,BSE IT TRI*,INF109KC10E8,150466,-13.83,-0.66,,1.58,1.04,-0.06,-0.08,24.82,4.28,10,99.94,78.47,99.94,,18.91,5.41,8,3,0,0,0,,11,High Risk,Poor,10,https://www.valueresearchonline.com/funds/42403/
ICICI Pru Technology,equity,equity,Regular,-6.51,6.24,3.56,BSE IT TRI*,INF109K01506,100363,-13.83,-0.66,-1.15,5.97,0.83,0.18,0.25,20.24,9.27,68,55.05,41.75,95.01,,25.6,4.23,12,5,2,0,2,,21,Moderate Risk,Average,25,https://www.valueresearchonline.com/funds/737/
Invesco India Tech Reg,equity,equity,Regular,4.09,,,BSE IT TRI*,N/A,N/A,-13.83,,,,,,,,,28,58.1,37.87,85.66,,35.65,6.26,,,,,,,,,,25,https://www.valueresearchonline.com/funds/44541/
Kotak Nifty IT ETF,equity,equity,Regular,-10.6,0.54,-0.58,BSE IT TRI*,INF174K01KH7,123693,-13.83,-0.66,-1.15,2.47,1.04,-0.02,-0.03,24.83,5.17,10,99.8,78.36,99.8,,19.7,4.86,8,3,0,0,0,,11,High Risk,Poor,10,https://www.valueresearchonline.com/funds/41345/
Kotak Technology Reg,equity,equity,Regular,-6.58,,,BSE IT TRI*,INF174KA1QW2,152460,-13.83,,,,,,,,,24,71.01,52.97,95.33,,28.71,5.38,,,,,,,,,,24,https://www.valueresearchonline.com/funds/44162/
LIC MF Technology Reg,equity,equity,Regular,,,,BSE IT TRI*,INF767K01SG3,154247,,,,,,,,,,31,52.19,32.16,81.48,,36.78,6.51,,,,,,,,,,25,https://www.valueresearchonline.com/funds/45853/
Mirae Asset Nifty IT ETF,equity,equity,Regular,-10.8,,,BSE IT TRI*,INF769K01FY9,148419,-13.83,,,,,,,,,10,99.97,78.49,99.97,,19.7,4.86,,,,,,,,,,10,https://www.valueresearchonline.com/funds/43832/
Motilal Oswal Digital India Reg,equity,equity,Regular,1.86,,,BSE IT TRI*,N/A,N/A,-13.83,,,,,,,,,26,52.96,30.28,80.66,,34.97,4.2,,,,,,,,,,25,https://www.valueresearchonline.com/funds/44640/
Navi Nifty IT Index Reg,equity,equity,Regular,-11.85,,,BSE IT TRI*,N/A,N/A,-13.83,,,,,,,,,10,98.31,77.19,98.31,,18.91,5.41,,,,,,,,,,10,https://www.valueresearchonline.com/funds/44232/
Nippon India ETF Nifty IT,equity,equity,Regular,-10.98,0.32,-0.77,BSE IT TRI*,INF204KC1CE2,152392,-13.83,-0.66,-1.15,2.26,1.04,-0.03,-0.04,24.85,4.96,10,99.92,78.45,99.92,,19.7,4.86,8,3,0,0,0,,11,High Risk,Poor,10,https://www.valueresearchonline.com/funds/41024/
Nippon India Nifty IT Index Reg,equity,equity,Regular,-11.64,,,BSE IT TRI*,INF204KC1CB8,152391,-13.83,,,,,,,,,10,99.92,78.45,99.92,,18.91,5.41,,,,,,,,,,10,https://www.valueresearchonline.com/funds/44108/
Quant Teck Reg,equity,equity,Regular,-3.61,,,BSE IT TRI*,INF966L01CQ2,152070,-13.83,,,,,,,,,15,78.39,45.68,97.68,,23.47,3.36,,,,,,,,,,12,https://www.valueresearchonline.com/funds/43760/
SBI Nifty IT ETF,equity,equity,Regular,-10.99,0.32,-0.78,BSE IT TRI*,INF200K01V08,125503,-13.83,-0.66,-1.15,2.26,1.04,-0.03,-0.04,24.86,4.96,10,99.91,78.45,99.91,,19.7,4.86,8,3,0,0,0,,11,High Risk,Poor,10,https://www.valueresearchonline.com/funds/41150/
SBI Nifty IT Index Reg,equity,equity,Regular,-11.5,,,BSE IT TRI*,INF200KB1597,153323,-13.83,,,,,,,,,10,100.97,79.28,100.97,,18.91,5.41,,,,,,,,,,10,https://www.valueresearchonline.com/funds/44958/
SBI Technology Opportunities Reg,equity,equity,Regular,-6.02,8.11,6.36,BSE IT TRI*,INF200K01VS4,120577,-13.83,-0.66,-1.15,7.35,0.78,0.26,0.42,19.33,10.79,26,65.76,47.04,94.56,,27.33,4.96,12,5,2,0,2,,21,Moderate Risk,Average,25,https://www.valueresearchonline.com/funds/631/
Tata Digital India Reg,equity,equity,Regular,-9.18,4.92,3.16,BSE IT TRI*,N/A,N/A,-13.83,-0.66,-1.15,5.11,0.86,0.13,0.18,20.92,8.32,50,64.71,48.55,88.78,,26.16,5.15,12,4,2,0,2,,20,Moderate Risk,Average,25,https://www.valueresearchonline.com/funds/31366/
Tata Nifty India Digital ETF,equity,equity,Regular,-1.44,11.58,,BSE IT TRI*,INF277KA1430,150345,-13.83,-0.66,,10.69,0.75,0.43,0.64,19.79,14.21,51,61.93,38.7,93.88,,26.18,5.37,12,6,2,0,2,,22,Moderate Risk,Average,25,https://www.valueresearchonline.com/funds/42165/
Tata Nifty India Digital ETF FoF Reg,equity,equity,Regular,-2.53,10.46,,BSE IT TRI*,N/A,N/A,-13.83,-0.66,,9.18,0.72,0.37,0.51,19.43,12.79,,,,,,,,12,6,2,0,2,,22,Moderate Risk,Average,1,https://www.valueresearchonline.com/funds/42254/
UTI Nifty IT ETF,equity,equity,Regular,-10.8,,,BSE IT TRI*,INF789F015Z6,126940,-13.83,,,,,,,,,10,99.63,78.22,99.63,,19.7,4.86,,,,,,,,,,10,https://www.valueresearchonline.com/funds/44072/
WhiteOak Capital Digital Bharat Reg,equity,equity,Regular,0.07,,,BSE IT TRI*,INF03VN01944,152914,-13.83,,,,,,,,,37,59.39,40.93,90.66,,42.19,5.37,,,,,,,,,,25,https://www.valueresearchonline.com/funds/44575/
ABSL Nifty Smallcap 50 Index Reg,equity,equity,Regular,17.59,19.14,13.32,BSE 250 SmallCap TRI*,INF209KB1V83,148811,8.41,13.97,15.53,4.97,1.02,0.67,1.09,22.53,20.84,50,31.95,18.26,70.29,,35.88,3.44,10,3,4,2,0,1,19,Moderately High Risk,Poor,25,https://www.valueresearchonline.com/funds/41387/
ABSL Small Cap Reg,equity,equity,Regular,20.71,14.97,13.65,BSE 250 SmallCap TRI*,INF209KB1Y23,148918,8.41,13.97,15.53,1.61,0.9,0.53,0.83,19.99,16.29,88,23,12.75,49.7,,29.34,3.74,8,4,2,0,2,2,16,Moderately High Risk,Poor,25,https://www.valueresearchonline.com/funds/5006/
Abakkus Small Cap Reg,equity,equity,Regular,,,,BSE 250 SmallCap TRI*,INF955L01IY6,154684,,,,,,,,,,62,17.4,8.89,53.55,,27.64,3.68,,,,,,,,,,25,https://www.valueresearchonline.com/funds/45862/
Axis Nifty Smallcap 50 Index Reg,equity,equity,Regular,17.48,18.99,,BSE 250 SmallCap TRI*,INF846K016H6,149896,8.41,13.97,,4.86,1.01,0.67,1.09,22.38,20.66,50,31.98,18.28,70.36,,35.88,3.44,10,3,4,2,0,4,19,Moderately High Risk,Good,25,https://www.valueresearchonline.com/funds/42116/
Axis Small Cap Reg,equity,equity,Regular,11.4,14.87,15.42,BSE 250 SmallCap TRI*,INF846K01K01,125350,8.41,13.97,15.53,2.55,0.76,0.6,0.84,16.79,15.81,127,18.52,11.34,50.36,,31.33,3.86,8,5,4,0,3,3,20,Moderate Risk,Average,25,https://www.valueresearchonline.com/funds/22333/
Bajaj Finserv Small Cap Reg,equity,equity,Regular,18.8,,,BSE 250 SmallCap TRI*,INF0QA701BK8,153609,8.41,,,,,,,,,92,28.04,16,58.08,,31.93,3.46,,,,,,,,,,25,https://www.valueresearchonline.com/funds/45269/
Bandhan Nifty Smallcap 250 Index Reg,equity,equity,Regular,9,,,BSE 250 SmallCap TRI*,INF194KB1HD6,152266,8.41,,,,,,,,,250,12.06,6.79,54.73,,32.9,3.45,,,,,,,,,,25,https://www.valueresearchonline.com/funds/43956/
Bandhan Small Cap Reg,equity,equity,Regular,13.47,23.79,18.67,BSE 250 SmallCap TRI*,INF194KB1AJ8,147944,8.41,13.97,15.53,8.98,0.92,0.89,1.42,20.41,23.9,260,18.9,11.7,49.38,,17.98,2.24,12,4,6,2,2,5,26,Moderate Risk,Excellent,25,https://www.valueresearchonline.com/funds/40562/
Bank of India Small Cap Reg,equity,equity,Regular,26.97,20.55,19.14,BSE 250 SmallCap TRI*,INF761K01ER3,145677,8.41,13.97,15.53,6.3,0.96,0.73,1.08,21.84,21.59,84,21.99,12.15,57.06,,34.59,4.76,12,3,4,2,2,4,23,Moderate Risk,Good,25,https://www.valueresearchonline.com/funds/38281/
Baroda BNP Paribas Small Cap Reg,equity,equity,Regular,10.14,,,BSE 250 SmallCap TRI*,INF251K01SO2,152130,8.41,,,,,,,,,56,29.16,16.2,57.24,,29.49,3.81,,,,,,,,,,25,https://www.valueresearchonline.com/funds/43793/
Canara Robeco Small Cap Reg,equity,equity,Regular,8.01,12.14,14.34,BSE 250 SmallCap TRI*,INF760K01JF9,146127,8.41,13.97,15.53,-0.21,0.81,0.44,0.59,17.86,13.56,86,22.55,11.97,60.85,,32.4,3.93,4,5,2,0,2,3,13,Moderately High Risk,Average,25,https://www.valueresearchonline.com/funds/38815/
DSP Nifty Smallcap 250 ETF,equity,equity,Regular,,,,BSE 250 SmallCap TRI*,INF740KA1XH4,154018,,,,,,,,,,250,12.06,6.79,54.69,,28.01,3.22,,,,,,,,,,25,https://www.valueresearchonline.com/funds/45659/
DSP Nifty Smallcap 250 Index Reg,equity,equity,Regular,,,,BSE 250 SmallCap TRI*,INF740KA1XE1,154016,,,,,,,,,,250,12.06,6.79,54.67,,32.9,3.45,,,,,,,,,,25,https://www.valueresearchonline.com/funds/45655/
DSP Nifty Smallcap250 Quality 50 Index Reg,equity,equity,Regular,-4.97,,,BSE 500 TRI*,INF740KA1TT7,152245,2.44,,,,,,,,,50,36.07,21.42,61.15,,24.74,4.27,,,,,,,,,,25,https://www.valueresearchonline.com/funds/43939/
DSP Small Cap Reg,equity,equity,Regular,18.63,16.67,18.15,BSE 250 SmallCap TRI*,INF740K01797,105989,8.41,13.97,15.53,3.41,0.93,0.6,0.93,21.22,18.41,82,27.54,17.03,59.41,,30.25,3.87,10,4,4,0,2,3,20,Moderate Risk,Average,25,https://www.valueresearchonline.com/funds/5069/
Edelweiss Nifty Smallcap 250 Index Reg,equity,equity,Regular,9.2,14.55,,BSE 250 SmallCap TRI*,INF754K01QP6,150894,8.41,13.97,,0.67,1,0.49,0.74,21.7,16.36,250,12.06,6.79,54.74,,32.9,3.45,6,3,2,0,2,3,13,Moderately High Risk,Average,25,https://www.valueresearchonline.com/funds/42806/
Edelweiss Small Cap Reg,equity,equity,Regular,10.64,14.56,16.4,BSE 250 SmallCap TRI*,INF754K01JJ4,146193,8.41,13.97,15.53,2.28,0.81,0.58,0.8,18.06,16.11,90,23.51,12.74,59.77,,32.27,4.47,8,5,2,0,2,4,17,Moderately High Risk,Good,25,https://www.valueresearchonline.com/funds/38849/
Franklin India Small Cap Reg,equity,equity,Regular,7.12,12.46,15.99,BSE 250 SmallCap TRI*,INF955L01IY6,154684,8.41,13.97,15.53,-0.61,0.89,0.42,0.65,19.93,14.04,89,20.93,11.35,57.83,,27.56,3.03,4,4,2,0,2,3,12,High Risk,Average,25,https://www.valueresearchonline.com/funds/3019/
Groww Nifty Smallcap 250 ETF,equity,equity,Regular,,,,BSE 250 SmallCap TRI*,INF666M01HY9,152431,,,,,,,,,,250,12.07,6.79,54.67,,28.01,3.22,,,,,,,,,,25,https://www.valueresearchonline.com/funds/45552/
Groww Nifty Smallcap 250 Index Reg,equity,equity,Regular,9.21,,,BSE 250 SmallCap TRI*,INF666M01HV5,152433,8.41,,,,,,,,,250,12.08,6.8,54.76,,32.9,3.45,,,,,,,,,,25,https://www.valueresearchonline.com/funds/44154/
Groww Small Cap Fund Reg,equity,equity,Regular,,,,BSE 250 SmallCap TRI*,INF666M01NM2,154102,,,,,,,,,,57,27.97,15.62,54.35,,25.04,3.39,,,,,,,,,,25,https://www.valueresearchonline.com/funds/45695/
HDFC Nifty Smallcap 250 ETF,equity,equity,Regular,9.79,15.25,,BSE 250 SmallCap TRI*,INF179KC1GE4,151727,8.41,13.97,,1.24,1,0.52,0.78,21.77,16.96,250,12.06,6.79,54.71,,28.01,3.22,6,3,2,0,2,,13,Moderately High Risk,Average,25,https://www.valueresearchonline.com/funds/43116/
HDFC Nifty Smallcap 250 Index Reg,equity,equity,Regular,9.15,14.39,,BSE 250 SmallCap TRI*,INF740KA1XE1,154016,8.41,13.97,,0.5,1,0.48,0.73,21.72,16.19,250,12.06,6.79,54.71,,32.9,3.45,6,3,2,0,2,3,13,Moderately High Risk,Average,25,https://www.valueresearchonline.com/funds/43483/
HDFC Small Cap Reg,equity,equity,Regular,-1.54,9.93,14.6,BSE 250 SmallCap TRI*,INF277KA1299,149351,8.41,13.97,15.53,-2,0.78,0.33,0.47,17.45,11.46,84,27.02,17.05,54.39,,21.44,2.92,4,5,2,0,2,3,13,Moderately High Risk,Average,25,https://www.valueresearchonline.com/funds/6770/
HSBC Small Cap Reg,equity,equity,Regular,14.72,13.84,17.33,BSE 250 SmallCap TRI*,INF917K01QC7,151133,8.41,13.97,15.53,0.32,0.98,0.46,0.66,21.79,15.79,108,19.04,10.41,59.05,,33.22,4.23,6,3,2,0,2,3,13,Moderately High Risk,Average,25,https://www.valueresearchonline.com/funds/26131/
Helios Small Cap Reg,equity,equity,Regular,,,,BSE 250 SmallCap TRI*,INF0R8701350,153909,,,,,,,,,,90,19,10.43,63.98,,41.83,5.35,,,,,,,,,,25,https://www.valueresearchonline.com/funds/45557/
ICICI Pru Nifty Smallcap 250 Index,equity,equity,Regular,9.05,14.37,,BSE 250 SmallCap TRI*,INF846K010D8,149281,8.41,13.97,,0.49,1,0.48,0.73,21.68,16.16,250,12.07,6.8,54.73,,32.9,3.45,6,3,2,0,2,3,13,Moderately High Risk,Average,25,https://www.valueresearchonline.com/funds/41787/
ICICI Pru Smallcap,equity,equity,Regular,4.11,10.49,13.94,BSE 250 SmallCap TRI*,INF769K01LD1,152457,8.41,13.97,15.53,-1.49,0.79,0.36,0.51,17.72,12.13,130,20.83,11.79,67.49,,24.81,2.82,4,5,2,0,2,3,13,Moderately High Risk,Average,25,https://www.valueresearchonline.com/funds/5646/
ITI Small Cap Reg,equity,equity,Regular,22.69,23.69,17.56,BSE 250 SmallCap TRI*,INF00XX01713,147920,8.41,13.97,15.53,9.24,0.88,0.91,1.28,19.89,23.78,82,21.65,12.37,58.56,,41.77,5.38,12,4,6,2,2,4,26,Moderate Risk,Good,25,https://www.valueresearchonline.com/funds/40530/
Invesco India Smallcap Reg,equity,equity,Regular,17.52,21.83,19.1,BSE 250 SmallCap TRI*,INF205K011T7,145139,8.41,13.97,15.53,7.89,0.86,0.84,1.05,19.55,22.16,65,35.81,21.41,55.73,,42.64,4.48,12,4,6,2,2,5,26,Moderate Risk,Excellent,25,https://www.valueresearchonline.com/funds/37841/
JM Small Cap Reg,equity,equity,Regular,18.52,,,BSE 250 SmallCap TRI*,INF192K01NE0,152612,8.41,,,,,,,,,81,29.97,17.56,60.8,,30.67,2.94,,,,,,,,,,25,https://www.valueresearchonline.com/funds/44311/
Kotak Nifty Smallcap 250 Index Reg,equity,equity,Regular,9.21,,,BSE 250 SmallCap TRI*,INF174KA1UN3,153221,8.41,,,,,,,,,250,12.06,6.79,54.7,,32.9,3.45,,,,,,,,,,25,https://www.valueresearchonline.com/funds/44866/
Kotak Nifty Smallcap 50 Index Reg,equity,equity,Regular,17.35,19.19,,BSE 250 SmallCap TRI*,INF174KA1MY7,151647,8.41,13.97,,4.98,1.02,0.67,1.09,22.55,20.86,50,31.96,18.26,70.31,,35.88,3.44,10,3,4,2,0,4,19,Moderately High Risk,Good,25,https://www.valueresearchonline.com/funds/43355/
Kotak Small Cap Reg,equity,equity,Regular,5.97,11.2,12.26,BSE 250 SmallCap TRI*,INF178L01BO1,133782,8.41,13.97,15.53,-1.04,0.86,0.39,0.56,19.41,13.27,79,29.74,18.51,58.36,,33.51,4.13,4,4,2,0,2,1,12,High Risk,Poor,25,https://www.valueresearchonline.com/funds/2597/
LIC MF Small Cap Reg,equity,equity,Regular,18.68,17.81,17.79,BSE 250 SmallCap TRI*,INF397L01JW3,152003,8.41,13.97,15.53,3.77,0.96,0.61,0.81,21.76,19.06,57,28.94,17.87,61.58,,22.98,4.34,10,3,4,0,2,3,19,Moderately High Risk,Average,25,https://www.valueresearchonline.com/funds/34270/
Mahindra Manulife Small Cap Reg,equity,equity,Regular,19.41,19.33,,BSE 250 SmallCap TRI*,INF174V01BH3,150912,8.41,13.97,,5.77,0.88,0.74,1.08,19.67,20.27,77,27.41,15.92,55.87,,26.92,3.55,12,4,4,2,2,4,24,Moderate Risk,Good,25,https://www.valueresearchonline.com/funds/42797/
Mirae Asset Nifty Smallcap 250 ETF,equity,equity,Regular,,,,BSE 250 SmallCap TRI*,INF769K01LG4,152457,,,,,,,,,,250,12.07,6.8,54.72,,28.01,3.22,,,,,,,,,,25,https://www.valueresearchonline.com/funds/45590/
Mirae Asset Nifty Smallcap 250 Momentum Quality 100 ETF,equity,equity,Regular,9.21,,,BSE 500 TRI*,INF769K01LG4,152457,2.44,,,,,,,,,100,28.53,15.82,55.87,,26.5,4.13,,,,,,,,,,25,https://www.valueresearchonline.com/funds/44091/
Mirae Asset Nifty Smallcap 250 Momentum Quality 100 ETF FoF Reg,equity,equity,Regular,7.82,,,BSE 500 TRI*,INF769K01LD1,152457,2.44,,,,,,,,,,,,,,,,,,,,,,,,,1,https://www.valueresearchonline.com/funds/44092/
Mirae Asset Small Cap Reg,equity,equity,Regular,12.3,,,BSE 250 SmallCap TRI*,INF769K01NG0,153198,8.41,,,,,,,,,80,22.64,12.64,63.78,,30.22,4.41,,,,,,,,,,25,https://www.valueresearchonline.com/funds/44822/
Motilal Oswal Nifty Microcap 250 Index Reg,equity,equity,Regular,10.99,16.33,,BSE 250 SmallCap TRI*,INF247L01BR7,151815,8.41,13.97,,2.12,1.09,0.54,0.87,24.35,18.74,252,14.75,8.34,58.02,,29.7,3.38,8,2,2,0,0,3,12,High Risk,Average,25,https://www.valueresearchonline.com/funds/43574/
Motilal Oswal Nifty Smallcap 250 ETF,equity,equity,Regular,9.84,,,BSE 250 SmallCap TRI*,INF247L01635,139872,8.41,,,,,,,,,250,12.05,6.79,54.71,,28.01,3.22,,,,,,,,,,25,https://www.valueresearchonline.com/funds/44249/
Motilal Oswal Nifty Smallcap 250 Index Reg,equity,equity,Regular,8.98,14.44,14.83,BSE 250 SmallCap TRI*,INF247L01BR7,151815,8.41,13.97,15.53,0.53,1,0.48,0.73,21.77,16.25,250,12.06,6.79,54.74,,32.9,3.45,6,3,2,0,2,2,13,Moderately High Risk,Poor,25,https://www.valueresearchonline.com/funds/40243/
Motilal Oswal Small Cap Reg,equity,equity,Regular,24.22,,,BSE 250 SmallCap TRI*,INF247L01BV9,152232,8.41,,,,,,,,,61,31.39,18.55,52.72,,32.72,4.68,,,,,,,,,,25,https://www.valueresearchonline.com/funds/43943/
Navi Nifty Smallcap250 Momentum Quality 100 Index Reg,equity,equity,Regular,8.26,,,BSE 500 TRI*,INF789F1AB06,153273,2.44,,,,,,,,,100,28.54,15.83,55.91,,26.76,4.07,,,,,,,,,,25,https://www.valueresearchonline.com/funds/45018/
Nippon India Nifty Smallcap 250 Index Reg,equity,equity,Regular,9.07,14.13,14.64,BSE 250 SmallCap TRI*,INF204KB12W7,148518,8.41,13.97,15.53,0.28,1,0.47,0.71,21.66,15.94,250,12.06,6.79,54.71,,32.9,3.45,6,3,2,0,2,2,13,Moderately High Risk,Poor,25,https://www.valueresearchonline.com/funds/41129/
Nippon India Small Cap Reg,equity,equity,Regular,10.89,14.72,18.83,BSE 250 SmallCap TRI*,INF955L01IY6,154684,8.41,13.97,15.53,1.82,0.87,0.55,0.81,19.15,16.23,251,13.79,7.96,54.75,,27.67,3.51,8,4,2,0,2,5,16,Moderately High Risk,Excellent,25,https://www.valueresearchonline.com/funds/11463/
PGIM India Small Cap Reg,equity,equity,Regular,14.42,15.6,12.73,BSE 250 SmallCap TRI*,INF663L01W30,149020,8.41,13.97,15.53,3.17,0.77,0.62,0.96,17.59,16.6,68,26.47,14.3,55.44,,42.05,5.46,10,5,4,0,2,3,21,Moderate Risk,Average,25,https://www.valueresearchonline.com/funds/41575/
Quant Small Cap Reg,equity,equity,Regular,16.98,16.8,19.18,BSE 250 SmallCap TRI*,INF966L01AA0,100177,8.41,13.97,15.53,3.28,0.89,0.61,1.03,20.16,17.89,107,35.9,21.92,49.86,,31.05,2.92,10,4,4,2,2,4,22,Moderate Risk,Good,25,https://www.valueresearchonline.com/funds/66/
Quantum Small Cap Reg,equity,equity,Regular,10.24,,,BSE 250 SmallCap TRI*,INF082J01440,152108,8.41,,,,,,,,,59,26.03,14.48,61.81,,21.58,2.81,,,,,,,,,,25,https://www.valueresearchonline.com/funds/43813/
SBI Nifty Smallcap 250 Index Reg,equity,equity,Regular,9.19,14.45,,BSE 250 SmallCap TRI*,INF200KA13P9,150676,8.41,13.97,,0.54,1,0.49,0.73,21.75,16.25,250,12.06,6.79,54.74,,32.9,3.45,6,3,2,0,2,3,13,Moderately High Risk,Average,25,https://www.valueresearchonline.com/funds/42579/
SBI Small Cap Reg,equity,equity,Regular,8.71,11.65,14.16,BSE 250 SmallCap TRI*,INF200K01T28,125494,8.41,13.97,15.53,-0.41,0.77,0.42,0.65,17.37,12.98,68,27.47,15.49,56.88,,31.73,3.97,4,5,2,0,2,2,13,Moderately High Risk,Poor,25,https://www.valueresearchonline.com/funds/10603/
Samco Small Cap Reg,equity,equity,Regular,,,,BSE 250 SmallCap TRI*,INF0GCD01537,151322,,,,,,,,,,79,30.89,17.02,52.8,,41.48,5.13,,,,,,,,,,25,https://www.valueresearchonline.com/funds/45539/
Sundaram Small Cap Reg,equity,equity,Regular,17.01,16.43,16.79,BSE 250 SmallCap TRI*,INF903J01470,100795,8.41,13.97,15.53,3.13,0.87,0.61,0.92,19.47,17.56,70,29.99,17.63,60.36,,27.24,3.17,10,4,4,0,2,4,20,Moderate Risk,Good,25,https://www.valueresearchonline.com/funds/2599/
TRUST MF Small Cap Reg,equity,equity,Regular,31.75,,,BSE 250 SmallCap TRI*,INF0GCD01776,152940,8.41,,,,,,,,,72,21.66,11.96,59.41,,41.27,5.19,,,,,,,,,,25,https://www.valueresearchonline.com/funds/44591/
Tata Small Cap Reg,equity,equity,Regular,-1.08,10.6,14.25,BSE 250 SmallCap TRI*,INF277K015O2,145208,8.41,13.97,15.53,-2.36,0.87,0.32,0.48,19.88,12.07,63,35.49,21.51,64.21,,28.77,2.99,2,4,2,0,2,1,10,High Risk,Poor,25,https://www.valueresearchonline.com/funds/37989/
The Wealth Company Small Cap Reg,equity,equity,Regular,,,,BSE 250 SmallCap TRI*,INF955L01IY6,154684,,,,,,,,,,62,23.38,12.7,54.15,,37.19,4.91,,,,,,,,,,25,https://www.valueresearchonline.com/funds/45894/
UTI Small Cap Reg,equity,equity,Regular,7.89,13.44,14.62,BSE 250 SmallCap TRI*,INF789F1AUO6,148617,8.41,13.97,15.53,0.5,0.88,0.47,0.74,19.59,14.99,108,20.31,11.69,53.93,,27.55,3.95,6,4,2,0,2,3,14,Moderately High Risk,Average,25,https://www.valueresearchonline.com/funds/41231/
Union Small Cap Reg,equity,equity,Regular,23.57,16.35,16.85,BSE 250 SmallCap TRI*,INF582M01BY1,129647,8.41,13.97,15.53,3.59,0.84,0.62,0.82,19.38,17.69,80,30.34,17.13,64.72,,39.93,5.44,10,5,4,0,2,4,21,Moderate Risk,Good,25,https://www.valueresearchonline.com/funds/26858/
Zerodha Nifty Smallcap 100 ETF,equity,equity,Regular,,,,BSE 250 SmallCap TRI*,INF579M01AN2,151165,,,,,,,,,,100,22.13,12.46,61.01,,26.65,3.17,,,,,,,,,,25,https://www.valueresearchonline.com/funds/45480/
ABSL Conglomerate Reg,equity,equity,Regular,3.79,,,BSE 500 TRI*,INF209KC1399,153127,2.44,,,,,,,,,47,45.77,29.17,66.34,,24.07,3.41,,,,,,,,,,25,https://www.valueresearchonline.com/funds/44786/
ABSL Nifty India Defence Index Reg,equity,equity,Regular,27.81,,,BSE 500 TRI*,INF209KC1159,152800,2.44,,,,,,,,,19,88.64,71.97,93.31,,50.9,10.32,,,,,,,,,,19,https://www.valueresearchonline.com/funds/44487/
ABSL Special Opportunities Reg,equity,equity,Regular,15.07,18.08,13.24,BSE 500 TRI*,INF209KB1T46,148537,2.44,11.32,10.45,6.19,0.96,0.85,1.16,15.04,18.5,67,30.7,19.86,59.57,,28.15,3.7,12,3,6,2,3,,26,Moderate Risk,Average,25,https://www.valueresearchonline.com/funds/41141/
Axis BSE India Sector Leaders Index Reg,equity,equity,Regular,,,,BSE 500 TRI*,INF846KA1416,154170,,,,,,,,,,60,41.14,24.66,46.98,,23.18,3.35,,,,,,,,,,25,https://www.valueresearchonline.com/funds/45781/
Axis Momentum Reg,equity,equity,Regular,-0.22,,,BSE 500 TRI*,INF846K010Z1,153085,2.44,,,,,,,,,54,33.76,19.11,68.68,,30.2,4.45,,,,,,,,,,25,https://www.valueresearchonline.com/funds/44766/
Axis Multi Factor Passive FoF Reg,equity,equity,Regular,2.93,9.07,,BSE 500 TRI*,INF846K014G3,149844,2.44,11.32,,-1.91,0.96,0.32,0.39,14.88,10.4,,,,,,,,4,3,2,0,3,,12,High Risk,Poor,4,https://www.valueresearchonline.com/funds/42078/
Axis Services Opportunities Reg,equity,equity,Regular,-1.2,,,BSE 500 TRI*,INF846KA1135,153621,2.44,,,,,,,,,38,53.24,31.33,79.41,,36.79,5.21,,,,,,,,,,25,https://www.valueresearchonline.com/funds/45322/
Bandhan BSE India Sector Leaders Index Reg,equity,equity,Regular,,,,BSE 500 TRI*,INF194KB1KA6,153839,,,,,,,,,,60,41.18,24.68,47.04,,23.18,3.35,,,,,,,,,,25,https://www.valueresearchonline.com/funds/45460/
Bandhan Multi-Factor Reg,equity,equity,Regular,-1.09,,,BSE 500 TRI*,INF194KB1JU6,153721,2.44,,,,,,,,,34,40.03,20.66,60.55,,16.92,2.46,,,,,,,,,,25,https://www.valueresearchonline.com/funds/45332/
Baroda BNP Paribas Business Conglomerates Reg,equity,equity,Regular,,,,BSE 500 TRI*,INF251K01VG2,153844,,,,,,,,,,43,46.26,31.21,51.93,,27.32,4.21,,,,,,,,,,25,https://www.valueresearchonline.com/funds/45456/
Edelweiss BSE Capital Mkts & Insurance ETF,equity,equity,Regular,5.78,,,BSE 500 TRI*,INF200K01V08,125503,2.44,,,,,,,,,26,67.04,45.25,99.93,,40.88,6.16,,,,,,,,,,25,https://www.valueresearchonline.com/funds/44826/
Edelweiss BSE Internet Economy Index Reg,equity,equity,Regular,8.61,,,BSE 500 TRI*,INF754K01VB6,153495,2.44,,,,,,,,,20,83.27,57.35,91.92,,35.33,9.14,,,,,,,,,,20,https://www.valueresearchonline.com/funds/45127/
Edelweiss Recently Listed IPO Reg,equity,equity,Regular,22.23,16.9,11.36,BSE 500 TRI*,INF754K01MH2,142383,2.44,11.32,10.45,5.02,1.04,0.59,0.81,20.76,17.93,52,39.55,23.35,55,,42.97,7.34,12,3,2,0,2,,19,Moderately High Risk,Average,25,https://www.valueresearchonline.com/funds/35232/
Franklin India Multi-Factor Reg,equity,equity,Regular,,,,BSE 500 TRI*,INF955L01IY6,154684,,,,,,,,,,86,33.74,22.8,56.48,,15.98,2.76,,,,,,,,,,25,https://www.valueresearchonline.com/funds/45583/
Franklin India Opportunities Reg,equity,equity,Regular,4.34,19.76,17.67,BSE 500 TRI*,INF955L01IY6,154684,2.44,11.32,10.45,7.52,1.04,0.85,1.12,17.28,20.4,49,38.94,23.26,60.27,,23.76,4.03,12,3,6,2,2,,25,Moderate Risk,Average,25,https://www.valueresearchonline.com/funds/753/
Groww BSE Power ETF,equity,equity,Regular,15.24,,,BSE Energy TRI*,INF666M01LN4,153748,4.34,,,,,,,,,17,79.29,52.6,100.01,,26.15,3.73,,,,,,,,,,17,https://www.valueresearchonline.com/funds/45370/
Groww BSE Power ETF FOF Reg,equity,equity,Regular,15.47,,,BSE Energy TRI*,INF666M01LQ7,153748,4.34,,,,,,,,,,,,,,,,,,,,,,,,,1,https://www.valueresearchonline.com/funds/45371/
Groww Nifty Capital Markets ETF,equity,equity,Regular,,,,BSE 500 TRI*,INF666M01MG6,153918,,,,,,,,,,17,82.02,60.26,99.91,,39.02,9.08,,,,,,,,,,17,https://www.valueresearchonline.com/funds/45632/
Groww Nifty Capital Markets ETF FoF Reg,equity,equity,Regular,,,,BSE 500 TRI*,INF666M01MJ0,153918,,,,,,,,,,,,,,,,,,,,,,,,,,1,https://www.valueresearchonline.com/funds/45626/
Groww Nifty Chemicals ETF,equity,equity,Regular,,,,BSE 500 TRI*,INF666M01EK5,145589,,,,,,,,,,20,77.91,51.94,99.59,,40.25,3.98,,,,,,,,,,20,https://www.valueresearchonline.com/funds/45751/
Groww Nifty India Defence ETF,equity,equity,Regular,28.62,,,BSE 500 TRI*,INF666M01IQ3,152927,2.44,,,,,,,,,19,88.64,71.97,93.31,,55.6,10.31,,,,,,,,,,19,https://www.valueresearchonline.com/funds/44590/
Groww Nifty India Defence ETF FoF Reg,equity,equity,Regular,28.14,,,BSE 500 TRI*,INF666M01IT7,152927,2.44,,,,,,,,,,,,,,,,,,,,,,,,,1,https://www.valueresearchonline.com/funds/44595/
Groww Nifty India Internet ETF,equity,equity,Regular,0.66,,,BSE 500 TRI*,INF666M01LC7,153633,2.44,,,,,,,,,27,84.34,63.38,81.69,,77.8,5.59,,,,,,,,,,25,https://www.valueresearchonline.com/funds/45241/
Groww Nifty India Internet ETF FoF Reg,equity,equity,Regular,0.17,,,BSE 500 TRI*,INF666M01LF0,153633,2.44,,,,,,,,,,,,,,,,,,,,,,,,,1,https://www.valueresearchonline.com/funds/45242/
Groww Nifty Metal ETF,equity,equity,Regular,,,,BSE 500 TRI*,INF666M01EK5,145589,,,,,,,,,,15,86.45,66.8,99.98,,16.25,2.5,,,,,,,,,,15,https://www.valueresearchonline.com/funds/45677/
Groww Nifty Realty ETF,equity,equity,Regular,,,,BSE 500 TRI*,INF666M01EK5,145589,,,,,,,,,,10,99.69,74.98,99.69,,37.3,4.02,,,,,,,,,,10,https://www.valueresearchonline.com/funds/45522/
HDFC BSE India Sector Leaders Index Reg,equity,equity,Regular,,,,BSE 500 TRI*,INF179KC1JX8,153958,,,,,,,,,,60,40.98,24.56,46.8,,23.18,3.35,,,,,,,,,,25,https://www.valueresearchonline.com/funds/45588/
HDFC Defence Reg,equity,equity,Regular,32.67,35.62,,BSE 500 TRI*,INF767K01535,105823,2.44,11.32,,19.48,1.61,0.98,1.65,31.07,36.27,24,79.89,59.97,91.01,,59.16,9.93,12,0,6,3,0,,21,Moderate Risk,Average,24,https://www.valueresearchonline.com/funds/43510/
HDFC Housing Opportunities Reg,equity,equity,Regular,-3.61,9.2,10.91,BSE 500 TRI*,INF955L01IY6,154684,2.44,11.32,10.45,-2.01,1.11,0.32,0.42,17.91,11.37,34,62.54,38.16,70.19,,16.96,2.23,2,2,2,0,2,,8,High Risk,Poor,25,https://www.valueresearchonline.com/funds/34768/
HDFC NIFTY Growth Sectors 15 ETF,equity,equity,Regular,-4.02,6.24,,BSE 500 TRI*,INF179KB15Q6,145034,2.44,11.32,,-2.44,0.8,0.19,0.26,16.12,8.79,15,81.89,53.67,87.75,,28.41,6.47,2,5,2,0,3,,12,High Risk,Poor,15,https://www.valueresearchonline.com/funds/42537/
HDFC NIFTY Realty Index Reg,equity,equity,Regular,2.26,,,BSE 500 TRI*,INF204KC1DV4,153061,2.44,,,,,,,,,10,99.6,74.91,99.6,,37.36,4.06,,,,,,,,,,10,https://www.valueresearchonline.com/funds/44210/
HSBC India Export Opportunities Reg,equity,equity,Regular,22.01,,,BSE 500 TRI*,INF336L01RL7,152830,2.44,,,,,,,,,47,37.43,22.5,58.72,,35.78,4.78,,,,,,,,,,25,https://www.valueresearchonline.com/funds/44522/
ICICI Pru Active Momentum,equity,equity,Regular,8.59,,,BSE 500 TRI*,INF084M01044,132178,2.44,,,,,,,,,43,33.14,18.15,62.53,,33.24,4.57,,,,,,,,,,25,https://www.valueresearchonline.com/funds/45355/
ICICI Pru Commodities,equity,equity,Regular,11.85,14.41,14.12,BSE 500 TRI*,INF109KC1F91,147661,2.44,11.32,10.45,3.95,0.96,0.62,0.94,17,16.27,53,54.96,34.07,97.99,,21,2.61,10,3,4,0,3,,20,Moderate Risk,Average,25,https://www.valueresearchonline.com/funds/40304/
ICICI Pru Conglomerate,equity,equity,Regular,,,,BSE 500 TRI*,INF109K1A427,153865,,,,,,,,,,41,50.88,31.39,79.13,,21.73,3.76,,,,,,,,,,25,https://www.valueresearchonline.com/funds/45487/
ICICI Pru Eqt Minimum Variance Fund Reg,equity,equity,Regular,-0.19,,,BSE 500 TRI*,INF955L01IY6,154684,2.44,,,,,,,,,35,57.81,37.97,66.11,,20.13,2.72,,,,,,,,,,25,https://www.valueresearchonline.com/funds/44742/
ICICI Pru Exports & Services,equity,equity,Regular,6.17,15.17,14.08,BSE 500 TRI*,INF209K01LV0,108273,2.44,11.32,10.45,4.42,0.84,0.78,1.16,13.09,15.89,67,35.36,24.32,66.24,,26.93,3.98,10,5,4,2,4,,25,Moderate Risk,Average,25,https://www.valueresearchonline.com/funds/2968/
ICICI Pru FMCG,equity,equity,Regular,-20.09,-3.52,4.32,BSE 500 TRI*,INF109K01902,102330,2.44,11.32,10.45,-13.92,0.86,-0.52,-0.68,15.45,-2.3,35,76.29,57.31,94.68,,35.39,7.52,0,4,0,0,3,,7,High Risk,Poor,25,https://www.valueresearchonline.com/funds/591/
ICICI Pru Housing Opportunities,equity,equity,Regular,1.11,11.27,,BSE 500 TRI*,INF209KB1T46,148537,2.44,11.32,,0.32,0.94,0.46,0.66,14.87,12.51,57,52.07,31.73,65.53,,21.53,2.73,6,4,2,0,3,,15,Moderately High Risk,Average,25,https://www.valueresearchonline.com/funds/42248/
ICICI Pru India Opportunities,equity,equity,Regular,3.13,14.17,17.54,BSE 500 TRI*,INF209KB1T46,148537,2.44,11.32,10.45,3.81,0.8,0.74,0.94,12.67,15.03,77,41.64,27.36,60.49,,18.93,2.99,10,5,4,0,4,,23,Moderate Risk,Average,25,https://www.valueresearchonline.com/funds/38583/
ICICI Pru Multi Sector Passive FoF,equity,equity,Regular,5.91,13.09,11.69,BSE 500 TRI*,INF336L01QQ8,151289,2.44,11.32,10.45,2.02,0.9,0.59,0.76,13.93,13.93,,,,,,,,8,4,2,0,4,,18,Moderately High Risk,Average,12,https://www.valueresearchonline.com/funds/1935/
ICICI Pru Nifty Commodities ETF,equity,equity,Regular,12.31,15.49,,BSE 500 TRI*,INF109K016L0,120586,2.44,11.32,,4.26,1.01,0.62,1.02,18.03,16.92,30,62.72,38.4,99.78,,16.71,2.09,10,3,4,2,2,,21,Moderate Risk,Average,25,https://www.valueresearchonline.com/funds/42947/
ICICI Pru Nifty FMCG ETF,equity,equity,Regular,-19.01,-2.19,4.16,BSE 500 TRI*,INF109K010A6,120256,2.44,11.32,10.45,-12.94,0.97,-0.36,-0.5,17.42,-0.58,15,91.63,69.09,99.78,,32.62,7.75,0,3,0,0,2,,5,High Risk,Poor,15,https://www.valueresearchonline.com/funds/41601/
ICICI Pru Nifty Metal ETF,equity,equity,Regular,38.88,,,BSE 500 TRI*,INF109KA1O37,131061,2.44,,,,,,,,,15,86.46,66.81,99.99,,16.25,2.5,,,,,,,,,,15,https://www.valueresearchonline.com/funds/44461/
ICICI Pru Nifty Oil & Gas ETF,equity,equity,Regular,2.78,,,BSE 500 TRI*,INF209K01YN0,119550,2.44,,,,,,,,,15,94.07,75.01,99.93,,12.15,1.43,,,,,,,,,,15,https://www.valueresearchonline.com/funds/44432/
ICICI Pru Quality,equity,equity,Regular,5.31,,,BSE 500 TRI*,INF03VN01985,153190,2.44,,,,,,,,,61,37.64,22.95,57.54,,31.29,5.2,,,,,,,,,,25,https://www.valueresearchonline.com/funds/45162/
ICICI Pru Rural Opportunities,equity,equity,Regular,-5.07,,,BSE 500 TRI*,INF209KB1T46,148537,2.44,,,,,,,,,47,50.83,31.16,73.51,,25.15,3.88,,,,,,,,,,25,https://www.valueresearchonline.com/funds/44844/
Kotak Active Momentum Reg,equity,equity,Regular,9.27,,,BSE 500 TRI*,INF174KA1XD8,153756,2.44,,,,,,,,,46,33.01,19.27,56.84,,27.77,4.02,,,,,,,,,,25,https://www.valueresearchonline.com/funds/45387/
Kotak BSE Housing Index Reg,equity,equity,Regular,-7.13,7.68,,BSE 500 TRI*,INF174KA1OU1,152038,2.44,11.32,,,,,,,,26,50.27,26.48,83.13,,38.08,4.13,,,,,,,,,,25,https://www.valueresearchonline.com/funds/43704/
Kotak Multi Factor Passive FoF Reg,equity,equity,Regular,,,,BSE 500 TRI*,INF846K014G3,149844,,,,,,,,,,,,,,,,,,,,,,,,,,2,https://www.valueresearchonline.com/funds/45898/
Kotak Nifty Chemicals ETF,equity,equity,Regular,,,,BSE 500 TRI*,INF174K01KM7,119757,,,,,,,,,,20,78.03,52.01,99.74,,40.25,3.97,,,,,,,,,,20,https://www.valueresearchonline.com/funds/45570/
Kotak Nifty Commodities Index Reg,equity,equity,Regular,11.74,,,BSE 500 TRI*,INF174KA1VH3,153351,2.44,,,,,,,,,30,62.7,38.39,99.78,,17.5,2.12,,,,,,,,,,25,https://www.valueresearchonline.com/funds/44989/
Kotak Nifty India Tourism Index Reg,equity,equity,Regular,-16.03,,,BSE 500 TRI*,INF174KA1TC8,152872,2.44,,,,,,,,,15,91.45,74.15,99.94,,191.08,10.59,,,,,,,,,,15,https://www.valueresearchonline.com/funds/44537/
Kotak Rural Opportunities Reg,equity,equity,Regular,,,,BSE 500 TRI*,INF174KA1XZ1,153969,,,,,,,,,,47,51.14,35.13,65.96,,24.56,3.77,,,,,,,,,,25,https://www.valueresearchonline.com/funds/45595/
Kotak Services Reg,equity,equity,Regular,,,,BSE 500 TRI*,INF174KA1YY2,154151,,,,,,,,,,45,64.64,42.11,81.68,,19.67,2.85,,,,,,,,,,25,https://www.valueresearchonline.com/funds/45795/
Kotak Special Opportunities Reg,equity,equity,Regular,19.83,,,BSE 500 TRI*,INF174KA1SC0,152703,2.44,,,,,,,,,40,36.64,19.65,54.61,,26.69,2.85,,,,,,,,,,25,https://www.valueresearchonline.com/funds/44380/
Mirae Asset BSE India Defence ETF,equity,equity,Regular,,,,BSE 500 TRI*,INF769K01QG3,154189,,,,,,,,,,33,74.91,53.36,92.51,,47.84,8.07,,,,,,,,,,25,https://www.valueresearchonline.com/funds/45790/
Mirae Asset BSE India Defence ETF FoF Reg,equity,equity,Regular,,,,BSE 500 TRI*,INF769K01QD0,154189,,,,,,,,,,,,,,,,,,,,,,,,,,1,https://www.valueresearchonline.com/funds/45809/
Mirae Asset BSE Select IPO ETF,equity,equity,Regular,-1.02,,,BSE 500 TRI*,INF769K01OK0,153387,2.44,,,,,,,,,71,40.12,25.22,63.01,,50.29,4.72,,,,,,,,,,25,https://www.valueresearchonline.com/funds/45020/
Mirae Asset BSE Select IPO ETF FoF Reg,equity,equity,Regular,-1.6,,,BSE 500 TRI*,INF769K01OH6,153387,2.44,,,,,,,,,,,,,,,,,,,,,,,,,1,https://www.valueresearchonline.com/funds/45021/
Mirae Asset Multi Factor Passive FoF Reg,equity,equity,Regular,6.16,,,BSE 500 TRI*,INF769K01PE0,153818,2.44,,,,,,,,,,,,,,,,,,,,,,,,,8,https://www.valueresearchonline.com/funds/45434/
Mirae Asset Nifty India Internet ETF,equity,equity,Regular,0.86,,,BSE 500 TRI*,INF090I01VZ8,148304,2.44,,,,,,,,,27,84.38,63.42,81.74,,77.8,5.59,,,,,,,,,,25,https://www.valueresearchonline.com/funds/45250/
Mirae Asset Nifty Metal ETF,equity,equity,Regular,39.26,,,BSE 500 TRI*,INF769K01QM1,154218,2.44,,,,,,,,,15,86.5,66.84,100.04,,16.25,2.5,,,,,,,,,,15,https://www.valueresearchonline.com/funds/44588/
Mirae Asset Nifty Metal ETF FoF Reg,equity,equity,Regular,,,,BSE 500 TRI*,INF769K01QJ7,154218,,,,,,,,,,,,,,,,,,,,,,,,,,1,https://www.valueresearchonline.com/funds/45831/
Motilal Oswal Active Momentum Reg,equity,equity,Regular,26.73,,,BSE 500 TRI*,INF247L01ES9,153365,2.44,,,,,,,,,24,51.14,29.54,63.15,,64.91,8.83,,,,,,,,,,25,https://www.valueresearchonline.com/funds/45000/
Motilal Oswal BSE Select IPO ETF,equity,equity,Regular,,,,BSE 500 TRI*,INF247L01EJ8,153258,,,,,,,,,,71,40.12,25.22,63.01,,50.27,4.72,,,,,,,,,,25,https://www.valueresearchonline.com/funds/45639/
Motilal Oswal Multi Factor Passive FoF Reg,equity,equity,Regular,,,,BSE 500 TRI*,INF955L01IY6,154684,,,,,,,,,,,,,,,,,,,,,,,,,,4,https://www.valueresearchonline.com/funds/45873/
Motilal Oswal Nifty Capital Market ETF,equity,equity,Regular,28.45,,,BSE 500 TRI*,INF247L01EB5,153138,2.44,,,,,,,,,17,81.99,60.23,99.87,,39.02,9.07,,,,,,,,,,17,https://www.valueresearchonline.com/funds/45051/
Motilal Oswal Nifty Capital Market Index Reg,equity,equity,Regular,27.65,,,BSE 500 TRI*,INF247L01EC3,153137,2.44,,,,,,,,,17,82.06,60.28,99.95,,38.76,8.81,,,,,,,,,,17,https://www.valueresearchonline.com/funds/44754/
Motilal Oswal Nifty India Defence ETF,equity,equity,Regular,28.78,,,BSE 500 TRI*,INF247L01CW5,152712,2.44,,,,,,,,,19,88.62,71.96,93.3,,55.6,10.31,,,,,,,,,,19,https://www.valueresearchonline.com/funds/44517/
Motilal Oswal Nifty India Defence Index Reg,equity,equity,Regular,27.96,,,BSE 500 TRI*,INF247L01CV7,152711,2.44,,,,,,,,,19,88.7,72.01,93.38,,50.9,10.32,,,,,,,,,,19,https://www.valueresearchonline.com/funds/44396/
Motilal Oswal Nifty India Tourism ETF,equity,equity,Regular,-15.67,,,BSE 500 TRI*,INF090I01VZ8,148304,2.44,,,,,,,,,15,91.44,74.14,99.93,,51.66,7.14,,,,,,,,,,15,https://www.valueresearchonline.com/funds/45240/
Motilal Oswal Nifty MidSmall IT and Telecom Index Reg,equity,equity,Regular,9.24,,,BSE IT TRI*,INF247L01DZ6,153028,-13.83,,,,,,,,,20,80.21,57.72,101.08,,15.12,8.66,,,,,,,,,,20,https://www.valueresearchonline.com/funds/44681/
Motilal Oswal Nifty Realty ETF,equity,equity,Regular,3.17,,,BSE 500 TRI*,INF247L01247,124234,2.44,,,,,,,,,10,99.85,75.11,99.85,,37.3,4.02,,,,,,,,,,10,https://www.valueresearchonline.com/funds/44250/
Motilal Oswal Nifty Services Sector ETF,equity,equity,Regular,,,,BSE 500 TRI*,INF209K014W1,125597,,,,,,,,,,30,71.81,51.61,92.72,,19.68,2.78,,,,,,,,,,25,https://www.valueresearchonline.com/funds/45660/
Motilal Oswal Services Reg,equity,equity,Regular,13.99,,,BSE 500 TRI*,INF247L01FG1,153561,2.44,,,,,,,,,33,49.83,28.22,74.29,,33.11,4.17,,,,,,,,,,25,https://www.valueresearchonline.com/funds/45184/
Motilal Oswal Special Opportunities Reg,equity,equity,Regular,23.33,,,BSE 500 TRI*,INF247L01FV0,153751,2.44,,,,,,,,,24,53.46,30.8,62.22,,53.28,7.28,,,,,,,,,,24,https://www.valueresearchonline.com/funds/45391/
Nippon India Active Momentum Reg,equity,equity,Regular,13.22,,,BSE 500 TRI*,INF204KC1EH1,153276,2.44,,,,,,,,,40,37.58,23.78,63.68,,33.37,4.23,,,,,,,,,,25,https://www.valueresearchonline.com/funds/44936/
Nippon India Nifty Realty Index Reg,equity,equity,Regular,2.32,,,BSE 500 TRI*,INF204KC1DV4,153061,2.44,,,,,,,,,10,99.88,75.13,99.88,,37.36,4.06,,,,,,,,,,10,https://www.valueresearchonline.com/funds/44710/
Quant Commodities Reg,equity,equity,Regular,15.86,,,BSE 500 TRI*,INF966L01DC0,152256,2.44,,,,,,,,,14,84.71,49.02,96.07,,30.18,4.09,,,,,,,,,,11,https://www.valueresearchonline.com/funds/43964/
Quant Momentum Reg,equity,equity,Regular,11.94,,,BSE 500 TRI*,INF966L01CW0,152190,2.44,,,,,,,,,17,73.97,44.49,66.05,,30.15,3.07,,,,,,,,,,12,https://www.valueresearchonline.com/funds/43880/
Quantum Ethical Reg,equity,equity,Regular,0,,,BSE 500 TRI*,INF082J01481,153095,2.44,,,,,,,,,45,33.61,18.87,66.09,,35.97,5.54,,,,,,,,,,25,https://www.valueresearchonline.com/funds/44770/
SBI Comma Reg,equity,equity,Regular,14.76,16.11,11.17,BSE 500 TRI*,INF200K01339,103145,2.44,11.32,10.45,4.51,0.98,0.68,1.1,16.66,17,41,43.67,26.38,86.2,,17.99,2.15,10,3,4,2,3,,22,Moderate Risk,Average,25,https://www.valueresearchonline.com/funds/2812/
SBI Equity Minimum Variance Reg,equity,equity,Regular,-2.43,7.69,8.06,BSE 500 TRI*,INF200KA1A48,146644,2.44,11.32,10.45,-2.46,0.89,0.25,0.34,14.51,9.37,50,57.47,35.68,61.53,,23.45,4.11,2,4,2,0,3,,11,High Risk,Poor,25,https://www.valueresearchonline.com/funds/39362/
SBI Quality Reg,equity,equity,Regular,,,,BSE 500 TRI*,INF200KB1AD3,154175,,,,,,,,,,44,43.59,29.29,54.94,,34.37,6.78,,,,,,,,,,25,https://www.valueresearchonline.com/funds/45791/
Samco Active Momentum Reg,equity,equity,Regular,13.9,13.75,,BSE 500 TRI*,INF0K1H01073,151752,2.44,11.32,,4.03,0.77,0.53,1.08,17.51,15.05,60,37.97,24.78,50.64,,27.12,4.29,10,5,2,2,2,,21,Moderate Risk,Average,25,https://www.valueresearchonline.com/funds/43514/
Samco Special Opportunities Reg,equity,equity,Regular,2.04,,,BSE 500 TRI*,INF0K1H01172,152587,2.44,,,,,,,,,50,33.56,21.58,54.29,,57.58,6.87,,,,,,,,,,25,https://www.valueresearchonline.com/funds/44279/
Shriram Multi Sector Rotation Reg,equity,equity,Regular,6.29,,,BSE 500 TRI*,INF680P01463,153077,2.44,,,,,,,,,42,43.47,26.36,69.14,,20.17,3.21,,,,,,,,,,25,https://www.valueresearchonline.com/funds/44668/
Sundaram Multi-Factor Reg,equity,equity,Regular,-1.36,,,BSE 500 TRI*,INF903JA1LY0,153667,2.44,,,,,,,,,76,27.64,16.79,59.3,,16.34,2.56,,,,,,,,,,25,https://www.valueresearchonline.com/funds/45283/
Sundaram Services Reg,equity,equity,Regular,6.33,13.98,12.75,BSE 500 TRI*,INF903JA1EX7,144838,2.44,11.32,10.45,2.76,0.92,0.61,0.86,14.99,14.83,55,38.19,23.21,73.19,,26.77,3.15,8,4,4,0,3,,19,Moderately High Risk,Average,25,https://www.valueresearchonline.com/funds/37575/
Tata BSE Select Business Groups Index Reg,equity,equity,Regular,4.11,,,BSE 500 TRI*,INF277KA1CX6,153134,2.44,,,,,,,,,30,71.08,53.44,71.57,,20.65,3.57,,,,,,,,,,25,https://www.valueresearchonline.com/funds/44790/
Tata Ethical Reg,equity,equity,Regular,-5.91,3.71,5.49,BSE 500 TRI*,INF277K01956,100415,2.44,11.32,10.45,-6.1,0.9,0.01,0.01,14.71,5.82,57,36.22,23.02,62.88,,27.42,4.04,0,4,2,0,3,,9,High Risk,Poor,25,https://www.valueresearchonline.com/funds/213/
Tata Housing Opportunities Reg,equity,equity,Regular,-2.04,6.39,,BSE 500 TRI*,INF277KA1521,150537,2.44,11.32,,-5.33,1.16,0.14,0.19,18.77,8.39,30,55.3,35.13,67.98,,22.75,2.88,0,0,2,0,2,,4,High Risk,Poor,25,https://www.valueresearchonline.com/funds/42445/
Tata Nifty Capital Markets Index Fund Reg,equity,equity,Regular,27.37,,,BSE 500 TRI*,INF277KA1CL1,152954,2.44,,,,,,,,,17,82.36,60.5,100.3,,38.76,8.81,,,,,,,,,,17,https://www.valueresearchonline.com/funds/44636/
Tata Nifty India Tourism Index Reg,equity,equity,Regular,-16.09,,,BSE 500 TRI*,INF277KA1BZ3,152746,2.44,,,,,,,,,15,91.48,74.17,99.97,,191.08,10.59,,,,,,,,,,15,https://www.valueresearchonline.com/funds/44424/
Tata Nifty Realty Index Reg,equity,equity,Regular,2.38,,,BSE 500 TRI*,INF277KA1AL5,152573,2.44,,,,,,,,,10,99.82,75.08,99.82,,37.36,4.06,,,,,,,,,,10,https://www.valueresearchonline.com/funds/44259/
Taurus Ethical Reg,equity,equity,Regular,0.85,8.9,8.44,BSE 500 TRI*,INF044D01864,111787,2.44,11.32,10.45,-1.45,0.95,0.33,0.46,15.55,10.81,58,38.26,23.6,53.25,,25.06,3.78,4,4,2,0,3,,13,Moderately High Risk,Average,25,https://www.valueresearchonline.com/funds/10244/
The Wealth Company Ethical Reg,equity,equity,Regular,,,,BSE 500 TRI*,INF2F0001248,153897,,,,,,,,,,44,32.52,17.4,61.27,,33.8,5.48,,,,,,,,,,25,https://www.valueresearchonline.com/funds/45523/
UTI BSE Housing Index Reg,equity,equity,Regular,-7.09,7.73,,BSE 500 TRI*,INF789F1AYS9,151763,2.44,11.32,,-3.19,1.17,0.25,0.32,19.36,10.56,26,50.13,26.4,82.9,,38.08,4.13,2,0,2,0,2,,6,High Risk,Poor,25,https://www.valueresearchonline.com/funds/43520/
Union Active Momentum Reg,equity,equity,Regular,17.61,,,BSE 500 TRI*,INF582M01KC8,153111,2.44,,,,,,,,,41,29.01,15.98,63.42,,38.23,5.83,,,,,,,,,,25,https://www.valueresearchonline.com/funds/44782/
WhiteOak Capital Quality Equity Reg,equity,equity,Regular,-2.12,,,BSE 500 TRI*,INF03VN01985,153190,2.44,,,,,,,,,56,45.4,31.36,54.48,,38.35,5.79,,,,,,,,,,25,https://www.valueresearchonline.com/funds/44852/
WhiteOak Capital Special Opportunities Reg,equity,equity,Regular,14.92,,,BSE 500 TRI*,INF03VN01894,152643,2.44,,,,,,,,,87,29.31,18.22,54.33,,28.05,3.42,,,,,,,,,,25,https://www.valueresearchonline.com/funds/44332/
ABSL MNC Reg,equity,equity,Regular,-5.38,6.96,5.74,BSE 500 TRI*,INF209K01322,100064,2.44,11.32,10.45,-3.59,0.96,0.19,0.26,15.96,8.71,66,35.98,20.59,56.64,,35.81,6.14,2,3,2,0,3,,10,High Risk,Poor,25,https://www.valueresearchonline.com/funds/25/
HDFC MNC Reg,equity,equity,Regular,2.83,6.5,,BSE 500 TRI*,INF767K01535,105823,2.44,11.32,,-4.04,0.99,0.17,0.2,16.19,8.46,42,51.16,33.59,67.67,,38.12,7.62,2,3,2,0,3,,10,High Risk,Poor,25,https://www.valueresearchonline.com/funds/43177/
ICICI Pru MNC,equity,equity,Regular,7.04,10.38,10.97,BSE 500 TRI*,INF209K01322,100064,2.44,11.32,10.45,0.23,0.83,0.44,0.51,13.48,11.65,54,46.11,27.8,65.13,,29.12,5.52,6,5,2,0,4,,17,Moderately High Risk,Average,25,https://www.valueresearchonline.com/funds/39975/
Kotak MNC Reg,equity,equity,Regular,20.68,,,BSE 500 TRI*,INF174KA1TJ3,152913,2.44,,,,,,,,,43,41.53,24.01,62.45,,40.27,7.25,,,,,,,,,,25,https://www.valueresearchonline.com/funds/44577/
Kotak Nifty MNC ETF,equity,equity,Regular,8.65,14.12,,BSE 500 TRI*,INF174K01KH7,123693,2.44,11.32,,3.44,0.98,0.61,0.71,16.79,15.93,30,64.04,43.43,75.35,,32.69,7.42,10,3,4,0,3,,20,Moderate Risk,Average,25,https://www.valueresearchonline.com/funds/42418/
Motilal Oswal Nifty MNC ETF,equity,equity,Regular,,,,BSE 500 TRI*,INF247L01247,124234,,,,,,,,,,30,63.99,43.37,75.2,,32.69,7.42,,,,,,,,,,25,https://www.valueresearchonline.com/funds/45678/
Nippon India MNC Reg,equity,equity,Regular,2.94,,,BSE 500 TRI*,INF204KC1345,149759,2.44,,,,,,,,,35,55.16,33.62,58.13,,33.84,6.27,,,,,,,,,,25,https://www.valueresearchonline.com/funds/45294/
SBI MNC Reg,equity,equity,Regular,16.03,7.43,7.93,BSE 500 TRI*,INF200K01271,103034,2.44,11.32,10.45,-2.13,0.76,0.23,0.35,13.58,8.81,47,37.45,21.53,68.61,,41.17,6.3,2,5,2,0,4,,13,Moderately High Risk,Average,25,https://www.valueresearchonline.com/funds/201/
UTI MNC Reg,equity,equity,Regular,0.71,8.89,7.71,BSE 500 TRI*,INF789F01844,100740,2.44,11.32,10.45,-1.5,0.9,0.32,0.38,14.51,10.4,60,41.17,27.32,57.78,,33.06,6.15,4,4,2,0,3,,13,Moderately High Risk,Average,25,https://www.valueresearchonline.com/funds/544/
Baroda BNP Paribas Energy Opportunities Reg,equity,equity,Regular,3.88,,,BSE Energy TRI*,INF251K01UG4,153226,4.34,,,,,,,,,32,53.76,33.28,94.31,,16.9,2.18,,,,,,,,,,25,https://www.valueresearchonline.com/funds/44848/
DSP Natural Resources and New Energy Reg,equity,equity,Regular,20.93,18.91,15.42,BSE Energy TRI*,INF740K01060,108202,4.34,14.39,11.73,8.04,0.63,0.9,1.54,15.83,19.9,24,60.16,35.13,80.01,,12.35,1.61,12,6,6,3,3,,30,Low Risk,Good,25,https://www.valueresearchonline.com/funds/7128/
ICICI Pru Energy Opportunities Reg,equity,equity,Regular,16.75,,,BSE Energy TRI*,INF955L01IY6,154684,4.34,,,,,,,,,80,42.72,30.56,89.6,,17.21,2.23,,,,,,,,,,25,https://www.valueresearchonline.com/funds/44416/
Kotak Energy Opportunities Reg,equity,equity,Regular,6.45,,,BSE Energy TRI*,INF174KA1WA6,153449,4.34,,,,,,,,,38,51.67,31.72,85.62,,17.06,2.33,,,,,,,,,,25,https://www.valueresearchonline.com/funds/45064/
Mirae Asset Nifty Energy ETF,equity,equity,Regular,,,,BSE Energy TRI*,INF769K01GK6,148529,,,,,,,,,,40,59.54,41,97.55,,15.85,2.12,,,,,,,,,,25,https://www.valueresearchonline.com/funds/45587/
Motilal Oswal Nifty Energy ETF,equity,equity,Regular,,,,BSE Energy TRI*,INF247L01247,124234,,,,,,,,,,40,59.52,40.99,97.55,,15.85,2.12,,,,,,,,,,25,https://www.valueresearchonline.com/funds/45556/
SBI Energy Opportunities Reg,equity,equity,Regular,7.89,,,BSE Energy TRI*,INF200KB1092,152418,4.34,,,,,,,,,36,58.28,35.61,88.04,,15.23,1.88,,,,,,,,,,25,https://www.valueresearchonline.com/funds/44144/
Tata Resources & Energy Reg,equity,equity,Regular,9.46,14.32,11.35,BSE Energy TRI*,INF277K012B6,135815,4.34,14.39,11.73,2.82,0.72,0.56,0.97,17.64,15.64,45,42.62,24.48,93.93,,20.32,2.36,8,6,2,0,2,,18,Moderately High Risk,Average,25,https://www.valueresearchonline.com/funds/31362/
ABSL ESG Integration Strategy Reg,equity,equity,Regular,1.99,10.23,6.74,BSE 100 TRI*,INF209KB1U43,148635,-0.35,9.89,9.14,0.66,1,0.41,0.53,14.95,11.79,53,39.19,24.42,74.23,,26.4,3.56,6,3,2,0,3,,14,Moderately High Risk,Average,25,https://www.valueresearchonline.com/funds/41219/
Axis ESG Integration Strategy Reg,equity,equity,Regular,-0.43,8.5,4.98,BSE 100 TRI*,INF846K01W56,147929,-0.35,9.89,9.14,-0.67,0.9,0.31,0.4,13.42,9.91,42,41.1,25.63,68.57,,27.25,3.56,4,4,2,0,4,,14,Moderately High Risk,Average,25,https://www.valueresearchonline.com/funds/40534/
Baroda BNP Paribas ESG Best-in-class strategy Reg,equity,equity,Regular,,,,BSE 100 TRI*,INF251K01VM0,154194,,,,,,,,,,50,41.02,26.76,66.71,,26.53,4.2,,,,,,,,,,25,https://www.valueresearchonline.com/funds/45835/
ICICI Pru ESG Exclusionary Strategy,equity,equity,Regular,-3.66,11.02,8.84,BSE 100 TRI*,INF109KC1O09,148517,-0.35,9.89,9.14,1.48,0.97,0.46,0.69,14.61,12.44,54,48.87,32.14,58.95,,25.52,3.33,6,3,2,0,3,,14,Moderately High Risk,Average,25,https://www.valueresearchonline.com/funds/41125/
Invesco India ESG Integration Strategy Reg,equity,equity,Regular,-0.58,8.7,6.55,BSE 100 TRI*,INF205KA1304,148753,-0.35,9.89,9.14,-0.66,1.01,0.31,0.4,15.45,10.49,40,43.38,25.88,77.93,,31.34,4.48,4,3,2,0,3,,12,High Risk,Poor,25,https://www.valueresearchonline.com/funds/41337/
Kotak ESG Exclusionary Strategy Reg,equity,equity,Regular,-2.12,8.07,6.09,BSE 100 TRI*,INF174KA1FF0,148602,-0.35,9.89,9.14,-0.94,0.94,0.3,0.36,13.77,9.87,46,49.35,29.58,64.18,,22.54,3.39,4,4,2,0,4,,14,Moderately High Risk,Average,25,https://www.valueresearchonline.com/funds/41200/
Mirae Asset Nifty 100 ESG Sector Leaders ETF,equity,equity,Regular,-3.28,8.67,6.68,BSE 100 TRI*,INF769K01GQ3,148574,-0.35,9.89,9.14,-0.96,0.97,0.31,0.42,13.95,9.99,60,54.99,39.9,67.69,,23.12,3.1,4,3,2,0,4,,13,Moderately High Risk,Average,25,https://www.valueresearchonline.com/funds/41157/
Mirae Asset Nifty 100 ESG Sector Leaders FoF Reg,equity,equity,Regular,-3.7,8.25,6.24,BSE 100 TRI*,INF769K01GN0,148576,-0.35,9.89,9.14,-1.46,0.97,0.27,0.37,13.95,9.47,,,,,,,,4,3,2,0,4,,13,Moderately High Risk,Average,1,https://www.valueresearchonline.com/funds/41158/
Quant ESG Integration Strategy Reg,equity,equity,Regular,23,16.2,16.75,BSE 100 TRI*,INF966L01AB8,148560,-0.35,9.89,9.14,5.96,1.16,0.6,0.96,20.54,17.96,17,76.27,44.83,73.29,,28.72,3.49,12,0,4,0,2,,18,Moderately High Risk,Average,13,https://www.valueresearchonline.com/funds/41163/
Quantum ESG Best In Class Strategy Reg,equity,equity,Regular,-3.96,7.37,6.51,BSE 100 TRI*,INF082J01390,147371,-0.35,9.89,9.14,-2,1.03,0.23,0.29,15.39,9.29,52,34.64,21.19,67.65,,33.13,4.72,4,3,2,0,3,,12,High Risk,Poor,25,https://www.valueresearchonline.com/funds/40009/
SBI ESG Exclusionary Strategy Reg,equity,equity,Regular,0.88,9.16,7.92,BSE 100 TRI*,INF200K01214,104523,-0.35,9.89,9.14,-0.3,0.99,0.35,0.41,14.48,10.75,44,48.17,29.64,64.4,,25.38,3.73,4,3,2,0,3,,12,High Risk,Poor,25,https://www.valueresearchonline.com/funds/190/
WhiteOak Capital ESG Best-In-Class Strategy Reg,equity,equity,Regular,-2.75,,,BSE 100 TRI*,INF03VN01969,152963,-0.35,,,,,,,,,56,47.3,33.2,63.13,,30.81,4.29,,,,,,,,,,25,https://www.valueresearchonline.com/funds/44644/
ABSL Nifty PSE ETF,equity,equity,Regular,5.13,,,BSE PSU TRI*,INF209K01YN0,119550,12.02,,,,,,,,,20,77.05,50.64,89.55,,12.01,1.81,,,,,,,,,,20,https://www.valueresearchonline.com/funds/44301/
ABSL PSU Equity Reg,equity,equity,Regular,14.47,19.71,22.26,BSE PSU TRI*,INF209KB1O66,147846,12.02,22.78,25.27,-1.66,0.96,0.73,1.22,23.25,22.63,33,63.19,43.35,89.45,,11.54,1.69,4,3,4,2,0,,13,Moderately High Risk,Average,25,https://www.valueresearchonline.com/funds/40478/
CPSE ETF,equity,equity,Regular,4.81,22.92,28.77,BSE PSU TRI*,INF209KB16F2,149780,12.02,22.78,25.27,2.02,0.88,0.85,1.62,22.42,24.68,11,99.08,86.34,99.8,,13.15,1.92,8,4,6,3,0,,21,Moderate Risk,Average,11,https://www.valueresearchonline.com/funds/25711/
Groww Nifty India Railways PSU ETF,equity,equity,Regular,-17.97,,,BSE PSU TRI*,INF666M01JK4,153230,12.02,,,,,,,,,17,93.42,75.27,96.4,,22.29,2.75,,,,,,,,,,17,https://www.valueresearchonline.com/funds/44875/
Groww Nifty India Railways PSU Index Reg,equity,equity,Regular,-18.52,,,BSE PSU TRI*,INF666M01JN8,153232,12.02,,,,,,,,,17,93.57,75.39,96.54,,14.14,1.76,,,,,,,,,,17,https://www.valueresearchonline.com/funds/44876/
Groww Nifty PSE ETF,equity,equity,Regular,,,,BSE PSU TRI*,INF666M01NR1,154173,,,,,,,,,,20,77.1,50.66,89.6,,12.01,1.81,,,,,,,,,,20,https://www.valueresearchonline.com/funds/45783/
Groww Nifty PSE ETF FOF Reg,equity,equity,Regular,,,,BSE PSU TRI*,INF666M01NU5,154173,,,,,,,,,,,,,,,,,,,,,,,,,,1,https://www.valueresearchonline.com/funds/45784/
ICICI Pru PSU Equity,equity,equity,Regular,9.81,20.7,,BSE PSU TRI*,INF209K01LV0,108273,12.02,22.78,,0.33,0.83,0.82,1.4,20.05,22.1,48,61.84,44.12,86.69,,11.59,1.66,6,5,6,2,2,,21,Moderate Risk,Average,25,https://www.valueresearchonline.com/funds/42449/
Invesco India PSU Equity Reg,equity,equity,Regular,6.87,19.59,20.01,BSE PSU TRI*,INF205K01338,112171,12.02,22.78,25.27,-2.06,0.96,0.7,1.13,23.67,22.19,27,57.33,36.04,86.92,,19.44,2.56,2,3,4,2,0,,11,High Risk,Poor,25,https://www.valueresearchonline.com/funds/10694/
Kotak BSE PSU Index Reg,equity,equity,Regular,10.79,,,BSE PSU TRI*,INF174KA1SI7,152752,12.02,,,,,,,,,61,61.23,44.29,90.23,,10.89,1.66,,,,,,,,,,25,https://www.valueresearchonline.com/funds/44428/
Motilal Oswal Nifty PSE ETF,equity,equity,Regular,4.73,,,BSE PSU TRI*,INF247L01247,124234,12.02,,,,,,,,,20,76.91,50.54,89.37,,12.02,1.81,,,,,,,,,,20,https://www.valueresearchonline.com/funds/45230/
Quant PSU Reg,equity,equity,Regular,9.91,,,BSE PSU TRI*,INF966L01DQ0,152413,12.02,,,,,,,,,13,83.48,47.62,77.04,,12.03,1.56,,,,,,,,,,10,https://www.valueresearchonline.com/funds/44140/
SBI PSU Reg,equity,equity,Regular,10.97,20.02,22.56,BSE PSU TRI*,INF200K01BC0,113099,12.02,22.78,25.27,-0.87,0.92,0.76,1.3,22.33,22.64,24,74.42,51.74,91.88,,12.2,1.74,4,4,4,2,0,,14,Moderately High Risk,Average,24,https://www.valueresearchonline.com/funds/11198/
ABSL Consumption Reg,equity,equity,Regular,-7.04,8.54,8.8,BSE 500 TRI*,INF209KB14J9,150482,2.44,11.32,10.45,-2.21,0.96,0.29,0.36,15.56,10.14,68,39.44,24.12,71.62,,39.29,6.13,2,3,2,0,3,2,10,High Risk,Poor,25,https://www.valueresearchonline.com/funds/2787/
Axis Consumption Reg,equity,equity,Regular,-7,,,BSE 500 TRI*,INF846K010X6,152804,2.44,,,,,,,,,55,52.16,34.77,76.7,,46.25,7.78,,,,,,,,,,25,https://www.valueresearchonline.com/funds/44464/
Axis NIFTY India Consumption ETF,equity,equity,Regular,-5.8,12.14,,BSE 500 TRI*,INF204KA1U61,134552,2.44,11.32,,1.06,1,0.48,0.6,16.56,13.65,30,59.54,38.37,82.21,,38.76,7.2,6,3,2,0,3,,14,Moderately High Risk,Average,25,https://www.valueresearchonline.com/funds/41685/
Bajaj Finserv Consumption Reg,equity,equity,Regular,-5.35,,,BSE 500 TRI*,INF0QA701979,153072,2.44,,,,,,,,,53,39.05,25.02,76.1,,32.68,5.55,,,,,,,,,,25,https://www.valueresearchonline.com/funds/44687/
Bank of India Consumption Reg,equity,equity,Regular,-0.45,,,BSE 500 TRI*,INF761K01GL1,153140,2.44,,,,,,,,,36,54.49,35.35,75.74,,34.25,6.39,,,,,,,,,,25,https://www.valueresearchonline.com/funds/44806/
Baroda BNP Paribas India Consumption Reg,equity,equity,Regular,-7.51,9.3,9.41,BSE 500 TRI*,INF251K01PQ3,150268,2.44,11.32,10.45,-1.14,0.93,0.34,0.4,15.63,11,38,53.03,33.84,83.81,,30.13,7.19,4,4,2,0,3,3,13,Moderately High Risk,Average,25,https://www.valueresearchonline.com/funds/37337/
Canara Robeco Consumer Trends Reg,equity,equity,Regular,-4.09,10.2,10.19,BSE 500 TRI*,INF760K01241,112152,2.44,11.32,10.45,-0.94,1.01,0.37,0.48,16.06,11.71,42,45.02,27.73,71.53,,36.71,5.13,4,3,2,0,3,3,12,High Risk,Average,25,https://www.valueresearchonline.com/funds/10590/
Edelweiss Consumption Reg,equity,equity,Regular,-4.58,,,BSE 500 TRI*,INF754K01UC6,153255,2.44,,,,,,,,,45,45.92,29.59,78.71,,45.25,7.64,,,,,,,,,,25,https://www.valueresearchonline.com/funds/44880/
Groww Nifty Non-Cyclical Consumer Index Reg,equity,equity,Regular,-10.88,,,BSE 500 TRI*,INF666M01IB5,152633,2.44,,,,,,,,,30,66.43,44.76,87.82,,55.87,9.71,,,,,,,,,,25,https://www.valueresearchonline.com/funds/44323/
HDFC Consumption Reg,equity,equity,Regular,-8.2,10.35,,BSE 500 TRI*,INF955L01IY6,154684,2.44,11.32,,-0.44,0.95,0.38,0.51,16.25,11.8,51,54.49,36.84,85.79,,40.87,7.19,4,4,2,0,3,4,13,Moderately High Risk,Good,25,https://www.valueresearchonline.com/funds/43557/
HDFC Nifty India Consumption Index Reg,equity,equity,Regular,,,,BSE 500 TRI*,INF179KC1JZ3,154180,,,,,,,,,,30,58.92,37.97,81.37,,42.2,7.7,,,,,,,,,,25,https://www.valueresearchonline.com/funds/45799/
HSBC Consumption Reg,equity,equity,Regular,2.36,15.46,,BSE 500 TRI*,INF336L01RC6,152027,2.44,11.32,,,,,,,,50,41.68,26.18,79.71,,52.62,7.38,,,,,,,,,,25,https://www.valueresearchonline.com/funds/43708/
ICICI Pru Bharat Consumption,equity,equity,Regular,-4.97,9.86,12.67,BSE 500 TRI*,INF903J01561,102142,2.44,11.32,10.45,-0.68,0.93,0.38,0.47,15.2,11.42,62,50.4,33.66,81.56,,40.38,6.91,4,4,2,0,3,4,13,Moderately High Risk,Good,25,https://www.valueresearchonline.com/funds/39670/
ICICI Pru Nifty India Consumption ETF,equity,equity,Regular,-5.64,12.35,,BSE 500 TRI*,INF090I01VZ8,148304,2.44,11.32,,1.25,1,0.49,0.61,16.59,13.84,30,59.57,38.39,82.25,,38.76,7.2,6,3,2,0,3,,14,Moderately High Risk,Average,25,https://www.valueresearchonline.com/funds/41802/
ITI Bharat Consumption Reg,equity,equity,Regular,-0.3,,,BSE 500 TRI*,INF00XX01DD8,153263,2.44,,,,,,,,,53,41.59,26.37,74.15,,29.61,6.66,,,,,,,,,,25,https://www.valueresearchonline.com/funds/44920/
Invesco India Consumption Reg,equity,equity,Regular,,,,BSE 500 TRI*,INF205KA1BF2,153902,,,,,,,,,,39,39.03,22.65,67.42,,57.75,8.31,,,,,,,,,,25,https://www.valueresearchonline.com/funds/45527/
Kotak Consumption Reg,equity,equity,Regular,-3.06,,,BSE 500 TRI*,INF174KA1PM5,152170,2.44,,,,,,,,,42,49.46,32.58,70.52,,38.26,5.12,,,,,,,,,,25,https://www.valueresearchonline.com/funds/43858/
Kotak NIFTY India Consumption ETF,equity,equity,Regular,-5.49,12.5,,BSE 500 TRI*,INF204KA1U61,134552,2.44,11.32,,1.38,1,0.5,0.62,16.59,13.97,30,59.56,38.38,82.27,,38.76,7.2,6,3,2,0,3,,14,Moderately High Risk,Average,25,https://www.valueresearchonline.com/funds/42398/
LIC MF Consumption Reg,equity,equity,Regular,,,,BSE 500 TRI*,INF767K01SA6,153950,,,,,,,,,,50,28.28,15.38,65.2,,32.08,5.75,,,,,,,,,,25,https://www.valueresearchonline.com/funds/45566/
Mahindra Manulife Consumption Reg,equity,equity,Regular,-6.81,9.14,9.87,BSE 500 TRI*,INF174V01630,145355,2.44,11.32,10.45,-1.57,0.95,0.32,0.38,15.73,10.71,48,45.15,29.14,83.5,,33.43,6.68,4,4,2,0,3,2,13,Moderately High Risk,Poor,25,https://www.valueresearchonline.com/funds/37845/
Mirae Asset Great Consumer Reg,equity,equity,Regular,-5.28,9.98,11.24,BSE 500 TRI*,INF769K01135,114931,2.44,11.32,10.45,-0.87,1.02,0.36,0.45,17.01,11.87,40,53.86,34.45,84.73,,48.02,7.17,4,3,2,0,2,4,11,High Risk,Good,25,https://www.valueresearchonline.com/funds/12342/
Mirae Asset Nifty India New Age Consumption ETF,equity,equity,Regular,-1.37,,,BSE 500 TRI*,INF769K01NP1,153194,2.44,,,,,,,,,75,43.97,26.13,78.14,,25.04,6.08,,,,,,,,,,25,https://www.valueresearchonline.com/funds/44832/
Mirae Asset Nifty India New Age Consumption ETF FoF Reg,equity,equity,Regular,-1.92,,,BSE 500 TRI*,INF769K01NM8,153194,2.44,,,,,,,,,,,,,,,,,,,,,,,,,1,https://www.valueresearchonline.com/funds/44833/
Motilal Oswal Consumption Reg,equity,equity,Regular,,,,BSE 500 TRI*,INF247L01GD6,153916,,,,,,,,,,30,51.35,30.87,68.21,,55.41,8.14,,,,,,,,,,25,https://www.valueresearchonline.com/funds/45541/
Motilal Oswal Nifty MidSmall India Consumption Index Reg,equity,equity,Regular,-6.53,,,BSE 500 TRI*,INF247L01DV5,153024,2.44,,,,,,,,,30,49.22,28.83,64.65,,27.51,7.56,,,,,,,,,,25,https://www.valueresearchonline.com/funds/44679/
Nippon India Consumption Reg,equity,equity,Regular,-7.65,8.68,11.26,BSE 500 TRI*,INF955L01IY6,154684,2.44,11.32,10.45,-1.82,0.98,0.3,0.38,16.41,10.62,44,48.36,31.03,83.6,,48.22,7.89,4,3,2,0,3,4,12,High Risk,Good,25,https://www.valueresearchonline.com/funds/2474/
Nippon India ETF Nifty India Consumption,equity,equity,Regular,-5.73,12.23,11.26,BSE 500 TRI*,INF090I01VZ8,148304,2.44,11.32,10.45,1.14,1,0.48,0.61,16.57,13.73,30,59.55,38.38,82.23,,38.76,7.2,6,3,2,0,3,,14,Moderately High Risk,Average,25,https://www.valueresearchonline.com/funds/25700/
Quant Consumption Reg,equity,equity,Regular,2.29,,,BSE 500 TRI*,INF966L01DI7,152338,2.44,,,,,,,,,16,78.64,43.51,68.42,,36.9,4,,,,,,,,,,13,https://www.valueresearchonline.com/funds/44051/
SBI Consumption Opportunities Reg,equity,equity,Regular,-12.41,5.01,11.46,BSE 500 TRI*,INF200K01VR6,120576,2.44,11.32,10.45,-5.62,1,0.08,0.11,16.7,6.99,49,40.77,22.72,79.79,,46.82,7.01,0,3,2,0,3,2,8,High Risk,Poor,25,https://www.valueresearchonline.com/funds/630/
SBI Nifty Consumption ETF,equity,equity,Regular,-5.69,12.28,11.28,BSE 500 TRI*,INF200K01SK7,120137,2.44,11.32,10.45,1.19,1,0.49,0.61,16.59,13.78,30,59.55,38.38,82.26,,38.76,7.2,6,3,2,0,3,,14,Moderately High Risk,Average,25,https://www.valueresearchonline.com/funds/41572/
SBI Nifty India Consmpn Index Reg,equity,equity,Regular,-6.32,,,BSE 500 TRI*,INF200KB1415,153012,2.44,,,,,,,,,30,59.66,38.45,82.38,,42.2,7.7,,,,,,,,,,25,https://www.valueresearchonline.com/funds/44670/
Sundaram Consumption Reg,equity,equity,Regular,-5.68,9.1,10.57,BSE 500 TRI*,INF903J016H9,134356,2.44,11.32,10.45,-1.35,0.96,0.32,0.4,16.49,10.97,36,54.95,34.97,70.46,,48.03,8.02,4,3,2,0,3,3,12,High Risk,Average,25,https://www.valueresearchonline.com/funds/3268/
Tata BSE Multicap Consmpn 50:30:20 Index Reg,equity,equity,Regular,,,,BSE 500 TRI*,INF277KA1EM5,154064,,,,,,,,,,100,33.48,21.65,84.64,,31.31,6.52,,,,,,,,,,25,https://www.valueresearchonline.com/funds/45703/
Tata India Consumer Reg,equity,equity,Regular,2.9,14.14,12.81,BSE 500 TRI*,INF277K010A2,135804,2.44,11.32,10.45,2.92,0.98,0.57,0.77,16.93,15.38,35,49.85,31.65,78.53,,52.89,8.63,8,3,2,0,3,5,16,Moderately High Risk,Excellent,25,https://www.valueresearchonline.com/funds/31358/
UTI India Consumer Reg,equity,equity,Regular,-3.46,10.39,8.46,BSE 500 TRI*,INF789F01CE6,106425,2.44,11.32,10.45,-0.36,1,0.39,0.48,16.62,12.23,42,55.29,37.71,80.51,,44.44,7.17,4,3,2,0,3,1,12,High Risk,Poor,25,https://www.valueresearchonline.com/funds/5437/
Union Consumption Reg,equity,equity,Regular,,,,BSE 500 TRI*,INF582M01MD2,154022,,,,,,,,,,43,46.06,29.06,73.71,,52.21,7.5,,,,,,,,,,25,https://www.valueresearchonline.com/funds/45667/
WhiteOak Capital Consumption Opportunities Reg,equity,equity,Regular,,,,BSE 500 TRI*,INF03VN01AE1,154162,,,,,,,,,,49,48.44,33.97,77.73,,47.17,7.26,,,,,,,,,,25,https://www.valueresearchonline.com/funds/45779/
360 ONE Silver ETF,equity,equity,Regular,87.63,,,Domestic Prices of Silver*,INF579M01266,122715,89.09,,,,,,,,,,,,,,,,,,,,,,,,,1,https://www.valueresearchonline.com/funds/45054/
ABSL Silver ETF,equity,equity,Regular,88.31,45.93,,Domestic Prices of Silver*,INF209KB16F2,149783,89.09,45.84,,-0.73,0.99,0.94,1.91,43.22,46.2,,,,,,,,4,3,6,3,0,,16,Moderately High Risk,Average,1,https://www.valueresearchonline.com/funds/42016/
ABSL Silver ETF FoF Reg,equity,equity,Regular,84.68,44.13,,Domestic Prices of Silver*,INF209KB13F9,149783,89.09,45.84,,2,0.85,0.99,2.09,37.81,43.22,,,,,,,,8,5,6,3,0,,22,Moderate Risk,Average,1,https://www.valueresearchonline.com/funds/42017/
Angel One Silver ETF,equity,equity,Regular,,,,Domestic Prices of Silver*,INF1J2R01155,154207,,,,,,,,,,,,,,,,,,,,,,,,,,1,https://www.valueresearchonline.com/funds/45828/
Angel One Silver ETF FoF Reg,equity,equity,Regular,,,,Domestic Prices of Silver*,INF1J2R01163,154207,,,,,,,,,,,,,,,,,,,,,,,,,,1,https://www.valueresearchonline.com/funds/45826/
Axis Silver ETF,equity,equity,Regular,87.89,45.27,,Domestic Prices of Silver*,INF846K01CR6,120438,89.09,45.84,,-0.76,0.98,0.93,1.85,43.08,45.95,,,,,,,,4,3,6,3,0,,16,Moderately High Risk,Average,1,https://www.valueresearchonline.com/funds/42522/
Axis Silver FoF Reg,equity,equity,Regular,85.1,44.28,,Domestic Prices of Silver*,INF846K018J8,150617,89.09,45.84,,2.35,0.84,1,2.04,37.43,43.22,,,,,,,,8,5,8,3,0,,24,Moderate Risk,Average,1,https://www.valueresearchonline.com/funds/42523/
Bandhan Silver ETF,equity,equity,Regular,,,,Domestic Prices of Silver*,INF194KB1KN9,154136,,,,,,,,,,,,,,,,,,,,,,,,,,1,https://www.valueresearchonline.com/funds/45671/
Bandhan Silver ETF FoF Reg,equity,equity,Regular,,,,Domestic Prices of Silver*,INF194KB1KM1,154135,,,,,,,,,,,,,,,,,,,,,,,,,,1,https://www.valueresearchonline.com/funds/45733/
DSP Silver ETF,equity,equity,Regular,88.38,45.78,,Domestic Prices of Silver*,INF740KA1VZ0,153486,89.09,45.84,,-0.87,0.99,0.93,1.9,43.3,46.13,,,,,,,,4,3,6,3,0,,16,Moderately High Risk,Average,1,https://www.valueresearchonline.com/funds/42419/
DSP Silver ETF FoF Reg,equity,equity,Regular,85.53,,,Domestic Prices of Silver*,INF740KA1VW7,153486,89.09,,,,,,,,,,,,,,,,,,,,,,,,,1,https://www.valueresearchonline.com/funds/45135/
Edelweiss Silver ETF,equity,equity,Regular,87.69,,,Domestic Prices of Silver*,INF754K01VZ5,154072,89.09,,,,,,,,,,,,,,,,,,,,,,,,,1,https://www.valueresearchonline.com/funds/43921/
Edelweiss Silver ETF FoF Reg,equity,equity,Regular,,,,Domestic Prices of Silver*,INF754K01WD0,154075,,,,,,,,,,,,,,,,,,,,,,,,,,1,https://www.valueresearchonline.com/funds/45701/
Groww Silver ETF,equity,equity,Regular,87.07,,,Domestic Prices of Silver*,INF666M01KQ9,153527,89.09,,,,,,,,,,,,,,,,,,,,,,,,,1,https://www.valueresearchonline.com/funds/45150/
Groww Silver ETF FoF Reg,equity,equity,Regular,81.96,,,Domestic Prices of Silver*,INF666M01KX5,153527,89.09,,,,,,,,,,,,,,,,,,,,,,,,,1,https://www.valueresearchonline.com/funds/45151/
HDFC Silver ETF,equity,equity,Regular,87.36,45.1,,Domestic Prices of Silver*,INF179KC1DU7,150736,89.09,45.84,,-0.83,1,0.93,1.89,43.85,46.5,,,,,,,,4,3,6,3,0,,16,Moderately High Risk,Average,1,https://www.valueresearchonline.com/funds/42489/
HDFC Silver ETF FoF Reg,equity,equity,Regular,84.36,44.37,,Domestic Prices of Silver*,INF955L01IY6,154684,89.09,45.84,,0.53,0.9,0.96,2,39.58,43.83,,,,,,,,6,4,6,3,0,,19,Moderately High Risk,Average,1,https://www.valueresearchonline.com/funds/42665/
ICICI Pru Silver ETF,equity,equity,Regular,88.45,45.93,,Domestic Prices of Silver*,INF109KC1Y98,149777,89.09,45.84,,-0.6,0.98,0.94,1.93,43.01,46.09,,,,,,,,4,3,6,3,0,,16,Moderately High Risk,Average,1,https://www.valueresearchonline.com/funds/41982/
ICICI Pru Silver ETF FoF,equity,equity,Regular,84.65,44.16,,Domestic Prices of Silver*,INF084M01077,132174,89.09,45.84,,2.81,0.83,1.01,2.15,36.97,43.05,,,,,,,,8,5,8,3,0,,24,Moderate Risk,Average,1,https://www.valueresearchonline.com/funds/42021/
Kotak Silver ETF,equity,equity,Regular,88.21,45.86,,Domestic Prices of Silver*,INF174KA1MQ3,151602,89.09,45.84,,-0.65,0.98,0.94,1.93,42.94,45.98,,,,,,,,4,3,6,3,0,,16,Moderately High Risk,Average,1,https://www.valueresearchonline.com/funds/42858/
Kotak Silver ETF FoF Reg,equity,equity,Regular,86.48,44.24,,Domestic Prices of Silver*,INF174KA1MR1,151602,89.09,45.84,,2.73,0.83,1.01,2.15,37.03,43.03,,,,,,,,8,5,8,3,0,,24,Moderate Risk,Average,1,https://www.valueresearchonline.com/funds/43294/
Mirae Asset Silver ETF,equity,equity,Regular,87.85,45.69,,Domestic Prices of Silver*,INF769K01FY9,154281,89.09,45.84,,-0.61,0.97,0.94,1.93,42.75,45.84,,,,,,,,4,3,6,3,0,,16,Moderately High Risk,Average,1,https://www.valueresearchonline.com/funds/43544/
Mirae Asset Silver ETF FoF Reg,equity,equity,Regular,,,,Domestic Prices of Silver*,INF955L01IY6,154684,,,,,,,,,,,,,,,,,,,,,,,,,,1,https://www.valueresearchonline.com/funds/45900/
Motilal Oswal Silver ETF,equity,equity,Regular,86.87,,,Domestic Prices of Silver*,INF247L01247,124234,89.09,,,,,,,,,,,,,,,,,,,,,,,,,1,https://www.valueresearchonline.com/funds/45453/
Nippon India Silver ETF,equity,equity,Regular,87.74,45.51,,Domestic Prices of Silver*,INF204KC1378,149759,89.09,45.84,,-0.8,0.98,0.93,1.92,42.86,45.74,,,,,,,,4,3,6,3,0,,16,Moderately High Risk,Average,1,https://www.valueresearchonline.com/funds/41984/
Nippon India Silver ETF FoF Reg,equity,equity,Regular,84.67,44.13,,Domestic Prices of Silver*,INF204KC1345,149759,89.09,45.84,,-1.82,0.98,0.91,1.89,43.01,44.83,,,,,,,,4,3,6,3,0,,16,Moderately High Risk,Average,1,https://www.valueresearchonline.com/funds/41985/
SBI Silver ETF,equity,equity,Regular,87.96,,,Domestic Prices of Silver*,INF200KB1233,152735,89.09,,,,,,,,,,,,,,,,,,,,,,,,,1,https://www.valueresearchonline.com/funds/44407/
SBI Silver ETF FoF Reg,equity,equity,Regular,87.62,,,Domestic Prices of Silver*,INF200KB1266,152733,89.09,,,,,,,,,,,,,,,,,,,,,,,,,1,https://www.valueresearchonline.com/funds/44420/
Tata Silver ETF,equity,equity,Regular,89.05,,,Domestic Prices of Silver*,INF277KA1943,152297,89.09,,,,,,,,,,,,,,,,,,,,,,,,,1,https://www.valueresearchonline.com/funds/44020/
Tata Silver ETF FoF Reg,equity,equity,Regular,81.34,,,Domestic Prices of Silver*,INF277KA1893,152297,89.09,,,,,,,,,,,,,,,,,,,,,,,,,1,https://www.valueresearchonline.com/funds/44024/
UTI Silver ETF,equity,equity,Regular,87.23,44.89,,Domestic Prices of Silver*,INF789F1AYL4,151732,89.09,45.84,,-1.04,0.97,0.93,1.89,42.68,45.31,,,,,,,,4,3,6,3,0,,16,Moderately High Risk,Average,1,https://www.valueresearchonline.com/funds/43485/
UTI Silver ETF FoF Reg,equity,equity,Regular,85.13,44.38,,Domestic Prices of Silver*,INF789F1AYM2,151732,89.09,45.84,,2.53,0.84,1,2.12,37.45,43.29,,,,,,,,8,5,8,3,0,,24,Moderate Risk,Average,1,https://www.valueresearchonline.com/funds/43486/
Zerodha Silver ETF,equity,equity,Regular,87.73,,,Domestic Prices of Silver*,INF0R8F01109,153656,89.09,,,,,,,,,,,,,,,,,,,,,,,,,1,https://www.valueresearchonline.com/funds/45052/
ABSL Value Reg,equity,equity,Regular,15.81,14.4,13.98,BSE 500 TRI*,INF209K01MG9,122644,2.44,11.32,10.45,2.53,1.11,0.57,0.81,17.8,15.87,68,32.1,16.91,57.36,,23.68,3.17,8,2,2,0,2,3,14,Moderately High Risk,Average,25,https://www.valueresearchonline.com/funds/6778/
Axis Nifty500 Value 50 ETF,equity,equity,Regular,16.14,,,BSE 500 TRI*,INF846K013Y8,152949,2.44,,,,,,,,,50,48.72,25.17,86.13,,7.92,1.39,,,,,,,,,,25,https://www.valueresearchonline.com/funds/45050/
Axis Nifty500 Value 50 Index Reg,equity,equity,Regular,15.25,,,BSE 500 TRI*,INF846K012Y0,152950,2.44,,,,,,,,,50,48.85,25.23,86.34,,8.8,1.36,,,,,,,,,,25,https://www.valueresearchonline.com/funds/44612/
Axis Value Reg,equity,equity,Regular,10.81,17.19,,BSE 500 TRI*,INF846K013C4,149167,2.44,11.32,,5.73,0.96,0.82,1,14.97,18.02,86,31.37,19.75,58.4,,25.68,3.47,12,3,6,2,3,4,26,Moderate Risk,Good,25,https://www.valueresearchonline.com/funds/41694/
Bandhan Nifty 500 Value 50 Index Reg,equity,equity,Regular,14.99,,,BSE 500 TRI*,INF194KB1IV6,152991,2.44,,,,,,,,,50,48.65,25.13,86,,8.8,1.36,,,,,,,,,,25,https://www.valueresearchonline.com/funds/44627/
Bandhan Value Reg,equity,equity,Regular,1.5,9.65,12.33,BSE 500 TRI*,INF194K01342,108909,2.44,11.32,10.45,-1.17,0.91,0.36,0.47,14.08,10.82,65,42.15,28.5,58.08,,21.74,2.7,4,4,2,0,3,3,13,Moderately High Risk,Average,25,https://www.valueresearchonline.com/funds/6693/
Baroda BNP Paribas Value Reg,equity,equity,Regular,1.55,8.75,,BSE 500 TRI*,INF251K01SA1,151747,2.44,11.32,,-1.87,0.96,0.32,0.43,15.11,10.47,49,41.39,26.08,51.48,,22.95,3.34,4,3,2,0,3,1,12,High Risk,Poor,25,https://www.valueresearchonline.com/funds/43506/
Canara Robeco Value Reg,equity,equity,Regular,0.45,10.33,,BSE 500 TRI*,INF760K01JZ7,149088,2.44,11.32,,-0.6,0.97,0.41,0.52,14.96,11.8,57,42.02,27.33,58.13,,21.48,3.04,4,3,2,0,3,2,12,High Risk,Poor,25,https://www.valueresearchonline.com/funds/41623/
DSP Value Fund Reg*,equity,equity,Regular,9,15.86,12.07,BSE 500 TRI*,INF740KA1PM0,148594,2.44,11.32,10.45,5.9,0.64,0.94,1.33,10.98,16.02,52,36.63,25.82,52.79,,19.18,2.99,12,6,6,2,5,5,31,Low Risk,Excellent,25,https://www.valueresearchonline.com/funds/41192/
Groww Value Reg,equity,equity,Regular,2.32,12.33,10.27,BSE 500 TRI*,INF767K01535,105823,2.44,11.32,10.45,1.4,0.95,0.54,0.78,14.84,13.66,70,34.15,22.74,56.1,,17.92,2.83,6,4,2,0,3,2,15,Moderately High Risk,Poor,25,https://www.valueresearchonline.com/funds/30919/
HDFC NIFTY50 Value 20 ETF,equity,equity,Regular,-5.32,6.43,,BSE 500 TRI*,INF179KB15Q6,145034,2.44,11.32,,-3.38,0.84,0.17,0.23,14.11,8.13,20,77.62,55.97,82.07,,11.71,2.06,2,5,2,0,3,,12,High Risk,Poor,20,https://www.valueresearchonline.com/funds/42535/
HDFC Value Reg,equity,equity,Regular,9.04,15.85,13.45,BSE 500 TRI*,INF767K01535,105823,2.44,11.32,10.45,4.31,1,0.73,0.97,15.37,16.89,74,33.35,21.57,61.48,,25.42,3.43,10,3,4,0,3,4,20,Moderate Risk,Good,25,https://www.valueresearchonline.com/funds/218/
HSBC Value Reg,equity,equity,Regular,5.63,15.69,15.42,BSE 500 TRI*,INF677K01023,151110,2.44,11.32,10.45,4.12,1.02,0.69,0.92,16.23,16.87,84,31.73,18.99,64.32,,18.32,2.46,10,3,4,0,3,4,20,Moderate Risk,Good,25,https://www.valueresearchonline.com/funds/10789/
ICICI Pru Nifty200 Value 30 ETF,equity,equity,Regular,17.79,,,BSE 500 TRI*,INF109KC13X2,152936,2.44,,,,,,,,,30,48.9,25.14,90.02,,7.51,1.34,,,,,,,,,,25,https://www.valueresearchonline.com/funds/44607/
ICICI Pru Nifty200 Value 30 Index Reg,equity,equity,Regular,17.18,,,BSE 500 TRI*,INF767K01535,105823,2.44,,,,,,,,,30,48.88,25.13,89.98,,8.84,1.4,,,,,,,,,,25,https://www.valueresearchonline.com/funds/44603/
ICICI Pru Nifty50 Value 20 ETF,equity,equity,Regular,-5.37,6.34,7.69,BSE 500 TRI*,INF109KC16T3,152365,2.44,11.32,10.45,-3.46,0.84,0.17,0.22,14.11,8.05,20,77.56,55.93,82.02,,11.71,2.06,2,5,2,0,3,,12,High Risk,Poor,20,https://www.valueresearchonline.com/funds/32540/
ICICI Pru Nifty50 Value 20 Index,equity,equity,Regular,-5.81,,,BSE 500 TRI*,INF846K013C4,149167,2.44,,,,,,,,,20,78.34,56.5,82.83,,14.23,2.18,,,,,,,,,,20,https://www.valueresearchonline.com/funds/44068/
ICICI Pru Value,equity,equity,Regular,-2.07,12.23,14.55,BSE 500 TRI*,INF251K01SA1,151747,2.44,11.32,10.45,2.07,0.79,0.59,0.81,12.76,13.23,64,49.3,32.96,56.28,,16.82,2.71,8,5,2,0,4,5,19,Moderately High Risk,Excellent,25,https://www.valueresearchonline.com/funds/2310/
ITI Value Reg,equity,equity,Regular,6.84,12.17,11.12,BSE 500 TRI*,INF00XX01AN3,148973,2.44,11.32,10.45,0.29,1.13,0.45,0.58,17.91,13.8,72,24.39,14.53,56.84,,23.43,2.96,6,2,2,0,2,2,12,High Risk,Poor,25,https://www.valueresearchonline.com/funds/41507/
Invesco India Contra Reg,equity,equity,Regular,1.39,14.35,12.5,BSE 500 TRI*,INF205K01189,105460,2.44,11.32,10.45,3.02,1.01,0.63,0.79,15.9,15.72,74,32.81,20.44,59.54,,28.03,3.42,10,3,4,0,3,3,20,Moderate Risk,Average,25,https://www.valueresearchonline.com/funds/4278/
JM Value Reg,equity,equity,Regular,1.82,11.44,14.31,BSE 500 TRI*,INF137A01037,100254,2.44,11.32,10.45,-0.26,1.15,0.4,0.59,19.07,13.36,68,32.7,18.47,65.77,,19.02,2.8,4,2,2,0,2,2,10,High Risk,Poor,25,https://www.valueresearchonline.com/funds/403/
Kotak Contra Reg,equity,equity,Regular,3.14,14.73,13.29,BSE 500 TRI*,INF174K01245,103040,2.44,11.32,10.45,3.37,1,0.66,0.8,15.59,16,61,31.77,19.22,59.5,,22.86,3.1,10,3,4,0,3,4,20,Moderate Risk,Good,25,https://www.valueresearchonline.com/funds/2780/
Kotak Nifty 50 Value 20 ETF,equity,equity,Regular,-5.13,6.54,7.83,BSE 500 TRI*,INF174K01KM7,119757,2.44,11.32,10.45,-3.28,0.84,0.18,0.24,14.12,8.24,20,77.58,55.95,82.05,,11.72,2.06,2,5,2,0,3,,12,High Risk,Poor,20,https://www.valueresearchonline.com/funds/31271/
Kotak Nifty200 Value 30 Index Reg,equity,equity,Regular,,,,BSE 500 TRI*,INF174KA1YS4,154148,,,,,,,,,,30,48.8,25.08,89.82,,8.84,1.4,,,,,,,,,,25,https://www.valueresearchonline.com/funds/45761/
LIC MF Value Reg,equity,equity,Regular,22.38,16.46,13.05,BSE 500 TRI*,INF397L01KQ3,152016,2.44,11.32,10.45,4.15,1.11,0.63,0.73,18.62,17.48,49,35.66,20.75,64.42,,17.33,3.7,10,2,4,0,2,2,18,Moderately High Risk,Poor,25,https://www.valueresearchonline.com/funds/37210/
Mahindra Manulife Value Reg,equity,equity,Regular,14.08,,,BSE 500 TRI*,INF174V01CF5,153304,2.44,,,,,,,,,69,27.35,15.61,54.51,,20.22,2.41,,,,,,,,,,25,https://www.valueresearchonline.com/funds/44932/
Mirae Asset Nifty 500 Value 50 ETF,equity,equity,Regular,,,,BSE 500 TRI*,INF769K01GX9,148623,,,,,,,,,,50,48.72,25.17,86.11,,7.92,1.39,,,,,,,,,,25,https://www.valueresearchonline.com/funds/45914/
Motilal Oswal BSE Enhanced Value ETF,equity,equity,Regular,12.36,22.55,,BSE 500 TRI*,INF846K010C0,149166,2.44,11.32,,10.02,1.25,0.84,1.23,22.13,24.36,30,66.22,38.69,91.02,,6.27,1.18,12,0,6,2,0,,20,Moderate Risk,Average,25,https://www.valueresearchonline.com/funds/42441/
Motilal Oswal BSE Enhanced Value Index Reg,equity,equity,Regular,11.34,21.21,,BSE 500 TRI*,INF955L01IY6,154684,2.44,11.32,,8.92,1.25,0.8,1.16,22.02,23.23,30,66.15,38.66,90.91,,7.72,1.28,12,0,6,2,0,5,20,Moderate Risk,Excellent,25,https://www.valueresearchonline.com/funds/42442/
Nippon India ETF Nifty 50 Value 20,equity,equity,Regular,-5.37,6.31,7.6,BSE 500 TRI*,INF204KB12Z0,148721,2.44,11.32,10.45,-3.49,0.84,0.16,0.22,14.09,8.02,20,77.55,55.93,82.01,,11.72,2.06,2,5,2,0,3,,12,High Risk,Poor,20,https://www.valueresearchonline.com/funds/30446/
Nippon India Nifty 50 Value 20 Index Reg,equity,equity,Regular,-6.02,5.7,6.97,BSE 500 TRI*,INF204KB19Y8,148719,2.44,11.32,10.45,-4.07,0.84,0.12,0.16,14.1,7.44,20,77.55,55.93,82.01,,14.23,2.18,2,5,2,0,3,1,12,High Risk,Poor,20,https://www.valueresearchonline.com/funds/41289/
Nippon India Value Reg,equity,equity,Regular,0.45,14.09,13.42,BSE 500 TRI*,INF955L01IY6,154684,2.44,11.32,10.45,2.55,1.02,0.6,0.83,15.89,15.29,86,36,22.21,60.35,,20,2.67,8,3,4,0,3,4,18,Moderately High Risk,Good,25,https://www.valueresearchonline.com/funds/2790/
Quant Value Reg,equity,equity,Regular,20.12,19.37,,BSE 500 TRI*,INF966L01AQ6,149337,2.44,11.32,,6.87,1.21,0.71,1.39,21.5,20.95,28,70.36,42.13,65.06,,23.64,2.59,12,0,4,2,2,4,20,Moderate Risk,Good,23,https://www.valueresearchonline.com/funds/41846/
Quantum Value Reg,equity,equity,Regular,-5.08,9.45,9.18,BSE 500 TRI*,INF082J01242,141068,2.44,11.32,10.45,-0.65,0.85,0.39,0.51,13.47,10.92,32,41.71,24.37,70.63,,19.85,2.58,4,5,2,0,4,2,15,Moderately High Risk,Poor,25,https://www.valueresearchonline.com/funds/33968/
SBI Contra Reg,equity,equity,Regular,-0.37,10.79,15.01,BSE 500 TRI*,INF200K01362,102414,2.44,11.32,10.45,0.13,0.9,0.45,0.59,14.06,12.06,86,32.48,20.19,56.57,,17.58,2.29,6,4,2,0,3,4,15,Moderately High Risk,Good,25,https://www.valueresearchonline.com/funds/633/
Sundaram Value Reg,equity,equity,Regular,-4.2,6.8,7.53,BSE 500 TRI*,INF903J01538,101853,2.44,11.32,10.45,-3.92,0.91,0.17,0.2,14.27,8.09,50,44.44,26.96,59.04,,18.21,2.45,2,4,2,0,3,,11,High Risk,Poor,25,https://www.valueresearchonline.com/funds/687/
Tata Value Reg,equity,equity,Regular,4.14,12.77,12.98,BSE 500 TRI*,INF277K01451,101672,2.44,11.32,10.45,1.69,0.98,0.55,0.74,15.39,14.14,41,49.21,29.84,64.65,,16.12,2.78,8,3,2,0,3,3,16,Moderately High Risk,Average,25,https://www.valueresearchonline.com/funds/2267/
Templeton India Value Reg,equity,equity,Regular,-2.06,9.04,12.72,BSE 500 TRI*,INF955L01IY6,154684,2.44,11.32,10.45,-1.39,0.92,0.34,0.47,14.51,10.65,48,44.57,29.24,63.01,,14.07,2.13,4,4,2,0,3,3,13,Moderately High Risk,Average,25,https://www.valueresearchonline.com/funds/221/
UTI Nifty 500 Value 50 Index Reg,equity,equity,Regular,15.27,22.74,,BSE 500 TRI*,INF789F1AYO8,151738,2.44,11.32,,10.52,1.14,0.9,1.51,20.51,24.11,50,48.77,25.19,86.21,,8.8,1.36,12,2,6,3,2,5,25,Moderate Risk,Excellent,25,https://www.valueresearchonline.com/funds/43494/
UTI Value Reg,equity,equity,Regular,-1.13,12.1,10.67,BSE 500 TRI*,INF789F01AG5,103098,2.44,11.32,10.45,1.06,0.95,0.52,0.69,14.81,13.33,65,41.32,26.08,60.28,,21.33,2.75,6,4,2,0,3,3,15,Moderately High Risk,Average,25,https://www.valueresearchonline.com/funds/2820/
Union Value Reg,equity,equity,Regular,3.19,11.63,11.96,BSE 500 TRI*,INF582M01EO6,145471,2.44,11.32,10.45,0.87,0.91,0.5,0.66,14.4,12.88,66,35.28,21.73,55.62,,26.85,3.31,6,4,2,0,3,3,15,Moderately High Risk,Average,25,https://www.valueresearchonline.com/funds/38205/