Fund Name,Category,Subcategory,Plan,1Y Return (%),3Y Return (%),5Y Return (%),Benchmark Name,Benchmark 1Y (%),Benchmark 3Y (%),Benchmark 5Y (%),Alpha,Beta,Sharpe Ratio,Std Dev,Mean Return (%),YTM (%),Modified Duration (yrs),Avg Credit Rating,Avg Maturity (yrs),Top Holdings Count,Fund URL,ISIN,Scheme Code,Alpha Score (12),Sharpe Score (12),StdDev Score (6),Beta Score (6),Total Score (36),Risk Category,Fund Rating
360 ONE ELSS Tax Saver Nifty 50 Index Dir,equity,equity,Direct,-3.63,9.74,,BSE 500 TRI,0.79,13.68,,-3.02,0.86,0.28,13.72,9.76,,,,,25,https://www.valueresearchonline.com/funds/42908/,INF579M01AN2,151165,2,4,4,4,14,Moderate Risk,Average
ABSL ELSS Tax Saver Dir,equity,equity,Direct,1.85,14.32,9.67,BSE 500 TRI,0.79,13.68,12.33,1.02,0.94,0.58,14.66,14.4,,,,,25,https://www.valueresearchonline.com/funds/15889/,INF209K01UN8,119544,8,6,3,4,21,Moderate Risk,Average
Axis ELSS Tax Saver Dir,equity,equity,Direct,-0.91,11.72,8.25,BSE 500 TRI,0.79,13.68,12.33,-1.23,0.9,0.41,14.64,11.84,,,,,25,https://www.valueresearchonline.com/funds/15688/,INF846K01EW2,120503,4,4,3,4,15,Moderate Risk,Average
Bajaj Finserv ELSS Tax Saver Dir,equity,equity,Direct,3.89,,,BSE 500 TRI,0.79,,,,,,,,,,,,25,https://www.valueresearchonline.com/funds/44856/,INF0QA701AK0,153201,1,1,1,1,4,High Risk,Poor
Bandhan ELSS Tax Saver Dir,equity,equity,Direct,2.41,13.41,13.74,BSE 500 TRI,0.79,13.68,12.33,0.24,0.9,0.53,13.98,13.26,,,,,25,https://www.valueresearchonline.com/funds/16493/,INF194K01Y29,118473,8,6,4,4,22,Moderate Risk,Average
Bank of Ind Midcap Tax 2 Dir,equity,equity,Direct,1.88,15.63,12.85,BSE 500 TRI,0.79,13.68,12.33,1.55,1.13,0.57,18.58,16.45,,,,,25,https://www.valueresearchonline.com/funds/36922/,INF955L01JF3,152898,8,6,1,3,18,High Risk,Average
Bank of India ELSS Tax Saver Fund Dir,equity,equity,Direct,3.87,16.91,14.32,BSE 500 TRI,0.79,13.68,12.33,2.6,1.08,0.63,17.96,17.1,,,,,25,https://www.valueresearchonline.com/funds/16803/,INF761K01884,119351,10,6,2,3,21,Mod. High Risk,Average
Bank of India Midcap Tax Sr 1 Dir,equity,equity,Direct,7.03,16.88,14.17,BSE 500 TRI,0.79,13.68,12.33,2.61,1.15,0.61,19.23,17.67,,,,,25,https://www.valueresearchonline.com/funds/34774/,INF761K01DS3,141950,10,6,1,3,20,High Risk,Average
Baroda BNP Paribas ELSS Tax Saver Dir,equity,equity,Direct,4.33,17.66,14.08,BSE 500 TRI,0.79,13.68,12.33,4.14,0.96,0.77,15.4,17.69,,,,,25,https://www.valueresearchonline.com/funds/15732/,INF251K01HF3,150159,12,8,3,4,27,Moderate Risk,Good
Canara Robeco ELSS Tax Saver Dir,equity,equity,Direct,1.48,14.24,12.58,BSE 500 TRI,0.79,13.68,12.33,0.61,0.94,0.56,14.65,14,,,,,25,https://www.valueresearchonline.com/funds/16594/,INF760K01EL8,118285,8,6,3,4,21,Moderate Risk,Average
DSP ELSS Tax Saver Dir,equity,equity,Direct,0.32,17.94,14.54,BSE 500 TRI,0.79,13.68,12.33,3.33,0.99,0.72,15.71,17.14,,,,,25,https://www.valueresearchonline.com/funds/16454/,INF740K01OK1,119242,10,6,3,4,23,Moderate Risk,Average
Edelweiss ELSS Tax Saver Dir,equity,equity,Direct,3.63,15.96,14.11,BSE 500 TRI,0.79,13.68,12.33,2.37,0.99,0.67,15.48,16.16,,,,,25,https://www.valueresearchonline.com/funds/17762/,INF754K01CA8,118620,10,6,3,4,23,Moderate Risk,Average
Franklin India ELSS Tax Saver Dir,equity,equity,Direct,-3.46,15.45,13.65,BSE 500 TRI,0.79,13.68,12.33,1.69,0.93,0.62,14.59,14.98,,,,,25,https://www.valueresearchonline.com/funds/16014/,INF090I01JS8,118540,8,6,3,4,21,Moderate Risk,Average
Groww ELSS Tax Saver Dir,equity,equity,Direct,-4.07,12.18,10.62,BSE 500 TRI,0.79,13.68,12.33,-1.33,0.97,0.41,15.65,12.3,,,,,25,https://www.valueresearchonline.com/funds/34683/,INF955L01JF3,152898,4,4,3,4,15,Moderate Risk,Average
HDFC ELSS Tax Saver Dir,equity,equity,Direct,-3.17,16.68,16.75,BSE 500 TRI,0.79,13.68,12.33,3.57,0.86,0.76,13.76,16.34,,,,,25,https://www.valueresearchonline.com/funds/16160/,INF179K01YS4,119060,10,8,4,4,26,Moderate Risk,Average
HSBC ELSS Tax Saver Dir,equity,equity,Direct,3.81,18.26,14.53,BSE 500 TRI,0.79,13.68,12.33,3.76,1.01,0.72,16.45,17.73,,,,,25,https://www.valueresearchonline.com/funds/16200/,INF917K01GP0,151078,10,6,2,3,21,Mod. High Risk,Average
ICICI Pru ELSS Tax Saver Dir,equity,equity,Direct,0.75,14.38,12.85,BSE 500 TRI,0.79,13.68,12.33,0.77,0.88,0.56,14.01,13.67,,,,,25,https://www.valueresearchonline.com/funds/15862/,INF109K01Y31,120592,8,6,3,4,21,Moderate Risk,Average
ICICI Pru Long Term Wealth Enhancement Dir,equity,equity,Direct,0.87,16.18,15.27,BSE 500 TRI,0.79,13.68,12.33,2.18,0.87,0.64,14.19,14.96,,,,,25,https://www.valueresearchonline.com/funds/34952/,INF767K01GI4,120338,10,6,3,4,23,Moderate Risk,Average
ITI ELSS Tax Saver Dir,equity,equity,Direct,2.35,19.71,13.84,BSE 500 TRI,0.79,13.68,12.33,3.71,1.22,0.68,19.96,19.35,,,,,25,https://www.valueresearchonline.com/funds/40137/,INF00XX01390,147541,10,6,1,2,19,High Risk,Average
Invesco India ELSS Tax Saver Dir,equity,equity,Direct,-2.66,14.51,11.7,BSE 500 TRI,0.79,13.68,12.33,0.26,1.03,0.52,16.53,14.39,,,,,25,https://www.valueresearchonline.com/funds/16849/,INF205K01NT8,120416,8,6,2,3,19,Mod. High Risk,Average
JM ELSS Tax Saver Dir,equity,equity,Direct,4.91,17.98,15.86,BSE 500 TRI,0.79,13.68,12.33,3.5,1.04,0.7,16.98,17.7,,,,,25,https://www.valueresearchonline.com/funds/16552/,INF192K01CE3,120494,10,6,2,3,21,Mod. High Risk,Average
Kotak ELSS Tax Saver Dir,equity,equity,Direct,0.47,13.98,13.39,BSE 500 TRI,0.79,13.68,12.33,0.1,0.97,0.51,15.39,13.68,,,,,25,https://www.valueresearchonline.com/funds/16380/,INF955L01JF3,152898,8,6,3,4,21,Moderate Risk,Average
LIC MF ELSS Tax Saver Dir,equity,equity,Direct,-3.24,12.46,11.96,BSE 500 TRI,0.79,13.68,12.33,-1.5,0.92,0.4,14.92,11.76,,,,,25,https://www.valueresearchonline.com/funds/16868/,INF767K01EM1,120270,4,4,3,4,15,Moderate Risk,Average
Mahindra Manulife ELSS Tax Saver Dir,equity,equity,Direct,-3.84,11.55,11.99,BSE 500 TRI,0.79,13.68,12.33,-1.23,0.91,0.42,14.23,11.9,,,,,25,https://www.valueresearchonline.com/funds/32895/,INF174V01093,139781,4,4,3,4,15,Moderate Risk,Average
Mirae Asset ELSS Tax Saver Dir,equity,equity,Direct,3.06,15.8,13.24,BSE 500 TRI,0.79,13.68,12.33,1.75,1,0.63,15.59,15.63,,,,,25,https://www.valueresearchonline.com/funds/31318/,INF769K01DM9,135781,8,6,3,4,21,Moderate Risk,Average
Motilal Oswal ELSS Tax Saver Dir,equity,equity,Direct,7.13,23.86,19.01,BSE 500 TRI,0.79,13.68,12.33,8.8,1.16,0.84,21.38,23.93,,,,,25,https://www.valueresearchonline.com/funds/29162/,INF247L01569,133386,12,8,1,2,23,High Risk,Average
NJ ELSS Tax Saver Dir,equity,equity,Direct,-3.46,13.77,,BSE 500 TRI,0.79,13.68,,,,,,,,,,,25,https://www.valueresearchonline.com/funds/43365/,INF192K01CE3,120494,1,1,1,1,4,High Risk,Poor
Navi ELSS Tax Saver Dir,equity,equity,Direct,,,,,,,,,,,,,,,,,0,https://www.valueresearchonline.com/funds/31265/,INF959L01CD5,135654,1,1,1,1,4,High Risk,Poor
Navi ELSS Tax Saver Nifty 50 Index Dir,equity,equity,Direct,-3.72,9.78,,BSE 500 TRI,0.79,13.68,,-3.02,0.87,0.29,13.79,9.8,,,,,25,https://www.valueresearchonline.com/funds/43191/,INF959L01GR6,151471,2,4,4,4,14,Moderate Risk,Average
Nippon India ELSS Tax Saver Dir,equity,equity,Direct,2.87,16.62,14.8,BSE 500 TRI,0.79,13.68,12.33,3.2,0.98,0.72,15.29,16.88,,,,,25,https://www.valueresearchonline.com/funds/16186/,INF204K01L55,118803,10,6,3,4,23,Moderate Risk,Average
PGIM India ELSS Tax Saver Dir,equity,equity,Direct,-1.59,10.73,11.79,BSE 500 TRI,0.79,13.68,12.33,-3.01,0.92,0.3,14.79,10.24,,,,,25,https://www.valueresearchonline.com/funds/31167/,INF663L01FN5,135601,2,4,3,4,13,Moderate Risk,Average
Parag Parikh ELSS Tax Saver Dir,equity,equity,Direct,-7.61,12.66,14.09,BSE 500 TRI,0.79,13.68,12.33,0.74,0.7,0.56,11.44,12.22,,,,,25,https://www.valueresearchonline.com/funds/40105/,INF879O01100,147481,8,6,5,6,25,Low Risk,Average
Quant ELSS Tax Saver Dir,equity,equity,Direct,12.04,19.1,17.24,BSE 500 TRI,0.79,13.68,12.33,4.88,1.12,0.74,18.53,19.66,,,,,25,https://www.valueresearchonline.com/funds/17381/,INF966L01986,120847,12,6,1,3,22,High Risk,Average
Quantum ELSS Tax Saver Dir,equity,equity,Direct,-4.93,13.54,11.34,BSE 500 TRI,0.79,13.68,12.33,1.28,0.85,0.6,13.6,13.97,,,,,25,https://www.valueresearchonline.com/funds/10080/,INF082J01069,111549,8,6,4,5,23,Low Risk,Average
SBI ELSS Tax Saver Dir,equity,equity,Direct,0.08,19.45,17.36,BSE 500 TRI,0.79,13.68,12.33,5.56,0.98,0.86,15.66,19.29,,,,,25,https://www.valueresearchonline.com/funds/16244/,INF917K01GP0,151078,12,8,3,4,27,Moderate Risk,Good
SBI Long Term Advantage Sr IV Dir,equity,equity,Direct,2.65,11.68,14.54,BSE 500 TRI,0.79,13.68,12.33,-0.04,0.91,0.45,15.98,13.1,,,,,25,https://www.valueresearchonline.com/funds/33323/,INF200KA1LS9,140487,4,4,3,4,15,Moderate Risk,Average
SBI Long Term Advantage Sr V Dir,equity,equity,Direct,1.92,21.65,17.1,BSE 500 TRI,0.79,13.68,12.33,5.87,0.97,0.83,16.3,19.47,,,,,25,https://www.valueresearchonline.com/funds/34960/,INF200KA1RW8,142138,12,8,2,4,26,Mod. High Risk,Average
SBI Long Term Advantage Sr VI Dir,equity,equity,Direct,0.64,15.24,14.19,BSE 500 TRI,0.79,13.68,12.33,0.62,1.1,0.52,18.04,15.25,,,,,25,https://www.valueresearchonline.com/funds/35971/,INF200KA1TO1,143178,8,6,1,3,18,High Risk,Average
Samco ELSS Tax Saver Dir,equity,equity,Direct,-6.83,6.91,,BSE 500 TRI,0.79,13.68,,-5.86,1.09,0.15,19.57,8.71,,,,,25,https://www.valueresearchonline.com/funds/42760/,INF0K1H01065,150838,2,4,1,3,10,High Risk,Poor
Shriram ELSS Tax Saver Dir,equity,equity,Direct,-0.12,10.72,10,BSE 500 TRI,0.79,13.68,12.33,-2.88,1,0.3,16.87,10.99,,,,,25,https://www.valueresearchonline.com/funds/38439/,INF680P01158,145819,2,4,2,4,12,Mod. High Risk,Poor
Sundaram ELSS Tax Saver Dir,equity,equity,Direct,-1.81,12.17,11.78,BSE 500 TRI,0.79,13.68,12.33,-0.76,0.92,0.45,14.45,12.43,,,,,25,https://www.valueresearchonline.com/funds/16650/,INF173K01HZ7,149570,4,4,3,4,15,Moderate Risk,Average
Sundaram Long Term Micro Cap Tax Advantage III Dir,equity,equity,Direct,6.77,16.55,18.98,BSE 500 TRI,0.79,13.68,12.33,2.66,1.08,0.58,19.59,17.19,,,,,25,https://www.valueresearchonline.com/funds/32783/,INF903JA1443,139711,10,6,1,3,20,High Risk,Average
Sundaram Long Term Micro Cap Tax Advantage IV Dir,equity,equity,Direct,6.75,16.63,19.26,BSE 500 TRI,0.79,13.68,12.33,2.84,1.07,0.59,19.37,17.28,,,,,25,https://www.valueresearchonline.com/funds/33066/,INF903JA1955,141141,10,6,1,3,20,High Risk,Average
Sundaram Long Term Micro Cap Tax Advantage V Dir,equity,equity,Direct,7.21,17.45,18.73,BSE 500 TRI,0.79,13.68,12.33,3.43,1.08,0.62,19.46,17.93,,,,,25,https://www.valueresearchonline.com/funds/34226/,INF903JA1955,141141,10,6,1,3,20,High Risk,Average
Sundaram Long Term Micro Cap Tax Advantage VI Dir,equity,equity,Direct,5.93,16.89,19.11,BSE 500 TRI,0.79,13.68,12.33,2.92,1.07,0.59,19.38,17.36,,,,,25,https://www.valueresearchonline.com/funds/34431/,INF903JA1AZ0,141564,10,6,1,3,20,High Risk,Average
Sundaram Long Term Tax Advantage III Dir,equity,equity,Direct,9.52,17.66,19.97,BSE 500 TRI,0.79,13.68,12.33,3.67,1.05,0.64,18.77,17.94,,,,,25,https://www.valueresearchonline.com/funds/35008/,INF903J011W9,135682,10,6,1,3,20,High Risk,Average
Sundaram Long Term Tax Advantage IV Dir,equity,equity,Direct,9.87,17.84,20.01,BSE 500 TRI,0.79,13.68,12.33,3.92,1.04,0.66,18.54,18.11,,,,,25,https://www.valueresearchonline.com/funds/35873/,INF903JA1CZ6,143079,10,6,1,3,20,High Risk,Average
Tata ELSS Dir,equity,equity,Direct,4.68,15.86,14.38,BSE 500 TRI,0.79,13.68,12.33,2.17,1,0.64,15.83,16.07,,,,,25,https://www.valueresearchonline.com/funds/16739/,INF277K01I86,132756,10,6,3,4,23,Moderate Risk,Average
Taurus ELSS Tax Saver Dir,equity,equity,Direct,-5.2,12.44,11.52,BSE 500 TRI,0.79,13.68,12.33,-0.34,0.88,0.46,14.49,12.58,,,,,25,https://www.valueresearchonline.com/funds/16713/,INF044D01CG6,118866,4,4,3,4,15,Moderate Risk,Average
UTI ELSS Tax Saver Dir,equity,equity,Direct,-2.81,11.71,10.3,BSE 500 TRI,0.79,13.68,12.33,-1.72,0.96,0.39,15.04,11.78,,,,,25,https://www.valueresearchonline.com/funds/15723/,INF789F01TF7,120715,4,4,3,4,15,Moderate Risk,Average
Union ELSS Tax Saver Dir,equity,equity,Direct,1.45,13.51,12.88,BSE 500 TRI,0.79,13.68,12.33,0.21,0.93,0.52,14.63,13.49,,,,,25,https://www.valueresearchonline.com/funds/16436/,INF582M01765,119307,8,6,3,4,21,Moderate Risk,Average
WhiteOak Capital ELSS Tax Saver Dir,equity,equity,Direct,1.17,18.85,,BSE 500 TRI,0.79,13.68,,4.9,0.94,0.82,15.04,18.25,,,,,25,https://www.valueresearchonline.com/funds/42487/,INF03VN01621,150587,12,8,3,4,27,Moderate Risk,Good
Zerodha ELSS Tax Saver Nifty Large Midcap 250 Index Dir,equity,equity,Direct,2.38,,,BSE 500 TRI,0.79,,,,,,,,,,,,25,https://www.valueresearchonline.com/funds/43847/,INF0R8F01026,152157,1,1,1,1,4,High Risk,Poor
360 ONE Flexicap Dir,equity,equity,Direct,5.2,,,BSE 500 TRI,0.79,,,,,,,,,,,,25,https://www.valueresearchonline.com/funds/43547/,INF579M01AS1,151796,1,1,1,1,4,High Risk,Poor
360 ONE Focused Dir,equity,equity,Direct,2.75,14.05,13.7,BSE 500 TRI,0.79,13.68,12.33,0.8,0.92,0.56,14.61,14,,,,,25,https://www.valueresearchonline.com/funds/28458/,INF579M01902,131580,8,6,3,4,21,Moderate Risk,Average
ABSL BSE 500 Momentum 50 Index Fund Dir,equity,equity,Direct,,,,BSE 500 TRI,,,,,,,,,,,,,25,https://www.valueresearchonline.com/funds/45377/,INF209KC1589,153736,1,1,1,1,4,High Risk,Poor
ABSL BSE 500 Quality 50 Index Dir,equity,equity,Direct,,,,BSE 500 TRI,,,,,,,,,,,,,25,https://www.valueresearchonline.com/funds/45381/,INF209KC1613,153740,1,1,1,1,4,High Risk,Poor
ABSL Bal Bhavishya Yojna Dir,equity,equity,Direct,4.02,14.03,10.8,BSE 500 TRI,0.79,13.68,12.33,0.92,0.97,0.56,15.43,14.57,,,,,25,https://www.valueresearchonline.com/funds/38821/,INF209KB1E84,146407,8,6,3,4,21,Moderate Risk,Average
ABSL Flexi Cap Dir,equity,equity,Direct,5.77,17.51,13.34,BSE 500 TRI,0.79,13.68,12.33,3.66,0.95,0.76,14.78,17.13,,,,,25,https://www.valueresearchonline.com/funds/15741/,INF209K01XX1,120564,10,8,3,4,25,Moderate Risk,Average
ABSL Focused Dir,equity,equity,Direct,1.21,15.61,12.66,BSE 500 TRI,0.79,13.68,12.33,2.15,0.9,0.66,14.15,15.2,,,,,25,https://www.valueresearchonline.com/funds/15883/,INF209K01WE3,119564,10,6,3,4,23,Moderate Risk,Average
ABSL Retirement 30s Dir,equity,equity,Direct,12.11,18.56,13.1,BSE 500 TRI,0.79,13.68,12.33,4.33,1,0.77,15.97,18.15,,,,,25,https://www.valueresearchonline.com/funds/39181/,INF209KB1I23,146575,12,8,3,4,27,Moderate Risk,Good
Abakkus Flexi Cap Dir,equity,equity,Direct,,,,BSE 500 TRI,,,,,,,,,,,,,25,https://www.valueresearchonline.com/funds/45683/,INF2JJD01136,154043,1,1,1,1,4,High Risk,Poor
Angel One Nifty Total Market ETF,equity,equity,Direct,0.19,,,BSE 500 TRI,0.79,,,,,,,,,,,,25,https://www.valueresearchonline.com/funds/44964/,INF1J2R01023,153330,1,1,1,1,4,High Risk,Poor
Angel One Nifty Total Market Index Dir,equity,equity,Direct,0.14,,,BSE 500 TRI,0.79,,,,,,,,,,,,25,https://www.valueresearchonline.com/funds/44963/,INF1J2R01023,153330,1,1,1,1,4,High Risk,Poor
Angel One Nifty Total Market Momentum Quality 50 ETF,equity,equity,Direct,,,,BSE 500 TRI,,,,,,,,,,,,,25,https://www.valueresearchonline.com/funds/45605/,INF1J2R01122,153956,1,1,1,1,4,High Risk,Poor
Angel One Nifty Total Market Momentum Quality 50 Index Dir,equity,equity,Direct,,,,BSE 500 TRI,,,,,,,,,,,,,25,https://www.valueresearchonline.com/funds/45607/,INF1J2R01122,153956,1,1,1,1,4,High Risk,Poor
Axis Flexi Cap Dir,equity,equity,Direct,2.81,14.83,11.1,BSE 500 TRI,0.79,13.68,12.33,0.51,0.96,0.53,15.39,14.09,,,,,25,https://www.valueresearchonline.com/funds/34711/,INF846K01B28,141925,8,6,3,4,21,Moderate Risk,Average
Axis Focused Dir,equity,equity,Direct,-2.22,10.36,6.52,BSE 500 TRI,0.79,13.68,12.33,-3.31,0.91,0.27,14.86,9.82,,,,,25,https://www.valueresearchonline.com/funds/15684/,INF846K01CQ8,120468,2,4,3,4,13,Moderate Risk,Average
Axis Nifty 500 Index Dir,equity,equity,Direct,-0.08,,,BSE 500 TRI,0.79,,,,,,,,,,,,25,https://www.valueresearchonline.com/funds/44413/,INF846K019W9,152731,1,1,1,1,4,High Risk,Poor
Axis Nifty500 Momentum 50 Index Dir,equity,equity,Direct,-1.67,,,BSE 500 TRI,0.79,,,,,,,,,,,,25,https://www.valueresearchonline.com/funds/44905/,INF846KA1044,153244,1,1,1,1,4,High Risk,Poor
Axis Nifty500 Quality 50 Index Dir,equity,equity,Direct,,,,BSE 500 TRI,,,,,,,,,,,,,25,https://www.valueresearchonline.com/funds/45468/,INF846KA1200,153829,1,1,1,1,4,High Risk,Poor
Bajaj Finserv Flexi Cap Dir,equity,equity,Direct,5.91,,,BSE 500 TRI,0.79,,,,,,,,,,,,25,https://www.valueresearchonline.com/funds/43653/,INF0QA701342,151895,1,1,1,1,4,High Risk,Poor
Bandhan Flexi Cap Dir,equity,equity,Direct,0.58,14.28,11.94,BSE 500 TRI,0.79,13.68,12.33,1.36,0.88,0.61,13.88,14.27,,,,,25,https://www.valueresearchonline.com/funds/16501/,INF194K01W62,118424,8,6,4,4,22,Moderate Risk,Average
Bandhan Focused Dir,equity,equity,Direct,2.02,16.79,13.47,BSE 500 TRI,0.79,13.68,12.33,3.36,0.98,0.67,16.72,17.06,,,,,25,https://www.valueresearchonline.com/funds/16507/,INF194K01W21,118421,10,6,2,4,22,Mod. High Risk,Average
Bandhan Nifty 500 Momentum 50 Index Dir,equity,equity,Direct,-2.04,,,BSE 500 TRI,0.79,,,,,,,,,,,,25,https://www.valueresearchonline.com/funds/44630/,INF194KB1DP9,150591,1,1,1,1,4,High Risk,Poor
Bandhan Nifty Alpha 50 Index Dir,equity,equity,Direct,0.02,,,BSE 500 TRI,0.79,,,,,,,,,,,,25,https://www.valueresearchonline.com/funds/43864/,INF194KB1HA2,152177,1,1,1,1,4,High Risk,Poor
Bandhan Nifty Total Mkt Index Dir,equity,equity,Direct,-0.11,,,BSE 500 TRI,0.79,,,,,,,,,,,,25,https://www.valueresearchonline.com/funds/44403/,INF194KB1IK9,152716,1,1,1,1,4,High Risk,Poor
Bank of India Flexi Cap Dir,equity,equity,Direct,9.3,22.98,18.15,BSE 500 TRI,0.79,13.68,12.33,7.64,1.12,0.87,19.06,22.48,,,,,25,https://www.valueresearchonline.com/funds/41018/,INF761K01FF5,148404,12,8,1,3,24,High Risk,Average
Baroda BNP Paribas Children's Dir,equity,equity,Direct,5.46,,,BSE 500 TRI,0.79,,,,,,,,,,,,25,https://www.valueresearchonline.com/funds/44780/,INF251K01UE9,153171,1,1,1,1,4,High Risk,Poor
Baroda BNP Paribas Flexi Cap Dir,equity,equity,Direct,1.57,15.24,,BSE 500 TRI,0.79,13.68,,2.21,1,0.64,15.9,16.06,,,,,25,https://www.valueresearchonline.com/funds/42312/,INF251K01QZ2,150387,10,6,3,4,23,Moderate Risk,Average
Baroda BNP Paribas Focused Dir,equity,equity,Direct,-4.42,11.84,11.62,BSE 500 TRI,0.79,13.68,12.33,-1.38,1.08,0.42,17.32,13.11,,,,,25,https://www.valueresearchonline.com/funds/34653/,INF251K01PN0,150264,4,4,2,3,13,Mod. High Risk,Average
Canara Robeco Flexi Cap Dir,equity,equity,Direct,-0.01,13.86,12.07,BSE 500 TRI,0.79,13.68,12.33,0.21,0.93,0.53,14.53,13.53,,,,,25,https://www.valueresearchonline.com/funds/16588/,INF760K01EF0,118275,8,6,3,4,21,Moderate Risk,Average
Canara Robeco Focused Dir,equity,equity,Direct,-1.5,15.07,14.26,BSE 500 TRI,0.79,13.68,12.33,1.51,0.92,0.61,14.62,14.73,,,,,25,https://www.valueresearchonline.com/funds/41458/,INF760K01JQ6,148883,8,6,3,4,21,Moderate Risk,Average
Capitalmind Flexi Cap Dir,equity,equity,Direct,,,,BSE 500 TRI,,,,,,,,,,,,,25,https://www.valueresearchonline.com/funds/45313/,INF226401018,153738,1,1,1,1,4,High Risk,Poor
DSP Flexi Cap Dir,equity,equity,Direct,0.76,15.09,12.11,BSE 500 TRI,0.79,13.68,12.33,1.09,0.97,0.58,15.43,14.74,,,,,25,https://www.valueresearchonline.com/funds/16386/,INF740K01PI2,119076,8,6,3,4,21,Moderate Risk,Average
DSP Focused Dir,equity,equity,Direct,1.71,17.48,12.25,BSE 500 TRI,0.79,13.68,12.33,2.53,0.96,0.66,15.53,16.05,,,,,25,https://www.valueresearchonline.com/funds/16388/,INF740K01OB0,119096,10,6,3,4,23,Moderate Risk,Average
DSP Nifty 500 Index Dir,equity,equity,Direct,,,,BSE 500 TRI,,,,,,,,,,,,,25,https://www.valueresearchonline.com/funds/45719/,INF740KA1XY9,154088,1,1,1,1,4,High Risk,Poor
DSP Nifty500 Flexicap Quality 30 ETF,equity,equity,Direct,,,,BSE 500 TRI,,,,,,,,,,,,,25,https://www.valueresearchonline.com/funds/45521/,INF740KA1WR5,153801,1,1,1,1,4,High Risk,Poor
DSP Nifty500 Flexicap Quality 30 Index Dir,equity,equity,Direct,,,,BSE 500 TRI,,,,,,,,,,,,,25,https://www.valueresearchonline.com/funds/45446/,INF740KA1WR5,153801,1,1,1,1,4,High Risk,Poor
Edelweiss Flexi Cap Dir,equity,equity,Direct,1.98,17.17,15.09,BSE 500 TRI,0.79,13.68,12.33,3.34,0.99,0.73,15.48,17.1,,,,,25,https://www.valueresearchonline.com/funds/29263/,INF843K01KK1,140353,10,6,3,4,23,Moderate Risk,Average
Edelweiss Focused Dir,equity,equity,Direct,0.99,15.74,,BSE 500 TRI,0.79,13.68,,1.88,0.98,0.63,15.56,15.61,,,,,25,https://www.valueresearchonline.com/funds/42298/,INF754K01OP1,150376,8,6,3,4,21,Moderate Risk,Average
Franklin India Flexi Cap Dir,equity,equity,Direct,-2.34,15.88,14.41,BSE 500 TRI,0.79,13.68,12.33,2.14,0.92,0.66,14.47,15.37,,,,,25,https://www.valueresearchonline.com/funds/16008/,INF090I01FK3,118535,10,6,3,4,23,Moderate Risk,Average
Franklin India Focused Equity Dir,equity,equity,Direct,-5.63,11.6,12.27,BSE 500 TRI,0.79,13.68,12.33,-0.71,0.88,0.45,14.11,12.17,,,,,25,https://www.valueresearchonline.com/funds/15990/,INF090I01IW2,118564,4,4,3,4,15,Moderate Risk,Average
Groww Nifty 500 Low Volatility 50 ETF,equity,equity,Direct,0.79,,,BSE 500 TRI,0.79,,,,,,,,,,,,25,https://www.valueresearchonline.com/funds/45217/,INF666M01EK5,145589,1,1,1,1,4,High Risk,Poor
Groww Nifty 500 Momentum 50 ETF,equity,equity,Direct,-2.05,,,BSE 500 TRI,0.79,,,,,,,,,,,,25,https://www.valueresearchonline.com/funds/45094/,INF666M01JX7,153453,1,1,1,1,4,High Risk,Poor
Groww Nifty 500 Momentum 50 ETF FoF Dir,equity,equity,Direct,-1.88,,,BSE 500 TRI,0.79,,,,,,,,,,,,1,https://www.valueresearchonline.com/funds/45097/,INF666M01JX7,153453,1,1,1,1,4,High Risk,Poor
Groww Nifty Total Market Index Dir,equity,equity,Direct,-0.05,,,BSE 500 TRI,0.79,,,,,,,,,,,,25,https://www.valueresearchonline.com/funds/43806/,INF666M01HM4,152092,1,1,1,1,4,High Risk,Poor
HDFC BSE 500 ETF,equity,equity,Direct,-0.36,13.28,,BSE 500 TRI,0.79,13.68,,-0.33,1,0.5,15.4,13.53,,,,,25,https://www.valueresearchonline.com/funds/43117/,INF179KA1IZ7,128629,4,6,3,4,17,Moderate Risk,Average
HDFC BSE 500 Index Dir,equity,equity,Direct,-0.43,13,,BSE 500 TRI,0.79,13.68,,-0.57,1,0.48,15.35,13.26,,,,,25,https://www.valueresearchonline.com/funds/43477/,INF179KC1GG9,151728,4,4,3,4,15,Moderate Risk,Average
HDFC Diversified Equity All Cap Active FoF Dir,equity,equity,Direct,,,,BSE 500 TRI,,,,,,,,,,,,,5,https://www.valueresearchonline.com/funds/45485/,INF179KC1JU4,153860,1,1,1,1,4,High Risk,Poor
HDFC Flexi Cap Dir,equity,equity,Direct,2.15,18.74,18.48,BSE 500 TRI,0.79,13.68,12.33,5.28,0.82,0.9,13.11,17.73,,,,,25,https://www.valueresearchonline.com/funds/16026/,INF179K01UT0,118955,12,8,4,5,29,Low Risk,Good
HDFC Focused Dir,equity,equity,Direct,1.39,18.68,20.1,BSE 500 TRI,0.79,13.68,12.33,5.14,0.8,0.9,12.83,17.37,,,,,25,https://www.valueresearchonline.com/funds/16021/,INF179K01VK7,118950,12,8,4,5,29,Low Risk,Good
HDFC Retirement Savings Equity Dir,equity,equity,Direct,-3.31,13.2,14.66,BSE 500 TRI,0.79,13.68,12.33,0.17,0.86,0.52,13.56,12.94,,,,,25,https://www.valueresearchonline.com/funds/31780/,INF179KB1MF0,136094,8,6,4,4,22,Moderate Risk,Average
HSBC Flexi Cap Dir,equity,equity,Direct,3.31,18.49,15.05,BSE 500 TRI,0.79,13.68,12.33,4.18,1.09,0.74,17.32,18.73,,,,,25,https://www.valueresearchonline.com/funds/16320/,INF336L01DH5,120046,12,6,2,3,23,Mod. High Risk,Average
HSBC Focused Dir,equity,equity,Direct,5.4,16.53,12.38,BSE 500 TRI,0.79,13.68,12.33,2.4,1.03,0.63,16.87,16.48,,,,,25,https://www.valueresearchonline.com/funds/41022/,INF336L01PB2,148411,10,6,2,3,21,Mod. High Risk,Average
Helios Flexi Cap Dir,equity,equity,Direct,8.4,,,BSE 500 TRI,0.79,,,,,,,,,,,,25,https://www.valueresearchonline.com/funds/43839/,INF0R8701046,152135,1,1,1,1,4,High Risk,Poor
ICICI Pru BSE 500 ETF,equity,equity,Direct,-0.39,13.27,11.84,BSE 500 TRI,0.79,13.68,12.33,-0.33,1,0.5,15.4,13.52,,,,,25,https://www.valueresearchonline.com/funds/36037/,INF109KC1V91,149331,4,6,3,4,17,Moderate Risk,Average
ICICI Pru BSE 500 ETF FOF Dir,equity,equity,Direct,-0.53,12.79,,BSE 500 TRI,0.79,13.68,,-0.5,0.99,0.49,15.3,13.29,,,,,1,https://www.valueresearchonline.com/funds/41852/,INF109KC1V91,149331,4,4,3,4,15,Moderate Risk,Average
ICICI Pru Diversified Equity All Cap Active FoF Dir,equity,equity,Direct,,,,BSE 500 TRI,,,,,,,,,,,,,5,https://www.valueresearchonline.com/funds/45888/,INF109KC1I49,148035,1,1,1,1,4,High Risk,Poor
ICICI Pru Diversified Equity All Cap Omni FoF Dir,equity,equity,Direct,1.83,18.66,16.69,BSE 500 TRI,0.79,13.68,12.33,4.77,0.92,0.84,14.38,17.98,,,,,10,https://www.valueresearchonline.com/funds/40662/,INF109KC1I49,148035,12,8,3,4,27,Moderate Risk,Good
ICICI Pru Flexicap Dir,equity,equity,Direct,7.68,17.85,,BSE 500 TRI,0.79,13.68,,3.31,0.96,0.71,15.4,16.84,,,,,25,https://www.valueresearchonline.com/funds/41525/,INF109KC1R14,148990,10,6,3,4,23,Moderate Risk,Average
ICICI Pru Focused Equity Dir,equity,equity,Direct,2.99,20.42,17.8,BSE 500 TRI,0.79,13.68,12.33,5.71,0.96,0.87,15.3,19.23,,,,,25,https://www.valueresearchonline.com/funds/17412/,INF109K018N2,120722,12,8,3,4,27,Moderate Risk,Good
ICICI Pru Nifty 500 Index Dir,equity,equity,Direct,-0.32,,,BSE 500 TRI,0.79,,,,,,,,,,,,25,https://www.valueresearchonline.com/funds/44820/,INF109KC16Y3,153161,1,1,1,1,4,High Risk,Poor
ICICI Pru Retirement Pure Equity Dir,equity,equity,Direct,7.97,24.55,22.48,BSE 500 TRI,0.79,13.68,12.33,9.68,1.03,1.08,16.55,23.82,,,,,25,https://www.valueresearchonline.com/funds/39055/,INF109KC1TS2,146349,12,10,2,3,27,Mod. High Risk,Good
ITI Flexi Cap Dir,equity,equity,Direct,8.89,21.04,,BSE 500 TRI,0.79,13.68,,5.43,1.07,0.81,17.27,19.85,,,,,25,https://www.valueresearchonline.com/funds/43120/,INF00XX01CO7,151379,12,8,2,3,25,Mod. High Risk,Average
ITI Focused Dir,equity,equity,Direct,7.98,19.88,,BSE 500 TRI,0.79,13.68,,,,,,,,,,,25,https://www.valueresearchonline.com/funds/43534/,INF00XX01CS8,151777,1,1,1,1,4,High Risk,Poor
Invesco India Flexi Cap Dir,equity,equity,Direct,1.7,20.72,,BSE 500 TRI,0.79,13.68,,4.84,1.05,0.77,17.21,19.07,,,,,25,https://www.valueresearchonline.com/funds/42014/,INF205KA1494,149763,12,8,2,3,25,Mod. High Risk,Average
Invesco India Focused Dir,equity,equity,Direct,0.07,23.61,17.25,BSE 500 TRI,0.79,13.68,12.33,7.6,1.02,0.9,17.52,21.64,,,,,24,https://www.valueresearchonline.com/funds/41096/,INF205KA1213,148481,12,8,2,3,25,Mod. High Risk,Average
JM Flexicap Dir,equity,equity,Direct,0.58,18.45,17.7,BSE 500 TRI,0.79,13.68,12.33,4.21,1.05,0.72,17.44,18.51,,,,,25,https://www.valueresearchonline.com/funds/16547/,INF192K01CC7,120492,12,6,2,3,23,Mod. High Risk,Average
JM Focused Dir,equity,equity,Direct,1.26,15.74,14.54,BSE 500 TRI,0.79,13.68,12.33,1.92,1.04,0.6,17.13,16.13,,,,,25,https://www.valueresearchonline.com/funds/16539/,INF192K01BW7,120488,8,6,2,3,19,Mod. High Risk,Average
JioBlackRock Flexi Cap Dir,equity,equity,Direct,,,,BSE 500 TRI,,,,,,,,,,,,,25,https://www.valueresearchonline.com/funds/45482/,INF22M001093,153859,1,1,1,1,4,High Risk,Poor
Kotak Flexicap Dir,equity,equity,Direct,0.29,15.14,12.74,BSE 500 TRI,0.79,13.68,12.33,1.48,0.94,0.6,14.96,14.89,,,,,25,https://www.valueresearchonline.com/funds/17140/,INF174K01LS2,120166,8,6,3,4,21,Moderate Risk,Average
Kotak Focused Dir,equity,equity,Direct,9.04,17.73,14.55,BSE 500 TRI,0.79,13.68,12.33,3.31,0.93,0.74,14.55,16.61,,,,,25,https://www.valueresearchonline.com/funds/40098/,INF174KA1EN7,147473,10,6,3,4,23,Moderate Risk,Average
Kotak Nifty Alpha 50 ETF,equity,equity,Direct,0.22,20.47,,BSE 500 TRI,0.79,13.68,,5.49,1.34,0.7,23.22,22.11,,,,,25,https://www.valueresearchonline.com/funds/41896/,INF174K01KH7,123693,12,6,1,1,20,High Risk,Average
Kotak Nifty Alpha 50 Index Dir,equity,equity,Direct,,,,BSE 500 TRI,,,,,,,,,,,,,25,https://www.valueresearchonline.com/funds/45402/,INF174KA1XG1,153781,1,1,1,1,4,High Risk,Poor
Kotak Nifty500 Momentum 50 Index Dir,equity,equity,Direct,,,,BSE 500 TRI,,,,,,,,,,,,,25,https://www.valueresearchonline.com/funds/45646/,INF174KA1YC8,154032,1,1,1,1,4,High Risk,Poor
LIC MF Children's Dir,equity,equity,Direct,3.54,11.07,9.12,BSE 500 TRI,0.79,13.68,12.33,-2.15,0.9,0.34,14.96,10.89,,,,,25,https://www.valueresearchonline.com/funds/17648/,INF767K01FB1,120285,2,4,3,4,13,Moderate Risk,Average
LIC MF Flexi Cap Dir,equity,equity,Direct,7.11,13.74,11.98,BSE 500 TRI,0.79,13.68,12.33,-0.77,0.97,0.44,15.99,12.89,,,,,25,https://www.valueresearchonline.com/funds/16756/,INF767K01EG3,120264,4,4,3,4,15,Moderate Risk,Average
LIC MF Focused Dir,equity,equity,Direct,-1.63,11.32,10.86,BSE 500 TRI,0.79,13.68,12.33,-2.5,0.94,0.32,15.54,10.89,,,,,25,https://www.valueresearchonline.com/funds/34738/,INF397L01KA7,152010,2,4,3,4,13,Moderate Risk,Average
Mahindra Manulife Flexi Cap Dir,equity,equity,Direct,-1.89,13.68,,BSE 500 TRI,0.79,13.68,,0.54,0.94,0.55,14.67,13.91,,,,,25,https://www.valueresearchonline.com/funds/41633/,INF955L01JF3,152898,8,6,3,4,21,Moderate Risk,Average
Mahindra Manulife Focused Dir,equity,equity,Direct,2.69,18.96,16.86,BSE 500 TRI,0.79,13.68,12.33,5.16,0.91,0.85,14.64,18.31,,,,,25,https://www.valueresearchonline.com/funds/41169/,INF0QA701607,152162,12,8,3,4,27,Moderate Risk,Good
Mirae Asset Flexi Cap Dir,equity,equity,Direct,3.19,15.28,,BSE 500 TRI,0.79,13.68,,1.83,0.93,0.64,14.57,15.17,,,,,25,https://www.valueresearchonline.com/funds/43134/,INF769K01JJ2,151412,8,6,3,4,21,Moderate Risk,Average
Mirae Asset Focused Dir,equity,equity,Direct,-5.54,8.7,7.93,BSE 500 TRI,0.79,13.68,12.33,-4.51,0.94,0.2,15.51,8.89,,,,,25,https://www.valueresearchonline.com/funds/39823/,INF769K01EU0,147206,2,4,3,4,13,Moderate Risk,Average
Mirae Asset Nifty Total Market Index Dir,equity,equity,Direct,0.13,,,BSE 500 TRI,0.79,,,,,,,,,,,,25,https://www.valueresearchonline.com/funds/44601/,INF769K01MD9,152968,1,1,1,1,4,High Risk,Poor
Motilal Oswal BSE 1000 Index Dir,equity,equity,Direct,,,,BSE 500 TRI,,,,,,,,,,,,,25,https://www.valueresearchonline.com/funds/45219/,INF247L01FM9,153596,1,1,1,1,4,High Risk,Poor
Motilal Oswal Diversified Equity Flexicap Passive FoF Dir,equity,equity,Direct,,,,BSE 500 TRI,,,,,,,,,,,,,3,https://www.valueresearchonline.com/funds/45729/,INF247L01GL9,154112,1,1,1,1,4,High Risk,Poor
Motilal Oswal Flexi Cap Dir,equity,equity,Direct,-6.25,18.99,12.47,BSE 500 TRI,0.79,13.68,12.33,5.7,0.95,0.77,17.35,19.19,,,,,25,https://www.valueresearchonline.com/funds/26125/,INF247L01CL8,152651,12,8,2,4,26,Mod. High Risk,Average
Motilal Oswal Focused Dir,equity,equity,Direct,15.39,12.92,10.04,BSE 500 TRI,0.79,13.68,12.33,-1.34,1.06,0.37,19.18,13.01,,,,,25,https://www.valueresearchonline.com/funds/19514/,INF247L01189,122389,4,4,1,3,12,High Risk,Poor
Motilal Oswal Nifty 500 ETF,equity,equity,Direct,0.06,,,BSE 500 TRI,0.79,,,,,,,,,,,,25,https://www.valueresearchonline.com/funds/43812/,INF247L01247,124234,1,1,1,1,4,High Risk,Poor
Motilal Oswal Nifty 500 Index Dir,equity,equity,Direct,0.13,13.76,12.04,BSE 500 TRI,0.79,13.68,12.33,0.11,1,0.53,15.44,13.99,,,,,25,https://www.valueresearchonline.com/funds/40240/,INF247L01AE7,147794,8,6,3,4,21,Moderate Risk,Average
Motilal Oswal Nifty 500 Momentum 50 ETF,equity,equity,Direct,-2.19,,,BSE 500 TRI,0.79,,,,,,,,,,,,25,https://www.valueresearchonline.com/funds/44555/,INF247L01DL6,152875,1,1,1,1,4,High Risk,Poor
Motilal Oswal Nifty 500 Momentum 50 Index Dir,equity,equity,Direct,-1.96,,,BSE 500 TRI,0.79,,,,,,,,,,,,25,https://www.valueresearchonline.com/funds/44554/,INF247L01DL6,152875,1,1,1,1,4,High Risk,Poor
Motilal Oswal Nifty Alpha 50 ETF,equity,equity,Direct,,,,BSE 500 TRI,,,,,,,,,,,,,25,https://www.valueresearchonline.com/funds/45363/,INF247L01EJ8,153258,1,1,1,1,4,High Risk,Poor
NJ Flexi Cap Dir,equity,equity,Direct,-2.76,,,BSE 500 TRI,0.79,,,,,,,,,,,,25,https://www.valueresearchonline.com/funds/43714/,INF0J8L01156,151917,1,1,1,1,4,High Risk,Poor
Navi Flexi Cap Dir,equity,equity,Direct,11.11,14.72,13.66,BSE 500 TRI,0.79,13.68,12.33,0.37,0.98,0.52,15.72,14.09,,,,,25,https://www.valueresearchonline.com/funds/36686/,INF959L01DT9,143793,8,6,3,4,21,Moderate Risk,Average
Nippon India Diversified Equity Flexicap Passive FoF Dir,equity,equity,Direct,-0.76,13.1,11.65,BSE 500 TRI,0.79,13.68,12.33,-0.35,1,0.49,15.41,13.48,,,,,3,https://www.valueresearchonline.com/funds/41241/,INF204KB16X6,148642,4,4,3,4,15,Moderate Risk,Average
Nippon India Flexi Cap Dir,equity,equity,Direct,1.14,14.89,,BSE 500 TRI,0.79,13.68,,0.95,1,0.57,15.77,14.82,,,,,25,https://www.valueresearchonline.com/funds/41616/,INF204KC1121,149094,8,6,3,4,21,Moderate Risk,Average
Nippon India Focused Dir,equity,equity,Direct,0.97,14.07,12.89,BSE 500 TRI,0.79,13.68,12.33,0.53,0.94,0.53,15.05,13.9,,,,,25,https://www.valueresearchonline.com/funds/16129/,INF204K01F95,118692,8,6,3,4,21,Moderate Risk,Average
Nippon India Nifty 500 Low Volatility 50 Index Dir,equity,equity,Direct,0.63,,,BSE 500 TRI,0.79,,,,,,,,,,,,25,https://www.valueresearchonline.com/funds/45109/,INF204KC1EQ2,153474,1,1,1,1,4,High Risk,Poor
Nippon India Nifty 500 Momentum 50 Index Dir,equity,equity,Direct,-1.8,,,BSE 500 TRI,0.79,,,,,,,,,,,,25,https://www.valueresearchonline.com/funds/44558/,INF204KC1DG5,152881,1,1,1,1,4,High Risk,Poor
Nippon India Nifty 500 Quality 50 Index Dir,equity,equity,Direct,-1.36,,,BSE 500 TRI,0.79,,,,,,,,,,,,25,https://www.valueresearchonline.com/funds/45105/,INF204KC1EW0,153470,1,1,1,1,4,High Risk,Poor
Nippon India Retirement Wealth Creation Dir,equity,equity,Direct,0.53,15.15,13.63,BSE 500 TRI,0.79,13.68,12.33,1.88,0.97,0.63,15.28,15.51,,,,,25,https://www.valueresearchonline.com/funds/29291/,INF204KA1B72,133568,8,6,3,4,21,Moderate Risk,Average
Old Bridge Flexi Cap Dir,equity,equity,Direct,,,,BSE 500 TRI,,,,,,,,,,,,,25,https://www.valueresearchonline.com/funds/45846/,INF0S5R01133,154225,1,1,1,1,4,High Risk,Poor
Old Bridge Focused Dir,equity,equity,Direct,9.61,,,BSE 500 TRI,0.79,,,,,,,,,,,,24,https://www.valueresearchonline.com/funds/44038/,INF0S5R01042,152358,1,1,1,1,4,High Risk,Poor
PGIM India Flexi Cap Dir,equity,equity,Direct,0.76,11.84,10.68,BSE 500 TRI,0.79,13.68,12.33,-1.4,0.91,0.41,14.49,11.74,,,,,25,https://www.valueresearchonline.com/funds/29473/,INF663L01FF1,133839,4,4,3,4,15,Moderate Risk,Average
Parag Parikh Flexi Cap Dir,equity,equity,Direct,-2.46,15.08,14.78,BSE 500 TRI,0.79,13.68,12.33,4.38,0.6,0.93,9.91,15.04,,,,,25,https://www.valueresearchonline.com/funds/19701/,INF879O01027,122639,12,8,6,6,32,Low Risk,Good
Quant Flexi Cap Dir,equity,equity,Direct,13.55,20.46,17.13,BSE 500 TRI,0.79,13.68,12.33,5.74,1.16,0.77,19.55,20.88,,,,,25,https://www.valueresearchonline.com/funds/17377/,INF966L01911,120843,12,8,1,2,23,High Risk,Average
Quantum Diversified Equity All Cap Active FoF Dir,equity,equity,Direct,1.01,13.93,11.88,BSE 500 TRI*,0.79,13.68,12.33,0.32,0.92,0.54,14.32,13.56,,,,,7,https://www.valueresearchonline.com/funds/10550/,INF082J01093,112039,8,6,3,4,21,Moderate Risk,Average
SBI Flexicap Dir,equity,equity,Direct,-0.6,10.73,10.09,BSE 500 TRI,0.79,13.68,12.33,-1.97,0.87,0.36,13.63,10.84,,,,,25,https://www.valueresearchonline.com/funds/17514/,INF200K01UG1,119718,4,4,4,4,16,Moderate Risk,Average
SBI Focused Dir,equity,equity,Direct,10.12,17.31,13.85,BSE 500 TRI,0.79,13.68,12.33,5.32,0.83,0.85,14.02,17.78,,,,,24,https://www.valueresearchonline.com/funds/16324/,INF200K01RJ1,119727,12,8,3,5,28,Moderate Risk,Good
SBI Nifty 500 Index Dir,equity,equity,Direct,-0.11,,,BSE 500 TRI,0.79,,,,,,,,,,,,25,https://www.valueresearchonline.com/funds/44567/,INF200KB1381,152908,1,1,1,1,4,High Risk,Poor
SBI Retirement Benefit Aggressive Dir,equity,equity,Direct,0.15,11.31,13.32,BSE 500 TRI,0.79,13.68,12.33,-2.29,0.94,0.35,14.81,11.1,,,,,25,https://www.valueresearchonline.com/funds/41271/,INF200KA1S55,148683,2,4,3,4,13,Moderate Risk,Average
Samco Flexi Cap Dir,equity,equity,Direct,-7.83,1.07,,BSE 500 TRI,0.79,13.68,,-11,1.07,-0.12,19.42,3.44,,,,,25,https://www.valueresearchonline.com/funds/41935/,INF0K1H01024,149450,2,1,1,3,7,High Risk,Poor
Shriram Flexi Cap Dir,equity,equity,Direct,-0.41,10.9,10.09,BSE 500 TRI,0.79,13.68,12.33,-2.55,1,0.32,16.98,11.33,,,,,25,https://www.valueresearchonline.com/funds/37581/,INF680P01109,144905,2,4,2,4,12,Mod. High Risk,Poor
Sundaram Flexi Cap Dir,equity,equity,Direct,-1.01,12.67,,BSE 500 TRI,0.79,13.68,,-0.61,0.92,0.46,14.53,12.59,,,,,25,https://www.valueresearchonline.com/funds/42504/,INF903JA1LE2,150571,4,4,3,4,15,Moderate Risk,Average
Sundaram Focused Dir,equity,equity,Direct,0.99,12.68,11.11,BSE 500 TRI,0.79,13.68,12.33,-0.38,0.82,0.47,13.1,12.03,,,,,25,https://www.valueresearchonline.com/funds/16614/,INF0QA701607,152162,4,4,4,5,17,Low Risk,Average
TRUST MF Flexi Cap Dir,equity,equity,Direct,2.82,,,BSE 500 TRI,0.79,,,,,,,,,,,,25,https://www.valueresearchonline.com/funds/44271/,INF0GCD01743,152584,1,1,1,1,4,High Risk,Poor
Tata Children's Dir,equity,equity,Direct,-8.3,8.52,9.43,BSE 500 TRI,0.79,13.68,12.33,-4.52,0.97,0.21,15.37,9.14,,,,,25,https://www.valueresearchonline.com/funds/16957/,INF0QA701607,152162,2,4,3,4,13,Moderate Risk,Average
Tata Flexi Cap Dir,equity,equity,Direct,-2.88,13.79,11.53,BSE 500 TRI,0.79,13.68,12.33,1.55,0.86,0.61,13.73,14.31,,,,,25,https://www.valueresearchonline.com/funds/37437/,INF277K015K0,144546,8,6,4,4,22,Moderate Risk,Average
Tata Focused Dir,equity,equity,Direct,0.54,14.06,12.97,BSE 500 TRI,0.79,13.68,12.33,1.17,0.92,0.58,14.68,14.35,,,,,25,https://www.valueresearchonline.com/funds/40405/,INF277K017X9,147757,8,6,3,4,21,Moderate Risk,Average
Tata Retirement Savings Progressive Dir,equity,equity,Direct,1.35,16,12.46,BSE 500 TRI,0.79,13.68,12.33,2.58,1,0.65,16.35,16.43,,,,,25,https://www.valueresearchonline.com/funds/17020/,INF277K01QO1,119251,10,6,2,4,22,Mod. High Risk,Average
Taurus Flexi Cap Dir,equity,equity,Direct,-1.2,13.04,10.32,BSE 500 TRI,0.79,13.68,12.33,-0.98,1.01,0.44,16.11,12.94,,,,,25,https://www.valueresearchonline.com/funds/16705/,INF044D01BU9,118883,4,4,2,3,13,Mod. High Risk,Average
The Wealth Company Flexi Cap Dir,equity,equity,Direct,,,,BSE 500 TRI,,,,,,,,,,,,,25,https://www.valueresearchonline.com/funds/45499/,INF2F0001040,153872,1,1,1,1,4,High Risk,Poor
UTI Children's Equity Dir,equity,equity,Direct,-4.85,10.68,9.47,BSE 500 TRI,0.79,13.68,12.33,-2.33,0.94,0.35,14.83,11.05,,,,,25,https://www.valueresearchonline.com/funds/15867/,-,120724,2,4,3,4,13,Moderate Risk,Average
UTI Flexi Cap Dir,equity,equity,Direct,-4.98,8.83,6.76,BSE 500 TRI,0.79,13.68,12.33,-4.15,0.86,0.19,14.31,8.62,,,,,25,https://www.valueresearchonline.com/funds/15714/,INF966L01911,120843,2,4,3,4,13,Moderate Risk,Average
UTI Focused Dir,equity,equity,Direct,-2.17,12.41,,BSE 500 TRI,0.79,13.68,,-0.73,0.94,0.45,14.94,12.64,,,,,25,https://www.valueresearchonline.com/funds/41629/,INF789F1AVA3,149091,4,4,3,4,15,Moderate Risk,Average
UTI Nifty500 Shariah Index Dir,equity,equity,Direct,,,,BSE 500 TRI,,,,,,,,,,,,,25,https://www.valueresearchonline.com/funds/45821/,-,154197,1,1,1,1,4,High Risk,Poor
Unifi Flexi Cap Dir,equity,equity,Direct,3.47,,,BSE 500 TRI,0.79,,,,,,,,,,,,25,https://www.valueresearchonline.com/funds/45189/,INF1MIY01031,153543,1,1,1,1,4,High Risk,Poor
Union Children's Dir,equity,equity,Direct,3.81,,,BSE 500 TRI,0.79,,,,,,,,,,,,25,https://www.valueresearchonline.com/funds/43924/,INF582M01JK3,152219,1,1,1,1,4,High Risk,Poor
Union Diversified Equity All Cap Active FoF Dir,equity,equity,Direct,,,,BSE 500 TRI,,,,,,,,,,,,,5,https://www.valueresearchonline.com/funds/45473/,INF582M01LZ7,153824,1,1,1,1,4,High Risk,Poor
Union Flexi Cap Dir,equity,equity,Direct,1.3,14.06,12.65,BSE 500 TRI,0.79,13.68,12.33,0.48,0.94,0.54,14.93,13.9,,,,,25,https://www.valueresearchonline.com/funds/16412/,INF582M01633,119292,8,6,3,4,21,Moderate Risk,Average
Union Focused Dir,equity,equity,Direct,7.54,14.04,12.11,BSE 500 TRI,0.79,13.68,12.33,1.27,0.87,0.57,14.37,14.06,,,,,25,https://www.valueresearchonline.com/funds/40108/,INF582M01FS4,147492,8,6,3,4,21,Moderate Risk,Average
Union Retirement Dir,equity,equity,Direct,5.65,16.84,,BSE 500 TRI,0.79,13.68,,3.35,0.91,0.74,14.29,16.48,,,,,25,https://www.valueresearchonline.com/funds/42492/,INF582M01IK5,150554,10,6,3,4,23,Moderate Risk,Average
WhiteOak Capital Flexi Cap Dir,equity,equity,Direct,2.44,17.65,,BSE 500 TRI,0.79,13.68,,3.97,0.91,0.78,14.51,17.13,,,,,25,https://www.valueresearchonline.com/funds/42320/,INF03VN01696,150797,10,8,3,4,25,Moderate Risk,Average
ABSL Global Emerging Opportunities Dir**,equity,equity,Direct,27.03,20.51,11.35,BSE 500 TRI*,0.79,13.68,12.33,,,1,15.92,21.76,,,,,1,https://www.valueresearchonline.com/funds/17094/,INF084M01EB0,132140,1,10,3,1,15,Moderate Risk,Average
ABSL Global Excellence Equity FoF Dir**,equity,equity,Direct,27.25,21.54,14.27,BSE 500 TRI*,0.79,13.68,12.33,,,1.17,13.71,21.84,,,,,1,https://www.valueresearchonline.com/funds/17099/,INF084M01EH7,132009,1,10,4,1,16,Moderate Risk,Average
ABSL International Equity Dir,equity,equity,Direct,28.75,19.61,12.06,BSE 500 TRI,0.79,13.68,12.33,,,1.06,13.7,20.44,,,,,25,https://www.valueresearchonline.com/funds/15903/,INF209K01WS3,119517,1,10,4,1,16,Moderate Risk,Average
ABSL US Equity Passive FoF Dir,equity,equity,Direct,44.63,31.28,,BSE 500 TRI,0.79,13.68,,,,1.37,18.87,31.76,,,,,1,https://www.valueresearchonline.com/funds/41797/,INF209KB18C5,149291,1,10,1,1,13,High Risk,Average
Axis Global Equity Alpha FoF Dir,equity,equity,Direct,23.43,22.36,14.25,BSE 500 TRI,0.79,13.68,12.33,,,1.25,13.48,22.68,,,,,1,https://www.valueresearchonline.com/funds/41100/,INF846K01X06,148485,1,10,4,1,16,Moderate Risk,Average
Axis Global Innovation FoF Dir,equity,equity,Direct,29.95,23.97,13.26,BSE 500 TRI,0.79,13.68,12.33,,,1.07,18.14,25.27,,,,,1,https://www.valueresearchonline.com/funds/41496/,INF846K01Z20,148954,1,10,1,1,13,High Risk,Average
Axis Greater China Equity FoF Dir**,equity,equity,Direct,41.43,19.17,4.65,BSE 500 TRI,0.79,13.68,12.33,,,0.85,20.14,23.05,,,,,1,https://www.valueresearchonline.com/funds/41287/,INF846K01Y39,148699,1,8,1,1,11,High Risk,Poor
Axis NASDAQ 100 US Specific Equity Passive FoF Dir,equity,equity,Direct,44.58,30.9,,BSE 500 TRI,0.79,13.68,,,,1.41,18.15,31.46,,,,,1,https://www.valueresearchonline.com/funds/42633/,INF846K012K9,150751,1,10,1,1,13,High Risk,Average
Bandhan US specific Equity Active FoF Dir**,equity,equity,Direct,22.63,25.14,,BSE 500 TRI,0.79,13.68,,,,1.25,17.15,27.22,,,,,1,https://www.valueresearchonline.com/funds/41620/,INF194KB1CF2,149098,1,10,2,1,14,Mod. High Risk,Average
Baroda BNP Paribas Aqua FoF Dir,equity,equity,Direct,21.72,15.32,10.36,BSE 500 TRI,0.79,13.68,12.33,,,0.61,16.11,15.76,,,,,1,https://www.valueresearchonline.com/funds/41454/,INF251K01QT5,150285,1,6,2,1,10,Mod. High Risk,Poor
DSP Global Clean Energy Overseas Equity Omni FoF Dir,equity,equity,Direct,61.83,19.01,13.04,BSE 500 TRI,0.79,13.68,12.33,,,0.81,19.32,21.47,,,,,1,https://www.valueresearchonline.com/funds/17012/,INF740K01PC5,119275,1,8,1,1,11,High Risk,Poor
DSP Global Innovation Overseas Equity Omni FoF Dir**,equity,equity,Direct,34.91,27.29,,BSE 500 TRI*,0.79,13.68,,,,1.29,16.75,27.45,,,,,6,https://www.valueresearchonline.com/funds/42054/,INF740KA1QP1,149816,1,10,2,1,14,Mod. High Risk,Average
DSP US Specific Equity Omni FoF Dir,equity,equity,Direct,48.05,28.31,19.03,BSE 500 TRI,0.79,13.68,12.33,,,1.32,17.44,28.95,,,,,1,https://www.valueresearchonline.com/funds/17006/,INF740K01OH7,119252,1,10,2,1,14,Mod. High Risk,Average
DSP World Gold Mining Overseas Equity Omni FoF Dir,equity,equity,Direct,63.05,44.62,22.69,BSE 500 TRI,0.79,13.68,12.33,,,1.28,31.66,46.32,,,,,2,https://www.valueresearchonline.com/funds/17016/,INF740K01OZ9,119277,1,10,1,1,13,High Risk,Average
DSP World Mining Overseas Equity Omni FoF Dir,equity,equity,Direct,75.57,23.78,15.79,BSE 500 TRI,0.79,13.68,12.33,,,1.06,23.43,30.68,,,,,1,https://www.valueresearchonline.com/funds/17021/,INF740K01PF8,119279,1,10,1,1,13,High Risk,Average
Edelweiss ASEAN Equity Offshore Dir,equity,equity,Direct,23.89,14.6,9.76,BSE 500 TRI,0.79,13.68,12.33,,,0.77,11.37,14.63,,,,,1,https://www.valueresearchonline.com/funds/17131/,INF843K01AW7,140256,1,8,5,1,15,Moderate Risk,Average
Edelweiss Emerging Markets Opportunities Equity Offshr Dir,equity,equity,Direct,66.84,28.33,10.18,BSE 500 TRI,0.79,13.68,12.33,,,1.31,17.27,28.51,,,,,1,https://www.valueresearchonline.com/funds/27119/,INF843K01IZ3,140327,1,10,2,1,14,Mod. High Risk,Average
Edelweiss Europe Dynamic Equity Offshr Dir,equity,equity,Direct,27.75,24.25,15.13,BSE 500 TRI,0.79,13.68,12.33,,,1.36,13.17,23.72,,,,,1,https://www.valueresearchonline.com/funds/23435/,INF843K01GI3,140296,1,10,4,1,16,Moderate Risk,Average
Edelweiss Greater China Equity Offshore Dir,equity,equity,Direct,51.34,21.34,3.26,BSE 500 TRI,0.79,13.68,12.33,,,0.9,21.18,24.98,,,,,1,https://www.valueresearchonline.com/funds/17132/,INF843K01AU1,140243,1,8,1,1,11,High Risk,Poor
Edelweiss US Technology Equity FoF Dir,equity,equity,Direct,35.66,31.49,16.04,BSE 500 TRI,0.79,13.68,12.33,,,1.05,26.47,33.75,,,,,1,https://www.valueresearchonline.com/funds/40665/,INF754K01LB7,148063,1,10,1,1,13,High Risk,Average
Edelweiss US Value Equity Offshore Dir,equity,equity,Direct,34.5,20.34,14.39,BSE 500 TRI,0.79,13.68,12.33,,,1.07,12.81,19.6,,,,,1,https://www.valueresearchonline.com/funds/20060/,INF843K01EC1,140274,1,10,4,1,16,Moderate Risk,Average
Franklin Asian Equity Dir,equity,equity,Direct,49.91,22.75,8.22,BSE 500 TRI,0.79,13.68,12.33,,,0.93,17.91,22.47,,,,,25,https://www.valueresearchonline.com/funds/15977/,INF090I01IZ5,118559,1,8,2,1,12,Mod. High Risk,Poor
Franklin U.S. Opportunities Equity Active FoF Dir,equity,equity,Direct,21.76,22.92,10.76,BSE 500 TRI,0.79,13.68,12.33,,,1.06,17.68,24.58,,,,,1,https://www.valueresearchonline.com/funds/16027/,INF090I01JR0,118551,1,10,2,1,14,Mod. High Risk,Average
HDFC Developed World Overseas Equity Passive FoF Dir*,equity,equity,Direct,33.91,24.72,,BSE 500 TRI*,0.79,13.68,,,,1.52,12.34,24.65,,,,,5,https://www.valueresearchonline.com/funds/41714/,INF179KC1BO4,149180,1,12,4,1,18,Moderate Risk,Average
HSBC Asia Pacific (Ex Japan) Dividend Yield Dir**,equity,equity,Direct,50.4,26.38,13.82,BSE 500 TRI,0.79,13.68,12.33,,,1.44,14.4,26.68,,,,,1,https://www.valueresearchonline.com/funds/23946/,INF336L01HF0,127071,1,10,3,1,15,Moderate Risk,Average
HSBC Brazil Dir,equity,equity,Direct,35.25,11.08,3.91,BSE 500 TRI,0.79,13.68,12.33,,,0.53,24.6,18.79,,,,,1,https://www.valueresearchonline.com/funds/17042/,INF336L01BY4,120035,1,6,1,1,9,High Risk,Poor
HSBC Global Emerging Markets Dir**,equity,equity,Direct,69.26,28.82,12.06,BSE 500 TRI,0.79,13.68,12.33,,,1.27,18.81,29.68,,,,,1,https://www.valueresearchonline.com/funds/17037/,INF336L01CJ3,120043,1,10,1,1,13,High Risk,Average
ICICI Pru Global Advantage (FOF) Dir,equity,equity,Direct,29.42,18.92,9.31,BSE 500 TRI,0.79,13.68,12.33,,,1,14.44,20.35,,,,,6,https://www.valueresearchonline.com/funds/40282/,INF109KC1F34,147648,1,10,3,1,15,Moderate Risk,Average
ICICI Pru Global Stable Equity (FOF) Dir,equity,equity,Direct,15.72,12.08,9.63,BSE 500 TRI,0.79,13.68,12.33,,,0.78,9.48,13.24,,,,,1,https://www.valueresearchonline.com/funds/20857/,INF109KA1CE0,123654,1,8,6,1,16,Moderate Risk,Average
ICICI Pru NASDAQ 100 Index Dir,equity,equity,Direct,45.4,31.57,,BSE 500 TRI,0.79,13.68,,,,1.5,17.3,31.81,,,,,25,https://www.valueresearchonline.com/funds/41744/,INF109KC1U50,149219,1,12,2,1,16,Mod. High Risk,Average
ICICI Pru Strategic Metal and Energy Equity FoF Dir,equity,equity,Direct,52.53,29.71,,BSE 500 TRI,0.79,13.68,,,,1.28,19.55,30.9,,,,,1,https://www.valueresearchonline.com/funds/42035/,INF109KC1Z55,149455,1,10,1,1,13,High Risk,Average
ICICI Pru US Bluechip Equity Dir,equity,equity,Direct,18.03,13.26,11,BSE 500 TRI,0.79,13.68,12.33,,,0.73,13.89,16,,,,,25,https://www.valueresearchonline.com/funds/17160/,INF109K01Z71,120186,1,6,4,1,12,Moderate Risk,Poor
Invesco India Global Equity Income FoF Dir,equity,equity,Direct,22.5,22.45,16.72,BSE 500 TRI,0.79,13.68,12.33,,,1.23,14.29,23.42,,,,,1,https://www.valueresearchonline.com/funds/26149/,INF205K01B49,129188,1,10,3,1,15,Moderate Risk,Average
Invesco India Pan European Equity FoF Dir,equity,equity,Direct,35.25,19.81,14.4,BSE 500 TRI,0.79,13.68,12.33,,,0.99,14.92,20.61,,,,,1,https://www.valueresearchonline.com/funds/23314/,INF205K01A24,126353,1,8,3,1,13,Moderate Risk,Average
Invesco India-Invesco EQQQ NASDAQ-100 ETF FoF Dir,equity,equity,Direct,44.73,31.43,,BSE 500 TRI,0.79,13.68,,,,1.39,18.66,31.87,,,,,1,https://www.valueresearchonline.com/funds/42218/,INF205KA1585,149961,1,10,1,1,13,High Risk,Average
Invesco India-Invesco Global Consumer Trends FoF Dir,equity,equity,Direct,34.19,27.66,5.53,BSE 500 TRI,0.79,13.68,12.33,,,0.91,27.18,30.49,,,,,1,https://www.valueresearchonline.com/funds/41229/,INF205KA1270,148614,1,8,1,1,11,High Risk,Poor
Kotak Global Emerging Market Overseas Equity Omni FoF Dir,equity,equity,Direct,64.26,28.79,11.93,BSE 500 TRI,0.79,13.68,12.33,,,1.31,17.3,28.49,,,,,1,https://www.valueresearchonline.com/funds/17439/,INF174K01LW4,119779,1,10,2,1,14,Mod. High Risk,Average
Kotak Global Innovation Overseas Equity Omni FoF Dir**,equity,equity,Direct,36.5,23.5,,BSE 500 TRI*,0.79,13.68,,,,1.12,16.34,24.12,,,,,2,https://www.valueresearchonline.com/funds/41595/,INF174KA1HG4,149059,1,10,2,1,14,Mod. High Risk,Average
Kotak International REIT Overseas Equity Omni FoF Dir**,equity,equity,Direct,13.53,10.7,3.45,BSE 500 TRI,0.79,13.68,12.33,,,0.38,15.82,11.85,,,,,1,https://www.valueresearchonline.com/funds/41237/,INF174KA1FO2,148646,1,4,3,1,9,Moderate Risk,Poor
Kotak Quality Overseas Equity Omni FoF Dir,equity,equity,Direct,,,,BSE 500 TRI,,,,,,,,,,,,,1,https://www.valueresearchonline.com/funds/45906/,INF178L01BY0,133791,1,1,1,1,4,High Risk,Poor
Kotak US Specific Equity Passive FoF Dir,equity,equity,Direct,45.33,31.45,21.16,BSE 500 TRI,0.79,13.68,12.33,,,1.41,18.53,32.02,,,,,1,https://www.valueresearchonline.com/funds/41260/,INF174KA1FQ7,148662,1,10,1,1,13,High Risk,Average
Mahindra Manulife Asia Pacific REITs FoF Dir,equity,equity,Direct,17.24,8.45,,BSE 500 TRI,0.79,13.68,,,,0.29,15.74,10.47,,,,,1,https://www.valueresearchonline.com/funds/41762/,INF174V01AY0,149230,1,4,3,1,9,Moderate Risk,Poor
Mirae Asset Global Electric & Autonomous Vehicles Eqt Passive FoF Dir,equity,equity,Direct,80.32,19.72,,BSE 500 TRI,0.79,13.68,,,,0.81,25.51,26.6,,,,,3,https://www.valueresearchonline.com/funds/42460/,INF769K01IQ9,150595,1,8,1,1,11,High Risk,Poor
Mirae Asset Global X Artificial Intelligence & Tech ETF FoF Dir,equity,equity,Direct,63.6,38.87,,BSE 500 TRI,0.79,13.68,,,,1.44,23.1,39.22,,,,,1,https://www.valueresearchonline.com/funds/42458/,INF769K01IS5,150597,1,10,1,1,13,High Risk,Average
Mirae Asset Hang Seng TECH ETF FoF Dir**,equity,equity,Direct,-2.58,15.31,,BSE 500 TRI,0.79,13.68,,,,0.59,32.61,25.03,,,,,1,https://www.valueresearchonline.com/funds/41878/,INF769K01HU3,149381,1,6,1,1,9,High Risk,Poor
Mirae Asset Hang Seng TECH ETF**,equity,equity,Direct,-9.56,9.59,,BSE 500 TRI,0.79,13.68,,,,0.42,33.8,20.1,,,,,25,https://www.valueresearchonline.com/funds/41876/,INF769K01GX9,148623,1,4,1,1,7,High Risk,Poor
Mirae Asset NYSE FANG+ ETF,equity,equity,Direct,24.04,34.55,23.33,BSE 500 TRI,0.79,13.68,12.33,,,1.49,21.97,38.54,,,,,10,https://www.valueresearchonline.com/funds/41429/,INF769K01HH0,148928,1,10,1,1,13,High Risk,Average
Mirae Asset NYSE FANG+ ETF FoF Dir,equity,equity,Direct,36.82,44.05,28.28,BSE 500 TRI,0.79,13.68,12.33,,,1.6,23.58,43.69,,,,,1,https://www.valueresearchonline.com/funds/41431/,INF769K01HH0,148928,1,12,1,1,15,High Risk,Average
Mirae Asset S&P 500 Top 50 ETF,equity,equity,Direct,28.07,25.85,,BSE 500 TRI,0.79,13.68,,,,1.53,14.69,28.34,,,,,25,https://www.valueresearchonline.com/funds/41698/,INF769K01HR9,149170,1,12,3,1,17,Moderate Risk,Average
Mirae Asset S&P 500 Top 50 ETF FoF Dir,equity,equity,Direct,40.09,34.58,,BSE 500 TRI,0.79,13.68,,,,1.54,18.74,34.65,,,,,1,https://www.valueresearchonline.com/funds/41704/,INF769K01HR9,149170,1,12,1,1,15,High Risk,Average
Motilal Oswal Developed Mkt Ex US ETFs Ovrses Eqt Pass FoF Dir,equity,equity,Direct,34.9,,,BSE 500 TRI,0.79,,,,,,,,,,,,2,https://www.valueresearchonline.com/funds/43802/,INF0QA701607,152162,1,1,1,1,4,High Risk,Poor
Motilal Oswal NASDAQ 100 ETF,equity,equity,Direct,45.24,31.43,21.11,BSE 500 TRI,0.79,13.68,12.33,,,1.45,17.64,31.36,,,,,25,https://www.valueresearchonline.com/funds/12498/,INF247L01718,145552,1,10,2,1,14,Mod. High Risk,Average
Motilal Oswal Nasdaq 100 FOF Dir,equity,equity,Direct,75.65,39.29,24.93,BSE 500 TRI,0.79,13.68,12.33,,,1.26,26.41,39.03,,,,,1,https://www.valueresearchonline.com/funds/38228/,INF247L01718,145552,1,10,1,1,13,High Risk,Average
Motilal Oswal Nasdaq Q50 ETF,equity,equity,Direct,64.65,30.76,,BSE 500 TRI,0.79,13.68,,,,1.24,19.56,30.05,,,,,25,https://www.valueresearchonline.com/funds/41923/,INF247L01247,124234,1,10,1,1,13,High Risk,Average
Motilal Oswal S&P 500 Index Dir,equity,equity,Direct,32.83,25.14,17.44,BSE 500 TRI,0.79,13.68,12.33,,,1.45,13.61,25.62,,,,,25,https://www.valueresearchonline.com/funds/40997/,INF247L01AG2,148381,1,10,4,1,16,Moderate Risk,Average
Navi Nasdaq100 US Specific Equity Passive FoF Dir,equity,equity,Direct,45.23,31.67,,BSE 500 TRI,0.79,13.68,,,,1.39,18.74,31.93,,,,,1,https://www.valueresearchonline.com/funds/42135/,INF959L01FZ1,149910,1,10,1,1,13,High Risk,Average
Navi Total Stock Market US Specific Equity Passive FoF Dir,equity,equity,Direct,33.96,25.74,,BSE 500 TRI,0.79,13.68,,,,1.35,15.06,26.24,,,,,1,https://www.valueresearchonline.com/funds/42069/,INF959L01FV0,149830,1,10,3,1,15,Moderate Risk,Average
Nippon India ETF Hang Seng BeES,equity,equity,Direct,5.56,15.08,2.51,BSE 500 TRI,0.79,13.68,12.33,,,0.71,20.31,20.19,,,,,25,https://www.valueresearchonline.com/funds/10905/,INF204KA1U61,134552,1,6,1,1,9,High Risk,Poor
Nippon India Japan Equity Dir,equity,equity,Direct,36.73,20.03,11.03,BSE 500 TRI,0.79,13.68,12.33,,,1.07,14.3,21.11,,,,,25,https://www.valueresearchonline.com/funds/27691/,INF204KA1SI1,130860,1,10,3,1,15,Moderate Risk,Average
Nippon India Taiwan Equity Dir,equity,equity,Direct,185.47,62.79,,BSE 500 TRI,0.79,13.68,,,,,,,,,,,25,https://www.valueresearchonline.com/funds/41838/,INF204KC1303,149329,1,1,1,1,4,High Risk,Poor
Nippon India US Equity Opportunities Dir,equity,equity,Direct,13.84,17.71,10.54,BSE 500 TRI,0.79,13.68,12.33,,,0.98,14.26,19.87,,,,,25,https://www.valueresearchonline.com/funds/30567/,INF204KA15G5,134923,1,8,3,1,13,Moderate Risk,Average
PGIM India Emerging Markets Equity FoF Dir,equity,equity,Direct,51.29,30.34,5.03,BSE 500 TRI,0.79,13.68,12.33,,,1.33,18.67,30.63,,,,,1,https://www.valueresearchonline.com/funds/17349/,INF223J01NL0,138456,1,10,1,1,13,High Risk,Average
PGIM India Global Equity Opportunities FoF Dir,equity,equity,Direct,24.66,20.44,8.92,BSE 500 TRI,0.79,13.68,12.33,,,0.83,18.6,21.26,,,,,1,https://www.valueresearchonline.com/funds/17348/,INF223J01NF2,138528,1,8,1,1,11,High Risk,Poor
PGIM India Global Select Real Estate Sec FoF Dir,equity,equity,Direct,25.43,17.33,,BSE 500 TRI,0.79,13.68,,,,0.7,14.84,16.32,,,,,1,https://www.valueresearchonline.com/funds/41818/,INF663L01W63,149298,1,6,3,1,11,Moderate Risk,Poor
SBI US Specific Equity Active FoF FoF Dir,equity,equity,Direct,35.53,27.37,17.09,BSE 500 TRI,0.79,13.68,12.33,,,1.49,15.11,28.37,,,,,1,https://www.valueresearchonline.com/funds/41352/,INF200KA1U28,148760,1,10,3,1,15,Moderate Risk,Average
Sundaram Global Brand Theme-Equity Active FoF Dir*,equity,equity,Direct,23.03,17.53,11.77,BSE 500 TRI*,0.79,13.68,12.33,,,1.06,13.33,19.98,,,,,1,https://www.valueresearchonline.com/funds/17200/,INF903J01OB6,119602,1,10,4,1,16,Moderate Risk,Average
ABSL Large & Mid Cap Dir,equity,equity,Direct,3.15,14.16,10.13,BSE Large Mid Cap TRI,0.31,13,11.83,0.79,1.05,0.52,16.12,14.27,,,,,25,https://www.valueresearchonline.com/funds/15697/,INF209K01VH8,119436,8,6,2,3,19,Mod. High Risk,Average
ABSL Nifty 200 Momentum 30 ETF,equity,equity,Direct,-1.81,14.72,,BSE Large Mid Cap TRI,0.31,13,,0.74,1.24,0.49,20.01,15.63,,,,,25,https://www.valueresearchonline.com/funds/42334/,INF846K011Z9,153083,8,4,1,2,15,High Risk,Average
ABSL Nifty 200 Quality 30 ETF,equity,equity,Direct,-3.74,10.31,,BSE Large Mid Cap TRI,0.31,13,,-1.41,1,0.37,16,11.74,,,,,25,https://www.valueresearchonline.com/funds/42335/,INF200KB1AG6,154177,4,4,3,4,15,Moderate Risk,Average
Aditya Birla SL MSCI India ETF,equity,equity,Direct,,,,BSE Large Mid Cap TRI,,,,,,,,,,,,,25,https://www.valueresearchonline.com/funds/45843/,INF209K01YN0,119550,1,1,1,1,4,High Risk,Poor
Axis Large & Mid Cap Dir,equity,equity,Direct,5.94,16.76,14.8,BSE Large Mid Cap TRI,0.31,13,11.83,4.22,0.91,0.76,14.24,16.69,,,,,25,https://www.valueresearchonline.com/funds/37839/,INF846K01J46,145110,12,8,3,4,27,Moderate Risk,Good
Bajaj Finserv Large and Mid Cap Dir,equity,equity,Direct,1,,,BSE Large Mid Cap TRI,0.31,,,,,,,,,,,,25,https://www.valueresearchonline.com/funds/44118/,INF0QA701763,152408,1,1,1,1,4,High Risk,Poor
Bandhan Large & Mid Cap Dir,equity,equity,Direct,5.93,22.36,18.42,BSE Large Mid Cap TRI,0.31,13,11.83,8.87,1.04,1.02,16.07,22.28,,,,,25,https://www.valueresearchonline.com/funds/16474/,INF194K01V89,118419,12,10,2,3,27,Mod. High Risk,Good
Bandhan Nifty 200 Quality 30 Index Dir,equity,equity,Direct,-3.95,,,BSE Large Mid Cap TRI,0.31,,,,,,,,,,,,25,https://www.valueresearchonline.com/funds/44741/,INF194KB1JA8,153114,1,1,1,1,4,High Risk,Poor
Bandhan Nifty Alpha Low Volatility 30 Index Dir,equity,equity,Direct,-1.89,,,BSE Large Mid Cap TRI,0.31,,,,,,,,,,,,25,https://www.valueresearchonline.com/funds/44859/,INF194KB1JC4,153213,1,1,1,1,4,High Risk,Poor
Bandhan Nifty200 Momentum 30 Index Dir,equity,equity,Direct,-2.05,14.21,,BSE Large Mid Cap TRI,0.31,13,,0.3,1.23,0.47,19.95,15.16,,,,,25,https://www.valueresearchonline.com/funds/42496/,INF194KB1DP9,150591,8,4,1,2,15,High Risk,Average
Bank of India Large & Mid Cap Dir,equity,equity,Direct,5.96,17.02,14.18,BSE Large Mid Cap TRI,0.31,13,11.83,3.45,1.02,0.69,15.91,16.78,,,,,25,https://www.valueresearchonline.com/funds/16267/,INF761K01652,119350,10,6,3,3,22,Mod. High Risk,Average
Baroda BNP Paribas Large & Mid Cap Dir,equity,equity,Direct,0.95,16.54,15.68,BSE Large Mid Cap TRI,0.31,13,11.83,3.91,1.04,0.7,16.39,17.32,,,,,25,https://www.valueresearchonline.com/funds/41088/,INF251K01HN7,150187,10,6,2,3,21,Mod. High Risk,Average
Baroda BNP Paribas Nifty200 Momentum 30 Index Dir,equity,equity,Direct,-2.52,,,BSE Large Mid Cap TRI,0.31,,,,,,,,,,,,25,https://www.valueresearchonline.com/funds/44582/,INF251K01TY9,152931,1,1,1,1,4,High Risk,Poor
Canara Robeco Large and Mid Cap Dir,equity,equity,Direct,-2.02,14.93,12.83,BSE Large Mid Cap TRI,0.31,13,11.83,1.24,1.02,0.54,15.96,14.54,,,,,25,https://www.valueresearchonline.com/funds/16581/,INF760K01EI4,118278,8,6,3,3,20,Mod. High Risk,Average
DSP Large & Mid Cap Dir,equity,equity,Direct,1.39,18.49,14.4,BSE Large Mid Cap TRI,0.31,13,11.83,4.63,1.02,0.76,15.75,17.91,,,,,25,https://www.valueresearchonline.com/funds/16425/,INF740K01PL6,119218,12,8,3,3,26,Mod. High Risk,Average
DSP MSCI India ETF,equity,equity,Direct,,,,BSE Large Mid Cap TRI,,,,,,,,,,,,,25,https://www.valueresearchonline.com/funds/45616/,INF740K01ZW2,124175,1,1,1,1,4,High Risk,Poor
Edelweiss Large & Mid Cap Dir,equity,equity,Direct,3.3,17.5,15.3,BSE Large Mid Cap TRI,0.31,13,11.83,4.19,1.01,0.74,15.63,17.4,,,,,25,https://www.valueresearchonline.com/funds/16569/,INF843K01AL0,140175,12,6,3,3,24,Mod. High Risk,Average
Edelweiss NIFTY Large Mid Cap 250 Index Dir,equity,equity,Direct,1.74,16,,BSE Large Mid Cap TRI,0.31,13,,2.89,1.06,0.66,16.03,16.49,,,,,25,https://www.valueresearchonline.com/funds/41844/,INF754K01NR9,149343,10,6,2,3,21,Mod. High Risk,Average
Edelweiss Nifty Alpha Low Volatility 30 Index Dir,equity,equity,Direct,-1.93,,,BSE Large Mid Cap TRI,0.31,,,,,,,,,,,,25,https://www.valueresearchonline.com/funds/44309/,INF754K01SS6,152616,1,1,1,1,4,High Risk,Poor
Edelweiss Nifty LargeMidcap 250 ETF,equity,equity,Direct,,,,BSE Large Mid Cap TRI,,,,,,,,,,,,,25,https://www.valueresearchonline.com/funds/45481/,INF846K017C5,149243,1,1,1,1,4,High Risk,Poor
Franklin India Large & Mid Cap Dir,equity,equity,Direct,-3.25,14.6,11.49,BSE Large Mid Cap TRI,0.31,13,11.83,1.79,0.97,0.59,15.04,14.69,,,,,25,https://www.valueresearchonline.com/funds/15986/,INF090I01IN1,118510,8,6,3,4,21,Moderate Risk,Average
Groww Nifty 200 ETF,equity,equity,Direct,-0.62,,,BSE Large Mid Cap TRI,0.31,,,,,,,,,,,,25,https://www.valueresearchonline.com/funds/44969/,INF666M01JQ1,153328,1,1,1,1,4,High Risk,Poor
Groww Nifty 200 ETF FoF Dir,equity,equity,Direct,-1.34,,,BSE Large Mid Cap TRI,0.31,,,,,,,,,,,,1,https://www.valueresearchonline.com/funds/44967/,INF666M01JQ1,153328,1,1,1,1,4,High Risk,Poor
HDFC Large and Mid Cap Dir,equity,equity,Direct,1.22,17.34,16.65,BSE Large Mid Cap TRI,0.31,13,11.83,3.87,1.08,0.71,16.53,17.62,,,,,25,https://www.valueresearchonline.com/funds/16626/,INF179KA1RQ7,130498,10,6,2,3,21,Mod. High Risk,Average
HDFC NIFTY200 Momentum 30 ETF,equity,equity,Direct,-1.66,14.63,,BSE Large Mid Cap TRI,0.31,13,,0.66,1.24,0.48,19.99,15.55,,,,,25,https://www.valueresearchonline.com/funds/42569/,INF179K01VS0,119116,8,4,1,2,15,High Risk,Average
HDFC NIFTY200 Momentum 30 Index Dir,equity,equity,Direct,-1.9,,,BSE Large Mid Cap TRI,0.31,,,,,,,,,,,,25,https://www.valueresearchonline.com/funds/44153/,INF200KB1878,153662,1,1,1,1,4,High Risk,Poor
HDFC Nifty LargeMidcap 250 Index Dir,equity,equity,Direct,1.77,,,BSE Large Mid Cap TRI,0.31,,,,,,,,,,,,25,https://www.valueresearchonline.com/funds/44570/,INF179KC1IQ4,152889,1,1,1,1,4,High Risk,Poor
HSBC Large and Mid Cap Dir,equity,equity,Direct,10.96,20.87,17.39,BSE Large Mid Cap TRI,0.31,13,11.83,7.23,1.05,0.82,18.21,20.75,,,,,25,https://www.valueresearchonline.com/funds/39456/,INF179KA1RQ7,130498,12,8,1,3,24,High Risk,Average
Helios Large & Mid Cap Dir,equity,equity,Direct,8.33,,,BSE Large Mid Cap TRI,0.31,,,,,,,,,,,,25,https://www.valueresearchonline.com/funds/44610/,INF0R8701269,152941,1,1,1,1,4,High Risk,Poor
ICICI Pru Large & Mid Cap Dir,equity,equity,Direct,2.39,18.95,18.32,BSE Large Mid Cap TRI,0.31,13,11.83,5.8,0.93,0.87,14.4,18.46,,,,,25,https://www.valueresearchonline.com/funds/15868/,INF109K011O5,120596,12,8,3,4,27,Moderate Risk,Good
ICICI Pru Nifty 200 Momentum 30 ETF,equity,equity,Direct,-1.74,14.58,,BSE Large Mid Cap TRI,0.31,13,,0.61,1.24,0.48,20.02,15.5,,,,,25,https://www.valueresearchonline.com/funds/42387/,INF109KC11D8,150452,8,4,1,2,15,High Risk,Average
ICICI Pru Nifty 200 Momentum 30 Index Dir,equity,equity,Direct,-1.81,14.37,,BSE Large Mid Cap TRI,0.31,13,,0.42,1.24,0.47,19.95,15.3,,,,,25,https://www.valueresearchonline.com/funds/42381/,INF109KC11D8,150452,8,4,1,2,15,High Risk,Average
ICICI Pru Nifty 200 Quality 30 ETF,equity,equity,Direct,-3.83,,,BSE Large Mid Cap TRI,0.31,,,,,,,,,,,,25,https://www.valueresearchonline.com/funds/43676/,INF200KB1AG6,154177,1,1,1,1,4,High Risk,Poor
ICICI Pru Nifty Alpha Low-Volatility 30 ETF,equity,equity,Direct,-1.79,12.83,11.72,BSE Large Mid Cap TRI,0.31,13,11.83,-0.22,1.05,0.44,16.73,13.3,,,,,25,https://www.valueresearchonline.com/funds/41071/,INF109KC1R89,149158,4,4,2,3,13,Mod. High Risk,Average
ICICI Pru Nifty Alpha Low-Volatility 30 ETF FOF Dir,equity,equity,Direct,-2.04,12.55,,BSE Large Mid Cap TRI,0.31,13,,-0.37,1.05,0.43,16.94,13.13,,,,,1,https://www.valueresearchonline.com/funds/41688/,INF109KC1R89,149158,4,4,2,3,13,Mod. High Risk,Average
ICICI Pru Nifty LargeMidcap 250 Index Dir,equity,equity,Direct,1.78,,,BSE Large Mid Cap TRI,0.31,,,,,,,,,,,,25,https://www.valueresearchonline.com/funds/44180/,INF109KC12U0,152482,1,1,1,1,4,High Risk,Poor
ICICI Pru Nifty200 Quality 30 Index Dir,equity,equity,Direct,-3.97,,,BSE Large Mid Cap TRI,0.31,,,,,,,,,,,,25,https://www.valueresearchonline.com/funds/45193/,INF109K1A252,153546,1,1,1,1,4,High Risk,Poor
ITI Large & Mid Cap Dir,equity,equity,Direct,-0.16,,,BSE Large Mid Cap TRI,0.31,,,,,,,,,,,,25,https://www.valueresearchonline.com/funds/44501/,INF00XX01DA4,152821,1,1,1,1,4,High Risk,Poor
Invesco India Large & Mid Cap Dir,equity,equity,Direct,7.86,25.47,19.06,BSE Large Mid Cap TRI,0.31,13,11.83,8.9,1.12,0.94,18.09,22.91,,,,,25,https://www.valueresearchonline.com/funds/16770/,INF205K01MA0,120357,12,8,1,3,24,High Risk,Average
JM Large & Mid Cap Dir,equity,equity,Direct,,,,BSE Large Mid Cap TRI,,,,,,,,,,,,,25,https://www.valueresearchonline.com/funds/45304/,INF192K01NK7,153629,1,1,1,1,4,High Risk,Poor
Kotak Large & Midcap Dir,equity,equity,Direct,3.85,17.15,15.58,BSE Large Mid Cap TRI,0.31,13,11.83,3.64,0.99,0.7,15.49,16.73,,,,,25,https://www.valueresearchonline.com/funds/16378/,INF174K01LF9,120158,10,6,3,4,23,Moderate Risk,Average
Kotak MSCI India ETF,equity,equity,Direct,-0.85,,,BSE Large Mid Cap TRI,0.31,,,,,,,,,,,,25,https://www.valueresearchonline.com/funds/44952/,INF090I01KR8,129008,1,1,1,1,4,High Risk,Poor
Kotak Nifty 200 Momentum 30 ETF,equity,equity,Direct,,,,BSE Large Mid Cap TRI,,,,,,,,,,,,,25,https://www.valueresearchonline.com/funds/45531/,INF174KA1OB1,151781,1,1,1,1,4,High Risk,Poor
Kotak Nifty 200 Momentum 30 Index Dir,equity,equity,Direct,-1.6,14.5,,BSE Large Mid Cap TRI,0.31,13,,,,,,,,,,,25,https://www.valueresearchonline.com/funds/43538/,INF174KA1OB1,151781,1,1,1,1,4,High Risk,Poor
Kotak Nifty 200 Quality 30 Index Dir,equity,equity,Direct,,,,BSE Large Mid Cap TRI,,,,,,,,,,,,,25,https://www.valueresearchonline.com/funds/45258/,INF174KA1WN9,153660,1,1,1,1,4,High Risk,Poor
Kotak Nifty200 Quality 30 ETF,equity,equity,Direct,,,,BSE Large Mid Cap TRI,,,,,,,,,,,,,25,https://www.valueresearchonline.com/funds/45255/,INF174K01KM7,119757,1,1,1,1,4,High Risk,Poor
LIC MF Large & Mid Cap Dir,equity,equity,Direct,-0.49,17.15,14.13,BSE Large Mid Cap TRI,0.31,13,11.83,3.34,1.05,0.65,16.78,16.86,,,,,25,https://www.valueresearchonline.com/funds/29416/,INF767K01NE9,133710,10,6,2,3,21,Mod. High Risk,Average
Mahindra Manulife Large & Mid Cap Dir,equity,equity,Direct,0.19,15.48,14.62,BSE Large Mid Cap TRI,0.31,13,11.83,3.05,0.98,0.65,15.62,16.06,,,,,25,https://www.valueresearchonline.com/funds/40397/,INF277K01MK8,119202,10,6,3,4,23,Moderate Risk,Average
Mirae Asset BSE 200 Equal Weight ETF,equity,equity,Direct,4.33,,,BSE Large Mid Cap TRI,0.31,,,,,,,,,,,,25,https://www.valueresearchonline.com/funds/45027/,INF769K01OE3,153380,1,1,1,1,4,High Risk,Poor
Mirae Asset BSE 200 Equal Weight ETF FoF Dir,equity,equity,Direct,3.69,,,BSE Large Mid Cap TRI,0.31,,,,,,,,,,,,1,https://www.valueresearchonline.com/funds/45030/,INF769K01OE3,153380,1,1,1,1,4,High Risk,Poor
Mirae Asset Large & Midcap Dir,equity,equity,Direct,3.95,15.96,13.04,BSE Large Mid Cap TRI,0.31,13,11.83,2.59,1.06,0.64,16.17,16.21,,,,,25,https://www.valueresearchonline.com/funds/16563/,INF769K01BI1,118834,10,6,2,3,21,Mod. High Risk,Average
Mirae Asset Nifty 200 Alpha 30 ETF,equity,equity,Direct,2.27,,,BSE Large Mid Cap TRI,0.31,,,,,,,,,,,,25,https://www.valueresearchonline.com/funds/43817/,INF769K01GX9,148623,1,1,1,1,4,High Risk,Poor
Mirae Asset Nifty 200 Alpha 30 ETF FoF Dir,equity,equity,Direct,2.07,,,BSE Large Mid Cap TRI,0.31,,,,,,,,,,,,1,https://www.valueresearchonline.com/funds/44400/,INF769K01LU5,152718,1,1,1,1,4,High Risk,Poor
Mirae Asset Nifty LargeMidcap 250 Index Dir,equity,equity,Direct,1.74,,,BSE Large Mid Cap TRI,0.31,,,,,,,,,,,,25,https://www.valueresearchonline.com/funds/44624/,INF769K01MJ6,152976,1,1,1,1,4,High Risk,Poor
Motilal Oswal BSE Low Volatility ETF,equity,equity,Direct,-2.9,11.36,,BSE Large Mid Cap TRI,0.31,13,,-0.39,0.9,0.44,14.15,12.03,,,,,25,https://www.valueresearchonline.com/funds/42147/,INF090I01UD7,147989,4,4,3,4,15,Moderate Risk,Average
Motilal Oswal BSE Low Volatility Index Dir,equity,equity,Direct,-2.88,11.04,,BSE Large Mid Cap TRI,0.31,13,,-0.68,0.9,0.41,14.12,11.72,,,,,25,https://www.valueresearchonline.com/funds/42155/,INF955L01JF3,152898,4,4,3,4,15,Moderate Risk,Average
Motilal Oswal BSE Quality ETF,equity,equity,Direct,1.88,15.53,,BSE Large Mid Cap TRI,0.31,13,,3.28,1.08,0.62,17.9,17.03,,,,,25,https://www.valueresearchonline.com/funds/42438/,INF247L01247,124234,10,6,2,3,21,Mod. High Risk,Average
Motilal Oswal BSE Quality Index Dir,equity,equity,Direct,1.8,15.39,,BSE Large Mid Cap TRI,0.31,13,,3.19,1.08,0.62,17.83,16.9,,,,,25,https://www.valueresearchonline.com/funds/42440/,INF955L01JF3,152898,10,6,2,3,21,Mod. High Risk,Average
Motilal Oswal Large and Midcap Dir,equity,equity,Direct,6.84,24.79,20.95,BSE Large Mid Cap TRI,0.31,13,11.83,10.49,1.19,0.9,21.37,25.02,,,,,25,https://www.valueresearchonline.com/funds/40338/,INF247L01999,147704,12,8,1,2,23,High Risk,Average
Motilal Oswal Nifty 200 Momentum 30 ETF,equity,equity,Direct,-2.09,14.58,,BSE Large Mid Cap TRI,0.31,13,,0.61,1.24,0.48,20.02,15.51,,,,,25,https://www.valueresearchonline.com/funds/42039/,INF846K011Z9,153083,8,4,1,2,15,High Risk,Average
Motilal Oswal Nifty 200 Momentum 30 Index Dir,equity,equity,Direct,-2.16,14.56,,BSE Large Mid Cap TRI,0.31,13,,0.59,1.24,0.48,20,15.48,,,,,25,https://www.valueresearchonline.com/funds/42041/,INF247L01DL6,152875,8,4,1,2,15,High Risk,Average
Navi Large & Midcap Dir,equity,equity,Direct,4.04,13.07,13.66,BSE Large Mid Cap TRI,0.31,13,11.83,-0.26,1.08,0.44,17.05,13.45,,,,,25,https://www.valueresearchonline.com/funds/31278/,INF959L01CH6,135677,4,4,2,3,13,Mod. High Risk,Average
Nippon India Nifty Alpha Low Volatility 30 Index Dir,equity,equity,Direct,-1.86,12.75,,BSE Large Mid Cap TRI,0.31,13,,-0.28,1.05,0.44,16.68,13.21,,,,,25,https://www.valueresearchonline.com/funds/42413/,INF204KC1584,150487,4,4,2,3,13,Mod. High Risk,Average
Nippon India Vision Large & Mid Cap Dir,equity,equity,Direct,2.52,18.61,15.84,BSE Large Mid Cap TRI,0.31,13,11.83,4.99,1.03,0.8,15.6,18.34,,,,,25,https://www.valueresearchonline.com/funds/16194/,INF204K01F20,118678,12,8,3,3,26,Mod. High Risk,Average
PGIM India Large and Mid Cap Dir,equity,equity,Direct,-0.08,,,BSE Large Mid Cap TRI,0.31,,,,,,,,,,,,25,https://www.valueresearchonline.com/funds/44085/,INF663L01Y12,152382,1,1,1,1,4,High Risk,Poor
Quant Large & Mid Cap Dir,equity,equity,Direct,7.67,19.7,17.96,BSE Large Mid Cap TRI,0.31,13,11.83,6.24,1.19,0.75,19.86,20.77,,,,,18,https://www.valueresearchonline.com/funds/17363/,INF966L01648,120826,12,8,1,2,23,High Risk,Average
SBI Large & Midcap Dir,equity,equity,Direct,6.18,16.16,15.36,BSE Large Mid Cap TRI,0.31,13,11.83,3.54,0.88,0.74,13.57,15.85,,,,,25,https://www.valueresearchonline.com/funds/16240/,INF200K01UJ5,119721,10,6,4,4,24,Moderate Risk,Average
SBI Nifty 200 Quality 30 ETF,equity,equity,Direct,-3.85,10.1,9.26,BSE Large Mid Cap TRI,0.31,13,11.83,-1.63,1,0.35,16.02,11.54,,,,,25,https://www.valueresearchonline.com/funds/38348/,INF200K01SH3,119707,4,4,2,4,14,Mod. High Risk,Average
SBI Nifty200 Momentum 30 Index Dir,equity,equity,Direct,,,,BSE Large Mid Cap TRI,,,,,,,,,,,,,25,https://www.valueresearchonline.com/funds/45267/,INF200KB1878,153662,1,1,1,1,4,High Risk,Poor
SBI Nifty200 Quality 30 Index Dir,equity,equity,Direct,-3.92,,,BSE Large Mid Cap TRI,0.31,,,,,,,,,,,,25,https://www.valueresearchonline.com/funds/45182/,INF200KB1811,153555,1,1,1,1,4,High Risk,Poor
Samco Large & Mid Cap Dir,equity,equity,Direct,,,,BSE Large Mid Cap TRI,,,,,,,,,,,,,25,https://www.valueresearchonline.com/funds/45201/,INF0K1H01271,153534,1,1,1,1,4,High Risk,Poor
Sundaram Large & Midcap Dir,equity,equity,Direct,6.09,16.4,14.02,BSE Large Mid Cap TRI,0.31,13,11.83,2.15,1.03,0.61,15.9,15.52,,,,,25,https://www.valueresearchonline.com/funds/16086/,INF903J01PR9,119566,10,6,3,3,22,Mod. High Risk,Average
Tata BSE Quality Index Dir,equity,equity,Direct,1.6,,,BSE Large Mid Cap TRI,0.31,,,,,,,,,,,,25,https://www.valueresearchonline.com/funds/45062/,INF277KA1DK1,153420,1,1,1,1,4,High Risk,Poor
Tata Large & Midcap Dir,equity,equity,Direct,-4.45,10.51,11.84,BSE Large Mid Cap TRI,0.31,13,11.83,-2.82,1.06,0.3,16.2,10.73,,,,,25,https://www.valueresearchonline.com/funds/16679/,INF277K01MK8,119202,2,4,2,3,11,Mod. High Risk,Poor
Tata Nifty200 Alpha 30 Index Dir,equity,equity,Direct,2.04,,,BSE Large Mid Cap TRI,0.31,,,,,,,,,,,,25,https://www.valueresearchonline.com/funds/44509/,INF277KA1CI7,152836,1,1,1,1,4,High Risk,Poor
UTI BSE Low Volatility Index Dir,equity,equity,Direct,-2.89,11.12,,BSE Large Mid Cap TRI,0.31,13,,-0.6,0.9,0.42,14.12,11.8,,,,,25,https://www.valueresearchonline.com/funds/42111/,INF789F1AVF2,149881,4,4,3,4,15,Moderate Risk,Average
UTI Large & Mid Cap Dir,equity,equity,Direct,2.54,19.48,16.19,BSE Large Mid Cap TRI,0.31,13,11.83,6.2,1.01,0.87,15.5,19.39,,,,,25,https://www.valueresearchonline.com/funds/15845/,INF789F01UG3,120665,12,8,3,3,26,Mod. High Risk,Average
UTI Nifty Alpha Low-Volatility 30 Index Dir,equity,equity,Direct,-1.9,,,BSE Large Mid Cap TRI,0.31,,,,,,,,,,,,25,https://www.valueresearchonline.com/funds/44727/,INF789F1AZM9,153086,1,1,1,1,4,High Risk,Poor
UTI Nifty200 Momentum 30 Index Dir,equity,equity,Direct,-1.74,14.95,12.4,BSE Large Mid Cap TRI,0.31,13,11.83,0.92,1.24,0.5,20.02,15.83,,,,,25,https://www.valueresearchonline.com/funds/41312/,INF789F1AUT5,148703,8,6,1,2,17,High Risk,Average
UTI Nifty200 Quality 30 Index Dir,equity,equity,Direct,-4,,,BSE Large Mid Cap TRI,0.31,,,,,,,,,,,,25,https://www.valueresearchonline.com/funds/44548/,INF789F1AZH9,152859,1,1,1,1,4,High Risk,Poor
Union Large & Midcap Dir,equity,equity,Direct,4.35,15.54,14.17,BSE Large Mid Cap TRI,0.31,13,11.83,2.49,0.96,0.62,15.32,15.37,,,,,25,https://www.valueresearchonline.com/funds/40385/,INF582M01GA0,147750,10,6,3,4,23,Moderate Risk,Average
WhiteOak Capital Large & Mid Cap Dir,equity,equity,Direct,4.59,,,BSE Large Mid Cap TRI,0.31,,,,,,,,,,,,25,https://www.valueresearchonline.com/funds/43932/,INF03VN01845,152226,1,1,1,1,4,High Risk,Poor
Zerodha Nifty Large Midcap 250 Index Dir,equity,equity,Direct,2.3,,,BSE Large Mid Cap TRI,0.31,,,,,,,,,,,,25,https://www.valueresearchonline.com/funds/43846/,INF0R8F01018,152156,1,1,1,1,4,High Risk,Poor
ABSL BSE Sensex ETF,equity,equity,Direct,-5.7,8.16,9.04,BSE 100 TRI,-1.3,11.63,11.2,-3.33,0.93,0.15,13.66,7.94,,,,,25,https://www.valueresearchonline.com/funds/32649/,INF209K01YN0,119550,2,4,4,4,14,Moderate Risk,Average
ABSL Large Cap Dir,equity,equity,Direct,-2.87,12.38,11.54,BSE 100 TRI,-1.3,11.63,11.2,0.91,0.98,0.46,14.24,12.44,,,,,25,https://www.valueresearchonline.com/funds/15831/,INF209K01YY7,119528,8,4,3,4,19,Moderate Risk,Average
ABSL Nifty 50 ETF,equity,equity,Direct,-3.49,10.04,9.93,BSE 100 TRI,-1.3,11.63,11.2,-1.32,0.95,0.3,13.8,10.04,,,,,25,https://www.valueresearchonline.com/funds/13012/,INF209K01VY3,119648,4,4,4,4,16,Moderate Risk,Average
ABSL Nifty 50 Equal Weight Index Dir,equity,equity,Direct,3.51,14.96,13.55,BSE 100 TRI,-1.3,11.63,11.2,3.76,0.98,0.65,14.62,15.32,,,,,25,https://www.valueresearchonline.com/funds/41505/,INF209KB1Z71,148962,10,6,3,4,23,Moderate Risk,Average
ABSL Nifty 50 Index Dir,equity,equity,Direct,-3.68,9.83,9.66,BSE 100 TRI,-1.3,11.63,11.2,-1.51,0.95,0.29,13.78,9.84,,,,,25,https://www.valueresearchonline.com/funds/15769/,INF209K01VY3,119648,4,4,4,4,16,Moderate Risk,Average
ABSL Nifty Next 50 ETF,equity,equity,Direct,7.6,19.8,14.17,BSE 100 TRI,-1.3,11.63,11.2,7.03,1.29,0.72,20.17,20.33,,,,,25,https://www.valueresearchonline.com/funds/38491/,INF209KB10G3,149838,12,6,1,1,20,High Risk,Average
ABSL Nifty Next 50 Index Dir,equity,equity,Direct,7.37,19.29,,BSE 100 TRI,-1.3,11.63,,6.6,1.28,0.7,20.18,19.89,,,,,25,https://www.valueresearchonline.com/funds/42072/,INF209KB10G3,149838,12,6,1,1,20,High Risk,Average
Angel One Nifty 50 ETF,equity,equity,Direct,-3.56,,,BSE 100 TRI,-1.3,,,,,,,,,,,,25,https://www.valueresearchonline.com/funds/45159/,INF579M01AN2,151165,1,1,1,1,4,High Risk,Poor
Angel One Nifty 50 Index Dir,equity,equity,Direct,-3.75,,,BSE 100 TRI,-1.3,,,,,,,,,,,,25,https://www.valueresearchonline.com/funds/45161/,INF1J2R01072,153529,1,1,1,1,4,High Risk,Poor
Axis BSE Sensex ETF,equity,equity,Direct,-5.72,8.1,,BSE 100 TRI,-1.3,11.63,,-3.38,0.93,0.15,13.64,7.89,,,,,25,https://www.valueresearchonline.com/funds/43285/,INF846K01CR6,120438,2,4,4,4,14,Moderate Risk,Average
Axis BSE Sensex Index Dir,equity,equity,Direct,-5.64,,,BSE 100 TRI,-1.3,,,,,,,,,,,,25,https://www.valueresearchonline.com/funds/44150/,INF846K012V6,152422,1,1,1,1,4,High Risk,Poor
Axis Large Cap Dir,equity,equity,Direct,-1.62,10.99,8.11,BSE 100 TRI,-1.3,11.63,11.2,-0.83,0.91,0.33,13.5,10.31,,,,,25,https://www.valueresearchonline.com/funds/15682/,INF846K01DP8,120465,4,4,4,4,16,Moderate Risk,Average
Axis Nifty 100 Index Dir,equity,equity,Direct,-1.81,11.43,10.28,BSE 100 TRI,-1.3,11.63,11.2,-0.18,1.01,0.39,14.58,11.51,,,,,25,https://www.valueresearchonline.com/funds/40298/,INF846K01S29,147666,4,4,3,3,14,Mod. High Risk,Average
Axis Nifty 50 ETF,equity,equity,Direct,-3.55,10.02,9.91,BSE 100 TRI,-1.3,11.63,11.2,-1.33,0.95,0.3,13.79,10.02,,,,,25,https://www.valueresearchonline.com/funds/34322/,INF846K01CR6,120438,4,4,4,4,16,Moderate Risk,Average
Axis Nifty 50 Index Dir,equity,equity,Direct,-3.63,9.87,,BSE 100 TRI,-1.3,11.63,,-1.46,0.95,0.29,13.74,9.87,,,,,25,https://www.valueresearchonline.com/funds/41860/,INF846K013D2,149373,4,4,4,4,16,Moderate Risk,Average
Axis Nifty Next 50 Index Dir,equity,equity,Direct,7.51,19.47,,BSE 100 TRI,-1.3,11.63,,6.77,1.28,0.71,20.09,20.03,,,,,25,https://www.valueresearchonline.com/funds/41946/,INF846K019E7,149466,12,6,1,1,20,High Risk,Average
BHARAT 22 ETF,equity,equity,Direct,8.88,22.2,24.39,BSE 100 TRI,-1.3,11.63,11.2,10.91,1.11,0.92,18.83,23.21,,,,,22,https://www.valueresearchonline.com/funds/34740/,INF109KC1YD4,146951,12,8,1,3,24,High Risk,Average
Bajaj Finserv Large Cap Dir,equity,equity,Direct,0.66,,,BSE 100 TRI,-1.3,,,,,,,,,,,,25,https://www.valueresearchonline.com/funds/44455/,INF0QA701896,152783,1,1,1,1,4,High Risk,Poor
Bajaj Finserv Nifty 50 ETF,equity,equity,Direct,-3.56,,,BSE 100 TRI,-1.3,,,,,,,,,,,,25,https://www.valueresearchonline.com/funds/44066/,INF0QA701BA9,153506,1,1,1,1,4,High Risk,Poor
Bajaj Finserv Nifty 50 Index Dir,equity,equity,Direct,-3.98,,,BSE 100 TRI,-1.3,,,,,,,,,,,,25,https://www.valueresearchonline.com/funds/45133/,INF0QA701BA9,153506,1,1,1,1,4,High Risk,Poor
Bajaj Finserv Nifty Next 50 Index Dir,equity,equity,Direct,6.62,,,BSE 100 TRI,-1.3,,,,,,,,,,,,25,https://www.valueresearchonline.com/funds/45113/,INF0QA701BG6,153479,1,1,1,1,4,High Risk,Poor
Bandhan BSE Sensex ETF,equity,equity,Direct,-6.04,7.78,8.66,BSE 100 TRI,-1.3,11.63,11.2,-3.68,0.93,0.13,13.64,7.58,,,,,25,https://www.valueresearchonline.com/funds/32902/,INF194K015G8,121279,2,4,4,4,14,Moderate Risk,Average
Bandhan Large Cap Dir,equity,equity,Direct,1.32,14.85,12.8,BSE 100 TRI,-1.3,11.63,11.2,2.89,1.02,0.58,14.99,14.63,,,,,25,https://www.valueresearchonline.com/funds/16699/,INF194K01Z44,118479,10,6,3,3,22,Mod. High Risk,Average
Bandhan Nifty 100 Index Dir,equity,equity,Direct,-1.72,11.51,,BSE 100 TRI,-1.3,11.63,,-0.1,1.01,0.39,14.58,11.59,,,,,25,https://www.valueresearchonline.com/funds/42076/,INF194KB1CR7,149832,4,4,3,3,14,Mod. High Risk,Average
Bandhan Nifty 50 ETF,equity,equity,Direct,-3.6,9.96,9.83,BSE 100 TRI,-1.3,11.63,11.2,-1.39,0.95,0.3,13.79,9.97,,,,,25,https://www.valueresearchonline.com/funds/32903/,INF194K015G8,121279,4,4,4,4,16,Moderate Risk,Average
Bandhan Nifty 50 Index Dir,equity,equity,Direct,-3.65,9.85,9.77,BSE 100 TRI,-1.3,11.63,11.2,-1.49,0.95,0.29,13.8,9.87,,,,,25,https://www.valueresearchonline.com/funds/16504/,INF194K012A8,118482,4,4,4,4,16,Moderate Risk,Average
Bandhan Nifty Next 50 Index Dir,equity,equity,Direct,7.37,,,BSE 100 TRI,-1.3,,,,,,,,,,,,25,https://www.valueresearchonline.com/funds/44984/,INF194KB1JK7,153350,1,1,1,1,4,High Risk,Poor
Bandhan Nifty100 Low Volatility 30 Index Dir,equity,equity,Direct,-0.09,12.1,,BSE 100 TRI,-1.3,11.63,,1.27,0.94,0.46,14.44,12.57,,,,,25,https://www.valueresearchonline.com/funds/42544/,INF194KB1DV7,150636,8,4,3,4,19,Moderate Risk,Average
Bank of India Large Cap Dir,equity,equity,Direct,5.78,15.86,,BSE 100 TRI,-1.3,11.63,,3.91,1.08,0.62,16.25,16,,,,,25,https://www.valueresearchonline.com/funds/41521/,INF761K01FL3,148980,10,6,2,3,21,Mod. High Risk,Average
Baroda BNP Paribas Large Cap Dir,equity,equity,Direct,-0.76,14.28,12.62,BSE 100 TRI,-1.3,11.63,11.2,3.01,1,0.6,14.74,14.66,,,,,25,https://www.valueresearchonline.com/funds/15719/,INF251K01HN7,150187,10,6,3,4,23,Moderate Risk,Average
Baroda BNP Paribas NIFTY 50 Index Dir,equity,equity,Direct,-3.8,,,BSE 100 TRI,-1.3,,,,,,,,,,,,25,https://www.valueresearchonline.com/funds/43987/,INF251K01SY1,152329,1,1,1,1,4,High Risk,Poor
Canara Robeco Large Cap Dir,equity,equity,Direct,-2.61,12.86,11.32,BSE 100 TRI,-1.3,11.63,11.2,1.03,0.94,0.47,13.74,12.36,,,,,25,https://www.valueresearchonline.com/funds/15765/,INF760K01FR2,118269,8,4,4,4,20,Moderate Risk,Average
Choice Nifty 50 Index Dir,equity,equity,Direct,,,,BSE 100 TRI,,,,,,,,,,,,,25,https://www.valueresearchonline.com/funds/45932/,INF2KCX01020,154301,1,1,1,1,4,High Risk,Poor
Choice Nifty Next 50 Index Dir,equity,equity,Direct,,,,BSE 100 TRI,,,,,,,,,,,,,25,https://www.valueresearchonline.com/funds/45938/,INF2KCX01046,154304,1,1,1,1,4,High Risk,Poor
DSP BSE Sensex ETF,equity,equity,Direct,-5.71,,,BSE 100 TRI,-1.3,,,,,,,,,,,,25,https://www.valueresearchonline.com/funds/43657/,INF740K01ZW2,124175,1,1,1,1,4,High Risk,Poor
DSP BSE Sensex Next 30 ETF,equity,equity,Direct,8.15,,,BSE 100 TRI,-1.3,,,,,,,,,,,,25,https://www.valueresearchonline.com/funds/44874/,INF740KA1VB1,153219,1,1,1,1,4,High Risk,Poor
DSP BSE Sensex Next 30 Index Dir,equity,equity,Direct,7.86,,,BSE 100 TRI,-1.3,,,,,,,,,,,,25,https://www.valueresearchonline.com/funds/44872/,INF740KA1VB1,153219,1,1,1,1,4,High Risk,Poor
DSP Large Cap Dir,equity,equity,Direct,-2.71,14.71,11.63,BSE 100 TRI,-1.3,11.63,11.2,3.22,0.89,0.63,13.23,14.21,,,,,25,https://www.valueresearchonline.com/funds/16456/,INF740K01PR3,119250,10,6,4,4,24,Moderate Risk,Average
DSP NIFTY 50 Equal Weight ETF,equity,equity,Direct,3.75,15.2,,BSE 100 TRI,-1.3,11.63,,3.98,0.98,0.66,14.64,15.54,,,,,25,https://www.valueresearchonline.com/funds/41801/,INF740KA1CR7,141877,10,6,3,4,23,Moderate Risk,Average
DSP Nifty 50 ETF,equity,equity,Direct,-3.52,10.02,,BSE 100 TRI,-1.3,11.63,,-1.34,0.95,0.3,13.79,10.02,,,,,25,https://www.valueresearchonline.com/funds/41895/,INF740K01ZW2,124175,4,4,4,4,16,Moderate Risk,Average
DSP Nifty 50 Equal Weight Index Dir,equity,equity,Direct,3.55,14.99,13.66,BSE 100 TRI,-1.3,11.63,11.2,3.8,0.98,0.65,14.63,15.36,,,,,25,https://www.valueresearchonline.com/funds/34695/,INF740KA1CR7,141877,10,6,3,4,23,Moderate Risk,Average
DSP Nifty 50 Index Dir,equity,equity,Direct,-3.64,9.86,9.72,BSE 100 TRI,-1.3,11.63,11.2,-1.49,0.95,0.29,13.79,9.87,,,,,25,https://www.valueresearchonline.com/funds/39135/,INF740KA1MM7,146376,4,4,4,4,16,Moderate Risk,Average
DSP Nifty Next 50 ETF,equity,equity,Direct,,,,BSE 100 TRI,,,,,,,,,,,,,25,https://www.valueresearchonline.com/funds/45716/,INF740K01ZW2,124175,1,1,1,1,4,High Risk,Poor
DSP Nifty Next 50 Index Dir,equity,equity,Direct,7.3,19.41,13.9,BSE 100 TRI,-1.3,11.63,11.2,6.75,1.29,0.7,20.17,20.05,,,,,25,https://www.valueresearchonline.com/funds/39165/,INF740KA1MG9,146381,12,6,1,1,20,High Risk,Average
DSP Nifty Top 10 Equal Wght ETF,equity,equity,Direct,-11.23,,,BSE 100 TRI,-1.3,,,,,,,,,,,,10,https://www.valueresearchonline.com/funds/44494/,INF740K01NF3,119099,1,1,1,1,4,High Risk,Poor
DSP Nifty Top 10 Equal Wght Index Dir,equity,equity,Direct,-11.38,,,BSE 100 TRI,-1.3,,,,,,,,,,,,10,https://www.valueresearchonline.com/funds/44493/,INF740KA1UQ1,152814,1,1,1,1,4,High Risk,Poor
Edelweiss BSE Sensex ETF,equity,equity,Direct,,,,BSE 100 TRI,,,,,,,,,,,,,25,https://www.valueresearchonline.com/funds/45582/,INF843K01FC8,140286,1,1,1,1,4,High Risk,Poor
Edelweiss Large Cap Dir,equity,equity,Direct,-1.34,12.63,12.24,BSE 100 TRI,-1.3,11.63,11.2,1.38,0.97,0.49,14.11,12.85,,,,,25,https://www.valueresearchonline.com/funds/17352/,INF843K01FC8,140286,8,4,3,4,19,Moderate Risk,Average
Edelweiss Nifty 100 Quality 30 Index Dir,equity,equity,Direct,-2.43,10.1,,BSE 100 TRI,-1.3,11.63,,0.09,0.97,0.38,15.11,11.56,,,,,25,https://www.valueresearchonline.com/funds/41778/,INF754K01NJ6,149254,8,4,3,4,19,Moderate Risk,Average
Edelweiss Nifty 50 ETF,equity,equity,Direct,,,,BSE 100 TRI,,,,,,,,,,,,,25,https://www.valueresearchonline.com/funds/45581/,INF843K01FC8,140286,1,1,1,1,4,High Risk,Poor
Edelweiss Nifty 50 Index Dir,equity,equity,Direct,-3.59,9.81,,BSE 100 TRI,-1.3,11.63,,-1.53,0.95,0.29,13.75,9.82,,,,,25,https://www.valueresearchonline.com/funds/41775/,INF754K01NB3,149250,4,4,4,4,16,Moderate Risk,Average
Edelweiss Nifty Next 50 Index Dir,equity,equity,Direct,7.37,19.46,,BSE 100 TRI,-1.3,11.63,,6.76,1.28,0.7,20.12,20.05,,,,,25,https://www.valueresearchonline.com/funds/42804/,INF754K01QL5,150899,12,6,1,1,20,High Risk,Average
Franklin India Large Cap Dir,equity,equity,Direct,-2.13,12.25,9.62,BSE 100 TRI,-1.3,11.63,11.2,0.89,0.91,0.46,13.34,12,,,,,25,https://www.valueresearchonline.com/funds/15982/,INF090I01FN7,118531,8,4,4,4,20,Moderate Risk,Average
Franklin India NSE Nifty 50 Index Dir,equity,equity,Direct,-3.67,9.78,9.63,BSE 100 TRI,-1.3,11.63,11.2,-1.54,0.94,0.29,13.72,9.78,,,,,25,https://www.valueresearchonline.com/funds/15996/,INF090I01GS4,118581,4,4,4,4,16,Moderate Risk,Average
Groww Large Cap Dir,equity,equity,Direct,1.05,13.32,11.53,BSE 100 TRI,-1.3,11.63,11.2,1.44,0.98,0.49,14.54,12.98,,,,,25,https://www.valueresearchonline.com/funds/15579/,INF0QA701607,152162,8,4,3,4,19,Moderate Risk,Average
Groww Nifty 50 ETF,equity,equity,Direct,,,,BSE 100 TRI,,,,,,,,,,,,,25,https://www.valueresearchonline.com/funds/45330/,INF666M01EK5,145589,1,1,1,1,4,High Risk,Poor
Groww Nifty 50 Index Dir,equity,equity,Direct,,,,BSE 100 TRI,,,,,,,,,,,,,25,https://www.valueresearchonline.com/funds/45328/,INF666M01KT3,153704,1,1,1,1,4,High Risk,Poor
Groww Nifty Next 50 ETF,equity,equity,Direct,,,,BSE 100 TRI,,,,,,,,,,,,,25,https://www.valueresearchonline.com/funds/45428/,INF666M01EK5,145589,1,1,1,1,4,High Risk,Poor
Groww Nifty Next 50 Index Dir,equity,equity,Direct,,,,BSE 100 TRI,,,,,,,,,,,,,25,https://www.valueresearchonline.com/funds/45431/,INF666M01LT1,153786,1,1,1,1,4,High Risk,Poor
HDFC BSE Sensex ETF,equity,equity,Direct,-5.74,8.15,9.05,BSE 100 TRI,-1.3,11.63,11.2,-3.33,0.94,0.15,13.67,7.94,,,,,25,https://www.valueresearchonline.com/funds/31377/,INF179KA1IZ7,128629,2,4,4,4,14,Moderate Risk,Average
HDFC BSE Sensex Index Dir,equity,equity,Direct,-5.94,7.93,8.83,BSE 100 TRI,-1.3,11.63,11.2,-3.54,0.94,0.14,13.67,7.74,,,,,25,https://www.valueresearchonline.com/funds/16071/,INF767K01FJ4,120308,2,4,4,4,14,Moderate Risk,Average
HDFC Large Cap Dir,equity,equity,Direct,-1.19,12.53,12.86,BSE 100 TRI,-1.3,11.63,11.2,0.8,0.95,0.45,14.02,12.17,,,,,25,https://www.valueresearchonline.com/funds/16164/,INF179K01YV8,119018,8,4,3,4,19,Moderate Risk,Average
HDFC NIFTY 100 ETF,equity,equity,Direct,-1.88,11.36,,BSE 100 TRI,-1.3,11.63,,-0.25,1.01,0.38,14.6,11.45,,,,,25,https://www.valueresearchonline.com/funds/42416/,INF179KA1IZ7,128629,4,4,3,3,14,Mod. High Risk,Average
HDFC NIFTY 100 Equal Wght Index Dir,equity,equity,Direct,5.27,17,,BSE 100 TRI,-1.3,11.63,,5.13,1.13,0.69,16.97,17.55,,,,,25,https://www.valueresearchonline.com/funds/42093/,INF179KC1CA1,149870,12,6,2,3,23,Mod. High Risk,Average
HDFC NIFTY 100 Index Dir,equity,equity,Direct,-1.9,11.28,,BSE 100 TRI,-1.3,11.63,,-0.31,1.01,0.38,14.57,11.37,,,,,25,https://www.valueresearchonline.com/funds/42091/,INF179KC1BY3,149868,4,4,3,3,14,Mod. High Risk,Average
HDFC NIFTY 50 ETF,equity,equity,Direct,-3.55,10.01,9.9,BSE 100 TRI,-1.3,11.63,11.2,-1.35,0.95,0.3,13.8,10.02,,,,,25,https://www.valueresearchonline.com/funds/31376/,INF179KA1IZ7,128629,4,4,4,4,16,Moderate Risk,Average
HDFC NIFTY 50 Index Dir,equity,equity,Direct,-3.74,9.79,9.67,BSE 100 TRI,-1.3,11.63,11.2,-1.55,0.95,0.29,13.8,9.81,,,,,25,https://www.valueresearchonline.com/funds/16069/,INF179KC1BY3,149868,4,4,4,4,16,Moderate Risk,Average
HDFC NIFTY Next 50 ETF,equity,equity,Direct,7.45,19.61,,BSE 100 TRI,-1.3,11.63,,6.86,1.29,0.71,20.17,20.16,,,,,25,https://www.valueresearchonline.com/funds/42417/,INF179KA1IZ7,128629,12,6,1,1,20,High Risk,Average
HDFC NIFTY Next 50 Index Dir,equity,equity,Direct,7.27,19.21,,BSE 100 TRI,-1.3,11.63,,6.53,1.29,0.69,20.18,19.83,,,,,25,https://www.valueresearchonline.com/funds/41800/,INF179KC1BQ9,149288,12,6,1,1,20,High Risk,Average
HDFC NIFTY100 Low Volatility 30 ETF,equity,equity,Direct,0.03,12.57,,BSE 100 TRI,-1.3,11.63,,1.69,0.94,0.49,14.47,13.01,,,,,25,https://www.valueresearchonline.com/funds/42568/,INF179K01VS0,119116,8,4,3,4,19,Moderate Risk,Average
HDFC NIFTY100 Low Volatility 30 Index Dir,equity,equity,Direct,-0.13,,,BSE 100 TRI,-1.3,,,,,,,,,,,,25,https://www.valueresearchonline.com/funds/44405/,INF200KB1936,153718,1,1,1,1,4,High Risk,Poor
HDFC NIFTY100 Quality 30 ETF,equity,equity,Direct,-2.39,10.1,,BSE 100 TRI,-1.3,11.63,,0.11,0.97,0.38,15.12,11.58,,,,,25,https://www.valueresearchonline.com/funds/42536/,INF179KC1BG0,148986,8,4,3,4,19,Moderate Risk,Average
HDFC NIFTY50 Equal Weight Index Dir,equity,equity,Direct,3.47,14.96,,BSE 100 TRI,-1.3,11.63,,3.78,0.98,0.65,14.64,15.34,,,,,25,https://www.valueresearchonline.com/funds/41636/,INF179KC1BM8,149107,10,6,3,4,23,Moderate Risk,Average
HDFC Nifty Top 20 Equal Weight Index Dir,equity,equity,Direct,-5.74,,,BSE 100 TRI,-1.3,,,,,,,,,,,,20,https://www.valueresearchonline.com/funds/45043/,INF740KA1UQ1,152814,1,1,1,1,4,High Risk,Poor
HDFC Nifty100 Quality 30 Index Dir,equity,equity,Direct,-2.54,,,BSE 100 TRI,-1.3,,,,,,,,,,,,25,https://www.valueresearchonline.com/funds/44915/,INF200KB1811,153555,1,1,1,1,4,High Risk,Poor
HSBC Large Cap Dir,equity,equity,Direct,0.76,12.89,11.12,BSE 100 TRI,-1.3,11.63,11.2,1.03,0.95,0.46,14.19,12.39,,,,,25,https://www.valueresearchonline.com/funds/16289/,INF336L01CM7,120030,8,4,3,4,19,Moderate Risk,Average
HSBC Nifty 50 Index Dir,equity,equity,Direct,-3.7,9.82,9.71,BSE 100 TRI,-1.3,11.63,11.2,-1.51,0.95,0.29,13.77,9.84,,,,,25,https://www.valueresearchonline.com/funds/40972/,INF917K01D12,151157,4,4,4,4,16,Moderate Risk,Average
HSBC Nifty Next 50 Index Dir,equity,equity,Direct,7.04,19.13,13.57,BSE 100 TRI,-1.3,11.63,11.2,6.42,1.28,0.69,20.07,19.68,,,,,25,https://www.valueresearchonline.com/funds/40976/,INF917K01D79,151160,12,6,1,1,20,High Risk,Average
ICICI Pru BSE Sensex ETF,equity,equity,Direct,-5.73,8.19,9.08,BSE 100 TRI,-1.3,11.63,11.2,-3.3,0.94,0.15,13.67,7.97,,,,,25,https://www.valueresearchonline.com/funds/1512/,INF109K010A6,120256,2,4,4,4,14,Moderate Risk,Average
ICICI Pru BSE Sensex Index Dir,equity,equity,Direct,-5.91,7.96,8.82,BSE 100 TRI,-1.3,11.63,11.2,-3.51,0.93,0.14,13.66,7.76,,,,,25,https://www.valueresearchonline.com/funds/34649/,INF955L01JF3,152898,2,4,4,4,14,Moderate Risk,Average
ICICI Pru Bharat 22 FOF Dir,equity,equity,Direct,8.73,21.85,24.11,BSE 100 TRI,-1.3,11.63,11.2,10.79,1.1,0.91,18.77,23.02,,,,,1,https://www.valueresearchonline.com/funds/36693/,INF955L01JF3,152898,12,8,1,3,24,High Risk,Average
ICICI Pru Large Cap Dir,equity,equity,Direct,-1.2,14.81,13.86,BSE 100 TRI,-1.3,11.63,11.2,3.33,0.92,0.64,13.51,14.51,,,,,25,https://www.valueresearchonline.com/funds/15841/,INF109K011O5,120596,10,6,4,4,24,Moderate Risk,Average
ICICI Pru Nifty 100 ETF,equity,equity,Direct,-2.06,11.17,9.99,BSE 100 TRI,-1.3,11.63,11.2,-0.41,1.01,0.37,14.6,11.28,,,,,25,https://www.valueresearchonline.com/funds/20933/,INF109K010A6,120256,4,4,3,3,14,Mod. High Risk,Average
ICICI Pru Nifty 100 Low Volatility 30 ETF,equity,equity,Direct,-0.06,12.46,11.01,BSE 100 TRI,-1.3,11.63,11.2,1.59,0.94,0.49,14.48,12.91,,,,,25,https://www.valueresearchonline.com/funds/34396/,INF109KC1P81,148822,8,4,3,4,19,Moderate Risk,Average
ICICI Pru Nifty 100 Low Volatility 30 ETF FOF Dir,equity,equity,Direct,-0.23,12.16,10.68,BSE 100 TRI,-1.3,11.63,11.2,1.57,0.9,0.49,13.97,12.64,,,,,1,https://www.valueresearchonline.com/funds/41399/,INF109KC1P81,148822,8,4,4,4,20,Moderate Risk,Average
ICICI Pru Nifty 50 ETF,equity,equity,Direct,-3.52,10.04,9.93,BSE 100 TRI,-1.3,11.63,11.2,-1.32,0.95,0.3,13.8,10.04,,,,,25,https://www.valueresearchonline.com/funds/18653/,INF109K010A6,120256,4,4,4,4,16,Moderate Risk,Average
ICICI Pru Nifty 50 Index Dir,equity,equity,Direct,-3.71,9.79,9.69,BSE 100 TRI,-1.3,11.63,11.2,-1.55,0.95,0.29,13.78,9.81,,,,,25,https://www.valueresearchonline.com/funds/15959/,INF109KC16Y3,153161,4,4,4,4,16,Moderate Risk,Average
ICICI Pru Nifty Next 50 ETF,equity,equity,Direct,7.51,19.72,14.13,BSE 100 TRI,-1.3,11.63,11.2,7.01,1.29,0.72,20.17,20.31,,,,,25,https://www.valueresearchonline.com/funds/37322/,INF109K01Y80,120684,12,6,1,1,20,High Risk,Average
ICICI Pru Nifty Next 50 Index Dir,equity,equity,Direct,7.15,19.27,13.75,BSE 100 TRI,-1.3,11.63,11.2,6.62,1.29,0.7,20.18,19.92,,,,,25,https://www.valueresearchonline.com/funds/15856/,INF109K01Y80,120684,12,6,1,1,20,High Risk,Average
ICICI Pru Nifty Top 15 Equal Weight ETF,equity,equity,Direct,,,,BSE 100 TRI,,,,,,,,,,,,,15,https://www.valueresearchonline.com/funds/45235/,INF109K1A310,153614,1,1,1,1,4,High Risk,Poor
ICICI Pru Nifty Top 15 Equal Weight Index Dir,equity,equity,Direct,,,,BSE 100 TRI,,,,,,,,,,,,,15,https://www.valueresearchonline.com/funds/45238/,INF109K1A310,153614,1,1,1,1,4,High Risk,Poor
ICICI Pru Nifty50 Equal Weight Index Dir,equity,equity,Direct,3.46,14.89,,BSE 100 TRI,-1.3,11.63,,3.73,0.98,0.64,14.63,15.28,,,,,25,https://www.valueresearchonline.com/funds/42548/,INF109KC10J7,150639,10,6,3,4,23,Moderate Risk,Average
ITI Large Cap Dir,equity,equity,Direct,-1.97,12.78,10.65,BSE 100 TRI,-1.3,11.63,11.2,0.66,1.06,0.43,15.82,12.65,,,,,25,https://www.valueresearchonline.com/funds/41210/,INF00XX01804,148353,8,4,3,3,18,Mod. High Risk,Average
Invesco India Largecap Dir,equity,equity,Direct,2.24,16.16,14.19,BSE 100 TRI,-1.3,11.63,11.2,3.76,1.06,0.63,15.72,15.76,,,,,25,https://www.valueresearchonline.com/funds/16712/,INF205K01LB0,120392,10,6,3,3,22,Mod. High Risk,Average
Invesco India Nifty 50 ETF,equity,equity,Direct,-3.58,9.96,9.85,BSE 100 TRI,-1.3,11.63,11.2,-1.4,0.95,0.3,13.79,9.96,,,,,25,https://www.valueresearchonline.com/funds/12761/,INF205K01KT4,120444,4,4,4,4,16,Moderate Risk,Average
JM Large Cap Dir,equity,equity,Direct,-0.27,13.79,12.59,BSE 100 TRI,-1.3,11.63,11.2,2.27,1.02,0.53,15.42,14.05,,,,,25,https://www.valueresearchonline.com/funds/16541/,INF192K01BZ0,120490,10,6,3,3,22,Mod. High Risk,Average
JioBlackRock Large Cap Dir,equity,equity,Direct,,,,BSE 100 TRI,,,,,,,,,,,,,25,https://www.valueresearchonline.com/funds/45936/,INF22M001176,154307,1,1,1,1,4,High Risk,Poor
JioBlackRock Nifty 50 Index Dir,equity,equity,Direct,,,,BSE 100 TRI,,,,,,,,,,,,,25,https://www.valueresearchonline.com/funds/45423/,INF22M001044,153787,1,1,1,1,4,High Risk,Poor
JioBlackRock Nifty Next 50 Index Dir,equity,equity,Direct,,,,BSE 100 TRI,,,,,,,,,,,,,25,https://www.valueresearchonline.com/funds/45425/,INF22M001085,153789,1,1,1,1,4,High Risk,Poor
Kotak BSE Sensex ETF,equity,equity,Direct,-5.85,7.96,8.85,BSE 100 TRI,-1.3,11.63,11.2,-3.51,0.93,0.14,13.66,7.76,,,,,25,https://www.valueresearchonline.com/funds/7780/,INF174K01KH7,123693,2,4,4,4,14,Moderate Risk,Average
Kotak BSE Sensex Index Dir,equity,equity,Direct,-6.02,,,BSE 100 TRI,-1.3,,,,,,,,,,,,25,https://www.valueresearchonline.com/funds/44908/,INF174KA1UV6,153286,1,1,1,1,4,High Risk,Poor
Kotak Large Cap Dir,equity,equity,Direct,-0.85,13.33,11.77,BSE 100 TRI,-1.3,11.63,11.2,1.44,0.97,0.5,14.19,12.94,,,,,25,https://www.valueresearchonline.com/funds/16337/,INF174K01KW6,120152,8,6,3,4,21,Moderate Risk,Average
Kotak Nifty 100 Equal Weight ETF,equity,equity,Direct,5.53,,,BSE 100 TRI,-1.3,,,,,,,,,,,,25,https://www.valueresearchonline.com/funds/44953/,INF174KA1TY2,153146,1,1,1,1,4,High Risk,Poor
Kotak Nifty 100 Equal Weight Index Dir,equity,equity,Direct,5.35,,,BSE 100 TRI,-1.3,,,,,,,,,,,,25,https://www.valueresearchonline.com/funds/44796/,INF174KA1TY2,153146,1,1,1,1,4,High Risk,Poor
Kotak Nifty 100 Low Volatility 30 ETF,equity,equity,Direct,0.29,12.82,,BSE 100 TRI,-1.3,11.63,,1.89,0.94,0.51,14.47,13.21,,,,,25,https://www.valueresearchonline.com/funds/42184/,INF174KA1RZ3,152663,8,6,3,4,21,Moderate Risk,Average
Kotak Nifty 100 Low Volatility 30 Index Dir,equity,equity,Direct,-0.07,,,BSE 100 TRI,-1.3,,,,,,,,,,,,25,https://www.valueresearchonline.com/funds/44351/,INF174KA1RZ3,152663,1,1,1,1,4,High Risk,Poor
Kotak Nifty 50 ETF,equity,equity,Direct,-3.51,10,9.86,BSE 100 TRI,-1.3,11.63,11.2,-1.36,0.95,0.3,13.8,10,,,,,25,https://www.valueresearchonline.com/funds/10843/,INF174K01KH7,123693,4,4,4,4,16,Moderate Risk,Average
Kotak Nifty 50 Equal Weight Index Dir,equity,equity,Direct,3.35,,,BSE 100 TRI,-1.3,,,,,,,,,,,,25,https://www.valueresearchonline.com/funds/44800/,INF174KA1UE2,153150,1,1,1,1,4,High Risk,Poor
Kotak Nifty 50 Index Dir,equity,equity,Direct,-3.62,9.73,9.63,BSE 100 TRI,-1.3,11.63,11.2,-1.61,0.95,0.28,13.78,9.75,,,,,25,https://www.valueresearchonline.com/funds/41517/,INF174KA1SR8,152767,4,4,4,4,16,Moderate Risk,Average
Kotak Nifty Next 50 ETF,equity,equity,Direct,,,,BSE 100 TRI,,,,,,,,,,,,,25,https://www.valueresearchonline.com/funds/45721/,INF174K01KH7,123693,1,1,1,1,4,High Risk,Poor
Kotak Nifty Next 50 Index Dir,equity,equity,Direct,7.43,19.52,14.06,BSE 100 TRI,-1.3,11.63,11.2,6.81,1.28,0.71,20.1,20.08,,,,,25,https://www.valueresearchonline.com/funds/41327/,INF174KA1GA9,148745,12,6,1,1,20,High Risk,Average
Kotak Nifty Top 10 Equal Weight Index Dir,equity,equity,Direct,-11.41,,,BSE 100 TRI,-1.3,,,,,,,,,,,,10,https://www.valueresearchonline.com/funds/45101/,INF174KA1WD0,153461,1,1,1,1,4,High Risk,Poor
LIC MF BSE Sensex ETF,equity,equity,Direct,-5.78,8.07,8.99,BSE 100 TRI,-1.3,11.63,11.2,-3.41,0.93,0.15,13.67,7.86,,,,,25,https://www.valueresearchonline.com/funds/31256/,INF767K01GI4,120338,2,4,4,4,14,Moderate Risk,Average
LIC MF BSE Sensex Index Dir,equity,equity,Direct,-6.28,7.68,8.65,BSE 100 TRI,-1.3,11.63,11.2,-3.76,0.93,0.12,13.62,7.49,,,,,25,https://www.valueresearchonline.com/funds/16798/,INF767K01FJ4,120308,2,4,4,4,14,Moderate Risk,Average
LIC MF Large Cap Dir,equity,equity,Direct,-4.56,10.1,9.25,BSE 100 TRI,-1.3,11.63,11.2,-1.94,1.02,0.27,14.98,9.85,,,,,25,https://www.valueresearchonline.com/funds/16781/,INF767K01EJ7,120267,4,4,3,3,14,Mod. High Risk,Average
LIC MF Nifty 100 ETF,equity,equity,Direct,-1.83,11.36,10.23,BSE 100 TRI,-1.3,11.63,11.2,-0.26,1.01,0.38,14.58,11.43,,,,,25,https://www.valueresearchonline.com/funds/32018/,INF767K01GI4,120338,4,4,3,3,14,Mod. High Risk,Average
LIC MF Nifty 50 ETF,equity,equity,Direct,-3.59,9.93,9.85,BSE 100 TRI,-1.3,11.63,11.2,-1.42,0.95,0.3,13.79,9.94,,,,,25,https://www.valueresearchonline.com/funds/31217/,INF767K01GI4,120338,4,4,4,4,16,Moderate Risk,Average
LIC MF Nifty 50 Index Dir,equity,equity,Direct,-4.09,9.64,9.58,BSE 100 TRI,-1.3,11.63,11.2,-1.68,0.95,0.28,13.79,9.68,,,,,25,https://www.valueresearchonline.com/funds/16763/,INF767K01FF2,120307,4,4,4,4,16,Moderate Risk,Average
LIC MF Nifty Next 50 Index Dir,equity,equity,Direct,7.65,19.49,13.96,BSE 100 TRI,-1.3,11.63,11.2,6.67,1.28,0.7,20.09,19.94,,,,,25,https://www.valueresearchonline.com/funds/16528/,INF397L01AW2,151937,12,6,1,1,20,High Risk,Average
Mahindra Manulife Large Cap Dir,equity,equity,Direct,-3.85,12.22,10.87,BSE 100 TRI,-1.3,11.63,11.2,0.71,0.97,0.44,14.23,12.15,,,,,25,https://www.valueresearchonline.com/funds/39224/,INF955L01JF3,152898,8,4,3,4,19,Moderate Risk,Average
Mirae Asset BSE Sensex ETF,equity,equity,Direct,-5.76,,,BSE 100 TRI,-1.3,,,,,,,,,,,,25,https://www.valueresearchonline.com/funds/43803/,INF769K01GK6,148529,1,1,1,1,4,High Risk,Poor
Mirae Asset Diversified Equity Allocator Passive FoF Dir,equity,equity,Direct,0.09,13.13,11.75,BSE 100 TRI,-1.3,11.63,11.2,1.59,1.04,0.5,15.08,13.45,,,,,3,https://www.valueresearchonline.com/funds/41121/,INF769K01GE9,148500,8,6,3,3,20,Mod. High Risk,Average
Mirae Asset Large Cap Dir,equity,equity,Direct,-0.35,11.46,10.28,BSE 100 TRI,-1.3,11.63,11.2,-0.2,0.97,0.38,14.15,11.26,,,,,25,https://www.valueresearchonline.com/funds/16575/,INF769K01AX2,118825,4,4,3,4,15,Moderate Risk,Average
Mirae Asset Nifty 100 Low Volatility 30 ETF,equity,equity,Direct,-0.02,12.59,,BSE 100 TRI,-1.3,11.63,,1.71,0.94,0.49,14.47,13.03,,,,,25,https://www.valueresearchonline.com/funds/43284/,INF769K01CM1,118859,8,4,3,4,19,Moderate Risk,Average
Mirae Asset Nifty 50 ETF,equity,equity,Direct,-3.55,10.01,9.9,BSE 100 TRI,-1.3,11.63,11.2,-1.34,0.95,0.3,13.8,10.02,,,,,25,https://www.valueresearchonline.com/funds/38323/,INF769K01FY9,148419,4,4,4,4,16,Moderate Risk,Average
Mirae Asset Nifty 50 Index Dir,equity,equity,Direct,-3.71,,,BSE 100 TRI,-1.3,,,,,,,,,,,,25,https://www.valueresearchonline.com/funds/44620/,INF769K01MQ1,152972,1,1,1,1,4,High Risk,Poor
Mirae Asset Nifty Next 50 ETF,equity,equity,Direct,7.61,19.72,14.1,BSE 100 TRI,-1.3,11.63,11.2,6.97,1.29,0.71,20.17,20.27,,,,,25,https://www.valueresearchonline.com/funds/40538/,INF579M01AN2,151165,12,6,1,1,20,High Risk,Average
Mirae Asset Nifty Top 20 Equal Wght ETF,equity,equity,Direct,,,,BSE 100 TRI,,,,,,,,,,,,,20,https://www.valueresearchonline.com/funds/45679/,INF179K01XW8,119131,1,1,1,1,4,High Risk,Poor
Mirae Asset Nifty50 Equal Wght ETF,equity,equity,Direct,3.52,,,BSE 100 TRI,-1.3,,,,,,,,,,,,25,https://www.valueresearchonline.com/funds/45149/,INF769K01GX9,148623,1,1,1,1,4,High Risk,Poor
Motilal Oswal Large Cap Dir,equity,equity,Direct,-1.11,,,BSE 100 TRI,-1.3,,,,,,,,,,,,25,https://www.valueresearchonline.com/funds/44064/,INF247L01CE3,152354,1,1,1,1,4,High Risk,Poor
Motilal Oswal Nifty 100 ETF,equity,equity,Direct,,,,BSE 100 TRI,,,,,,,,,,,,,25,https://www.valueresearchonline.com/funds/45555/,INF247L01247,124234,1,1,1,1,4,High Risk,Poor
Motilal Oswal Nifty 50 ETF,equity,equity,Direct,-3.53,10.02,9.91,BSE 100 TRI,-1.3,11.63,11.2,-1.34,0.95,0.3,13.8,10.02,,,,,25,https://www.valueresearchonline.com/funds/11348/,INF247L01AE7,147794,4,4,4,4,16,Moderate Risk,Average
Motilal Oswal Nifty 50 Equal Weight ETF,equity,equity,Direct,3.76,,,BSE 100 TRI,-1.3,,,,,,,,,,,,25,https://www.valueresearchonline.com/funds/45170/,INF846K017C5,149243,1,1,1,1,4,High Risk,Poor
Motilal Oswal Nifty 50 Index Dir,equity,equity,Direct,-3.62,9.89,9.75,BSE 100 TRI,-1.3,11.63,11.2,-1.46,0.95,0.29,13.8,9.9,,,,,25,https://www.valueresearchonline.com/funds/40471/,INF247L01AE7,147794,4,4,4,4,16,Moderate Risk,Average
Motilal Oswal Nifty Next 50 ETF,equity,equity,Direct,7.38,,,BSE 100 TRI,-1.3,,,,,,,,,,,,25,https://www.valueresearchonline.com/funds/45175/,INF247L01AC1,147796,1,1,1,1,4,High Risk,Poor
Motilal Oswal Nifty Next 50 Index Dir,equity,equity,Direct,7.32,19.46,13.89,BSE 100 TRI,-1.3,11.63,11.2,6.76,1.28,0.7,20.15,20.06,,,,,25,https://www.valueresearchonline.com/funds/40469/,INF247L01AC1,147796,12,6,1,1,20,High Risk,Average
Navi BSE Sensex Index Dir,equity,equity,Direct,-5.88,,,BSE 100 TRI,-1.3,,,,,,,,,,,,25,https://www.valueresearchonline.com/funds/43745/,INF959L01HK9,152062,1,1,1,1,4,High Risk,Poor
Navi Nifty 50 Index Dir,equity,equity,Direct,-3.61,9.88,,BSE 100 TRI,-1.3,11.63,,-1.47,0.95,0.29,13.8,9.89,,,,,25,https://www.valueresearchonline.com/funds/41574/,INF959L01FP2,149039,4,4,4,4,16,Moderate Risk,Average
Navi Nifty Next 50 Index Dir,equity,equity,Direct,7.3,19.38,,BSE 100 TRI,-1.3,11.63,,6.69,1.28,0.7,20.14,19.98,,,,,25,https://www.valueresearchonline.com/funds/41937/,INF959L01FR8,149447,12,6,1,1,20,High Risk,Average
Nippon India BSE Sensex Next 30 ETF,equity,equity,Direct,8.15,,,BSE 100 TRI,-1.3,,,,,,,,,,,,25,https://www.valueresearchonline.com/funds/45190/,INF204KC1FD7,153567,1,1,1,1,4,High Risk,Poor
Nippon India BSE Sensex Next 30 Index Dir,equity,equity,Direct,7.9,,,BSE 100 TRI,-1.3,,,,,,,,,,,,25,https://www.valueresearchonline.com/funds/45197/,INF204KC1FD7,153567,1,1,1,1,4,High Risk,Poor
Nippon India ETF BSE Sensex,equity,equity,Direct,-5.74,8.18,9.06,BSE 100 TRI,-1.3,11.63,11.2,-3.31,0.93,0.15,13.66,7.97,,,,,25,https://www.valueresearchonline.com/funds/28136/,INF204K01K80,118791,2,4,4,4,14,Moderate Risk,Average
Nippon India ETF BSE Sensex Next 50,equity,equity,Direct,3.87,19.14,15.74,BSE 100 TRI,-1.3,11.63,11.2,6.35,1.19,0.74,17.87,19.09,,,,,25,https://www.valueresearchonline.com/funds/40191/,INF090I01VZ8,148304,12,6,2,2,22,High Risk,Average
Nippon India ETF Nifty 100,equity,equity,Direct,-2.07,11.13,9.96,BSE 100 TRI,-1.3,11.63,11.2,-0.45,1.01,0.37,14.58,11.24,,,,,25,https://www.valueresearchonline.com/funds/18234/,INF090I01KR8,129008,4,4,3,3,14,Mod. High Risk,Average
Nippon India ETF Nifty 50 BeES,equity,equity,Direct,-3.53,10.03,9.92,BSE 100 TRI,-1.3,11.63,11.2,-1.33,0.95,0.3,13.8,10.03,,,,,25,https://www.valueresearchonline.com/funds/1171/,INF204KA1U53,134547,4,4,4,4,16,Moderate Risk,Average
Nippon India ETF Nifty 50 Shariah BeES,equity,equity,Direct,-12.44,3.23,1.83,BSE 100 TRI,-1.3,11.63,11.2,-5.65,0.91,-0.02,16.03,5.49,,,,,17,https://www.valueresearchonline.com/funds/10218/,INF090I01VZ8,148304,2,1,2,4,9,Mod. High Risk,Poor
Nippon India ETF Nifty Next 50 Junior BeES,equity,equity,Direct,7.56,19.68,14.07,BSE 100 TRI,-1.3,11.63,11.2,6.93,1.29,0.71,20.16,20.23,,,,,25,https://www.valueresearchonline.com/funds/1545/,INF204KB1X25,146513,12,6,1,1,20,High Risk,Average
Nippon India Index BSE Sensex Plan Dir,equity,equity,Direct,-5.91,7.96,8.88,BSE 100 TRI,-1.3,11.63,11.2,-3.51,0.93,0.14,13.65,7.76,,,,,25,https://www.valueresearchonline.com/funds/16859/,INF204K01K80,118791,2,4,4,4,14,Moderate Risk,Average
Nippon India Index-Nifty 50 Plan Dir,equity,equity,Direct,-3.6,9.87,9.73,BSE 100 TRI,-1.3,11.63,11.2,-1.48,0.95,0.29,13.78,9.87,,,,,25,https://www.valueresearchonline.com/funds/16856/,INF204K01H36,118741,4,4,4,4,16,Moderate Risk,Average
Nippon India Large Cap Dir,equity,equity,Direct,-0.05,15.49,16.08,BSE 100 TRI,-1.3,11.63,11.2,3.66,0.96,0.65,14.16,15.08,,,,,25,https://www.valueresearchonline.com/funds/16192/,INF204K01XI3,118632,10,6,3,4,23,Moderate Risk,Average
Nippon India Nifty Next 50 Junior BeES FoF Dir,equity,equity,Direct,7.4,19.61,13.92,BSE 100 TRI,-1.3,11.63,11.2,6.98,1.27,0.72,19.94,20.18,,,,,1,https://www.valueresearchonline.com/funds/39157/,INF204KB1X25,146513,12,6,1,2,21,High Risk,Average
PGIM India Large Cap Dir,equity,equity,Direct,-2.31,9.81,8.74,BSE 100 TRI,-1.3,11.63,11.2,-1.76,0.96,0.27,14.13,9.68,,,,,25,https://www.valueresearchonline.com/funds/15574/,INF663L01GR4,138312,4,4,3,4,15,Moderate Risk,Average
Parag Parikh Large Cap Dir,equity,equity,Direct,,,,BSE 100 TRI,,,,,,,,,,,,,25,https://www.valueresearchonline.com/funds/45775/,INF879O01332,154155,1,1,1,1,4,High Risk,Poor
Quant Focused Dir,equity,equity,Direct,6.66,17.09,14.72,BSE 100 TRI,-1.3,11.63,11.2,6.1,1.22,0.66,19.78,19.02,,,,,11,https://www.valueresearchonline.com/funds/17373/,INF966L01853,120834,12,6,1,2,21,High Risk,Average
Quant Large Cap Dir,equity,equity,Direct,6.3,17.19,,BSE 100 TRI,-1.3,11.63,,5.97,1.15,0.69,18.23,18.48,,,,,13,https://www.valueresearchonline.com/funds/42367/,INF966L01648,120826,12,6,1,3,22,High Risk,Average
Quantum Nifty 50 ETF,equity,equity,Direct,-3.58,9.96,9.87,BSE 100 TRI,-1.3,11.63,11.2,-1.39,0.95,0.3,13.8,9.97,,,,,25,https://www.valueresearchonline.com/funds/7834/,INF082J01416,150390,4,4,4,4,16,Moderate Risk,Average
Quantum Nifty 50 ETF FoF-Dir,equity,equity,Direct,-2.91,9.79,,BSE 100 TRI*,-1.3,11.63,,-1.3,0.94,0.3,13.59,9.98,,,,,1,https://www.valueresearchonline.com/funds/42346/,INF082J01416,150390,4,4,4,4,16,Moderate Risk,Average
SBI BSE 100 ETF,equity,equity,Direct,-2.05,11.5,10.94,BSE 100 TRI,-1.3,11.63,11.2,-0.15,1,0.39,14.45,11.5,,,,,25,https://www.valueresearchonline.com/funds/29714/,INF200K01V08,125503,4,4,3,4,15,Moderate Risk,Average
SBI BSE Sensex ETF,equity,equity,Direct,-5.75,8.14,9.04,BSE 100 TRI,-1.3,11.63,11.2,-3.34,0.94,0.15,13.67,7.93,,,,,25,https://www.valueresearchonline.com/funds/18077/,INF200K01V08,125503,2,4,4,4,14,Moderate Risk,Average
SBI BSE Sensex Index Dir,equity,equity,Direct,-6.03,7.89,,BSE 100 TRI,-1.3,11.63,,-3.58,0.93,0.13,13.65,7.69,,,,,25,https://www.valueresearchonline.com/funds/43526/,INF200KA16Y4,151769,2,4,4,4,14,Moderate Risk,Average
SBI BSE Sensex Next 50 ETF,equity,equity,Direct,3.97,19.29,15.94,BSE 100 TRI,-1.3,11.63,11.2,6.47,1.19,0.75,17.91,19.23,,,,,25,https://www.valueresearchonline.com/funds/37639/,INF200K01SK7,120137,12,8,2,2,24,High Risk,Average
SBI Large Cap Dir,equity,equity,Direct,2.66,12.25,11.99,BSE 100 TRI,-1.3,11.63,11.2,0.61,0.94,0.44,13.78,11.89,,,,,25,https://www.valueresearchonline.com/funds/16198/,INF200K01QX4,119598,8,4,4,4,20,Moderate Risk,Average
SBI Nifty 50 ETF,equity,equity,Direct,-3.54,10.01,9.9,BSE 100 TRI,-1.3,11.63,11.2,-1.34,0.95,0.3,13.8,10.02,,,,,25,https://www.valueresearchonline.com/funds/30710/,INF200K01V08,125503,4,4,4,4,16,Moderate Risk,Average
SBI Nifty 50 Equal Weight ETF,equity,equity,Direct,3.64,,,BSE 100 TRI,-1.3,,,,,,,,,,,,25,https://www.valueresearchonline.com/funds/44433/,INF200K01SH3,119707,1,1,1,1,4,High Risk,Poor
SBI Nifty Index Dir,equity,equity,Direct,-3.76,9.8,9.69,BSE 100 TRI,-1.3,11.63,11.2,-1.54,0.95,0.29,13.81,9.82,,,,,25,https://www.valueresearchonline.com/funds/16233/,INF200KB1563,153250,4,4,4,4,16,Moderate Risk,Average
SBI Nifty Next 50 ETF,equity,equity,Direct,7.62,19.75,14.12,BSE 100 TRI,-1.3,11.63,11.2,6.97,1.29,0.71,20.18,20.27,,,,,25,https://www.valueresearchonline.com/funds/29715/,INF200K01SV4,119798,12,6,1,1,20,High Risk,Average
SBI Nifty Next 50 Index Dir,equity,equity,Direct,7.34,19.46,13.88,BSE 100 TRI,-1.3,11.63,11.2,6.74,1.29,0.7,20.17,20.04,,,,,25,https://www.valueresearchonline.com/funds/41492/,INF200KA1W00,148945,12,6,1,1,20,High Risk,Average
SBI Nifty100 Low Volatility 30 Index Dir,equity,equity,Direct,,,,BSE 100 TRI,,,,,,,,,,,,,25,https://www.valueresearchonline.com/funds/45361/,INF200KB1936,153718,1,1,1,1,4,High Risk,Poor
SBI Nifty50 Equal Weight Index Dir,equity,equity,Direct,3.46,,,BSE 100 TRI,-1.3,,,,,,,,,,,,25,https://www.valueresearchonline.com/funds/44075/,INF200KB1027,152370,1,1,1,1,4,High Risk,Poor
Samco Large Cap Dir,equity,equity,Direct,-9.05,,,BSE 100 TRI,-1.3,,,,,,,,,,,,25,https://www.valueresearchonline.com/funds/45017/,INF0K1H01255,153239,1,1,1,1,4,High Risk,Poor
Sundaram Large Cap Dir,equity,equity,Direct,-1.54,10.9,10.54,BSE 100 TRI,-1.3,11.63,11.2,-0.66,0.88,0.34,12.92,10.3,,,,,25,https://www.valueresearchonline.com/funds/41104/,INF903J017I5,134363,4,4,4,4,16,Moderate Risk,Average
Sundaram Nifty 100 Equal Weight Dir,equity,equity,Direct,5.35,16.81,13.15,BSE 100 TRI,-1.3,11.63,11.2,5.05,1.11,0.69,16.62,17.32,,,,,25,https://www.valueresearchonline.com/funds/16608/,INF903J017I5,134363,12,6,2,3,23,Mod. High Risk,Average
Tata BSE Sensex Index Dir,equity,equity,Direct,-6.01,7.83,8.69,BSE 100 TRI,-1.3,11.63,11.2,-3.63,0.93,0.13,13.66,7.64,,,,,25,https://www.valueresearchonline.com/funds/16955/,INF174KA1UV6,153286,2,4,4,4,14,Moderate Risk,Average
Tata Large Cap Dir,equity,equity,Direct,1.38,13.33,12.14,BSE 100 TRI,-1.3,11.63,11.2,1.69,1.01,0.51,14.82,13.41,,,,,25,https://www.valueresearchonline.com/funds/16729/,INF277K01QZ7,119160,8,6,3,3,20,Mod. High Risk,Average
Tata Nifty 50 ETF,equity,equity,Direct,-3.59,9.95,9.86,BSE 100 TRI,-1.3,11.63,11.2,-1.4,0.95,0.3,13.8,9.96,,,,,25,https://www.valueresearchonline.com/funds/38578/,INF277KA1224,149361,4,4,4,4,16,Moderate Risk,Average
Tata Nifty 50 Index Dir,equity,equity,Direct,-3.78,9.72,9.66,BSE 100 TRI,-1.3,11.63,11.2,-1.62,0.95,0.28,13.8,9.74,,,,,25,https://www.valueresearchonline.com/funds/16954/,INF277KA1EJ1,153858,4,4,4,4,16,Moderate Risk,Average
Tata Nifty Next 50 Index Dir,equity,equity,Direct,,,,BSE 100 TRI,,,,,,,,,,,,,25,https://www.valueresearchonline.com/funds/45494/,INF277KA1EJ1,153858,1,1,1,1,4,High Risk,Poor
Taurus Large Cap Dir,equity,equity,Direct,-0.66,13.17,10.27,BSE 100 TRI,-1.3,11.63,11.2,1.36,0.95,0.47,14.54,12.74,,,,,25,https://www.valueresearchonline.com/funds/17027/,INF044D01BX3,118870,8,4,3,4,19,Moderate Risk,Average
Taurus Nifty 50 Index Dir,equity,equity,Direct,-4.35,8.95,8.9,BSE 100 TRI,-1.3,11.63,11.2,-2.28,0.94,0.23,13.66,9.02,,,,,25,https://www.valueresearchonline.com/funds/17039/,INF044D01CQ5,118881,2,4,4,4,14,Moderate Risk,Average
UTI BSE Sensex ETF,equity,equity,Direct,-5.73,8.15,9.05,BSE 100 TRI,-1.3,11.63,11.2,-3.34,0.94,0.15,13.67,7.94,,,,,25,https://www.valueresearchonline.com/funds/30885/,INF789F015Z6,126940,2,4,4,4,14,Moderate Risk,Average
UTI BSE Sensex Index Dir,equity,equity,Direct,-5.89,7.95,,BSE 100 TRI,-1.3,11.63,,-3.52,0.93,0.14,13.66,7.75,,,,,25,https://www.valueresearchonline.com/funds/42038/,INF789F1AVD7,149803,2,4,4,4,14,Moderate Risk,Average
UTI BSE Sensex Next 50 ETF,equity,equity,Direct,4,19.33,15.94,BSE 100 TRI,-1.3,11.63,11.2,6.52,1.19,0.75,17.9,19.27,,,,,25,https://www.valueresearchonline.com/funds/39221/,INF789F1APF4,148086,12,8,2,2,24,High Risk,Average
UTI Large Cap Dir,equity,equity,Direct,-4.54,10.05,9.15,BSE 100 TRI,-1.3,11.63,11.2,-0.97,0.93,0.32,13.67,10.29,,,,,25,https://www.valueresearchonline.com/funds/15789/,INF789F01US8,120656,4,4,4,4,16,Moderate Risk,Average
UTI NIFTY50 Equal Wght Index Dir,equity,equity,Direct,3.59,14.8,,BSE 100 TRI,-1.3,11.63,,,,,,,,,,,25,https://www.valueresearchonline.com/funds/43523/,INF789F1AYP5,151762,1,1,1,1,4,High Risk,Poor
UTI Nifty 50 ETF,equity,equity,Direct,-3.52,10.03,9.91,BSE 100 TRI,-1.3,11.63,11.2,-1.33,0.95,0.3,13.8,10.03,,,,,25,https://www.valueresearchonline.com/funds/30886/,INF789F015Z6,126940,4,4,4,4,16,Moderate Risk,Average
UTI Nifty 50 Index Dir,equity,equity,Direct,-3.67,9.84,9.72,BSE 100 TRI,-1.3,11.63,11.2,-1.51,0.95,0.29,13.8,9.85,,,,,25,https://www.valueresearchonline.com/funds/15830/,INF789F01XA0,120716,4,4,4,4,16,Moderate Risk,Average
UTI Nifty Next 50 ETF,equity,equity,Direct,7.68,19.82,14.19,BSE 100 TRI,-1.3,11.63,11.2,7.02,1.29,0.72,20.17,20.32,,,,,25,https://www.valueresearchonline.com/funds/34503/,INF789F1APF4,148086,12,6,1,1,20,High Risk,Average
UTI Nifty Next 50 Index Dir,equity,equity,Direct,7.38,19.5,13.89,BSE 100 TRI,-1.3,11.63,11.2,6.78,1.28,0.7,20.16,20.08,,,,,25,https://www.valueresearchonline.com/funds/36491/,INF789FC12T1,143341,12,6,1,1,20,High Risk,Average
Union Largecap Dir,equity,equity,Direct,-1.36,10.93,10,BSE 100 TRI,-1.3,11.63,11.2,-0.29,0.93,0.37,13.79,10.97,,,,,25,https://www.valueresearchonline.com/funds/34082/,INF582M01CU7,141248,4,4,4,4,16,Moderate Risk,Average
WhiteOak Capital Large Cap Dir,equity,equity,Direct,-0.03,15.52,,BSE 100 TRI,-1.3,11.63,,3.8,0.93,0.67,13.59,15.02,,,,,25,https://www.valueresearchonline.com/funds/42713/,INF03VN01696,150797,10,6,4,4,24,Moderate Risk,Average
Zerodha BSE SENSEX Index Dir,equity,equity,Direct,,,,BSE 100 TRI,,,,,,,,,,,,,25,https://www.valueresearchonline.com/funds/45565/,INF955L01JF3,152898,1,1,1,1,4,High Risk,Poor
Zerodha Nifty 100 ETF,equity,equity,Direct,-1.64,,,BSE 100 TRI,-1.3,,,,,,,,,,,,25,https://www.valueresearchonline.com/funds/44358/,INF579M01AN2,151165,1,1,1,1,4,High Risk,Poor
Zerodha Nifty 50 ETF,equity,equity,Direct,,,,BSE 100 TRI,,,,,,,,,,,,,25,https://www.valueresearchonline.com/funds/45534/,INF579M01AN2,151165,1,1,1,1,4,High Risk,Poor
Zerodha Nifty 50 Index Dir,equity,equity,Direct,,,,BSE 100 TRI,,,,,,,,,,,,,25,https://www.valueresearchonline.com/funds/45533/,INF0R8F01158,153906,1,1,1,1,4,High Risk,Poor
ABSL Mid Cap Dir,equity,equity,Direct,6.12,19.86,16.82,BSE 150 MidCap TRI,5.2,20.39,17.79,-0.89,0.97,0.76,18.17,19.64,,,,,25,https://www.valueresearchonline.com/funds/15870/,INF209K01Q30,119620,4,8,1,4,17,High Risk,Average
ABSL Nifty Midcap 150 Index Dir,equity,equity,Direct,5.36,20.55,17.98,BSE 150 MidCap TRI,5.2,20.39,17.79,0.42,1,0.85,18.37,21.48,,,,,25,https://www.valueresearchonline.com/funds/41385/,INF209KB1W74,148807,8,8,1,4,21,High Risk,Average
Axis Midcap Dir,equity,equity,Direct,5.55,18.77,15.8,BSE 150 MidCap TRI,5.2,20.39,17.79,0.07,0.84,0.79,16.26,18.68,,,,,25,https://www.valueresearchonline.com/funds/15690/,INF846K01EH3,120505,8,8,2,5,23,Mod. High Risk,Average
Axis Nifty Midcap 50 Index Dir,equity,equity,Direct,5.91,21.48,,BSE 150 MidCap TRI,5.2,20.39,,0.96,1.01,0.87,18.81,22.15,,,,,25,https://www.valueresearchonline.com/funds/42158/,INF846K019H0,149936,8,8,1,3,20,High Risk,Average
Bandhan Midcap Dir,equity,equity,Direct,8.39,21.24,,BSE 150 MidCap TRI,5.2,20.39,,0.44,0.97,0.81,18.68,21.03,,,,,25,https://www.valueresearchonline.com/funds/42342/,INF194KB1DJ2,150404,8,8,1,4,21,High Risk,Average
Bandhan Nifty Midcap 150 Index Dir,equity,equity,Direct,5.37,,,BSE 150 MidCap TRI,5.2,,,,,,,,,,,,25,https://www.valueresearchonline.com/funds/44531/,INF194KB1IT0,152855,1,1,1,1,4,High Risk,Poor
Bank of India Mid Cap Dir,equity,equity,Direct,,,,BSE 150 MidCap TRI,,,,,,,,,,,,,25,https://www.valueresearchonline.com/funds/45385/,INF761K01GY4,153728,1,1,1,1,4,High Risk,Poor
Baroda BNP Paribas Midcap Dir,equity,equity,Direct,11.34,21.61,17.85,BSE 150 MidCap TRI,5.2,20.39,17.79,2.97,0.85,1.01,15.74,21.72,,,,,25,https://www.valueresearchonline.com/funds/15726/,INF251K01HQ0,150212,10,10,3,5,28,Moderate Risk,Good
Baroda BNP Paribas Nifty Midcap 150 Index Dir,equity,equity,Direct,5.08,,,BSE 150 MidCap TRI,5.2,,,,,,,,,,,,25,https://www.valueresearchonline.com/funds/44651/,INF251K01UA7,153000,1,1,1,1,4,High Risk,Poor
Canara Robeco Mid Cap Dir,equity,equity,Direct,5.82,20.14,,BSE 150 MidCap TRI,5.2,20.39,,0.5,0.92,0.83,17.36,20.32,,,,,25,https://www.valueresearchonline.com/funds/42705/,INF760K01KI1,150817,8,8,2,4,22,Mod. High Risk,Average
DSP Midcap Dir,equity,equity,Direct,5.74,19.62,13.38,BSE 150 MidCap TRI,5.2,20.39,17.79,-0.84,0.97,0.75,18.25,19.62,,,,,25,https://www.valueresearchonline.com/funds/16438/,INF740K01PX1,119071,4,8,1,4,17,High Risk,Average
DSP Nifty Midcap 150 ETF,equity,equity,Direct,,,,BSE 150 MidCap TRI,,,,,,,,,,,,,25,https://www.valueresearchonline.com/funds/45652/,INF579M01AN2,151165,1,1,1,1,4,High Risk,Poor
DSP Nifty Midcap 150 Index Dir,equity,equity,Direct,,,,BSE 150 MidCap TRI,,,,,,,,,,,,,25,https://www.valueresearchonline.com/funds/45650/,INF740KA1XB7,154014,1,1,1,1,4,High Risk,Poor
DSP Nifty Midcap 150 Quality 50 ETF,equity,equity,Direct,-1.47,12.77,,BSE 150 MidCap TRI,5.2,20.39,,-5.96,0.92,0.46,17.25,13.76,,,,,25,https://www.valueresearchonline.com/funds/41902/,INF740KA1RB9,150428,2,4,2,4,12,Mod. High Risk,Poor
DSP Nifty Midcap 150 Quality 50 Index Dir,equity,equity,Direct,-1.49,12.76,,BSE 150 MidCap TRI,5.2,20.39,,-5.96,0.92,0.46,17.25,13.75,,,,,25,https://www.valueresearchonline.com/funds/42316/,INF740KA1RB9,150428,2,4,2,4,12,Mod. High Risk,Poor
Edelweiss Mid Cap Dir,equity,equity,Direct,5.65,24.42,20.7,BSE 150 MidCap TRI,5.2,20.39,17.79,4.07,0.95,1.03,17.78,24.23,,,,,25,https://www.valueresearchonline.com/funds/16586/,INF843K01AO4,140228,12,10,2,4,28,Mod. High Risk,Good
Edelweiss Nifty Midcap150 Momentum 50 Index Dir,equity,equity,Direct,0.21,21.06,,BSE 150 MidCap TRI,5.2,20.39,,0.01,1.06,0.8,20.14,21.9,,,,,25,https://www.valueresearchonline.com/funds/42812/,INF754K01QD2,150902,8,8,1,3,20,High Risk,Average
Franklin India Mid Cap Dir,equity,equity,Direct,0.07,19.22,15.67,BSE 150 MidCap TRI,5.2,20.39,17.79,-0.62,0.93,0.78,17.28,19.28,,,,,25,https://www.valueresearchonline.com/funds/16003/,INF090I01FH9,118533,4,8,2,4,18,Mod. High Risk,Average
Groww Nifty Midcap 150 ETF,equity,equity,Direct,,,,BSE 150 MidCap TRI,,,,,,,,,,,,,25,https://www.valueresearchonline.com/funds/45580/,INF666M01MP7,153939,1,1,1,1,4,High Risk,Poor
Groww Nifty Midcap 150 Index Dir,equity,equity,Direct,,,,BSE 150 MidCap TRI,,,,,,,,,,,,,25,https://www.valueresearchonline.com/funds/45578/,INF666M01MP7,153939,1,1,1,1,4,High Risk,Poor
HDFC Mid Cap Dir,equity,equity,Direct,6.68,21.62,20.87,BSE 150 MidCap TRI,5.2,20.39,17.79,3.13,0.85,1.01,15.93,21.88,,,,,25,https://www.valueresearchonline.com/funds/16114/,INF179K01XQ0,118989,10,10,3,5,28,Moderate Risk,Good
HDFC NIFTY Midcap 150 ETF,equity,equity,Direct,5.56,20.65,,BSE 150 MidCap TRI,5.2,20.39,,0.52,1,0.85,18.34,21.54,,,,,25,https://www.valueresearchonline.com/funds/43115/,INF179KC1GC8,151724,8,8,1,4,21,High Risk,Average
HDFC NIFTY Midcap 150 Index Dir,equity,equity,Direct,5.35,20.25,,BSE 150 MidCap TRI,5.2,20.39,,0.19,1,0.84,18.27,21.17,,,,,25,https://www.valueresearchonline.com/funds/43475/,INF179KC1GC8,151724,8,8,1,4,21,High Risk,Average
HSBC Midcap Dir,equity,equity,Direct,17.97,27.96,20.34,BSE 150 MidCap TRI,5.2,20.39,17.79,5.79,1.03,1.07,19.98,27.28,,,,,25,https://www.valueresearchonline.com/funds/16280/,INF917K01FZ1,151036,12,10,1,3,26,High Risk,Average
Helios Mid Cap Dir,equity,equity,Direct,15.82,,,BSE 150 MidCap TRI,5.2,,,,,,,,,,,,25,https://www.valueresearchonline.com/funds/44987/,INF0R8701327,153326,1,1,1,1,4,High Risk,Poor
ICICI Pru BSE Midcap Select ETF,equity,equity,Direct,7.33,20.73,15.23,BSE 150 MidCap TRI,5.2,20.39,17.79,-0.67,1.02,0.77,19.29,20.66,,,,,25,https://www.valueresearchonline.com/funds/32594/,INF109K016L0,120586,4,8,1,3,16,High Risk,Average
ICICI Pru Midcap Dir,equity,equity,Direct,13.37,25.53,19.34,BSE 150 MidCap TRI,5.2,20.39,17.79,4.85,0.99,1.06,18.66,25.72,,,,,25,https://www.valueresearchonline.com/funds/15960/,INF109K011N7,120381,12,10,1,4,27,High Risk,Good
ICICI Pru Nifty Midcap 150 ETF,equity,equity,Direct,5.72,20.77,18.13,BSE 150 MidCap TRI,5.2,20.39,17.79,0.61,1,0.86,18.34,21.64,,,,,25,https://www.valueresearchonline.com/funds/40555/,INF109KC1W58,149389,8,8,1,4,21,High Risk,Average
ICICI Pru Nifty Midcap 150 Index Dir,equity,equity,Direct,5.44,20.36,,BSE 150 MidCap TRI,5.2,20.39,,0.29,1,0.84,18.31,21.29,,,,,25,https://www.valueresearchonline.com/funds/41893/,INF109KC1W58,149389,8,8,1,4,21,High Risk,Average
ITI Mid Cap Dir,equity,equity,Direct,8.25,24.16,17.25,BSE 150 MidCap TRI,5.2,20.39,17.79,2.83,1.02,0.96,19.1,24.19,,,,,25,https://www.valueresearchonline.com/funds/41319/,INF00XX01929,148733,10,8,1,3,22,High Risk,Average
Invesco India Mid cap Dir,equity,equity,Direct,9.38,26.88,21.94,BSE 150 MidCap TRI,5.2,20.39,17.79,3.81,1.01,0.98,19.46,25.01,,,,,25,https://www.valueresearchonline.com/funds/16807/,INF205K01MV6,120403,10,8,1,3,22,High Risk,Average
JM Midcap Dir,equity,equity,Direct,10.38,24.77,,BSE 150 MidCap TRI,5.2,20.39,,2.82,1.02,0.94,19.41,24.09,,,,,25,https://www.valueresearchonline.com/funds/42731/,INF192K01MV6,150815,10,8,1,3,22,High Risk,Average
JioBlackRock Nifty Midcap 150 Index Dir,equity,equity,Direct,,,,BSE 150 MidCap TRI,,,,,,,,,,,,,25,https://www.valueresearchonline.com/funds/45427/,INF22M001077,153788,1,1,1,1,4,High Risk,Poor
Kotak Midcap Dir,equity,equity,Direct,7.84,21.52,18.75,BSE 150 MidCap TRI,5.2,20.39,17.79,1.14,0.94,0.85,17.93,21.16,,,,,25,https://www.valueresearchonline.com/funds/17134/,INF174K01LT0,119775,8,8,2,4,22,Mod. High Risk,Average
Kotak Nifty Midcap 150 ETF,equity,equity,Direct,5.63,,,BSE 150 MidCap TRI,5.2,,,,,,,,,,,,25,https://www.valueresearchonline.com/funds/45037/,INF174K01KM7,119757,1,1,1,1,4,High Risk,Poor
Kotak Nifty Midcap 150 Index Dir,equity,equity,Direct,5.18,,,BSE 150 MidCap TRI,5.2,,,,,,,,,,,,25,https://www.valueresearchonline.com/funds/45040/,INF174KA1SR8,152767,1,1,1,1,4,High Risk,Poor
Kotak Nifty Midcap 150 Momentum 50 Index Dir,equity,equity,Direct,0.41,,,BSE 150 MidCap TRI,5.2,,,,,,,,,,,,25,https://www.valueresearchonline.com/funds/44573/,INF174KA1TM7,152916,1,1,1,1,4,High Risk,Poor
Kotak Nifty Midcap 50 ETF,equity,equity,Direct,6.16,21.94,,BSE 150 MidCap TRI,5.2,20.39,,1.32,1.02,0.88,18.87,22.56,,,,,25,https://www.valueresearchonline.com/funds/41983/,INF174KA1SR8,152767,8,8,1,3,20,High Risk,Average
Kotak Nifty Midcap 50 Index Dir,equity,equity,Direct,5.84,,,BSE 150 MidCap TRI,5.2,,,,,,,,,,,,25,https://www.valueresearchonline.com/funds/44446/,INF174KA1SR8,152767,1,1,1,1,4,High Risk,Poor
LIC MF Midcap Dir,equity,equity,Direct,3.21,19.85,15.2,BSE 150 MidCap TRI,5.2,20.39,17.79,-1.19,1.02,0.75,19.09,20.09,,,,,25,https://www.valueresearchonline.com/funds/33333/,INF0QA701607,152162,4,8,1,3,16,High Risk,Average
LIC MF Nifty Midcap 100 ETF,equity,equity,Direct,5.3,,,BSE 150 MidCap TRI,5.2,,,,,,,,,,,,25,https://www.valueresearchonline.com/funds/44166/,INF767K01EW0,120279,1,1,1,1,4,High Risk,Poor
Mahindra Manulife Mid Cap Dir,equity,equity,Direct,10.96,24.24,20.22,BSE 150 MidCap TRI,5.2,20.39,17.79,3.68,0.96,1.03,17.59,23.99,,,,,25,https://www.valueresearchonline.com/funds/34956/,INF0QA701607,152162,10,10,2,4,26,Mod. High Risk,Average
Mirae Asset Midcap Dir,equity,equity,Direct,8.88,20.35,17.41,BSE 150 MidCap TRI,5.2,20.39,17.79,0.09,1,0.82,18.54,21.14,,,,,25,https://www.valueresearchonline.com/funds/40048/,INF769K01FA9,147445,8,8,1,4,21,High Risk,Average
Mirae Asset Nifty MidSmallcap400 Mom Qlty 100 ETF FoF Dir,equity,equity,Direct,0.28,,,BSE 150 MidCap TRI,5.2,,,,,,,,,,,,1,https://www.valueresearchonline.com/funds/44305/,INF769K01LN0,152645,1,1,1,1,4,High Risk,Poor
Mirae Asset Nifty MidSmallcap400 Momentum Quality 100 ETF,equity,equity,Direct,0.18,,,BSE 150 MidCap TRI,5.2,,,,,,,,,,,,25,https://www.valueresearchonline.com/funds/44302/,INF769K01LN0,152645,1,1,1,1,4,High Risk,Poor
Mirae Asset Nifty Midcap 150 ETF,equity,equity,Direct,5.76,20.83,,BSE 150 MidCap TRI,5.2,20.39,,0.66,1,0.86,18.35,21.7,,,,,25,https://www.valueresearchonline.com/funds/42146/,INF846K01EH3,120505,8,8,1,4,21,High Risk,Average
Motilal Oswal Midcap Dir,equity,equity,Direct,-8.19,18.86,22.88,BSE 150 MidCap TRI,5.2,20.39,17.79,-0.44,0.95,0.69,20.33,19.82,,,,,25,https://www.valueresearchonline.com/funds/24080/,INF247L01445,127042,4,6,1,4,15,High Risk,Average
Motilal Oswal Nifty Midcap 100 ETF,equity,equity,Direct,5.47,21.67,18.78,BSE 150 MidCap TRI,5.2,20.39,17.79,1.12,1.03,0.88,18.95,22.58,,,,,25,https://www.valueresearchonline.com/funds/12012/,INF846K01EH3,120505,8,8,1,3,20,High Risk,Average
Motilal Oswal Nifty Midcap 150 Dir,equity,equity,Direct,5.61,20.7,18.08,BSE 150 MidCap TRI,5.2,20.39,17.79,0.55,1,0.86,18.34,21.59,,,,,25,https://www.valueresearchonline.com/funds/40242/,INF955L01JF3,152898,8,8,1,4,21,High Risk,Average
Motilal Oswal Nifty Midcap150 Momentum 50 ETF,equity,equity,Direct,,,,BSE 150 MidCap TRI,,,,,,,,,,,,,25,https://www.valueresearchonline.com/funds/45331/,INF247L01734,145834,1,1,1,1,4,High Risk,Poor
Navi Nifty MidSmallcap 400 Index Dir,equity,equity,Direct,,,,BSE 150 MidCap TRI,,,,,,,,,,,,,25,https://www.valueresearchonline.com/funds/45654/,INF959L01HR4,154027,1,1,1,1,4,High Risk,Poor
Navi Nifty Midcap 150 Index Dir,equity,equity,Direct,5.31,20.34,,BSE 150 MidCap TRI,5.2,20.39,,0.29,1,0.84,18.29,21.27,,,,,25,https://www.valueresearchonline.com/funds/42121/,INF959L01FX6,149892,8,8,1,4,21,High Risk,Average
Nippon India ETF Nifty Midcap 150,equity,equity,Direct,5.6,20.66,18.08,BSE 150 MidCap TRI,5.2,20.39,17.79,0.54,1,0.86,18.32,21.55,,,,,25,https://www.valueresearchonline.com/funds/38950/,INF204KB18Z7,148726,8,8,1,4,21,High Risk,Average
Nippon India Growth Mid Cap Dir,equity,equity,Direct,8.22,24.05,21.56,BSE 150 MidCap TRI,5.2,20.39,17.79,3.31,0.97,0.99,18.11,23.87,,,,,25,https://www.valueresearchonline.com/funds/16083/,INF204K01E54,118668,10,8,1,4,23,High Risk,Average
Nippon India Nifty Midcap150 Dir,equity,equity,Direct,5.48,20.45,17.85,BSE 150 MidCap TRI,5.2,20.39,17.79,0.36,1,0.85,18.31,21.37,,,,,25,https://www.valueresearchonline.com/funds/41295/,INF204KB18Z7,148726,8,8,1,4,21,High Risk,Average
PGIM India Midcap Dir,equity,equity,Direct,0.44,13.6,13.72,BSE 150 MidCap TRI,5.2,20.39,17.79,-4.67,0.85,0.5,16.26,13.98,,,,,25,https://www.valueresearchonline.com/funds/22367/,INF663L01DV3,125307,2,6,2,5,15,Mod. High Risk,Average
Quant Mid Cap Dir,equity,equity,Direct,2.23,17.57,17.64,BSE 150 MidCap TRI,5.2,20.39,17.79,-0.88,0.93,0.7,18.84,19.08,,,,,22,https://www.valueresearchonline.com/funds/17375/,INF966L01648,120826,4,6,1,4,15,High Risk,Average
SBI Midcap Dir,equity,equity,Direct,2.5,14.05,16.08,BSE 150 MidCap TRI,5.2,20.39,17.79,-3.56,0.85,0.58,16.11,15.14,,,,,25,https://www.valueresearchonline.com/funds/16235/,INF200K01TP4,119716,2,6,2,5,15,Mod. High Risk,Average
SBI Nifty Midcap 150 ETF,equity,equity,Direct,,,,BSE 150 MidCap TRI,,,,,,,,,,,,,25,https://www.valueresearchonline.com/funds/45920/,INF200KB1AK8,154305,1,1,1,1,4,High Risk,Poor
SBI Nifty Midcap 150 Index Dir,equity,equity,Direct,5.43,20.43,,BSE 150 MidCap TRI,5.2,20.39,,0.33,1,0.84,18.33,21.35,,,,,25,https://www.valueresearchonline.com/funds/42585/,INF200KA10P5,150673,8,8,1,4,21,High Risk,Average
SBI Nifty Midcap 150 Momentum 50 ETF,equity,equity,Direct,,,,BSE 150 MidCap TRI,,,,,,,,,,,,,25,https://www.valueresearchonline.com/funds/45872/,INF200K01SH3,119707,1,1,1,1,4,High Risk,Poor
Samco Mid Cap Dir,equity,equity,Direct,,,,BSE 150 MidCap TRI,,,,,,,,,,,,,25,https://www.valueresearchonline.com/funds/45740/,INF0QA701607,152162,1,1,1,1,4,High Risk,Poor
Sundaram Midcap Dir,equity,equity,Direct,7.33,23.14,19.49,BSE 150 MidCap TRI,5.2,20.39,17.79,3.02,0.94,0.99,17.49,23.17,,,,,25,https://www.valueresearchonline.com/funds/16125/,INF903J01MJ3,119581,10,8,2,4,24,Mod. High Risk,Average
TRUSTMF Mid Cap Dir,equity,equity,Direct,,,,BSE 150 MidCap TRI,,,,,,,,,,,,,25,https://www.valueresearchonline.com/funds/45814/,INF0GCD01743,152584,1,1,1,1,4,High Risk,Poor
Tata Mid Cap Dir,equity,equity,Direct,6.84,19.83,17.42,BSE 150 MidCap TRI,5.2,20.39,17.79,0.4,0.9,0.84,16.71,19.93,,,,,25,https://www.valueresearchonline.com/funds/16717/,INF277K01MK8,119202,8,8,2,4,22,Mod. High Risk,Average
Tata Nifty Midcap 150 Index Dir,equity,equity,Direct,5.29,,,BSE 150 MidCap TRI,5.2,,,,,,,,,,,,25,https://www.valueresearchonline.com/funds/45222/,INF277KA1DZ9,153581,1,1,1,1,4,High Risk,Poor
Tata Nifty Midcap 150 Momentum 50 Index Dir,equity,equity,Direct,0.21,20.67,,BSE 150 MidCap TRI,5.2,20.39,,-0.26,1.06,0.78,20.1,21.57,,,,,25,https://www.valueresearchonline.com/funds/42655/,INF277KA1612,150738,4,8,1,3,16,High Risk,Average
Taurus Mid Cap Dir,equity,equity,Direct,-3.47,12.08,11.98,BSE 150 MidCap TRI,5.2,20.39,17.79,-6.83,0.99,0.44,18.58,13.97,,,,,25,https://www.valueresearchonline.com/funds/16656/,INF044D01CA9,118872,2,4,1,4,11,High Risk,Poor
UTI Midcap Dir,equity,equity,Direct,1.54,15.26,14.48,BSE 150 MidCap TRI,5.2,20.39,17.79,-3.8,0.95,0.6,17.67,16.45,,,,,25,https://www.valueresearchonline.com/funds/15920/,INF0QA701607,152162,2,6,2,4,14,Mod. High Risk,Average
UTI Nifty Midcap 150 ETF,equity,equity,Direct,5.59,,,BSE 150 MidCap TRI,5.2,,,,,,,,,,,,25,https://www.valueresearchonline.com/funds/43743/,INF789F1APF4,148086,1,1,1,1,4,High Risk,Poor
UTI Nifty Midcap 150 Index Dir,equity,equity,Direct,5.25,,,BSE 150 MidCap TRI,5.2,,,,,,,,,,,,25,https://www.valueresearchonline.com/funds/44725/,INF789F1AZO5,153089,1,1,1,1,4,High Risk,Poor
UTI Nifty Midcap 150 Quality 50 Index Dir,equity,equity,Direct,-1.71,12.59,,BSE 150 MidCap TRI,5.2,20.39,,-6.13,0.92,0.45,17.26,13.6,,,,,25,https://www.valueresearchonline.com/funds/42253/,INF789F1AVH8,150313,2,4,2,4,12,Mod. High Risk,Poor
UTI Nifty Midsmallcap 400 Momentum Quality 100 Index Dir,equity,equity,Direct,0.22,,,BSE 150 MidCap TRI,5.2,,,,,,,,,,,,25,https://www.valueresearchonline.com/funds/44913/,INF789F1AB22,153272,1,1,1,1,4,High Risk,Poor
Union Midcap Dir,equity,equity,Direct,8.92,20.1,17.9,BSE 150 MidCap TRI,5.2,20.39,17.79,0.57,0.92,0.83,17.26,20.28,,,,,25,https://www.valueresearchonline.com/funds/40769/,INF582M01GI3,148073,8,8,2,4,22,Mod. High Risk,Average
WhiteOak Capital Mid Cap Fund Dir,equity,equity,Direct,11.7,25.41,,BSE 150 MidCap TRI,5.2,20.39,,5.17,0.91,1.1,17.21,24.85,,,,,25,https://www.valueresearchonline.com/funds/42483/,INF03VN01597,150584,12,10,2,4,28,Mod. High Risk,Good
Zerodha Nifty MidSmallcap400 50:50 Index Dir,equity,equity,Direct,,,,BSE 150 MidCap TRI,,,,,,,,,,,,,25,https://www.valueresearchonline.com/funds/45935/,INF0R8F01190,154306,1,1,1,1,4,High Risk,Poor
Zerodha Nifty Midcap 150 ETF,equity,equity,Direct,6.29,,,BSE 150 MidCap TRI,5.2,,,,,,,,,,,,25,https://www.valueresearchonline.com/funds/44359/,INF579M01AN2,151165,1,1,1,1,4,High Risk,Poor
ABSL Multi-Cap Dir,equity,equity,Direct,4.8,16.59,14.91,VR Multicap TRI,-0.54,14.66,13.72,1.12,0.95,0.66,16.08,16.55,,,,,25,https://www.valueresearchonline.com/funds/41466/,INF209KB1Y49,148921,8,6,2,4,20,Mod. High Risk,Average
Axis Multicap Dir,equity,equity,Direct,5.04,21.1,,VR Multicap TRI,-0.54,14.66,,5.4,0.93,0.93,15.86,20.61,,,,,25,https://www.valueresearchonline.com/funds/41885/,INF846K013E0,149383,12,8,3,4,27,Moderate Risk,Good
Bajaj Finserv Multi Cap Dir,equity,equity,Direct,6.63,,,VR Multicap TRI,-0.54,,,,,,,,,,,,25,https://www.valueresearchonline.com/funds/44918/,INF0QA701AV7,153309,1,1,1,1,4,High Risk,Poor
Bandhan Multi Cap Dir,equity,equity,Direct,3.27,16.62,,VR Multicap TRI,-0.54,14.66,,1.14,0.94,0.67,15.73,16.47,,,,,25,https://www.valueresearchonline.com/funds/41822/,INF194KB1CL0,149303,8,6,3,4,21,Moderate Risk,Average
Bank of India Multi Cap Dir,equity,equity,Direct,11.28,21.47,,VR Multicap TRI,-0.54,14.66,,5.24,0.97,0.91,16.53,20.89,,,,,25,https://www.valueresearchonline.com/funds/43162/,INF761K01FR0,151443,12,8,2,4,26,Mod. High Risk,Average
Baroda BNP Paribas Multi Cap Dir,equity,equity,Direct,3.18,17.09,15.68,VR Multicap TRI,-0.54,14.66,13.72,2.51,0.91,0.74,15.85,17.6,,,,,25,https://www.valueresearchonline.com/funds/15707/,INF955L01AG0,119354,10,6,3,4,23,Moderate Risk,Average
Canara Robeco Multi Cap Dir,equity,equity,Direct,1.47,,,VR Multicap TRI,-0.54,,,,,,,,,,,,25,https://www.valueresearchonline.com/funds/43571/,INF760K01KO9,151824,1,1,1,1,4,High Risk,Poor
DSP Multicap Dir,equity,equity,Direct,1.69,,,VR Multicap TRI,-0.54,,,,,,,,,,,,25,https://www.valueresearchonline.com/funds/43999/,INF740KA1UC1,152310,1,1,1,1,4,High Risk,Poor
Edelweiss Multi Cap Dir,equity,equity,Direct,3.97,,,VR Multicap TRI,-0.54,,,,,,,,,,,,25,https://www.valueresearchonline.com/funds/43782/,INF754K01SD8,152094,1,1,1,1,4,High Risk,Poor
Edelweiss Nifty500 Multicap Momentum Quality 50 ETF,equity,equity,Direct,-3.17,,,VR Multicap TRI,-0.54,,,,,,,,,,,,25,https://www.valueresearchonline.com/funds/44626/,INF754K01TN5,152985,1,1,1,1,4,High Risk,Poor
Edelweiss Nifty500 Multicap Momentum Quality 50 Index Dir,equity,equity,Direct,-3.17,,,VR Multicap TRI,-0.54,,,,,,,,,,,,25,https://www.valueresearchonline.com/funds/44648/,INF754K01TN5,152985,1,1,1,1,4,High Risk,Poor
Franklin India Multi Cap Dir,equity,equity,Direct,6.56,,,VR Multicap TRI,-0.54,,,,,,,,,,,,25,https://www.valueresearchonline.com/funds/44410/,INF090I01XA7,152739,1,1,1,1,4,High Risk,Poor
Groww Multicap Dir,equity,equity,Direct,14.7,,,VR Multicap TRI,-0.54,,,,,,,,,,,,25,https://www.valueresearchonline.com/funds/44697/,INF666M01JD9,153034,1,1,1,1,4,High Risk,Poor
HDFC Multi Cap Dir,equity,equity,Direct,-0.91,16.41,,VR Multicap TRI,-0.54,14.66,,0.67,0.98,0.64,16.46,16.42,,,,,25,https://www.valueresearchonline.com/funds/41864/,INF179KC1BS5,149368,8,6,2,4,20,Mod. High Risk,Average
HDFC Nifty500 Multicap 50:25:25 Index Dir,equity,equity,Direct,0.86,,,VR Multicap TRI,-0.54,,,,,,,,,,,,25,https://www.valueresearchonline.com/funds/44463/,INF179K01XD8,118987,1,1,1,1,4,High Risk,Poor
HSBC Multi Cap Dir,equity,equity,Direct,6.96,22.37,,VR Multicap TRI,-0.54,14.66,,5.51,1.03,0.9,17.61,21.74,,,,,25,https://www.valueresearchonline.com/funds/43023/,INF336L01QN5,151290,12,8,2,3,25,Mod. High Risk,Average
ICICI Pru Multicap Dir,equity,equity,Direct,7.68,19.82,17.22,VR Multicap TRI,-0.54,14.66,13.72,4.85,0.93,0.89,16,20.12,,,,,25,https://www.valueresearchonline.com/funds/15874/,INF109K014O9,120599,12,8,3,4,27,Moderate Risk,Good
ITI Multi Cap Dir,equity,equity,Direct,9.2,20.81,14.46,VR Multicap TRI,-0.54,14.66,13.72,4.22,1.03,0.83,17.54,20.45,,,,,25,https://www.valueresearchonline.com/funds/39831/,INF00XX01168,147183,12,8,2,3,25,Mod. High Risk,Average
Invesco India Multicap Dir,equity,equity,Direct,-1.9,16.57,13.77,VR Multicap TRI,-0.54,14.66,13.72,-0.11,1.01,0.58,17.4,15.98,,,,,25,https://www.valueresearchonline.com/funds/16811/,INF205K01MS2,120413,4,6,2,3,15,Mod. High Risk,Average
Kotak Multicap Dir,equity,equity,Direct,7.15,22.07,,VR Multicap TRI,-0.54,14.66,,5.28,1.05,0.89,17.87,21.74,,,,,25,https://www.valueresearchonline.com/funds/41707/,INF174KA1HV3,149185,12,8,2,3,25,Mod. High Risk,Average
LIC MF Multi Cap Dir,equity,equity,Direct,7.68,20.82,,VR Multicap TRI,-0.54,14.66,,4.01,1.02,0.81,17.76,20.19,,,,,25,https://www.valueresearchonline.com/funds/42629/,INF767K01RK7,150659,12,8,2,3,25,Mod. High Risk,Average
Mahindra Manulife Multi Cap Dir,equity,equity,Direct,7.69,20.48,17.82,VR Multicap TRI,-0.54,14.66,13.72,4.73,0.97,0.87,16.74,20.41,,,,,25,https://www.valueresearchonline.com/funds/33986/,INF955L01JF3,152898,12,8,2,4,26,Mod. High Risk,Average
Mirae Asset Multicap Dir,equity,equity,Direct,2.19,,,VR Multicap TRI,-0.54,,,,,,,,,,,,25,https://www.valueresearchonline.com/funds/43578/,INF769K01KK8,151810,1,1,1,1,4,High Risk,Poor
Mirae Asset Nifty500 Multicap 50:25:25 ETF,equity,equity,Direct,1.09,,,VR Multicap TRI,-0.54,,,,,,,,,,,,25,https://www.valueresearchonline.com/funds/44491/,INF769K01CM1,118859,1,1,1,1,4,High Risk,Poor
Motilal Oswal Multi Cap Dir,equity,equity,Direct,-1.31,,,VR Multicap TRI,-0.54,,,,,,,,,,,,25,https://www.valueresearchonline.com/funds/44339/,INF247L01CL8,152651,1,1,1,1,4,High Risk,Poor
Navi Nifty 500 Multicap 50:25:25 Index Dir,equity,equity,Direct,0.97,,,VR Multicap TRI,-0.54,,,,,,,,,,,,25,https://www.valueresearchonline.com/funds/44439/,INF955L01JF3,152898,1,1,1,1,4,High Risk,Poor
Nippon India Multi Cap Dir,equity,equity,Direct,1.53,18.54,20.16,VR Multicap TRI,-0.54,14.66,13.72,3.77,0.91,0.82,15.83,18.86,,,,,25,https://www.valueresearchonline.com/funds/16068/,INF204K01XF9,118650,10,8,3,4,25,Moderate Risk,Average
Nippon India Nifty 500 Equal Weight Index Dir,equity,equity,Direct,2.28,,,VR Multicap TRI,-0.54,,,,,,,,,,,,25,https://www.valueresearchonline.com/funds/44515/,INF204KC1DA8,152842,1,1,1,1,4,High Risk,Poor
PGIM India Multi Cap Dir,equity,equity,Direct,6.81,,,VR Multicap TRI,-0.54,,,,,,,,,,,,25,https://www.valueresearchonline.com/funds/44505/,INF663L01Z03,152815,1,1,1,1,4,High Risk,Poor
PGIM India Retirement Dir,equity,equity,Direct,0.81,,,VR Multicap TRI,-0.54,,,,,,,,,,,,25,https://www.valueresearchonline.com/funds/44253/,INF663L01Y61,152537,1,1,1,1,4,High Risk,Poor
Quant Multi Cap Dir,equity,equity,Direct,5.46,14.37,14.25,VR Multicap TRI,-0.54,14.66,13.72,-1.38,1.05,0.5,18.47,15.04,,,,,25,https://www.valueresearchonline.com/funds/17361/,INF966L01614,120823,4,6,1,3,14,High Risk,Average
SBI Multicap Dir,equity,equity,Direct,0.38,15.65,,VR Multicap TRI,-0.54,14.66,,1.4,0.82,0.68,14.18,15.57,,,,,25,https://www.valueresearchonline.com/funds/42108/,INF200KA18E2,149882,8,6,3,5,22,Moderate Risk,Average
Samco Multi Cap Dir,equity,equity,Direct,-9.83,,,VR Multicap TRI,-0.54,,,,,,,,,,,,25,https://www.valueresearchonline.com/funds/44527/,INF0K1H01198,152847,1,1,1,1,4,High Risk,Poor
Sundaram Multi Cap Dir,equity,equity,Direct,1.79,16.08,14.12,VR Multicap TRI,-0.54,14.66,13.72,0.48,0.94,0.63,15.93,15.84,,,,,25,https://www.valueresearchonline.com/funds/16580/,INF903J01MJ3,119581,8,6,3,4,21,Moderate Risk,Average
TRUSTMF Multi Cap Dir,equity,equity,Direct,,,,VR Multicap TRI,,,,,,,,,,,,,25,https://www.valueresearchonline.com/funds/45282/,INF0GCD01834,153644,1,1,1,1,4,High Risk,Poor
Tata Multicap Dir,equity,equity,Direct,9.01,14.51,,VR Multicap TRI,-0.54,14.66,,-0.79,0.93,0.54,15.83,14.43,,,,,25,https://www.valueresearchonline.com/funds/43038/,INF277KA1679,151232,4,6,3,4,17,Moderate Risk,Average
UTI Multi Cap Dir,equity,equity,Direct,2.72,,,VR Multicap TRI,-0.54,,,,,,,,,,,,25,https://www.valueresearchonline.com/funds/45143/,INF789F1AB89,153515,1,1,1,1,4,High Risk,Poor
Union Multicap Dir,equity,equity,Direct,8.69,17.98,,VR Multicap TRI,-0.54,14.66,,2.6,0.91,0.76,15.65,17.69,,,,,25,https://www.valueresearchonline.com/funds/42779/,INF582M01IO7,150858,10,8,3,4,25,Moderate Risk,Average
WhiteOak Capital Multi Cap Dir,equity,equity,Direct,6.13,,,VR Multicap TRI,-0.54,,,,,,,,,,,,25,https://www.valueresearchonline.com/funds/43759/,INF03VN01803,152071,1,1,1,1,4,High Risk,Poor
ABSL Banking & Financial Services Dir,equity,equity,Direct,4.47,14.38,12.9,BSE Bankex TRI,4.01,10.89,11.6,4.78,0.93,0.46,16.21,13.38,,,,,25,https://www.valueresearchonline.com/funds/22526/,INF209K014W1,125597,12,4,2,4,22,Mod. High Risk,Average
ABSL Nifty Bank ETF,equity,equity,Direct,3.68,10.71,11.14,BSE Bankex TRI,4.01,10.89,11.6,0,1,0.18,16.41,8.8,,,,,14,https://www.valueresearchonline.com/funds/40378/,INF209K01YN0,119550,8,4,2,4,18,Mod. High Risk,Average
Aditya Birla SL BSE Top 10 Banks ETF,equity,equity,Direct,,,,BSE Bankex TRI,,,,,,,,,,,,,10,https://www.valueresearchonline.com/funds/45861/,INF209K01YN0,119550,1,1,1,1,4,High Risk,Poor
Axis Nifty Bank ETF,equity,equity,Direct,3.59,10.67,11.11,BSE Bankex TRI,4.01,10.89,11.6,-0.04,1,0.18,16.4,8.76,,,,,14,https://www.valueresearchonline.com/funds/41162/,INF846K01CR6,120438,4,4,2,4,14,Mod. High Risk,Average
Axis Nifty Bank Index Dir,equity,equity,Direct,3.62,,,BSE Bankex TRI,4.01,,,,,,,,,,,,14,https://www.valueresearchonline.com/funds/44321/,INF846K015W7,152629,1,1,1,1,4,High Risk,Poor
Bajaj Finserv Banking And Financial Services Dir,equity,equity,Direct,,,,BSE Bankex TRI,,,,,,,,,,,,,25,https://www.valueresearchonline.com/funds/45563/,INF0QA701BZ6,153937,1,1,1,1,4,High Risk,Poor
Bajaj Finserv Nifty Bank ETF,equity,equity,Direct,3.69,,,BSE Bankex TRI,4.01,,,,,,,,,,,,14,https://www.valueresearchonline.com/funds/44067/,INF090I01VZ8,148304,1,1,1,1,4,High Risk,Poor
Bandhan Financial Services Dir,equity,equity,Direct,2.17,,,BSE Bankex TRI,4.01,,,,,,,,,,,,25,https://www.valueresearchonline.com/funds/43567/,INF194KB1GB2,151816,1,1,1,1,4,High Risk,Poor
Bandhan Nifty Bank Index Dir,equity,equity,Direct,3.52,,,BSE Bankex TRI,4.01,,,,,,,,,,,,14,https://www.valueresearchonline.com/funds/44477/,INF194KB1IO1,152793,1,1,1,1,4,High Risk,Poor
Bank of India Banking & Financial Services Dir,equity,equity,Direct,,,,BSE Bankex TRI,,,,,,,,,,,,,25,https://www.valueresearchonline.com/funds/45745/,INF761K01HE4,154093,1,1,1,1,4,High Risk,Poor
Baroda BNP Paribas Banking & Fin Srvcs Dir,equity,equity,Direct,2.55,16.21,13.11,BSE Bankex TRI,4.01,10.89,11.6,6.48,0.93,0.58,15.82,15.06,,,,,25,https://www.valueresearchonline.com/funds/15698/,INF200K01V08,125503,12,6,3,4,25,Moderate Risk,Average
Baroda BNP Paribas Nifty Bank ETF,equity,equity,Direct,3.63,,,BSE Bankex TRI,4.01,,,,,,,,,,,,14,https://www.valueresearchonline.com/funds/44357/,INF955L01JF3,152898,1,1,1,1,4,High Risk,Poor
Canara Robeco Banking And Financial Services Dir,equity,equity,Direct,,,,BSE Bankex TRI,,,,,,,,,,,,,25,https://www.valueresearchonline.com/funds/45866/,INF846K01CR6,120438,1,1,1,1,4,High Risk,Poor
DSP BSE Top 10 Banks ETF,equity,equity,Direct,,,,BSE Bankex TRI,,,,,,,,,,,,,10,https://www.valueresearchonline.com/funds/45893/,INF194K01P38,118387,1,1,1,1,4,High Risk,Poor
DSP Banking & Financial Services Dir,equity,equity,Direct,10.69,,,BSE Bankex TRI,4.01,,,,,,,,,,,,25,https://www.valueresearchonline.com/funds/43892/,INF740KA1TQ3,152206,1,1,1,1,4,High Risk,Poor
DSP Nifty Bank ETF,equity,equity,Direct,3.66,10.71,,BSE Bankex TRI,4.01,10.89,,0,1,0.18,16.4,8.81,,,,,14,https://www.valueresearchonline.com/funds/42992/,INF740K01ZW2,124175,8,4,2,4,18,Mod. High Risk,Average
DSP Nifty Bank Index Dir,equity,equity,Direct,3.57,,,BSE Bankex TRI,4.01,,,,,,,,,,,,14,https://www.valueresearchonline.com/funds/44336/,INF740KA1UO6,152654,1,1,1,1,4,High Risk,Poor
DSP Nifty PSU Bank ETF,equity,equity,Direct,24.91,,,BSE Bankex TRI,4.01,,,,,,,,,,,,12,https://www.valueresearchonline.com/funds/43656/,INF209K01YN0,119550,1,1,1,1,4,High Risk,Poor
DSP Nifty Private Bank ETF,equity,equity,Direct,1.44,,,BSE Bankex TRI,4.01,,,,,,,,,,,,10,https://www.valueresearchonline.com/funds/43655/,INF740KA1VN6,153348,1,1,1,1,4,High Risk,Poor
DSP Nifty Private Bank Index Dir,equity,equity,Direct,1.04,,,BSE Bankex TRI,4.01,,,,,,,,,,,,10,https://www.valueresearchonline.com/funds/44972/,INF740KA1VN6,153348,1,1,1,1,4,High Risk,Poor
Edelweiss Financial Services Dir,equity,equity,Direct,,,,BSE Bankex TRI,,,,,,,,,,,,,25,https://www.valueresearchonline.com/funds/45749/,INF754K01WH1,154108,1,1,1,1,4,High Risk,Poor
Edelweiss Nifty Bank ETF,equity,equity,Direct,3.58,,,BSE Bankex TRI,4.01,,,,,,,,,,,,14,https://www.valueresearchonline.com/funds/44536/,INF843K01FC8,140286,1,1,1,1,4,High Risk,Poor
Groww Banking & Financial Services Dir,equity,equity,Direct,8.95,,,BSE Bankex TRI,4.01,,,,,,,,,,,,25,https://www.valueresearchonline.com/funds/43974/,INF666M01HS1,152254,1,1,1,1,4,High Risk,Poor
Groww Nifty PSU Bank ETF,equity,equity,Direct,,,,BSE Bankex TRI,,,,,,,,,,,,,12,https://www.valueresearchonline.com/funds/45912/,INF209K01YN0,119550,1,1,1,1,4,High Risk,Poor
Groww Nifty PSU Bank Index Dir,equity,equity,Direct,,,,BSE Bankex TRI,,,,,,,,,,,,,12,https://www.valueresearchonline.com/funds/45910/,INF200KB1563,153250,1,1,1,1,4,High Risk,Poor
HDFC Banking & Financial Services Dir,equity,equity,Direct,5.92,15.41,,BSE Bankex TRI,4.01,10.89,,5.79,0.94,0.53,16.24,14.42,,,,,25,https://www.valueresearchonline.com/funds/41533/,INF179KC1BG0,148986,12,6,2,4,24,Mod. High Risk,Average
HDFC NIFTY Bank ETF,equity,equity,Direct,3.65,10.69,11.12,BSE Bankex TRI,4.01,10.89,11.6,-0.02,1,0.18,16.41,8.78,,,,,14,https://www.valueresearchonline.com/funds/41076/,INF179KA1IZ7,128629,4,4,2,4,14,Mod. High Risk,Average
HDFC NIFTY PSU BANK ETF,equity,equity,Direct,24.57,,,BSE Bankex TRI,4.01,,,,,,,,,,,,12,https://www.valueresearchonline.com/funds/44059/,INF209K01YN0,119550,1,1,1,1,4,High Risk,Poor
HDFC NIFTY Private Bank ETF,equity,equity,Direct,1.43,8.79,,BSE Bankex TRI,4.01,10.89,,-1.68,0.94,0.07,15.83,6.96,,,,,10,https://www.valueresearchonline.com/funds/42715/,INF090I01VZ8,148304,4,4,3,4,15,Moderate Risk,Average
HSBC Financial Services Dir,equity,equity,Direct,8.85,,,BSE Bankex TRI,4.01,,,,,,,,,,,,25,https://www.valueresearchonline.com/funds/44926/,INF336L01RU8,153266,1,1,1,1,4,High Risk,Poor
Helios Financial Services Dir,equity,equity,Direct,0.77,,,BSE Bankex TRI,4.01,,,,,,,,,,,,24,https://www.valueresearchonline.com/funds/44374/,INF0R8701202,152679,1,1,1,1,4,High Risk,Poor
ICICI Pru Banking & Financial Services Dir,equity,equity,Direct,-0.77,12.54,11.36,BSE Bankex TRI,4.01,10.89,11.6,3.26,0.84,0.4,14.46,11.6,,,,,25,https://www.valueresearchonline.com/funds/15936/,INF109K013J1,120244,10,4,3,5,22,Moderate Risk,Average
ICICI Pru Nifty Bank ETF,equity,equity,Direct,3.67,10.73,11.17,BSE Bankex TRI,4.01,10.89,11.6,0.01,1,0.18,16.41,8.82,,,,,14,https://www.valueresearchonline.com/funds/40130/,INF109KC11A4,149858,8,4,2,4,18,Mod. High Risk,Average
ICICI Pru Nifty Bank Index Dir,equity,equity,Direct,3.65,10.6,,BSE Bankex TRI,4.01,10.89,,-0.11,1,0.17,16.39,8.69,,,,,14,https://www.valueresearchonline.com/funds/42104/,INF109KC11A4,149858,4,4,2,4,14,Mod. High Risk,Average
ICICI Pru Nifty Financial Services Ex-Bank ETF,equity,equity,Direct,4.74,20.27,,BSE Bankex TRI,4.01,10.89,,12.67,0.87,0.84,18.04,21.09,,,,,25,https://www.valueresearchonline.com/funds/42801/,INF090I01VZ8,148304,12,8,1,4,25,High Risk,Average
ICICI Pru Nifty PSU Bank ETF,equity,equity,Direct,24.51,29.61,,BSE Bankex TRI,4.01,10.89,,18.31,1.11,0.82,26.2,27.45,,,,,12,https://www.valueresearchonline.com/funds/43296/,INF209K01YN0,119550,12,8,1,3,24,High Risk,Average
ICICI Pru Nifty Private Bank ETF,equity,equity,Direct,1.44,8.81,9.33,BSE Bankex TRI,4.01,10.89,11.6,-1.67,0.94,0.07,15.83,6.96,,,,,10,https://www.valueresearchonline.com/funds/40210/,INF109K1A369,153679,4,4,3,4,15,Moderate Risk,Average
ICICI Pru Nifty Private Bank Index Dir,equity,equity,Direct,,,,BSE Bankex TRI,,,,,,,,,,,,,10,https://www.valueresearchonline.com/funds/45300/,INF109K1A369,153679,1,1,1,1,4,High Risk,Poor
ITI Banking and Financial Services Dir,equity,equity,Direct,8.08,14.45,,BSE Bankex TRI,4.01,10.89,,5.01,0.94,0.48,16.06,13.64,,,,,25,https://www.valueresearchonline.com/funds/41834/,INF00XX01BU6,149321,12,4,2,4,22,Mod. High Risk,Average
Invesco India Financial Services Dir,equity,equity,Direct,7.83,20.84,16.54,BSE Bankex TRI,4.01,10.89,11.6,10.71,0.84,0.86,15.31,19.03,,,,,25,https://www.valueresearchonline.com/funds/16702/,INF205K01KY4,120385,12,8,3,5,28,Moderate Risk,Good
Kotak Banking & Financial Services Dir,equity,equity,Direct,6.96,15.65,,BSE Bankex TRI,4.01,10.89,,5.26,0.95,0.5,16.01,13.93,,,,,25,https://www.valueresearchonline.com/funds/43128/,INF174KA1MD1,151384,12,6,2,4,24,Mod. High Risk,Average
Kotak Nifty Bank ETF,equity,equity,Direct,3.67,10.69,11.1,BSE Bankex TRI,4.01,10.89,11.6,-0.03,1,0.18,16.41,8.78,,,,,14,https://www.valueresearchonline.com/funds/28873/,INF174K01KH7,123693,4,4,2,4,14,Mod. High Risk,Average
Kotak Nifty Financial Services Ex-Bank Index Dir,equity,equity,Direct,4.24,,,BSE Bankex TRI,4.01,,,,,,,,,,,,25,https://www.valueresearchonline.com/funds/43674/,INF174KA1OR7,151911,1,1,1,1,4,High Risk,Poor
Kotak Nifty PSU Bank ETF,equity,equity,Direct,24.37,29.41,28.62,BSE Bankex TRI,4.01,10.89,11.6,18.16,1.11,0.82,26.18,27.28,,,,,12,https://www.valueresearchonline.com/funds/6157/,INF209K01YN0,119550,12,8,1,3,24,High Risk,Average
LIC MF Banking & Financial Services Dir,equity,equity,Direct,2.88,10.17,10.68,BSE Bankex TRI,4.01,10.89,11.6,1.37,0.92,0.26,15.87,9.94,,,,,25,https://www.valueresearchonline.com/funds/29707/,INF767K01NK6,134017,8,4,3,4,19,Moderate Risk,Average
Mahindra Manulife Banking & Financial Services Dir,equity,equity,Direct,,,,BSE Bankex TRI,,,,,,,,,,,,,25,https://www.valueresearchonline.com/funds/45279/,INF174V01CO7,153674,1,1,1,1,4,High Risk,Poor
Mirae Asset Banking and Fin Srvcs Dir,equity,equity,Direct,5.61,16.22,14.65,BSE Bankex TRI,4.01,10.89,11.6,6.32,0.92,0.57,15.77,14.88,,,,,25,https://www.valueresearchonline.com/funds/41190/,INF769K01GX9,148623,12,6,3,4,25,Moderate Risk,Average
Mirae Asset Nifty Bank ETF,equity,equity,Direct,3.72,,,BSE Bankex TRI,4.01,,,,,,,,,,,,14,https://www.valueresearchonline.com/funds/43616/,INF090I01VZ8,148304,1,1,1,1,4,High Risk,Poor
Mirae Asset Nifty Financial Services ETF,equity,equity,Direct,0.8,11.98,,BSE Bankex TRI,4.01,10.89,,2.19,0.93,0.32,15.48,10.79,,,,,20,https://www.valueresearchonline.com/funds/41622/,INF209K014W1,125597,10,4,3,4,21,Moderate Risk,Average
Mirae Asset Nifty PSU Bank ETF,equity,equity,Direct,24.77,,,BSE Bankex TRI,4.01,,,,,,,,,,,,12,https://www.valueresearchonline.com/funds/44589/,INF209K01YN0,119550,1,1,1,1,4,High Risk,Poor
Motilal Oswal BSE Fins ex Bank 30 Index Dir,equity,equity,Direct,0.88,16.69,,BSE Bankex TRI,4.01,10.89,,9.24,0.82,0.67,17.35,17.51,,,,,25,https://www.valueresearchonline.com/funds/42352/,INF247L01BC9,150443,12,6,2,5,25,Mod. High Risk,Average
Motilal Oswal BSE Top 10 Banks ETF,equity,equity,Direct,,,,BSE Bankex TRI,,,,,,,,,,,,,10,https://www.valueresearchonline.com/funds/45948/,INF247L01GV8,154322,1,1,1,1,4,High Risk,Poor
Motilal Oswal Financial Services Dir,equity,equity,Direct,,,,BSE Bankex TRI,,,,,,,,,,,,,25,https://www.valueresearchonline.com/funds/45767/,INF247L01GN5,154142,1,1,1,1,4,High Risk,Poor
Motilal Oswal Nifty Bank Index Dir,equity,equity,Direct,3.62,10.6,11.05,BSE Bankex TRI,4.01,10.89,11.6,-0.1,1,0.17,16.38,8.7,,,,,14,https://www.valueresearchonline.com/funds/40246/,INF247L01DL6,152875,4,4,2,4,14,Mod. High Risk,Average
Motilal Oswal Nifty MidSmall Financial Services Index Dir,equity,equity,Direct,17.26,,,BSE Bankex TRI,4.01,,,,,,,,,,,,25,https://www.valueresearchonline.com/funds/44678/,INF247L01DW3,153027,1,1,1,1,4,High Risk,Poor
Navi Nifty Bank Index Dir,equity,equity,Direct,3.55,10.57,,BSE Bankex TRI,4.01,10.89,,-0.14,1,0.17,16.44,8.67,,,,,14,https://www.valueresearchonline.com/funds/42043/,INF959L01FT4,149804,4,4,2,4,14,Mod. High Risk,Average
Nippon India Banking & Financial Srvices Dir,equity,equity,Direct,2.42,15.44,15.17,BSE Bankex TRI,4.01,10.89,11.6,5.96,0.89,0.56,15.31,14.46,,,,,25,https://www.valueresearchonline.com/funds/16048/,INF204K01XO1,118589,12,6,3,4,25,Moderate Risk,Average
Nippon India ETF Nifty Bank BeES,equity,equity,Direct,3.61,10.68,11.11,BSE Bankex TRI,4.01,10.89,11.6,-0.03,1,0.18,16.4,8.77,,,,,14,https://www.valueresearchonline.com/funds/2255/,INF204KA1U61,134552,4,4,2,4,14,Mod. High Risk,Average
Nippon India ETF Nifty PSU Bank BeES,equity,equity,Direct,24.38,29.4,28.64,BSE Bankex TRI,4.01,10.89,11.6,18.14,1.11,0.82,26.17,27.27,,,,,12,https://www.valueresearchonline.com/funds/6175/,INF209K01YN0,119550,12,8,1,3,24,High Risk,Average
Nippon India Nifty Bank Index Dir,equity,equity,Direct,3.55,,,BSE Bankex TRI,4.01,,,,,,,,,,,,14,https://www.valueresearchonline.com/funds/44106/,INF204KC1BY2,152389,1,1,1,1,4,High Risk,Poor
Quant BFSI Dir,equity,equity,Direct,19.61,28.37,,BSE Bankex TRI,4.01,10.89,,,,,,,,,,,13,https://www.valueresearchonline.com/funds/43555/,INF966L01BX0,151791,1,1,1,1,4,High Risk,Poor
SBI BSE PSU Bank ETF,equity,equity,Direct,23.65,,,BSE Bankex TRI,4.01,,,,,,,,,,,,11,https://www.valueresearchonline.com/funds/45068/,INF209K01YN0,119550,1,1,1,1,4,High Risk,Poor
SBI BSE PSU Bank Index Dir,equity,equity,Direct,23.41,,,BSE Bankex TRI,4.01,,,,,,,,,,,,11,https://www.valueresearchonline.com/funds/45071/,INF200KB1688,153432,1,1,1,1,4,High Risk,Poor
SBI Banking & Financial Services Dir,equity,equity,Direct,4.78,18.86,14.34,BSE Bankex TRI,4.01,10.89,11.6,8.77,0.84,0.77,14.6,17.12,,,,,25,https://www.valueresearchonline.com/funds/29463/,INF200KA1507,133859,12,8,3,5,28,Moderate Risk,Good
SBI Nifty Bank ETF,equity,equity,Direct,3.62,10.69,11.12,BSE Bankex TRI,4.01,10.89,11.6,-0.02,1,0.18,16.41,8.78,,,,,14,https://www.valueresearchonline.com/funds/29709/,INF200K01V08,125503,4,4,2,4,14,Mod. High Risk,Average
SBI Nifty Bank Index Dir,equity,equity,Direct,3.72,,,BSE Bankex TRI,4.01,,,,,,,,,,,,14,https://www.valueresearchonline.com/funds/44894/,INF200KB1563,153250,1,1,1,1,4,High Risk,Poor
SBI Nifty Private Bank ETF,equity,equity,Direct,1.44,8.79,9.27,BSE Bankex TRI,4.01,10.89,11.6,-1.69,0.94,0.07,15.83,6.95,,,,,10,https://www.valueresearchonline.com/funds/41149/,INF090I01VZ8,148304,4,4,3,4,15,Moderate Risk,Average
Sundaram Financial Services Opportunities Dir,equity,equity,Direct,4.51,16.63,15.62,BSE Bankex TRI,4.01,10.89,11.6,7.07,0.96,0.59,16.7,15.76,,,,,25,https://www.valueresearchonline.com/funds/16148/,INF903J01NB8,119597,12,6,2,4,24,Mod. High Risk,Average
Tata Banking & Financial Services Dir,equity,equity,Direct,1.8,15.17,13.84,BSE Bankex TRI,4.01,10.89,11.6,5.89,0.91,0.54,15.84,14.43,,,,,25,https://www.valueresearchonline.com/funds/31356/,INF277K01Z10,135793,12,6,3,4,25,Moderate Risk,Average
Tata Nifty Financial Services Index Dir,equity,equity,Direct,0.36,,,BSE Bankex TRI,4.01,,,,,,,,,,,,20,https://www.valueresearchonline.com/funds/44257/,INF277KA1BA6,152577,1,1,1,1,4,High Risk,Poor
Tata Nifty Private Bank ETF,equity,equity,Direct,1.55,8.86,9.34,BSE Bankex TRI,4.01,10.89,11.6,-1.62,0.94,0.07,15.84,7.02,,,,,10,https://www.valueresearchonline.com/funds/40257/,INF090I01VZ8,148304,4,4,3,4,15,Moderate Risk,Average
Taurus Banking & Financial Services Dir,equity,equity,Direct,0.16,11.39,11.45,BSE Bankex TRI,4.01,10.89,11.6,1.61,0.87,0.28,14.83,10.03,,,,,25,https://www.valueresearchonline.com/funds/17023/,INF044D01CN2,118868,8,4,3,4,19,Moderate Risk,Average
UTI Banking and Financial Services Dir,equity,equity,Direct,3.57,15.4,13.28,BSE Bankex TRI,4.01,10.89,11.6,5.31,0.89,0.51,15.58,13.79,,,,,25,https://www.valueresearchonline.com/funds/15967/,INF789F01SN3,120733,12,6,3,4,25,Moderate Risk,Average
UTI Nifty Bank ETF,equity,equity,Direct,3.66,10.75,11.21,BSE Bankex TRI,4.01,10.89,11.6,0.03,1,0.18,16.41,8.84,,,,,14,https://www.valueresearchonline.com/funds/41106/,INF789F015Z6,126940,8,4,2,4,18,Mod. High Risk,Average
UTI Nifty Private Bank Index Dir,equity,equity,Direct,0.97,,,BSE Bankex TRI,4.01,,,,,,,,,,,,10,https://www.valueresearchonline.com/funds/44546/,INF789F1AZJ5,152864,1,1,1,1,4,High Risk,Poor
WhiteOak Capital Banking & Financial Services Dir,equity,equity,Direct,4.97,,,BSE Bankex TRI,4.01,,,,,,,,,,,,25,https://www.valueresearchonline.com/funds/44045/,INF03VN01860,152321,1,1,1,1,4,High Risk,Poor
ABSL Nifty Healthcare ETF,equity,equity,Direct,12.52,23.66,,BSE Healthcare TRI,13.38,25.66,,-1.52,0.99,1.01,17.18,23.16,,,,,20,https://www.valueresearchonline.com/funds/41780/,INF194KB1KF5,153972,4,10,2,4,20,Mod. High Risk,Average
ABSL Pharma & Healthcare Dir,equity,equity,Direct,15.2,24.69,14.8,BSE Healthcare TRI,13.38,25.66,15.1,0.75,0.92,1.13,16.17,24.14,,,,,25,https://www.valueresearchonline.com/funds/40007/,INF209KB1O25,147409,8,10,2,4,24,Mod. High Risk,Average
Axis NIFTY Healthcare ETF,equity,equity,Direct,12.33,23.25,13.52,BSE Healthcare TRI,13.38,25.66,15.1,-1.79,0.98,0.99,17.1,22.81,,,,,20,https://www.valueresearchonline.com/funds/41481/,INF579M01AN2,151165,4,8,2,4,18,Mod. High Risk,Average
Bajaj Finserv Healthcare Dir,equity,equity,Direct,15.23,,,BSE Healthcare TRI,13.38,,,,,,,,,,,,25,https://www.valueresearchonline.com/funds/44774/,INF0QA701AB9,153157,1,1,1,1,4,High Risk,Poor
Bandhan BSE Healthcare Index Dir,equity,equity,Direct,11.68,,,BSE Healthcare TRI,13.38,,,,,,,,,,,,25,https://www.valueresearchonline.com/funds/44512/,INF194KB1IS2,152844,1,1,1,1,4,High Risk,Poor
Bandhan Healthcare Dir,equity,equity,Direct,,,,BSE Healthcare TRI,,,,,,,,,,,,,25,https://www.valueresearchonline.com/funds/45548/,INF194KB1KF5,153972,1,1,1,1,4,High Risk,Poor
Baroda BNP Paribas Health and Wellness Dir,equity,equity,Direct,,,,BSE Healthcare TRI,,,,,,,,,,,,,25,https://www.valueresearchonline.com/funds/45233/,INF251K01VA5,153604,1,1,1,1,4,High Risk,Poor
DSP Healthcare Dir,equity,equity,Direct,12.93,23.91,16.29,BSE Healthcare TRI,13.38,25.66,15.1,0.83,0.86,1.1,15.58,23.03,,,,,25,https://www.valueresearchonline.com/funds/38201/,INF740KA1LG1,145454,8,10,3,4,25,Moderate Risk,Average
DSP Nifty Healthcare ETF,equity,equity,Direct,12.48,,,BSE Healthcare TRI,13.38,,,,,,,,,,,,20,https://www.valueresearchonline.com/funds/44001/,INF579M01AN2,151165,1,1,1,1,4,High Risk,Poor
DSP Nifty Healthcare Index Dir,equity,equity,Direct,12.21,,,BSE Healthcare TRI,13.38,,,,,,,,,,,,20,https://www.valueresearchonline.com/funds/45212/,INF740KA1WF0,153594,1,1,1,1,4,High Risk,Poor
Edelweiss MSCI India Domestic & World Healthcare 45 Index Dir,equity,equity,Direct,17.88,20.91,13.54,BSE Healthcare TRI,13.38,25.66,15.1,1.58,0.66,1.14,12.54,20.11,,,,,25,https://www.valueresearchonline.com/funds/41147/,INF754K01LV5,148555,8,10,4,6,28,Low Risk,Good
Groww BSE Hospitals ETF,equity,equity,Direct,,,,BSE Healthcare TRI,,,,,,,,,,,,,16,https://www.valueresearchonline.com/funds/45815/,INF666M01NX9,154200,1,1,1,1,4,High Risk,Poor
Groww BSE Hospitals ETF FoF Dir,equity,equity,Direct,,,,BSE Healthcare TRI,,,,,,,,,,,,,1,https://www.valueresearchonline.com/funds/45818/,INF666M01NX9,154200,1,1,1,1,4,High Risk,Poor
HDFC Pharma And Healthcare Dir,equity,equity,Direct,22.89,,,BSE Healthcare TRI,13.38,,,,,,,,,,,,25,https://www.valueresearchonline.com/funds/43786/,INF179KC1HO1,152082,1,1,1,1,4,High Risk,Poor
ICICI Pru Nifty Healthcare ETF,equity,equity,Direct,12.6,23.51,13.74,BSE Healthcare TRI,13.38,25.66,15.1,-1.6,0.98,1,17.12,23.02,,,,,20,https://www.valueresearchonline.com/funds/41502/,INF109K016L0,120586,4,10,2,4,20,Mod. High Risk,Average
ICICI Pru Nifty Pharma Index Dir,equity,equity,Direct,14.85,23.65,,BSE Healthcare TRI,13.38,25.66,,-0.75,0.95,1.03,16.84,23.26,,,,,20,https://www.valueresearchonline.com/funds/42840/,INF109KC11M9,150930,4,10,2,4,20,Mod. High Risk,Average
ICICI Pru Pharma Healthcare and Diagnostics Dir,equity,equity,Direct,10.01,27.43,17.18,BSE Healthcare TRI,13.38,25.66,15.1,2.44,0.96,1.23,16.87,26.65,,,,,25,https://www.valueresearchonline.com/funds/36530/,INF0QA701607,152162,10,10,2,4,26,Mod. High Risk,Average
ITI Pharma and Healthcare Dir,equity,equity,Direct,8.21,22,,BSE Healthcare TRI,13.38,25.66,,-2.82,0.97,0.93,16.79,21.5,,,,,25,https://www.valueresearchonline.com/funds/41793/,INF00XX01BO9,149268,2,8,2,4,16,Mod. High Risk,Average
Kotak Healthcare Dir,equity,equity,Direct,20.1,,,BSE Healthcare TRI,13.38,,,,,,,,,,,,25,https://www.valueresearchonline.com/funds/43896/,INF174KA1PZ7,152214,1,1,1,1,4,High Risk,Poor
LIC MF Healthcare Dir,equity,equity,Direct,11.49,23.56,12.3,BSE Healthcare TRI,13.38,25.66,15.1,-0.38,0.93,1.06,16.35,23.21,,,,,23,https://www.valueresearchonline.com/funds/39051/,INF397L01LK4,152024,4,10,2,4,20,Mod. High Risk,Average
Mirae Asset Healthcare Dir,equity,equity,Direct,15.72,25.79,16.14,BSE Healthcare TRI,13.38,25.66,15.1,1,0.97,1.16,16.89,25.41,,,,,25,https://www.valueresearchonline.com/funds/36382/,INF769K01ED6,143783,8,10,2,4,24,Mod. High Risk,Average
Mirae Asset Nifty 500 Healthcare ETF,equity,equity,Direct,,,,BSE Healthcare TRI,,,,,,,,,,,,,25,https://www.valueresearchonline.com/funds/45788/,INF209KB1O25,147409,1,1,1,1,4,High Risk,Poor
Motilal Oswal BSE Healthcare ETF,equity,equity,Direct,11.77,25.25,,BSE Healthcare TRI,13.38,25.66,,-0.25,1,1.1,17.01,24.63,,,,,25,https://www.valueresearchonline.com/funds/42344/,INF209KB1O25,147409,4,10,2,4,20,Mod. High Risk,Average
Motilal Oswal Nifty MidSmall Helthcr Index Dir,equity,equity,Direct,14.92,,,BSE Healthcare TRI,13.38,,,,,,,,,,,,25,https://www.valueresearchonline.com/funds/44676/,INF247L01EA7,153023,1,1,1,1,4,High Risk,Poor
Nippon India Nifty Pharma ETF,equity,equity,Direct,15.19,24.25,,BSE Healthcare TRI,13.38,25.66,,-0.27,0.95,1.06,16.88,23.79,,,,,20,https://www.valueresearchonline.com/funds/41539/,INF204KA1U53,134547,4,10,2,4,20,Mod. High Risk,Average
Nippon India Pharma Dir,equity,equity,Direct,8.74,22.56,13.86,BSE Healthcare TRI,13.38,25.66,15.1,-0.43,0.9,1.06,15.79,22.62,,,,,25,https://www.valueresearchonline.com/funds/16150/,INF204K01I50,118759,4,10,3,4,21,Moderate Risk,Average
PGIM India Healthcare Dir,equity,equity,Direct,16.75,,,BSE Healthcare TRI,13.38,,,,,,,,,,,,25,https://www.valueresearchonline.com/funds/44693/,INF663L01Z45,153039,1,1,1,1,4,High Risk,Poor
Quant Healthcare Dir,equity,equity,Direct,9.01,,,BSE Healthcare TRI,13.38,,,,,,,,,,,,11,https://www.valueresearchonline.com/funds/43610/,INF966L01CD0,151853,1,1,1,1,4,High Risk,Poor
SBI Healthcare Opportunities Dir,equity,equity,Direct,15.81,25.66,17.75,BSE Healthcare TRI,13.38,25.66,15.1,2.3,0.85,1.25,14.81,24.42,,,,,25,https://www.valueresearchonline.com/funds/16327/,INF200K01UP2,119783,10,10,3,5,28,Moderate Risk,Good
Tata India Pharma & Healthcare Dir,equity,equity,Direct,9.24,23.47,15.37,BSE Healthcare TRI,13.38,25.66,15.1,-1.3,0.99,1.03,17.12,23.47,,,,,25,https://www.valueresearchonline.com/funds/31352/,INF277K019A3,135810,4,10,2,4,20,Mod. High Risk,Average
Tata Nifty MidSmall Healthcare Index Dir,equity,equity,Direct,14.98,,,BSE Healthcare TRI,13.38,,,,,,,,,,,,25,https://www.valueresearchonline.com/funds/44275/,INF277KA1BG3,152564,1,1,1,1,4,High Risk,Poor
UTI Healthcare Dir,equity,equity,Direct,14.77,27.26,15.94,BSE Healthcare TRI,13.38,25.66,15.1,1.94,0.96,1.21,16.65,26.06,,,,,25,https://www.valueresearchonline.com/funds/15932/,INF789F01TO9,120782,8,10,2,4,24,Mod. High Risk,Average
WhiteOak Capital Pharma and Healthcare Dir,equity,equity,Direct,20.24,,,BSE Healthcare TRI,13.38,,,,,,,,,,,,25,https://www.valueresearchonline.com/funds/44061/,INF03VN01886,152349,1,1,1,1,4,High Risk,Poor
ABSL Digital India Dir,equity,equity,Direct,-19,5.5,5.69,BSE IT TRI,-27.04,-0.34,-0.16,5.1,0.86,0.14,19.35,8.67,,,,,25,https://www.valueresearchonline.com/funds/15878/,INF209K01VF2,120539,12,4,1,4,21,High Risk,Average
ABSL Nifty IT ETF,equity,equity,Direct,-27.92,0.67,,BSE IT TRI,-27.04,-0.34,,1.3,1.02,-0.06,22.23,4.46,,,,,10,https://www.valueresearchonline.com/funds/41807/,INF209K01YN0,119550,8,1,1,3,13,High Risk,Average
Axis NIFTY IT ETF,equity,equity,Direct,-28.57,0.39,0.5,BSE IT TRI,-27.04,-0.34,-0.16,1.05,1.01,-0.07,22.19,4.22,,,,,10,https://www.valueresearchonline.com/funds/41382/,INF846K01CR6,120438,8,1,1,3,13,High Risk,Average
Axis Nifty IT Index Dir,equity,equity,Direct,-28.66,,,BSE IT TRI,-27.04,,,,,,,,,,,,10,https://www.valueresearchonline.com/funds/43614/,INF846K017R3,151785,1,1,1,1,4,High Risk,Poor
Bandhan Nifty IT Index Dir,equity,equity,Direct,-28.83,,,BSE IT TRI,-27.04,,,,,,,,,,,,10,https://www.valueresearchonline.com/funds/43728/,INF194KB1GK3,152041,1,1,1,1,4,High Risk,Poor
DSP Nifty IT ETF,equity,equity,Direct,-28.36,,,BSE IT TRI,-27.04,,,,,,,,,,,,10,https://www.valueresearchonline.com/funds/43573/,INF740K01ZW2,124175,1,1,1,1,4,High Risk,Poor
DSP Nifty IT Index Dir,equity,equity,Direct,-28.55,,,BSE IT TRI,-27.04,,,,,,,,,,,,10,https://www.valueresearchonline.com/funds/45208/,INF740KA1WL8,153590,1,1,1,1,4,High Risk,Poor
Edelweiss Technology Dir,equity,equity,Direct,-0.28,,,BSE IT TRI,-27.04,,,,,,,,,,,,25,https://www.valueresearchonline.com/funds/44122/,INF754K01SK3,152437,1,1,1,1,4,High Risk,Poor
Franklin India Technology Dir,equity,equity,Direct,-16.32,11.69,8.21,BSE IT TRI,-27.04,-0.34,-0.16,11.07,0.75,0.5,18.22,14.94,,,,,22,https://www.valueresearchonline.com/funds/16018/,INF090I01FE6,118537,12,6,1,5,24,High Risk,Average
HDFC NIFTY IT ETF,equity,equity,Direct,-28.52,0.43,,BSE IT TRI,-27.04,-0.34,,1.1,1.01,-0.07,22.22,4.26,,,,,10,https://www.valueresearchonline.com/funds/42716/,INF179KA1IZ7,128629,8,1,1,3,13,High Risk,Average
HDFC Nifty India Digital Index Dir,equity,equity,Direct,-14.92,,,BSE IT TRI,-27.04,,,,,,,,,,,,25,https://www.valueresearchonline.com/funds/44757/,INF179KC1JB4,153097,1,1,1,1,4,High Risk,Poor
HDFC Technology Dir,equity,equity,Direct,-23.26,,,BSE IT TRI,-27.04,,,,,,,,,,,,25,https://www.valueresearchonline.com/funds/43756/,INF179KC1HI3,152059,1,1,1,1,4,High Risk,Poor
ICICI Pru Nifty IT ETF,equity,equity,Direct,-28.5,0.48,0.55,BSE IT TRI,-27.04,-0.34,-0.16,1.14,1.01,-0.07,22.23,4.31,,,,,10,https://www.valueresearchonline.com/funds/41081/,INF109KC13E2,150468,8,1,1,3,13,High Risk,Average
ICICI Pru Nifty IT Index Dir,equity,equity,Direct,-28.69,0.24,,BSE IT TRI,-27.04,-0.34,,0.91,1.01,-0.08,22.2,4.08,,,,,10,https://www.valueresearchonline.com/funds/42405/,INF109KC13E2,150468,8,1,1,3,13,High Risk,Average
ICICI Pru Technology Dir,equity,equity,Direct,-19.26,7.63,6.13,BSE IT TRI,-27.04,-0.34,-0.16,6.51,0.84,0.23,18.85,10.13,,,,,25,https://www.valueresearchonline.com/funds/15864/,INF109K01Z48,120594,12,4,1,5,22,High Risk,Average
Invesco India Tech Dir,equity,equity,Direct,-5.77,,,BSE IT TRI,-27.04,,,,,,,,,,,,25,https://www.valueresearchonline.com/funds/44543/,INF0QA701607,152162,1,1,1,1,4,High Risk,Poor
Kotak Nifty IT ETF,equity,equity,Direct,-28.27,0.61,0.67,BSE IT TRI,-27.04,-0.34,-0.16,1.25,1.01,-0.07,22.22,4.42,,,,,10,https://www.valueresearchonline.com/funds/41345/,INF174K01KH7,123693,8,1,1,3,13,High Risk,Average
Kotak Technology Dir,equity,equity,Direct,-20.44,,,BSE IT TRI,-27.04,,,,,,,,,,,,24,https://www.valueresearchonline.com/funds/44164/,INF174KA1QZ5,152462,1,1,1,1,4,High Risk,Poor
LIC MF Technology Dir,equity,equity,Direct,,,,BSE IT TRI,,,,,,,,,,,,,25,https://www.valueresearchonline.com/funds/45855/,INF0QA701607,152162,1,1,1,1,4,High Risk,Poor
Mirae Asset Nifty IT ETF,equity,equity,Direct,-28.49,,,BSE IT TRI,-27.04,,,,,,,,,,,,10,https://www.valueresearchonline.com/funds/43832/,INF769K01FY9,148419,1,1,1,1,4,High Risk,Poor
Motilal Oswal Digital India Dir,equity,equity,Direct,-11.65,,,BSE IT TRI,-27.04,,,,,,,,,,,,25,https://www.valueresearchonline.com/funds/44642/,INF247L01DN2,152964,1,1,1,1,4,High Risk,Poor
Navi Nifty IT Index Dir,equity,equity,Direct,-28.6,,,BSE IT TRI,-27.04,,,,,,,,,,,,10,https://www.valueresearchonline.com/funds/44234/,INF959L01HM5,152535,1,1,1,1,4,High Risk,Poor
Nippon India ETF Nifty IT,equity,equity,Direct,-28.58,0.41,0.49,BSE IT TRI,-27.04,-0.34,-0.16,1.08,1.01,-0.07,22.22,4.25,,,,,10,https://www.valueresearchonline.com/funds/41024/,INF204KC1CE2,152392,8,1,1,3,13,High Risk,Average
Nippon India Nifty IT Index Dir,equity,equity,Direct,-28.64,,,BSE IT TRI,-27.04,,,,,,,,,,,,10,https://www.valueresearchonline.com/funds/44110/,INF204KC1CE2,152392,1,1,1,1,4,High Risk,Poor
Quant Teck Dir,equity,equity,Direct,-15.37,,,BSE IT TRI,-27.04,,,,,,,,,,,,12,https://www.valueresearchonline.com/funds/43762/,INF966L01CT6,152067,1,1,1,1,4,High Risk,Poor
SBI Nifty IT ETF,equity,equity,Direct,-28.58,0.41,0.49,BSE IT TRI,-27.04,-0.34,-0.16,1.08,1.02,-0.07,22.23,4.25,,,,,10,https://www.valueresearchonline.com/funds/41150/,INF200K01V08,125503,8,1,1,3,13,High Risk,Average
SBI Nifty IT Index Dir,equity,equity,Direct,-28.69,,,BSE IT TRI,-27.04,,,,,,,,,,,,10,https://www.valueresearchonline.com/funds/44960/,INF200KB1621,153320,1,1,1,1,4,High Risk,Poor
SBI Technology Opportunities Dir,equity,equity,Direct,-17.93,8.64,8.51,BSE IT TRI,-27.04,-0.34,-0.16,7.3,0.77,0.3,17.44,11.13,,,,,25,https://www.valueresearchonline.com/funds/17526/,INF200K01RV6,120578,12,4,2,5,23,Mod. High Risk,Average
Tata Digital India Dir,equity,equity,Direct,-21.02,6.74,6.39,BSE IT TRI,-27.04,-0.34,-0.16,5.83,0.89,0.17,19.81,9.32,,,,,25,https://www.valueresearchonline.com/funds/31368/,INF277K01Z77,135800,12,4,1,4,21,High Risk,Average
Tata Nifty India Digital ETF,equity,equity,Direct,-14.7,10.98,,BSE IT TRI,-27.04,-0.34,,10.17,0.78,0.43,18.94,13.95,,,,,25,https://www.valueresearchonline.com/funds/42165/,INF277KA1430,150344,12,4,1,5,22,High Risk,Average
Tata Nifty India Digital ETF FoF Dir,equity,equity,Direct,-14.32,10.28,,BSE IT TRI,-27.04,-0.34,,9.47,0.75,0.4,18.6,13.35,,,,,1,https://www.valueresearchonline.com/funds/42256/,INF277KA1430,150344,12,4,1,5,22,High Risk,Average
UTI Nifty IT ETF,equity,equity,Direct,-28.45,,,BSE IT TRI,-27.04,,,,,,,,,,,,10,https://www.valueresearchonline.com/funds/44072/,INF789F015Z6,126940,1,1,1,1,4,High Risk,Poor
WhiteOak Capital Digital Bharat Dir,equity,equity,Direct,-9.52,,,BSE IT TRI,-27.04,,,,,,,,,,,,25,https://www.valueresearchonline.com/funds/44576/,INF03VN01936,152915,1,1,1,1,4,High Risk,Poor
ABSL Nifty Smallcap 50 Index Dir,equity,equity,Direct,2.91,24.57,13.89,BSE 250 SmallCap TRI,3.7,18.67,16.59,4.55,1.02,0.81,22.99,24.43,,,,,25,https://www.valueresearchonline.com/funds/41389/,INF209KB1W17,148815,12,8,1,3,24,High Risk,Average
ABSL Small Cap Dir,equity,equity,Direct,9.9,18.56,14.98,BSE 250 SmallCap TRI,3.7,18.67,16.59,0.97,0.89,0.66,20.25,19.16,,,,,25,https://www.valueresearchonline.com/funds/15935/,INF209K01WN4,119556,8,6,1,4,19,High Risk,Average
Abakkus Small Cap Dir,equity,equity,Direct,,,,BSE 250 SmallCap TRI,,,,,,,,,,,,,25,https://www.valueresearchonline.com/funds/45863/,INF0QA701607,152162,1,1,1,1,4,High Risk,Poor
Axis Nifty Smallcap 50 Index Dir,equity,equity,Direct,3.04,24.65,,BSE 250 SmallCap TRI,3.7,18.67,,4.64,1.01,0.81,22.85,24.43,,,,,25,https://www.valueresearchonline.com/funds/42118/,INF846K013H3,149894,12,8,1,3,24,High Risk,Average
Axis Small Cap Dir,equity,equity,Direct,5.07,17.44,18.54,BSE 250 SmallCap TRI,3.7,18.67,16.59,1.3,0.74,0.68,16.86,17.41,,,,,25,https://www.valueresearchonline.com/funds/22335/,INF846K01K35,125354,8,6,2,5,21,Mod. High Risk,Average
Bajaj Finserv Small Cap Dir,equity,equity,Direct,,,,BSE 250 SmallCap TRI,,,,,,,,,,,,,25,https://www.valueresearchonline.com/funds/45271/,INF0QA701BN2,153612,1,1,1,1,4,High Risk,Poor
Bandhan Nifty Smallcap 250 Index Dir,equity,equity,Direct,1.61,,,BSE 250 SmallCap TRI,3.7,,,,,,,,,,,,25,https://www.valueresearchonline.com/funds/43958/,INF194KB1HG9,152264,1,1,1,1,4,High Risk,Poor
Bandhan Small Cap Dir,equity,equity,Direct,7.06,29.54,21.89,BSE 250 SmallCap TRI,3.7,18.67,16.59,10.31,0.92,1.1,20.89,28.9,,,,,25,https://www.valueresearchonline.com/funds/40564/,INF194KB1AL4,147946,12,10,1,4,27,High Risk,Good
Bank of India Small Cap Dir,equity,equity,Direct,16.85,23.33,21.28,BSE 250 SmallCap TRI,3.7,18.67,16.59,4.77,0.94,0.81,21.88,23.61,,,,,25,https://www.valueresearchonline.com/funds/38283/,INF761K01EP7,145678,12,8,1,4,25,High Risk,Average
Baroda BNP Paribas Small Cap Dir,equity,equity,Direct,5.28,,,BSE 250 SmallCap TRI,3.7,,,,,,,,,,,,25,https://www.valueresearchonline.com/funds/43795/,INF251K01SR5,152128,1,1,1,1,4,High Risk,Poor
Canara Robeco Small Cap Dir,equity,equity,Direct,2.17,15.47,18.01,BSE 250 SmallCap TRI,3.7,18.67,16.59,-0.66,0.8,0.57,18.12,16.24,,,,,25,https://www.valueresearchonline.com/funds/38817/,INF760K01JC6,146130,4,6,1,5,16,High Risk,Average
DSP Nifty Smallcap 250 ETF,equity,equity,Direct,,,,BSE 250 SmallCap TRI,,,,,,,,,,,,,25,https://www.valueresearchonline.com/funds/45659/,INF740KA1XH4,154018,1,1,1,1,4,High Risk,Poor
DSP Nifty Smallcap 250 Index Dir,equity,equity,Direct,,,,BSE 250 SmallCap TRI,,,,,,,,,,,,,25,https://www.valueresearchonline.com/funds/45657/,INF740KA1XH4,154018,1,1,1,1,4,High Risk,Poor
DSP Nifty Smallcap250 Quality 50 Index Dir,equity,equity,Direct,-9.11,,,BSE 250 SmallCap TRI,3.7,,,,,,,,,,,,25,https://www.valueresearchonline.com/funds/43941/,INF740KA1TW1,152243,1,1,1,1,4,High Risk,Poor
DSP Small Cap Dir,equity,equity,Direct,9.87,20.19,19.44,BSE 250 SmallCap TRI,3.7,18.67,16.59,2.3,0.93,0.7,21.51,20.95,,,,,25,https://www.valueresearchonline.com/funds/16411/,INF740K01QD1,119212,10,6,1,4,21,High Risk,Average
Edelweiss Nifty Smallcap 250 Index Dir,equity,equity,Direct,1.8,19.83,,BSE 250 SmallCap TRI,3.7,18.67,,1.04,1,0.67,22.2,20.68,,,,,25,https://www.valueresearchonline.com/funds/42808/,INF754K01QT8,150892,8,6,1,4,19,High Risk,Average
Edelweiss Small Cap Dir,equity,equity,Direct,5.62,19.36,19.21,BSE 250 SmallCap TRI,3.7,18.67,16.59,2.47,0.81,0.74,18.35,19.51,,,,,25,https://www.valueresearchonline.com/funds/38851/,INF754K01JN6,146196,10,6,1,5,22,High Risk,Average
Franklin India Small Cap Dir,equity,equity,Direct,2.28,17.97,19.17,BSE 250 SmallCap TRI,3.7,18.67,16.59,0.33,0.89,0.62,20.37,18.53,,,,,25,https://www.valueresearchonline.com/funds/16010/,INF090I01IQ4,118525,8,6,1,4,19,High Risk,Average
Groww Nifty Smallcap 250 ETF,equity,equity,Direct,,,,BSE 250 SmallCap TRI,,,,,,,,,,,,,25,https://www.valueresearchonline.com/funds/45552/,INF666M01HY9,152431,1,1,1,1,4,High Risk,Poor
Groww Nifty Smallcap 250 Index Dir,equity,equity,Direct,1.66,,,BSE 250 SmallCap TRI,3.7,,,,,,,,,,,,25,https://www.valueresearchonline.com/funds/44156/,INF666M01HY9,152431,1,1,1,1,4,High Risk,Poor
Groww Small Cap Fund Dir,equity,equity,Direct,,,,BSE 250 SmallCap TRI,,,,,,,,,,,,,25,https://www.valueresearchonline.com/funds/45697/,INF666M01NJ8,154063,1,1,1,1,4,High Risk,Poor
HDFC Nifty Smallcap 250 ETF,equity,equity,Direct,1.66,19.8,,BSE 250 SmallCap TRI,3.7,18.67,,1.01,1,0.67,22.28,20.69,,,,,25,https://www.valueresearchonline.com/funds/43116/,INF179KC1GE4,151727,8,6,1,4,19,High Risk,Average
HDFC Nifty Smallcap 250 Index Dir,equity,equity,Direct,1.52,19.49,,BSE 250 SmallCap TRI,3.7,18.67,,0.7,1,0.65,22.23,20.35,,,,,25,https://www.valueresearchonline.com/funds/43484/,INF179KC1GE4,151727,8,6,1,4,19,High Risk,Average
HDFC Small Cap Dir,equity,equity,Direct,0.2,15.51,17.57,BSE 250 SmallCap TRI,3.7,18.67,16.59,-0.89,0.79,0.55,18,15.83,,,,,25,https://www.valueresearchonline.com/funds/16617/,INF179KA1RW5,130503,4,6,2,5,17,Mod. High Risk,Average
HSBC Small Cap Dir,equity,equity,Direct,5.07,18.13,19.8,BSE 250 SmallCap TRI,3.7,18.67,16.59,-0.3,0.97,0.6,21.91,18.9,,,,,25,https://www.valueresearchonline.com/funds/26133/,INF917K01QA1,151130,4,6,1,4,15,High Risk,Average
Helios Small Cap Dir,equity,equity,Direct,,,,BSE 250 SmallCap TRI,,,,,,,,,,,,,25,https://www.valueresearchonline.com/funds/45559/,INF0R8701384,153912,1,1,1,1,4,High Risk,Poor
ICICI Pru Nifty Smallcap 250 Index Dir,equity,equity,Direct,1.52,19.49,,BSE 250 SmallCap TRI,3.7,18.67,,0.75,1,0.65,22.21,20.39,,,,,25,https://www.valueresearchonline.com/funds/41789/,INF109KC1V18,149283,8,6,1,4,19,High Risk,Average
ICICI Pru Smallcap Dir,equity,equity,Direct,3.46,14.99,17.21,BSE 250 SmallCap TRI,3.7,18.67,16.59,-1.01,0.79,0.55,18.1,15.74,,,,,25,https://www.valueresearchonline.com/funds/17116/,INF109K015M0,120591,4,6,1,5,16,High Risk,Average
ITI Small Cap Dir,equity,equity,Direct,12.88,27.02,18.37,BSE 250 SmallCap TRI,3.7,18.67,16.59,7.67,0.86,0.99,19.77,25.42,,,,,25,https://www.valueresearchonline.com/funds/40532/,INF00XX01747,147919,12,8,1,4,25,High Risk,Average
Invesco India Smallcap Dir,equity,equity,Direct,10.96,25.4,22.16,BSE 250 SmallCap TRI,3.7,18.67,16.59,6.23,0.84,0.91,19.41,23.62,,,,,25,https://www.valueresearchonline.com/funds/37843/,INF205K013T3,145137,12,8,1,5,26,High Risk,Average
JM Small Cap Dir,equity,equity,Direct,10.53,,,BSE 250 SmallCap TRI,3.7,,,,,,,,,,,,25,https://www.valueresearchonline.com/funds/44313/,INF192K01NH3,152614,1,1,1,1,4,High Risk,Poor
JioBlackRock Nifty Smallcap 250 Index Dir,equity,equity,Direct,,,,BSE 250 SmallCap TRI,,,,,,,,,,,,,25,https://www.valueresearchonline.com/funds/45424/,INF22M001051,153790,1,1,1,1,4,High Risk,Poor
Kotak Nifty Smallcap 250 Index Dir,equity,equity,Direct,1.6,,,BSE 250 SmallCap TRI,3.7,,,,,,,,,,,,25,https://www.valueresearchonline.com/funds/44868/,INF174KA1UK9,153223,1,1,1,1,4,High Risk,Poor
Kotak Nifty Smallcap 50 Index Dir,equity,equity,Direct,2.75,24.63,,BSE 250 SmallCap TRI,3.7,18.67,,4.57,1.02,0.81,23,24.45,,,,,25,https://www.valueresearchonline.com/funds/43357/,INF174KA1NB3,151649,12,8,1,3,24,High Risk,Average
Kotak Small Cap Dir,equity,equity,Direct,1.11,14.65,15.05,BSE 250 SmallCap TRI,3.7,18.67,16.59,-1.6,0.85,0.52,19.68,16.04,,,,,25,https://www.valueresearchonline.com/funds/16382/,INF174K01KT2,120164,4,6,1,5,16,High Risk,Average
LIC MF Small Cap Dir,equity,equity,Direct,11.67,19.58,19.71,BSE 250 SmallCap TRI,3.7,18.67,16.59,1.48,0.93,0.66,21.54,20.12,,,,,25,https://www.valueresearchonline.com/funds/34272/,INF397L01JS1,152004,8,6,1,4,19,High Risk,Average
Mahindra Manulife Small Cap Dir,equity,equity,Direct,11.46,24.3,,BSE 250 SmallCap TRI,3.7,18.67,,5.78,0.88,0.9,19.98,23.79,,,,,25,https://www.valueresearchonline.com/funds/42799/,INF174V01BK7,150915,12,8,1,4,25,High Risk,Average
Mirae Asset Nifty Smallcap 250 ETF,equity,equity,Direct,,,,BSE 250 SmallCap TRI,,,,,,,,,,,,,25,https://www.valueresearchonline.com/funds/45590/,INF769K01LG4,152459,1,1,1,1,4,High Risk,Poor
Mirae Asset Nifty Smallcap 250 Momentum Quality 100 ETF,equity,equity,Direct,-2.89,,,BSE 250 SmallCap TRI,3.7,,,,,,,,,,,,25,https://www.valueresearchonline.com/funds/44091/,INF769K01LG4,152459,1,1,1,1,4,High Risk,Poor
Mirae Asset Nifty Smallcap 250 Momentum Quality 100 ETF FoF Dir,equity,equity,Direct,-3.26,,,BSE 250 SmallCap TRI,3.7,,,,,,,,,,,,1,https://www.valueresearchonline.com/funds/44094/,INF769K01LG4,152459,1,1,1,1,4,High Risk,Poor
Mirae Asset Small Cap Dir,equity,equity,Direct,9.36,,,BSE 250 SmallCap TRI,3.7,,,,,,,,,,,,25,https://www.valueresearchonline.com/funds/44824/,INF769K01NJ4,153196,1,1,1,1,4,High Risk,Poor
Motilal Oswal Nifty Microcap 250 Index Dir,equity,equity,Direct,3.93,,,BSE 250 SmallCap TRI,3.7,,,,,,,,,,,,25,https://www.valueresearchonline.com/funds/43575/,INF247L01BQ9,151814,1,1,1,1,4,High Risk,Poor
Motilal Oswal Nifty Smallcap 250 ETF,equity,equity,Direct,1.7,,,BSE 250 SmallCap TRI,3.7,,,,,,,,,,,,25,https://www.valueresearchonline.com/funds/44249/,INF247L01635,139872,1,1,1,1,4,High Risk,Poor
Motilal Oswal Nifty Smallcap 250 Index Dir,equity,equity,Direct,1.64,19.78,16.35,BSE 250 SmallCap TRI,3.7,18.67,16.59,0.99,1,0.66,22.29,20.68,,,,,25,https://www.valueresearchonline.com/funds/40244/,INF247L01BQ9,151814,8,6,1,4,19,High Risk,Average
Motilal Oswal Small Cap Dir,equity,equity,Direct,15.8,,,BSE 250 SmallCap TRI,3.7,,,,,,,,,,,,25,https://www.valueresearchonline.com/funds/43945/,INF247L01BY3,152237,1,1,1,1,4,High Risk,Poor
Navi Nifty Smallcap250 Momentum Quality 100 Index Dir,equity,equity,Direct,-3.02,,,BSE 250 SmallCap TRI,3.7,,,,,,,,,,,,25,https://www.valueresearchonline.com/funds/45019/,INF789F1AB22,153272,1,1,1,1,4,High Risk,Poor
Nippon India Nifty Smallcap 250 Index Dir,equity,equity,Direct,1.58,19.31,16.11,BSE 250 SmallCap TRI,3.7,18.67,16.59,0.62,1,0.65,22.18,20.25,,,,,25,https://www.valueresearchonline.com/funds/41131/,INF204KB15W0,148519,8,6,1,4,19,High Risk,Average
Nippon India Small Cap Dir,equity,equity,Direct,6.29,19.69,21.49,BSE 250 SmallCap TRI,3.7,18.67,16.59,2.5,0.87,0.74,19.56,20.37,,,,,25,https://www.valueresearchonline.com/funds/16182/,INF204K01K15,118778,10,6,1,4,21,High Risk,Average
PGIM India Small Cap Dir,equity,equity,Direct,9.75,16.95,,BSE 250 SmallCap TRI,3.7,18.67,,0.88,0.75,0.65,17.4,17.14,,,,,25,https://www.valueresearchonline.com/funds/41577/,INF663L01W06,149019,8,6,2,5,21,Mod. High Risk,Average
Quant Small Cap Dir,equity,equity,Direct,10.68,21.97,21.17,BSE 250 SmallCap TRI,3.7,18.67,16.59,3.69,0.89,0.78,20.55,21.84,,,,,25,https://www.valueresearchonline.com/funds/17366/,INF966L01689,120828,10,8,1,4,23,High Risk,Average
Quantum Small Cap Dir,equity,equity,Direct,6.56,,,BSE 250 SmallCap TRI,3.7,,,,,,,,,,,,25,https://www.valueresearchonline.com/funds/43814/,INF082J01432,152107,1,1,1,1,4,High Risk,Poor
SBI Nifty Smallcap 250 Index Dir,equity,equity,Direct,1.5,19.54,,BSE 250 SmallCap TRI,3.7,18.67,,0.79,1,0.66,22.27,20.47,,,,,25,https://www.valueresearchonline.com/funds/42581/,INF200KA16P2,150677,8,6,1,4,19,High Risk,Average
SBI Small Cap Dir,equity,equity,Direct,3.28,14.32,15.28,BSE 250 SmallCap TRI,3.7,18.67,16.59,-2.1,0.76,0.49,17.11,14.19,,,,,25,https://www.valueresearchonline.com/funds/15787/,INF200K01T51,125497,2,4,2,5,13,Mod. High Risk,Average
Samco Small Cap Dir,equity,equity,Direct,,,,BSE 250 SmallCap TRI,,,,,,,,,,,,,25,https://www.valueresearchonline.com/funds/45540/,INF0QA701607,152162,1,1,1,1,4,High Risk,Poor
Sundaram Small Cap Dir,equity,equity,Direct,11.57,20.4,19.25,BSE 250 SmallCap TRI,3.7,18.67,16.59,3.07,0.86,0.76,19.67,20.82,,,,,25,https://www.valueresearchonline.com/funds/16112/,INF903J01NK9,119589,10,8,1,4,23,High Risk,Average
TRUST MF Small Cap Dir,equity,equity,Direct,24.9,,,BSE 250 SmallCap TRI,3.7,,,,,,,,,,,,25,https://www.valueresearchonline.com/funds/44593/,INF0GCD01800,152939,1,1,1,1,4,High Risk,Poor
Tata Small Cap Dir,equity,equity,Direct,-5.4,13.89,16.77,BSE 250 SmallCap TRI,3.7,18.67,16.59,-3.46,0.86,0.42,19.93,14.25,,,,,25,https://www.valueresearchonline.com/funds/37991/,INF277K011O1,145206,2,4,1,4,11,High Risk,Poor
The Wealth Company Small Cap Dir,equity,equity,Direct,,,,BSE 250 SmallCap TRI,,,,,,,,,,,,,25,https://www.valueresearchonline.com/funds/45896/,INF955L01JF3,152898,1,1,1,1,4,High Risk,Poor
UTI Small Cap Dir,equity,equity,Direct,4.11,17.75,17.7,BSE 250 SmallCap TRI,3.7,18.67,16.59,0.44,0.86,0.63,19.78,18.23,,,,,25,https://www.valueresearchonline.com/funds/41233/,INF789F1AUQ1,148618,8,6,1,4,19,High Risk,Average
Union Small Cap Dir,equity,equity,Direct,17.9,20.73,19.06,BSE 250 SmallCap TRI,3.7,18.67,16.59,3.78,0.84,0.78,19.8,21.26,,,,,25,https://www.valueresearchonline.com/funds/26860/,INF582M01BU9,129649,10,8,1,5,24,High Risk,Average
Zerodha Nifty Smallcap 100 ETF,equity,equity,Direct,,,,BSE 250 SmallCap TRI,,,,,,,,,,,,,25,https://www.valueresearchonline.com/funds/45480/,INF579M01AN2,151165,1,1,1,1,4,High Risk,Poor
ABSL Conglomerate Dir,equity,equity,Direct,1.84,,,BSE 500 TRI,0.79,,,,,,,,,,,,25,https://www.valueresearchonline.com/funds/44788/,INF209KC1373,153124,1,1,1,1,4,High Risk,Poor
ABSL Nifty India Defence Index Dir,equity,equity,Direct,8.21,,,BSE 500 TRI,0.79,,,,,,,,,,,,19,https://www.valueresearchonline.com/funds/44489/,INF209KC1183,152798,1,1,1,1,4,High Risk,Poor
ABSL Special Opportunities Dir,equity,equity,Direct,14.81,22.23,16.41,BSE 500 TRI,0.79,13.68,12.33,7.06,0.97,0.97,15.34,20.68,,,,,25,https://www.valueresearchonline.com/funds/41143/,INF209KB1T79,148539,12,8,3,4,27,Moderate Risk,Good
Axis BSE India Sector Leaders Index Dir,equity,equity,Direct,,,,BSE 500 TRI,,,,,,,,,,,,,25,https://www.valueresearchonline.com/funds/45782/,INF846KA1424,154171,1,1,1,1,4,High Risk,Poor
Axis Momentum Dir,equity,equity,Direct,-4.8,,,BSE 500 TRI,0.79,,,,,,,,,,,,25,https://www.valueresearchonline.com/funds/44768/,INF846K011Z9,153083,1,1,1,1,4,High Risk,Poor
Axis Multi Factor Passive FoF Dir,equity,equity,Direct,2.59,11.4,,BSE 500 TRI,0.79,13.68,,-0.93,0.95,0.45,14.92,12.55,,,,,4,https://www.valueresearchonline.com/funds/42080/,INF846K011G9,149847,4,4,3,4,15,Moderate Risk,Average
Axis Services Opportunities Dir,equity,equity,Direct,,,,BSE 500 TRI,,,,,,,,,,,,,25,https://www.valueresearchonline.com/funds/45324/,INF846KA1168,153624,1,1,1,1,4,High Risk,Poor
Bandhan BSE India Sector Leaders Index Dir,equity,equity,Direct,,,,BSE 500 TRI,,,,,,,,,,,,,25,https://www.valueresearchonline.com/funds/45461/,INF194KB1KB4,153838,1,1,1,1,4,High Risk,Poor
Bandhan Multi-Factor Dir,equity,equity,Direct,,,,BSE 500 TRI,,,,,,,,,,,,,25,https://www.valueresearchonline.com/funds/45334/,INF194KB1JX0,153722,1,1,1,1,4,High Risk,Poor
Baroda BNP Paribas Business Conglomerates Dir,equity,equity,Direct,,,,BSE 500 TRI,,,,,,,,,,,,,25,https://www.valueresearchonline.com/funds/45458/,INF251K01VJ6,153847,1,1,1,1,4,High Risk,Poor
Edelweiss BSE Capital Mkts & Insurance ETF,equity,equity,Direct,2.35,,,BSE 500 TRI,0.79,,,,,,,,,,,,24,https://www.valueresearchonline.com/funds/44826/,INF200K01V08,125503,1,1,1,1,4,High Risk,Poor
Edelweiss BSE Internet Economy Index Dir,equity,equity,Direct,-2.64,,,BSE 500 TRI,0.79,,,,,,,,,,,,20,https://www.valueresearchonline.com/funds/45129/,INF754K01UX2,153497,1,1,1,1,4,High Risk,Poor
Edelweiss Recently Listed IPO Dir,equity,equity,Direct,19.24,20.02,14.36,BSE 500 TRI,0.79,13.68,12.33,5.68,1.07,0.69,20.61,20.12,,,,,25,https://www.valueresearchonline.com/funds/35234/,INF754K01ML4,142388,12,6,1,3,22,High Risk,Average
Franklin India Multi-Factor Dir,equity,equity,Direct,,,,BSE 500 TRI,,,,,,,,,,,,,25,https://www.valueresearchonline.com/funds/45585/,INF090I01YQ1,153942,1,1,1,1,4,High Risk,Poor
Franklin India Opportunities Dir,equity,equity,Direct,4.78,25.59,20.15,BSE 500 TRI,0.79,13.68,12.33,10.01,1.06,1.04,17.69,24.32,,,,,25,https://www.valueresearchonline.com/funds/15999/,INF090I01GC8,118539,12,10,2,3,27,Mod. High Risk,Good
Groww BSE Power ETF,equity,equity,Direct,,,,BSE 500 TRI,,,,,,,,,,,,,18,https://www.valueresearchonline.com/funds/45370/,INF666M01LN4,153745,1,1,1,1,4,High Risk,Poor
Groww BSE Power ETF FOF Dir,equity,equity,Direct,,,,BSE 500 TRI,,,,,,,,,,,,,1,https://www.valueresearchonline.com/funds/45373/,INF666M01LN4,153745,1,1,1,1,4,High Risk,Poor
Groww Nifty Capital Markets ETF,equity,equity,Direct,,,,BSE 500 TRI,,,,,,,,,,,,,17,https://www.valueresearchonline.com/funds/45632/,INF666M01MG6,153908,1,1,1,1,4,High Risk,Poor
Groww Nifty Capital Markets ETF FoF Dir,equity,equity,Direct,,,,BSE 500 TRI,,,,,,,,,,,,,1,https://www.valueresearchonline.com/funds/45628/,INF666M01MG6,153908,1,1,1,1,4,High Risk,Poor
Groww Nifty Chemicals ETF,equity,equity,Direct,,,,BSE 500 TRI,,,,,,,,,,,,,20,https://www.valueresearchonline.com/funds/45751/,INF666M01EK5,145589,1,1,1,1,4,High Risk,Poor
Groww Nifty India Defence ETF,equity,equity,Direct,8.23,,,BSE 500 TRI,0.79,,,,,,,,,,,,19,https://www.valueresearchonline.com/funds/44590/,INF666M01IQ3,152925,1,1,1,1,4,High Risk,Poor
Groww Nifty India Defence ETF FoF Dir,equity,equity,Direct,7.99,,,BSE 500 TRI,0.79,,,,,,,,,,,,1,https://www.valueresearchonline.com/funds/44597/,INF666M01IQ3,152925,1,1,1,1,4,High Risk,Poor
Groww Nifty India Internet ETF,equity,equity,Direct,,,,BSE 500 TRI,,,,,,,,,,,,,25,https://www.valueresearchonline.com/funds/45241/,INF666M01LC7,153626,1,1,1,1,4,High Risk,Poor
Groww Nifty India Internet ETF FoF Dir,equity,equity,Direct,,,,BSE 500 TRI,,,,,,,,,,,,,1,https://www.valueresearchonline.com/funds/45244/,INF666M01LC7,153626,1,1,1,1,4,High Risk,Poor
Groww Nifty Metal ETF,equity,equity,Direct,,,,BSE 500 TRI,,,,,,,,,,,,,19,https://www.valueresearchonline.com/funds/45677/,INF666M01EK5,145589,1,1,1,1,4,High Risk,Poor
Groww Nifty Realty ETF,equity,equity,Direct,,,,BSE 500 TRI,,,,,,,,,,,,,10,https://www.valueresearchonline.com/funds/45522/,INF666M01EK5,145589,1,1,1,1,4,High Risk,Poor
HDFC BSE India Sector Leaders Index Dir,equity,equity,Direct,,,,BSE 500 TRI,,,,,,,,,,,,,25,https://www.valueresearchonline.com/funds/45589/,INF179KC1JY6,153959,1,1,1,1,4,High Risk,Poor
HDFC Defence Dir,equity,equity,Direct,17,44.15,,BSE 500 TRI,0.79,13.68,,,,,,,,,,,23,https://www.valueresearchonline.com/funds/43512/,INF179KC1GI5,151750,1,1,1,1,4,High Risk,Poor
HDFC Housing Opportunities Dir,equity,equity,Direct,-2.38,15.36,14.26,BSE 500 TRI,0.79,13.68,12.33,1.81,1.14,0.59,18.49,16.75,,,,,25,https://www.valueresearchonline.com/funds/34770/,INF179KC1AU3,141924,8,6,1,3,18,High Risk,Average
HDFC NIFTY Growth Sectors 15 ETF,equity,equity,Direct,-5.44,6.03,,BSE 500 TRI,0.79,13.68,,-5.07,0.78,0.08,15.06,7.05,,,,,15,https://www.valueresearchonline.com/funds/42537/,INF179KB15Q6,145034,2,4,3,5,14,Moderate Risk,Average
HDFC NIFTY Realty Index Dir,equity,equity,Direct,-19.04,,,BSE 500 TRI,0.79,,,,,,,,,,,,10,https://www.valueresearchonline.com/funds/44211/,INF204KC1DY8,153060,1,1,1,1,4,High Risk,Poor
HSBC India Export Opportunities Dir,equity,equity,Direct,11.85,,,BSE 500 TRI,0.79,,,,,,,,,,,,25,https://www.valueresearchonline.com/funds/44524/,INF336L01RO1,152829,1,1,1,1,4,High Risk,Poor
ICICI Pru Active Momentum Dir,equity,equity,Direct,,,,BSE 500 TRI,,,,,,,,,,,,,25,https://www.valueresearchonline.com/funds/45357/,INF109K1A385,153684,1,1,1,1,4,High Risk,Poor
ICICI Pru Commodities Dir,equity,equity,Direct,12.69,18.89,16.65,BSE 500 TRI,0.79,13.68,12.33,7.64,0.97,0.91,16.84,21.26,,,,,25,https://www.valueresearchonline.com/funds/40306/,INF109KC1F91,147662,12,8,2,4,26,Mod. High Risk,Average
ICICI Pru Conglomerate Dir,equity,equity,Direct,,,,BSE 500 TRI,,,,,,,,,,,,,25,https://www.valueresearchonline.com/funds/45489/,INF109K1A427,153867,1,1,1,1,4,High Risk,Poor
ICICI Pru Eqt Minimum Variance Fund Dir,equity,equity,Direct,0.75,,,BSE 500 TRI,0.79,,,,,,,,,,,,25,https://www.valueresearchonline.com/funds/44744/,INF109KC10Y6,153070,1,1,1,1,4,High Risk,Poor
ICICI Pru Exports & Services Dir,equity,equity,Direct,1.8,18.5,16.4,BSE 500 TRI,0.79,13.68,12.33,5.01,0.85,0.88,13.46,17.67,,,,,25,https://www.valueresearchonline.com/funds/15859/,INF109K01W25,120688,12,8,4,5,29,Low Risk,Good
ICICI Pru FMCG Dir,equity,equity,Direct,-11.3,-0.17,8.14,BSE 500 TRI,0.79,13.68,12.33,-11.37,0.86,-0.29,15.41,1.35,,,,,25,https://www.valueresearchonline.com/funds/15836/,INF109K01Z14,120587,2,1,3,4,10,Moderate Risk,Poor
ICICI Pru Housing Opportunities Dir,equity,equity,Direct,1.78,16.07,,BSE 500 TRI,0.79,13.68,,2.93,0.95,0.69,15.28,16.44,,,,,25,https://www.valueresearchonline.com/funds/42250/,INF109KC10C2,150310,10,6,3,4,23,Moderate Risk,Average
ICICI Pru India Opportunities Dir,equity,equity,Direct,2.36,19.97,20.44,BSE 500 TRI,0.79,13.68,12.33,7,0.82,1.02,13.34,19.45,,,,,25,https://www.valueresearchonline.com/funds/38585/,INF109KC10C2,150310,12,10,4,5,31,Low Risk,Good
ICICI Pru Multi Sector Passive FoF Dir,equity,equity,Direct,3.22,15.49,13.57,BSE 500 TRI,0.79,13.68,12.33,2.1,0.9,0.66,14.07,15.14,,,,,10,https://www.valueresearchonline.com/funds/15812/,INF109K01W58,120242,10,6,3,4,23,Moderate Risk,Average
ICICI Pru Nifty Commodities ETF,equity,equity,Direct,13.39,19.03,,BSE 500 TRI,0.79,13.68,,7.16,1.02,0.86,17.8,21.15,,,,,25,https://www.valueresearchonline.com/funds/42947/,INF109K016L0,120586,12,8,2,3,25,Mod. High Risk,Average
ICICI Pru Nifty FMCG ETF,equity,equity,Direct,-9.11,0.08,,BSE 500 TRI,0.79,13.68,,-11.82,0.95,-0.25,17.15,1.64,,,,,15,https://www.valueresearchonline.com/funds/41601/,INF109K010A6,120256,2,1,2,4,9,Mod. High Risk,Poor
ICICI Pru Nifty Metal ETF,equity,equity,Direct,33.81,,,BSE 500 TRI,0.79,,,,,,,,,,,,19,https://www.valueresearchonline.com/funds/44461/,INF109KA1O37,131061,1,1,1,1,4,High Risk,Poor
ICICI Pru Nifty Oil & Gas ETF,equity,equity,Direct,-2.28,,,BSE 500 TRI,0.79,,,,,,,,,,,,15,https://www.valueresearchonline.com/funds/44432/,INF209K01YN0,119550,1,1,1,1,4,High Risk,Poor
ICICI Pru Quality Dir,equity,equity,Direct,2.64,,,BSE 500 TRI,0.79,,,,,,,,,,,,25,https://www.valueresearchonline.com/funds/45164/,INF109K1A187,153458,1,1,1,1,4,High Risk,Poor
ICICI Pru Rural Opportunities Dir,equity,equity,Direct,0.45,,,BSE 500 TRI,0.79,,,,,,,,,,,,25,https://www.valueresearchonline.com/funds/44846/,INF109KC12Z9,153184,1,1,1,1,4,High Risk,Poor
JioBlackRock Sector Rotation Dir,equity,equity,Direct,,,,BSE 500 TRI,,,,,,,,,,,,,25,https://www.valueresearchonline.com/funds/45730/,INF22M001168,154082,1,1,1,1,4,High Risk,Poor
Kotak Active Momentum Dir,equity,equity,Direct,,,,BSE 500 TRI,,,,,,,,,,,,,25,https://www.valueresearchonline.com/funds/45389/,INF174KA1XA4,153753,1,1,1,1,4,High Risk,Poor
Kotak BSE Housing Index Dir,equity,equity,Direct,-6.48,,,BSE 500 TRI,0.79,,,,,,,,,,,,25,https://www.valueresearchonline.com/funds/43706/,INF174KA1OX5,152039,1,1,1,1,4,High Risk,Poor
Kotak Multi Factor Passive FoF Dir,equity,equity,Direct,,,,BSE 500 TRI,,,,,,,,,,,,,2,https://www.valueresearchonline.com/funds/45899/,INF846K011G9,149847,1,1,1,1,4,High Risk,Poor
Kotak Nifty Chemicals ETF,equity,equity,Direct,,,,BSE 500 TRI,,,,,,,,,,,,,20,https://www.valueresearchonline.com/funds/45570/,INF174K01KM7,119757,1,1,1,1,4,High Risk,Poor
Kotak Nifty Commodities Index Dir,equity,equity,Direct,12.7,,,BSE 500 TRI,0.79,,,,,,,,,,,,25,https://www.valueresearchonline.com/funds/44991/,INF174KA1VE0,153353,1,1,1,1,4,High Risk,Poor
Kotak Nifty India Tourism Index Dir,equity,equity,Direct,-12.74,,,BSE 500 TRI,0.79,,,,,,,,,,,,15,https://www.valueresearchonline.com/funds/44539/,INF174KA1SZ1,152870,1,1,1,1,4,High Risk,Poor
Kotak Rural Opportunities Dir,equity,equity,Direct,,,,BSE 500 TRI,,,,,,,,,,,,,25,https://www.valueresearchonline.com/funds/45597/,INF174KA1XW8,153970,1,1,1,1,4,High Risk,Poor
Kotak Services Dir,equity,equity,Direct,,,,BSE 500 TRI,,,,,,,,,,,,,25,https://www.valueresearchonline.com/funds/45797/,INF174KA1YV8,154149,1,1,1,1,4,High Risk,Poor
Kotak Special Opportunities Dir,equity,equity,Direct,11.37,,,BSE 500 TRI,0.79,,,,,,,,,,,,25,https://www.valueresearchonline.com/funds/44382/,INF174KA1SF3,152702,1,1,1,1,4,High Risk,Poor
Mirae Asset BSE India Defence ETF,equity,equity,Direct,,,,BSE 500 TRI,,,,,,,,,,,,,25,https://www.valueresearchonline.com/funds/45790/,INF769K01QG3,154187,1,1,1,1,4,High Risk,Poor
Mirae Asset BSE India Defence ETF FoF Dir,equity,equity,Direct,,,,BSE 500 TRI,,,,,,,,,,,,,1,https://www.valueresearchonline.com/funds/45811/,INF769K01QG3,154187,1,1,1,1,4,High Risk,Poor
Mirae Asset BSE Select IPO ETF,equity,equity,Direct,-7.52,,,BSE 500 TRI,0.79,,,,,,,,,,,,25,https://www.valueresearchonline.com/funds/45020/,INF769K01OK0,153385,1,1,1,1,4,High Risk,Poor
Mirae Asset BSE Select IPO ETF FoF Dir,equity,equity,Direct,-7.37,,,BSE 500 TRI,0.79,,,,,,,,,,,,1,https://www.valueresearchonline.com/funds/45023/,INF769K01OK0,153385,1,1,1,1,4,High Risk,Poor
Mirae Asset Multi Factor Passive FoF Dir,equity,equity,Direct,,,,BSE 500 TRI,,,,,,,,,,,,,8,https://www.valueresearchonline.com/funds/45436/,INF769K01PH3,153816,1,1,1,1,4,High Risk,Poor
Mirae Asset Nifty India Internet ETF,equity,equity,Direct,,,,BSE 500 TRI,,,,,,,,,,,,,25,https://www.valueresearchonline.com/funds/45250/,INF090I01VZ8,148304,1,1,1,1,4,High Risk,Poor
Mirae Asset Nifty Metal ETF,equity,equity,Direct,34.2,,,BSE 500 TRI,0.79,,,,,,,,,,,,19,https://www.valueresearchonline.com/funds/44588/,INF769K01QM1,154216,1,1,1,1,4,High Risk,Poor
Mirae Asset Nifty Metal ETF FoF Dir,equity,equity,Direct,,,,BSE 500 TRI,,,,,,,,,,,,,1,https://www.valueresearchonline.com/funds/45833/,INF769K01QM1,154216,1,1,1,1,4,High Risk,Poor
Motilal Oswal Active Momentum Dir,equity,equity,Direct,23.81,,,BSE 500 TRI,0.79,,,,,,,,,,,,25,https://www.valueresearchonline.com/funds/45002/,INF247L01EP5,153364,1,1,1,1,4,High Risk,Poor
Motilal Oswal BSE Select IPO ETF,equity,equity,Direct,,,,BSE 500 TRI,,,,,,,,,,,,,25,https://www.valueresearchonline.com/funds/45639/,INF247L01EJ8,153258,1,1,1,1,4,High Risk,Poor
Motilal Oswal Multi Factor Passive FoF Dir,equity,equity,Direct,,,,BSE 500 TRI,,,,,,,,,,,,,4,https://www.valueresearchonline.com/funds/45874/,INF955L01JF3,152898,1,1,1,1,4,High Risk,Poor
Motilal Oswal Nifty Capital Market ETF,equity,equity,Direct,17.08,,,BSE 500 TRI,0.79,,,,,,,,,,,,17,https://www.valueresearchonline.com/funds/45051/,INF247L01EB5,153138,1,1,1,1,4,High Risk,Poor
Motilal Oswal Nifty Capital Market Index Dir,equity,equity,Direct,17.12,,,BSE 500 TRI,0.79,,,,,,,,,,,,17,https://www.valueresearchonline.com/funds/44755/,INF247L01EB5,153138,1,1,1,1,4,High Risk,Poor
Motilal Oswal Nifty India Defence ETF,equity,equity,Direct,8.33,,,BSE 500 TRI,0.79,,,,,,,,,,,,19,https://www.valueresearchonline.com/funds/44517/,INF247L01CW5,152712,1,1,1,1,4,High Risk,Poor
Motilal Oswal Nifty India Defence Index Dir,equity,equity,Direct,8.3,,,BSE 500 TRI,0.79,,,,,,,,,,,,19,https://www.valueresearchonline.com/funds/44397/,INF247L01CW5,152712,1,1,1,1,4,High Risk,Poor
Motilal Oswal Nifty India Tourism ETF,equity,equity,Direct,-13.03,,,BSE 500 TRI,0.79,,,,,,,,,,,,15,https://www.valueresearchonline.com/funds/45240/,INF090I01VZ8,148304,1,1,1,1,4,High Risk,Poor
Motilal Oswal Nifty MidSmall IT and Telecom Index Dir,equity,equity,Direct,-8.78,,,BSE 500 TRI,0.79,,,,,,,,,,,,20,https://www.valueresearchonline.com/funds/44682/,INF247L01DY9,153029,1,1,1,1,4,High Risk,Poor
Motilal Oswal Nifty Realty ETF,equity,equity,Direct,-19.01,,,BSE 500 TRI,0.79,,,,,,,,,,,,10,https://www.valueresearchonline.com/funds/44250/,INF247L01247,124234,1,1,1,1,4,High Risk,Poor
Motilal Oswal Nifty Services Sector ETF,equity,equity,Direct,,,,BSE 500 TRI,,,,,,,,,,,,,25,https://www.valueresearchonline.com/funds/45660/,INF209K014W1,125597,1,1,1,1,4,High Risk,Poor
Motilal Oswal Services Dir,equity,equity,Direct,8.51,,,BSE 500 TRI,0.79,,,,,,,,,,,,25,https://www.valueresearchonline.com/funds/45186/,INF247L01FE6,153558,1,1,1,1,4,High Risk,Poor
Motilal Oswal Special Opportunities Dir,equity,equity,Direct,,,,BSE 500 TRI,,,,,,,,,,,,,24,https://www.valueresearchonline.com/funds/45393/,INF247L01FS6,153749,1,1,1,1,4,High Risk,Poor
Nippon India Active Momentum Dir,equity,equity,Direct,8.94,,,BSE 500 TRI,0.79,,,,,,,,,,,,25,https://www.valueresearchonline.com/funds/44938/,INF204KC1EK5,153274,1,1,1,1,4,High Risk,Poor
Nippon India Nifty Realty Index Dir,equity,equity,Direct,-19.04,,,BSE 500 TRI,0.79,,,,,,,,,,,,10,https://www.valueresearchonline.com/funds/44712/,INF204KC1DY8,153060,1,1,1,1,4,High Risk,Poor
Quant Commodities Dir,equity,equity,Direct,15.43,,,BSE 500 TRI,0.79,,,,,,,,,,,,14,https://www.valueresearchonline.com/funds/43966/,INF966L01DF3,152255,1,1,1,1,4,High Risk,Poor
Quant Momentum Dir,equity,equity,Direct,7.97,,,BSE 500 TRI,0.79,,,,,,,,,,,,15,https://www.valueresearchonline.com/funds/43882/,INF966L01CZ3,152189,1,1,1,1,4,High Risk,Poor
Quantum Ethical Dir,equity,equity,Direct,-2.49,,,BSE 500 TRI,0.79,,,,,,,,,,,,25,https://www.valueresearchonline.com/funds/44771/,INF082J01473,153094,1,1,1,1,4,High Risk,Poor
SBI Comma Dir,equity,equity,Direct,11.57,18.86,12.56,BSE 500 TRI,0.79,13.68,12.33,7.53,0.99,0.92,16.8,21.28,,,,,25,https://www.valueresearchonline.com/funds/17523/,INF200K01SB6,119705,12,8,2,4,26,Mod. High Risk,Average
SBI Equity Minimum Variance Dir,equity,equity,Direct,-0.04,10.43,10.64,BSE 500 TRI,0.79,13.68,12.33,-1.36,0.89,0.39,14.72,11.65,,,,,25,https://www.valueresearchonline.com/funds/39364/,INF200KA1A71,146643,4,4,3,4,15,Moderate Risk,Average
SBI Quality Dir,equity,equity,Direct,,,,BSE 500 TRI,,,,,,,,,,,,,25,https://www.valueresearchonline.com/funds/45793/,INF200KB1AG6,154177,1,1,1,1,4,High Risk,Poor
Samco Active Momentum Dir,equity,equity,Direct,2.96,,,BSE 500 TRI,0.79,,,,,,,,,,,,25,https://www.valueresearchonline.com/funds/43515/,INF0K1H01081,151753,1,1,1,1,4,High Risk,Poor
Samco Special Opportunities Dir,equity,equity,Direct,1.95,,,BSE 500 TRI,0.79,,,,,,,,,,,,25,https://www.valueresearchonline.com/funds/44280/,INF0K1H01180,152586,1,1,1,1,4,High Risk,Poor
Shriram Multi Sector Rotation Dir,equity,equity,Direct,2.72,,,BSE 500 TRI,0.79,,,,,,,,,,,,25,https://www.valueresearchonline.com/funds/44669/,INF680P01455,153076,1,1,1,1,4,High Risk,Poor
Sundaram Multi-Factor Dir,equity,equity,Direct,,,,BSE 500 TRI,,,,,,,,,,,,,25,https://www.valueresearchonline.com/funds/45285/,INF903JA1LV6,153669,1,1,1,1,4,High Risk,Poor
Sundaram Services Dir,equity,equity,Direct,0.04,16.4,16.12,BSE 500 TRI,0.79,13.68,12.33,2.7,0.92,0.67,15.06,15.93,,,,,25,https://www.valueresearchonline.com/funds/37577/,INF903JA1FA2,144835,10,6,3,4,23,Moderate Risk,Average
Tata BSE Select Business Groups Index Dir,equity,equity,Direct,3.01,,,BSE 500 TRI,0.79,,,,,,,,,,,,25,https://www.valueresearchonline.com/funds/44792/,INF277KA1DA2,153132,1,1,1,1,4,High Risk,Poor
Tata Ethical Dir,equity,equity,Direct,-6.34,7.06,8.55,BSE 500 TRI,0.79,13.68,12.33,-3.99,0.89,0.22,14.51,9,,,,,25,https://www.valueresearchonline.com/funds/16683/,INF277K01NG4,119172,2,4,3,4,13,Moderate Risk,Average
Tata Housing Opportunities Dir,equity,equity,Direct,-1.83,11.59,,BSE 500 TRI,0.79,13.68,,-2.41,1.16,0.36,18.95,12.69,,,,,25,https://www.valueresearchonline.com/funds/42447/,INF277KA1497,150532,2,4,1,2,9,High Risk,Poor
Tata Nifty Capital Markets Index Fund Dir,equity,equity,Direct,16.72,,,BSE 500 TRI,0.79,,,,,,,,,,,,17,https://www.valueresearchonline.com/funds/44638/,INF277KA1CO5,152951,1,1,1,1,4,High Risk,Poor
Tata Nifty India Tourism Index Dir,equity,equity,Direct,-12.77,,,BSE 500 TRI,0.79,,,,,,,,,,,,15,https://www.valueresearchonline.com/funds/44426/,INF277KA1CC0,152742,1,1,1,1,4,High Risk,Poor
Tata Nifty Realty Index Dir,equity,equity,Direct,-19.07,,,BSE 500 TRI,0.79,,,,,,,,,,,,10,https://www.valueresearchonline.com/funds/44261/,INF277KA1AO9,152570,1,1,1,1,4,High Risk,Poor
Taurus Ethical Dir,equity,equity,Direct,-1.47,14.16,10.87,BSE 500 TRI,0.79,13.68,12.33,1.97,0.95,0.61,15.66,15.43,,,,,25,https://www.valueresearchonline.com/funds/16658/,INF044D01CJ0,118876,8,6,3,4,21,Moderate Risk,Average
The Wealth Company Ethical Dir,equity,equity,Direct,,,,BSE 500 TRI,,,,,,,,,,,,,25,https://www.valueresearchonline.com/funds/45525/,INF2F0001214,153895,1,1,1,1,4,High Risk,Poor
UTI BSE Housing Index Dir,equity,equity,Direct,-6.61,11.43,,BSE 500 TRI,0.79,13.68,,,,,,,,,,,25,https://www.valueresearchonline.com/funds/43521/,INF789F1AYR1,151764,1,1,1,1,4,High Risk,Poor
Union Active Momentum Dir,equity,equity,Direct,10.5,,,BSE 500 TRI,0.79,,,,,,,,,,,,25,https://www.valueresearchonline.com/funds/44784/,INF582M01KG9,153109,1,1,1,1,4,High Risk,Poor
WhiteOak Capital Quality Equity Dir,equity,equity,Direct,-4.31,,,BSE 500 TRI,0.79,,,,,,,,,,,,25,https://www.valueresearchonline.com/funds/44853/,INF03VN01977,153189,1,1,1,1,4,High Risk,Poor
WhiteOak Capital Special Opportunities Dir,equity,equity,Direct,8.11,,,BSE 500 TRI,0.79,,,,,,,,,,,,25,https://www.valueresearchonline.com/funds/44333/,INF03VN01902,152644,1,1,1,1,4,High Risk,Poor
ABSL MNC Dir,equity,equity,Direct,-4.39,10.37,6.88,BSE 500 TRI,0.79,13.68,12.33,-1.44,0.96,0.38,16.36,12.14,,,,,25,https://www.valueresearchonline.com/funds/15872/,INF209K01VT3,119646,4,4,2,4,14,Mod. High Risk,Average
HDFC MNC Dir,equity,equity,Direct,4.91,8.72,,BSE 500 TRI,0.79,13.68,,-3.7,0.99,0.26,16.33,10.06,,,,,25,https://www.valueresearchonline.com/funds/43179/,INF179KC1FC0,151458,2,4,2,4,12,Mod. High Risk,Poor
ICICI Pru MNC Dir,equity,equity,Direct,9.2,14.88,13.77,BSE 500 TRI,0.79,13.68,12.33,2.76,0.84,0.68,13.88,15.34,,,,,25,https://www.valueresearchonline.com/funds/39977/,INF109KC1D93,147346,10,6,4,5,25,Low Risk,Average
Kotak MNC Dir,equity,equity,Direct,24.35,,,BSE 500 TRI,0.79,,,,,,,,,,,,25,https://www.valueresearchonline.com/funds/44579/,INF174KA1TG9,152910,1,1,1,1,4,High Risk,Poor
Kotak Nifty MNC ETF,equity,equity,Direct,15.11,15.83,,BSE 500 TRI,0.79,13.68,,3.28,0.99,0.66,17.07,17.07,,,,,25,https://www.valueresearchonline.com/funds/42418/,INF174K01KH7,123693,10,6,2,4,22,Mod. High Risk,Average
Motilal Oswal Nifty MNC ETF,equity,equity,Direct,,,,BSE 500 TRI,,,,,,,,,,,,,25,https://www.valueresearchonline.com/funds/45678/,INF247L01247,124234,1,1,1,1,4,High Risk,Poor
Nippon India MNC Dir,equity,equity,Direct,,,,BSE 500 TRI,,,,,,,,,,,,,25,https://www.valueresearchonline.com/funds/45296/,INF204KC1FR7,153693,1,1,1,1,4,High Risk,Poor
SBI MNC Dir,equity,equity,Direct,8.34,8.48,9.62,BSE 500 TRI,0.79,13.68,12.33,-3.02,0.76,0.23,13.52,8.95,,,,,25,https://www.valueresearchonline.com/funds/16224/,INF200K01SN1,119711,2,4,4,5,15,Low Risk,Average
UTI MNC Dir,equity,equity,Direct,2.96,11.38,10.55,BSE 500 TRI,0.79,13.68,12.33,-0.9,0.9,0.43,14.77,12.2,,,,,25,https://www.valueresearchonline.com/funds/15820/,INF789F01UD0,120682,4,4,3,4,15,Moderate Risk,Average
Baroda BNP Paribas Energy Opportunities Dir,equity,equity,Direct,6.6,,,BSE Energy TRI,1.16,,,,,,,,,,,,25,https://www.valueresearchonline.com/funds/44850/,INF251K01UJ8,153225,1,1,1,1,4,High Risk,Poor
DSP Natural Resources and New Energy Dir,equity,equity,Direct,20.98,22.56,16.82,BSE Energy TRI,1.16,17.08,13.83,10.93,0.63,1.17,15.84,24.34,,,,,24,https://www.valueresearchonline.com/funds/16988/,INF740K01QA7,119028,12,10,3,6,31,Moderate Risk,Good
ICICI Pru Energy Opportunities Dir,equity,equity,Direct,16.83,,,BSE Energy TRI,1.16,,,,,,,,,,,,25,https://www.valueresearchonline.com/funds/44418/,INF109KC12W6,152728,1,1,1,1,4,High Risk,Poor
Kotak Energy Opportunities Dir,equity,equity,Direct,6.89,,,BSE Energy TRI,1.16,,,,,,,,,,,,25,https://www.valueresearchonline.com/funds/45066/,INF174KA1VX0,153447,1,1,1,1,4,High Risk,Poor
Mirae Asset Nifty Energy ETF,equity,equity,Direct,,,,BSE Energy TRI,,,,,,,,,,,,,25,https://www.valueresearchonline.com/funds/45587/,INF769K01GK6,148529,1,1,1,1,4,High Risk,Poor
Motilal Oswal Nifty Energy ETF,equity,equity,Direct,,,,BSE Energy TRI,,,,,,,,,,,,,25,https://www.valueresearchonline.com/funds/45556/,INF247L01247,124234,1,1,1,1,4,High Risk,Poor
SBI Energy Opportunities Dir,equity,equity,Direct,6.88,,,BSE Energy TRI,1.16,,,,,,,,,,,,25,https://www.valueresearchonline.com/funds/44146/,INF200KB1126,152417,1,1,1,1,4,High Risk,Poor
Tata Resources & Energy Dir,equity,equity,Direct,9.15,18.65,14.86,BSE Energy TRI,1.16,17.08,13.83,6.33,0.7,0.84,17.48,20.57,,,,,25,https://www.valueresearchonline.com/funds/31364/,INF277K015B9,135813,12,8,2,6,28,Mod. High Risk,Good
ABSL ESG Integration Strategy Dir,equity,equity,Direct,-0.78,13.43,10.41,BSE 100 TRI,-1.3,11.63,11.2,1.71,0.99,0.5,14.97,13.31,,,,,25,https://www.valueresearchonline.com/funds/41221/,INF209KB1U76,148637,8,6,3,4,21,Moderate Risk,Average
Axis ESG Integration Strategy Dir,equity,equity,Direct,-1.87,10.88,8.39,BSE 100 TRI,-1.3,11.63,11.2,-0.01,0.9,0.38,13.55,11.08,,,,,25,https://www.valueresearchonline.com/funds/40536/,INF846K01W23,147928,4,4,4,4,16,Moderate Risk,Average
Baroda BNP Paribas ESG Best-in-class strategy Dir,equity,equity,Direct,,,,BSE 100 TRI,,,,,,,,,,,,,25,https://www.valueresearchonline.com/funds/45837/,INF251K01VP3,154195,1,1,1,1,4,High Risk,Poor
ICICI Pru ESG Exclusionary Strategy Dir,equity,equity,Direct,-4.76,15.29,11.81,BSE 100 TRI,-1.3,11.63,11.2,3.74,0.97,0.63,14.78,15.21,,,,,25,https://www.valueresearchonline.com/funds/41127/,INF109KC1O09,148516,10,6,3,4,23,Moderate Risk,Average
Invesco India ESG Integration Strategy Dir,equity,equity,Direct,-6.51,11.43,9.86,BSE 100 TRI,-1.3,11.63,11.2,-0.5,1,0.34,15.41,11.15,,,,,25,https://www.valueresearchonline.com/funds/41339/,INF205KA1338,148751,4,4,3,4,15,Moderate Risk,Average
Kotak ESG Exclusionary Strategy Dir,equity,equity,Direct,-1.17,12.31,9.4,BSE 100 TRI,-1.3,11.63,11.2,0.76,0.94,0.45,13.89,12.06,,,,,25,https://www.valueresearchonline.com/funds/41202/,INF174KA1FI4,148606,8,4,4,4,20,Moderate Risk,Average
Mirae Asset Nifty 100 ESG Sector Leaders ETF,equity,equity,Direct,-4,10.75,8.75,BSE 100 TRI,-1.3,11.63,11.2,-0.57,0.96,0.36,13.92,10.82,,,,,25,https://www.valueresearchonline.com/funds/41157/,INF769K01GQ3,148574,4,4,4,4,16,Moderate Risk,Average
Mirae Asset Nifty 100 ESG Sector Leaders FoF Dir,equity,equity,Direct,-4.05,10.65,8.56,BSE 100 TRI,-1.3,11.63,11.2,-0.66,0.96,0.35,13.93,10.73,,,,,1,https://www.valueresearchonline.com/funds/41160/,INF769K01GQ3,148574,4,4,4,4,16,Moderate Risk,Average
Quant ESG Integration Strategy Dir,equity,equity,Direct,18.07,22.27,21.47,BSE 100 TRI,-1.3,11.63,11.2,9.32,1.2,0.78,20.95,22.12,,,,,12,https://www.valueresearchonline.com/funds/41165/,INF966L01AD4,148564,12,8,1,2,23,High Risk,Average
Quantum ESG Best In Class Strategy Dir,equity,equity,Direct,-4.69,10.55,9,BSE 100 TRI,-1.3,11.63,11.2,-0.99,1.02,0.32,15.26,10.75,,,,,25,https://www.valueresearchonline.com/funds/40010/,INF082J01382,147372,4,4,3,3,14,Mod. High Risk,Average
SBI ESG Exclusionary Strategy Dir,equity,equity,Direct,-0.6,11.75,10.65,BSE 100 TRI,-1.3,11.63,11.2,0.08,0.98,0.4,14.58,11.63,,,,,25,https://www.valueresearchonline.com/funds/16219/,INF200K01SE0,119709,8,4,3,4,19,Moderate Risk,Average
WhiteOak Capital ESG Best-In-Class Strategy Dir,equity,equity,Direct,-4.91,,,BSE 100 TRI,-1.3,,,,,,,,,,,,25,https://www.valueresearchonline.com/funds/44645/,INF03VN01951,152962,1,1,1,1,4,High Risk,Poor
ABSL Nifty PSE ETF,equity,equity,Direct,2.66,,,BSE PSU TRI,10.01,,,,,,,,,,,,20,https://www.valueresearchonline.com/funds/44301/,INF209K01YN0,119550,1,1,1,1,4,High Risk,Poor
ABSL PSU Equity Dir,equity,equity,Direct,11.43,27.86,24.59,BSE PSU TRI,10.01,29.65,26.37,-0.54,0.96,0.93,23.63,27.89,,,,,25,https://www.valueresearchonline.com/funds/40480/,INF209KB1O82,147844,4,8,1,4,17,High Risk,Average
CPSE ETF,equity,equity,Direct,3.49,30.31,29.61,BSE PSU TRI,10.01,29.65,26.37,6.14,0.86,1.19,22.07,32.09,,,,,11,https://www.valueresearchonline.com/funds/25711/,INF209KB16F2,149780,12,10,1,4,27,High Risk,Good
Groww Nifty India Railways PSU ETF,equity,equity,Direct,-23.73,,,BSE PSU TRI,10.01,,,,,,,,,,,,17,https://www.valueresearchonline.com/funds/44875/,INF666M01JK4,153230,1,1,1,1,4,High Risk,Poor
Groww Nifty India Railways PSU Index Dir,equity,equity,Direct,-23.85,,,BSE PSU TRI,10.01,,,,,,,,,,,,17,https://www.valueresearchonline.com/funds/44878/,INF666M01JK4,153230,1,1,1,1,4,High Risk,Poor
Groww Nifty PSE ETF,equity,equity,Direct,,,,BSE PSU TRI,,,,,,,,,,,,,20,https://www.valueresearchonline.com/funds/45783/,INF666M01NR1,154164,1,1,1,1,4,High Risk,Poor
Groww Nifty PSE ETF FOF Dir,equity,equity,Direct,,,,BSE PSU TRI,,,,,,,,,,,,,1,https://www.valueresearchonline.com/funds/45786/,INF666M01NR1,154164,1,1,1,1,4,High Risk,Poor
ICICI Pru PSU Equity Dir,equity,equity,Direct,7.93,26.22,,BSE PSU TRI,10.01,29.65,,0.59,0.83,0.99,20.46,26.03,,,,,25,https://www.valueresearchonline.com/funds/42451/,INF109KC12I5,150539,8,8,1,5,22,High Risk,Average
Invesco India PSU Equity Dir,equity,equity,Direct,3.67,26.14,23.12,BSE PSU TRI,10.01,29.65,26.37,-0.82,0.96,0.9,24.22,27.68,,,,,24,https://www.valueresearchonline.com/funds/16831/,INF205K01NG5,120395,4,8,1,4,17,High Risk,Average
Kotak BSE PSU Index Dir,equity,equity,Direct,8.78,,,BSE PSU TRI,10.01,,,,,,,,,,,,25,https://www.valueresearchonline.com/funds/44430/,INF174KA1SL1,152755,1,1,1,1,4,High Risk,Poor
Motilal Oswal Nifty PSE ETF,equity,equity,Direct,2.29,,,BSE PSU TRI,10.01,,,,,,,,,,,,20,https://www.valueresearchonline.com/funds/45230/,INF247L01247,124234,1,1,1,1,4,High Risk,Poor
Quant PSU Dir,equity,equity,Direct,4.17,,,BSE PSU TRI,10.01,,,,,,,,,,,,11,https://www.valueresearchonline.com/funds/44142/,INF966L01DT4,152415,1,1,1,1,4,High Risk,Poor
SBI PSU Dir,equity,equity,Direct,9.92,29.79,24.28,BSE PSU TRI,10.01,29.65,26.37,2.36,0.93,1.05,23.07,30.07,,,,,20,https://www.valueresearchonline.com/funds/16311/,INF200K01UY4,119732,10,10,1,4,25,High Risk,Average
ABSL Consumption Dir,equity,equity,Direct,-4.94,11.27,12.11,BSE 500 TRI,0.79,13.68,12.33,-2,0.96,0.36,15.67,11.55,,,,,25,https://www.valueresearchonline.com/funds/15834/,INF209K01WC7,119591,4,4,3,4,15,Moderate Risk,Average
Axis Consumption Dir,equity,equity,Direct,-2.52,,,BSE 500 TRI,0.79,,,,,,,,,,,,25,https://www.valueresearchonline.com/funds/44466/,INF846K013X0,152805,1,1,1,1,4,High Risk,Poor
Axis NIFTY India Consumption ETF,equity,equity,Direct,-1.06,13.12,,BSE 500 TRI,0.79,13.68,,-0.32,0.98,0.46,16.42,13.38,,,,,25,https://www.valueresearchonline.com/funds/41685/,INF204KA1U61,134552,4,4,2,4,14,Mod. High Risk,Average
Bajaj Finserv Consumption Dir,equity,equity,Direct,-4.81,,,BSE 500 TRI,0.79,,,,,,,,,,,,25,https://www.valueresearchonline.com/funds/44689/,INF0QA701946,153075,1,1,1,1,4,High Risk,Poor
Bank of India Consumption Dir,equity,equity,Direct,1.21,,,BSE 500 TRI,0.79,,,,,,,,,,,,25,https://www.valueresearchonline.com/funds/44808/,INF761K01GI7,153139,1,1,1,1,4,High Risk,Poor
Baroda BNP Paribas India Consumption Dir,equity,equity,Direct,-3.51,11.83,12.61,BSE 500 TRI,0.79,13.68,12.33,-0.87,0.92,0.42,15.63,12.38,,,,,25,https://www.valueresearchonline.com/funds/37339/,INF251K01PT7,150266,4,4,3,4,15,Moderate Risk,Average
Canara Robeco Consumer Trends Dir,equity,equity,Direct,-4.17,12.54,13.44,BSE 500 TRI,0.79,13.68,12.33,-0.93,1,0.44,16.09,12.9,,,,,25,https://www.valueresearchonline.com/funds/16600/,INF760K01DU1,118273,4,4,2,4,14,Mod. High Risk,Average
Edelweiss Consumption Dir,equity,equity,Direct,-0.51,,,BSE 500 TRI,0.79,,,,,,,,,,,,25,https://www.valueresearchonline.com/funds/44882/,INF754K01TY2,153214,1,1,1,1,4,High Risk,Poor
Groww Nifty Non-Cyclical Consumer Index Dir,equity,equity,Direct,-6.3,,,BSE 500 TRI,0.79,,,,,,,,,,,,25,https://www.valueresearchonline.com/funds/44325/,INF666M01IE9,152637,1,1,1,1,4,High Risk,Poor
HDFC Consumption Dir,equity,equity,Direct,-3.39,,,BSE 500 TRI,0.79,,,,,,,,,,,,25,https://www.valueresearchonline.com/funds/43559/,INF179KC1GO3,151804,1,1,1,1,4,High Risk,Poor
HDFC Nifty India Consumption Index Dir,equity,equity,Direct,,,,BSE 500 TRI,,,,,,,,,,,,,25,https://www.valueresearchonline.com/funds/45800/,INF179KC1KA4,154179,1,1,1,1,4,High Risk,Poor
HSBC Consumption Dir,equity,equity,Direct,0.39,,,BSE 500 TRI,0.79,,,,,,,,,,,,25,https://www.valueresearchonline.com/funds/43710/,INF336L01QZ9,152032,1,1,1,1,4,High Risk,Poor
ICICI Pru Bharat Consumption Dir,equity,equity,Direct,-1.19,13.56,14.84,BSE 500 TRI,0.79,13.68,12.33,0.19,0.93,0.5,15.44,13.53,,,,,25,https://www.valueresearchonline.com/funds/39672/,INF109KC1YD4,146951,8,6,3,4,21,Moderate Risk,Average
ICICI Pru Nifty India Consumption ETF,equity,equity,Direct,-0.89,13.33,,BSE 500 TRI,0.79,13.68,,-0.13,0.98,0.47,16.44,13.57,,,,,25,https://www.valueresearchonline.com/funds/41802/,INF090I01VZ8,148304,4,4,2,4,14,Mod. High Risk,Average
ITI Bharat Consumption Dir,equity,equity,Direct,1.69,,,BSE 500 TRI,0.79,,,,,,,,,,,,25,https://www.valueresearchonline.com/funds/44922/,INF00XX01DG1,153260,1,1,1,1,4,High Risk,Poor
Invesco India Consumption Dir,equity,equity,Direct,,,,BSE 500 TRI,,,,,,,,,,,,,25,https://www.valueresearchonline.com/funds/45529/,INF205KA1BI6,153900,1,1,1,1,4,High Risk,Poor
Kotak Consumption Dir,equity,equity,Direct,4.08,,,BSE 500 TRI,0.79,,,,,,,,,,,,25,https://www.valueresearchonline.com/funds/43860/,INF174KA1PP8,152169,1,1,1,1,4,High Risk,Poor
Kotak NIFTY India Consumption ETF,equity,equity,Direct,-0.81,13.44,,BSE 500 TRI,0.79,13.68,,-0.04,0.98,0.47,16.44,13.66,,,,,25,https://www.valueresearchonline.com/funds/42398/,INF204KA1U61,134552,4,4,2,4,14,Mod. High Risk,Average
LIC MF Consumption Dir,equity,equity,Direct,,,,BSE 500 TRI,,,,,,,,,,,,,25,https://www.valueresearchonline.com/funds/45568/,INF767K01SD0,153948,1,1,1,1,4,High Risk,Poor
Mahindra Manulife Consumption Dir,equity,equity,Direct,-2.55,11.73,12.25,BSE 500 TRI,0.79,13.68,12.33,-1.2,0.94,0.4,15.75,12.22,,,,,25,https://www.valueresearchonline.com/funds/37847/,INF955L01JF3,152898,4,4,3,4,15,Moderate Risk,Average
Mirae Asset Great Consumer Dir,equity,equity,Direct,-0.85,12.7,14.66,BSE 500 TRI,0.79,13.68,12.33,-0.57,1.01,0.44,17.09,13.41,,,,,25,https://www.valueresearchonline.com/funds/16584/,INF769K01BL5,118837,4,4,2,3,13,Mod. High Risk,Average
Mirae Asset Nifty India New Age Consumption ETF,equity,equity,Direct,-3.11,,,BSE 500 TRI,0.79,,,,,,,,,,,,25,https://www.valueresearchonline.com/funds/44832/,INF769K01NP1,153192,1,1,1,1,4,High Risk,Poor
Mirae Asset Nifty India New Age Consumption ETF FoF Dir,equity,equity,Direct,-3.58,,,BSE 500 TRI,0.79,,,,,,,,,,,,1,https://www.valueresearchonline.com/funds/44835/,INF769K01NP1,153192,1,1,1,1,4,High Risk,Poor
Motilal Oswal Consumption Dir,equity,equity,Direct,,,,BSE 500 TRI,,,,,,,,,,,,,25,https://www.valueresearchonline.com/funds/45543/,INF247L01GA2,153913,1,1,1,1,4,High Risk,Poor
Motilal Oswal Nifty MidSmall India Consumption Index Dir,equity,equity,Direct,-8.47,,,BSE 500 TRI,0.79,,,,,,,,,,,,25,https://www.valueresearchonline.com/funds/44680/,INF247L01DU7,153025,1,1,1,1,4,High Risk,Poor
Nippon India Consumption Dir,equity,equity,Direct,-5.06,12.52,14.81,BSE 500 TRI,0.79,13.68,12.33,-1.01,0.97,0.41,16.33,12.58,,,,,25,https://www.valueresearchonline.com/funds/16131/,INF204K01G52,118724,4,4,2,4,14,Mod. High Risk,Average
Nippon India ETF Nifty India Consumption,equity,equity,Direct,-1,13.2,13.45,BSE 500 TRI,0.79,13.68,12.33,-0.25,0.98,0.46,16.43,13.45,,,,,25,https://www.valueresearchonline.com/funds/25700/,INF090I01VZ8,148304,4,4,2,4,14,Mod. High Risk,Average
Quant Consumption Dir,equity,equity,Direct,-0.23,,,BSE 500 TRI,0.79,,,,,,,,,,,,12,https://www.valueresearchonline.com/funds/44053/,INF966L01DN7,152336,1,1,1,1,4,High Risk,Poor
SBI Consumption Opportunities Dir,equity,equity,Direct,-7.32,9.27,14.09,BSE 500 TRI,0.79,13.68,12.33,-3.49,0.99,0.27,16.75,10.32,,,,,25,https://www.valueresearchonline.com/funds/17525/,INF200K01RM5,120575,2,4,2,4,12,Mod. High Risk,Poor
SBI Nifty Consumption ETF,equity,equity,Direct,-0.95,13.26,,BSE 500 TRI,0.79,13.68,,-0.21,0.98,0.46,16.44,13.5,,,,,25,https://www.valueresearchonline.com/funds/41572/,INF200K01SK7,120137,4,4,2,4,14,Mod. High Risk,Average
SBI Nifty India Consmpn Index Dir,equity,equity,Direct,-1.13,,,BSE 500 TRI,0.79,,,,,,,,,,,,25,https://www.valueresearchonline.com/funds/44672/,INF200KB1449,153015,1,1,1,1,4,High Risk,Poor
Sundaram Consumption Dir,equity,equity,Direct,-7.12,11.48,11.96,BSE 500 TRI,0.79,13.68,12.33,-1.25,0.95,0.38,16.52,12.2,,,,,25,https://www.valueresearchonline.com/funds/16163/,INF903J017I5,134363,4,4,2,4,14,Mod. High Risk,Average
Tata BSE Multicap Consmpn 50:30:20 Index Dir,equity,equity,Direct,,,,BSE 500 TRI,,,,,,,,,,,,,25,https://www.valueresearchonline.com/funds/45705/,INF277KA1EP8,154066,1,1,1,1,4,High Risk,Poor
Tata India Consumer Dir,equity,equity,Direct,4.36,16.06,15.47,BSE 500 TRI,0.79,13.68,12.33,2.53,0.97,0.61,16.9,16.16,,,,,25,https://www.valueresearchonline.com/funds/31360/,INF277K013A6,135805,10,6,2,4,22,Mod. High Risk,Average
UTI India Consumer Dir,equity,equity,Direct,-1.95,11.66,10.93,BSE 500 TRI,0.79,13.68,12.33,-1.75,0.98,0.37,16.49,11.94,,,,,25,https://www.valueresearchonline.com/funds/15894/,INF789F01VF3,120780,4,4,2,4,14,Mod. High Risk,Average
Union Consumption Dir,equity,equity,Direct,,,,BSE 500 TRI,,,,,,,,,,,,,25,https://www.valueresearchonline.com/funds/45669/,INF582M01MH3,154020,1,1,1,1,4,High Risk,Poor
WhiteOak Capital Consumption Opportunities Dir,equity,equity,Direct,,,,BSE 500 TRI,,,,,,,,,,,,,25,https://www.valueresearchonline.com/funds/45780/,INF03VN01AD3,154161,1,1,1,1,4,High Risk,Poor
360 ONE Silver ETF,equity,equity,Direct,103.8,,,Domestic Prices of Silver,111.09,,,,,,,,,,,,1,https://www.valueresearchonline.com/funds/45054/,INF579M01266,122715,1,1,1,1,4,High Risk,Poor
ABSL Silver ETF,equity,equity,Direct,104.63,45.35,,Domestic Prices of Silver,111.09,48.54,,-1.37,0.99,1.06,41.97,50.33,,,,,1,https://www.valueresearchonline.com/funds/42016/,INF209KB16F2,149780,4,10,1,4,19,High Risk,Average
ABSL Silver ETF FoF Dir,equity,equity,Direct,101.32,44.42,,Domestic Prices of Silver,111.09,48.54,,3.43,0.84,1.17,36.27,48.31,,,,,1,https://www.valueresearchonline.com/funds/42019/,INF209KB16F2,149780,10,10,1,5,26,High Risk,Average
Angel One Silver ETF,equity,equity,Direct,,,,Domestic Prices of Silver,,,,,,,,,,,,,1,https://www.valueresearchonline.com/funds/45828/,INF1J2R01155,154206,1,1,1,1,4,High Risk,Poor
Angel One Silver ETF FoF Dir,equity,equity,Direct,,,,Domestic Prices of Silver,,,,,,,,,,,,,1,https://www.valueresearchonline.com/funds/45827/,INF1J2R01155,154206,1,1,1,1,4,High Risk,Poor
Axis Silver ETF,equity,equity,Direct,104.25,45.73,,Domestic Prices of Silver,111.09,48.54,,-0.7,0.98,1.07,41.81,50.72,,,,,1,https://www.valueresearchonline.com/funds/42522/,INF846K01CR6,120438,4,10,1,4,19,High Risk,Average
Axis Silver FoF Dir,equity,equity,Direct,101.79,44.74,,Domestic Prices of Silver,111.09,48.54,,4.04,0.83,1.19,35.89,48.5,,,,,1,https://www.valueresearchonline.com/funds/42525/,INF846K01CR6,120438,12,10,1,5,28,High Risk,Good
Bandhan Silver ETF,equity,equity,Direct,,,,Domestic Prices of Silver,,,,,,,,,,,,,1,https://www.valueresearchonline.com/funds/45671/,INF194KB1KN9,154136,1,1,1,1,4,High Risk,Poor
Bandhan Silver ETF FoF Dir,equity,equity,Direct,,,,Domestic Prices of Silver,,,,,,,,,,,,,1,https://www.valueresearchonline.com/funds/45734/,INF194KB1KN9,154136,1,1,1,1,4,High Risk,Poor
DSP Silver ETF,equity,equity,Direct,104.51,45.51,,Domestic Prices of Silver,111.09,48.54,,-0.86,0.99,1.07,41.94,50.81,,,,,1,https://www.valueresearchonline.com/funds/42419/,INF740KA1VZ0,153487,4,10,1,4,19,High Risk,Average
DSP Silver ETF FoF Dir,equity,equity,Direct,103.14,,,Domestic Prices of Silver,111.09,,,,,,,,,,,,1,https://www.valueresearchonline.com/funds/45137/,INF740KA1VZ0,153487,1,1,1,1,4,High Risk,Poor
Edelweiss Silver ETF,equity,equity,Direct,104.03,,,Domestic Prices of Silver,111.09,,,,,,,,,,,,1,https://www.valueresearchonline.com/funds/43921/,INF754K01VZ5,154072,1,1,1,1,4,High Risk,Poor
Edelweiss Silver ETF FoF Dir,equity,equity,Direct,,,,Domestic Prices of Silver,,,,,,,,,,,,,1,https://www.valueresearchonline.com/funds/45702/,INF754K01VZ5,154072,1,1,1,1,4,High Risk,Poor
Groww Silver ETF,equity,equity,Direct,103.04,,,Domestic Prices of Silver,111.09,,,,,,,,,,,,1,https://www.valueresearchonline.com/funds/45150/,INF666M01KQ9,153525,1,1,1,1,4,High Risk,Poor
Groww Silver ETF FoF Dir,equity,equity,Direct,96.84,,,Domestic Prices of Silver,111.09,,,,,,,,,,,,1,https://www.valueresearchonline.com/funds/45153/,INF666M01KQ9,153525,1,1,1,1,4,High Risk,Poor
HDFC Silver ETF,equity,equity,Direct,103.79,45.42,,Domestic Prices of Silver,111.09,48.54,,-0.7,0.99,1.07,42.53,51.36,,,,,1,https://www.valueresearchonline.com/funds/42489/,INF179KC1DU7,150737,4,10,1,4,19,High Risk,Average
HDFC Silver ETF FoF Dir,equity,equity,Direct,100.81,44.44,,Domestic Prices of Silver,111.09,48.54,,1.71,0.89,1.13,38.13,49.05,,,,,1,https://www.valueresearchonline.com/funds/42666/,INF179KC1DU7,150737,8,10,1,4,23,High Risk,Average
ICICI Pru Silver ETF,equity,equity,Direct,104.77,45.7,,Domestic Prices of Silver,111.09,48.54,,-0.53,0.98,1.08,41.65,50.78,,,,,1,https://www.valueresearchonline.com/funds/41982/,INF109KC1Y98,149775,4,10,1,4,19,High Risk,Average
ICICI Pru Silver ETF FoF Dir,equity,equity,Direct,101.3,44.62,,Domestic Prices of Silver,111.09,48.54,,4.48,0.82,1.2,35.41,48.2,,,,,1,https://www.valueresearchonline.com/funds/42023/,INF109KC1Y98,149775,12,10,1,5,28,High Risk,Good
Kotak Silver ETF,equity,equity,Direct,104.43,45.53,,Domestic Prices of Silver,111.09,48.54,,-0.6,0.98,1.08,41.58,50.65,,,,,1,https://www.valueresearchonline.com/funds/42858/,INF174KA1MQ3,151603,4,10,1,4,19,High Risk,Average
Kotak Silver ETF FoF Dir,equity,equity,Direct,103.24,44.76,,Domestic Prices of Silver,111.09,48.54,,4.37,0.82,1.19,35.47,48.16,,,,,1,https://www.valueresearchonline.com/funds/43295/,INF174KA1MQ3,151603,12,10,1,5,28,High Risk,Good
Mirae Asset Silver ETF,equity,equity,Direct,104.22,45.46,,Domestic Prices of Silver,111.09,48.54,,,,,,,,,,,1,https://www.valueresearchonline.com/funds/43544/,INF769K01FY9,148419,1,1,1,1,4,High Risk,Poor
Mirae Asset Silver ETF FoF Dir,equity,equity,Direct,,,,Domestic Prices of Silver,,,,,,,,,,,,,1,https://www.valueresearchonline.com/funds/45902/,INF955L01JF3,152898,1,1,1,1,4,High Risk,Poor
Motilal Oswal Silver ETF,equity,equity,Direct,,,,Domestic Prices of Silver,,,,,,,,,,,,,1,https://www.valueresearchonline.com/funds/45453/,INF247L01247,124234,1,1,1,1,4,High Risk,Poor
Nippon India Silver ETF,equity,equity,Direct,104.04,45.31,,Domestic Prices of Silver,111.09,48.54,,-0.72,0.98,1.07,41.5,50.43,,,,,1,https://www.valueresearchonline.com/funds/41984/,INF204KC1378,149760,4,10,1,4,19,High Risk,Average
Nippon India Silver ETF FoF Dir,equity,equity,Direct,100.58,44.3,,Domestic Prices of Silver,111.09,48.54,,-1.41,0.98,1.06,41.68,49.89,,,,,1,https://www.valueresearchonline.com/funds/41987/,INF204KC1378,149760,4,10,1,4,19,High Risk,Average
SBI Silver ETF,equity,equity,Direct,104.25,,,Domestic Prices of Silver,111.09,,,,,,,,,,,,1,https://www.valueresearchonline.com/funds/44407/,INF200KB1233,152735,1,1,1,1,4,High Risk,Poor
SBI Silver ETF FoF Dir,equity,equity,Direct,103.52,,,Domestic Prices of Silver,111.09,,,,,,,,,,,,1,https://www.valueresearchonline.com/funds/44422/,INF200KB1233,152735,1,1,1,1,4,High Risk,Poor
Tata Silver ETF,equity,equity,Direct,105.31,,,Domestic Prices of Silver,111.09,,,,,,,,,,,,1,https://www.valueresearchonline.com/funds/44020/,INF277KA1943,152293,1,1,1,1,4,High Risk,Poor
Tata Silver ETF FoF Dir,equity,equity,Direct,97.45,,,Domestic Prices of Silver,111.09,,,,,,,,,,,,1,https://www.valueresearchonline.com/funds/44026/,INF277KA1943,152293,1,1,1,1,4,High Risk,Poor
UTI Silver ETF,equity,equity,Direct,102.74,44.67,,Domestic Prices of Silver,111.09,48.54,,-0.94,0.97,1.07,41.32,49.99,,,,,1,https://www.valueresearchonline.com/funds/43485/,INF789F1AYL4,151731,4,10,1,4,19,High Risk,Average
UTI Silver ETF FoF Dir,equity,equity,Direct,101.01,45.22,,Domestic Prices of Silver,111.09,48.54,,4,0.83,1.18,35.88,48.31,,,,,1,https://www.valueresearchonline.com/funds/43487/,INF789F1AYL4,151731,12,10,1,5,28,High Risk,Good
Zerodha Silver ETF,equity,equity,Direct,103.86,,,Domestic Prices of Silver,111.09,,,,,,,,,,,,1,https://www.valueresearchonline.com/funds/45052/,INF0R8F01109,153656,1,1,1,1,4,High Risk,Poor
Zerodha Silver ETF FoF Dir,equity,equity,Direct,,,,Domestic Prices of Silver,,,,,,,,,,,,,1,https://www.valueresearchonline.com/funds/45264/,INF0R8F01109,153656,1,1,1,1,4,High Risk,Poor
ABSL Value Dir,equity,equity,Direct,6.52,19.29,15.82,BSE 500 TRI,0.79,13.68,12.33,4.89,1.11,0.76,18.21,19.66,,,,,25,https://www.valueresearchonline.com/funds/15879/,INF209K01WQ7,119659,12,8,1,3,24,High Risk,Average
Axis Nifty500 Value 50 ETF,equity,equity,Direct,16.89,,,BSE 500 TRI,0.79,,,,,,,,,,,,25,https://www.valueresearchonline.com/funds/45050/,INF846K013Y8,152949,1,1,1,1,4,High Risk,Poor
Axis Nifty500 Value 50 Index Dir,equity,equity,Direct,16.77,,,BSE 500 TRI,0.79,,,,,,,,,,,,25,https://www.valueresearchonline.com/funds/44613/,INF846K013Y8,152949,1,1,1,1,4,High Risk,Poor
Axis Value Dir,equity,equity,Direct,6.3,20.72,,BSE 500 TRI,0.79,13.68,,6.75,0.97,0.94,15.38,20.39,,,,,25,https://www.valueresearchonline.com/funds/41696/,INF846K010C0,149166,12,8,3,4,27,Moderate Risk,Good
Bandhan Nifty 500 Value 50 Index Dir,equity,equity,Direct,16.32,,,BSE 500 TRI,0.79,,,,,,,,,,,,25,https://www.valueresearchonline.com/funds/44628/,INF194KB1IW4,152990,1,1,1,1,4,High Risk,Poor
Bandhan Value Dir,equity,equity,Direct,0.51,14.38,15.53,BSE 500 TRI,0.79,13.68,12.33,1.03,0.92,0.58,14.46,14.26,,,,,25,https://www.valueresearchonline.com/funds/16498/,INF194K01Z85,118481,8,6,3,4,21,Moderate Risk,Average
Baroda BNP Paribas Value Dir,equity,equity,Direct,-0.46,12.37,,BSE 500 TRI,0.79,13.68,,,,,,,,,,,25,https://www.valueresearchonline.com/funds/43508/,INF251K01SD5,151755,1,1,1,1,4,High Risk,Poor
Canara Robeco Value Dir,equity,equity,Direct,-1.28,14.47,,BSE 500 TRI,0.79,13.68,,1.05,0.98,0.58,15.22,14.72,,,,,25,https://www.valueresearchonline.com/funds/41625/,INF760K01JW4,149085,8,6,3,4,21,Moderate Risk,Average
DSP Value Fund Dir*,equity,equity,Direct,11.51,19.21,14.6,BSE 500 TRI*,0.79,13.68,12.33,7.7,0.65,1.15,11.19,18.76,,,,,25,https://www.valueresearchonline.com/funds/41194/,INF740KA1PP3,148595,12,10,5,6,33,Low Risk,Good
Groww Value Dir,equity,equity,Direct,1.39,16.82,13.49,BSE 500 TRI,0.79,13.68,12.33,2.65,0.95,0.68,15.09,16.14,,,,,25,https://www.valueresearchonline.com/funds/30921/,INF0QA701607,152162,10,6,3,4,23,Moderate Risk,Average
HDFC NIFTY50 Value 20 ETF,equity,equity,Direct,-5.72,9.4,,BSE 500 TRI,0.79,13.68,,-2.54,0.84,0.3,14.17,10.05,,,,,20,https://www.valueresearchonline.com/funds/42535/,INF179KB15Q6,145034,2,4,3,5,14,Moderate Risk,Average
HDFC Value Dir,equity,equity,Direct,4.12,18.58,15.79,BSE 500 TRI,0.79,13.68,12.33,3.82,1,0.76,15.59,17.69,,,,,25,https://www.valueresearchonline.com/funds/15989/,INF179K01VC4,118935,10,8,3,4,25,Moderate Risk,Average
HSBC Value Dir,equity,equity,Direct,3.4,21.37,18.63,BSE 500 TRI,0.79,13.68,12.33,6.78,1.03,0.91,16.59,20.89,,,,,25,https://www.valueresearchonline.com/funds/16269/,INF917K01HD4,151113,12,8,2,3,25,Mod. High Risk,Average
ICICI Pru Nifty200 Value 30 ETF,equity,equity,Direct,18.79,,,BSE 500 TRI,0.79,,,,,,,,,,,,25,https://www.valueresearchonline.com/funds/44607/,INF109KC13X2,152936,1,1,1,1,4,High Risk,Poor
ICICI Pru Nifty200 Value 30 Index Dir,equity,equity,Direct,18.8,,,BSE 500 TRI,0.79,,,,,,,,,,,,25,https://www.valueresearchonline.com/funds/44605/,INF109KC13X2,152936,1,1,1,1,4,High Risk,Poor
ICICI Pru Nifty50 Value 20 ETF,equity,equity,Direct,-5.76,9.3,10.02,BSE 500 TRI,0.79,13.68,12.33,-2.63,0.84,0.29,14.16,9.96,,,,,20,https://www.valueresearchonline.com/funds/32540/,INF109KC16T3,152365,2,4,3,5,14,Moderate Risk,Average
ICICI Pru Nifty50 Value 20 Index Dir,equity,equity,Direct,-5.81,,,BSE 500 TRI,0.79,,,,,,,,,,,,20,https://www.valueresearchonline.com/funds/44070/,INF109KC16T3,152365,1,1,1,1,4,High Risk,Poor
ICICI Pru Value Dir,equity,equity,Direct,-1.01,16.86,17.09,BSE 500 TRI,0.79,13.68,12.33,4.3,0.81,0.82,13.15,16.61,,,,,25,https://www.valueresearchonline.com/funds/15822/,INF109K010A6,120256,12,8,4,5,29,Low Risk,Good
ITI Value Dir,equity,equity,Direct,4.51,17.23,13.44,BSE 500 TRI,0.79,13.68,12.33,2.78,1.15,0.65,18.25,17.8,,,,,25,https://www.valueresearchonline.com/funds/41509/,INF00XX01AQ6,148972,10,6,1,3,20,High Risk,Average
Invesco India Contra Dir,equity,equity,Direct,-0.98,18.08,14.99,BSE 500 TRI,0.79,13.68,12.33,3.36,1.01,0.71,16.03,17.33,,,,,25,https://www.valueresearchonline.com/funds/16719/,INF205K01LE4,120348,10,6,2,3,21,Mod. High Risk,Average
JM Value Dir,equity,equity,Direct,-3.11,17.56,16.6,BSE 500 TRI,0.79,13.68,12.33,2.7,1.16,0.61,19.56,17.88,,,,,25,https://www.valueresearchonline.com/funds/16530/,INF192K01BT3,120486,10,6,1,2,19,High Risk,Average
Kotak Contra Dir,equity,equity,Direct,2.73,18.89,16.4,BSE 500 TRI,0.79,13.68,12.33,4.52,1.01,0.79,15.82,18.44,,,,,25,https://www.valueresearchonline.com/funds/16341/,INF174K01KZ9,119769,12,8,3,3,26,Mod. High Risk,Average
Kotak Nifty 50 Value 20 ETF,equity,equity,Direct,-5.53,9.5,10.16,BSE 500 TRI,0.79,13.68,12.33,-2.44,0.84,0.3,14.18,10.15,,,,,20,https://www.valueresearchonline.com/funds/31271/,INF174K01KM7,119757,2,4,3,5,14,Moderate Risk,Average
Kotak Nifty200 Value 30 Index Dir,equity,equity,Direct,,,,BSE 500 TRI,,,,,,,,,,,,,25,https://www.valueresearchonline.com/funds/45763/,INF174KA1YP0,154145,1,1,1,1,4,High Risk,Poor
LIC MF Value Dir,equity,equity,Direct,17.06,19.41,,BSE 500 TRI,0.79,13.68,,3.66,1.09,0.67,18.57,18.22,,,,,25,https://www.valueresearchonline.com/funds/37212/,INF397L01KU5,152018,10,6,1,3,20,High Risk,Average
Mahindra Manulife Value Dir,equity,equity,Direct,10.91,,,BSE 500 TRI,0.79,,,,,,,,,,,,25,https://www.valueresearchonline.com/funds/44934/,INF174V01CI9,153303,1,1,1,1,4,High Risk,Poor
Mirae Asset Nifty 500 Value 50 ETF,equity,equity,Direct,,,,BSE 500 TRI,,,,,,,,,,,,,25,https://www.valueresearchonline.com/funds/45914/,INF769K01GX9,148623,1,1,1,1,4,High Risk,Poor
Motilal Oswal BSE Enhanced Value ETF,equity,equity,Direct,12.35,29.88,,BSE 500 TRI,0.79,13.68,,14.3,1.27,1.09,22.41,30.34,,,,,25,https://www.valueresearchonline.com/funds/42441/,INF846K010C0,149166,12,10,1,2,25,High Risk,Average
Motilal Oswal BSE Enhanced Value Index Dir,equity,equity,Direct,12.16,29.36,,BSE 500 TRI,0.79,13.68,,13.89,1.27,1.08,22.33,29.9,,,,,25,https://www.valueresearchonline.com/funds/42443/,INF955L01JF3,152898,12,10,1,2,25,High Risk,Average
Nippon India ETF Nifty 50 Value 20,equity,equity,Direct,-5.75,9.27,9.92,BSE 500 TRI,0.79,13.68,12.33,-2.65,0.84,0.29,14.15,9.93,,,,,20,https://www.valueresearchonline.com/funds/30446/,INF204KB12Z0,148721,2,4,3,5,14,Moderate Risk,Average
Nippon India Nifty 50 Value 20 Index Dir,equity,equity,Direct,-5.85,9.22,9.89,BSE 500 TRI,0.79,13.68,12.33,-2.69,0.84,0.28,14.16,9.89,,,,,20,https://www.valueresearchonline.com/funds/41291/,INF204KB12Z0,148721,2,4,3,5,14,Moderate Risk,Average
Nippon India Value Dir,equity,equity,Direct,0.07,19.05,16.47,BSE 500 TRI,0.79,13.68,12.33,4.96,1.03,0.81,16.21,19.03,,,,,25,https://www.valueresearchonline.com/funds/16175/,INF204K01K49,118784,12,8,2,3,25,Mod. High Risk,Average
Quant Value Dir,equity,equity,Direct,20.41,26.46,,BSE 500 TRI,0.79,13.68,,10.59,1.23,0.94,21.64,26.29,,,,,23,https://www.valueresearchonline.com/funds/41848/,INF966L01AN3,149335,12,8,1,2,23,High Risk,Average
Quantum Value Dir,equity,equity,Direct,-5.26,13.45,11.2,BSE 500 TRI,0.79,13.68,12.33,1.19,0.86,0.59,13.69,13.92,,,,,25,https://www.valueresearchonline.com/funds/3181/,INF082J01036,103490,8,6,4,4,22,Moderate Risk,Average
SBI Contra Dir,equity,equity,Direct,-2.09,15.29,17.7,BSE 500 TRI,0.79,13.68,12.33,2.89,0.92,0.7,14.49,16.08,,,,,25,https://www.valueresearchonline.com/funds/16322/,INF200K01RA0,119835,10,6,3,4,23,Moderate Risk,Average
Sundaram Value Dir,equity,equity,Direct,-2.88,10.26,10.66,BSE 500 TRI,0.79,13.68,12.33,-2.82,0.92,0.31,14.56,10.41,,,,,25,https://www.valueresearchonline.com/funds/16169/,INF903J01NN3,119549,2,4,3,4,13,Moderate Risk,Average
Tata Value Dir,equity,equity,Direct,-0.35,15.94,15.41,BSE 500 TRI,0.79,13.68,12.33,2.65,0.99,0.67,15.73,16.43,,,,,25,https://www.valueresearchonline.com/funds/16952/,INF277K01ND1,119231,10,6,3,4,23,Moderate Risk,Average
Templeton India Value Dir,equity,equity,Direct,-1.06,14.7,15.8,BSE 500 TRI,0.79,13.68,12.33,1.5,0.93,0.6,14.8,14.79,,,,,25,https://www.valueresearchonline.com/funds/16824/,INF090I01GY2,118494,8,6,3,4,21,Moderate Risk,Average
UTI Nifty 500 Value 50 Index Dir,equity,equity,Direct,16.3,29.5,,BSE 500 TRI,0.79,13.68,,14.91,1.17,1.17,20.73,30.1,,,,,25,https://www.valueresearchonline.com/funds/43495/,INF789F1AYN0,151739,12,10,1,2,25,High Risk,Average
UTI Value Dir,equity,equity,Direct,-1.79,16.04,13.3,BSE 500 TRI,0.79,13.68,12.33,2.14,0.95,0.65,14.97,15.59,,,,,25,https://www.valueresearchonline.com/funds/15927/,INF789F01VB2,120751,10,6,3,4,23,Moderate Risk,Average
Union Value Dir,equity,equity,Direct,4.21,17.09,15.19,BSE 500 TRI,0.79,13.68,12.33,3.34,0.93,0.73,14.78,16.61,,,,,25,https://www.valueresearchonline.com/funds/38207/,INF582M01EK4,145473,10,6,3,4,23,Moderate Risk,Average
360 ONE ELSS Tax Saver Nifty 50 Index Reg,equity,equity,Regular,-3.87,9.47,,BSE 500 TRI,0.79,13.68,,-3.27,0.86,0.27,13.72,9.51,,,,,25,https://www.valueresearchonline.com/funds/42906/,INF579M01AL6,151164,2,4,4,4,14,Moderate Risk,Average
ABSL ELSS Tax Saver Reg,equity,equity,Regular,1.14,13.49,8.84,BSE 500 TRI,0.79,13.68,12.33,0.29,0.94,0.53,14.65,13.66,,,,,25,https://www.valueresearchonline.com/funds/24/,INF955L01IY6,152904,8,6,3,4,21,Moderate Risk,Average
Axis ELSS Tax Saver Reg,equity,equity,Regular,-1.62,10.9,7.43,BSE 500 TRI,0.79,13.68,12.33,-1.97,0.9,0.36,14.63,11.09,,,,,25,https://www.valueresearchonline.com/funds/10826/,INF846K01131,112323,4,4,3,4,15,Moderate Risk,Average
Bajaj Finserv ELSS Tax Saver Reg,equity,equity,Regular,2.11,,,BSE 500 TRI,0.79,,,,,,,,,,,,25,https://www.valueresearchonline.com/funds/44854/,INF0QA701AI4,153202,1,1,1,1,4,High Risk,Poor
Bandhan ELSS Tax Saver Reg,equity,equity,Regular,1.3,12.15,12.46,BSE 500 TRI,0.79,13.68,12.33,-0.88,0.89,0.45,13.97,12.14,,,,,25,https://www.valueresearchonline.com/funds/10032/,INF194K01292,111569,4,4,4,4,16,Moderate Risk,Average
Bank of Ind Midcap Tax 2 Reg,equity,equity,Regular,1.68,15.73,12.6,BSE 500 TRI,0.79,13.68,12.33,1.64,1.13,0.57,18.61,16.54,,,,,25,https://www.valueresearchonline.com/funds/36920/,INF955L01IY6,152904,8,6,1,3,18,High Risk,Average
Bank of India ELSS Tax Saver Eco,equity,equity,Regular,2.88,15.89,13.35,BSE 500 TRI,0.79,13.68,12.33,1.73,1.08,0.58,17.95,16.22,,,,,25,https://www.valueresearchonline.com/funds/10099/,INF761K01181,111710,8,6,2,3,19,Mod. High Risk,Average
Bank of India ELSS Tax Saver Reg,equity,equity,Regular,2.59,15.59,13.05,BSE 500 TRI,0.79,13.68,12.33,1.47,1.08,0.56,17.94,15.97,,,,,25,https://www.valueresearchonline.com/funds/10097/,INF761K01181,111710,8,6,2,3,19,Mod. High Risk,Average
Bank of India Midcap Tax Sr 1 Reg,equity,equity,Regular,6.68,16.87,13.94,BSE 500 TRI,0.79,13.68,12.33,2.63,1.15,0.61,19.24,17.68,,,,,25,https://www.valueresearchonline.com/funds/34772/,INF761K01DU9,141952,10,6,1,3,20,High Risk,Average
Baroda BNP Paribas ELSS Tax Saver  Reg,equity,equity,Regular,3.07,16.26,12.72,BSE 500 TRI,0.79,13.68,12.33,2.93,0.96,0.69,15.39,16.47,,,,,25,https://www.valueresearchonline.com/funds/3001/,INF251K01985,150156,10,6,3,4,23,Moderate Risk,Average
Canara Robeco ELSS Tax Saver Reg,equity,equity,Regular,0.34,12.94,11.22,BSE 500 TRI,0.79,13.68,12.33,-0.54,0.94,0.48,14.64,12.85,,,,,25,https://www.valueresearchonline.com/funds/59/,INF760K01100,111722,4,4,3,4,15,Moderate Risk,Average
DSP ELSS Tax Saver Reg,equity,equity,Regular,-0.62,16.86,13.48,BSE 500 TRI,0.79,13.68,12.33,2.4,0.99,0.66,15.7,16.2,,,,,25,https://www.valueresearchonline.com/funds/3985/,INF740K01185,104772,10,6,3,4,23,Moderate Risk,Average
Edelweiss ELSS Tax Saver Reg,equity,equity,Regular,1.95,14.08,12.23,BSE 500 TRI,0.79,13.68,12.33,0.72,0.99,0.56,15.47,14.51,,,,,25,https://www.valueresearchonline.com/funds/10125/,INF754K01517,111638,8,6,3,4,21,Moderate Risk,Average
Franklin India ELSS Tax Saver Reg,equity,equity,Regular,-4.2,14.54,12.74,BSE 500 TRI,0.79,13.68,12.33,0.89,0.93,0.57,14.58,14.17,,,,,25,https://www.valueresearchonline.com/funds/601/,INF761K01181,111710,8,6,3,4,21,Moderate Risk,Average
Groww ELSS Tax Saver Reg,equity,equity,Regular,-5.51,10.45,8.84,BSE 500 TRI,0.79,13.68,12.33,-2.87,0.97,0.31,15.68,10.77,,,,,25,https://www.valueresearchonline.com/funds/34681/,INF955L01IY6,152904,2,4,3,4,13,Moderate Risk,Average
HDFC ELSS Tax Saver Reg,equity,equity,Regular,-3.77,15.97,16.04,BSE 500 TRI,0.79,13.68,12.33,2.96,0.86,0.72,13.75,15.72,,,,,25,https://www.valueresearchonline.com/funds/854/,INF677K01064,151076,10,6,4,4,24,Moderate Risk,Average
HSBC ELSS Tax Saver Reg,equity,equity,Regular,3.03,17.35,13.65,BSE 500 TRI,0.79,13.68,12.33,2.99,1.01,0.67,16.44,16.95,,,,,25,https://www.valueresearchonline.com/funds/3112/,INF677K01064,151076,10,6,2,3,21,Mod. High Risk,Average
ICICI Pru ELSS Tax Saver,equity,equity,Regular,0.12,13.65,12.11,BSE 500 TRI,0.79,13.68,12.33,0.13,0.88,0.51,14,13.03,,,,,25,https://www.valueresearchonline.com/funds/640/,INF579M01AL6,151164,8,6,4,4,22,Moderate Risk,Average
ICICI Pru Long Term Wealth Enhancement,equity,equity,Regular,0.49,15.77,14.84,BSE 500 TRI,0.79,13.68,12.33,1.83,0.86,0.62,14.18,14.61,,,,,25,https://www.valueresearchonline.com/funds/34950/,INF846K015L0,151178,8,6,3,4,21,Moderate Risk,Average
ITI ELSS Tax Saver Reg,equity,equity,Regular,0.5,17.58,11.71,BSE 500 TRI,0.79,13.68,12.33,1.89,1.22,0.58,19.94,17.52,,,,,25,https://www.valueresearchonline.com/funds/40135/,INF00XX01374,147544,8,6,1,2,17,High Risk,Average
Invesco India ELSS Tax Saver Reg,equity,equity,Regular,-3.75,13.2,10.39,BSE 500 TRI,0.79,13.68,12.33,-0.9,1.03,0.45,16.51,13.23,,,,,25,https://www.valueresearchonline.com/funds/3913/,INF205K01270,104636,4,4,2,3,13,Mod. High Risk,Average
JM ELSS Tax Saver Reg,equity,equity,Regular,3.52,16.55,14.6,BSE 500 TRI,0.79,13.68,12.33,2.27,1.04,0.62,16.96,16.47,,,,,25,https://www.valueresearchonline.com/funds/6679/,INF192K01650,107288,10,6,2,3,21,Mod. High Risk,Average
Kotak ELSS Tax Saver Reg,equity,equity,Regular,-0.68,12.65,12,BSE 500 TRI,0.79,13.68,12.33,-1.08,0.96,0.43,15.38,12.49,,,,,25,https://www.valueresearchonline.com/funds/2937/,INF955L01IY6,152904,4,4,3,4,15,Moderate Risk,Average
LIC MF ELSS Tax Saver Reg,equity,equity,Regular,-4.37,11.19,10.68,BSE 500 TRI,0.79,13.68,12.33,-2.67,0.92,0.32,14.91,10.59,,,,,25,https://www.valueresearchonline.com/funds/405/,INF767K01956,100865,2,4,3,4,13,Moderate Risk,Average
Mahindra Manulife ELSS Tax Saver Reg,equity,equity,Regular,-5.29,9.82,10.19,BSE 500 TRI,0.79,13.68,12.33,-2.79,0.91,0.31,14.21,10.32,,,,,25,https://www.valueresearchonline.com/funds/32893/,INF174V01077,139783,2,4,3,4,13,Moderate Risk,Average
Mirae Asset ELSS Tax Saver Reg,equity,equity,Regular,2.07,14.68,12.05,BSE 500 TRI,0.79,13.68,12.33,0.77,1,0.56,15.58,14.64,,,,,25,https://www.valueresearchonline.com/funds/31316/,INF769K01DK3,135784,8,6,3,4,21,Moderate Risk,Average
Motilal Oswal ELSS Tax Saver Reg,equity,equity,Regular,5.88,22.41,17.59,BSE 500 TRI,0.79,13.68,12.33,7.6,1.16,0.79,21.36,22.72,,,,,25,https://www.valueresearchonline.com/funds/29160/,INF247L01544,133385,12,8,1,2,23,High Risk,Average
NJ ELSS Tax Saver Reg,equity,equity,Regular,-5.17,11.73,,BSE 500 TRI,0.79,13.68,,,,,,,,,,,25,https://www.valueresearchonline.com/funds/43363/,INF192K01650,107288,1,1,1,1,4,High Risk,Poor
Navi ELSS Tax Saver Nifty 50 Index Reg,equity,equity,Regular,-4.49,8.74,,BSE 500 TRI,0.79,13.68,,-3.96,0.87,0.22,13.74,8.83,,,,,25,https://www.valueresearchonline.com/funds/43189/,INF959L01GS4,151472,2,4,4,4,14,Moderate Risk,Average
Navi ELSS Tax Saver Reg,equity,equity,Regular,,,,,,,,,,,,,,,,,0,https://www.valueresearchonline.com/funds/31263/,INF959L01CF0,135655,1,1,1,1,4,High Risk,Poor
Nippon India ELSS Tax Saver Reg,equity,equity,Regular,2.17,15.83,14.01,BSE 500 TRI,0.79,13.68,12.33,2.52,0.98,0.68,15.29,16.19,,,,,25,https://www.valueresearchonline.com/funds/2816/,INF761K01181,111710,10,6,3,4,23,Moderate Risk,Average
PGIM India ELSS Tax Saver Reg,equity,equity,Regular,-3.11,9.06,10.16,BSE 500 TRI,0.79,13.68,12.33,-4.53,0.92,0.19,14.79,8.72,,,,,25,https://www.valueresearchonline.com/funds/31165/,INF663L01FQ8,135598,2,4,3,4,13,Moderate Risk,Average
Parag Parikh ELSS Tax Saver Reg,equity,equity,Regular,-8.62,11.43,12.76,BSE 500 TRI,0.79,13.68,12.33,-0.36,0.7,0.46,11.43,11.11,,,,,25,https://www.valueresearchonline.com/funds/40104/,INF879O01092,147482,4,4,5,6,19,Low Risk,Average
Quant ELSS Tax Saver Reg,equity,equity,Regular,10.9,17.85,15.71,BSE 500 TRI,0.79,13.68,12.33,3.81,1.11,0.69,18.51,18.59,,,,,25,https://www.valueresearchonline.com/funds/818/,INF966L01135,100175,10,6,1,3,20,High Risk,Average
Quantum ELSS Tax Saver Reg,equity,equity,Regular,-6.06,12.29,10.38,BSE 500 TRI,0.79,13.68,12.33,0.18,0.85,0.51,13.6,12.86,,,,,25,https://www.valueresearchonline.com/funds/33972/,INF082J01366,141070,8,6,4,5,23,Low Risk,Average
SBI ELSS Tax Saver Reg,equity,equity,Regular,-0.56,18.66,16.6,BSE 500 TRI,0.79,13.68,12.33,4.88,0.98,0.81,15.65,18.61,,,,,25,https://www.valueresearchonline.com/funds/198/,INF200K01495,105628,12,8,3,4,27,Moderate Risk,Good
SBI Long Term Advantage Sr IV Reg,equity,equity,Regular,2.22,11.19,14.04,BSE 500 TRI,0.79,13.68,12.33,-0.48,0.91,0.43,15.97,12.66,,,,,25,https://www.valueresearchonline.com/funds/33321/,INF200KA1LQ3,140488,4,4,3,4,15,Moderate Risk,Average
SBI Long Term Advantage Sr V Reg,equity,equity,Regular,1.55,21.2,16.66,BSE 500 TRI,0.79,13.68,12.33,5.51,0.97,0.81,16.29,19.1,,,,,25,https://www.valueresearchonline.com/funds/34958/,INF200KA1RU2,142139,12,8,2,4,26,Mod. High Risk,Average
SBI Long Term Advantage Sr VI Reg,equity,equity,Regular,0.29,14.83,13.77,BSE 500 TRI,0.79,13.68,12.33,0.26,1.1,0.5,18.03,14.89,,,,,25,https://www.valueresearchonline.com/funds/35969/,INF200KA1TM5,143176,8,6,1,3,18,High Risk,Average
Samco ELSS Tax Saver Reg,equity,equity,Regular,-8.04,5.46,,BSE 500 TRI,0.79,13.68,,-7.28,1.09,0.07,19.55,7.28,,,,,25,https://www.valueresearchonline.com/funds/42759/,INF0K1H01057,150839,2,4,1,3,10,High Risk,Poor
Shriram ELSS Tax Saver Reg,equity,equity,Regular,-1.73,8.93,8.16,BSE 500 TRI,0.79,13.68,12.33,-4.51,1,0.21,16.85,9.35,,,,,25,https://www.valueresearchonline.com/funds/38437/,INF680P01133,145820,2,4,2,4,12,Mod. High Risk,Poor
Sundaram  Long Term Tax Advantage IV Reg,equity,equity,Regular,9.65,17.6,19.76,BSE 500 TRI,0.79,13.68,12.33,3.71,1.04,0.65,18.54,17.89,,,,,25,https://www.valueresearchonline.com/funds/35871/,INF903JA1CX1,143077,10,6,1,3,20,High Risk,Average
Sundaram ELSS Tax Saver Reg,equity,equity,Regular,-2.35,11.56,11.19,BSE 500 TRI,0.79,13.68,12.33,-1.31,0.92,0.42,14.45,11.88,,,,,25,https://www.valueresearchonline.com/funds/89/,INF173K01361,149569,4,4,3,4,15,Moderate Risk,Average
Sundaram Long Term Micro Cap Tax Advantage III Reg,equity,equity,Regular,6.56,16.33,18.76,BSE 500 TRI,0.79,13.68,12.33,2.47,1.08,0.57,19.58,17,,,,,25,https://www.valueresearchonline.com/funds/32781/,INF903JA1427,139709,10,6,1,3,20,High Risk,Average
Sundaram Long Term Micro Cap Tax Advantage IV Reg,equity,equity,Regular,6.63,16.49,19.13,BSE 500 TRI,0.79,13.68,12.33,2.73,1.07,0.58,19.36,17.16,,,,,25,https://www.valueresearchonline.com/funds/33064/,INF903JA1930,141139,10,6,1,3,20,High Risk,Average
Sundaram Long Term Micro Cap Tax Advantage V Reg,equity,equity,Regular,6.97,17.18,18.46,BSE 500 TRI,0.79,13.68,12.33,3.2,1.08,0.61,19.46,17.7,,,,,25,https://www.valueresearchonline.com/funds/34224/,INF903JA1930,141139,10,6,1,3,20,High Risk,Average
Sundaram Long Term Micro Cap Tax Advantage VI Reg,equity,equity,Regular,5.65,16.6,18.82,BSE 500 TRI,0.79,13.68,12.33,2.67,1.07,0.58,19.37,17.1,,,,,25,https://www.valueresearchonline.com/funds/34429/,INF903JA1AX5,141565,10,6,1,3,20,High Risk,Average
Sundaram Long Term Tax Advantage III Reg,equity,equity,Regular,9.27,17.39,19.69,BSE 500 TRI,0.79,13.68,12.33,3.44,1.05,0.63,18.76,17.71,,,,,25,https://www.valueresearchonline.com/funds/35006/,INF903J019V4,135684,10,6,1,3,20,High Risk,Average
Tata ELSS Reg,equity,equity,Regular,3.54,14.59,13.06,BSE 500 TRI,0.79,13.68,12.33,1.06,1,0.57,15.82,14.94,,,,,25,https://www.valueresearchonline.com/funds/212/,INF277K01I52,132757,8,6,3,4,21,Moderate Risk,Average
Taurus ELSS Tax Saver Reg,equity,equity,Regular,-5.81,11.75,10.79,BSE 500 TRI,0.79,13.68,12.33,-0.97,0.88,0.42,14.49,11.95,,,,,25,https://www.valueresearchonline.com/funds/83/,INF044D01AC9,100480,4,4,3,4,15,Moderate Risk,Average
UTI ELSS Tax Saver Reg,equity,equity,Regular,-3.74,10.61,9.21,BSE 500 TRI,0.79,13.68,12.33,-2.72,0.95,0.33,15.03,10.78,,,,,25,https://www.valueresearchonline.com/funds/724/,INF789F01547,100821,2,4,3,4,13,Moderate Risk,Average
UTI MEPUS Reg,equity,equity,Regular,-4.7,9.49,8.78,BSE 500 TRI,0.79,13.68,12.33,-3,0.86,0.28,13.64,9.73,,,,,25,https://www.valueresearchonline.com/funds/1621/,INF767K01535,105823,2,4,4,4,14,Moderate Risk,Average
Union ELSS Tax Saver Reg,equity,equity,Regular,0.53,12.48,11.9,BSE 500 TRI,0.79,13.68,12.33,-0.7,0.93,0.46,14.61,12.57,,,,,25,https://www.valueresearchonline.com/funds/13521/,INF789F01547,100821,4,4,3,4,15,Moderate Risk,Average
WhiteOak Capital ELSS Tax Saver Reg,equity,equity,Regular,-0.5,16.91,,BSE 500 TRI,0.79,13.68,,3.24,0.93,0.71,15.02,16.59,,,,,25,https://www.valueresearchonline.com/funds/42485/,INF03VN01647,150589,10,6,3,4,23,Moderate Risk,Average
360 ONE Flexicap Reg,equity,equity,Regular,3.64,,,BSE 500 TRI,0.79,,,,,,,,,,,,25,https://www.valueresearchonline.com/funds/43545/,INF579M01AP7,151799,1,1,1,1,4,High Risk,Poor
360 ONE Focused Reg,equity,equity,Regular,1.75,12.94,12.56,BSE 500 TRI,0.79,13.68,12.33,-0.18,0.92,0.49,14.6,13.02,,,,,25,https://www.valueresearchonline.com/funds/28456/,INF579M01878,131578,4,4,3,4,15,Moderate Risk,Average
ABSL BSE 500 Momentum 50 Index Reg,equity,equity,Regular,,,,BSE 500 TRI,,,,,,,,,,,,,25,https://www.valueresearchonline.com/funds/45375/,INF209KC1605,153735,1,1,1,1,4,High Risk,Poor
ABSL BSE 500 Quality 50 Index Reg,equity,equity,Regular,,,,BSE 500 TRI,,,,,,,,,,,,,25,https://www.valueresearchonline.com/funds/45379/,INF209KC1639,153742,1,1,1,1,4,High Risk,Poor
ABSL Bal Bhavishya Yojna Reg,equity,equity,Regular,2.77,12.51,9.16,BSE 500 TRI,0.79,13.68,12.33,-0.43,0.97,0.48,15.36,13.19,,,,,25,https://www.valueresearchonline.com/funds/38819/,INF209KB1E76,146409,4,4,3,4,15,Moderate Risk,Average
ABSL Flexi Cap Reg,equity,equity,Regular,4.94,16.57,12.41,BSE 500 TRI,0.79,13.68,12.33,2.85,0.95,0.71,14.77,16.32,,,,,25,https://www.valueresearchonline.com/funds/561/,INF209K01AJ8,103166,10,6,3,4,23,Moderate Risk,Average
ABSL Focused Reg,equity,equity,Regular,0.28,14.53,11.6,BSE 500 TRI,0.79,13.68,12.33,1.21,0.9,0.59,14.14,14.26,,,,,25,https://www.valueresearchonline.com/funds/2865/,INF209K01LV0,108273,8,6,3,4,21,Moderate Risk,Average
ABSL Retirement 30s Reg,equity,equity,Regular,10.64,17,11.54,BSE 500 TRI,0.79,13.68,12.33,3,0.99,0.69,15.95,16.81,,,,,25,https://www.valueresearchonline.com/funds/39179/,INF209KB1H99,146577,10,6,3,4,23,Moderate Risk,Average
Abakkus Flexi Cap Reg,equity,equity,Regular,,,,BSE 500 TRI,,,,,,,,,,,,,25,https://www.valueresearchonline.com/funds/45681/,INF2JJD01169,154041,1,1,1,1,4,High Risk,Poor
Angel One Nifty Total Market ETF,equity,equity,Regular,0.19,,,BSE 500 TRI,0.79,,,,,,,,,,,,25,https://www.valueresearchonline.com/funds/44964/,INF1J2R01023,153330,1,1,1,1,4,High Risk,Poor
Angel One Nifty Total Market Index Reg,equity,equity,Regular,-0.6,,,BSE 500 TRI,0.79,,,,,,,,,,,,25,https://www.valueresearchonline.com/funds/44962/,INF1J2R01031,153331,1,1,1,1,4,High Risk,Poor
Angel One Nifty Total Market Momentum Quality 50 ETF,equity,equity,Regular,,,,BSE 500 TRI,,,,,,,,,,,,,25,https://www.valueresearchonline.com/funds/45605/,INF1J2R01122,153956,1,1,1,1,4,High Risk,Poor
Angel One Nifty Total Market Momentum Quality 50 Index Reg,equity,equity,Regular,,,,BSE 500 TRI,,,,,,,,,,,,,25,https://www.valueresearchonline.com/funds/45606/,INF1J2R01130,153955,1,1,1,1,4,High Risk,Poor
Axis Flexi Cap Reg,equity,equity,Regular,1.75,13.68,9.9,BSE 500 TRI,0.79,13.68,12.33,-0.51,0.96,0.47,15.38,13.07,,,,,25,https://www.valueresearchonline.com/funds/34709/,INF846K01B51,141927,4,4,3,4,15,Moderate Risk,Average
Axis Focused Reg,equity,equity,Regular,-3.1,9.36,5.47,BSE 500 TRI,0.79,13.68,12.33,-4.23,0.91,0.2,14.86,8.9,,,,,25,https://www.valueresearchonline.com/funds/14951/,INF846K01CH7,117560,2,4,3,4,13,Moderate Risk,Average
Axis Nifty 500 Index Reg,equity,equity,Regular,-0.97,,,BSE 500 TRI,0.79,,,,,,,,,,,,25,https://www.valueresearchonline.com/funds/44412/,INF846K018W1,152730,1,1,1,1,4,High Risk,Poor
Axis Nifty500 Momentum 50 Index Reg,equity,equity,Regular,-2.54,,,BSE 500 TRI,0.79,,,,,,,,,,,,25,https://www.valueresearchonline.com/funds/44904/,INF846KA1036,153245,1,1,1,1,4,High Risk,Poor
Axis Nifty500 Quality 50 Index Reg,equity,equity,Regular,,,,BSE 500 TRI,,,,,,,,,,,,,25,https://www.valueresearchonline.com/funds/45467/,INF846KA1192,153830,1,1,1,1,4,High Risk,Poor
Bajaj Finserv Flexi Cap Reg,equity,equity,Regular,4.56,,,BSE 500 TRI,0.79,,,,,,,,,,,,25,https://www.valueresearchonline.com/funds/43651/,INF0QA701383,151898,1,1,1,1,4,High Risk,Poor
Bandhan Flexi Cap Reg,equity,equity,Regular,-0.15,13.46,11.14,BSE 500 TRI,0.79,13.68,12.33,0.64,0.88,0.55,13.87,13.54,,,,,25,https://www.valueresearchonline.com/funds/2886/,INF194K01391,108594,8,6,4,4,22,Moderate Risk,Average
Bandhan Focused Reg,equity,equity,Regular,0.72,15.3,12,BSE 500 TRI,0.79,13.68,12.33,2.07,0.98,0.59,16.71,15.75,,,,,25,https://www.valueresearchonline.com/funds/3151/,INF194K01466,108592,10,6,2,4,22,Mod. High Risk,Average
Bandhan Nifty 500 Momentum 50 Index Reg,equity,equity,Regular,-2.67,,,BSE 500 TRI,0.79,,,,,,,,,,,,25,https://www.valueresearchonline.com/funds/44629/,INF194KB1DS3,150592,1,1,1,1,4,High Risk,Poor
Bandhan Nifty Alpha 50 Index Reg,equity,equity,Regular,-0.64,,,BSE 500 TRI,0.79,,,,,,,,,,,,25,https://www.valueresearchonline.com/funds/43862/,INF194KB1GX6,152179,1,1,1,1,4,High Risk,Poor
Bandhan Nifty Total Mkt Index Reg,equity,equity,Regular,-0.75,,,BSE 500 TRI,0.79,,,,,,,,,,,,25,https://www.valueresearchonline.com/funds/44402/,INF194KB1IH5,152717,1,1,1,1,4,High Risk,Poor
Bank of India Flexi Cap Reg,equity,equity,Regular,7.76,21.23,16.4,BSE 500 TRI,0.79,13.68,12.33,6.18,1.12,0.8,19.04,21.01,,,,,25,https://www.valueresearchonline.com/funds/41016/,INF955L01IY6,152904,12,8,1,3,24,High Risk,Average
Baroda BNP Paribas Children's Reg,equity,equity,Regular,3.57,,,BSE 500 TRI,0.79,,,,,,,,,,,,25,https://www.valueresearchonline.com/funds/44778/,INF251K01UC3,153170,1,1,1,1,4,High Risk,Poor
Baroda BNP Paribas Flexi Cap Reg,equity,equity,Regular,0.37,13.81,,BSE 500 TRI,0.79,13.68,,0.95,1,0.56,15.88,14.79,,,,,25,https://www.valueresearchonline.com/funds/42310/,INF251K01QW9,150385,8,6,3,4,21,Moderate Risk,Average
Baroda BNP Paribas Focused Reg,equity,equity,Regular,-6.13,9.83,9.66,BSE 500 TRI,0.79,13.68,12.33,-3.21,1.08,0.31,17.29,11.28,,,,,25,https://www.valueresearchonline.com/funds/34651/,INF251K01PK6,150263,2,4,2,3,11,Mod. High Risk,Poor
Canara Robeco Flexi Cap Reg,equity,equity,Regular,-1.14,12.57,10.71,BSE 500 TRI,0.79,13.68,12.33,-0.94,0.93,0.45,14.52,12.37,,,,,25,https://www.valueresearchonline.com/funds/1839/,INF760K01019,101922,4,4,3,4,15,Moderate Risk,Average
Canara Robeco Focused Reg,equity,equity,Regular,-2.85,13.43,12.52,BSE 500 TRI,0.79,13.68,12.33,0.03,0.92,0.5,14.62,13.24,,,,,25,https://www.valueresearchonline.com/funds/41456/,INF760K01JT0,148884,8,6,3,4,21,Moderate Risk,Average
Capitalmind Flexi Cap Reg,equity,equity,Regular,,,,BSE 500 TRI,,,,,,,,,,,,,25,https://www.valueresearchonline.com/funds/45312/,INF226401026,153739,1,1,1,1,4,High Risk,Poor
DSP Flexi Cap Reg,equity,equity,Regular,-0.3,13.91,10.92,BSE 500 TRI,0.79,13.68,12.33,0.05,0.97,0.51,15.42,13.69,,,,,25,https://www.valueresearchonline.com/funds/393/,INF740K01037,105875,8,6,3,4,21,Moderate Risk,Average
DSP Focused Reg,equity,equity,Regular,0.62,16.24,11.06,BSE 500 TRI,0.79,13.68,12.33,1.46,0.96,0.59,15.52,14.98,,,,,25,https://www.valueresearchonline.com/funds/11183/,INF740K01532,112901,8,6,3,4,21,Moderate Risk,Average
DSP Nifty 500 Index Reg,equity,equity,Regular,,,,BSE 500 TRI,,,,,,,,,,,,,25,https://www.valueresearchonline.com/funds/45717/,INF740KA1XV5,154090,1,1,1,1,4,High Risk,Poor
DSP Nifty500 Flexicap Quality 30 ETF,equity,equity,Regular,,,,BSE 500 TRI,,,,,,,,,,,,,25,https://www.valueresearchonline.com/funds/45521/,INF740KA1WR5,153801,1,1,1,1,4,High Risk,Poor
DSP Nifty500 Flexicap Quality 30 Index Reg,equity,equity,Regular,,,,BSE 500 TRI,,,,,,,,,,,,,25,https://www.valueresearchonline.com/funds/45444/,INF740KA1WO2,153802,1,1,1,1,4,High Risk,Poor
Edelweiss Flexi Cap Reg,equity,equity,Regular,0.51,15.4,13.27,BSE 500 TRI,0.79,13.68,12.33,1.81,0.99,0.63,15.46,15.55,,,,,25,https://www.valueresearchonline.com/funds/29261/,INF843K01KN5,140355,8,6,3,4,21,Moderate Risk,Average
Edelweiss Focused Reg,equity,equity,Regular,-0.55,13.93,,BSE 500 TRI,0.79,13.68,,0.29,0.98,0.52,15.54,14.01,,,,,25,https://www.valueresearchonline.com/funds/42296/,INF754K01OL0,150382,8,6,3,4,21,Moderate Risk,Average
Franklin India Flexi Cap Reg,equity,equity,Regular,-3.11,14.98,13.54,BSE 500 TRI,0.79,13.68,12.33,1.35,0.92,0.6,14.46,14.58,,,,,25,https://www.valueresearchonline.com/funds/116/,INF955L01IY6,152904,8,6,3,4,21,Moderate Risk,Average
Franklin India Focused Equity Reg,equity,equity,Regular,-6.37,10.71,11.37,BSE 500 TRI,0.79,13.68,12.33,-1.52,0.88,0.39,14.11,11.36,,,,,25,https://www.valueresearchonline.com/funds/5141/,INF955L01IY6,152904,4,4,3,4,15,Moderate Risk,Average
Groww Nifty 500 Low Volatility 50 ETF,equity,equity,Regular,0.79,,,BSE 500 TRI,0.79,,,,,,,,,,,,25,https://www.valueresearchonline.com/funds/45217/,INF666M01EK5,145589,1,1,1,1,4,High Risk,Poor
Groww Nifty 500 Momentum 50 ETF,equity,equity,Regular,-2.05,,,BSE 500 TRI,0.79,,,,,,,,,,,,25,https://www.valueresearchonline.com/funds/45094/,INF666M01JX7,153453,1,1,1,1,4,High Risk,Poor
Groww Nifty 500 Momentum 50 ETF FoF Reg,equity,equity,Regular,-2.31,,,BSE 500 TRI,0.79,,,,,,,,,,,,1,https://www.valueresearchonline.com/funds/45095/,INF666M01KC9,153456,1,1,1,1,4,High Risk,Poor
Groww Nifty Total Market Index Reg,equity,equity,Regular,-0.65,,,BSE 500 TRI,0.79,,,,,,,,,,,,25,https://www.valueresearchonline.com/funds/43804/,INF666M01HJ0,152127,1,1,1,1,4,High Risk,Poor
HDFC BSE 500 ETF,equity,equity,Regular,-0.36,13.28,,BSE 500 TRI,0.79,13.68,,-0.33,1,0.5,15.4,13.53,,,,,25,https://www.valueresearchonline.com/funds/43117/,INF179KA1IZ7,128629,4,6,3,4,17,Moderate Risk,Average
HDFC BSE 500 Index Reg,equity,equity,Regular,-0.91,12.37,,BSE 500 TRI,0.79,13.68,,-1.13,1,0.45,15.34,12.69,,,,,25,https://www.valueresearchonline.com/funds/43476/,INF179KC1GH7,151729,4,4,3,4,15,Moderate Risk,Average
HDFC Diversified Equity All Cap Active FoF Reg,equity,equity,Regular,,,,BSE 500 TRI,,,,,,,,,,,,,5,https://www.valueresearchonline.com/funds/45483/,INF179KC1JR0,153861,1,1,1,1,4,High Risk,Poor
HDFC Flexi Cap Reg,equity,equity,Regular,1.48,17.96,17.7,BSE 500 TRI,0.79,13.68,12.33,4.62,0.82,0.85,13.11,17.06,,,,,25,https://www.valueresearchonline.com/funds/219/,INF277KA1299,149351,12,8,4,5,29,Low Risk,Good
HDFC Focused Reg,equity,equity,Regular,0.39,17.38,18.68,BSE 500 TRI,0.79,13.68,12.33,4.03,0.79,0.81,12.81,16.25,,,,,25,https://www.valueresearchonline.com/funds/2372/,INF767K01535,105823,12,8,4,5,29,Low Risk,Good
HDFC Retirement Savings Equity Reg,equity,equity,Regular,-4.28,12,13.37,BSE 500 TRI,0.79,13.68,12.33,-0.9,0.86,0.44,13.54,11.87,,,,,25,https://www.valueresearchonline.com/funds/31779/,INF955L01IY6,152904,4,4,4,4,16,Moderate Risk,Average
HSBC Flexi Cap Reg,equity,equity,Regular,2.53,17.6,14.15,BSE 500 TRI,0.79,13.68,12.33,3.42,1.08,0.7,17.31,17.96,,,,,25,https://www.valueresearchonline.com/funds/2072/,INF336L01AF5,102252,10,6,2,3,21,Mod. High Risk,Average
HSBC Focused Reg,equity,equity,Regular,4.22,15.18,11.33,BSE 500 TRI,0.79,13.68,12.33,1.22,1.03,0.56,16.85,15.3,,,,,25,https://www.valueresearchonline.com/funds/41020/,INF336L01PE6,148409,8,6,2,3,19,Mod. High Risk,Average
Helios Flexi Cap Reg,equity,equity,Regular,6.98,,,BSE 500 TRI,0.79,,,,,,,,,,,,25,https://www.valueresearchonline.com/funds/43837/,INF0R8701012,152136,1,1,1,1,4,High Risk,Poor
ICICI Pru BSE 500 ETF,equity,equity,Regular,-0.39,13.27,11.84,BSE 500 TRI,0.79,13.68,12.33,-0.33,1,0.5,15.4,13.52,,,,,25,https://www.valueresearchonline.com/funds/36037/,INF109KC1V91,149331,4,6,3,4,17,Moderate Risk,Average
ICICI Pru BSE 500 ETF FOF,equity,equity,Regular,-0.99,12.27,,BSE 500 TRI,0.79,13.68,,-0.95,0.99,0.46,15.3,12.83,,,,,1,https://www.valueresearchonline.com/funds/41850/,INF084M01077,132174,4,4,3,4,15,Moderate Risk,Average
ICICI Pru Diversified Equity All Cap Active FoF,equity,equity,Regular,,,,BSE 500 TRI,,,,,,,,,,,,,5,https://www.valueresearchonline.com/funds/45887/,INF2JJD01169,154041,1,1,1,1,4,High Risk,Poor
ICICI Pru Diversified Equity All Cap Omni FoF,equity,equity,Regular,1.22,18,15.92,BSE 500 TRI,0.79,13.68,12.33,4.2,0.92,0.8,14.38,17.42,,,,,10,https://www.valueresearchonline.com/funds/40660/,INF2JJD01169,154041,12,8,3,4,27,Moderate Risk,Good
ICICI Pru Flexicap,equity,equity,Regular,6.65,16.73,,BSE 500 TRI,0.79,13.68,,2.36,0.96,0.65,15.38,15.88,,,,,25,https://www.valueresearchonline.com/funds/41523/,INF247L01GM7,154113,10,6,3,4,23,Moderate Risk,Average
ICICI Pru Focused Equity,equity,equity,Regular,1.86,19.04,16.39,BSE 500 TRI,0.79,13.68,12.33,4.55,0.96,0.8,15.28,18.07,,,,,25,https://www.valueresearchonline.com/funds/10399/,INF192K01577,107410,12,8,3,4,27,Moderate Risk,Good
ICICI Pru Nifty 500 Index,equity,equity,Regular,-0.88,,,BSE 500 TRI,0.79,,,,,,,,,,,,25,https://www.valueresearchonline.com/funds/44818/,INF579M01AL6,151164,1,1,1,1,4,High Risk,Poor
ICICI Pru Retirement Pure Equity,equity,equity,Regular,6.51,22.85,20.81,BSE 500 TRI,0.79,13.68,12.33,8.29,1.03,1,16.54,22.42,,,,,25,https://www.valueresearchonline.com/funds/39053/,INF666M01FJ4,145605,12,10,2,3,27,Mod. High Risk,Good
ITI Flexi Cap Reg,equity,equity,Regular,7.28,19.04,,BSE 500 TRI,0.79,13.68,,3.74,1.07,0.71,17.24,18.14,,,,,25,https://www.valueresearchonline.com/funds/43118/,INF00XX01CL3,151377,10,6,2,3,21,Mod. High Risk,Average
ITI Focused Reg,equity,equity,Regular,6.02,17.69,,BSE 500 TRI,0.79,13.68,,,,,,,,,,,25,https://www.valueresearchonline.com/funds/43532/,INF00XX01CV2,151778,1,1,1,1,4,High Risk,Poor
Invesco India Flexi Cap Reg,equity,equity,Regular,0.37,19.03,,BSE 500 TRI,0.79,13.68,,3.44,1.04,0.69,17.17,17.64,,,,,25,https://www.valueresearchonline.com/funds/42012/,INF205KA1460,149766,10,6,2,3,21,Mod. High Risk,Average
Invesco India Focused Reg,equity,equity,Regular,-1.2,22.01,15.58,BSE 500 TRI,0.79,13.68,12.33,6.27,1.02,0.83,17.49,20.3,,,,,24,https://www.valueresearchonline.com/funds/41094/,INF205KA1189,148483,12,8,2,3,25,Mod. High Risk,Average
JM Flexicap Reg,equity,equity,Regular,-0.65,16.89,16.38,BSE 500 TRI,0.79,13.68,12.33,2.87,1.05,0.65,17.41,17.16,,,,,25,https://www.valueresearchonline.com/funds/8653/,INF192K01635,109522,10,6,2,3,21,Mod. High Risk,Average
JM Focused Reg,equity,equity,Regular,-0.36,14.09,13.15,BSE 500 TRI,0.79,13.68,12.33,0.49,1.04,0.52,17.14,14.69,,,,,25,https://www.valueresearchonline.com/funds/6673/,INF192K01577,107410,8,6,2,3,19,Mod. High Risk,Average
Kotak Flexicap Reg,equity,equity,Regular,-0.55,14.16,11.74,BSE 500 TRI,0.79,13.68,12.33,0.62,0.94,0.55,14.95,14.03,,,,,25,https://www.valueresearchonline.com/funds/10594/,INF178L01BO1,133782,8,6,3,4,21,Moderate Risk,Average
Kotak Focused Reg,equity,equity,Regular,7.6,16.13,12.89,BSE 500 TRI,0.79,13.68,12.33,1.94,0.93,0.64,14.54,15.23,,,,,25,https://www.valueresearchonline.com/funds/40096/,INF174KA1EK3,147477,8,6,3,4,21,Moderate Risk,Average
Kotak Nifty Alpha 50 ETF,equity,equity,Regular,0.22,20.47,,BSE 500 TRI,0.79,13.68,,5.49,1.34,0.7,23.22,22.11,,,,,25,https://www.valueresearchonline.com/funds/41896/,INF174K01KH7,123693,12,6,1,1,20,High Risk,Average
Kotak Nifty Alpha 50 Index Reg,equity,equity,Regular,,,,BSE 500 TRI,,,,,,,,,,,,,25,https://www.valueresearchonline.com/funds/45400/,INF174KA1XJ5,153784,1,1,1,1,4,High Risk,Poor
Kotak Nifty500 Momentum 50 Index Reg,equity,equity,Regular,,,,BSE 500 TRI,,,,,,,,,,,,,25,https://www.valueresearchonline.com/funds/45644/,INF174KA1YF1,154030,1,1,1,1,4,High Risk,Poor
LIC MF Children's Reg,equity,equity,Regular,2.68,10.18,8.3,BSE 500 TRI,0.79,13.68,12.33,-2.95,0.9,0.28,14.95,10.08,,,,,25,https://www.valueresearchonline.com/funds/1135/,INF767K01048,101271,2,4,3,4,13,Moderate Risk,Average
LIC MF Flexi Cap Reg,equity,equity,Regular,6.11,12.68,11.03,BSE 500 TRI,0.79,13.68,12.33,-1.7,0.97,0.38,15.97,11.95,,,,,25,https://www.valueresearchonline.com/funds/134/,INF767K01071,100313,4,4,3,4,15,Moderate Risk,Average
LIC MF Focused Reg,equity,equity,Regular,-2.71,10.22,9.82,BSE 500 TRI,0.79,13.68,12.33,-3.48,0.94,0.26,15.54,9.9,,,,,25,https://www.valueresearchonline.com/funds/34736/,INF397L01KE9,152009,2,4,3,4,13,Moderate Risk,Average
Mahindra Manulife Flexi Cap Reg,equity,equity,Regular,-3.44,11.81,,BSE 500 TRI,0.79,13.68,,-1.13,0.94,0.43,14.65,12.24,,,,,25,https://www.valueresearchonline.com/funds/41631/,INF955L01IY6,152904,4,4,3,4,15,Moderate Risk,Average
Mahindra Manulife Focused Reg,equity,equity,Regular,1.11,17.06,14.78,BSE 500 TRI,0.79,13.68,12.33,3.54,0.91,0.74,14.62,16.67,,,,,25,https://www.valueresearchonline.com/funds/41167/,INF174V01AD4,148571,10,6,3,4,23,Moderate Risk,Average
Mirae Asset Flexi Cap Reg,equity,equity,Regular,1.73,13.61,,BSE 500 TRI,0.79,13.68,,0.37,0.93,0.54,14.55,13.7,,,,,25,https://www.valueresearchonline.com/funds/43132/,INF769K01JG8,151414,8,6,3,4,21,Moderate Risk,Average
Mirae Asset Focused Reg,equity,equity,Regular,-6.66,7.43,6.62,BSE 500 TRI,0.79,13.68,12.33,-5.69,0.94,0.12,15.49,7.71,,,,,25,https://www.valueresearchonline.com/funds/39821/,INF769K01ES4,147203,2,4,3,4,13,Moderate Risk,Average
Mirae Asset Nifty Total Market Index Reg,equity,equity,Regular,-0.53,,,BSE 500 TRI,0.79,,,,,,,,,,,,25,https://www.valueresearchonline.com/funds/44599/,INF769K01MA5,152970,1,1,1,1,4,High Risk,Poor
Motilal Oswal BSE 1000 Index Reg,equity,equity,Regular,,,,BSE 500 TRI,,,,,,,,,,,,,25,https://www.valueresearchonline.com/funds/45218/,INF247L01FN7,153597,1,1,1,1,4,High Risk,Poor
Motilal Oswal Diversified Equity Flexicap Passive FoF Reg,equity,equity,Regular,,,,BSE 500 TRI,,,,,,,,,,,,,3,https://www.valueresearchonline.com/funds/45728/,INF247L01GM7,154113,1,1,1,1,4,High Risk,Poor
Motilal Oswal Flexi Cap Reg,equity,equity,Regular,-7.05,17.98,11.51,BSE 500 TRI,0.79,13.68,12.33,4.84,0.95,0.72,17.35,18.33,,,,,25,https://www.valueresearchonline.com/funds/26123/,INF955L01IY6,152904,12,6,2,4,24,Mod. High Risk,Average
Motilal Oswal Focused Reg,equity,equity,Regular,14.09,11.64,8.77,BSE 500 TRI,0.79,13.68,12.33,-2.48,1.06,0.31,19.17,11.86,,,,,25,https://www.valueresearchonline.com/funds/19512/,INF247L01155,122387,2,4,1,3,10,High Risk,Poor
Motilal Oswal Nifty 500 ETF,equity,equity,Regular,0.06,,,BSE 500 TRI,0.79,,,,,,,,,,,,25,https://www.valueresearchonline.com/funds/43812/,INF247L01247,124234,1,1,1,1,4,High Risk,Poor
Motilal Oswal Nifty 500 Index Reg,equity,equity,Regular,-0.62,12.96,11.27,BSE 500 TRI,0.79,13.68,12.33,-0.6,1,0.48,15.43,13.27,,,,,25,https://www.valueresearchonline.com/funds/40239/,INF247L01AF4,147795,4,4,3,4,15,Moderate Risk,Average
Motilal Oswal Nifty 500 Momentum 50 ETF,equity,equity,Regular,-2.19,,,BSE 500 TRI,0.79,,,,,,,,,,,,25,https://www.valueresearchonline.com/funds/44555/,INF247L01DL6,152875,1,1,1,1,4,High Risk,Poor
Motilal Oswal Nifty 500 Momentum 50 Index Reg,equity,equity,Regular,-2.62,,,BSE 500 TRI,0.79,,,,,,,,,,,,25,https://www.valueresearchonline.com/funds/44553/,INF247L01DM4,152876,1,1,1,1,4,High Risk,Poor
Motilal Oswal Nifty Alpha 50 ETF,equity,equity,Regular,,,,BSE 500 TRI,,,,,,,,,,,,,25,https://www.valueresearchonline.com/funds/45363/,INF247L01EJ8,153258,1,1,1,1,4,High Risk,Poor
NJ Flexi Cap Reg,equity,equity,Regular,-4.19,,,BSE 500 TRI,0.79,,,,,,,,,,,,25,https://www.valueresearchonline.com/funds/43712/,INF0J8L01131,151920,1,1,1,1,4,High Risk,Poor
Navi Flexi Cap Reg,equity,equity,Regular,9.2,12.65,11.57,BSE 500 TRI,0.79,13.68,12.33,-1.45,0.98,0.41,15.7,12.26,,,,,25,https://www.valueresearchonline.com/funds/36680/,INF959L01EE9,143787,4,4,3,4,15,Moderate Risk,Average
Nippon India Diversified Equity Flexicap Passive FoF Reg,equity,equity,Regular,-1.13,12.68,11.15,BSE 500 TRI,0.79,13.68,12.33,-0.72,1,0.47,15.41,13.1,,,,,3,https://www.valueresearchonline.com/funds/41239/,INF204KB13X3,148641,4,4,3,4,15,Moderate Risk,Average
Nippon India Flexi Cap Reg,equity,equity,Regular,-0.13,13.42,,BSE 500 TRI,0.79,13.68,,-0.35,1,0.49,15.75,13.51,,,,,25,https://www.valueresearchonline.com/funds/41614/,INF204KC1097,149089,4,4,3,4,15,Moderate Risk,Average
Nippon India Focused Reg,equity,equity,Regular,0.28,13.29,12.11,BSE 500 TRI,0.79,13.68,12.33,-0.17,0.94,0.49,15.05,13.21,,,,,25,https://www.valueresearchonline.com/funds/3900/,INF955L01IY6,152904,4,4,3,4,15,Moderate Risk,Average
Nippon India Nifty 500 Low Volatility 50 Index Reg,equity,equity,Regular,0.07,,,BSE 500 TRI,0.79,,,,,,,,,,,,25,https://www.valueresearchonline.com/funds/45107/,INF204KC1EN9,153475,1,1,1,1,4,High Risk,Poor
Nippon India Nifty 500 Momentum 50 Index Reg,equity,equity,Regular,-2.41,,,BSE 500 TRI,0.79,,,,,,,,,,,,25,https://www.valueresearchonline.com/funds/44556/,INF204KC1DD2,152883,1,1,1,1,4,High Risk,Poor
Nippon India Nifty 500 Quality 50 Index Reg,equity,equity,Regular,-1.9,,,BSE 500 TRI,0.79,,,,,,,,,,,,25,https://www.valueresearchonline.com/funds/45103/,INF204KC1ET6,153472,1,1,1,1,4,High Risk,Poor
Nippon India Retirement Wealth Creation Reg,equity,equity,Regular,-0.42,14.06,12.53,BSE 500 TRI,0.79,13.68,12.33,0.92,0.97,0.57,15.27,14.54,,,,,25,https://www.valueresearchonline.com/funds/29289/,INF955L01IY6,152904,8,6,3,4,21,Moderate Risk,Average
Old Bridge Flexi Cap Reg,equity,equity,Regular,,,,BSE 500 TRI,,,,,,,,,,,,,25,https://www.valueresearchonline.com/funds/45844/,INF0S5R01166,154226,1,1,1,1,4,High Risk,Poor
Old Bridge Focused Reg,equity,equity,Regular,8.51,,,BSE 500 TRI,0.79,,,,,,,,,,,,24,https://www.valueresearchonline.com/funds/44036/,INF0S5R01034,152361,1,1,1,1,4,High Risk,Poor
PGIM India Flexi Cap Reg,equity,equity,Regular,-0.58,10.33,9.05,BSE 500 TRI,0.79,13.68,12.33,-2.74,0.91,0.31,14.46,10.39,,,,,25,https://www.valueresearchonline.com/funds/29471/,INF663L01FJ3,133836,2,4,3,4,13,Moderate Risk,Average
Parag Parikh Flexi Cap Reg,equity,equity,Regular,-3.08,14.29,13.87,BSE 500 TRI,0.79,13.68,12.33,3.68,0.6,0.86,9.9,14.34,,,,,25,https://www.valueresearchonline.com/funds/19699/,INF879O01019,122640,10,8,6,6,30,Low Risk,Good
Quant Flexi Cap Reg,equity,equity,Regular,12.27,19.06,15.87,BSE 500 TRI,0.79,13.68,12.33,4.56,1.16,0.71,19.53,19.68,,,,,25,https://www.valueresearchonline.com/funds/8827/,INF966L01457,109830,12,6,1,2,21,High Risk,Average
Quantum Diversified Equity All Cap Active FoF Reg,equity,equity,Regular,0.7,13.63,11.6,BSE 500 TRI*,0.79,13.68,12.33,0.05,0.92,0.52,14.32,13.29,,,,,7,https://www.valueresearchonline.com/funds/33962/,INF082J01275,141063,8,6,3,4,21,Moderate Risk,Average
SBI Flexicap Reg,equity,equity,Regular,-1.41,9.82,9.15,BSE 500 TRI,0.79,13.68,12.33,-2.81,0.87,0.3,13.62,9.99,,,,,25,https://www.valueresearchonline.com/funds/2859/,INF200K01222,103215,2,4,4,4,14,Moderate Risk,Average
SBI Focused Reg,equity,equity,Regular,9.28,16.36,12.84,BSE 500 TRI,0.79,13.68,12.33,4.49,0.82,0.79,14.01,16.95,,,,,24,https://www.valueresearchonline.com/funds/2415/,INF200K01370,102756,12,8,3,5,28,Moderate Risk,Good
SBI Nifty 500 Index Reg,equity,equity,Regular,-0.59,,,BSE 500 TRI,0.79,,,,,,,,,,,,25,https://www.valueresearchonline.com/funds/44565/,INF200KB1357,152906,1,1,1,1,4,High Risk,Poor
SBI Retirement Benefit Aggressive Reg,equity,equity,Regular,-0.88,10.08,11.94,BSE 500 TRI,0.79,13.68,12.33,-3.4,0.94,0.28,14.79,9.98,,,,,25,https://www.valueresearchonline.com/funds/41269/,INF200KA1S30,148698,2,4,3,4,13,Moderate Risk,Average
Samco Flexi Cap Reg,equity,equity,Regular,-9.24,-0.37,,BSE 500 TRI,0.79,13.68,,-12.42,1.07,-0.2,19.38,2,,,,,25,https://www.valueresearchonline.com/funds/41934/,INF0K1H01016,149449,2,1,1,3,7,High Risk,Poor
Shriram Flexi Cap Reg,equity,equity,Regular,-2.02,9.07,8.21,BSE 500 TRI,0.79,13.68,12.33,-4.22,1,0.22,16.95,9.65,,,,,25,https://www.valueresearchonline.com/funds/37579/,INF680P01075,144902,2,4,2,4,12,Mod. High Risk,Poor
Sundaram Flexi Cap Reg,equity,equity,Regular,-2.35,11.06,,BSE 500 TRI,0.79,13.68,,-2.06,0.92,0.36,14.51,11.13,,,,,25,https://www.valueresearchonline.com/funds/42502/,INF903JA1LB8,150568,2,4,3,4,13,Moderate Risk,Average
Sundaram Focused Reg,equity,equity,Regular,-0.01,11.55,9.98,BSE 500 TRI,0.79,13.68,12.33,-1.38,0.82,0.39,13.1,11.01,,,,,25,https://www.valueresearchonline.com/funds/2916/,INF903J016H9,134356,4,4,4,5,17,Low Risk,Average
TRUST MF Flexi Cap Reg,equity,equity,Regular,1.22,,,BSE 500 TRI,0.79,,,,,,,,,,,,25,https://www.valueresearchonline.com/funds/44269/,INF0GCD01719,152582,1,1,1,1,4,High Risk,Poor
Tata Children's Reg,equity,equity,Regular,-8.79,7.96,8.79,BSE 500 TRI,0.79,13.68,12.33,-5.04,0.97,0.18,15.37,8.62,,,,,25,https://www.valueresearchonline.com/funds/210/,INF0GCD01537,151322,2,4,3,4,13,Moderate Risk,Average
Tata Flexi Cap Reg,equity,equity,Regular,-4.1,12.35,10.08,BSE 500 TRI,0.79,13.68,12.33,0.28,0.86,0.52,13.72,13.02,,,,,25,https://www.valueresearchonline.com/funds/37435/,INF277K019K2,144548,8,6,4,4,22,Moderate Risk,Average
Tata Focused Reg,equity,equity,Regular,-0.85,12.43,11.24,BSE 500 TRI,0.79,13.68,12.33,-0.27,0.91,0.48,14.66,12.9,,,,,25,https://www.valueresearchonline.com/funds/40403/,INF277K010Y2,147760,4,4,3,4,15,Moderate Risk,Average
Tata Retirement Savings Progressive Reg,equity,equity,Regular,-0.09,14.33,10.79,BSE 500 TRI,0.79,13.68,12.33,1.11,1,0.56,16.34,14.96,,,,,25,https://www.valueresearchonline.com/funds/13413/,INF277K01FG0,115942,8,6,2,4,20,Mod. High Risk,Average
Taurus Flexi Cap Reg,equity,equity,Regular,-1.27,12.97,10.26,BSE 500 TRI,0.79,13.68,12.33,-1.05,1.01,0.44,16.11,12.88,,,,,25,https://www.valueresearchonline.com/funds/214/,INF044D01989,100476,4,4,2,3,13,Mod. High Risk,Average
The Wealth Company Flexi Cap Reg,equity,equity,Regular,,,,BSE 500 TRI,,,,,,,,,,,,,25,https://www.valueresearchonline.com/funds/45497/,INF2F0001016,153870,1,1,1,1,4,High Risk,Poor
UTI Children's Equity Reg,equity,equity,Regular,-5.81,9.51,8.31,BSE 500 TRI,0.79,13.68,12.33,-3.39,0.94,0.28,14.81,9.98,,,,,25,https://www.valueresearchonline.com/funds/2090/,-,102267,2,4,3,4,13,Moderate Risk,Average
UTI Flexi Cap Reg,equity,equity,Regular,-5.59,8.1,5.98,BSE 500 TRI,0.79,13.68,12.33,-4.83,0.86,0.14,14.3,7.94,,,,,25,https://www.valueresearchonline.com/funds/247/,INF00XX01CL3,151377,2,4,3,4,13,Moderate Risk,Average
UTI Focused Reg,equity,equity,Regular,-3.44,10.91,,BSE 500 TRI,0.79,13.68,,-2.08,0.94,0.36,14.93,11.28,,,,,25,https://www.valueresearchonline.com/funds/41627/,INF789F1AUY5,149090,2,4,3,4,13,Moderate Risk,Average
UTI Nifty500 Shariah Index Reg,equity,equity,Regular,,,,BSE 500 TRI,,,,,,,,,,,,,25,https://www.valueresearchonline.com/funds/45820/,-,154198,1,1,1,1,4,High Risk,Poor
Unifi Flexi Cap Reg,equity,equity,Regular,2.14,,,BSE 500 TRI,0.79,,,,,,,,,,,,25,https://www.valueresearchonline.com/funds/45188/,INF1MIY01049,153542,1,1,1,1,4,High Risk,Poor
Union Children's Reg,equity,equity,Regular,2.67,,,BSE 500 TRI,0.79,,,,,,,,,,,,25,https://www.valueresearchonline.com/funds/43922/,INF582M01JI7,152217,1,1,1,1,4,High Risk,Poor
Union Diversified Equity All Cap Active FoF Reg,equity,equity,Regular,,,,BSE 500 TRI,,,,,,,,,,,,,5,https://www.valueresearchonline.com/funds/45471/,INF582M01LV6,153822,1,1,1,1,4,High Risk,Poor
Union Flexi Cap Reg,equity,equity,Regular,0.2,12.78,11.4,BSE 500 TRI,0.79,13.68,12.33,-0.64,0.94,0.46,14.91,12.76,,,,,25,https://www.valueresearchonline.com/funds/12817/,INF0GCD01537,151322,4,4,3,4,15,Moderate Risk,Average
Union Focused Reg,equity,equity,Regular,6.47,12.9,11.01,BSE 500 TRI,0.79,13.68,12.33,0.27,0.86,0.5,14.34,13.05,,,,,25,https://www.valueresearchonline.com/funds/40106/,INF582M01FW6,147490,8,6,3,4,21,Moderate Risk,Average
Union Retirement Reg,equity,equity,Regular,4.41,15.32,,BSE 500 TRI,0.79,13.68,,2.01,0.91,0.65,14.25,15.12,,,,,25,https://www.valueresearchonline.com/funds/42490/,INF582M01IM1,150552,10,6,3,4,23,Moderate Risk,Average
WhiteOak Capital Flexi Cap Reg,equity,equity,Regular,1.13,16.02,,BSE 500 TRI,0.79,13.68,,2.56,0.91,0.68,14.48,15.71,,,,,25,https://www.valueresearchonline.com/funds/42318/,INF03VN01662,150799,10,6,3,4,23,Moderate Risk,Average
ABSL Global Emerging Opportunities Reg**,equity,equity,Regular,26.34,19.83,10.77,BSE 500 TRI*,0.79,13.68,12.33,,,0.96,15.92,21.19,,,,,1,https://www.valueresearchonline.com/funds/8751/,INF084M01AT0,132138,1,8,3,1,13,Moderate Risk,Average
ABSL Global Excellence Equity FoF Reg**,equity,equity,Regular,26.49,20.81,13.61,BSE 500 TRI*,0.79,13.68,12.33,,,1.12,13.7,21.23,,,,,1,https://www.valueresearchonline.com/funds/6275/,INF084M01AZ7,132005,1,10,4,1,16,Moderate Risk,Average
ABSL International Equity Reg,equity,equity,Regular,28.08,18.94,11.33,BSE 500 TRI,0.79,13.68,12.33,,,1.02,13.69,19.87,,,,,25,https://www.valueresearchonline.com/funds/5802/,INF209K01520,106873,1,10,4,1,16,Moderate Risk,Average
ABSL US Equity Passive FoF Reg,equity,equity,Regular,44.11,30.81,,BSE 500 TRI,0.79,13.68,,,,1.35,18.87,31.4,,,,,1,https://www.valueresearchonline.com/funds/41795/,INF209KB15C1,149290,1,10,1,1,13,High Risk,Average
Axis Global Equity Alpha FoF Reg,equity,equity,Regular,22.47,21.4,13.18,BSE 500 TRI,0.79,13.68,12.33,,,1.19,13.47,21.87,,,,,1,https://www.valueresearchonline.com/funds/41098/,INF846K01X30,148486,1,10,4,1,16,Moderate Risk,Average
Axis Global Innovation FoF Reg,equity,equity,Regular,28.95,22.9,12.13,BSE 500 TRI,0.79,13.68,12.33,,,1.02,18.1,24.39,,,,,1,https://www.valueresearchonline.com/funds/41494/,INF846K01Z53,148953,1,10,1,1,13,High Risk,Average
Axis Greater China Equity FoF Reg**,equity,equity,Regular,39.9,17.97,3.53,BSE 500 TRI,0.79,13.68,12.33,,,0.8,20.13,22.03,,,,,1,https://www.valueresearchonline.com/funds/41285/,INF846K01Y62,148701,1,8,1,1,11,High Risk,Poor
Axis NASDAQ 100 US Specific Equity Passive FoF Reg,equity,equity,Regular,44.08,30.43,,BSE 500 TRI,0.79,13.68,,,,1.39,18.14,31.09,,,,,1,https://www.valueresearchonline.com/funds/42631/,INF846K015K2,150750,1,10,1,1,13,High Risk,Average
Bandhan US specific Equity Active FoF Reg**,equity,equity,Regular,21.46,23.9,,BSE 500 TRI,0.79,13.68,,,,1.19,17.13,26.2,,,,,1,https://www.valueresearchonline.com/funds/41618/,INF194KB1CC9,149100,1,10,2,1,14,Mod. High Risk,Average
Baroda BNP Paribas Aqua FoF Reg,equity,equity,Regular,20.5,14.14,9.2,BSE 500 TRI,0.79,13.68,12.33,,,0.55,16.1,14.73,,,,,1,https://www.valueresearchonline.com/funds/41452/,INF251K01QQ1,150284,1,6,2,1,10,Mod. High Risk,Poor
DSP Global Clean Energy Overseas Equity Omni FoF Reg,equity,equity,Regular,60.87,18.31,12.36,BSE 500 TRI,0.79,13.68,12.33,,,0.78,19.31,20.86,,,,,1,https://www.valueresearchonline.com/funds/10559/,INF740K01284,112126,1,8,1,1,11,High Risk,Poor
DSP Global Innovation Overseas Equity Omni FoF Reg**,equity,equity,Regular,33.72,26.16,,BSE 500 TRI*,0.79,13.68,,,,1.24,16.73,26.55,,,,,6,https://www.valueresearchonline.com/funds/42052/,INF740KA1QM8,149817,1,10,2,1,14,Mod. High Risk,Average
DSP US Specific Equity Omni FoF Reg,equity,equity,Regular,46.81,27.24,18.02,BSE 500 TRI,0.79,13.68,12.33,,,1.28,17.43,28.09,,,,,1,https://www.valueresearchonline.com/funds/15152/,INF740K01LP6,117691,1,10,2,1,14,Mod. High Risk,Average
DSP World Gold Mining Overseas Equity Omni FoF Reg,equity,equity,Regular,61.97,43.68,21.89,BSE 500 TRI,0.79,13.68,12.33,,,1.26,31.64,45.64,,,,,2,https://www.valueresearchonline.com/funds/5623/,INF740K01250,106597,1,10,1,1,13,High Risk,Average
DSP World Mining Overseas Equity Omni FoF Reg,equity,equity,Regular,74.42,22.98,15.02,BSE 500 TRI,0.79,13.68,12.33,,,1.03,23.42,30.01,,,,,1,https://www.valueresearchonline.com/funds/10799/,INF740K01730,112293,1,10,1,1,13,High Risk,Average
Edelweiss ASEAN Equity Offshore Reg,equity,equity,Regular,23,13.79,8.96,BSE 500 TRI,0.79,13.68,12.33,,,0.71,11.37,13.91,,,,,1,https://www.valueresearchonline.com/funds/12762/,INF843K01609,140255,1,6,5,1,13,Moderate Risk,Average
Edelweiss Emerging Markets Opportunities Equity Offshr Reg,equity,equity,Regular,65.42,27.22,9.22,BSE 500 TRI,0.79,13.68,12.33,,,1.26,17.26,27.62,,,,,1,https://www.valueresearchonline.com/funds/27118/,INF843K01IY6,140328,1,10,2,1,14,Mod. High Risk,Average
Edelweiss Europe Dynamic Equity Offshr Reg,equity,equity,Regular,26.7,23.22,14.16,BSE 500 TRI,0.79,13.68,12.33,,,1.29,13.16,22.87,,,,,1,https://www.valueresearchonline.com/funds/23434/,INF843K01GJ1,140295,1,10,4,1,16,Moderate Risk,Average
Edelweiss Greater China Equity Offshore Reg,equity,equity,Regular,50.02,20.25,2.31,BSE 500 TRI,0.79,13.68,12.33,,,0.86,21.17,24.06,,,,,1,https://www.valueresearchonline.com/funds/10567/,INF843K01138,140242,1,8,1,1,11,High Risk,Poor
Edelweiss US Technology Equity FoF Reg,equity,equity,Regular,34.48,30.32,14.98,BSE 500 TRI,0.79,13.68,12.33,,,1.02,26.45,32.83,,,,,1,https://www.valueresearchonline.com/funds/40664/,INF754K01LC5,148064,1,10,1,1,13,High Risk,Average
Edelweiss US Value Equity Offshore Reg,equity,equity,Regular,33.29,19.27,13.37,BSE 500 TRI,0.79,13.68,12.33,,,1,12.81,18.69,,,,,1,https://www.valueresearchonline.com/funds/20059/,INF843K01ED9,140273,1,10,4,1,16,Moderate Risk,Average
Franklin Asian Equity Reg,equity,equity,Regular,48.64,21.67,7.27,BSE 500 TRI,0.79,13.68,12.33,,,0.88,17.91,21.56,,,,,25,https://www.valueresearchonline.com/funds/6383/,INF955L01IY6,152904,1,8,2,1,12,Mod. High Risk,Poor
Franklin U.S. Opportunities Equity Active FoF Reg,equity,equity,Regular,20.64,21.77,9.69,BSE 500 TRI,0.79,13.68,12.33,,,1,17.67,23.62,,,,,1,https://www.valueresearchonline.com/funds/14017/,INF767K01535,105823,1,10,2,1,14,Mod. High Risk,Average
HDFC Developed World Overseas Equity Passive FoF Reg*,equity,equity,Regular,33.39,24.2,,BSE 500 TRI*,0.79,13.68,,,,1.49,12.34,24.22,,,,,5,https://www.valueresearchonline.com/funds/41713/,INF179K01BE2,102000,1,10,4,1,16,Moderate Risk,Average
HSBC Asia Pacific (Ex Japan) Dividend Yield Reg**,equity,equity,Regular,49.72,25.84,13.18,BSE 500 TRI,0.79,13.68,12.33,,,1.41,14.4,26.24,,,,,1,https://www.valueresearchonline.com/funds/23944/,INF767K01535,105823,1,10,3,1,15,Moderate Risk,Average
HSBC Brazil Reg,equity,equity,Regular,34.55,10.47,3.25,BSE 500 TRI,0.79,13.68,12.33,,,0.5,24.59,18.23,,,,,1,https://www.valueresearchonline.com/funds/12632/,INF677K01AE7,151104,1,6,1,1,9,High Risk,Poor
HSBC Global Emerging Markets Reg**,equity,equity,Regular,68.23,27.97,11.3,BSE 500 TRI,0.79,13.68,12.33,,,1.23,18.8,29.01,,,,,1,https://www.valueresearchonline.com/funds/6774/,INF955L01IY6,152904,1,10,1,1,13,High Risk,Average
ICICI Pru Global Advantage (FOF),equity,equity,Regular,28.52,18.09,8.52,BSE 500 TRI,0.79,13.68,12.33,,,0.95,14.44,19.64,,,,,6,https://www.valueresearchonline.com/funds/40280/,INF209K01207,111349,1,8,3,1,13,Moderate Risk,Average
ICICI Pru Global Stable Equity (FOF),equity,equity,Regular,14.7,11.37,9.19,BSE 500 TRI,0.79,13.68,12.33,,,0.71,9.5,12.64,,,,,1,https://www.valueresearchonline.com/funds/20855/,INF666M01FJ4,145605,1,6,6,1,14,Moderate Risk,Average
ICICI Pru NASDAQ 100 Index,equity,equity,Regular,44.69,30.97,,BSE 500 TRI,0.79,13.68,,,,1.47,17.29,31.35,,,,,25,https://www.valueresearchonline.com/funds/41742/,INF769K01GN0,148576,1,10,2,1,14,Mod. High Risk,Average
ICICI Pru Strategic Metal and Energy Equity FoF,equity,equity,Regular,51.19,28.57,,BSE 500 TRI,0.79,13.68,,,,1.23,19.55,29.99,,,,,1,https://www.valueresearchonline.com/funds/42033/,INF194K01SN6,121280,1,10,1,1,13,High Risk,Average
ICICI Pru US Bluechip Equity,equity,equity,Regular,17.06,12.31,9.99,BSE 500 TRI,0.79,13.68,12.33,,,0.67,13.88,15.15,,,,,25,https://www.valueresearchonline.com/funds/14998/,INF209K01520,106873,1,6,4,1,12,Moderate Risk,Poor
Invesco India Global Equity Income FoF Reg,equity,equity,Regular,21.87,21.88,16.08,BSE 500 TRI,0.79,13.68,12.33,,,1.2,14.29,22.95,,,,,1,https://www.valueresearchonline.com/funds/26147/,INF205K01B15,129187,1,10,3,1,15,Moderate Risk,Average
Invesco India Pan European Equity FoF Reg,equity,equity,Regular,34.74,19.36,13.96,BSE 500 TRI,0.79,13.68,12.33,,,0.96,14.91,20.22,,,,,1,https://www.valueresearchonline.com/funds/23312/,INF205K01ZZ9,126351,1,8,3,1,13,Moderate Risk,Average
Invesco India-Invesco EQQQ NASDAQ-100 ETF FoF Reg,equity,equity,Regular,44.41,31.13,,BSE 500 TRI,0.79,13.68,,,,1.38,18.65,31.63,,,,,1,https://www.valueresearchonline.com/funds/42217/,INF205KA1577,149960,1,10,1,1,13,High Risk,Average
Invesco India-Invesco Global Consumer Trends FoF Reg,equity,equity,Regular,32.97,26.5,4.52,BSE 500 TRI,0.79,13.68,12.33,,,0.87,27.15,29.55,,,,,1,https://www.valueresearchonline.com/funds/41227/,INF205KA1247,148613,1,8,1,1,11,High Risk,Poor
Kotak Global Emerging Market Overseas Equity Omni FoF Reg,equity,equity,Regular,63.36,28.16,11.37,BSE 500 TRI,0.79,13.68,12.33,,,1.28,17.29,27.99,,,,,1,https://www.valueresearchonline.com/funds/5560/,INF767K01535,105823,1,10,2,1,14,Mod. High Risk,Average
Kotak Global Innovation Overseas Equity Omni FoF Reg**,equity,equity,Regular,35.01,22.12,,BSE 500 TRI*,0.79,13.68,,,,1.05,16.33,22.97,,,,,2,https://www.valueresearchonline.com/funds/41593/,INF174KA1HD1,149056,1,10,2,1,14,Mod. High Risk,Average
Kotak International REIT Overseas Equity Omni FoF Reg**,equity,equity,Regular,12.59,9.75,2.54,BSE 500 TRI,0.79,13.68,12.33,,,0.32,15.81,10.98,,,,,1,https://www.valueresearchonline.com/funds/41235/,INF174KA1FL8,148645,1,4,3,1,9,Moderate Risk,Poor
Kotak Quality Overseas Equity Omni FoF Reg,equity,equity,Regular,,,,BSE 500 TRI,,,,,,,,,,,,,1,https://www.valueresearchonline.com/funds/45904/,INF955L01IY6,152904,1,1,1,1,4,High Risk,Poor
Kotak US Specific Equity Passive FoF Reg,equity,equity,Regular,44.79,30.97,20.69,BSE 500 TRI,0.79,13.68,12.33,,,1.39,18.52,31.64,,,,,1,https://www.valueresearchonline.com/funds/41259/,INF174KA1FR5,148661,1,10,1,1,13,High Risk,Average
Mahindra Manulife Asia Pacific REITs FoF Reg,equity,equity,Regular,16.21,7.47,,BSE 500 TRI,0.79,13.68,,,,0.23,15.73,9.55,,,,,1,https://www.valueresearchonline.com/funds/41760/,INF174V01AV6,149228,1,4,3,1,9,Moderate Risk,Poor
Mirae Asset Global Electric & Autonomous Vehicles Eqt Passive FoF Reg,equity,equity,Regular,79.85,19.25,,BSE 500 TRI,0.79,13.68,,,,0.8,25.54,26.2,,,,,3,https://www.valueresearchonline.com/funds/42459/,INF769K01IP1,150594,1,8,1,1,11,High Risk,Poor
Mirae Asset Global X Artificial Intelligence & Tech ETF FoF Reg,equity,equity,Regular,63.39,38.67,,BSE 500 TRI,0.79,13.68,,,,1.44,23.1,39.07,,,,,1,https://www.valueresearchonline.com/funds/42457/,INF769K01IR7,150596,1,10,1,1,13,High Risk,Average
Mirae Asset Hang Seng TECH ETF FoF Reg**,equity,equity,Regular,-3.02,14.81,,BSE 500 TRI,0.79,13.68,,,,0.57,32.6,24.59,,,,,1,https://www.valueresearchonline.com/funds/41877/,INF769K01HT5,149380,1,6,1,1,9,High Risk,Poor
Mirae Asset Hang Seng TECH ETF**,equity,equity,Regular,-9.56,9.59,,BSE 500 TRI,0.79,13.68,,,,0.42,33.8,20.1,,,,,25,https://www.valueresearchonline.com/funds/41876/,INF769K01GX9,148623,1,4,1,1,7,High Risk,Poor
Mirae Asset NYSE FANG+ ETF,equity,equity,Regular,24.04,34.55,23.33,BSE 500 TRI,0.79,13.68,12.33,,,1.49,21.97,38.54,,,,,10,https://www.valueresearchonline.com/funds/41429/,INF769K01HH0,148928,1,10,1,1,13,High Risk,Average
Mirae Asset NYSE FANG+ ETF FoF Reg,equity,equity,Regular,36.31,43.5,27.79,BSE 500 TRI,0.79,13.68,12.33,,,1.59,23.58,43.29,,,,,1,https://www.valueresearchonline.com/funds/41430/,INF769K01HG2,148929,1,12,1,1,15,High Risk,Average
Mirae Asset S&P 500 Top 50 ETF,equity,equity,Regular,28.07,25.85,,BSE 500 TRI,0.79,13.68,,,,1.53,14.69,28.34,,,,,25,https://www.valueresearchonline.com/funds/41698/,INF769K01HR9,149170,1,12,3,1,17,Moderate Risk,Average
Mirae Asset S&P 500 Top 50 ETF FoF Reg,equity,equity,Regular,39.54,34.04,,BSE 500 TRI,0.79,13.68,,,,1.51,18.73,34.24,,,,,1,https://www.valueresearchonline.com/funds/41703/,INF769K01HQ1,149171,1,12,1,1,15,High Risk,Average
Motilal Oswal Developed Mkt Ex US ETFs Ovrses Eqt Pass FoF Reg,equity,equity,Regular,33.96,,,BSE 500 TRI,0.79,,,,,,,,,,,,2,https://www.valueresearchonline.com/funds/43801/,INF767K01535,105823,1,1,1,1,4,High Risk,Poor
Motilal Oswal NASDAQ 100 ETF,equity,equity,Regular,45.24,31.43,21.11,BSE 500 TRI,0.79,13.68,12.33,,,1.45,17.64,31.36,,,,,25,https://www.valueresearchonline.com/funds/12498/,INF247L01718,145552,1,10,2,1,14,Mod. High Risk,Average
Motilal Oswal Nasdaq 100 FOF Reg,equity,equity,Regular,75,38.78,24.46,BSE 500 TRI,0.79,13.68,12.33,,,1.24,26.4,38.65,,,,,1,https://www.valueresearchonline.com/funds/38227/,INF247L01700,145551,1,10,1,1,13,High Risk,Average
Motilal Oswal Nasdaq Q50 ETF,equity,equity,Regular,64.65,30.76,,BSE 500 TRI,0.79,13.68,,,,1.24,19.56,30.05,,,,,25,https://www.valueresearchonline.com/funds/41923/,INF247L01247,124234,1,10,1,1,13,High Risk,Average
Motilal Oswal S&P 500 Index Reg,equity,equity,Regular,32.14,24.47,16.8,BSE 500 TRI,0.79,13.68,12.33,,,1.41,13.61,25.08,,,,,25,https://www.valueresearchonline.com/funds/40996/,INF247L01AH0,148382,1,10,4,1,16,Moderate Risk,Average
Navi Nasdaq100 US Specific Equity Passive FoF Reg,equity,equity,Regular,45.02,31.47,,BSE 500 TRI,0.79,13.68,,,,1.38,18.73,31.77,,,,,1,https://www.valueresearchonline.com/funds/42134/,INF959L01GA2,149911,1,10,1,1,13,High Risk,Average
Navi Total Stock Market US Specific Equity Passive FoF Reg,equity,equity,Regular,34.09,25.78,,BSE 500 TRI,0.79,13.68,,,,1.35,15.06,26.27,,,,,1,https://www.valueresearchonline.com/funds/42068/,INF959L01FW8,149831,1,10,3,1,15,Moderate Risk,Average
Nippon India ETF Hang Seng BeES,equity,equity,Regular,5.56,15.08,2.51,BSE 500 TRI,0.79,13.68,12.33,,,0.71,20.31,20.19,,,,,25,https://www.valueresearchonline.com/funds/10905/,INF204KA1U61,134552,1,6,1,1,9,High Risk,Poor
Nippon India Japan Equity Reg,equity,equity,Regular,35.13,18.62,9.66,BSE 500 TRI,0.79,13.68,12.33,,,0.98,14.29,19.9,,,,,25,https://www.valueresearchonline.com/funds/27688/,INF204KC1279,149328,1,8,3,1,13,Moderate Risk,Average
Nippon India Taiwan Equity Reg,equity,equity,Regular,181.59,60.55,,BSE 500 TRI,0.79,13.68,,,,,,,,,,,25,https://www.valueresearchonline.com/funds/41836/,INF204KC1279,149328,1,1,1,1,4,High Risk,Poor
Nippon India US Equity Opportunities Reg,equity,equity,Regular,12.57,16.41,9.27,BSE 500 TRI,0.79,13.68,12.33,,,0.9,14.24,18.73,,,,,25,https://www.valueresearchonline.com/funds/30564/,INF955L01IY6,152904,1,8,3,1,13,Moderate Risk,Average
PGIM India Emerging Markets Equity FoF Reg,equity,equity,Regular,49.79,29.05,3.93,BSE 500 TRI,0.79,13.68,12.33,,,1.27,18.63,29.59,,,,,1,https://www.valueresearchonline.com/funds/5558/,INF955L01IY6,152904,1,10,1,1,13,High Risk,Average
PGIM India Global Equity Opportunities FoF Reg,equity,equity,Regular,23.5,19.31,7.87,BSE 500 TRI,0.79,13.68,12.33,,,0.78,18.59,20.31,,,,,1,https://www.valueresearchonline.com/funds/11136/,INF955L01IY6,152904,1,8,1,1,11,High Risk,Poor
PGIM India Global Select Real Estate Sec FoF Reg,equity,equity,Regular,24.35,16.32,,BSE 500 TRI,0.79,13.68,,,,0.65,14.8,15.43,,,,,1,https://www.valueresearchonline.com/funds/41816/,INF663L01W97,149299,1,6,3,1,11,Moderate Risk,Poor
SBI US Specific Equity Active FoF FoF Reg,equity,equity,Regular,34.64,26.51,16.25,BSE 500 TRI,0.79,13.68,12.33,,,1.44,15.1,27.67,,,,,1,https://www.valueresearchonline.com/funds/41350/,INF200KA1T96,148762,1,10,3,1,15,Moderate Risk,Average
Sundaram Global Brand Theme-Equity Active FoF Reg*,equity,equity,Regular,21.89,16.42,10.65,BSE 500 TRI*,0.79,13.68,12.33,,,0.99,13.32,19.02,,,,,1,https://www.valueresearchonline.com/funds/5449/,INF903J01EX1,106370,1,8,4,1,14,Moderate Risk,Average
ABSL Large & Mid Cap Reg,equity,equity,Regular,2.34,13.25,9.23,BSE Large Mid Cap TRI,0.31,13,11.83,-0.02,1.05,0.47,16.11,13.46,,,,,25,https://www.valueresearchonline.com/funds/27/,INF209K01165,100033,4,4,2,3,13,Mod. High Risk,Average
ABSL Nifty 200 Momentum 30 ETF,equity,equity,Regular,-1.81,14.72,,BSE Large Mid Cap TRI,0.31,13,,0.74,1.24,0.49,20.01,15.63,,,,,25,https://www.valueresearchonline.com/funds/42334/,INF846K011Z9,153083,8,4,1,2,15,High Risk,Average
ABSL Nifty 200 Quality 30 ETF,equity,equity,Regular,-3.74,10.31,,BSE Large Mid Cap TRI,0.31,13,,-1.41,1,0.37,16,11.74,,,,,25,https://www.valueresearchonline.com/funds/42335/,INF200KB1AG6,154177,4,4,3,4,15,Moderate Risk,Average
Aditya Birla SL MSCI India ETF,equity,equity,Regular,,,,BSE Large Mid Cap TRI,,,,,,,,,,,,,25,https://www.valueresearchonline.com/funds/45843/,INF209K01YN0,119550,1,1,1,1,4,High Risk,Poor
Axis Large & Mid Cap Reg,equity,equity,Regular,4.82,15.47,13.42,BSE Large Mid Cap TRI,0.31,13,11.83,3.11,0.9,0.68,14.21,15.56,,,,,25,https://www.valueresearchonline.com/funds/37837/,INF846K01J79,145112,10,6,3,4,23,Moderate Risk,Average
Bajaj Finserv Large and Mid Cap Reg,equity,equity,Regular,-0.41,,,BSE Large Mid Cap TRI,0.31,,,,,,,,,,,,25,https://www.valueresearchonline.com/funds/44116/,INF0QA701730,152406,1,1,1,1,4,High Risk,Poor
Bandhan Large & Mid Cap Reg,equity,equity,Regular,4.72,20.95,17.04,BSE Large Mid Cap TRI,0.31,13,11.83,7.7,1.03,0.95,16.05,21.1,,,,,25,https://www.valueresearchonline.com/funds/2797/,INF194K01524,108596,12,8,2,3,25,Mod. High Risk,Average
Bandhan Nifty 200 Quality 30 Index Reg,equity,equity,Regular,-4.58,,,BSE Large Mid Cap TRI,0.31,,,,,,,,,,,,25,https://www.valueresearchonline.com/funds/44740/,INF194KB1IZ7,153113,1,1,1,1,4,High Risk,Poor
Bandhan Nifty Alpha Low Volatility 30 Index Reg,equity,equity,Regular,-2.62,,,BSE Large Mid Cap TRI,0.31,,,,,,,,,,,,25,https://www.valueresearchonline.com/funds/44858/,INF194KB1JB6,153212,1,1,1,1,4,High Risk,Poor
Bandhan Nifty200 Momentum 30 Index Reg,equity,equity,Regular,-2.68,13.49,,BSE Large Mid Cap TRI,0.31,13,,-0.33,1.23,0.43,19.94,14.52,,,,,25,https://www.valueresearchonline.com/funds/42494/,INF194KB1DS3,150592,4,4,1,2,11,High Risk,Poor
Bank of India Large & Mid Cap Eco,equity,equity,Regular,5.29,16.49,13.6,BSE Large Mid Cap TRI,0.31,13,11.83,2.99,1.02,0.66,15.91,16.32,,,,,25,https://www.valueresearchonline.com/funds/8989/,INF761K01108,110603,10,6,3,3,22,Mod. High Risk,Average
Bank of India Large & Mid Cap Reg,equity,equity,Regular,4.54,15.67,12.93,BSE Large Mid Cap TRI,0.31,13,11.83,2.29,1.02,0.61,15.9,15.61,,,,,25,https://www.valueresearchonline.com/funds/8985/,INF761K01108,110603,10,6,3,3,22,Mod. High Risk,Average
Baroda BNP Paribas Large & Mid Cap Reg,equity,equity,Regular,-0.31,15.07,14.14,BSE Large Mid Cap TRI,0.31,13,11.83,2.63,1.04,0.62,16.37,16.03,,,,,25,https://www.valueresearchonline.com/funds/41086/,INF955L01JR8,148471,10,6,2,3,21,Mod. High Risk,Average
Baroda BNP Paribas Nifty200 Momentum 30 Index Reg,equity,equity,Regular,-3.15,,,BSE Large Mid Cap TRI,0.31,,,,,,,,,,,,25,https://www.valueresearchonline.com/funds/44581/,INF251K01TZ6,152930,1,1,1,1,4,High Risk,Poor
Canara Robeco Large and Mid Cap Reg,equity,equity,Regular,-3.03,13.75,11.6,BSE Large Mid Cap TRI,0.31,13,11.83,0.2,1.02,0.48,15.94,13.5,,,,,25,https://www.valueresearchonline.com/funds/2645/,INF760K01167,102920,8,4,3,3,18,Mod. High Risk,Average
DSP Large & Mid Cap Reg,equity,equity,Regular,0.33,17.29,13.27,BSE Large Mid Cap TRI,0.31,13,11.83,3.6,1.02,0.7,15.74,16.88,,,,,25,https://www.valueresearchonline.com/funds/776/,INF740K01094,103819,10,6,3,3,22,Mod. High Risk,Average
DSP MSCI India ETF,equity,equity,Regular,,,,BSE Large Mid Cap TRI,,,,,,,,,,,,,25,https://www.valueresearchonline.com/funds/45616/,INF740K01ZW2,124175,1,1,1,1,4,High Risk,Poor
Edelweiss Large & Mid Cap Reg,equity,equity,Regular,1.86,15.83,13.56,BSE Large Mid Cap TRI,0.31,13,11.83,2.74,1.01,0.65,15.61,15.95,,,,,25,https://www.valueresearchonline.com/funds/4871/,INF843K01047,140172,10,6,3,3,22,Mod. High Risk,Average
Edelweiss NIFTY Large Mid Cap 250 Index Reg,equity,equity,Regular,1.07,15.23,,BSE Large Mid Cap TRI,0.31,13,,2.23,1.06,0.62,16.02,15.82,,,,,25,https://www.valueresearchonline.com/funds/41842/,INF754K01NN8,149341,10,6,2,3,21,Mod. High Risk,Average
Edelweiss Nifty Alpha Low Volatility 30 Index Reg,equity,equity,Regular,-2.61,,,BSE Large Mid Cap TRI,0.31,,,,,,,,,,,,25,https://www.valueresearchonline.com/funds/44307/,INF754K01SO5,152617,1,1,1,1,4,High Risk,Poor
Edelweiss Nifty LargeMidcap 250 ETF,equity,equity,Regular,,,,BSE Large Mid Cap TRI,,,,,,,,,,,,,25,https://www.valueresearchonline.com/funds/45481/,INF846K017C5,149243,1,1,1,1,4,High Risk,Poor
Franklin India Large & Mid Cap Reg,equity,equity,Regular,-3.92,13.78,10.68,BSE Large Mid Cap TRI,0.31,13,11.83,1.06,0.97,0.54,15.03,13.96,,,,,25,https://www.valueresearchonline.com/funds/2605/,INF209K01LV0,108273,8,6,3,4,21,Moderate Risk,Average
Groww Nifty 200 ETF,equity,equity,Regular,-0.62,,,BSE Large Mid Cap TRI,0.31,,,,,,,,,,,,25,https://www.valueresearchonline.com/funds/44969/,INF666M01JQ1,153328,1,1,1,1,4,High Risk,Poor
Groww Nifty 200 ETF FoF Reg,equity,equity,Regular,-1.87,,,BSE Large Mid Cap TRI,0.31,,,,,,,,,,,,1,https://www.valueresearchonline.com/funds/44965/,INF666M01JT5,153342,1,1,1,1,4,High Risk,Poor
HDFC Large and Mid Cap Reg,equity,equity,Regular,0.43,16.41,15.74,BSE Large Mid Cap TRI,0.31,13,11.83,3.07,1.08,0.66,16.52,16.81,,,,,25,https://www.valueresearchonline.com/funds/172/,INF760K01KF7,150503,10,6,2,3,21,Mod. High Risk,Average
HDFC NIFTY200 Momentum 30 ETF,equity,equity,Regular,-1.66,14.63,,BSE Large Mid Cap TRI,0.31,13,,0.66,1.24,0.48,19.99,15.55,,,,,25,https://www.valueresearchonline.com/funds/42569/,INF179K01VS0,119116,8,4,1,2,15,High Risk,Average
HDFC NIFTY200 Momentum 30 Index Reg,equity,equity,Regular,-2.38,,,BSE Large Mid Cap TRI,0.31,,,,,,,,,,,,25,https://www.valueresearchonline.com/funds/44152/,INF200KB1845,153663,1,1,1,1,4,High Risk,Poor
HDFC Nifty LargeMidcap 250 Index Reg,equity,equity,Regular,1.28,,,BSE Large Mid Cap TRI,0.31,,,,,,,,,,,,25,https://www.valueresearchonline.com/funds/44569/,INF955L01IY6,152904,1,1,1,1,4,High Risk,Poor
HSBC Large and Mid Cap Reg,equity,equity,Regular,9.76,19.61,16.01,BSE Large Mid Cap TRI,0.31,13,11.83,6.17,1.05,0.76,18.19,19.69,,,,,25,https://www.valueresearchonline.com/funds/39454/,INF336L01NY9,146771,12,8,1,3,24,High Risk,Average
Helios Large & Mid Cap Reg,equity,equity,Regular,6.7,,,BSE Large Mid Cap TRI,0.31,,,,,,,,,,,,25,https://www.valueresearchonline.com/funds/44608/,INF0R8701236,152943,1,1,1,1,4,High Risk,Poor
ICICI Pru Large & Mid Cap,equity,equity,Regular,1.52,17.92,17.31,BSE Large Mid Cap TRI,0.31,13,11.83,4.92,0.93,0.81,14.39,17.58,,,,,25,https://www.valueresearchonline.com/funds/534/,INF209K01LV0,108273,12,8,3,4,27,Moderate Risk,Good
ICICI Pru Nifty 200 Momentum 30 ETF,equity,equity,Regular,-1.74,14.58,,BSE Large Mid Cap TRI,0.31,13,,0.61,1.24,0.48,20.02,15.5,,,,,25,https://www.valueresearchonline.com/funds/42387/,INF109KC11D8,150452,8,4,1,2,15,High Risk,Average
ICICI Pru Nifty 200 Momentum 30 Index,equity,equity,Regular,-2.45,13.66,,BSE Large Mid Cap TRI,0.31,13,,-0.2,1.24,0.44,19.94,14.67,,,,,25,https://www.valueresearchonline.com/funds/42379/,INF846K010Z1,153085,4,4,1,2,11,High Risk,Poor
ICICI Pru Nifty 200 Quality 30 ETF,equity,equity,Regular,-3.83,,,BSE Large Mid Cap TRI,0.31,,,,,,,,,,,,25,https://www.valueresearchonline.com/funds/43676/,INF200KB1AG6,154177,1,1,1,1,4,High Risk,Poor
ICICI Pru Nifty Alpha Low-Volatility 30 ETF,equity,equity,Regular,-1.79,12.83,11.72,BSE Large Mid Cap TRI,0.31,13,11.83,-0.22,1.05,0.44,16.73,13.3,,,,,25,https://www.valueresearchonline.com/funds/41071/,INF109KC1R89,149158,4,4,2,3,13,Mod. High Risk,Average
ICICI Pru Nifty Alpha Low-Volatility 30 ETF FOF,equity,equity,Regular,-2.43,12.14,,BSE Large Mid Cap TRI,0.31,13,,-0.75,1.05,0.41,16.93,12.76,,,,,1,https://www.valueresearchonline.com/funds/41686/,INF194K01FU8,108632,4,4,2,3,13,Mod. High Risk,Average
ICICI Pru Nifty LargeMidcap 250 Index,equity,equity,Regular,1.28,,,BSE Large Mid Cap TRI,0.31,,,,,,,,,,,,25,https://www.valueresearchonline.com/funds/44178/,INF769K01LK6,152647,1,1,1,1,4,High Risk,Poor
ICICI Pru Nifty200 Quality 30 Index,equity,equity,Regular,-4.42,,,BSE Large Mid Cap TRI,0.31,,,,,,,,,,,,25,https://www.valueresearchonline.com/funds/45191/,INF200KB1AD3,154175,1,1,1,1,4,High Risk,Poor
ITI Large & Mid Cap Reg,equity,equity,Regular,-1.77,,,BSE Large Mid Cap TRI,0.31,,,,,,,,,,,,25,https://www.valueresearchonline.com/funds/44499/,INF00XX01CX8,152824,1,1,1,1,4,High Risk,Poor
Invesco India Large & Mid Cap Reg,equity,equity,Regular,6.65,24.04,17.64,BSE Large Mid Cap TRI,0.31,13,11.83,7.73,1.12,0.88,18.07,21.74,,,,,25,https://www.valueresearchonline.com/funds/5346/,INF205K01247,106144,12,8,1,3,24,High Risk,Average
JM Large & Mid Cap Reg,equity,equity,Regular,,,,BSE Large Mid Cap TRI,,,,,,,,,,,,,25,https://www.valueresearchonline.com/funds/45302/,INF192K01NM3,153627,1,1,1,1,4,High Risk,Poor
Kotak Large & Midcap Reg,equity,equity,Regular,2.78,15.9,14.28,BSE Large Mid Cap TRI,0.31,13,11.83,2.55,0.99,0.63,15.47,15.64,,,,,25,https://www.valueresearchonline.com/funds/2360/,INF174K01187,103234,10,6,3,4,23,Moderate Risk,Average
Kotak MSCI India ETF,equity,equity,Regular,-0.85,,,BSE Large Mid Cap TRI,0.31,,,,,,,,,,,,25,https://www.valueresearchonline.com/funds/44952/,INF090I01KR8,129008,1,1,1,1,4,High Risk,Poor
Kotak Nifty 200 Momentum 30 ETF,equity,equity,Regular,,,,BSE Large Mid Cap TRI,,,,,,,,,,,,,25,https://www.valueresearchonline.com/funds/45531/,INF174KA1OB1,151781,1,1,1,1,4,High Risk,Poor
Kotak Nifty 200 Momentum 30 Index Reg,equity,equity,Regular,-2.06,13.94,,BSE Large Mid Cap TRI,0.31,13,,,,,,,,,,,25,https://www.valueresearchonline.com/funds/43536/,INF174KA1NY5,151783,1,1,1,1,4,High Risk,Poor
Kotak Nifty 200 Quality 30 Index Reg,equity,equity,Regular,,,,BSE Large Mid Cap TRI,,,,,,,,,,,,,25,https://www.valueresearchonline.com/funds/45256/,INF174KA1WQ2,153659,1,1,1,1,4,High Risk,Poor
Kotak Nifty200 Quality 30 ETF,equity,equity,Regular,,,,BSE Large Mid Cap TRI,,,,,,,,,,,,,25,https://www.valueresearchonline.com/funds/45255/,INF174K01KM7,119757,1,1,1,1,4,High Risk,Poor
LIC MF Large & Mid Cap Reg,equity,equity,Regular,-1.77,15.64,12.58,BSE Large Mid Cap TRI,0.31,13,11.83,2.03,1.05,0.58,16.77,15.54,,,,,25,https://www.valueresearchonline.com/funds/29414/,INF767K01NB5,133711,10,6,2,3,21,Mod. High Risk,Average
Mahindra Manulife Large & Mid Cap Reg,equity,equity,Regular,-1.24,13.74,12.72,BSE Large Mid Cap TRI,0.31,13,11.83,1.52,0.98,0.55,15.59,14.52,,,,,25,https://www.valueresearchonline.com/funds/40395/,INF174V01911,147843,8,6,3,4,21,Moderate Risk,Average
Mirae Asset BSE 200 Equal Weight ETF,equity,equity,Regular,4.33,,,BSE Large Mid Cap TRI,0.31,,,,,,,,,,,,25,https://www.valueresearchonline.com/funds/45027/,INF769K01OE3,153380,1,1,1,1,4,High Risk,Poor
Mirae Asset BSE 200 Equal Weight ETF FoF Reg,equity,equity,Regular,3.2,,,BSE Large Mid Cap TRI,0.31,,,,,,,,,,,,1,https://www.valueresearchonline.com/funds/45028/,INF769K01OB9,153382,1,1,1,1,4,High Risk,Poor
Mirae Asset Large & Midcap Reg,equity,equity,Regular,2.99,14.89,11.96,BSE Large Mid Cap TRI,0.31,13,11.83,1.66,1.06,0.58,16.16,15.27,,,,,25,https://www.valueresearchonline.com/funds/11213/,INF769K01101,112932,8,6,2,3,19,Mod. High Risk,Average
Mirae Asset Nifty 200 Alpha 30 ETF,equity,equity,Regular,2.27,,,BSE Large Mid Cap TRI,0.31,,,,,,,,,,,,25,https://www.valueresearchonline.com/funds/43817/,INF769K01GX9,148623,1,1,1,1,4,High Risk,Poor
Mirae Asset Nifty 200 Alpha 30 ETF FoF Reg,equity,equity,Regular,1.52,,,BSE Large Mid Cap TRI,0.31,,,,,,,,,,,,1,https://www.valueresearchonline.com/funds/44398/,INF769K01LR1,152720,1,1,1,1,4,High Risk,Poor
Mirae Asset Nifty LargeMidcap 250 Index Reg,equity,equity,Regular,1.11,,,BSE Large Mid Cap TRI,0.31,,,,,,,,,,,,25,https://www.valueresearchonline.com/funds/44622/,INF769K01MG2,152978,1,1,1,1,4,High Risk,Poor
Motilal Oswal BSE Low Volatility ETF,equity,equity,Regular,-2.9,11.36,,BSE Large Mid Cap TRI,0.31,13,,-0.39,0.9,0.44,14.15,12.03,,,,,25,https://www.valueresearchonline.com/funds/42147/,INF090I01UD7,147989,4,4,3,4,15,Moderate Risk,Average
Motilal Oswal BSE Low Volatility Index Reg,equity,equity,Regular,-3.61,10.29,,BSE Large Mid Cap TRI,0.31,13,,-1.36,0.9,0.37,14.12,11.05,,,,,25,https://www.valueresearchonline.com/funds/42154/,INF955L01IY6,152904,4,4,3,4,15,Moderate Risk,Average
Motilal Oswal BSE Quality ETF,equity,equity,Regular,1.88,15.53,,BSE Large Mid Cap TRI,0.31,13,,3.28,1.08,0.62,17.9,17.03,,,,,25,https://www.valueresearchonline.com/funds/42438/,INF247L01247,124234,10,6,2,3,21,Mod. High Risk,Average
Motilal Oswal BSE Quality Index Reg,equity,equity,Regular,1.1,14.6,,BSE Large Mid Cap TRI,0.31,13,,2.48,1.08,0.58,17.82,16.2,,,,,25,https://www.valueresearchonline.com/funds/42439/,INF955L01IY6,152904,10,6,2,3,21,Mod. High Risk,Average
Motilal Oswal Large and Midcap Reg,equity,equity,Regular,5.77,23.31,19.35,BSE Large Mid Cap TRI,0.31,13,11.83,9.28,1.19,0.84,21.34,23.79,,,,,25,https://www.valueresearchonline.com/funds/40336/,INF247L01965,147701,12,8,1,2,23,High Risk,Average
Motilal Oswal Nifty 200 Momentum 30 ETF,equity,equity,Regular,-2.09,14.58,,BSE Large Mid Cap TRI,0.31,13,,0.61,1.24,0.48,20.02,15.51,,,,,25,https://www.valueresearchonline.com/funds/42039/,INF846K011Z9,153083,8,4,1,2,15,High Risk,Average
Motilal Oswal Nifty 200 Momentum 30 Index Reg,equity,equity,Regular,-2.85,13.78,,BSE Large Mid Cap TRI,0.31,13,,-0.1,1.24,0.45,19.99,14.79,,,,,25,https://www.valueresearchonline.com/funds/42040/,INF247L01DM4,152876,4,4,1,2,11,High Risk,Poor
Navi Large & Midcap Reg,equity,equity,Regular,2.2,10.99,11.53,BSE Large Mid Cap TRI,0.31,13,11.83,-2.12,1.07,0.34,17.02,11.57,,,,,25,https://www.valueresearchonline.com/funds/31276/,INF959L01CK0,135678,2,4,2,3,11,Mod. High Risk,Poor
Nippon India Nifty Alpha Low Volatility 30 Index Reg,equity,equity,Regular,-2.37,12.16,,BSE Large Mid Cap TRI,0.31,13,,-0.81,1.05,0.41,16.68,12.68,,,,,25,https://www.valueresearchonline.com/funds/42411/,INF204KC1550,150490,4,4,2,3,13,Mod. High Risk,Average
Nippon India Vision Large & Mid Cap Reg,equity,equity,Regular,1.83,17.93,15.22,BSE Large Mid Cap TRI,0.31,13,11.83,4.42,1.03,0.76,15.6,17.77,,,,,25,https://www.valueresearchonline.com/funds/182/,INF903J016H9,134356,12,8,3,3,26,Mod. High Risk,Average
PGIM India Large and Mid Cap Reg,equity,equity,Regular,-1.68,,,BSE Large Mid Cap TRI,0.31,,,,,,,,,,,,25,https://www.valueresearchonline.com/funds/44083/,INF663L01X88,152383,1,1,1,1,4,High Risk,Poor
Quant Large & Mid Cap Reg,equity,equity,Regular,6.36,18.17,16.22,BSE Large Mid Cap TRI,0.31,13,11.83,4.93,1.19,0.68,19.83,19.45,,,,,18,https://www.valueresearchonline.com/funds/4111/,INF789F01869,100664,12,6,1,2,21,High Risk,Average
SBI Large & Midcap Reg,equity,equity,Regular,5.32,15.16,14.39,BSE Large Mid Cap TRI,0.31,13,11.83,2.67,0.88,0.67,13.56,14.98,,,,,25,https://www.valueresearchonline.com/funds/197/,INF200K01180,103504,10,6,4,4,24,Moderate Risk,Average
SBI Nifty 200 Quality 30 ETF,equity,equity,Regular,-3.85,10.1,9.26,BSE Large Mid Cap TRI,0.31,13,11.83,-1.63,1,0.35,16.02,11.54,,,,,25,https://www.valueresearchonline.com/funds/38348/,INF200K01SH3,119707,4,4,2,4,14,Mod. High Risk,Average
SBI Nifty200 Momentum 30 Index Reg,equity,equity,Regular,,,,BSE Large Mid Cap TRI,,,,,,,,,,,,,25,https://www.valueresearchonline.com/funds/45265/,INF200KB1845,153663,1,1,1,1,4,High Risk,Poor
SBI Nifty200 Quality 30 Index Reg,equity,equity,Regular,-4.29,,,BSE Large Mid Cap TRI,0.31,,,,,,,,,,,,25,https://www.valueresearchonline.com/funds/45180/,INF200KB1787,153554,1,1,1,1,4,High Risk,Poor
Samco Large & Mid Cap Reg,equity,equity,Regular,,,,BSE Large Mid Cap TRI,,,,,,,,,,,,,25,https://www.valueresearchonline.com/funds/45200/,INF0K1H01289,153533,1,1,1,1,4,High Risk,Poor
Sundaram Large & Midcap Reg,equity,equity,Regular,4.96,15.17,12.77,BSE Large Mid Cap TRI,0.31,13,11.83,1.08,1.03,0.54,15.89,14.44,,,,,25,https://www.valueresearchonline.com/funds/4152/,INF903J01DT1,105001,8,6,3,3,20,Mod. High Risk,Average
Tata BSE Quality Index Reg,equity,equity,Regular,0.84,,,BSE Large Mid Cap TRI,0.31,,,,,,,,,,,,25,https://www.valueresearchonline.com/funds/45060/,INF277KA1DH7,153425,1,1,1,1,4,High Risk,Poor
Tata Large & Midcap Reg,equity,equity,Regular,-5.5,9.31,10.61,BSE Large Mid Cap TRI,0.31,13,11.83,-3.92,1.05,0.23,16.19,9.63,,,,,25,https://www.valueresearchonline.com/funds/102/,INF277K01428,101824,2,4,2,3,11,Mod. High Risk,Poor
Tata Nifty200 Alpha 30 Index Reg,equity,equity,Regular,1.42,,,BSE Large Mid Cap TRI,0.31,,,,,,,,,,,,25,https://www.valueresearchonline.com/funds/44507/,INF277KA1CF3,152834,1,1,1,1,4,High Risk,Poor
UTI BSE Low Volatility Index Reg,equity,equity,Regular,-3.34,10.6,,BSE Large Mid Cap TRI,0.31,13,,-1.07,0.9,0.39,14.11,11.33,,,,,25,https://www.valueresearchonline.com/funds/42110/,INF789F1AVE5,149880,4,4,3,4,15,Moderate Risk,Average
UTI Large & Mid Cap Reg,equity,equity,Regular,1.61,18.45,15.29,BSE Large Mid Cap TRI,0.31,13,11.83,5.33,1.01,0.82,15.5,18.52,,,,,25,https://www.valueresearchonline.com/funds/258/,INF789F01869,100664,12,8,3,3,26,Mod. High Risk,Average
UTI Nifty Alpha Low-Volatility 30 Index Reg,equity,equity,Regular,-2.29,,,BSE Large Mid Cap TRI,0.31,,,,,,,,,,,,25,https://www.valueresearchonline.com/funds/44726/,INF789F1AZL1,153087,1,1,1,1,4,High Risk,Poor
UTI Nifty200 Momentum 30 Index Reg,equity,equity,Regular,-2.2,14.41,11.85,BSE Large Mid Cap TRI,0.31,13,11.83,0.44,1.24,0.47,20.01,15.35,,,,,25,https://www.valueresearchonline.com/funds/41311/,INF789F1AUS7,148704,8,4,1,2,15,High Risk,Average
UTI Nifty200 Quality 30 Index Reg,equity,equity,Regular,-4.42,,,BSE Large Mid Cap TRI,0.31,,,,,,,,,,,,25,https://www.valueresearchonline.com/funds/44547/,INF200KB1787,153554,1,1,1,1,4,High Risk,Poor
Union Large & Midcap Reg,equity,equity,Regular,3.01,13.99,12.69,BSE Large Mid Cap TRI,0.31,13,11.83,1.13,0.96,0.53,15.32,14,,,,,25,https://www.valueresearchonline.com/funds/40383/,INF582M01GD4,147748,8,6,3,4,21,Moderate Risk,Average
WhiteOak Capital Large & Mid Cap Reg,equity,equity,Regular,3.08,,,BSE Large Mid Cap TRI,0.31,,,,,,,,,,,,25,https://www.valueresearchonline.com/funds/43931/,INF03VN01837,152225,1,1,1,1,4,High Risk,Poor
ABSL BSE Sensex ETF,equity,equity,Regular,-5.7,8.16,9.04,BSE 100 TRI,-1.3,11.63,11.2,-3.33,0.93,0.15,13.66,7.94,,,,,25,https://www.valueresearchonline.com/funds/32649/,INF209K01YN0,119550,2,4,4,4,14,Moderate Risk,Average
ABSL Large Cap Reg,equity,equity,Regular,-3.51,11.64,10.79,BSE 100 TRI,-1.3,11.63,11.2,0.24,0.98,0.42,14.23,11.78,,,,,25,https://www.valueresearchonline.com/funds/1400/,INF209KB1Y23,148918,8,4,3,4,19,Moderate Risk,Average
ABSL Nifty 50 ETF,equity,equity,Regular,-3.49,10.04,9.93,BSE 100 TRI,-1.3,11.63,11.2,-1.32,0.95,0.3,13.8,10.04,,,,,25,https://www.valueresearchonline.com/funds/13012/,INF209K01VY3,119648,4,4,4,4,16,Moderate Risk,Average
ABSL Nifty 50 Equal Weight Index Reg,equity,equity,Regular,2.87,14.25,12.83,BSE 100 TRI,-1.3,11.63,11.2,3.14,0.98,0.6,14.62,14.69,,,,,25,https://www.valueresearchonline.com/funds/41503/,INF209KB1Z48,148965,10,6,3,4,23,Moderate Risk,Average
ABSL Nifty 50 Index Reg,equity,equity,Regular,-3.97,9.52,9.34,BSE 100 TRI,-1.3,11.63,11.2,-1.8,0.95,0.27,13.78,9.56,,,,,25,https://www.valueresearchonline.com/funds/1445/,INF209K01LB2,101314,4,4,4,4,16,Moderate Risk,Average
ABSL Nifty Next 50 ETF,equity,equity,Regular,7.6,19.8,14.17,BSE 100 TRI,-1.3,11.63,11.2,7.03,1.29,0.72,20.17,20.33,,,,,25,https://www.valueresearchonline.com/funds/38491/,INF209KB10G3,149838,12,6,1,1,20,High Risk,Average
ABSL Nifty Next 50 Index Reg,equity,equity,Regular,6.79,18.6,,BSE 100 TRI,-1.3,11.63,,6,1.28,0.67,20.16,19.3,,,,,25,https://www.valueresearchonline.com/funds/42070/,INF209KB12G9,149837,12,6,1,1,20,High Risk,Average
Angel One Nifty 50 ETF,equity,equity,Regular,-3.56,,,BSE 100 TRI,-1.3,,,,,,,,,,,,25,https://www.valueresearchonline.com/funds/45159/,INF579M01AN2,151165,1,1,1,1,4,High Risk,Poor
Angel One Nifty 50 Index Reg,equity,equity,Regular,-4.23,,,BSE 100 TRI,-1.3,,,,,,,,,,,,25,https://www.valueresearchonline.com/funds/45160/,INF1J2R01080,153530,1,1,1,1,4,High Risk,Poor
Axis BSE Sensex ETF,equity,equity,Regular,-5.72,8.1,,BSE 100 TRI,-1.3,11.63,,-3.38,0.93,0.15,13.64,7.89,,,,,25,https://www.valueresearchonline.com/funds/43285/,INF846K01CR6,120438,2,4,4,4,14,Moderate Risk,Average
Axis BSE Sensex Index Reg,equity,equity,Regular,-6.2,,,BSE 100 TRI,-1.3,,,,,,,,,,,,25,https://www.valueresearchonline.com/funds/44148/,INF846K014V2,152421,1,1,1,1,4,High Risk,Poor
Axis Large Cap Reg,equity,equity,Regular,-2.47,10.01,7.08,BSE 100 TRI,-1.3,11.63,11.2,-1.72,0.91,0.26,13.49,9.42,,,,,25,https://www.valueresearchonline.com/funds/10780/,INF846K01164,112277,4,4,4,4,16,Moderate Risk,Average
Axis Nifty 100 Index Reg,equity,equity,Regular,-2.5,10.68,9.47,BSE 100 TRI,-1.3,11.63,11.2,-0.86,1.01,0.34,14.58,10.82,,,,,25,https://www.valueresearchonline.com/funds/40296/,INF846K01S52,147665,4,4,3,3,14,Mod. High Risk,Average
Axis Nifty 50 ETF,equity,equity,Regular,-3.55,10.02,9.91,BSE 100 TRI,-1.3,11.63,11.2,-1.33,0.95,0.3,13.79,10.02,,,,,25,https://www.valueresearchonline.com/funds/34322/,INF846K01CR6,120438,4,4,4,4,16,Moderate Risk,Average
Axis Nifty 50 Index Reg,equity,equity,Regular,-3.93,9.56,,BSE 100 TRI,-1.3,11.63,,-1.75,0.95,0.27,13.74,9.59,,,,,25,https://www.valueresearchonline.com/funds/41858/,INF846K016D5,149371,4,4,4,4,16,Moderate Risk,Average
Axis Nifty Next 50 Index Reg,equity,equity,Regular,6.58,18.6,,BSE 100 TRI,-1.3,11.63,,6.04,1.28,0.67,20.08,19.3,,,,,25,https://www.valueresearchonline.com/funds/41944/,INF846K012F9,149467,12,6,1,1,20,High Risk,Average
BHARAT 22 ETF,equity,equity,Regular,8.88,22.2,24.39,BSE 100 TRI,-1.3,11.63,11.2,10.91,1.11,0.92,18.83,23.21,,,,,22,https://www.valueresearchonline.com/funds/34740/,INF109KC1YD4,146951,12,8,1,3,24,High Risk,Average
Bajaj Finserv Large Cap Reg,equity,equity,Regular,-0.83,,,BSE 100 TRI,-1.3,,,,,,,,,,,,25,https://www.valueresearchonline.com/funds/44453/,INF0QA701862,152780,1,1,1,1,4,High Risk,Poor
Bajaj Finserv Nifty 50 ETF,equity,equity,Regular,-3.56,,,BSE 100 TRI,-1.3,,,,,,,,,,,,25,https://www.valueresearchonline.com/funds/44066/,INF0QA701BA9,153506,1,1,1,1,4,High Risk,Poor
Bajaj Finserv Nifty 50 Index Reg,equity,equity,Regular,-4.63,,,BSE 100 TRI,-1.3,,,,,,,,,,,,25,https://www.valueresearchonline.com/funds/45131/,INF0QA701AY1,153508,1,1,1,1,4,High Risk,Poor
Bajaj Finserv Nifty Next 50 Index Reg,equity,equity,Regular,5.91,,,BSE 100 TRI,-1.3,,,,,,,,,,,,25,https://www.valueresearchonline.com/funds/45111/,INF0QA701BD3,153480,1,1,1,1,4,High Risk,Poor
Bandhan BSE Sensex ETF,equity,equity,Regular,-6.04,7.78,8.66,BSE 100 TRI,-1.3,11.63,11.2,-3.68,0.93,0.13,13.64,7.58,,,,,25,https://www.valueresearchonline.com/funds/32902/,INF194K015G8,121279,2,4,4,4,14,Moderate Risk,Average
Bandhan Large Cap Reg,equity,equity,Regular,0.15,13.51,11.46,BSE 100 TRI,-1.3,11.63,11.2,1.71,1.02,0.51,14.98,13.45,,,,,25,https://www.valueresearchonline.com/funds/3400/,INF194K01516,108799,8,6,3,3,20,Mod. High Risk,Average
Bandhan Nifty 100 Index Reg,equity,equity,Regular,-2.22,10.97,,BSE 100 TRI,-1.3,11.63,,-0.59,1.01,0.36,14.58,11.09,,,,,25,https://www.valueresearchonline.com/funds/42074/,INF194KB1CO4,149833,4,4,3,3,14,Mod. High Risk,Average
Bandhan Nifty 50 ETF,equity,equity,Regular,-3.6,9.96,9.83,BSE 100 TRI,-1.3,11.63,11.2,-1.39,0.95,0.3,13.79,9.97,,,,,25,https://www.valueresearchonline.com/funds/32903/,INF194K015G8,121279,4,4,4,4,16,Moderate Risk,Average
Bandhan Nifty 50 Index Reg,equity,equity,Regular,-4.13,9.32,9.28,BSE 100 TRI,-1.3,11.63,11.2,-1.98,0.95,0.25,13.79,9.38,,,,,25,https://www.valueresearchonline.com/funds/11154/,INF194K01920,112877,4,4,4,4,16,Moderate Risk,Average
Bandhan Nifty Next 50 Index Reg,equity,equity,Regular,6.53,,,BSE 100 TRI,-1.3,,,,,,,,,,,,25,https://www.valueresearchonline.com/funds/44983/,INF194KB1JJ9,153349,1,1,1,1,4,High Risk,Poor
Bandhan Nifty100 Low Volatility 30 Index Reg,equity,equity,Regular,-0.75,11.3,,BSE 100 TRI,-1.3,11.63,,0.54,0.94,0.41,14.43,11.84,,,,,25,https://www.valueresearchonline.com/funds/42542/,INF194KB1DY1,150633,8,4,3,4,19,Moderate Risk,Average
Bank of India Large Cap Reg,equity,equity,Regular,4.13,14.35,,BSE 100 TRI,-1.3,11.63,,2.61,1.08,0.54,16.29,14.71,,,,,25,https://www.valueresearchonline.com/funds/41519/,INF761K01FO7,148982,10,6,2,3,21,Mod. High Risk,Average
Baroda BNP Paribas Large Cap Reg,equity,equity,Regular,-1.94,12.94,11.28,BSE 100 TRI,-1.3,11.63,11.2,1.82,1,0.52,14.73,13.46,,,,,25,https://www.valueresearchonline.com/funds/2338/,INF955L01JR8,148471,8,6,3,4,21,Moderate Risk,Average
Baroda BNP Paribas NIFTY 50 Index Reg,equity,equity,Regular,-4.17,,,BSE 100 TRI,-1.3,,,,,,,,,,,,25,https://www.valueresearchonline.com/funds/43985/,INF251K01SV7,152331,1,1,1,1,4,High Risk,Poor
Canara Robeco Large Cap Reg,equity,equity,Regular,-3.72,11.54,9.9,BSE 100 TRI,-1.3,11.63,11.2,-0.16,0.94,0.39,13.74,11.17,,,,,25,https://www.valueresearchonline.com/funds/11333/,INF760K01AR3,113221,4,4,4,4,16,Moderate Risk,Average
Choice Nifty 50 Index Reg,equity,equity,Regular,,,,BSE 100 TRI,,,,,,,,,,,,,25,https://www.valueresearchonline.com/funds/45931/,INF2KCX01038,154302,1,1,1,1,4,High Risk,Poor
Choice Nifty Next 50 Index Reg,equity,equity,Regular,,,,BSE 100 TRI,,,,,,,,,,,,,25,https://www.valueresearchonline.com/funds/45937/,INF2KCX01053,154303,1,1,1,1,4,High Risk,Poor
DSP BSE Sensex ETF,equity,equity,Regular,-5.71,,,BSE 100 TRI,-1.3,,,,,,,,,,,,25,https://www.valueresearchonline.com/funds/43657/,INF740K01ZW2,124175,1,1,1,1,4,High Risk,Poor
DSP BSE Sensex Next 30 ETF,equity,equity,Regular,8.15,,,BSE 100 TRI,-1.3,,,,,,,,,,,,25,https://www.valueresearchonline.com/funds/44874/,INF740KA1VB1,153219,1,1,1,1,4,High Risk,Poor
DSP BSE Sensex Next 30 Index Reg,equity,equity,Regular,7.18,,,BSE 100 TRI,-1.3,,,,,,,,,,,,25,https://www.valueresearchonline.com/funds/44870/,INF740KA1UY5,153216,1,1,1,1,4,High Risk,Poor
DSP Large Cap Reg,equity,equity,Regular,-3.65,13.71,10.71,BSE 100 TRI,-1.3,11.63,11.2,2.34,0.89,0.56,13.23,13.34,,,,,25,https://www.valueresearchonline.com/funds/1540/,INF740K01243,101635,10,6,4,4,24,Moderate Risk,Average
DSP NIFTY 50 Equal Weight ETF,equity,equity,Regular,3.75,15.2,,BSE 100 TRI,-1.3,11.63,,3.98,0.98,0.66,14.64,15.54,,,,,25,https://www.valueresearchonline.com/funds/41801/,INF740KA1CR7,141877,10,6,3,4,23,Moderate Risk,Average
DSP Nifty 50 ETF,equity,equity,Regular,-3.52,10.02,,BSE 100 TRI,-1.3,11.63,,-1.34,0.95,0.3,13.79,10.02,,,,,25,https://www.valueresearchonline.com/funds/41895/,INF740K01ZW2,124175,4,4,4,4,16,Moderate Risk,Average
DSP Nifty 50 Equal Weight Index Reg,equity,equity,Regular,3,14.38,13.08,BSE 100 TRI,-1.3,11.63,11.2,3.26,0.98,0.61,14.62,14.81,,,,,25,https://www.valueresearchonline.com/funds/34693/,INF740KA1CO4,141875,10,6,3,4,23,Moderate Risk,Average
DSP Nifty 50 Index Reg,equity,equity,Regular,-3.83,9.63,9.5,BSE 100 TRI,-1.3,11.63,11.2,-1.69,0.95,0.28,13.78,9.66,,,,,25,https://www.valueresearchonline.com/funds/39133/,INF740KA1MJ3,146379,4,4,4,4,16,Moderate Risk,Average
DSP Nifty Next 50 ETF,equity,equity,Regular,,,,BSE 100 TRI,,,,,,,,,,,,,25,https://www.valueresearchonline.com/funds/45716/,INF740K01ZW2,124175,1,1,1,1,4,High Risk,Poor
DSP Nifty Next 50 Index Reg,equity,equity,Regular,6.85,18.96,13.52,BSE 100 TRI,-1.3,11.63,11.2,6.38,1.29,0.68,20.16,19.68,,,,,25,https://www.valueresearchonline.com/funds/39163/,INF740KA1MD6,146380,12,6,1,1,20,High Risk,Average
DSP Nifty Top 10 Equal Wght ETF,equity,equity,Regular,-11.23,,,BSE 100 TRI,-1.3,,,,,,,,,,,,10,https://www.valueresearchonline.com/funds/44494/,INF740K01NF3,119099,1,1,1,1,4,High Risk,Poor
DSP Nifty Top 10 Equal Wght Index Reg,equity,equity,Regular,-11.98,,,BSE 100 TRI,-1.3,,,,,,,,,,,,10,https://www.valueresearchonline.com/funds/44492/,INF740KA1UP3,152813,1,1,1,1,4,High Risk,Poor
Edelweiss BSE Sensex ETF,equity,equity,Regular,,,,BSE 100 TRI,,,,,,,,,,,,,25,https://www.valueresearchonline.com/funds/45582/,INF843K01FC8,140286,1,1,1,1,4,High Risk,Poor
Edelweiss Large Cap B,equity,equity,Regular,-2.8,10.92,10.57,BSE 100 TRI,-1.3,11.63,11.2,-0.14,0.97,0.39,14.1,11.32,,,,,25,https://www.valueresearchonline.com/funds/10434/,INF754K01046,111940,4,4,3,4,15,Moderate Risk,Average
Edelweiss Large Cap C,equity,equity,Regular,-2.8,10.93,10.57,BSE 100 TRI,-1.3,11.63,11.2,-0.14,0.97,0.39,14.1,11.32,,,,,25,https://www.valueresearchonline.com/funds/10436/,INF754K01046,111940,4,4,3,4,15,Moderate Risk,Average
Edelweiss Large Cap Reg,equity,equity,Regular,-2.81,10.92,10.55,BSE 100 TRI,-1.3,11.63,11.2,-0.14,0.97,0.39,14.1,11.32,,,,,25,https://www.valueresearchonline.com/funds/10432/,INF754K01046,111940,4,4,3,4,15,Moderate Risk,Average
Edelweiss Nifty 100 Quality 30 Index Reg,equity,equity,Regular,-3.06,9.4,,BSE 100 TRI,-1.3,11.63,,-0.54,0.97,0.33,15.1,10.92,,,,,25,https://www.valueresearchonline.com/funds/32428/,INF754K01NF4,149256,4,4,3,4,15,Moderate Risk,Average
Edelweiss Nifty 50 ETF,equity,equity,Regular,,,,BSE 100 TRI,,,,,,,,,,,,,25,https://www.valueresearchonline.com/funds/45581/,INF843K01FC8,140286,1,1,1,1,4,High Risk,Poor
Edelweiss Nifty 50 Index,equity,equity,Regular,-3.98,9.32,,BSE 100 TRI,-1.3,11.63,,-1.97,0.95,0.25,13.74,9.36,,,,,25,https://www.valueresearchonline.com/funds/30199/,INF754K01MX9,149252,4,4,4,4,16,Moderate Risk,Average
Edelweiss Nifty Next 50 Index Reg,equity,equity,Regular,6.66,18.61,,BSE 100 TRI,-1.3,11.63,,6.04,1.28,0.67,20.11,19.32,,,,,25,https://www.valueresearchonline.com/funds/42802/,INF754K01QH3,150897,12,6,1,1,20,High Risk,Average
Franklin India Large Cap Reg,equity,equity,Regular,-2.85,11.38,8.76,BSE 100 TRI,-1.3,11.63,11.2,0.09,0.91,0.4,13.33,11.2,,,,,25,https://www.valueresearchonline.com/funds/114/,INF955L01IY6,152904,8,4,4,4,20,Moderate Risk,Average
Franklin India NSE Nifty 50 Index Reg,equity,equity,Regular,-4.02,9.37,9.22,BSE 100 TRI,-1.3,11.63,11.2,-1.92,0.94,0.26,13.71,9.41,,,,,25,https://www.valueresearchonline.com/funds/834/,INF955L01IY6,152904,4,4,4,4,16,Moderate Risk,Average
Groww Large Cap Reg,equity,equity,Regular,-0.26,11.79,10.04,BSE 100 TRI,-1.3,11.63,11.2,0.08,0.98,0.4,14.52,11.61,,,,,25,https://www.valueresearchonline.com/funds/14013/,INF0GCD01537,151322,8,4,3,4,19,Moderate Risk,Average
Groww Nifty 50 ETF,equity,equity,Regular,,,,BSE 100 TRI,,,,,,,,,,,,,25,https://www.valueresearchonline.com/funds/45330/,INF666M01EK5,145589,1,1,1,1,4,High Risk,Poor
Groww Nifty 50 Index Reg,equity,equity,Regular,,,,BSE 100 TRI,,,,,,,,,,,,,25,https://www.valueresearchonline.com/funds/45326/,INF666M01KW7,153710,1,1,1,1,4,High Risk,Poor
Groww Nifty Next 50 ETF,equity,equity,Regular,,,,BSE 100 TRI,,,,,,,,,,,,,25,https://www.valueresearchonline.com/funds/45428/,INF666M01EK5,145589,1,1,1,1,4,High Risk,Poor
Groww Nifty Next 50 Index Reg,equity,equity,Regular,,,,BSE 100 TRI,,,,,,,,,,,,,25,https://www.valueresearchonline.com/funds/45429/,INF666M01LW5,153798,1,1,1,1,4,High Risk,Poor
HDFC BSE Sensex ETF,equity,equity,Regular,-5.74,8.15,9.05,BSE 100 TRI,-1.3,11.63,11.2,-3.33,0.94,0.15,13.67,7.94,,,,,25,https://www.valueresearchonline.com/funds/31377/,INF179KA1IZ7,128629,2,4,4,4,14,Moderate Risk,Average
HDFC BSE Sensex Index Reg,equity,equity,Regular,-6.08,7.77,8.65,BSE 100 TRI,-1.3,11.63,11.2,-3.69,0.94,0.13,13.67,7.58,,,,,25,https://www.valueresearchonline.com/funds/1370/,INF767K01139,101199,2,4,4,4,14,Moderate Risk,Average
HDFC Large Cap Reg,equity,equity,Regular,-1.78,11.87,12.19,BSE 100 TRI,-1.3,11.63,11.2,0.2,0.95,0.41,14.01,11.58,,,,,25,https://www.valueresearchonline.com/funds/104/,INF179K01BE2,102000,8,4,3,4,19,Moderate Risk,Average
HDFC NIFTY 100 ETF,equity,equity,Regular,-1.88,11.36,,BSE 100 TRI,-1.3,11.63,,-0.25,1.01,0.38,14.6,11.45,,,,,25,https://www.valueresearchonline.com/funds/42416/,INF179KA1IZ7,128629,4,4,3,3,14,Mod. High Risk,Average
HDFC NIFTY 100 Equal Wght Index Reg,equity,equity,Regular,4.8,16.5,,BSE 100 TRI,-1.3,11.63,,4.7,1.13,0.66,16.97,17.12,,,,,25,https://www.valueresearchonline.com/funds/42092/,INF955L01IY6,152904,12,6,2,3,23,Mod. High Risk,Average
HDFC NIFTY 100 Index Reg,equity,equity,Regular,-2.35,10.8,,BSE 100 TRI,-1.3,11.63,,-0.75,1.01,0.35,14.56,10.93,,,,,25,https://www.valueresearchonline.com/funds/42090/,INF955L01IY6,152904,4,4,3,3,14,Mod. High Risk,Average
HDFC NIFTY 50 ETF,equity,equity,Regular,-3.55,10.01,9.9,BSE 100 TRI,-1.3,11.63,11.2,-1.35,0.95,0.3,13.8,10.02,,,,,25,https://www.valueresearchonline.com/funds/31376/,INF179KA1IZ7,128629,4,4,4,4,16,Moderate Risk,Average
HDFC NIFTY 50 Index Reg,equity,equity,Regular,-3.89,9.62,9.49,BSE 100 TRI,-1.3,11.63,11.2,-1.7,0.95,0.27,13.79,9.65,,,,,25,https://www.valueresearchonline.com/funds/1368/,INF917K01D38,151158,4,4,4,4,16,Moderate Risk,Average
HDFC NIFTY Next 50 ETF,equity,equity,Regular,7.45,19.61,,BSE 100 TRI,-1.3,11.63,,6.86,1.29,0.71,20.17,20.16,,,,,25,https://www.valueresearchonline.com/funds/42417/,INF179KA1IZ7,128629,12,6,1,1,20,High Risk,Average
HDFC NIFTY Next 50 Index Reg,equity,equity,Regular,6.89,18.79,,BSE 100 TRI,-1.3,11.63,,6.17,1.28,0.67,20.18,19.47,,,,,25,https://www.valueresearchonline.com/funds/41799/,INF917K01D95,151162,12,6,1,1,20,High Risk,Average
HDFC NIFTY100 Low Volatility 30 ETF,equity,equity,Regular,0.03,12.57,,BSE 100 TRI,-1.3,11.63,,1.69,0.94,0.49,14.47,13.01,,,,,25,https://www.valueresearchonline.com/funds/42568/,INF179K01VS0,119116,8,4,3,4,19,Moderate Risk,Average
HDFC NIFTY100 Low Volatility 30 Index Reg,equity,equity,Regular,-0.63,,,BSE 100 TRI,-1.3,,,,,,,,,,,,25,https://www.valueresearchonline.com/funds/44404/,INF200KB1902,153716,1,1,1,1,4,High Risk,Poor
HDFC NIFTY100 Quality 30 ETF,equity,equity,Regular,-2.39,10.1,,BSE 100 TRI,-1.3,11.63,,0.11,0.97,0.38,15.12,11.58,,,,,25,https://www.valueresearchonline.com/funds/42536/,INF179KC1BG0,148986,8,4,3,4,19,Moderate Risk,Average
HDFC NIFTY50 Equal Weight Index Reg,equity,equity,Regular,2.98,14.44,,BSE 100 TRI,-1.3,11.63,,3.31,0.98,0.62,14.63,14.87,,,,,25,https://www.valueresearchonline.com/funds/41635/,INF740KA1CO4,141875,10,6,3,4,23,Moderate Risk,Average
HDFC Nifty Top 20 Equal Weight Index Reg,equity,equity,Regular,-6.24,,,BSE 100 TRI,-1.3,,,,,,,,,,,,20,https://www.valueresearchonline.com/funds/45042/,INF179KC1JH1,153404,1,1,1,1,4,High Risk,Poor
HDFC Nifty100 Quality 30 Index Reg,equity,equity,Regular,-3,,,BSE 100 TRI,-1.3,,,,,,,,,,,,25,https://www.valueresearchonline.com/funds/44914/,INF200KB1787,153554,1,1,1,1,4,High Risk,Poor
HSBC Large Cap Reg,equity,equity,Regular,-0.11,11.88,10.11,BSE 100 TRI,-1.3,11.63,11.2,0.12,0.95,0.4,14.18,11.48,,,,,25,https://www.valueresearchonline.com/funds/1481/,INF200K01180,103504,8,4,3,4,19,Moderate Risk,Average
HSBC Nifty 50 Index Reg,equity,equity,Regular,-3.83,9.58,9.42,BSE 100 TRI,-1.3,11.63,11.2,-1.71,0.95,0.27,13.74,9.63,,,,,25,https://www.valueresearchonline.com/funds/40970/,INF917K01D38,151158,4,4,4,4,16,Moderate Risk,Average
HSBC Nifty Next 50 Index Reg,equity,equity,Regular,6.64,18.62,13.08,BSE 100 TRI,-1.3,11.63,11.2,5.99,1.28,0.67,20.07,19.25,,,,,25,https://www.valueresearchonline.com/funds/40974/,INF917K01D95,151162,12,6,1,1,20,High Risk,Average
ICICI Pru BSE Sensex ETF,equity,equity,Regular,-5.73,8.19,9.08,BSE 100 TRI,-1.3,11.63,11.2,-3.3,0.94,0.15,13.67,7.97,,,,,25,https://www.valueresearchonline.com/funds/1512/,INF109K010A6,120256,2,4,4,4,14,Moderate Risk,Average
ICICI Pru BSE Sensex Index,equity,equity,Regular,-5.99,7.87,8.72,BSE 100 TRI,-1.3,11.63,11.2,-3.6,0.93,0.13,13.66,7.68,,,,,25,https://www.valueresearchonline.com/funds/34647/,INF769K01OB9,153382,2,4,4,4,14,Moderate Risk,Average
ICICI Pru Bharat 22 FOF,equity,equity,Regular,8.72,21.84,24.1,BSE 100 TRI,-1.3,11.63,11.2,10.78,1.1,0.91,18.77,23.02,,,,,1,https://www.valueresearchonline.com/funds/36692/,INF084M01077,132174,12,8,1,3,24,High Risk,Average
ICICI Pru Large Cap,equity,equity,Regular,-1.74,14.17,13.2,BSE 100 TRI,-1.3,11.63,11.2,2.77,0.92,0.6,13.51,13.94,,,,,25,https://www.valueresearchonline.com/funds/7517/,INF209K01AJ8,103166,10,6,4,4,24,Moderate Risk,Average
ICICI Pru Nifty 100 ETF,equity,equity,Regular,-2.06,11.17,9.99,BSE 100 TRI,-1.3,11.63,11.2,-0.41,1.01,0.37,14.6,11.28,,,,,25,https://www.valueresearchonline.com/funds/20933/,INF109K010A6,120256,4,4,3,3,14,Mod. High Risk,Average
ICICI Pru Nifty 100 Low Volatility 30 ETF,equity,equity,Regular,-0.06,12.46,11.01,BSE 100 TRI,-1.3,11.63,11.2,1.59,0.94,0.49,14.48,12.91,,,,,25,https://www.valueresearchonline.com/funds/34396/,INF109KC1P81,148822,8,4,3,4,19,Moderate Risk,Average
ICICI Pru Nifty 100 Low Volatility 30 ETF FOF,equity,equity,Regular,-0.66,11.75,10.2,BSE 100 TRI,-1.3,11.63,11.2,1.2,0.9,0.46,13.97,12.28,,,,,1,https://www.valueresearchonline.com/funds/41397/,INF194K01FU8,108632,8,4,4,4,20,Moderate Risk,Average
ICICI Pru Nifty 50 ETF,equity,equity,Regular,-3.52,10.04,9.93,BSE 100 TRI,-1.3,11.63,11.2,-1.32,0.95,0.3,13.8,10.04,,,,,25,https://www.valueresearchonline.com/funds/18653/,INF109K010A6,120256,4,4,4,4,16,Moderate Risk,Average
ICICI Pru Nifty 50 Index,equity,equity,Regular,-3.88,9.61,9.48,BSE 100 TRI,-1.3,11.63,11.2,-1.71,0.95,0.27,13.78,9.64,,,,,25,https://www.valueresearchonline.com/funds/1236/,INF579M01AL6,151164,4,4,4,4,16,Moderate Risk,Average
ICICI Pru Nifty Next 50 ETF,equity,equity,Regular,7.51,19.72,14.13,BSE 100 TRI,-1.3,11.63,11.2,7.01,1.29,0.72,20.17,20.31,,,,,25,https://www.valueresearchonline.com/funds/37322/,INF109K01Y80,120684,12,6,1,1,20,High Risk,Average
ICICI Pru Nifty Next 50 Index,equity,equity,Regular,6.74,18.86,13.32,BSE 100 TRI,-1.3,11.63,11.2,6.27,1.29,0.68,20.17,19.57,,,,,25,https://www.valueresearchonline.com/funds/11236/,INF846K010D8,149242,12,6,1,1,20,High Risk,Average
ICICI Pru Nifty Top 15 Equal Weight ETF,equity,equity,Regular,,,,BSE 100 TRI,,,,,,,,,,,,,15,https://www.valueresearchonline.com/funds/45235/,INF109K1A310,153614,1,1,1,1,4,High Risk,Poor
ICICI Pru Nifty Top 15 Equal Weight Index,equity,equity,Regular,,,,BSE 100 TRI,,,,,,,,,,,,,15,https://www.valueresearchonline.com/funds/45236/,INF769K01LK6,152647,1,1,1,1,4,High Risk,Poor
ICICI Pru Nifty50 Equal Weight Index,equity,equity,Regular,2.79,14.21,,BSE 100 TRI,-1.3,11.63,,3.13,0.98,0.6,14.62,14.68,,,,,25,https://www.valueresearchonline.com/funds/42546/,INF209KB12N5,150703,10,6,3,4,23,Moderate Risk,Average
ITI Large Cap Reg,equity,equity,Regular,-3.7,10.71,8.5,BSE 100 TRI,-1.3,11.63,11.2,-1.2,1.06,0.31,15.79,10.77,,,,,25,https://www.valueresearchonline.com/funds/41208/,INF00XX01770,148351,4,4,3,3,14,Mod. High Risk,Average
Invesco India Largecap Reg,equity,equity,Regular,0.91,14.6,12.61,BSE 100 TRI,-1.3,11.63,11.2,2.4,1.06,0.54,15.7,14.38,,,,,25,https://www.valueresearchonline.com/funds/10565/,INF205K01304,112098,10,6,3,3,22,Mod. High Risk,Average
Invesco India Nifty 50 ETF,equity,equity,Regular,-3.58,9.96,9.85,BSE 100 TRI,-1.3,11.63,11.2,-1.4,0.95,0.3,13.79,9.96,,,,,25,https://www.valueresearchonline.com/funds/12761/,INF205K01KT4,120444,4,4,4,4,16,Moderate Risk,Average
JM Large Cap Reg,equity,equity,Regular,-1.79,12.23,11.28,BSE 100 TRI,-1.3,11.63,11.2,0.89,1.02,0.44,15.45,12.68,,,,,25,https://www.valueresearchonline.com/funds/108/,INF192K01601,100219,8,4,3,3,18,Mod. High Risk,Average
Kotak BSE Sensex ETF,equity,equity,Regular,-5.85,7.96,8.85,BSE 100 TRI,-1.3,11.63,11.2,-3.51,0.93,0.14,13.66,7.76,,,,,25,https://www.valueresearchonline.com/funds/7780/,INF174K01KH7,123693,2,4,4,4,14,Moderate Risk,Average
Kotak BSE Sensex Index Reg,equity,equity,Regular,-6.18,,,BSE 100 TRI,-1.3,,,,,,,,,,,,25,https://www.valueresearchonline.com/funds/44906/,INF174KA1US2,153284,1,1,1,1,4,High Risk,Poor
Kotak Large Cap Reg,equity,equity,Regular,-1.95,12.05,10.45,BSE 100 TRI,-1.3,11.63,11.2,0.29,0.97,0.42,14.18,11.79,,,,,25,https://www.valueresearchonline.com/funds/577/,INF174K01187,103234,8,4,3,4,19,Moderate Risk,Average
Kotak Nifty 100 Equal Weight ETF,equity,equity,Regular,5.53,,,BSE 100 TRI,-1.3,,,,,,,,,,,,25,https://www.valueresearchonline.com/funds/44953/,INF174KA1TY2,153146,1,1,1,1,4,High Risk,Poor
Kotak Nifty 100 Equal Weight Index Reg,equity,equity,Regular,4.83,,,BSE 100 TRI,-1.3,,,,,,,,,,,,25,https://www.valueresearchonline.com/funds/44794/,INF174KA1UB8,153145,1,1,1,1,4,High Risk,Poor
Kotak Nifty 100 Low Volatility 30 ETF,equity,equity,Regular,0.29,12.82,,BSE 100 TRI,-1.3,11.63,,1.89,0.94,0.51,14.47,13.21,,,,,25,https://www.valueresearchonline.com/funds/42184/,INF174KA1RZ3,152663,8,6,3,4,21,Moderate Risk,Average
Kotak Nifty 100 Low Volatility 30 Index Reg,equity,equity,Regular,-0.7,,,BSE 100 TRI,-1.3,,,,,,,,,,,,25,https://www.valueresearchonline.com/funds/44349/,INF174KA1RW0,152664,1,1,1,1,4,High Risk,Poor
Kotak Nifty 50 ETF,equity,equity,Regular,-3.51,10,9.86,BSE 100 TRI,-1.3,11.63,11.2,-1.36,0.95,0.3,13.8,10,,,,,25,https://www.valueresearchonline.com/funds/10843/,INF174K01KH7,123693,4,4,4,4,16,Moderate Risk,Average
Kotak Nifty 50 Equal Weight Index Reg,equity,equity,Regular,2.83,,,BSE 100 TRI,-1.3,,,,,,,,,,,,25,https://www.valueresearchonline.com/funds/44798/,INF174KA1UH5,153148,1,1,1,1,4,High Risk,Poor
Kotak Nifty 50 Index Reg,equity,equity,Regular,-3.88,9.41,9.3,BSE 100 TRI,-1.3,11.63,11.2,-1.9,0.95,0.26,13.78,9.45,,,,,25,https://www.valueresearchonline.com/funds/41515/,INF174KA1VH3,153351,4,4,4,4,16,Moderate Risk,Average
Kotak Nifty Next 50 ETF,equity,equity,Regular,,,,BSE 100 TRI,,,,,,,,,,,,,25,https://www.valueresearchonline.com/funds/45721/,INF174K01KH7,123693,1,1,1,1,4,High Risk,Poor
Kotak Nifty Next 50 Index Reg,equity,equity,Regular,6.97,18.95,13.5,BSE 100 TRI,-1.3,11.63,11.2,6.32,1.28,0.68,20.1,19.6,,,,,25,https://www.valueresearchonline.com/funds/41325/,INF174KA1FX3,148743,12,6,1,1,20,High Risk,Average
Kotak Nifty Top 10 Equal Weight Index Reg,equity,equity,Regular,-12.03,,,BSE 100 TRI,-1.3,,,,,,,,,,,,10,https://www.valueresearchonline.com/funds/45099/,INF174KA1WG3,153463,1,1,1,1,4,High Risk,Poor
LIC MF BSE Sensex ETF,equity,equity,Regular,-5.78,8.07,8.99,BSE 100 TRI,-1.3,11.63,11.2,-3.41,0.93,0.15,13.67,7.86,,,,,25,https://www.valueresearchonline.com/funds/31256/,INF767K01GI4,120338,2,4,4,4,14,Moderate Risk,Average
LIC MF BSE Sensex Index Reg,equity,equity,Regular,-6.64,7.04,7.97,BSE 100 TRI,-1.3,11.63,11.2,-4.36,0.93,0.08,13.6,6.89,,,,,25,https://www.valueresearchonline.com/funds/1479/,INF767K01139,101199,2,4,4,4,14,Moderate Risk,Average
LIC MF Large Cap Reg,equity,equity,Regular,-5.61,8.88,8.42,BSE 100 TRI,-1.3,11.63,11.2,-3.03,1.02,0.19,14.98,8.76,,,,,25,https://www.valueresearchonline.com/funds/158/,INF767K01105,106871,2,4,3,3,12,Mod. High Risk,Poor
LIC MF Nifty 100 ETF,equity,equity,Regular,-1.83,11.36,10.23,BSE 100 TRI,-1.3,11.63,11.2,-0.26,1.01,0.38,14.58,11.43,,,,,25,https://www.valueresearchonline.com/funds/32018/,INF767K01GI4,120338,4,4,3,3,14,Mod. High Risk,Average
LIC MF Nifty 50 ETF,equity,equity,Regular,-3.59,9.93,9.85,BSE 100 TRI,-1.3,11.63,11.2,-1.42,0.95,0.3,13.79,9.94,,,,,25,https://www.valueresearchonline.com/funds/31217/,INF767K01GI4,120338,4,4,4,4,16,Moderate Risk,Average
LIC MF Nifty 50 Index Reg,equity,equity,Regular,-4.54,8.88,8.84,BSE 100 TRI,-1.3,11.63,11.2,-2.37,0.95,0.23,13.78,8.98,,,,,25,https://www.valueresearchonline.com/funds/1478/,INF767K01162,101201,2,4,4,4,14,Moderate Risk,Average
LIC MF Nifty Next 50 Index Reg,equity,equity,Regular,7.07,18.82,13.31,BSE 100 TRI,-1.3,11.63,11.2,6.1,1.28,0.67,20.08,19.36,,,,,25,https://www.valueresearchonline.com/funds/11500/,INF397L01174,151935,12,6,1,1,20,High Risk,Average
Mahindra Manulife Large Cap Reg,equity,equity,Regular,-5.41,10.38,8.96,BSE 100 TRI,-1.3,11.63,11.2,-0.96,0.96,0.33,14.22,10.49,,,,,25,https://www.valueresearchonline.com/funds/39222/,INF174V01697,146551,4,4,3,4,15,Moderate Risk,Average
Mirae Asset BSE Sensex ETF,equity,equity,Regular,-5.76,,,BSE 100 TRI,-1.3,,,,,,,,,,,,25,https://www.valueresearchonline.com/funds/43803/,INF769K01GK6,148529,1,1,1,1,4,High Risk,Poor
Mirae Asset Diversified Equity Allocator Passive FoF Reg,equity,equity,Regular,0.03,13.06,11.68,BSE 100 TRI,-1.3,11.63,11.2,1.52,1.04,0.5,15.08,13.38,,,,,3,https://www.valueresearchonline.com/funds/41119/,INF769K01GB5,148502,8,6,3,3,20,Mod. High Risk,Average
Mirae Asset Large Cap Reg,equity,equity,Regular,-1.31,10.38,9.19,BSE 100 TRI,-1.3,11.63,11.2,-1.17,0.97,0.31,14.14,10.28,,,,,25,https://www.valueresearchonline.com/funds/6762/,INF769K01101,112932,4,4,3,4,15,Moderate Risk,Average
Mirae Asset Nifty 100 Low Volatility 30 ETF,equity,equity,Regular,-0.02,12.59,,BSE 100 TRI,-1.3,11.63,,1.71,0.94,0.49,14.47,13.03,,,,,25,https://www.valueresearchonline.com/funds/43284/,INF769K01CM1,118859,8,4,3,4,19,Moderate Risk,Average
Mirae Asset Nifty 50 ETF,equity,equity,Regular,-3.55,10.01,9.9,BSE 100 TRI,-1.3,11.63,11.2,-1.34,0.95,0.3,13.8,10.02,,,,,25,https://www.valueresearchonline.com/funds/38323/,INF769K01FY9,148419,4,4,4,4,16,Moderate Risk,Average
Mirae Asset Nifty 50 Index Reg,equity,equity,Regular,-4.32,,,BSE 100 TRI,-1.3,,,,,,,,,,,,25,https://www.valueresearchonline.com/funds/44618/,INF769K01MO6,152974,1,1,1,1,4,High Risk,Poor
Mirae Asset Nifty Next 50 ETF,equity,equity,Regular,7.61,19.72,14.1,BSE 100 TRI,-1.3,11.63,11.2,6.97,1.29,0.71,20.17,20.27,,,,,25,https://www.valueresearchonline.com/funds/40538/,INF579M01AN2,151165,12,6,1,1,20,High Risk,Average
Mirae Asset Nifty Top 20 Equal Wght ETF,equity,equity,Regular,,,,BSE 100 TRI,,,,,,,,,,,,,20,https://www.valueresearchonline.com/funds/45679/,INF179K01XW8,119131,1,1,1,1,4,High Risk,Poor
Mirae Asset Nifty50 Equal Wght ETF,equity,equity,Regular,3.52,,,BSE 100 TRI,-1.3,,,,,,,,,,,,25,https://www.valueresearchonline.com/funds/45149/,INF769K01GX9,148623,1,1,1,1,4,High Risk,Poor
Motilal Oswal Large Cap Reg,equity,equity,Regular,-2.25,,,BSE 100 TRI,-1.3,,,,,,,,,,,,25,https://www.valueresearchonline.com/funds/44062/,INF247L01CB9,152352,1,1,1,1,4,High Risk,Poor
Motilal Oswal Nifty 100 ETF,equity,equity,Regular,,,,BSE 100 TRI,,,,,,,,,,,,,25,https://www.valueresearchonline.com/funds/45555/,INF247L01247,124234,1,1,1,1,4,High Risk,Poor
Motilal Oswal Nifty 50 ETF,equity,equity,Regular,-3.53,10.02,9.91,BSE 100 TRI,-1.3,11.63,11.2,-1.34,0.95,0.3,13.8,10.02,,,,,25,https://www.valueresearchonline.com/funds/11348/,INF247L01AE7,147794,4,4,4,4,16,Moderate Risk,Average
Motilal Oswal Nifty 50 Equal Weight ETF,equity,equity,Regular,3.76,,,BSE 100 TRI,-1.3,,,,,,,,,,,,25,https://www.valueresearchonline.com/funds/45170/,INF846K017C5,149243,1,1,1,1,4,High Risk,Poor
Motilal Oswal Nifty 50 Index Reg,equity,equity,Regular,-4.02,9.45,9.3,BSE 100 TRI,-1.3,11.63,11.2,-1.86,0.95,0.26,13.8,9.5,,,,,25,https://www.valueresearchonline.com/funds/40470/,INF247L01AF4,147795,4,4,4,4,16,Moderate Risk,Average
Motilal Oswal Nifty Next 50 ETF,equity,equity,Regular,7.38,,,BSE 100 TRI,-1.3,,,,,,,,,,,,25,https://www.valueresearchonline.com/funds/45175/,INF247L01AC1,147796,1,1,1,1,4,High Risk,Poor
Motilal Oswal Nifty Next 50 Index Reg,equity,equity,Regular,6.52,18.61,13.11,BSE 100 TRI,-1.3,11.63,11.2,6.04,1.28,0.67,20.14,19.34,,,,,25,https://www.valueresearchonline.com/funds/40468/,INF247L01AD9,147797,12,6,1,1,20,High Risk,Average
Navi BSE Sensex Index Reg,equity,equity,Regular,-6.39,,,BSE 100 TRI,-1.3,,,,,,,,,,,,25,https://www.valueresearchonline.com/funds/43744/,INF959L01HJ1,152061,1,1,1,1,4,High Risk,Poor
Navi Nifty 50 Index Reg,equity,equity,Regular,-3.82,9.65,,BSE 100 TRI,-1.3,11.63,,-1.67,0.95,0.28,13.79,9.68,,,,,25,https://www.valueresearchonline.com/funds/41573/,INF959L01FQ0,149040,4,4,4,4,16,Moderate Risk,Average
Navi Nifty Next 50 Index Reg,equity,equity,Regular,6.47,18.7,,BSE 100 TRI,-1.3,11.63,,6.11,1.28,0.67,20.14,19.4,,,,,25,https://www.valueresearchonline.com/funds/41936/,INF959L01FS6,149448,12,6,1,1,20,High Risk,Average
Nippon India BSE Sensex Next 30 ETF,equity,equity,Regular,8.15,,,BSE 100 TRI,-1.3,,,,,,,,,,,,25,https://www.valueresearchonline.com/funds/45190/,INF204KC1FD7,153567,1,1,1,1,4,High Risk,Poor
Nippon India BSE Sensex Next 30 Index Reg,equity,equity,Regular,7.55,,,BSE 100 TRI,-1.3,,,,,,,,,,,,25,https://www.valueresearchonline.com/funds/45195/,INF204KC1FA3,153566,1,1,1,1,4,High Risk,Poor
Nippon India ETF BSE Sensex,equity,equity,Regular,-5.74,8.18,9.06,BSE 100 TRI,-1.3,11.63,11.2,-3.31,0.93,0.15,13.66,7.97,,,,,25,https://www.valueresearchonline.com/funds/28136/,INF204K01K80,118791,2,4,4,4,14,Moderate Risk,Average
Nippon India ETF BSE Sensex Next 50,equity,equity,Regular,3.87,19.14,15.74,BSE 100 TRI,-1.3,11.63,11.2,6.35,1.19,0.74,17.87,19.09,,,,,25,https://www.valueresearchonline.com/funds/40191/,INF090I01VZ8,148304,12,6,2,2,22,High Risk,Average
Nippon India ETF Nifty 100,equity,equity,Regular,-2.07,11.13,9.96,BSE 100 TRI,-1.3,11.63,11.2,-0.45,1.01,0.37,14.58,11.24,,,,,25,https://www.valueresearchonline.com/funds/18234/,INF090I01KR8,129008,4,4,3,3,14,Mod. High Risk,Average
Nippon India ETF Nifty 50 BeES,equity,equity,Regular,-3.53,10.03,9.92,BSE 100 TRI,-1.3,11.63,11.2,-1.33,0.95,0.3,13.8,10.03,,,,,25,https://www.valueresearchonline.com/funds/1171/,INF204KA1U53,134547,4,4,4,4,16,Moderate Risk,Average
Nippon India ETF Nifty 50 Shariah BeES,equity,equity,Regular,-12.44,3.23,1.83,BSE 100 TRI,-1.3,11.63,11.2,-5.65,0.91,-0.02,16.03,5.49,,,,,17,https://www.valueresearchonline.com/funds/10218/,INF090I01VZ8,148304,2,1,2,4,9,Mod. High Risk,Poor
Nippon India ETF Nifty Next 50 Junior BeES,equity,equity,Regular,7.56,19.68,14.07,BSE 100 TRI,-1.3,11.63,11.2,6.93,1.29,0.71,20.16,20.23,,,,,25,https://www.valueresearchonline.com/funds/1545/,INF204KB1X25,146513,12,6,1,1,20,High Risk,Average
Nippon India Index BSE Sensex Plan,equity,equity,Regular,-6.18,7.62,8.46,BSE 100 TRI,-1.3,11.63,11.2,-3.83,0.93,0.12,13.64,7.44,,,,,25,https://www.valueresearchonline.com/funds/11541/,INF761K01462,111712,2,4,4,4,14,Moderate Risk,Average
Nippon India Index-Nifty 50 Plan Reg,equity,equity,Regular,-3.93,9.48,9.19,BSE 100 TRI,-1.3,11.63,11.2,-1.83,0.95,0.26,13.77,9.52,,,,,25,https://www.valueresearchonline.com/funds/11536/,INF204KC1DV4,153061,4,4,4,4,16,Moderate Risk,Average
Nippon India Large Cap Reg,equity,equity,Regular,-0.86,14.52,15.1,BSE 100 TRI,-1.3,11.63,11.2,2.81,0.96,0.59,14.15,14.22,,,,,25,https://www.valueresearchonline.com/funds/5270/,INF955L01IY6,152904,10,6,3,4,23,Moderate Risk,Average
Nippon India Nifty Next 50 Junior BeES FoF Reg,equity,equity,Regular,7.22,19.4,13.68,BSE 100 TRI,-1.3,11.63,11.2,6.8,1.27,0.71,19.93,20,,,,,1,https://www.valueresearchonline.com/funds/39155/,INF767K01535,105823,12,6,1,2,21,High Risk,Average
PGIM India Large Cap Reg,equity,equity,Regular,-3.8,8.14,7.1,BSE 100 TRI,-1.3,11.63,11.2,-3.29,0.96,0.16,14.12,8.14,,,,,25,https://www.valueresearchonline.com/funds/1513/,INF200K01180,103504,2,4,3,4,13,Moderate Risk,Average
Parag Parikh Large Cap Reg,equity,equity,Regular,,,,BSE 100 TRI,,,,,,,,,,,,,25,https://www.valueresearchonline.com/funds/45773/,INF879O01365,154154,1,1,1,1,4,High Risk,Poor
Quant Focused Reg,equity,equity,Regular,5.1,15.32,12.81,BSE 100 TRI,-1.3,11.63,11.2,4.56,1.22,0.59,19.75,17.48,,,,,11,https://www.valueresearchonline.com/funds/8216/,INF966L01374,109275,12,6,1,2,21,High Risk,Average
Quant Large Cap Reg,equity,equity,Regular,4.75,15.44,,BSE 100 TRI,-1.3,11.63,,4.44,1.15,0.61,18.21,16.95,,,,,13,https://www.valueresearchonline.com/funds/42365/,INF966L01AW4,150441,12,6,1,3,22,High Risk,Average
Quantum Nifty 50 ETF,equity,equity,Regular,-3.58,9.96,9.87,BSE 100 TRI,-1.3,11.63,11.2,-1.39,0.95,0.3,13.8,9.97,,,,,25,https://www.valueresearchonline.com/funds/7834/,INF082J01416,150390,4,4,4,4,16,Moderate Risk,Average
Quantum Nifty 50 ETF FoF Reg,equity,equity,Regular,-3.03,9.66,,BSE 100 TRI*,-1.3,11.63,,-1.42,0.94,0.29,13.59,9.86,,,,,1,https://www.valueresearchonline.com/funds/42345/,INF082J01424,150389,4,4,4,4,16,Moderate Risk,Average
SBI BSE 100 ETF,equity,equity,Regular,-2.05,11.5,10.94,BSE 100 TRI,-1.3,11.63,11.2,-0.15,1,0.39,14.45,11.5,,,,,25,https://www.valueresearchonline.com/funds/29714/,INF200K01V08,125503,4,4,3,4,15,Moderate Risk,Average
SBI BSE Sensex ETF,equity,equity,Regular,-5.75,8.14,9.04,BSE 100 TRI,-1.3,11.63,11.2,-3.34,0.94,0.15,13.67,7.93,,,,,25,https://www.valueresearchonline.com/funds/18077/,INF200K01V08,125503,2,4,4,4,14,Moderate Risk,Average
SBI BSE Sensex Index Reg,equity,equity,Regular,-6.21,7.65,,BSE 100 TRI,-1.3,11.63,,-3.8,0.93,0.12,13.65,7.47,,,,,25,https://www.valueresearchonline.com/funds/43524/,INF200KA13Y1,151765,2,4,4,4,14,Moderate Risk,Average
SBI BSE Sensex Next 50 ETF,equity,equity,Regular,3.97,19.29,15.94,BSE 100 TRI,-1.3,11.63,11.2,6.47,1.19,0.75,17.91,19.23,,,,,25,https://www.valueresearchonline.com/funds/37639/,INF200K01SK7,120137,12,8,2,2,24,High Risk,Average
SBI Large Cap Reg,equity,equity,Regular,1.97,11.49,11.21,BSE 100 TRI,-1.3,11.63,11.2,-0.08,0.94,0.39,13.78,11.2,,,,,25,https://www.valueresearchonline.com/funds/3083/,INF200K01180,103504,4,4,4,4,16,Moderate Risk,Average
SBI Nifty 50 ETF,equity,equity,Regular,-3.54,10.01,9.9,BSE 100 TRI,-1.3,11.63,11.2,-1.34,0.95,0.3,13.8,10.02,,,,,25,https://www.valueresearchonline.com/funds/30710/,INF200K01V08,125503,4,4,4,4,16,Moderate Risk,Average
SBI Nifty 50 Equal Weight ETF,equity,equity,Regular,3.64,,,BSE 100 TRI,-1.3,,,,,,,,,,,,25,https://www.valueresearchonline.com/funds/44433/,INF200K01SH3,119707,1,1,1,1,4,High Risk,Poor
SBI Nifty Index Reg,equity,equity,Regular,-3.96,9.52,9.38,BSE 100 TRI,-1.3,11.63,11.2,-1.8,0.95,0.27,13.8,9.56,,,,,25,https://www.valueresearchonline.com/funds/1164/,INF200KB1530,153253,4,4,4,4,16,Moderate Risk,Average
SBI Nifty Next 50 ETF,equity,equity,Regular,7.62,19.75,14.12,BSE 100 TRI,-1.3,11.63,11.2,6.97,1.29,0.71,20.18,20.27,,,,,25,https://www.valueresearchonline.com/funds/29715/,INF200K01SV4,119798,12,6,1,1,20,High Risk,Average
SBI Nifty Next 50 Index Reg,equity,equity,Regular,6.92,18.94,13.36,BSE 100 TRI,-1.3,11.63,11.2,6.3,1.28,0.68,20.16,19.59,,,,,25,https://www.valueresearchonline.com/funds/41490/,INF200KA1V76,148943,12,6,1,1,20,High Risk,Average
SBI Nifty100 Low Volatility 30 Index Reg,equity,equity,Regular,,,,BSE 100 TRI,,,,,,,,,,,,,25,https://www.valueresearchonline.com/funds/45359/,INF200KB1902,153716,1,1,1,1,4,High Risk,Poor
SBI Nifty50 Equal Weight Index Reg,equity,equity,Regular,2.96,,,BSE 100 TRI,-1.3,,,,,,,,,,,,25,https://www.valueresearchonline.com/funds/44073/,INF200KA18Z7,152372,1,1,1,1,4,High Risk,Poor
Samco Large Cap Reg,equity,equity,Regular,-10.59,,,BSE 100 TRI,-1.3,,,,,,,,,,,,25,https://www.valueresearchonline.com/funds/45016/,INF0K1H01263,153238,1,1,1,1,4,High Risk,Poor
Sundaram Large Cap Reg,equity,equity,Regular,-2.77,9.5,9.08,BSE 100 TRI,-1.3,11.63,11.2,-1.94,0.88,0.24,12.91,9.01,,,,,25,https://www.valueresearchonline.com/funds/41102/,INF903J016H9,134356,4,4,4,4,16,Moderate Risk,Average
Sundaram Nifty 100 Equal Weight Reg,equity,equity,Regular,4.83,16.24,12.63,BSE 100 TRI,-1.3,11.63,11.2,4.56,1.11,0.66,16.61,16.83,,,,,25,https://www.valueresearchonline.com/funds/637/,INF903J016H9,134356,12,6,2,3,23,Mod. High Risk,Average
Tata BSE Sensex Index Reg,equity,equity,Regular,-6.28,7.51,8.35,BSE 100 TRI,-1.3,11.63,11.2,-3.94,0.93,0.11,13.66,7.33,,,,,25,https://www.valueresearchonline.com/funds/1551/,INF767K01139,101199,2,4,4,4,14,Moderate Risk,Average
Tata Large Cap Reg,equity,equity,Regular,0.35,12.2,11.02,BSE 100 TRI,-1.3,11.63,11.2,0.69,1.01,0.44,14.81,12.4,,,,,25,https://www.valueresearchonline.com/funds/509/,INF277K01931,100475,8,4,3,3,18,Mod. High Risk,Average
Tata Nifty 50 ETF,equity,equity,Regular,-3.59,9.95,9.86,BSE 100 TRI,-1.3,11.63,11.2,-1.4,0.95,0.3,13.8,9.96,,,,,25,https://www.valueresearchonline.com/funds/38578/,INF277KA1224,149361,4,4,4,4,16,Moderate Risk,Average
Tata Nifty 50 Index Reg,equity,equity,Regular,-4.09,9.37,9.29,BSE 100 TRI,-1.3,11.63,11.2,-1.94,0.95,0.26,13.8,9.42,,,,,25,https://www.valueresearchonline.com/funds/1550/,INF277KA1EG7,153855,4,4,4,4,16,Moderate Risk,Average
Tata Nifty Next 50 Index Reg,equity,equity,Regular,,,,BSE 100 TRI,,,,,,,,,,,,,25,https://www.valueresearchonline.com/funds/45492/,INF277KA1EG7,153855,1,1,1,1,4,High Risk,Poor
Taurus Large Cap Reg,equity,equity,Regular,-0.86,13,10.13,BSE 100 TRI,-1.3,11.63,11.2,1.21,0.95,0.46,14.55,12.6,,,,,25,https://www.valueresearchonline.com/funds/43/,INF044D01773,101209,8,4,3,4,19,Moderate Risk,Average
Taurus Nifty 50 Index Reg,equity,equity,Regular,-4.61,8.67,8.6,BSE 100 TRI,-1.3,11.63,11.2,-2.54,0.94,0.21,13.67,8.77,,,,,25,https://www.valueresearchonline.com/funds/11215/,INF044D01948,112948,2,4,4,4,14,Moderate Risk,Average
UTI BSE Sensex ETF,equity,equity,Regular,-5.73,8.15,9.05,BSE 100 TRI,-1.3,11.63,11.2,-3.34,0.94,0.15,13.67,7.94,,,,,25,https://www.valueresearchonline.com/funds/30885/,INF789F015Z6,126940,2,4,4,4,14,Moderate Risk,Average
UTI BSE Sensex Index Reg,equity,equity,Regular,-5.98,7.85,,BSE 100 TRI,-1.3,11.63,,-3.62,0.93,0.13,13.66,7.66,,,,,25,https://www.valueresearchonline.com/funds/42037/,INF767K01139,101199,2,4,4,4,14,Moderate Risk,Average
UTI BSE Sensex Next 50 ETF,equity,equity,Regular,4,19.33,15.94,BSE 100 TRI,-1.3,11.63,11.2,6.52,1.19,0.75,17.9,19.27,,,,,25,https://www.valueresearchonline.com/funds/39221/,INF789F1APF4,148086,12,8,2,2,24,High Risk,Average
UTI Large Cap Reg,equity,equity,Regular,-5.31,9.13,8.21,BSE 100 TRI,-1.3,11.63,11.2,-1.82,0.93,0.26,13.66,9.44,,,,,25,https://www.valueresearchonline.com/funds/22/,INF789F01976,100651,4,4,4,4,16,Moderate Risk,Average
UTI NIFTY50 Equal Wght Index Reg,equity,equity,Regular,3.12,14.28,,BSE 100 TRI,-1.3,11.63,,,,,,,,,,,25,https://www.valueresearchonline.com/funds/43522/,INF789F1AYQ3,151761,1,1,1,1,4,High Risk,Poor
UTI Nifty 50 ETF,equity,equity,Regular,-3.52,10.03,9.91,BSE 100 TRI,-1.3,11.63,11.2,-1.33,0.95,0.3,13.8,10.03,,,,,25,https://www.valueresearchonline.com/funds/30886/,INF789F015Z6,126940,4,4,4,4,16,Moderate Risk,Average
UTI Nifty 50 Index Reg,equity,equity,Regular,-3.78,9.71,9.6,BSE 100 TRI,-1.3,11.63,11.2,-1.63,0.95,0.28,13.8,9.73,,,,,25,https://www.valueresearchonline.com/funds/757/,INF789F01JN2,100822,4,4,4,4,16,Moderate Risk,Average
UTI Nifty Next 50 ETF,equity,equity,Regular,7.68,19.82,14.19,BSE 100 TRI,-1.3,11.63,11.2,7.02,1.29,0.72,20.17,20.32,,,,,25,https://www.valueresearchonline.com/funds/34503/,INF789F1APF4,148086,12,6,1,1,20,High Risk,Average
UTI Nifty Next 50 Index Reg,equity,equity,Regular,6.9,18.96,13.37,BSE 100 TRI,-1.3,11.63,11.2,6.33,1.28,0.68,20.15,19.62,,,,,25,https://www.valueresearchonline.com/funds/36490/,INF789FC11T3,143340,12,6,1,1,20,High Risk,Average
Union Largecap Reg,equity,equity,Regular,-2.16,9.98,9.12,BSE 100 TRI,-1.3,11.63,11.2,-1.14,0.93,0.31,13.8,10.11,,,,,25,https://www.valueresearchonline.com/funds/34080/,INF582M01CQ5,141247,4,4,4,4,16,Moderate Risk,Average
WhiteOak Capital Large Cap Reg,equity,equity,Regular,-1.6,13.64,,BSE 100 TRI,-1.3,11.63,,2.14,0.92,0.55,13.57,13.35,,,,,25,https://www.valueresearchonline.com/funds/42711/,INF03VN01662,150799,10,6,4,4,24,Moderate Risk,Average
Zerodha Nifty 100 ETF,equity,equity,Regular,-1.64,,,BSE 100 TRI,-1.3,,,,,,,,,,,,25,https://www.valueresearchonline.com/funds/44358/,INF579M01AN2,151165,1,1,1,1,4,High Risk,Poor
Zerodha Nifty 50 ETF,equity,equity,Regular,,,,BSE 100 TRI,,,,,,,,,,,,,25,https://www.valueresearchonline.com/funds/45534/,INF579M01AN2,151165,1,1,1,1,4,High Risk,Poor
ABSL Mid Cap Reg,equity,equity,Regular,5.24,18.86,15.83,BSE 150 MidCap TRI,5.2,20.39,17.79,-1.73,0.97,0.71,18.16,18.78,,,,,25,https://www.valueresearchonline.com/funds/1439/,INF209KB1Y23,148918,4,6,1,4,15,High Risk,Average
ABSL Nifty Midcap 150 Index Reg,equity,equity,Regular,4.77,19.87,17.26,BSE 150 MidCap TRI,5.2,20.39,17.79,-0.15,1,0.82,18.36,20.9,,,,,25,https://www.valueresearchonline.com/funds/41383/,INF209KB1W41,148805,4,8,1,4,17,High Risk,Average
Axis Midcap Reg,equity,equity,Regular,4.49,17.54,14.51,BSE 150 MidCap TRI,5.2,20.39,17.79,-0.98,0.84,0.72,16.25,17.63,,,,,25,https://www.valueresearchonline.com/funds/12052/,INF846K01859,114564,4,6,2,5,17,Mod. High Risk,Average
Axis Nifty Midcap 50 Index Reg,equity,equity,Regular,5.11,20.59,,BSE 150 MidCap TRI,5.2,20.39,,0.22,1.01,0.83,18.8,21.4,,,,,25,https://www.valueresearchonline.com/funds/42156/,INF846K012I3,149938,8,8,1,3,20,High Risk,Average
Bandhan Midcap Reg,equity,equity,Regular,6.85,19.43,,BSE 150 MidCap TRI,5.2,20.39,,-1.07,0.97,0.73,18.65,19.49,,,,,25,https://www.valueresearchonline.com/funds/42340/,INF194KB1DM6,150402,4,6,1,4,15,High Risk,Average
Bandhan Nifty Midcap 150 Index Reg,equity,equity,Regular,4.64,,,BSE 150 MidCap TRI,5.2,,,,,,,,,,,,25,https://www.valueresearchonline.com/funds/44530/,INF194KB1IU8,152856,1,1,1,1,4,High Risk,Poor
Bank of India Mid Cap Reg,equity,equity,Regular,,,,BSE 150 MidCap TRI,,,,,,,,,,,,,25,https://www.valueresearchonline.com/funds/45383/,INF761K01HB0,153726,1,1,1,1,4,High Risk,Poor
Baroda BNP Paribas Midcap Reg,equity,equity,Regular,9.75,19.87,16.11,BSE 150 MidCap TRI,5.2,20.39,17.79,1.52,0.85,0.91,15.72,20.25,,,,,25,https://www.valueresearchonline.com/funds/3259/,INF251K01AW3,150209,8,8,3,5,24,Moderate Risk,Average
Baroda BNP Paribas Nifty Midcap 150 Index Reg,equity,equity,Regular,4.37,,,BSE 150 MidCap TRI,5.2,,,,,,,,,,,,25,https://www.valueresearchonline.com/funds/44650/,INF251K01UB5,153001,1,1,1,1,4,High Risk,Poor
Canara Robeco Mid Cap Reg,equity,equity,Regular,4.47,18.51,,BSE 150 MidCap TRI,5.2,20.39,,-0.88,0.92,0.75,17.37,18.95,,,,,25,https://www.valueresearchonline.com/funds/42703/,INF760K01KL5,150816,4,8,2,4,18,Mod. High Risk,Average
DSP Midcap Reg,equity,equity,Regular,4.75,18.51,12.3,BSE 150 MidCap TRI,5.2,20.39,17.79,-1.78,0.96,0.7,18.24,18.68,,,,,25,https://www.valueresearchonline.com/funds/3725/,INF740K01128,104481,4,6,1,4,15,High Risk,Average
DSP Nifty Midcap 150 ETF,equity,equity,Regular,,,,BSE 150 MidCap TRI,,,,,,,,,,,,,25,https://www.valueresearchonline.com/funds/45652/,INF579M01AN2,151165,1,1,1,1,4,High Risk,Poor
DSP Nifty Midcap 150 Index Reg,equity,equity,Regular,,,,BSE 150 MidCap TRI,,,,,,,,,,,,,25,https://www.valueresearchonline.com/funds/45648/,INF740KA1WY1,154012,1,1,1,1,4,High Risk,Poor
DSP Nifty Midcap 150 Quality 50 ETF,equity,equity,Regular,-1.47,12.77,,BSE 150 MidCap TRI,5.2,20.39,,-5.96,0.92,0.46,17.25,13.76,,,,,25,https://www.valueresearchonline.com/funds/41902/,INF740KA1RB9,150428,2,4,2,4,12,Mod. High Risk,Poor
DSP Nifty Midcap 150 Quality 50 Index Reg,equity,equity,Regular,-2.09,12.08,,BSE 150 MidCap TRI,5.2,20.39,,-6.57,0.92,0.42,17.24,13.13,,,,,25,https://www.valueresearchonline.com/funds/42314/,INF740KA1QY3,150427,2,4,2,4,12,Mod. High Risk,Poor
Edelweiss Mid Cap Reg,equity,equity,Regular,4.34,22.78,19.01,BSE 150 MidCap TRI,5.2,20.39,17.79,2.73,0.94,0.96,17.76,22.87,,,,,25,https://www.valueresearchonline.com/funds/6227/,INF843K01013,140225,10,8,2,4,24,Mod. High Risk,Average
Edelweiss Nifty Midcap150 Momentum 50 Index Reg,equity,equity,Regular,-0.46,20.21,,BSE 150 MidCap TRI,5.2,20.39,,-0.69,1.06,0.76,20.13,21.19,,,,,25,https://www.valueresearchonline.com/funds/42810/,INF754K01PZ7,150900,4,8,1,3,16,High Risk,Average
Franklin India Mid Cap Reg,equity,equity,Regular,-0.71,18.26,14.73,BSE 150 MidCap TRI,5.2,20.39,17.79,-1.43,0.93,0.73,17.26,18.46,,,,,25,https://www.valueresearchonline.com/funds/115/,INF955L01IY6,152904,4,6,2,4,16,Mod. High Risk,Average
Groww Nifty Midcap 150 ETF,equity,equity,Regular,,,,BSE 150 MidCap TRI,,,,,,,,,,,,,25,https://www.valueresearchonline.com/funds/45580/,INF666M01MP7,153939,1,1,1,1,4,High Risk,Poor
Groww Nifty Midcap 150 Index Reg,equity,equity,Regular,,,,BSE 150 MidCap TRI,,,,,,,,,,,,,25,https://www.valueresearchonline.com/funds/45576/,INF666M01MS1,153953,1,1,1,1,4,High Risk,Poor
HDFC Mid Cap Reg,equity,equity,Regular,6.02,20.85,20.07,BSE 150 MidCap TRI,5.2,20.39,17.79,2.49,0.85,0.96,15.92,21.23,,,,,25,https://www.valueresearchonline.com/funds/5067/,INF767K01535,105823,10,8,3,5,26,Moderate Risk,Average
HDFC NIFTY Midcap 150 ETF,equity,equity,Regular,5.56,20.65,,BSE 150 MidCap TRI,5.2,20.39,,0.52,1,0.85,18.34,21.54,,,,,25,https://www.valueresearchonline.com/funds/43115/,INF179KC1GC8,151724,8,8,1,4,21,High Risk,Average
HDFC NIFTY Midcap 150 Index Reg,equity,equity,Regular,4.83,19.58,,BSE 150 MidCap TRI,5.2,20.39,,-0.37,1,0.81,18.26,20.59,,,,,25,https://www.valueresearchonline.com/funds/43474/,INF209KB1W41,148805,4,8,1,4,17,High Risk,Average
HSBC Midcap Reg,equity,equity,Regular,16.73,26.61,18.9,BSE 150 MidCap TRI,5.2,20.39,17.79,4.73,1.03,1.02,19.96,26.2,,,,,25,https://www.valueresearchonline.com/funds/2333/,INF917K01254,151034,12,10,1,3,26,High Risk,Average
Helios Mid Cap Reg,equity,equity,Regular,14.1,,,BSE 150 MidCap TRI,5.2,,,,,,,,,,,,25,https://www.valueresearchonline.com/funds/44985/,INF0R8701293,153327,1,1,1,1,4,High Risk,Poor
ICICI Pru BSE Midcap Select ETF,equity,equity,Regular,7.33,20.73,15.23,BSE 150 MidCap TRI,5.2,20.39,17.79,-0.67,1.02,0.77,19.29,20.66,,,,,25,https://www.valueresearchonline.com/funds/32594/,INF109K016L0,120586,4,8,1,3,16,High Risk,Average
ICICI Pru Midcap,equity,equity,Regular,12.46,24.5,18.31,BSE 150 MidCap TRI,5.2,20.39,17.79,4.02,0.99,1.02,18.65,24.88,,,,,25,https://www.valueresearchonline.com/funds/2439/,INF769K01101,112932,12,10,1,4,27,High Risk,Good
ICICI Pru Nifty Midcap 150 ETF,equity,equity,Regular,5.72,20.77,18.13,BSE 150 MidCap TRI,5.2,20.39,17.79,0.61,1,0.86,18.34,21.64,,,,,25,https://www.valueresearchonline.com/funds/40555/,INF109KC1W58,149389,8,8,1,4,21,High Risk,Average
ICICI Pru Nifty Midcap 150 Index,equity,equity,Regular,4.73,19.59,,BSE 150 MidCap TRI,5.2,20.39,,-0.35,1,0.81,18.28,20.63,,,,,25,https://www.valueresearchonline.com/funds/41891/,INF846K01859,114564,4,8,1,4,17,High Risk,Average
ITI Mid Cap Reg,equity,equity,Regular,6.55,22.04,15.03,BSE 150 MidCap TRI,5.2,20.39,17.79,1.09,1.02,0.87,19.08,22.43,,,,,25,https://www.valueresearchonline.com/funds/41317/,INF00XX01895,148732,8,8,1,3,20,High Risk,Average
Invesco India Mid cap Reg,equity,equity,Regular,8.11,25.34,20.37,BSE 150 MidCap TRI,5.2,20.39,17.79,2.58,1.01,0.92,19.43,23.77,,,,,25,https://www.valueresearchonline.com/funds/4280/,INF205K01BC9,105503,10,8,1,3,22,High Risk,Average
JM Midcap Reg,equity,equity,Regular,8.71,22.69,,BSE 150 MidCap TRI,5.2,20.39,,1.13,1.02,0.85,19.37,22.37,,,,,25,https://www.valueresearchonline.com/funds/42729/,INF192K01MS2,150812,8,8,1,3,20,High Risk,Average
Kotak Midcap Reg,equity,equity,Regular,6.76,20.24,17.42,BSE 150 MidCap TRI,5.2,20.39,17.79,0.07,0.94,0.79,17.91,20.09,,,,,25,https://www.valueresearchonline.com/funds/4270/,INF174K01187,103234,8,8,2,4,22,Mod. High Risk,Average
Kotak Nifty Midcap 150 ETF,equity,equity,Regular,5.63,,,BSE 150 MidCap TRI,5.2,,,,,,,,,,,,25,https://www.valueresearchonline.com/funds/45037/,INF174K01KM7,119757,1,1,1,1,4,High Risk,Poor
Kotak Nifty Midcap 150 Index Reg,equity,equity,Regular,4.68,,,BSE 150 MidCap TRI,5.2,,,,,,,,,,,,25,https://www.valueresearchonline.com/funds/45038/,INF174KA1VT8,153399,1,1,1,1,4,High Risk,Poor
Kotak Nifty Midcap 150 Momentum 50 Index Reg,equity,equity,Regular,-0.25,,,BSE 150 MidCap TRI,5.2,,,,,,,,,,,,25,https://www.valueresearchonline.com/funds/44571/,INF174KA1TP0,152918,1,1,1,1,4,High Risk,Poor
Kotak Nifty Midcap 50 ETF,equity,equity,Regular,6.16,21.94,,BSE 150 MidCap TRI,5.2,20.39,,1.32,1.02,0.88,18.87,22.56,,,,,25,https://www.valueresearchonline.com/funds/41983/,INF174KA1SR8,152767,8,8,1,3,20,High Risk,Average
Kotak Nifty Midcap 50 Index Reg,equity,equity,Regular,5.19,,,BSE 150 MidCap TRI,5.2,,,,,,,,,,,,25,https://www.valueresearchonline.com/funds/44444/,INF174KA1SO5,152765,1,1,1,1,4,High Risk,Poor
LIC MF Midcap Reg,equity,equity,Regular,2.11,18.63,14.1,BSE 150 MidCap TRI,5.2,20.39,17.79,-2.2,1.02,0.69,19.08,19.08,,,,,25,https://www.valueresearchonline.com/funds/33331/,INF767K01535,105823,2,6,1,3,12,High Risk,Poor
LIC MF Nifty Midcap 100 ETF,equity,equity,Regular,5.3,,,BSE 150 MidCap TRI,5.2,,,,,,,,,,,,25,https://www.valueresearchonline.com/funds/44166/,INF767K01EW0,120279,1,1,1,1,4,High Risk,Poor
Mahindra Manulife Mid Cap Reg,equity,equity,Regular,9.44,22.47,18.39,BSE 150 MidCap TRI,5.2,20.39,17.79,2.23,0.95,0.95,17.57,22.52,,,,,25,https://www.valueresearchonline.com/funds/34954/,INF174V01473,142109,10,8,2,4,24,Mod. High Risk,Average
Mirae Asset Midcap Reg,equity,equity,Regular,7.71,19.05,16.06,BSE 150 MidCap TRI,5.2,20.39,17.79,-1.01,1,0.76,18.53,20.03,,,,,25,https://www.valueresearchonline.com/funds/40046/,INF769K01KH4,151812,4,8,1,4,17,High Risk,Average
Mirae Asset Nifty MidSmallcap400 Mom Qlty 100 ETF FoF Reg,equity,equity,Regular,-0.25,,,BSE 150 MidCap TRI,5.2,,,,,,,,,,,,1,https://www.valueresearchonline.com/funds/44303/,INF769K01LK6,152647,1,1,1,1,4,High Risk,Poor
Mirae Asset Nifty MidSmallcap400 Momentum Quality 100 ETF,equity,equity,Regular,0.18,,,BSE 150 MidCap TRI,5.2,,,,,,,,,,,,25,https://www.valueresearchonline.com/funds/44302/,INF769K01LN0,152645,1,1,1,1,4,High Risk,Poor
Mirae Asset Nifty Midcap 150 ETF,equity,equity,Regular,5.76,20.83,,BSE 150 MidCap TRI,5.2,20.39,,0.66,1,0.86,18.35,21.7,,,,,25,https://www.valueresearchonline.com/funds/42146/,INF846K01EH3,120505,8,8,1,4,21,High Risk,Average
Motilal Oswal Midcap Reg,equity,equity,Regular,-8.94,17.71,21.6,BSE 150 MidCap TRI,5.2,20.39,17.79,-1.42,0.95,0.64,20.3,18.82,,,,,25,https://www.valueresearchonline.com/funds/24078/,INF247L01411,127039,4,6,1,4,15,High Risk,Average
Motilal Oswal Nifty Midcap 100 ETF,equity,equity,Regular,5.47,21.67,18.78,BSE 150 MidCap TRI,5.2,20.39,17.79,1.12,1.03,0.88,18.95,22.58,,,,,25,https://www.valueresearchonline.com/funds/12012/,INF846K01EH3,120505,8,8,1,3,20,High Risk,Average
Motilal Oswal Nifty Midcap 150 Reg,equity,equity,Regular,4.79,19.82,17.19,BSE 150 MidCap TRI,5.2,20.39,17.79,-0.18,1,0.82,18.33,20.85,,,,,25,https://www.valueresearchonline.com/funds/40241/,INF955L01IY6,152904,4,8,1,4,17,High Risk,Average
Motilal Oswal Nifty Midcap150 Momentum 50 ETF,equity,equity,Regular,,,,BSE 150 MidCap TRI,,,,,,,,,,,,,25,https://www.valueresearchonline.com/funds/45331/,INF247L01734,145834,1,1,1,1,4,High Risk,Poor
Navi Nifty MidSmallcap 400 Index Reg,equity,equity,Regular,,,,BSE 150 MidCap TRI,,,,,,,,,,,,,25,https://www.valueresearchonline.com/funds/45653/,INF959L01HS2,154026,1,1,1,1,4,High Risk,Poor
Navi Nifty Midcap 150 Index Reg,equity,equity,Regular,4.52,19.36,,BSE 150 MidCap TRI,5.2,20.39,,-0.53,1,0.8,18.27,20.44,,,,,25,https://www.valueresearchonline.com/funds/42120/,INF959L01FY4,149893,4,8,1,4,17,High Risk,Average
Nippon India ETF Nifty Midcap 150,equity,equity,Regular,5.6,20.66,18.08,BSE 150 MidCap TRI,5.2,20.39,17.79,0.54,1,0.86,18.32,21.55,,,,,25,https://www.valueresearchonline.com/funds/38950/,INF204KB18Z7,148726,8,8,1,4,21,High Risk,Average
Nippon India Growth Mid Cap Inst,equity,equity,Regular,8.38,21.05,19.55,BSE 150 MidCap TRI,5.2,20.39,17.79,1.44,0.92,0.88,17.57,21.27,,,,,25,https://www.valueresearchonline.com/funds/5580/,INF761K01462,111712,8,8,2,4,22,Mod. High Risk,Average
Nippon India Growth Mid Cap Reg,equity,equity,Regular,7.37,23.07,20.6,BSE 150 MidCap TRI,5.2,20.39,17.79,2.51,0.97,0.95,18.1,23.06,,,,,25,https://www.valueresearchonline.com/funds/183/,INF955L01IY6,152904,10,8,1,4,23,High Risk,Average
Nippon India Nifty Midcap150 Reg,equity,equity,Regular,4.96,19.85,17.22,BSE 150 MidCap TRI,5.2,20.39,17.79,-0.14,1,0.82,18.31,20.86,,,,,25,https://www.valueresearchonline.com/funds/41293/,INF204KB15Z3,148723,4,8,1,4,17,High Risk,Average
PGIM India Midcap Reg,equity,equity,Regular,-0.8,12.2,12.14,BSE 150 MidCap TRI,5.2,20.39,17.79,-5.91,0.84,0.42,16.25,12.73,,,,,25,https://www.valueresearchonline.com/funds/22365/,INF663L01DZ4,125305,2,4,2,5,13,Mod. High Risk,Average
Quant Mid Cap Reg,equity,equity,Regular,1.17,16.28,15.89,BSE 150 MidCap TRI,5.2,20.39,17.79,-1.99,0.93,0.64,18.82,17.95,,,,,22,https://www.valueresearchonline.com/funds/958/,INF966L01176,101065,4,6,1,4,15,High Risk,Average
SBI Midcap Reg,equity,equity,Regular,1.67,13.08,15.08,BSE 150 MidCap TRI,5.2,20.39,17.79,-4.41,0.85,0.52,16.1,14.28,,,,,25,https://www.valueresearchonline.com/funds/2662/,INF200K01560,102941,2,6,2,5,15,Mod. High Risk,Average
SBI Nifty Midcap 150 ETF,equity,equity,Regular,,,,BSE 150 MidCap TRI,,,,,,,,,,,,,25,https://www.valueresearchonline.com/funds/45920/,INF200KB1AK8,154305,1,1,1,1,4,High Risk,Poor
SBI Nifty Midcap 150 Index Reg,equity,equity,Regular,5.01,19.84,,BSE 150 MidCap TRI,5.2,20.39,,-0.17,1,0.82,18.32,20.85,,,,,25,https://www.valueresearchonline.com/funds/42583/,INF200KA17O3,150672,4,8,1,4,17,High Risk,Average
SBI Nifty Midcap 150 Momentum 50 ETF,equity,equity,Regular,,,,BSE 150 MidCap TRI,,,,,,,,,,,,,25,https://www.valueresearchonline.com/funds/45872/,INF200K01SH3,119707,1,1,1,1,4,High Risk,Poor
Samco Mid Cap Reg,equity,equity,Regular,,,,BSE 150 MidCap TRI,,,,,,,,,,,,,25,https://www.valueresearchonline.com/funds/45739/,INF767K01535,105823,1,1,1,1,4,High Risk,Poor
Sundaram Midcap Reg,equity,equity,Regular,6.43,22.11,18.47,BSE 150 MidCap TRI,5.2,20.39,17.79,2.18,0.94,0.94,17.48,22.32,,,,,25,https://www.valueresearchonline.com/funds/1386/,INF903J01173,101539,10,8,2,4,24,Mod. High Risk,Average
TRUSTMF Mid Cap Reg,equity,equity,Regular,,,,BSE 150 MidCap TRI,,,,,,,,,,,,,25,https://www.valueresearchonline.com/funds/45813/,INF0GCD01719,152582,1,1,1,1,4,High Risk,Poor
Tata Mid Cap Reg,equity,equity,Regular,5.56,18.41,16.01,BSE 150 MidCap TRI,5.2,20.39,17.79,-0.8,0.9,0.77,16.69,18.73,,,,,25,https://www.valueresearchonline.com/funds/103/,INF277K01626,102328,4,8,2,4,18,Mod. High Risk,Average
Tata Nifty Midcap 150 Index Reg,equity,equity,Regular,4.28,,,BSE 150 MidCap TRI,5.2,,,,,,,,,,,,25,https://www.valueresearchonline.com/funds/45220/,INF277KA1DW6,153580,1,1,1,1,4,High Risk,Poor
Tata Nifty Midcap 150 Momentum 50 Index Reg,equity,equity,Regular,-0.4,19.87,,BSE 150 MidCap TRI,5.2,20.39,,-0.93,1.05,0.75,20.08,20.89,,,,,25,https://www.valueresearchonline.com/funds/42653/,INF277KA1646,150741,4,8,1,3,16,High Risk,Average
Taurus Mid Cap Reg,equity,equity,Regular,-3.93,11.61,11.55,BSE 150 MidCap TRI,5.2,20.39,17.79,-7.25,0.99,0.41,18.58,13.56,,,,,25,https://www.valueresearchonline.com/funds/215/,INF044D01815,100477,2,4,1,4,11,High Risk,Poor
UTI Midcap Reg,equity,equity,Regular,0.7,14.25,13.43,BSE 150 MidCap TRI,5.2,20.39,17.79,-4.68,0.95,0.55,17.65,15.56,,,,,25,https://www.valueresearchonline.com/funds/2138/,INF767K01535,105823,2,6,2,4,14,Mod. High Risk,Average
UTI Nifty Midcap 150 ETF,equity,equity,Regular,5.59,,,BSE 150 MidCap TRI,5.2,,,,,,,,,,,,25,https://www.valueresearchonline.com/funds/43743/,INF789F1APF4,148086,1,1,1,1,4,High Risk,Poor
UTI Nifty Midcap 150 Index Reg,equity,equity,Regular,4.79,,,BSE 150 MidCap TRI,5.2,,,,,,,,,,,,25,https://www.valueresearchonline.com/funds/44724/,INF789F1AZN7,153088,1,1,1,1,4,High Risk,Poor
UTI Nifty Midcap 150 Quality 50 Index Reg,equity,equity,Regular,-2.15,12.09,,BSE 150 MidCap TRI,5.2,20.39,,-6.58,0.92,0.42,17.26,13.14,,,,,25,https://www.valueresearchonline.com/funds/42252/,INF789F1AVG0,150312,2,4,2,4,12,Mod. High Risk,Poor
UTI Nifty Midsmallcap 400 Momentum Quality 100 Index Reg,equity,equity,Regular,-0.22,,,BSE 150 MidCap TRI,5.2,,,,,,,,,,,,25,https://www.valueresearchonline.com/funds/44912/,INF789F1AB06,153273,1,1,1,1,4,High Risk,Poor
Union Midcap Reg,equity,equity,Regular,7.48,18.42,16.23,BSE 150 MidCap TRI,5.2,20.39,17.79,-0.85,0.91,0.75,17.24,18.84,,,,,25,https://www.valueresearchonline.com/funds/40767/,INF582M01GM5,148071,4,8,2,4,18,Mod. High Risk,Average
WhiteOak Capital Mid Cap Reg,equity,equity,Regular,10.22,23.56,,BSE 150 MidCap TRI,5.2,20.39,,3.67,0.91,1.02,17.18,23.33,,,,,25,https://www.valueresearchonline.com/funds/42481/,INF03VN01563,150583,10,10,2,4,26,Mod. High Risk,Average
Zerodha Nifty Midcap 150 ETF,equity,equity,Regular,6.29,,,BSE 150 MidCap TRI,5.2,,,,,,,,,,,,25,https://www.valueresearchonline.com/funds/44359/,INF579M01AN2,151165,1,1,1,1,4,High Risk,Poor
ABSL Multi-Cap Reg,equity,equity,Regular,3.66,15.27,13.37,VR Multicap TRI,-0.54,14.66,13.72,-0.03,0.95,0.59,16.06,15.39,,,,,25,https://www.valueresearchonline.com/funds/41464/,INF209KB1Y23,148918,4,6,2,4,16,Mod. High Risk,Average
Axis Multicap Reg,equity,equity,Regular,3.99,19.72,,VR Multicap TRI,-0.54,14.66,,4.21,0.93,0.85,15.86,19.42,,,,,25,https://www.valueresearchonline.com/funds/41883/,INF846K016E3,149382,12,8,3,4,27,Moderate Risk,Good
Bajaj Finserv Multi Cap Reg,equity,equity,Regular,5.05,,,VR Multicap TRI,-0.54,,,,,,,,,,,,25,https://www.valueresearchonline.com/funds/44916/,INF0QA701AS3,153307,1,1,1,1,4,High Risk,Poor
Bandhan Multi Cap Reg,equity,equity,Regular,1.85,14.96,,VR Multicap TRI,-0.54,14.66,,-0.31,0.94,0.58,15.71,15,,,,,25,https://www.valueresearchonline.com/funds/41820/,INF194KB1CI6,149305,4,6,3,4,17,Moderate Risk,Average
Bank of India Multi Cap Reg,equity,equity,Regular,9.87,20.09,,VR Multicap TRI,-0.54,14.66,,4.07,0.97,0.84,16.5,19.71,,,,,25,https://www.valueresearchonline.com/funds/43160/,INF761K01FU4,151445,12,8,2,4,26,Mod. High Risk,Average
Baroda BNP Paribas Multi Cap Reg,equity,equity,Regular,2.1,15.88,14.47,VR Multicap TRI,-0.54,14.66,13.72,1.47,0.91,0.67,15.84,16.55,,,,,25,https://www.valueresearchonline.com/funds/1820/,INF955L01674,102020,8,6,3,4,21,Moderate Risk,Average
Canara Robeco Multi Cap Reg,equity,equity,Regular,0,,,VR Multicap TRI,-0.54,,,,,,,,,,,,25,https://www.valueresearchonline.com/funds/43569/,INF760K01KR2,151821,1,1,1,1,4,High Risk,Poor
DSP Multicap Reg,equity,equity,Regular,0.26,,,VR Multicap TRI,-0.54,,,,,,,,,,,,25,https://www.valueresearchonline.com/funds/43997/,INF740KA1TZ4,152307,1,1,1,1,4,High Risk,Poor
Edelweiss Multi Cap Reg,equity,equity,Regular,2.45,,,VR Multicap TRI,-0.54,,,,,,,,,,,,25,https://www.valueresearchonline.com/funds/43780/,INF754K01RW0,152095,1,1,1,1,4,High Risk,Poor
Edelweiss Nifty500 Multicap Momentum Quality 50 ETF,equity,equity,Regular,-3.17,,,VR Multicap TRI,-0.54,,,,,,,,,,,,25,https://www.valueresearchonline.com/funds/44626/,INF754K01TN5,152985,1,1,1,1,4,High Risk,Poor
Edelweiss Nifty500 Multicap Momentum Quality 50 Index Reg,equity,equity,Regular,-3.82,,,VR Multicap TRI,-0.54,,,,,,,,,,,,25,https://www.valueresearchonline.com/funds/44646/,INF754K01TJ3,152988,1,1,1,1,4,High Risk,Poor
Franklin India Multi Cap Reg,equity,equity,Regular,5.1,,,VR Multicap TRI,-0.54,,,,,,,,,,,,25,https://www.valueresearchonline.com/funds/44408/,INF955L01IY6,152904,1,1,1,1,4,High Risk,Poor
Groww Multicap Reg,equity,equity,Regular,12.61,,,VR Multicap TRI,-0.54,,,,,,,,,,,,25,https://www.valueresearchonline.com/funds/44695/,INF666M01JG2,153100,1,1,1,1,4,High Risk,Poor
HDFC Multi Cap Reg,equity,equity,Regular,-1.8,15.24,,VR Multicap TRI,-0.54,14.66,,-0.36,0.98,0.58,16.44,15.38,,,,,25,https://www.valueresearchonline.com/funds/41862/,INF277KA1299,149351,4,6,2,4,16,Mod. High Risk,Average
HDFC Nifty500 Multicap 50:25:25 Index Reg,equity,equity,Regular,0.38,,,VR Multicap TRI,-0.54,,,,,,,,,,,,25,https://www.valueresearchonline.com/funds/44462/,INF955L01IY6,152904,1,1,1,1,4,High Risk,Poor
HSBC Multi Cap Reg,equity,equity,Regular,5.63,20.8,,VR Multicap TRI,-0.54,14.66,,4.21,1.03,0.83,17.59,20.42,,,,,25,https://www.valueresearchonline.com/funds/43021/,INF336L01QQ8,151289,12,8,2,3,25,Mod. High Risk,Average
ICICI Pru Multicap,equity,equity,Regular,6.83,18.86,16.24,VR Multicap TRI,-0.54,14.66,13.72,4.04,0.93,0.84,15.99,19.31,,,,,25,https://www.valueresearchonline.com/funds/86/,INF754K01TJ3,152988,12,8,3,4,27,Moderate Risk,Good
ITI Multi Cap Reg,equity,equity,Regular,7.6,18.85,12.4,VR Multicap TRI,-0.54,14.66,13.72,2.57,1.03,0.74,17.53,18.79,,,,,25,https://www.valueresearchonline.com/funds/39829/,INF00XX01135,147184,10,6,2,3,21,Mod. High Risk,Average
Invesco India Multicap Reg,equity,equity,Regular,-3.07,15.15,12.33,VR Multicap TRI,-0.54,14.66,13.72,-1.34,1.01,0.51,17.38,14.74,,,,,25,https://www.valueresearchonline.com/funds/6675/,INF205K01DN2,107353,4,6,2,3,15,Mod. High Risk,Average
Kotak Multicap Reg,equity,equity,Regular,5.91,20.55,,VR Multicap TRI,-0.54,14.66,,4.01,1.05,0.82,17.85,20.46,,,,,25,https://www.valueresearchonline.com/funds/41705/,INF174KA1HS9,149182,12,8,2,3,25,Mod. High Risk,Average
LIC MF Multi Cap Reg,equity,equity,Regular,6.1,18.94,,VR Multicap TRI,-0.54,14.66,,2.42,1.02,0.72,17.73,18.59,,,,,25,https://www.valueresearchonline.com/funds/42627/,INF767K01RH3,150661,10,6,2,3,21,Mod. High Risk,Average
Mahindra Manulife Multi Cap Reg,equity,equity,Regular,6.25,18.77,15.99,VR Multicap TRI,-0.54,14.66,13.72,3.28,0.97,0.78,16.71,18.96,,,,,25,https://www.valueresearchonline.com/funds/33984/,INF174V01317,141224,10,8,2,4,24,Mod. High Risk,Average
Mirae Asset Multicap Reg,equity,equity,Regular,0.73,,,VR Multicap TRI,-0.54,,,,,,,,,,,,25,https://www.valueresearchonline.com/funds/43576/,INF769K01KH4,151812,1,1,1,1,4,High Risk,Poor
Mirae Asset Nifty500 Multicap 50:25:25 ETF,equity,equity,Regular,1.09,,,VR Multicap TRI,-0.54,,,,,,,,,,,,25,https://www.valueresearchonline.com/funds/44491/,INF769K01CM1,118859,1,1,1,1,4,High Risk,Poor
Motilal Oswal Multi Cap Reg,equity,equity,Regular,-2.46,,,VR Multicap TRI,-0.54,,,,,,,,,,,,25,https://www.valueresearchonline.com/funds/44337/,INF247L01CO2,152650,1,1,1,1,4,High Risk,Poor
Navi Nifty 500 Multicap 50:25:25 Index Reg,equity,equity,Regular,0.32,,,VR Multicap TRI,-0.54,,,,,,,,,,,,25,https://www.valueresearchonline.com/funds/44438/,INF955L01IY6,152904,1,1,1,1,4,High Risk,Poor
Nippon India Multi Cap Reg,equity,equity,Regular,0.75,17.62,19.26,VR Multicap TRI,-0.54,14.66,13.72,2.98,0.91,0.77,15.82,18.06,,,,,25,https://www.valueresearchonline.com/funds/2640/,INF955L01IY6,152904,10,8,3,4,25,Moderate Risk,Average
Nippon India Nifty 500 Equal Weight Index Reg,equity,equity,Regular,1.69,,,VR Multicap TRI,-0.54,,,,,,,,,,,,25,https://www.valueresearchonline.com/funds/44513/,INF204KC1CX2,152840,1,1,1,1,4,High Risk,Poor
PGIM India Multi Cap Reg,equity,equity,Regular,4.94,,,VR Multicap TRI,-0.54,,,,,,,,,,,,25,https://www.valueresearchonline.com/funds/44503/,INF663L01Y87,152816,1,1,1,1,4,High Risk,Poor
PGIM India Retirement Reg,equity,equity,Regular,-0.83,,,VR Multicap TRI,-0.54,,,,,,,,,,,,25,https://www.valueresearchonline.com/funds/44251/,INF663L01Y46,152538,1,1,1,1,4,High Risk,Poor
Quant Multi Cap Reg,equity,equity,Regular,4.29,13.11,12.82,VR Multicap TRI,-0.54,14.66,13.72,-2.49,1.04,0.44,18.45,13.92,,,,,25,https://www.valueresearchonline.com/funds/952/,INF0GCD01537,151322,2,4,1,3,10,High Risk,Poor
SBI Multicap Reg,equity,equity,Regular,-0.43,14.7,,VR Multicap TRI,-0.54,14.66,,0.57,0.82,0.63,14.17,14.73,,,,,25,https://www.valueresearchonline.com/funds/42106/,INF200KA15E8,149886,8,6,3,5,22,Moderate Risk,Average
Samco Multi Cap Reg,equity,equity,Regular,-11.36,,,VR Multicap TRI,-0.54,,,,,,,,,,,,25,https://www.valueresearchonline.com/funds/44526/,INF0K1H01206,152848,1,1,1,1,4,High Risk,Poor
Sundaram Multi Cap Reg,equity,equity,Regular,0.72,14.83,12.85,VR Multicap TRI,-0.54,14.66,13.72,-0.61,0.94,0.56,15.91,14.75,,,,,25,https://www.valueresearchonline.com/funds/866/,INF903J016H9,134356,4,6,3,4,17,Moderate Risk,Average
TRUSTMF Multi Cap Reg,equity,equity,Regular,,,,VR Multicap TRI,,,,,,,,,,,,,25,https://www.valueresearchonline.com/funds/45281/,INF0GCD01842,153645,1,1,1,1,4,High Risk,Poor
Tata Multicap Reg,equity,equity,Regular,7.44,12.77,,VR Multicap TRI,-0.54,14.66,,-2.33,0.93,0.44,15.8,12.88,,,,,25,https://www.valueresearchonline.com/funds/43036/,INF277KA1703,151235,2,4,3,4,13,Moderate Risk,Average
UTI Multi Cap Reg,equity,equity,Regular,1.18,,,VR Multicap TRI,-0.54,,,,,,,,,,,,25,https://www.valueresearchonline.com/funds/45141/,INF789F1AB71,153516,1,1,1,1,4,High Risk,Poor
Union Multicap Reg,equity,equity,Regular,7.39,16.51,,VR Multicap TRI,-0.54,14.66,,1.34,0.91,0.68,15.63,16.42,,,,,25,https://www.valueresearchonline.com/funds/42777/,INF582M01IS8,150855,8,6,3,4,21,Moderate Risk,Average
WhiteOak Capital Multi Cap Reg,equity,equity,Regular,4.63,,,VR Multicap TRI,-0.54,,,,,,,,,,,,25,https://www.valueresearchonline.com/funds/43758/,INF03VN01795,152072,1,1,1,1,4,High Risk,Poor
ABSL Banking & Financial Services Reg,equity,equity,Regular,3.52,13.31,11.83,BSE Bankex TRI,4.01,10.89,11.6,3.84,0.93,0.41,16.2,12.43,,,,,25,https://www.valueresearchonline.com/funds/22524/,INF209K011W7,125595,10,4,2,4,20,Mod. High Risk,Average
ABSL Nifty Bank ETF,equity,equity,Regular,3.68,10.71,11.14,BSE Bankex TRI,4.01,10.89,11.6,0,1,0.18,16.41,8.8,,,,,14,https://www.valueresearchonline.com/funds/40378/,INF209K01YN0,119550,8,4,2,4,18,Mod. High Risk,Average
Aditya Birla SL BSE Top 10 Banks ETF,equity,equity,Regular,,,,BSE Bankex TRI,,,,,,,,,,,,,10,https://www.valueresearchonline.com/funds/45861/,INF209K01YN0,119550,1,1,1,1,4,High Risk,Poor
Axis Nifty Bank ETF,equity,equity,Regular,3.59,10.67,11.11,BSE Bankex TRI,4.01,10.89,11.6,-0.04,1,0.18,16.4,8.76,,,,,14,https://www.valueresearchonline.com/funds/41162/,INF846K01CR6,120438,4,4,2,4,14,Mod. High Risk,Average
Axis Nifty Bank Index Reg,equity,equity,Regular,2.78,,,BSE Bankex TRI,4.01,,,,,,,,,,,,14,https://www.valueresearchonline.com/funds/44319/,INF846K012W4,152632,1,1,1,1,4,High Risk,Poor
Bajaj Finserv Banking And Financial Services Reg,equity,equity,Regular,,,,BSE Bankex TRI,,,,,,,,,,,,,25,https://www.valueresearchonline.com/funds/45561/,INF0QA701BW3,153935,1,1,1,1,4,High Risk,Poor
Bajaj Finserv Nifty Bank ETF,equity,equity,Regular,3.69,,,BSE Bankex TRI,4.01,,,,,,,,,,,,14,https://www.valueresearchonline.com/funds/44067/,INF090I01VZ8,148304,1,1,1,1,4,High Risk,Poor
Bandhan Financial Services Reg,equity,equity,Regular,0.6,,,BSE Bankex TRI,4.01,,,,,,,,,,,,25,https://www.valueresearchonline.com/funds/43565/,INF194KB1GE6,151818,1,1,1,1,4,High Risk,Poor
Bandhan Nifty Bank Index Reg,equity,equity,Regular,2.7,,,BSE Bankex TRI,4.01,,,,,,,,,,,,14,https://www.valueresearchonline.com/funds/44476/,INF194KB1IN3,152792,1,1,1,1,4,High Risk,Poor
Bank of India Banking & Financial Services Reg,equity,equity,Regular,,,,BSE Bankex TRI,,,,,,,,,,,,,25,https://www.valueresearchonline.com/funds/45743/,INF761K01HH7,154095,1,1,1,1,4,High Risk,Poor
Baroda BNP Paribas Banking & Fin Srvcs Reg,equity,equity,Regular,0.86,14.52,11.71,BSE Bankex TRI,4.01,10.89,11.6,5.01,0.93,0.49,15.83,13.6,,,,,25,https://www.valueresearchonline.com/funds/14946/,INF903J016H9,134356,12,4,3,4,23,Moderate Risk,Average
Baroda BNP Paribas Nifty Bank ETF,equity,equity,Regular,3.63,,,BSE Bankex TRI,4.01,,,,,,,,,,,,14,https://www.valueresearchonline.com/funds/44357/,INF955L01JF3,152898,1,1,1,1,4,High Risk,Poor
Canara Robeco Banking And Financial Services Reg,equity,equity,Regular,,,,BSE Bankex TRI,,,,,,,,,,,,,25,https://www.valueresearchonline.com/funds/45864/,INF00XX01BR2,149324,1,1,1,1,4,High Risk,Poor
DSP BSE Top 10 Banks ETF,equity,equity,Regular,,,,BSE Bankex TRI,,,,,,,,,,,,,10,https://www.valueresearchonline.com/funds/45893/,INF194K01P38,118387,1,1,1,1,4,High Risk,Poor
DSP Banking & Financial Services Reg,equity,equity,Regular,9.09,,,BSE Bankex TRI,4.01,,,,,,,,,,,,25,https://www.valueresearchonline.com/funds/43890/,INF740KA1TN0,152208,1,1,1,1,4,High Risk,Poor
DSP Nifty Bank ETF,equity,equity,Regular,3.66,10.71,,BSE Bankex TRI,4.01,10.89,,0,1,0.18,16.4,8.81,,,,,14,https://www.valueresearchonline.com/funds/42992/,INF740K01ZW2,124175,8,4,2,4,18,Mod. High Risk,Average
DSP Nifty Bank Index Reg,equity,equity,Regular,2.92,,,BSE Bankex TRI,4.01,,,,,,,,,,,,14,https://www.valueresearchonline.com/funds/44335/,INF740KA1UN8,152653,1,1,1,1,4,High Risk,Poor
DSP Nifty PSU Bank ETF,equity,equity,Regular,24.91,,,BSE Bankex TRI,4.01,,,,,,,,,,,,12,https://www.valueresearchonline.com/funds/43656/,INF209K01YN0,119550,1,1,1,1,4,High Risk,Poor
DSP Nifty Private Bank ETF,equity,equity,Regular,1.44,,,BSE Bankex TRI,4.01,,,,,,,,,,,,10,https://www.valueresearchonline.com/funds/43655/,INF740KA1VN6,153348,1,1,1,1,4,High Risk,Poor
DSP Nifty Private Bank Index Reg,equity,equity,Regular,0.32,,,BSE Bankex TRI,4.01,,,,,,,,,,,,10,https://www.valueresearchonline.com/funds/44970/,INF740KA1VK2,153347,1,1,1,1,4,High Risk,Poor
Edelweiss Financial Services Reg,equity,equity,Regular,,,,BSE Bankex TRI,,,,,,,,,,,,,25,https://www.valueresearchonline.com/funds/45747/,INF754K01WL3,154107,1,1,1,1,4,High Risk,Poor
Edelweiss Nifty Bank ETF,equity,equity,Regular,3.58,,,BSE Bankex TRI,4.01,,,,,,,,,,,,14,https://www.valueresearchonline.com/funds/44536/,INF843K01FC8,140286,1,1,1,1,4,High Risk,Poor
Groww Banking & Financial Services Reg,equity,equity,Regular,6.88,,,BSE Bankex TRI,4.01,,,,,,,,,,,,25,https://www.valueresearchonline.com/funds/43972/,INF666M01HP7,152274,1,1,1,1,4,High Risk,Poor
Groww Nifty PSU Bank ETF,equity,equity,Regular,,,,BSE Bankex TRI,,,,,,,,,,,,,12,https://www.valueresearchonline.com/funds/45912/,INF209K01YN0,119550,1,1,1,1,4,High Risk,Poor
Groww Nifty PSU Bank Index Reg,equity,equity,Regular,,,,BSE Bankex TRI,,,,,,,,,,,,,12,https://www.valueresearchonline.com/funds/45908/,INF200KB1530,153253,1,1,1,1,4,High Risk,Poor
HDFC Banking & Financial Services Reg,equity,equity,Regular,4.77,14.05,,BSE Bankex TRI,4.01,10.89,,4.58,0.94,0.45,16.23,13.21,,,,,25,https://www.valueresearchonline.com/funds/41531/,INF740KA1TN0,152208,12,4,2,4,22,Mod. High Risk,Average
HDFC NIFTY Bank ETF,equity,equity,Regular,3.65,10.69,11.12,BSE Bankex TRI,4.01,10.89,11.6,-0.02,1,0.18,16.41,8.78,,,,,14,https://www.valueresearchonline.com/funds/41076/,INF179KA1IZ7,128629,4,4,2,4,14,Mod. High Risk,Average
HDFC NIFTY PSU BANK ETF,equity,equity,Regular,24.57,,,BSE Bankex TRI,4.01,,,,,,,,,,,,12,https://www.valueresearchonline.com/funds/44059/,INF209K01YN0,119550,1,1,1,1,4,High Risk,Poor
HDFC NIFTY Private Bank ETF,equity,equity,Regular,1.43,8.79,,BSE Bankex TRI,4.01,10.89,,-1.68,0.94,0.07,15.83,6.96,,,,,10,https://www.valueresearchonline.com/funds/42715/,INF090I01VZ8,148304,4,4,3,4,15,Moderate Risk,Average
HSBC Financial Services Reg,equity,equity,Regular,7.29,,,BSE Bankex TRI,4.01,,,,,,,,,,,,25,https://www.valueresearchonline.com/funds/44924/,INF336L01RR4,153267,1,1,1,1,4,High Risk,Poor
Helios Financial Services Reg,equity,equity,Regular,-0.78,,,BSE Bankex TRI,4.01,,,,,,,,,,,,24,https://www.valueresearchonline.com/funds/44372/,INF0R8701178,152682,1,1,1,1,4,High Risk,Poor
ICICI Pru Banking & Financial Services,equity,equity,Regular,-1.53,11.65,10.46,BSE Bankex TRI,4.01,10.89,11.6,2.46,0.84,0.34,14.45,10.8,,,,,25,https://www.valueresearchonline.com/funds/8293/,INF903J016H9,134356,10,4,3,5,22,Moderate Risk,Average
ICICI Pru Nifty Bank ETF,equity,equity,Regular,3.67,10.73,11.17,BSE Bankex TRI,4.01,10.89,11.6,0.01,1,0.18,16.41,8.82,,,,,14,https://www.valueresearchonline.com/funds/40130/,INF109KC11A4,149858,8,4,2,4,18,Mod. High Risk,Average
ICICI Pru Nifty Bank Index,equity,equity,Regular,3.03,9.95,,BSE Bankex TRI,4.01,10.89,,-0.71,1,0.14,16.39,8.09,,,,,14,https://www.valueresearchonline.com/funds/42102/,INF761K01HH7,154095,4,4,2,4,14,Mod. High Risk,Average
ICICI Pru Nifty Financial Services Ex-Bank ETF,equity,equity,Regular,4.74,20.27,,BSE Bankex TRI,4.01,10.89,,12.67,0.87,0.84,18.04,21.09,,,,,25,https://www.valueresearchonline.com/funds/42801/,INF090I01VZ8,148304,12,8,1,4,25,High Risk,Average
ICICI Pru Nifty PSU Bank ETF,equity,equity,Regular,24.51,29.61,,BSE Bankex TRI,4.01,10.89,,18.31,1.11,0.82,26.2,27.45,,,,,12,https://www.valueresearchonline.com/funds/43296/,INF209K01YN0,119550,12,8,1,3,24,High Risk,Average
ICICI Pru Nifty Private Bank ETF,equity,equity,Regular,1.44,8.81,9.33,BSE Bankex TRI,4.01,10.89,11.6,-1.67,0.94,0.07,15.83,6.96,,,,,10,https://www.valueresearchonline.com/funds/40210/,INF109K1A369,153679,4,4,3,4,15,Moderate Risk,Average
ICICI Pru Nifty Private Bank Index,equity,equity,Regular,,,,BSE Bankex TRI,,,,,,,,,,,,,10,https://www.valueresearchonline.com/funds/45298/,INF846K010D8,149242,1,1,1,1,4,High Risk,Poor
ITI Banking and Financial Services Reg,equity,equity,Regular,6.1,12.34,,BSE Bankex TRI,4.01,10.89,,3.13,0.94,0.37,16.05,11.76,,,,,25,https://www.valueresearchonline.com/funds/41832/,INF00XX01BR2,149324,10,4,2,4,20,Mod. High Risk,Average
Invesco India Financial Services Reg,equity,equity,Regular,6.43,19.27,14.99,BSE Bankex TRI,4.01,10.89,11.6,9.38,0.84,0.77,15.3,17.7,,,,,25,https://www.valueresearchonline.com/funds/7830/,INF205K01155,108378,12,8,3,5,28,Moderate Risk,Good
Kotak Banking & Financial Services Reg,equity,equity,Regular,5.42,13.89,,BSE Bankex TRI,4.01,10.89,,3.71,0.95,0.41,16,12.37,,,,,25,https://www.valueresearchonline.com/funds/43126/,INF174KA1MA7,151381,10,4,3,4,21,Moderate Risk,Average
Kotak Nifty Bank ETF,equity,equity,Regular,3.67,10.69,11.1,BSE Bankex TRI,4.01,10.89,11.6,-0.03,1,0.18,16.41,8.78,,,,,14,https://www.valueresearchonline.com/funds/28873/,INF174K01KH7,123693,4,4,2,4,14,Mod. High Risk,Average
Kotak Nifty Financial Services Ex-Bank Index Reg,equity,equity,Regular,3.7,,,BSE Bankex TRI,4.01,,,,,,,,,,,,25,https://www.valueresearchonline.com/funds/43672/,INF174KA1OO4,151909,1,1,1,1,4,High Risk,Poor
Kotak Nifty PSU Bank ETF,equity,equity,Regular,24.37,29.41,28.62,BSE Bankex TRI,4.01,10.89,11.6,18.16,1.11,0.82,26.18,27.28,,,,,12,https://www.valueresearchonline.com/funds/6157/,INF209K01YN0,119550,12,8,1,3,24,High Risk,Average
LIC MF Banking & Financial Services Reg,equity,equity,Regular,1.58,8.6,9,BSE Bankex TRI,4.01,10.89,11.6,-0.13,0.92,0.16,15.85,8.43,,,,,25,https://www.valueresearchonline.com/funds/29705/,INF767K01NH2,134016,4,4,3,4,15,Moderate Risk,Average
Mahindra Manulife Banking & Financial Services Reg,equity,equity,Regular,,,,BSE Bankex TRI,,,,,,,,,,,,,25,https://www.valueresearchonline.com/funds/45277/,INF174V01CL3,153675,1,1,1,1,4,High Risk,Poor
Mirae Asset Banking and Fin Srvcs Reg,equity,equity,Regular,4.1,14.54,12.92,BSE Bankex TRI,4.01,10.89,11.6,4.85,0.92,0.48,15.76,13.41,,,,,25,https://www.valueresearchonline.com/funds/41188/,INF769K01GU5,148621,12,4,3,4,23,Moderate Risk,Average
Mirae Asset Nifty Bank ETF,equity,equity,Regular,3.72,,,BSE Bankex TRI,4.01,,,,,,,,,,,,14,https://www.valueresearchonline.com/funds/43616/,INF090I01VZ8,148304,1,1,1,1,4,High Risk,Poor
Mirae Asset Nifty Financial Services ETF,equity,equity,Regular,0.8,11.98,,BSE Bankex TRI,4.01,10.89,,2.19,0.93,0.32,15.48,10.79,,,,,20,https://www.valueresearchonline.com/funds/41622/,INF209K014W1,125597,10,4,3,4,21,Moderate Risk,Average
Mirae Asset Nifty PSU Bank ETF,equity,equity,Regular,24.77,,,BSE Bankex TRI,4.01,,,,,,,,,,,,12,https://www.valueresearchonline.com/funds/44589/,INF209K01YN0,119550,1,1,1,1,4,High Risk,Poor
Motilal Oswal BSE Fins ex Bank 30 Index Reg,equity,equity,Regular,0.25,15.9,,BSE Bankex TRI,4.01,10.89,,8.55,0.82,0.63,17.34,16.82,,,,,25,https://www.valueresearchonline.com/funds/42351/,INF247L01BD7,150444,12,6,2,5,25,Mod. High Risk,Average
Motilal Oswal BSE Top 10 Banks ETF,equity,equity,Regular,,,,BSE Bankex TRI,,,,,,,,,,,,,10,https://www.valueresearchonline.com/funds/45948/,INF247L01GV8,154322,1,1,1,1,4,High Risk,Poor
Motilal Oswal Financial Services Reg,equity,equity,Regular,,,,BSE Bankex TRI,,,,,,,,,,,,,25,https://www.valueresearchonline.com/funds/45765/,INF247L01GQ8,154137,1,1,1,1,4,High Risk,Poor
Motilal Oswal Nifty Bank Index  Reg,equity,equity,Regular,2.77,9.8,10.24,BSE Bankex TRI,4.01,10.89,11.6,-0.83,1,0.13,16.38,7.97,,,,,14,https://www.valueresearchonline.com/funds/40245/,INF247L01DM4,152876,4,4,2,4,14,Mod. High Risk,Average
Motilal Oswal Nifty MidSmall Financial Services Index Reg,equity,equity,Regular,16.72,,,BSE Bankex TRI,4.01,,,,,,,,,,,,25,https://www.valueresearchonline.com/funds/44677/,INF247L01DX1,153026,1,1,1,1,4,High Risk,Poor
Navi Nifty Bank Index Reg,equity,equity,Regular,2.74,9.76,,BSE Bankex TRI,4.01,10.89,,-0.87,1,0.13,16.43,7.93,,,,,14,https://www.valueresearchonline.com/funds/42042/,INF959L01FU2,149805,4,4,2,4,14,Mod. High Risk,Average
Nippon India Banking & Financial Srvices Reg,equity,equity,Regular,1.55,14.49,14.23,BSE Bankex TRI,4.01,10.89,11.6,5.13,0.89,0.51,15.3,13.63,,,,,25,https://www.valueresearchonline.com/funds/1708/,INF761K01HH7,154095,12,6,3,4,25,Moderate Risk,Average
Nippon India ETF Nifty Bank BeES,equity,equity,Regular,3.61,10.68,11.11,BSE Bankex TRI,4.01,10.89,11.6,-0.03,1,0.18,16.4,8.77,,,,,14,https://www.valueresearchonline.com/funds/2255/,INF204KA1U61,134552,4,4,2,4,14,Mod. High Risk,Average
Nippon India ETF Nifty PSU Bank BeES,equity,equity,Regular,24.38,29.4,28.64,BSE Bankex TRI,4.01,10.89,11.6,18.14,1.11,0.82,26.17,27.27,,,,,12,https://www.valueresearchonline.com/funds/6175/,INF209K01YN0,119550,12,8,1,3,24,High Risk,Average
Nippon India Nifty Bank Index Reg,equity,equity,Regular,2.92,,,BSE Bankex TRI,4.01,,,,,,,,,,,,14,https://www.valueresearchonline.com/funds/44104/,INF204KC1BV8,152387,1,1,1,1,4,High Risk,Poor
Quant BFSI Reg,equity,equity,Regular,17.75,26.33,,BSE Bankex TRI,4.01,10.89,,,,,,,,,,,13,https://www.valueresearchonline.com/funds/43553/,INF966L01CA6,151788,1,1,1,1,4,High Risk,Poor
SBI BSE PSU Bank ETF,equity,equity,Regular,23.65,,,BSE Bankex TRI,4.01,,,,,,,,,,,,11,https://www.valueresearchonline.com/funds/45068/,INF209K01YN0,119550,1,1,1,1,4,High Risk,Poor
SBI BSE PSU Bank Index Reg,equity,equity,Regular,22.83,,,BSE Bankex TRI,4.01,,,,,,,,,,,,11,https://www.valueresearchonline.com/funds/45069/,INF200KB1654,153434,1,1,1,1,4,High Risk,Poor
SBI Banking & Financial Services Reg,equity,equity,Regular,3.72,17.6,13.07,BSE Bankex TRI,4.01,10.89,11.6,7.69,0.84,0.7,14.58,16.03,,,,,25,https://www.valueresearchonline.com/funds/29461/,INF200KA1473,133858,12,6,3,5,26,Moderate Risk,Average
SBI Nifty Bank ETF,equity,equity,Regular,3.62,10.69,11.12,BSE Bankex TRI,4.01,10.89,11.6,-0.02,1,0.18,16.41,8.78,,,,,14,https://www.valueresearchonline.com/funds/29709/,INF200K01V08,125503,4,4,2,4,14,Mod. High Risk,Average
SBI Nifty Bank Index Reg,equity,equity,Regular,3.24,,,BSE Bankex TRI,4.01,,,,,,,,,,,,14,https://www.valueresearchonline.com/funds/44892/,INF200KB1530,153253,1,1,1,1,4,High Risk,Poor
SBI Nifty Private Bank ETF,equity,equity,Regular,1.44,8.79,9.27,BSE Bankex TRI,4.01,10.89,11.6,-1.69,0.94,0.07,15.83,6.95,,,,,10,https://www.valueresearchonline.com/funds/41149/,INF090I01VZ8,148304,4,4,3,4,15,Moderate Risk,Average
Sundaram Financial Services Opportunities Reg,equity,equity,Regular,3.14,15.08,14,BSE Bankex TRI,4.01,10.89,11.6,5.72,0.96,0.51,16.68,14.4,,,,,25,https://www.valueresearchonline.com/funds/7611/,INF903J01629,109059,12,6,2,4,24,Mod. High Risk,Average
Tata Banking & Financial Services Reg,equity,equity,Regular,0.37,13.5,12.12,BSE Bankex TRI,4.01,10.89,11.6,4.41,0.91,0.45,15.82,12.96,,,,,25,https://www.valueresearchonline.com/funds/31354/,INF277K01Y86,135794,12,4,3,4,23,Moderate Risk,Average
Tata Nifty Financial Services Index Reg,equity,equity,Regular,-0.27,,,BSE Bankex TRI,4.01,,,,,,,,,,,,20,https://www.valueresearchonline.com/funds/44255/,INF277KA1AX0,152574,1,1,1,1,4,High Risk,Poor
Tata Nifty Private Bank ETF,equity,equity,Regular,1.55,8.86,9.34,BSE Bankex TRI,4.01,10.89,11.6,-1.62,0.94,0.07,15.84,7.02,,,,,10,https://www.valueresearchonline.com/funds/40257/,INF090I01VZ8,148304,4,4,3,4,15,Moderate Risk,Average
Taurus Banking & Financial Services Reg,equity,equity,Regular,-0.59,10.55,10.61,BSE Bankex TRI,4.01,10.89,11.6,0.86,0.87,0.23,14.82,9.28,,,,,25,https://www.valueresearchonline.com/funds/14718/,INF044D01BI4,117312,8,4,3,4,19,Moderate Risk,Average
UTI Banking and Financial Services Reg,equity,equity,Regular,2.5,14.21,12.06,BSE Bankex TRI,4.01,10.89,11.6,4.26,0.89,0.44,15.57,12.75,,,,,25,https://www.valueresearchonline.com/funds/2144/,INF00XX01BR2,149324,12,4,3,4,23,Moderate Risk,Average
UTI Nifty Bank ETF,equity,equity,Regular,3.66,10.75,11.21,BSE Bankex TRI,4.01,10.89,11.6,0.03,1,0.18,16.41,8.84,,,,,14,https://www.valueresearchonline.com/funds/41106/,INF789F015Z6,126940,8,4,2,4,18,Mod. High Risk,Average
UTI Nifty Private Bank Index Reg,equity,equity,Regular,0.53,,,BSE Bankex TRI,4.01,,,,,,,,,,,,10,https://www.valueresearchonline.com/funds/44545/,INF789F1AZI7,152865,1,1,1,1,4,High Risk,Poor
WhiteOak Capital Banking & Financial Services Reg,equity,equity,Regular,3.19,,,BSE Bankex TRI,4.01,,,,,,,,,,,,25,https://www.valueresearchonline.com/funds/44044/,INF03VN01852,152322,1,1,1,1,4,High Risk,Poor
ABSL Nifty Healthcare ETF,equity,equity,Regular,12.52,23.66,,BSE Healthcare TRI,13.38,25.66,,-1.52,0.99,1.01,17.18,23.16,,,,,20,https://www.valueresearchonline.com/funds/41780/,INF194KB1KF5,153972,4,10,2,4,20,Mod. High Risk,Average
ABSL Pharma & Healthcare Reg,equity,equity,Regular,13.73,23.02,13.22,BSE Healthcare TRI,13.38,25.66,15.1,-0.6,0.92,1.05,16.12,22.75,,,,,25,https://www.valueresearchonline.com/funds/40005/,INF209KB1N91,147407,4,10,2,4,20,Mod. High Risk,Average
Axis NIFTY Healthcare ETF,equity,equity,Regular,12.33,23.25,13.52,BSE Healthcare TRI,13.38,25.66,15.1,-1.79,0.98,0.99,17.1,22.81,,,,,20,https://www.valueresearchonline.com/funds/41481/,INF579M01AN2,151165,4,8,2,4,18,Mod. High Risk,Average
Bajaj Finserv Healthcare Reg,equity,equity,Regular,13.33,,,BSE Healthcare TRI,13.38,,,,,,,,,,,,25,https://www.valueresearchonline.com/funds/44772/,INF0QA701987,153155,1,1,1,1,4,High Risk,Poor
Bandhan BSE Healthcare Index Reg,equity,equity,Regular,10.79,,,BSE Healthcare TRI,13.38,,,,,,,,,,,,25,https://www.valueresearchonline.com/funds/44511/,INF194KB1IR4,152843,1,1,1,1,4,High Risk,Poor
Bandhan Healthcare Reg,equity,equity,Regular,,,,BSE Healthcare TRI,,,,,,,,,,,,,25,https://www.valueresearchonline.com/funds/45546/,INF194KB1KC2,153974,1,1,1,1,4,High Risk,Poor
Baroda BNP Paribas Health and Wellness Reg,equity,equity,Regular,,,,BSE Healthcare TRI,,,,,,,,,,,,,25,https://www.valueresearchonline.com/funds/45231/,INF251K01UY7,153602,1,1,1,1,4,High Risk,Poor
DSP Healthcare Reg,equity,equity,Regular,11.44,22.27,14.73,BSE Healthcare TRI,13.38,25.66,15.1,-0.5,0.86,1.02,15.56,21.67,,,,,25,https://www.valueresearchonline.com/funds/38197/,INF740KA1LD8,145456,4,10,3,4,21,Moderate Risk,Average
DSP Nifty Healthcare ETF,equity,equity,Regular,12.48,,,BSE Healthcare TRI,13.38,,,,,,,,,,,,20,https://www.valueresearchonline.com/funds/44001/,INF579M01AN2,151165,1,1,1,1,4,High Risk,Poor
DSP Nifty Healthcare Index Reg,equity,equity,Regular,11.46,,,BSE Healthcare TRI,13.38,,,,,,,,,,,,20,https://www.valueresearchonline.com/funds/45210/,INF740KA1WC7,153592,1,1,1,1,4,High Risk,Poor
Edelweiss MSCI India Domestic & World Healthcare 45 Index Reg,equity,equity,Regular,17.24,20.25,12.91,BSE Healthcare TRI,13.38,25.66,15.1,1.03,0.66,1.09,12.53,19.55,,,,,25,https://www.valueresearchonline.com/funds/41145/,INF754K01LR3,148557,8,10,4,6,28,Low Risk,Good
Groww BSE Hospitals ETF,equity,equity,Regular,,,,BSE Healthcare TRI,,,,,,,,,,,,,16,https://www.valueresearchonline.com/funds/45815/,INF666M01NX9,154200,1,1,1,1,4,High Risk,Poor
Groww BSE Hospitals ETF FoF Reg,equity,equity,Regular,,,,BSE Healthcare TRI,,,,,,,,,,,,,1,https://www.valueresearchonline.com/funds/45816/,INF666M01OA5,154223,1,1,1,1,4,High Risk,Poor
HDFC Pharma And Healthcare Reg,equity,equity,Regular,21.48,,,BSE Healthcare TRI,13.38,,,,,,,,,,,,25,https://www.valueresearchonline.com/funds/43784/,INF903J01IN3,100784,1,1,1,1,4,High Risk,Poor
ICICI Pru Nifty Healthcare ETF,equity,equity,Regular,12.6,23.51,13.74,BSE Healthcare TRI,13.38,25.66,15.1,-1.6,0.98,1,17.12,23.02,,,,,20,https://www.valueresearchonline.com/funds/41502/,INF109K016L0,120586,4,10,2,4,20,Mod. High Risk,Average
ICICI Pru Nifty Pharma Index,equity,equity,Regular,14.12,22.88,,BSE Healthcare TRI,13.38,25.66,,-1.37,0.95,1,16.82,22.62,,,,,20,https://www.valueresearchonline.com/funds/42838/,INF209KB1N91,147407,4,10,2,4,20,Mod. High Risk,Average
ICICI Pru Pharma Healthcare and Diagnostics,equity,equity,Regular,9.08,26.36,16.16,BSE Healthcare TRI,13.38,25.66,15.1,1.59,0.96,1.18,16.86,25.79,,,,,25,https://www.valueresearchonline.com/funds/36528/,INF903J01IN3,100784,8,10,2,4,24,Mod. High Risk,Average
ITI Pharma and Healthcare Reg,equity,equity,Regular,6.22,19.74,,BSE Healthcare TRI,13.38,25.66,,-4.7,0.97,0.82,16.77,19.59,,,,,25,https://www.valueresearchonline.com/funds/41791/,INF00XX01BL5,149270,2,8,2,4,16,Mod. High Risk,Average
Kotak Healthcare Reg,equity,equity,Regular,18.18,,,BSE Healthcare TRI,13.38,,,,,,,,,,,,25,https://www.valueresearchonline.com/funds/43894/,INF174KA1PW4,152216,1,1,1,1,4,High Risk,Poor
LIC MF Healthcare Reg,equity,equity,Regular,10.04,22.01,10.91,BSE Healthcare TRI,13.38,25.66,15.1,-1.64,0.93,0.98,16.34,21.94,,,,,23,https://www.valueresearchonline.com/funds/39049/,INF397L01LG2,152025,4,8,2,4,18,Mod. High Risk,Average
Mirae Asset Healthcare Reg,equity,equity,Regular,14.06,23.97,14.43,BSE Healthcare TRI,13.38,25.66,15.1,-0.47,0.97,1.07,16.87,23.92,,,,,25,https://www.valueresearchonline.com/funds/36380/,INF769K01EA2,143785,4,10,2,4,20,Mod. High Risk,Average
Mirae Asset Nifty 500 Healthcare ETF,equity,equity,Regular,,,,BSE Healthcare TRI,,,,,,,,,,,,,25,https://www.valueresearchonline.com/funds/45788/,INF209KB1O25,147409,1,1,1,1,4,High Risk,Poor
Motilal Oswal BSE Healthcare ETF,equity,equity,Regular,11.77,25.25,,BSE Healthcare TRI,13.38,25.66,,-0.25,1,1.1,17.01,24.63,,,,,25,https://www.valueresearchonline.com/funds/42344/,INF209KB1O25,147409,4,10,2,4,20,Mod. High Risk,Average
Motilal Oswal Nifty MidSmall Helthcr Index Reg,equity,equity,Regular,14.38,,,BSE Healthcare TRI,13.38,,,,,,,,,,,,25,https://www.valueresearchonline.com/funds/44675/,INF247L01DT9,153022,1,1,1,1,4,High Risk,Poor
Nippon India Nifty Pharma ETF,equity,equity,Regular,15.19,24.25,,BSE Healthcare TRI,13.38,25.66,,-0.27,0.95,1.06,16.88,23.79,,,,,20,https://www.valueresearchonline.com/funds/41539/,INF204KA1U53,134547,4,10,2,4,20,Mod. High Risk,Average
Nippon India Pharma Reg,equity,equity,Regular,7.77,21.46,12.84,BSE Healthcare TRI,13.38,25.66,15.1,-1.33,0.9,1,15.78,21.71,,,,,25,https://www.valueresearchonline.com/funds/2241/,INF955L01IY6,152904,4,10,3,4,21,Moderate Risk,Average
PGIM India Healthcare Reg,equity,equity,Regular,14.75,,,BSE Healthcare TRI,13.38,,,,,,,,,,,,25,https://www.valueresearchonline.com/funds/44691/,INF663L01Z52,153040,1,1,1,1,4,High Risk,Poor
Quant Healthcare Reg,equity,equity,Regular,7.27,,,BSE Healthcare TRI,13.38,,,,,,,,,,,,11,https://www.valueresearchonline.com/funds/43608/,INF966L01CG3,151855,1,1,1,1,4,High Risk,Poor
SBI Healthcare Opportunities Reg,equity,equity,Regular,14.64,24.36,16.52,BSE Healthcare TRI,13.38,25.66,15.1,1.25,0.85,1.18,14.8,23.36,,,,,25,https://www.valueresearchonline.com/funds/632/,INF200K01446,102823,8,10,3,5,26,Moderate Risk,Average
Tata India Pharma & Healthcare Reg,equity,equity,Regular,7.67,21.67,13.67,BSE Healthcare TRI,13.38,25.66,15.1,-2.76,0.99,0.94,17.1,21.98,,,,,25,https://www.valueresearchonline.com/funds/31350/,INF277K016A9,135812,2,8,2,4,16,Mod. High Risk,Average
Tata Nifty MidSmall Healthcare Index Reg,equity,equity,Regular,14.28,,,BSE Healthcare TRI,13.38,,,,,,,,,,,,25,https://www.valueresearchonline.com/funds/44273/,INF277KA1BD0,152567,1,1,1,1,4,High Risk,Poor
UTI Healthcare Reg,equity,equity,Regular,13.67,26.02,14.75,BSE Healthcare TRI,13.38,25.66,15.1,0.95,0.96,1.15,16.64,25.06,,,,,25,https://www.valueresearchonline.com/funds/654/,INF789F01695,100807,8,10,2,4,24,Mod. High Risk,Average
WhiteOak Capital Pharma and Healthcare Reg,equity,equity,Regular,18.21,,,BSE Healthcare TRI,13.38,,,,,,,,,,,,25,https://www.valueresearchonline.com/funds/44060/,INF03VN01878,152348,1,1,1,1,4,High Risk,Poor
ABSL Digital India Reg,equity,equity,Regular,-19.85,4.38,4.49,BSE IT TRI,-27.04,-0.34,-0.16,4.01,0.86,0.09,19.33,7.58,,,,,25,https://www.valueresearchonline.com/funds/727/,INF209K01140,103168,12,4,1,4,21,High Risk,Average
ABSL Nifty IT ETF,equity,equity,Regular,-27.92,0.67,,BSE IT TRI,-27.04,-0.34,,1.3,1.02,-0.06,22.23,4.46,,,,,10,https://www.valueresearchonline.com/funds/41807/,INF209K01YN0,119550,8,1,1,3,13,High Risk,Average
Axis NIFTY IT ETF,equity,equity,Regular,-28.57,0.39,0.5,BSE IT TRI,-27.04,-0.34,-0.16,1.05,1.01,-0.07,22.19,4.22,,,,,10,https://www.valueresearchonline.com/funds/41382/,INF846K01CR6,120438,8,1,1,3,13,High Risk,Average
Axis Nifty IT Index Reg,equity,equity,Regular,-29.15,,,BSE IT TRI,-27.04,,,,,,,,,,,,10,https://www.valueresearchonline.com/funds/43612/,INF846KA1531,154349,1,1,1,1,4,High Risk,Poor
Bandhan Nifty IT Index Reg,equity,equity,Regular,-29.29,,,BSE IT TRI,-27.04,,,,,,,,,,,,10,https://www.valueresearchonline.com/funds/43726/,INF194KB1IZ7,153113,1,1,1,1,4,High Risk,Poor
DSP Nifty IT ETF,equity,equity,Regular,-28.36,,,BSE IT TRI,-27.04,,,,,,,,,,,,10,https://www.valueresearchonline.com/funds/43573/,INF740K01ZW2,124175,1,1,1,1,4,High Risk,Poor
DSP Nifty IT Index Reg,equity,equity,Regular,-29.06,,,BSE IT TRI,-27.04,,,,,,,,,,,,10,https://www.valueresearchonline.com/funds/45206/,INF740KA1WI4,153588,1,1,1,1,4,High Risk,Poor
Edelweiss Technology Reg,equity,equity,Regular,-1.93,,,BSE IT TRI,-27.04,,,,,,,,,,,,25,https://www.valueresearchonline.com/funds/44120/,INF754K01SG1,152439,1,1,1,1,4,High Risk,Poor
Franklin India Technology Reg,equity,equity,Regular,-17.16,10.55,7.1,BSE IT TRI,-27.04,-0.34,-0.16,10.02,0.75,0.44,18.21,13.9,,,,,22,https://www.valueresearchonline.com/funds/548/,INF090I01742,100522,12,4,1,5,22,High Risk,Average
HDFC NIFTY IT ETF,equity,equity,Regular,-28.52,0.43,,BSE IT TRI,-27.04,-0.34,,1.1,1.01,-0.07,22.22,4.26,,,,,10,https://www.valueresearchonline.com/funds/42716/,INF179KA1IZ7,128629,8,1,1,3,13,High Risk,Average
HDFC Nifty India Digital Index Reg,equity,equity,Regular,-15.32,,,BSE IT TRI,-27.04,,,,,,,,,,,,25,https://www.valueresearchonline.com/funds/44756/,INF179KC1JA6,153096,1,1,1,1,4,High Risk,Poor
HDFC Technology Reg,equity,equity,Regular,-24.15,,,BSE IT TRI,-27.04,,,,,,,,,,,,25,https://www.valueresearchonline.com/funds/43754/,INF179KC1HF9,152058,1,1,1,1,4,High Risk,Poor
ICICI Pru Nifty IT ETF,equity,equity,Regular,-28.5,0.48,0.55,BSE IT TRI,-27.04,-0.34,-0.16,1.14,1.01,-0.07,22.23,4.31,,,,,10,https://www.valueresearchonline.com/funds/41081/,INF109KC13E2,150468,8,1,1,3,13,High Risk,Average
ICICI Pru Nifty IT Index,equity,equity,Regular,-29.08,-0.27,,BSE IT TRI,-27.04,-0.34,,0.39,1.01,-0.1,22.18,3.56,,,,,10,https://www.valueresearchonline.com/funds/42403/,INF109KC13E2,150468,8,1,1,3,13,High Risk,Average
ICICI Pru Technology,equity,equity,Regular,-19.87,6.8,5.15,BSE IT TRI,-27.04,-0.34,-0.16,5.73,0.84,0.19,18.84,9.35,,,,,25,https://www.valueresearchonline.com/funds/737/,INF109K01Z48,120594,12,4,1,5,22,High Risk,Average
Invesco India Tech Reg,equity,equity,Regular,-7.17,,,BSE IT TRI,-27.04,,,,,,,,,,,,25,https://www.valueresearchonline.com/funds/44541/,INF205KA1932,152862,1,1,1,1,4,High Risk,Poor
Kotak Nifty IT ETF,equity,equity,Regular,-28.27,0.61,0.67,BSE IT TRI,-27.04,-0.34,-0.16,1.25,1.01,-0.07,22.22,4.42,,,,,10,https://www.valueresearchonline.com/funds/41345/,INF174K01KH7,123693,8,1,1,3,13,High Risk,Average
Kotak Technology Reg,equity,equity,Regular,-21.61,,,BSE IT TRI,-27.04,,,,,,,,,,,,24,https://www.valueresearchonline.com/funds/44162/,INF174KA1QW2,152460,1,1,1,1,4,High Risk,Poor
LIC MF Technology Reg,equity,equity,Regular,,,,BSE IT TRI,,,,,,,,,,,,,25,https://www.valueresearchonline.com/funds/45853/,INF767K01SG3,154247,1,1,1,1,4,High Risk,Poor
Mirae Asset Nifty IT ETF,equity,equity,Regular,-28.49,,,BSE IT TRI,-27.04,,,,,,,,,,,,10,https://www.valueresearchonline.com/funds/43832/,INF769K01FY9,148419,1,1,1,1,4,High Risk,Poor
Motilal Oswal Digital India Reg,equity,equity,Regular,-12.9,,,BSE IT TRI,-27.04,,,,,,,,,,,,25,https://www.valueresearchonline.com/funds/44640/,INF247L01DQ5,152966,1,1,1,1,4,High Risk,Poor
Navi Nifty IT Index Reg,equity,equity,Regular,-29.06,,,BSE IT TRI,-27.04,,,,,,,,,,,,10,https://www.valueresearchonline.com/funds/44232/,INF959L01HP8,153363,1,1,1,1,4,High Risk,Poor
Nippon India ETF Nifty IT,equity,equity,Regular,-28.58,0.41,0.49,BSE IT TRI,-27.04,-0.34,-0.16,1.08,1.01,-0.07,22.22,4.25,,,,,10,https://www.valueresearchonline.com/funds/41024/,INF204KC1CE2,152392,8,1,1,3,13,High Risk,Average
Nippon India Nifty IT Index Reg,equity,equity,Regular,-29.09,,,BSE IT TRI,-27.04,,,,,,,,,,,,10,https://www.valueresearchonline.com/funds/44108/,INF204KC1EN9,153475,1,1,1,1,4,High Risk,Poor
Quant Teck Reg,equity,equity,Regular,-16.68,,,BSE IT TRI,-27.04,,,,,,,,,,,,12,https://www.valueresearchonline.com/funds/43760/,INF966L01CQ2,152070,1,1,1,1,4,High Risk,Poor
SBI Nifty IT ETF,equity,equity,Regular,-28.58,0.41,0.49,BSE IT TRI,-27.04,-0.34,-0.16,1.08,1.02,-0.07,22.23,4.25,,,,,10,https://www.valueresearchonline.com/funds/41150/,INF200K01V08,125503,8,1,1,3,13,High Risk,Average
SBI Nifty IT Index Reg,equity,equity,Regular,-29.02,,,BSE IT TRI,-27.04,,,,,,,,,,,,10,https://www.valueresearchonline.com/funds/44958/,INF200KB1548,153251,1,1,1,1,4,High Risk,Poor
SBI Technology Opportunities Reg,equity,equity,Regular,-18.74,7.51,7.32,BSE IT TRI,-27.04,-0.34,-0.16,6.24,0.77,0.24,17.42,10.07,,,,,25,https://www.valueresearchonline.com/funds/631/,INF200K01VS4,120577,12,4,2,5,23,Mod. High Risk,Average
Tata Digital India Reg,equity,equity,Regular,-21.97,5.38,4.89,BSE IT TRI,-27.04,-0.34,-0.16,4.53,0.89,0.11,19.79,8.03,,,,,25,https://www.valueresearchonline.com/funds/31366/,INF277K01Z51,135796,12,4,1,4,21,High Risk,Average
Tata Nifty India Digital ETF,equity,equity,Regular,-14.7,10.98,,BSE IT TRI,-27.04,-0.34,,10.17,0.78,0.43,18.94,13.95,,,,,25,https://www.valueresearchonline.com/funds/42165/,INF277KA1430,150344,12,4,1,5,22,High Risk,Average
Tata Nifty India Digital ETF FoF Reg,equity,equity,Regular,-14.64,9.84,,BSE IT TRI,-27.04,-0.34,,9.06,0.75,0.38,18.59,12.95,,,,,1,https://www.valueresearchonline.com/funds/42254/,INF277KA1463,150345,12,4,1,5,22,High Risk,Average
UTI Nifty IT ETF,equity,equity,Regular,-28.45,,,BSE IT TRI,-27.04,,,,,,,,,,,,10,https://www.valueresearchonline.com/funds/44072/,INF789F015Z6,126940,1,1,1,1,4,High Risk,Poor
WhiteOak Capital Digital Bharat Reg,equity,equity,Regular,-11.08,,,BSE IT TRI,-27.04,,,,,,,,,,,,25,https://www.valueresearchonline.com/funds/44575/,INF03VN01944,152914,1,1,1,1,4,High Risk,Poor
ABSL Nifty Smallcap 50 Index Reg,equity,equity,Regular,2.35,23.89,13.21,BSE 250 SmallCap TRI,3.7,18.67,16.59,3.99,1.02,0.78,22.99,23.87,,,,,25,https://www.valueresearchonline.com/funds/41387/,INF209KB1V83,148811,10,8,1,3,22,High Risk,Average
ABSL Small Cap Reg,equity,equity,Regular,8.83,17.36,13.81,BSE 250 SmallCap TRI,3.7,18.67,16.59,-0.05,0.89,0.61,20.23,18.13,,,,,25,https://www.valueresearchonline.com/funds/5006/,INF209KB1Y23,148918,4,6,1,4,15,High Risk,Average
Abakkus Small Cap Reg,equity,equity,Regular,,,,BSE 250 SmallCap TRI,,,,,,,,,,,,,25,https://www.valueresearchonline.com/funds/45862/,INF955L01IY6,152904,1,1,1,1,4,High Risk,Poor
Axis Nifty Smallcap 50 Index Reg,equity,equity,Regular,2.28,23.76,,BSE 250 SmallCap TRI,3.7,18.67,,3.91,1.01,0.78,22.84,23.69,,,,,25,https://www.valueresearchonline.com/funds/42116/,INF846K016H6,149896,10,8,1,3,22,High Risk,Average
Axis Small Cap Reg,equity,equity,Regular,3.99,16.21,17.12,BSE 250 SmallCap TRI,3.7,18.67,16.59,0.23,0.74,0.62,16.84,16.33,,,,,25,https://www.valueresearchonline.com/funds/22333/,INF846K01K01,125350,8,6,2,5,21,Mod. High Risk,Average
Bajaj Finserv Small Cap Reg,equity,equity,Regular,,,,BSE 250 SmallCap TRI,,,,,,,,,,,,,25,https://www.valueresearchonline.com/funds/45269/,INF0QA701BK8,153609,1,1,1,1,4,High Risk,Poor
Bandhan Nifty Smallcap 250 Index Reg,equity,equity,Regular,0.91,,,BSE 250 SmallCap TRI,3.7,,,,,,,,,,,,25,https://www.valueresearchonline.com/funds/43956/,INF194KB1HD6,152266,1,1,1,1,4,High Risk,Poor
Bandhan Small Cap Reg,equity,equity,Regular,5.76,27.82,20.13,BSE 250 SmallCap TRI,3.7,18.67,16.59,8.95,0.92,1.04,20.85,27.52,,,,,25,https://www.valueresearchonline.com/funds/40562/,INF194KB1AJ8,147944,12,10,1,4,27,High Risk,Good
Bank of India Small Cap Reg,equity,equity,Regular,15.21,21.54,19.45,BSE 250 SmallCap TRI,3.7,18.67,16.59,3.32,0.94,0.74,21.84,22.14,,,,,25,https://www.valueresearchonline.com/funds/38281/,INF761K01ER3,145677,10,6,1,4,21,High Risk,Average
Baroda BNP Paribas Small Cap Reg,equity,equity,Regular,3.96,,,BSE 250 SmallCap TRI,3.7,,,,,,,,,,,,25,https://www.valueresearchonline.com/funds/43793/,INF251K01SO2,152130,1,1,1,1,4,High Risk,Poor
Canara Robeco Small Cap Reg,equity,equity,Regular,0.97,14.07,16.38,BSE 250 SmallCap TRI,3.7,18.67,16.59,-1.88,0.8,0.51,18.08,15.01,,,,,25,https://www.valueresearchonline.com/funds/38815/,INF760K01JF9,146127,4,6,1,5,16,High Risk,Average
DSP Nifty Smallcap 250 ETF,equity,equity,Regular,,,,BSE 250 SmallCap TRI,,,,,,,,,,,,,25,https://www.valueresearchonline.com/funds/45659/,INF740KA1XH4,154018,1,1,1,1,4,High Risk,Poor
DSP Nifty Smallcap 250 Index Reg,equity,equity,Regular,,,,BSE 250 SmallCap TRI,,,,,,,,,,,,,25,https://www.valueresearchonline.com/funds/45655/,INF740KA1XE1,154016,1,1,1,1,4,High Risk,Poor
DSP Nifty Smallcap250 Quality 50 Index Reg,equity,equity,Regular,-9.74,,,BSE 250 SmallCap TRI,3.7,,,,,,,,,,,,25,https://www.valueresearchonline.com/funds/43939/,INF740KA1TT7,152245,1,1,1,1,4,High Risk,Poor
DSP Small Cap Reg,equity,equity,Regular,8.88,19.13,18.38,BSE 250 SmallCap TRI,3.7,18.67,16.59,1.41,0.93,0.66,21.49,20.05,,,,,25,https://www.valueresearchonline.com/funds/5069/,INF740K01797,105989,8,6,1,4,19,High Risk,Average
Edelweiss Nifty Smallcap 250 Index Reg,equity,equity,Regular,1.14,19,,BSE 250 SmallCap TRI,3.7,18.67,,0.35,1,0.64,22.19,19.97,,,,,25,https://www.valueresearchonline.com/funds/42806/,INF754K01QP6,150894,8,6,1,4,19,High Risk,Average
Edelweiss Small Cap Reg,equity,equity,Regular,4.18,17.66,17.4,BSE 250 SmallCap TRI,3.7,18.67,16.59,1.02,0.81,0.66,18.33,18.05,,,,,25,https://www.valueresearchonline.com/funds/38849/,INF754K01JJ4,146193,8,6,1,5,20,High Risk,Average
Franklin India Small Cap Reg,equity,equity,Regular,1.45,16.99,18.18,BSE 250 SmallCap TRI,3.7,18.67,16.59,-0.5,0.89,0.58,20.36,17.68,,,,,25,https://www.valueresearchonline.com/funds/3019/,INF955L01IY6,152904,4,6,1,4,15,High Risk,Average
Groww Nifty Smallcap 250 ETF,equity,equity,Regular,,,,BSE 250 SmallCap TRI,,,,,,,,,,,,,25,https://www.valueresearchonline.com/funds/45552/,INF666M01HY9,152431,1,1,1,1,4,High Risk,Poor
Groww Nifty Smallcap 250 Index Reg,equity,equity,Regular,1.08,,,BSE 250 SmallCap TRI,3.7,,,,,,,,,,,,25,https://www.valueresearchonline.com/funds/44154/,INF666M01HV5,152433,1,1,1,1,4,High Risk,Poor
Groww Small Cap Fund Reg,equity,equity,Regular,,,,BSE 250 SmallCap TRI,,,,,,,,,,,,,25,https://www.valueresearchonline.com/funds/45695/,INF666M01NM2,154102,1,1,1,1,4,High Risk,Poor
HDFC Nifty Smallcap 250 ETF,equity,equity,Regular,1.66,19.8,,BSE 250 SmallCap TRI,3.7,18.67,,1.01,1,0.67,22.28,20.69,,,,,25,https://www.valueresearchonline.com/funds/43116/,INF179KC1GE4,151727,8,6,1,4,19,High Risk,Average
HDFC Nifty Smallcap 250 Index Reg,equity,equity,Regular,1.05,18.84,,BSE 250 SmallCap TRI,3.7,18.67,,0.16,1,0.63,22.21,19.8,,,,,25,https://www.valueresearchonline.com/funds/43483/,INF740KA1XE1,154016,8,6,1,4,19,High Risk,Average
HDFC Small Cap Reg,equity,equity,Regular,-0.64,14.51,16.5,BSE 250 SmallCap TRI,3.7,18.67,16.59,-1.77,0.79,0.5,17.98,14.94,,,,,25,https://www.valueresearchonline.com/funds/6770/,INF277KA1299,149351,4,6,2,5,17,Mod. High Risk,Average
HSBC Small Cap Reg,equity,equity,Regular,4.01,16.93,18.49,BSE 250 SmallCap TRI,3.7,18.67,16.59,-1.32,0.97,0.55,21.89,17.87,,,,,25,https://www.valueresearchonline.com/funds/26131/,INF917K01QC7,151133,4,6,1,4,15,High Risk,Average
Helios Small Cap Reg,equity,equity,Regular,,,,BSE 250 SmallCap TRI,,,,,,,,,,,,,25,https://www.valueresearchonline.com/funds/45557/,INF0R8701350,153909,1,1,1,1,4,High Risk,Poor
ICICI Pru Nifty Smallcap 250 Index,equity,equity,Regular,0.95,18.84,,BSE 250 SmallCap TRI,3.7,18.67,,0.21,1,0.63,22.19,19.83,,,,,25,https://www.valueresearchonline.com/funds/41787/,INF846K010D8,149242,8,6,1,4,19,High Risk,Average
ICICI Pru Smallcap,equity,equity,Regular,2.42,13.77,15.86,BSE 250 SmallCap TRI,3.7,18.67,16.59,-2.08,0.79,0.49,18.08,14.66,,,,,25,https://www.valueresearchonline.com/funds/5646/,INF769K01LD1,152457,2,4,1,5,12,High Risk,Poor
ITI Small Cap Reg,equity,equity,Regular,11.2,25.02,16.3,BSE 250 SmallCap TRI,3.7,18.67,16.59,6.05,0.86,0.91,19.75,23.79,,,,,25,https://www.valueresearchonline.com/funds/40530/,INF00XX01713,147920,12,8,1,4,25,High Risk,Average
Invesco India Smallcap Reg,equity,equity,Regular,9.54,23.71,20.42,BSE 250 SmallCap TRI,3.7,18.67,16.59,4.85,0.83,0.84,19.39,22.23,,,,,25,https://www.valueresearchonline.com/funds/37841/,INF205K011T7,145139,12,8,1,5,26,High Risk,Average
JM Small Cap Reg,equity,equity,Regular,8.74,,,BSE 250 SmallCap TRI,3.7,,,,,,,,,,,,25,https://www.valueresearchonline.com/funds/44311/,INF192K01NE0,152612,1,1,1,1,4,High Risk,Poor
Kotak Nifty Smallcap 250 Index Reg,equity,equity,Regular,1.12,,,BSE 250 SmallCap TRI,3.7,,,,,,,,,,,,25,https://www.valueresearchonline.com/funds/44866/,INF174KA1UN3,153221,1,1,1,1,4,High Risk,Poor
Kotak Nifty Smallcap 50 Index Reg,equity,equity,Regular,2.12,23.84,,BSE 250 SmallCap TRI,3.7,18.67,,3.93,1.02,0.78,22.99,23.8,,,,,25,https://www.valueresearchonline.com/funds/43355/,INF174KA1MY7,151647,10,8,1,3,22,High Risk,Average
Kotak Small Cap Reg,equity,equity,Regular,-0.01,13.34,13.63,BSE 250 SmallCap TRI,3.7,18.67,16.59,-2.76,0.85,0.46,19.66,14.87,,,,,25,https://www.valueresearchonline.com/funds/2597/,INF178L01BO1,133782,2,4,1,5,12,High Risk,Poor
LIC MF Small Cap Reg,equity,equity,Regular,10.15,18.17,18.39,BSE 250 SmallCap TRI,3.7,18.67,16.59,0.26,0.93,0.61,21.53,18.9,,,,,25,https://www.valueresearchonline.com/funds/34270/,INF397L01JW3,152003,8,6,1,4,19,High Risk,Average
Mahindra Manulife Small Cap Reg,equity,equity,Regular,9.93,22.44,,BSE 250 SmallCap TRI,3.7,18.67,,4.25,0.88,0.82,19.94,22.24,,,,,25,https://www.valueresearchonline.com/funds/42797/,INF174V01BH3,150912,12,8,1,4,25,High Risk,Average
Mirae Asset Nifty Smallcap 250 ETF,equity,equity,Regular,,,,BSE 250 SmallCap TRI,,,,,,,,,,,,,25,https://www.valueresearchonline.com/funds/45590/,INF769K01LG4,152459,1,1,1,1,4,High Risk,Poor
Mirae Asset Nifty Smallcap 250 Momentum Quality 100 ETF,equity,equity,Regular,-2.89,,,BSE 250 SmallCap TRI,3.7,,,,,,,,,,,,25,https://www.valueresearchonline.com/funds/44091/,INF769K01LG4,152459,1,1,1,1,4,High Risk,Poor
Mirae Asset Nifty Smallcap 250 Momentum Quality 100 ETF FoF Reg,equity,equity,Regular,-3.75,,,BSE 250 SmallCap TRI,3.7,,,,,,,,,,,,1,https://www.valueresearchonline.com/funds/44092/,INF769K01LD1,152457,1,1,1,1,4,High Risk,Poor
Mirae Asset Small Cap Reg,equity,equity,Regular,7.69,,,BSE 250 SmallCap TRI,3.7,,,,,,,,,,,,25,https://www.valueresearchonline.com/funds/44822/,INF769K01NG0,153198,1,1,1,1,4,High Risk,Poor
Motilal Oswal Nifty Microcap 250 Index Reg,equity,equity,Regular,3.32,,,BSE 250 SmallCap TRI,3.7,,,,,,,,,,,,25,https://www.valueresearchonline.com/funds/43574/,INF247L01BR7,151815,1,1,1,1,4,High Risk,Poor
Motilal Oswal Nifty Smallcap 250 ETF,equity,equity,Regular,1.7,,,BSE 250 SmallCap TRI,3.7,,,,,,,,,,,,25,https://www.valueresearchonline.com/funds/44249/,INF247L01635,139872,1,1,1,1,4,High Risk,Poor
Motilal Oswal Nifty Smallcap 250 Index Reg,equity,equity,Regular,0.9,18.94,15.53,BSE 250 SmallCap TRI,3.7,18.67,16.59,0.29,1,0.63,22.28,19.97,,,,,25,https://www.valueresearchonline.com/funds/40243/,INF247L01BR7,151815,8,6,1,4,19,High Risk,Average
Motilal Oswal Small Cap Reg,equity,equity,Regular,14.45,,,BSE 250 SmallCap TRI,3.7,,,,,,,,,,,,25,https://www.valueresearchonline.com/funds/43943/,INF247L01BV9,152232,1,1,1,1,4,High Risk,Poor
Navi Nifty Smallcap250 Momentum Quality 100 Index Reg,equity,equity,Regular,-3.68,,,BSE 250 SmallCap TRI,3.7,,,,,,,,,,,,25,https://www.valueresearchonline.com/funds/45018/,INF789F1AB06,153273,1,1,1,1,4,High Risk,Poor
Nippon India Nifty Smallcap 250 Index Reg,equity,equity,Regular,0.97,18.59,15.36,BSE 250 SmallCap TRI,3.7,18.67,16.59,0.02,1,0.62,22.17,19.63,,,,,25,https://www.valueresearchonline.com/funds/41129/,INF204KB12W7,148518,8,6,1,4,19,High Risk,Average
Nippon India Small Cap Reg,equity,equity,Regular,5.51,18.77,20.49,BSE 250 SmallCap TRI,3.7,18.67,16.59,1.73,0.87,0.7,19.55,19.58,,,,,25,https://www.valueresearchonline.com/funds/11463/,INF955L01IY6,152904,8,6,1,4,19,High Risk,Average
PGIM India Small Cap Reg,equity,equity,Regular,8.09,15.19,,BSE 250 SmallCap TRI,3.7,18.67,,-0.66,0.75,0.56,17.39,15.6,,,,,25,https://www.valueresearchonline.com/funds/41575/,INF663L01W30,149020,4,6,2,5,17,Mod. High Risk,Average
Quant Small Cap Reg,equity,equity,Regular,9.73,20.84,19.75,BSE 250 SmallCap TRI,3.7,18.67,16.59,2.75,0.89,0.73,20.53,20.88,,,,,25,https://www.valueresearchonline.com/funds/66/,INF966L01AA0,100177,10,6,1,4,21,High Risk,Average
Quantum Small Cap Reg,equity,equity,Regular,5.07,,,BSE 250 SmallCap TRI,3.7,,,,,,,,,,,,25,https://www.valueresearchonline.com/funds/43813/,INF082J01440,152108,1,1,1,1,4,High Risk,Poor
SBI Nifty Smallcap 250 Index Reg,equity,equity,Regular,1.08,18.94,,BSE 250 SmallCap TRI,3.7,18.67,,0.28,1,0.63,22.26,19.95,,,,,25,https://www.valueresearchonline.com/funds/42579/,INF200KA13P9,150676,8,6,1,4,19,High Risk,Average
SBI Small Cap Reg,equity,equity,Regular,2.44,13.31,14.19,BSE 250 SmallCap TRI,3.7,18.67,16.59,-2.99,0.75,0.43,17.1,13.28,,,,,25,https://www.valueresearchonline.com/funds/10603/,INF200K01T28,125494,2,4,2,5,13,Mod. High Risk,Average
Samco Small Cap Reg,equity,equity,Regular,,,,BSE 250 SmallCap TRI,,,,,,,,,,,,,25,https://www.valueresearchonline.com/funds/45539/,INF0GCD01537,151322,1,1,1,1,4,High Risk,Poor
Sundaram Small Cap Reg,equity,equity,Regular,10.37,19.09,17.91,BSE 250 SmallCap TRI,3.7,18.67,16.59,1.97,0.86,0.7,19.65,19.71,,,,,25,https://www.valueresearchonline.com/funds/2599/,INF903J01470,100795,8,6,1,4,19,High Risk,Average
TRUST MF Small Cap Reg,equity,equity,Regular,22.82,,,BSE 250 SmallCap TRI,3.7,,,,,,,,,,,,25,https://www.valueresearchonline.com/funds/44591/,INF0GCD01776,152940,1,1,1,1,4,High Risk,Poor
Tata Small Cap Reg,equity,equity,Regular,-6.62,12.34,14.96,BSE 250 SmallCap TRI,3.7,18.67,16.59,-4.83,0.86,0.35,19.91,12.86,,,,,25,https://www.valueresearchonline.com/funds/37989/,INF277K015O2,145208,2,4,1,4,11,High Risk,Poor
The Wealth Company Small Cap Reg,equity,equity,Regular,,,,BSE 250 SmallCap TRI,,,,,,,,,,,,,25,https://www.valueresearchonline.com/funds/45894/,INF955L01IY6,152904,1,1,1,1,4,High Risk,Poor
UTI Small Cap Reg,equity,equity,Regular,2.87,16.28,15.98,BSE 250 SmallCap TRI,3.7,18.67,16.59,-0.83,0.86,0.56,19.75,16.95,,,,,25,https://www.valueresearchonline.com/funds/41231/,INF789F1AUO6,148617,4,6,1,4,15,High Risk,Average
Union Small Cap Reg,equity,equity,Regular,16.59,19.33,17.78,BSE 250 SmallCap TRI,3.7,18.67,16.59,2.61,0.84,0.72,19.78,20.07,,,,,25,https://www.valueresearchonline.com/funds/26858/,INF582M01BY1,129647,10,6,1,5,22,High Risk,Average
Zerodha Nifty Smallcap 100 ETF,equity,equity,Regular,,,,BSE 250 SmallCap TRI,,,,,,,,,,,,,25,https://www.valueresearchonline.com/funds/45480/,INF579M01AN2,151165,1,1,1,1,4,High Risk,Poor
ABSL Conglomerate Reg,equity,equity,Regular,0.46,,,BSE 500 TRI,0.79,,,,,,,,,,,,25,https://www.valueresearchonline.com/funds/44786/,INF209KC1399,153127,1,1,1,1,4,High Risk,Poor
ABSL Nifty India Defence Index Reg,equity,equity,Regular,7.43,,,BSE 500 TRI,0.79,,,,,,,,,,,,19,https://www.valueresearchonline.com/funds/44487/,INF209KC1159,152800,1,1,1,1,4,High Risk,Poor
ABSL Special Opportunities Reg,equity,equity,Regular,13.6,20.86,14.89,BSE 500 TRI,0.79,13.68,12.33,5.9,0.97,0.89,15.34,19.52,,,,,25,https://www.valueresearchonline.com/funds/41141/,INF209KB1T46,148537,12,8,3,4,27,Moderate Risk,Good
Axis BSE India Sector Leaders Index Reg,equity,equity,Regular,,,,BSE 500 TRI,,,,,,,,,,,,,25,https://www.valueresearchonline.com/funds/45781/,INF846KA1416,154170,1,1,1,1,4,High Risk,Poor
Axis Momentum Reg,equity,equity,Regular,-6.24,,,BSE 500 TRI,0.79,,,,,,,,,,,,25,https://www.valueresearchonline.com/funds/44766/,INF846K010Z1,153085,1,1,1,1,4,High Risk,Poor
Axis Multi Factor Passive FoF Reg,equity,equity,Regular,2.09,10.98,,BSE 500 TRI,0.79,13.68,,-1.31,0.95,0.42,14.94,12.19,,,,,4,https://www.valueresearchonline.com/funds/42078/,INF846K014G3,149844,4,4,3,4,15,Moderate Risk,Average
Axis Services Opportunities Reg,equity,equity,Regular,,,,BSE 500 TRI,,,,,,,,,,,,,25,https://www.valueresearchonline.com/funds/45322/,INF846KA1135,153621,1,1,1,1,4,High Risk,Poor
Bandhan BSE India Sector Leaders Index Reg,equity,equity,Regular,,,,BSE 500 TRI,,,,,,,,,,,,,25,https://www.valueresearchonline.com/funds/45460/,INF194KB1KA6,153839,1,1,1,1,4,High Risk,Poor
Bandhan Multi-Factor Reg,equity,equity,Regular,,,,BSE 500 TRI,,,,,,,,,,,,,25,https://www.valueresearchonline.com/funds/45332/,INF194KB1JU6,153721,1,1,1,1,4,High Risk,Poor
Baroda BNP Paribas Business Conglomerates Reg,equity,equity,Regular,,,,BSE 500 TRI,,,,,,,,,,,,,25,https://www.valueresearchonline.com/funds/45456/,INF251K01VG2,153844,1,1,1,1,4,High Risk,Poor
Edelweiss BSE Capital Mkts & Insurance ETF,equity,equity,Regular,2.35,,,BSE 500 TRI,0.79,,,,,,,,,,,,24,https://www.valueresearchonline.com/funds/44826/,INF200K01V08,125503,1,1,1,1,4,High Risk,Poor
Edelweiss BSE Internet Economy Index Reg,equity,equity,Regular,-3.28,,,BSE 500 TRI,0.79,,,,,,,,,,,,20,https://www.valueresearchonline.com/funds/45127/,INF754K01VB6,153495,1,1,1,1,4,High Risk,Poor
Edelweiss Recently Listed IPO Reg,equity,equity,Regular,17.73,18.5,12.87,BSE 500 TRI,0.79,13.68,12.33,4.39,1.07,0.63,20.59,18.82,,,,,25,https://www.valueresearchonline.com/funds/35232/,INF754K01MH2,142383,12,6,1,3,22,High Risk,Average
Franklin India Multi-Factor Reg,equity,equity,Regular,,,,BSE 500 TRI,,,,,,,,,,,,,25,https://www.valueresearchonline.com/funds/45583/,INF955L01IY6,152904,1,1,1,1,4,High Risk,Poor
Franklin India Opportunities Reg,equity,equity,Regular,3.51,24.08,18.94,BSE 500 TRI,0.79,13.68,12.33,8.79,1.05,0.97,17.68,23.09,,,,,25,https://www.valueresearchonline.com/funds/753/,INF955L01IY6,152904,12,8,2,3,25,Mod. High Risk,Average
Groww BSE Power ETF,equity,equity,Regular,,,,BSE 500 TRI,,,,,,,,,,,,,18,https://www.valueresearchonline.com/funds/45370/,INF666M01LN4,153745,1,1,1,1,4,High Risk,Poor
Groww BSE Power ETF FOF Reg,equity,equity,Regular,,,,BSE 500 TRI,,,,,,,,,,,,,1,https://www.valueresearchonline.com/funds/45371/,INF666M01LQ7,153748,1,1,1,1,4,High Risk,Poor
Groww Nifty Capital Markets ETF,equity,equity,Regular,,,,BSE 500 TRI,,,,,,,,,,,,,17,https://www.valueresearchonline.com/funds/45632/,INF666M01MG6,153908,1,1,1,1,4,High Risk,Poor
Groww Nifty Capital Markets ETF FoF Reg,equity,equity,Regular,,,,BSE 500 TRI,,,,,,,,,,,,,1,https://www.valueresearchonline.com/funds/45626/,INF666M01MJ0,153918,1,1,1,1,4,High Risk,Poor
Groww Nifty Chemicals ETF,equity,equity,Regular,,,,BSE 500 TRI,,,,,,,,,,,,,20,https://www.valueresearchonline.com/funds/45751/,INF666M01EK5,145589,1,1,1,1,4,High Risk,Poor
Groww Nifty India Defence ETF,equity,equity,Regular,8.23,,,BSE 500 TRI,0.79,,,,,,,,,,,,19,https://www.valueresearchonline.com/funds/44590/,INF666M01IQ3,152925,1,1,1,1,4,High Risk,Poor
Groww Nifty India Defence ETF FoF Reg,equity,equity,Regular,7.56,,,BSE 500 TRI,0.79,,,,,,,,,,,,1,https://www.valueresearchonline.com/funds/44595/,INF666M01IT7,152927,1,1,1,1,4,High Risk,Poor
Groww Nifty India Internet ETF,equity,equity,Regular,,,,BSE 500 TRI,,,,,,,,,,,,,25,https://www.valueresearchonline.com/funds/45241/,INF666M01LC7,153626,1,1,1,1,4,High Risk,Poor
Groww Nifty India Internet ETF FoF Reg,equity,equity,Regular,,,,BSE 500 TRI,,,,,,,,,,,,,1,https://www.valueresearchonline.com/funds/45242/,INF666M01LF0,153633,1,1,1,1,4,High Risk,Poor
Groww Nifty Metal ETF,equity,equity,Regular,,,,BSE 500 TRI,,,,,,,,,,,,,19,https://www.valueresearchonline.com/funds/45677/,INF666M01EK5,145589,1,1,1,1,4,High Risk,Poor
Groww Nifty Realty ETF,equity,equity,Regular,,,,BSE 500 TRI,,,,,,,,,,,,,10,https://www.valueresearchonline.com/funds/45522/,INF666M01EK5,145589,1,1,1,1,4,High Risk,Poor
HDFC BSE India Sector Leaders Index Reg,equity,equity,Regular,,,,BSE 500 TRI,,,,,,,,,,,,,25,https://www.valueresearchonline.com/funds/45588/,INF179KC1JX8,153958,1,1,1,1,4,High Risk,Poor
HDFC Defence Reg,equity,equity,Regular,15.82,42.56,,BSE 500 TRI,0.79,13.68,,,,,,,,,,,23,https://www.valueresearchonline.com/funds/43510/,INF767K01535,105823,1,1,1,1,4,High Risk,Poor
HDFC Housing Opportunities Reg,equity,equity,Regular,-3.32,14.23,13.13,BSE 500 TRI,0.79,13.68,12.33,0.82,1.13,0.54,18.47,15.76,,,,,25,https://www.valueresearchonline.com/funds/34768/,INF955L01IY6,152904,8,6,1,3,18,High Risk,Average
HDFC NIFTY Growth Sectors 15 ETF,equity,equity,Regular,-5.44,6.03,,BSE 500 TRI,0.79,13.68,,-5.07,0.78,0.08,15.06,7.05,,,,,15,https://www.valueresearchonline.com/funds/42537/,INF179KB15Q6,145034,2,4,3,5,14,Moderate Risk,Average
HDFC NIFTY Realty Index Reg,equity,equity,Regular,-19.42,,,BSE 500 TRI,0.79,,,,,,,,,,,,10,https://www.valueresearchonline.com/funds/44210/,INF204KC1DV4,153061,1,1,1,1,4,High Risk,Poor
HSBC India Export Opportunities Reg,equity,equity,Regular,10.38,,,BSE 500 TRI,0.79,,,,,,,,,,,,25,https://www.valueresearchonline.com/funds/44522/,INF336L01RL7,152830,1,1,1,1,4,High Risk,Poor
ICICI Pru Active Momentum,equity,equity,Regular,,,,BSE 500 TRI,,,,,,,,,,,,,25,https://www.valueresearchonline.com/funds/45355/,INF084M01044,132178,1,1,1,1,4,High Risk,Poor
ICICI Pru Commodities,equity,equity,Regular,11.57,17.66,15.26,BSE 500 TRI,0.79,13.68,12.33,6.59,0.97,0.85,16.83,20.21,,,,,25,https://www.valueresearchonline.com/funds/40304/,INF109KC1F91,147662,12,8,2,4,26,Mod. High Risk,Average
ICICI Pru Conglomerate,equity,equity,Regular,,,,BSE 500 TRI,,,,,,,,,,,,,25,https://www.valueresearchonline.com/funds/45487/,INF109K1A427,153867,1,1,1,1,4,High Risk,Poor
ICICI Pru Eqt Minimum Variance Fund Reg,equity,equity,Regular,-0.47,,,BSE 500 TRI,0.79,,,,,,,,,,,,25,https://www.valueresearchonline.com/funds/44742/,INF955L01IY6,152904,1,1,1,1,4,High Risk,Poor
ICICI Pru Exports & Services,equity,equity,Regular,1.21,17.79,15.73,BSE 500 TRI,0.79,13.68,12.33,4.4,0.85,0.83,13.46,17.06,,,,,25,https://www.valueresearchonline.com/funds/2968/,INF209K01LV0,108273,12,8,4,5,29,Low Risk,Good
ICICI Pru FMCG,equity,equity,Regular,-12.05,-1.02,7.22,BSE 500 TRI,0.79,13.68,12.33,-12.22,0.86,-0.35,15.4,0.5,,,,,25,https://www.valueresearchonline.com/funds/591/,INF109K01902,102330,2,1,3,4,10,Moderate Risk,Poor
ICICI Pru Housing Opportunities,equity,equity,Regular,0.93,14.88,,BSE 500 TRI,0.79,13.68,,1.89,0.95,0.62,15.27,15.39,,,,,25,https://www.valueresearchonline.com/funds/42248/,INF209KB1T46,148537,8,6,3,4,21,Moderate Risk,Average
ICICI Pru India Opportunities,equity,equity,Regular,1.4,18.79,19.12,BSE 500 TRI,0.79,13.68,12.33,6.01,0.82,0.95,13.32,18.45,,,,,25,https://www.valueresearchonline.com/funds/38583/,INF209KB1T46,148537,12,8,4,5,29,Low Risk,Good
ICICI Pru Multi Sector Passive FoF,equity,equity,Regular,2.99,15.22,13.28,BSE 500 TRI,0.79,13.68,12.33,1.86,0.9,0.64,14.07,14.9,,,,,10,https://www.valueresearchonline.com/funds/1935/,INF336L01QQ8,151289,8,6,3,4,21,Moderate Risk,Average
ICICI Pru Nifty Commodities ETF,equity,equity,Regular,13.39,19.03,,BSE 500 TRI,0.79,13.68,,7.16,1.02,0.86,17.8,21.15,,,,,25,https://www.valueresearchonline.com/funds/42947/,INF109K016L0,120586,12,8,2,3,25,Mod. High Risk,Average
ICICI Pru Nifty FMCG ETF,equity,equity,Regular,-9.11,0.08,,BSE 500 TRI,0.79,13.68,,-11.82,0.95,-0.25,17.15,1.64,,,,,15,https://www.valueresearchonline.com/funds/41601/,INF109K010A6,120256,2,1,2,4,9,Mod. High Risk,Poor
ICICI Pru Nifty Metal ETF,equity,equity,Regular,33.81,,,BSE 500 TRI,0.79,,,,,,,,,,,,19,https://www.valueresearchonline.com/funds/44461/,INF109KA1O37,131061,1,1,1,1,4,High Risk,Poor
ICICI Pru Nifty Oil & Gas ETF,equity,equity,Regular,-2.28,,,BSE 500 TRI,0.79,,,,,,,,,,,,15,https://www.valueresearchonline.com/funds/44432/,INF209K01YN0,119550,1,1,1,1,4,High Risk,Poor
ICICI Pru Quality,equity,equity,Regular,1.37,,,BSE 500 TRI,0.79,,,,,,,,,,,,25,https://www.valueresearchonline.com/funds/45162/,INF03VN01985,153190,1,1,1,1,4,High Risk,Poor
ICICI Pru Rural Opportunities,equity,equity,Regular,-0.64,,,BSE 500 TRI,0.79,,,,,,,,,,,,25,https://www.valueresearchonline.com/funds/44844/,INF209KB1T46,148537,1,1,1,1,4,High Risk,Poor
Kotak Active Momentum Reg,equity,equity,Regular,,,,BSE 500 TRI,,,,,,,,,,,,,25,https://www.valueresearchonline.com/funds/45387/,INF174KA1XD8,153755,1,1,1,1,4,High Risk,Poor
Kotak BSE Housing Index Reg,equity,equity,Regular,-6.96,,,BSE 500 TRI,0.79,,,,,,,,,,,,25,https://www.valueresearchonline.com/funds/43704/,INF174KA1OU1,152038,1,1,1,1,4,High Risk,Poor
Kotak Multi Factor Passive FoF Reg,equity,equity,Regular,,,,BSE 500 TRI,,,,,,,,,,,,,2,https://www.valueresearchonline.com/funds/45898/,INF846K014G3,149844,1,1,1,1,4,High Risk,Poor
Kotak Nifty Chemicals ETF,equity,equity,Regular,,,,BSE 500 TRI,,,,,,,,,,,,,20,https://www.valueresearchonline.com/funds/45570/,INF174K01KM7,119757,1,1,1,1,4,High Risk,Poor
Kotak Nifty Commodities Index Reg,equity,equity,Regular,12.41,,,BSE 500 TRI,0.79,,,,,,,,,,,,25,https://www.valueresearchonline.com/funds/44989/,INF174KA1VH3,153351,1,1,1,1,4,High Risk,Poor
Kotak Nifty India Tourism Index Reg,equity,equity,Regular,-13.31,,,BSE 500 TRI,0.79,,,,,,,,,,,,15,https://www.valueresearchonline.com/funds/44537/,INF174KA1TC8,152872,1,1,1,1,4,High Risk,Poor
Kotak Rural Opportunities Reg,equity,equity,Regular,,,,BSE 500 TRI,,,,,,,,,,,,,25,https://www.valueresearchonline.com/funds/45595/,INF174KA1XZ1,153969,1,1,1,1,4,High Risk,Poor
Kotak Services Reg,equity,equity,Regular,,,,BSE 500 TRI,,,,,,,,,,,,,25,https://www.valueresearchonline.com/funds/45795/,INF174KA1YY2,154151,1,1,1,1,4,High Risk,Poor
Kotak Special Opportunities Reg,equity,equity,Regular,9.85,,,BSE 500 TRI,0.79,,,,,,,,,,,,25,https://www.valueresearchonline.com/funds/44380/,INF174KA1SC0,152703,1,1,1,1,4,High Risk,Poor
Mirae Asset BSE India Defence ETF,equity,equity,Regular,,,,BSE 500 TRI,,,,,,,,,,,,,25,https://www.valueresearchonline.com/funds/45790/,INF769K01QG3,154187,1,1,1,1,4,High Risk,Poor
Mirae Asset BSE India Defence ETF FoF Reg,equity,equity,Regular,,,,BSE 500 TRI,,,,,,,,,,,,,1,https://www.valueresearchonline.com/funds/45809/,INF769K01QD0,154189,1,1,1,1,4,High Risk,Poor
Mirae Asset BSE Select IPO ETF,equity,equity,Regular,-7.52,,,BSE 500 TRI,0.79,,,,,,,,,,,,25,https://www.valueresearchonline.com/funds/45020/,INF769K01OK0,153385,1,1,1,1,4,High Risk,Poor
Mirae Asset BSE Select IPO ETF FoF Reg,equity,equity,Regular,-7.84,,,BSE 500 TRI,0.79,,,,,,,,,,,,1,https://www.valueresearchonline.com/funds/45021/,INF769K01OH6,153387,1,1,1,1,4,High Risk,Poor
Mirae Asset Multi Factor Passive FoF Reg,equity,equity,Regular,,,,BSE 500 TRI,,,,,,,,,,,,,8,https://www.valueresearchonline.com/funds/45434/,INF769K01PE0,153818,1,1,1,1,4,High Risk,Poor
Mirae Asset Nifty India Internet ETF,equity,equity,Regular,,,,BSE 500 TRI,,,,,,,,,,,,,25,https://www.valueresearchonline.com/funds/45250/,INF090I01VZ8,148304,1,1,1,1,4,High Risk,Poor
Mirae Asset Nifty Metal ETF,equity,equity,Regular,34.2,,,BSE 500 TRI,0.79,,,,,,,,,,,,19,https://www.valueresearchonline.com/funds/44588/,INF769K01QM1,154216,1,1,1,1,4,High Risk,Poor
Mirae Asset Nifty Metal ETF FoF Reg,equity,equity,Regular,,,,BSE 500 TRI,,,,,,,,,,,,,1,https://www.valueresearchonline.com/funds/45831/,INF769K01QJ7,154218,1,1,1,1,4,High Risk,Poor
Motilal Oswal Active Momentum Reg,equity,equity,Regular,23.69,,,BSE 500 TRI,0.79,,,,,,,,,,,,25,https://www.valueresearchonline.com/funds/45000/,INF247L01ES9,153365,1,1,1,1,4,High Risk,Poor
Motilal Oswal BSE Select IPO ETF,equity,equity,Regular,,,,BSE 500 TRI,,,,,,,,,,,,,25,https://www.valueresearchonline.com/funds/45639/,INF247L01EJ8,153258,1,1,1,1,4,High Risk,Poor
Motilal Oswal Multi Factor Passive FoF Reg,equity,equity,Regular,,,,BSE 500 TRI,,,,,,,,,,,,,4,https://www.valueresearchonline.com/funds/45873/,INF955L01IY6,152904,1,1,1,1,4,High Risk,Poor
Motilal Oswal Nifty Capital Market ETF,equity,equity,Regular,17.08,,,BSE 500 TRI,0.79,,,,,,,,,,,,17,https://www.valueresearchonline.com/funds/45051/,INF247L01EB5,153138,1,1,1,1,4,High Risk,Poor
Motilal Oswal Nifty Capital Market Index Reg,equity,equity,Regular,16.38,,,BSE 500 TRI,0.79,,,,,,,,,,,,17,https://www.valueresearchonline.com/funds/44754/,INF247L01EC3,153137,1,1,1,1,4,High Risk,Poor
Motilal Oswal Nifty India Defence ETF,equity,equity,Regular,8.33,,,BSE 500 TRI,0.79,,,,,,,,,,,,19,https://www.valueresearchonline.com/funds/44517/,INF247L01CW5,152712,1,1,1,1,4,High Risk,Poor
Motilal Oswal Nifty India Defence Index Reg,equity,equity,Regular,7.63,,,BSE 500 TRI,0.79,,,,,,,,,,,,19,https://www.valueresearchonline.com/funds/44396/,INF247L01CV7,152711,1,1,1,1,4,High Risk,Poor
Motilal Oswal Nifty India Tourism ETF,equity,equity,Regular,-13.03,,,BSE 500 TRI,0.79,,,,,,,,,,,,15,https://www.valueresearchonline.com/funds/45240/,INF090I01VZ8,148304,1,1,1,1,4,High Risk,Poor
Motilal Oswal Nifty MidSmall IT and Telecom Index Reg,equity,equity,Regular,-9.21,,,BSE 500 TRI,0.79,,,,,,,,,,,,20,https://www.valueresearchonline.com/funds/44681/,INF247L01DZ6,153028,1,1,1,1,4,High Risk,Poor
Motilal Oswal Nifty Realty ETF,equity,equity,Regular,-19.01,,,BSE 500 TRI,0.79,,,,,,,,,,,,10,https://www.valueresearchonline.com/funds/44250/,INF247L01247,124234,1,1,1,1,4,High Risk,Poor
Motilal Oswal Nifty Services Sector ETF,equity,equity,Regular,,,,BSE 500 TRI,,,,,,,,,,,,,25,https://www.valueresearchonline.com/funds/45660/,INF209K014W1,125597,1,1,1,1,4,High Risk,Poor
Motilal Oswal Services Reg,equity,equity,Regular,7.64,,,BSE 500 TRI,0.79,,,,,,,,,,,,25,https://www.valueresearchonline.com/funds/45184/,INF247L01FG1,153561,1,1,1,1,4,High Risk,Poor
Motilal Oswal Special Opportunities Reg,equity,equity,Regular,,,,BSE 500 TRI,,,,,,,,,,,,,24,https://www.valueresearchonline.com/funds/45391/,INF247L01FV0,153751,1,1,1,1,4,High Risk,Poor
Nippon India Active Momentum Reg,equity,equity,Regular,7.88,,,BSE 500 TRI,0.79,,,,,,,,,,,,25,https://www.valueresearchonline.com/funds/44936/,INF204KC1EH1,153276,1,1,1,1,4,High Risk,Poor
Nippon India Nifty Realty Index Reg,equity,equity,Regular,-19.48,,,BSE 500 TRI,0.79,,,,,,,,,,,,10,https://www.valueresearchonline.com/funds/44710/,INF204KC1DV4,153061,1,1,1,1,4,High Risk,Poor
Quant Commodities Reg,equity,equity,Regular,13.76,,,BSE 500 TRI,0.79,,,,,,,,,,,,14,https://www.valueresearchonline.com/funds/43964/,INF966L01DC0,152256,1,1,1,1,4,High Risk,Poor
Quant Momentum Reg,equity,equity,Regular,6.71,,,BSE 500 TRI,0.79,,,,,,,,,,,,15,https://www.valueresearchonline.com/funds/43880/,INF966L01CW0,152190,1,1,1,1,4,High Risk,Poor
Quantum Ethical Reg,equity,equity,Regular,-3.81,,,BSE 500 TRI,0.79,,,,,,,,,,,,25,https://www.valueresearchonline.com/funds/44770/,INF082J01481,153095,1,1,1,1,4,High Risk,Poor
SBI Comma Reg,equity,equity,Regular,10.79,18.13,11.9,BSE 500 TRI,0.79,13.68,12.33,6.9,0.99,0.88,16.79,20.65,,,,,25,https://www.valueresearchonline.com/funds/2812/,INF200K01339,103145,12,8,2,4,26,Mod. High Risk,Average
SBI Equity Minimum Variance Reg,equity,equity,Regular,-0.37,10.07,10.27,BSE 500 TRI,0.79,13.68,12.33,-1.69,0.89,0.37,14.72,11.32,,,,,25,https://www.valueresearchonline.com/funds/39362/,INF200KA1A48,146644,4,4,3,4,15,Moderate Risk,Average
SBI Quality Reg,equity,equity,Regular,,,,BSE 500 TRI,,,,,,,,,,,,,25,https://www.valueresearchonline.com/funds/45791/,INF200KB1AD3,154175,1,1,1,1,4,High Risk,Poor
Samco Active Momentum Reg,equity,equity,Regular,1.56,,,BSE 500 TRI,0.79,,,,,,,,,,,,25,https://www.valueresearchonline.com/funds/43514/,INF0K1H01073,151752,1,1,1,1,4,High Risk,Poor
Samco Special Opportunities Reg,equity,equity,Regular,0.58,,,BSE 500 TRI,0.79,,,,,,,,,,,,25,https://www.valueresearchonline.com/funds/44279/,INF0K1H01172,152587,1,1,1,1,4,High Risk,Poor
Shriram Multi Sector Rotation Reg,equity,equity,Regular,1.02,,,BSE 500 TRI,0.79,,,,,,,,,,,,25,https://www.valueresearchonline.com/funds/44668/,INF680P01463,153077,1,1,1,1,4,High Risk,Poor
Sundaram Multi-Factor Reg,equity,equity,Regular,,,,BSE 500 TRI,,,,,,,,,,,,,25,https://www.valueresearchonline.com/funds/45283/,INF903JA1LY0,153667,1,1,1,1,4,High Risk,Poor
Sundaram Services Reg,equity,equity,Regular,-1.11,15.07,14.69,BSE 500 TRI,0.79,13.68,12.33,1.54,0.92,0.59,15.05,14.77,,,,,25,https://www.valueresearchonline.com/funds/37575/,INF903JA1EX7,144838,8,6,3,4,21,Moderate Risk,Average
Tata BSE Select Business Groups Index Reg,equity,equity,Regular,2.2,,,BSE 500 TRI,0.79,,,,,,,,,,,,25,https://www.valueresearchonline.com/funds/44790/,INF277KA1CX6,153134,1,1,1,1,4,High Risk,Poor
Tata Ethical Reg,equity,equity,Regular,-7.48,5.75,7.23,BSE 500 TRI,0.79,13.68,12.33,-5.22,0.89,0.13,14.5,7.76,,,,,25,https://www.valueresearchonline.com/funds/213/,INF277K01956,100415,2,4,3,4,13,Moderate Risk,Average
Tata Housing Opportunities Reg,equity,equity,Regular,-3.41,9.76,,BSE 500 TRI,0.79,13.68,,-4.07,1.15,0.27,18.93,11.03,,,,,25,https://www.valueresearchonline.com/funds/42445/,INF277KA1521,150537,2,4,1,3,10,High Risk,Poor
Tata Nifty Capital Markets Index Fund Reg,equity,equity,Regular,16,,,BSE 500 TRI,0.79,,,,,,,,,,,,17,https://www.valueresearchonline.com/funds/44636/,INF277KA1CL1,152954,1,1,1,1,4,High Risk,Poor
Tata Nifty India Tourism Index Reg,equity,equity,Regular,-13.32,,,BSE 500 TRI,0.79,,,,,,,,,,,,15,https://www.valueresearchonline.com/funds/44424/,INF277KA1BZ3,152746,1,1,1,1,4,High Risk,Poor
Tata Nifty Realty Index Reg,equity,equity,Regular,-19.57,,,BSE 500 TRI,0.79,,,,,,,,,,,,10,https://www.valueresearchonline.com/funds/44259/,INF277KA1AL5,152573,1,1,1,1,4,High Risk,Poor
Taurus Ethical Reg,equity,equity,Regular,-2.89,12.67,9.52,BSE 500 TRI,0.79,13.68,12.33,0.65,0.95,0.53,15.67,14.12,,,,,25,https://www.valueresearchonline.com/funds/10244/,INF044D01864,111787,8,6,3,4,21,Moderate Risk,Average
The Wealth Company Ethical Reg,equity,equity,Regular,,,,BSE 500 TRI,,,,,,,,,,,,,25,https://www.valueresearchonline.com/funds/45523/,INF2F0001248,153897,1,1,1,1,4,High Risk,Poor
UTI BSE Housing Index Reg,equity,equity,Regular,-7.02,10.94,,BSE 500 TRI,0.79,13.68,,,,,,,,,,,25,https://www.valueresearchonline.com/funds/43520/,INF789F1AYS9,151763,1,1,1,1,4,High Risk,Poor
Union Active Momentum Reg,equity,equity,Regular,8.98,,,BSE 500 TRI,0.79,,,,,,,,,,,,25,https://www.valueresearchonline.com/funds/44782/,INF582M01KC8,153111,1,1,1,1,4,High Risk,Poor
WhiteOak Capital Quality Equity Reg,equity,equity,Regular,-5.9,,,BSE 500 TRI,0.79,,,,,,,,,,,,25,https://www.valueresearchonline.com/funds/44852/,INF03VN01985,153190,1,1,1,1,4,High Risk,Poor
WhiteOak Capital Special Opportunities Reg,equity,equity,Regular,6.48,,,BSE 500 TRI,0.79,,,,,,,,,,,,25,https://www.valueresearchonline.com/funds/44332/,INF03VN01894,152643,1,1,1,1,4,High Risk,Poor
ABSL MNC Reg,equity,equity,Regular,-5.05,9.59,6.11,BSE 500 TRI,0.79,13.68,12.33,-2.14,0.96,0.34,16.35,11.42,,,,,25,https://www.valueresearchonline.com/funds/25/,INF209K01322,100064,2,4,2,4,12,Mod. High Risk,Poor
HDFC MNC Reg,equity,equity,Regular,3.7,7.45,,BSE 500 TRI,0.79,13.68,,-4.89,0.99,0.18,16.32,8.87,,,,,25,https://www.valueresearchonline.com/funds/43177/,INF767K01535,105823,2,4,2,4,12,Mod. High Risk,Poor
ICICI Pru MNC,equity,equity,Regular,8.07,13.65,12.41,BSE 500 TRI,0.79,13.68,12.33,1.68,0.84,0.6,13.88,14.25,,,,,25,https://www.valueresearchonline.com/funds/39975/,INF209K01322,100064,8,6,4,5,23,Low Risk,Average
Kotak MNC Reg,equity,equity,Regular,22.6,,,BSE 500 TRI,0.79,,,,,,,,,,,,25,https://www.valueresearchonline.com/funds/44577/,INF174KA1TJ3,152913,1,1,1,1,4,High Risk,Poor
Kotak Nifty MNC ETF,equity,equity,Regular,15.11,15.83,,BSE 500 TRI,0.79,13.68,,3.28,0.99,0.66,17.07,17.07,,,,,25,https://www.valueresearchonline.com/funds/42418/,INF174K01KH7,123693,10,6,2,4,22,Mod. High Risk,Average
Motilal Oswal Nifty MNC ETF,equity,equity,Regular,,,,BSE 500 TRI,,,,,,,,,,,,,25,https://www.valueresearchonline.com/funds/45678/,INF247L01247,124234,1,1,1,1,4,High Risk,Poor
Nippon India MNC Reg,equity,equity,Regular,,,,BSE 500 TRI,,,,,,,,,,,,,25,https://www.valueresearchonline.com/funds/45294/,INF204KC1345,149759,1,1,1,1,4,High Risk,Poor
SBI MNC Reg,equity,equity,Regular,7.62,7.74,8.86,BSE 500 TRI,0.79,13.68,12.33,-3.7,0.76,0.18,13.51,8.27,,,,,25,https://www.valueresearchonline.com/funds/201/,INF200K01271,103034,2,4,4,5,15,Low Risk,Average
UTI MNC Reg,equity,equity,Regular,2.16,10.46,9.6,BSE 500 TRI,0.79,13.68,12.33,-1.73,0.9,0.37,14.76,11.36,,,,,25,https://www.valueresearchonline.com/funds/544/,INF789F01844,100740,4,4,3,4,15,Moderate Risk,Average
Baroda BNP Paribas Energy Opportunities Reg,equity,equity,Regular,5.1,,,BSE Energy TRI,1.16,,,,,,,,,,,,25,https://www.valueresearchonline.com/funds/44848/,INF251K01UG4,153226,1,1,1,1,4,High Risk,Poor
DSP Natural Resources and New Energy Reg,equity,equity,Regular,19.59,21.2,15.51,BSE Energy TRI,1.16,17.08,13.83,9.81,0.63,1.1,15.83,23.21,,,,,24,https://www.valueresearchonline.com/funds/7128/,INF740K01060,108202,12,10,3,6,31,Moderate Risk,Good
ICICI Pru Energy Opportunities Reg,equity,equity,Regular,15.43,,,BSE Energy TRI,1.16,,,,,,,,,,,,25,https://www.valueresearchonline.com/funds/44416/,INF955L01IY6,152904,1,1,1,1,4,High Risk,Poor
Kotak Energy Opportunities Reg,equity,equity,Regular,5.27,,,BSE Energy TRI,1.16,,,,,,,,,,,,25,https://www.valueresearchonline.com/funds/45064/,INF174KA1WA6,153449,1,1,1,1,4,High Risk,Poor
Mirae Asset Nifty Energy ETF,equity,equity,Regular,,,,BSE Energy TRI,,,,,,,,,,,,,25,https://www.valueresearchonline.com/funds/45587/,INF769K01GK6,148529,1,1,1,1,4,High Risk,Poor
Motilal Oswal Nifty Energy ETF,equity,equity,Regular,,,,BSE Energy TRI,,,,,,,,,,,,,25,https://www.valueresearchonline.com/funds/45556/,INF247L01247,124234,1,1,1,1,4,High Risk,Poor
SBI Energy Opportunities Reg,equity,equity,Regular,5.85,,,BSE Energy TRI,1.16,,,,,,,,,,,,25,https://www.valueresearchonline.com/funds/44144/,INF200KB1092,152418,1,1,1,1,4,High Risk,Poor
Tata Resources & Energy Reg,equity,equity,Regular,7.48,16.8,13.03,BSE Energy TRI,1.16,17.08,13.83,4.74,0.7,0.75,17.46,18.97,,,,,25,https://www.valueresearchonline.com/funds/31362/,INF277K012B6,135815,12,8,2,6,28,Mod. High Risk,Good
ABSL ESG Integration Strategy Reg,equity,equity,Regular,-1.78,12.17,8.97,BSE 100 TRI,-1.3,11.63,11.2,0.56,0.99,0.42,14.96,12.15,,,,,25,https://www.valueresearchonline.com/funds/41219/,INF209KB1U43,148635,8,4,3,4,19,Moderate Risk,Average
Axis ESG Integration Strategy Reg,equity,equity,Regular,-2.75,9.86,7.17,BSE 100 TRI,-1.3,11.63,11.2,-0.93,0.9,0.32,13.54,10.16,,,,,25,https://www.valueresearchonline.com/funds/40534/,INF846K01W56,147929,4,4,4,4,16,Moderate Risk,Average
Baroda BNP Paribas ESG Best-in-class strategy Reg,equity,equity,Regular,,,,BSE 100 TRI,,,,,,,,,,,,,25,https://www.valueresearchonline.com/funds/45835/,INF251K01VM0,154194,1,1,1,1,4,High Risk,Poor
ICICI Pru ESG Exclusionary Strategy,equity,equity,Regular,-5.82,13.96,10.42,BSE 100 TRI,-1.3,11.63,11.2,2.58,0.97,0.55,14.79,14.05,,,,,25,https://www.valueresearchonline.com/funds/41125/,INF109KC1O09,148516,10,6,3,4,23,Moderate Risk,Average
Invesco India ESG Integration Strategy Reg,equity,equity,Regular,-7.75,9.87,8.18,BSE 100 TRI,-1.3,11.63,11.2,-1.91,1,0.25,15.38,9.73,,,,,25,https://www.valueresearchonline.com/funds/41337/,INF205KA1304,148753,4,4,3,4,15,Moderate Risk,Average
Kotak ESG Exclusionary Strategy Reg,equity,equity,Regular,-2.58,10.67,7.7,BSE 100 TRI,-1.3,11.63,11.2,-0.72,0.94,0.34,13.87,10.57,,,,,25,https://www.valueresearchonline.com/funds/41200/,INF174KA1FF0,148602,4,4,4,4,16,Moderate Risk,Average
Mirae Asset Nifty 100 ESG Sector Leaders ETF,equity,equity,Regular,-4,10.75,8.75,BSE 100 TRI,-1.3,11.63,11.2,-0.57,0.96,0.36,13.92,10.82,,,,,25,https://www.valueresearchonline.com/funds/41157/,INF769K01GQ3,148574,4,4,4,4,16,Moderate Risk,Average
Mirae Asset Nifty 100 ESG Sector Leaders FoF Reg,equity,equity,Regular,-4.41,10.23,8.2,BSE 100 TRI,-1.3,11.63,11.2,-1.04,0.95,0.32,13.92,10.35,,,,,1,https://www.valueresearchonline.com/funds/41158/,INF769K01GN0,148576,4,4,4,4,16,Moderate Risk,Average
Quant ESG Integration Strategy Reg,equity,equity,Regular,16.3,20.36,19.57,BSE 100 TRI,-1.3,11.63,11.2,7.73,1.2,0.7,20.92,20.52,,,,,12,https://www.valueresearchonline.com/funds/41163/,INF966L01AB8,148560,12,6,1,2,21,High Risk,Average
Quantum ESG Best In Class Strategy Reg,equity,equity,Regular,-6.06,9.11,7.81,BSE 100 TRI,-1.3,11.63,11.2,-2.29,1.02,0.24,15.26,9.45,,,,,25,https://www.valueresearchonline.com/funds/40009/,INF082J01390,147371,2,4,3,3,12,Mod. High Risk,Poor
SBI ESG Exclusionary Strategy Reg,equity,equity,Regular,-1.18,11.08,9.95,BSE 100 TRI,-1.3,11.63,11.2,-0.54,0.98,0.35,14.57,11.02,,,,,25,https://www.valueresearchonline.com/funds/190/,INF200K01214,104523,4,4,3,4,15,Moderate Risk,Average
WhiteOak Capital ESG Best-In-Class Strategy Reg,equity,equity,Regular,-6.54,,,BSE 100 TRI,-1.3,,,,,,,,,,,,25,https://www.valueresearchonline.com/funds/44644/,INF03VN01969,152963,1,1,1,1,4,High Risk,Poor
ABSL Nifty PSE ETF,equity,equity,Regular,2.66,,,BSE PSU TRI,10.01,,,,,,,,,,,,20,https://www.valueresearchonline.com/funds/44301/,INF209K01YN0,119550,1,1,1,1,4,High Risk,Poor
ABSL PSU Equity Reg,equity,equity,Regular,10.08,26.21,22.85,BSE PSU TRI,10.01,29.65,26.37,-1.84,0.96,0.88,23.6,26.56,,,,,25,https://www.valueresearchonline.com/funds/40478/,INF209KB1O66,147846,4,8,1,4,17,High Risk,Average
CPSE ETF,equity,equity,Regular,3.49,30.31,29.61,BSE PSU TRI,10.01,29.65,26.37,6.14,0.86,1.19,22.07,32.09,,,,,11,https://www.valueresearchonline.com/funds/25711/,INF209KB16F2,149780,12,10,1,4,27,High Risk,Good
Groww Nifty India Railways PSU ETF,equity,equity,Regular,-23.73,,,BSE PSU TRI,10.01,,,,,,,,,,,,17,https://www.valueresearchonline.com/funds/44875/,INF666M01JK4,153230,1,1,1,1,4,High Risk,Poor
Groww Nifty India Railways PSU Index Reg,equity,equity,Regular,-24.28,,,BSE PSU TRI,10.01,,,,,,,,,,,,17,https://www.valueresearchonline.com/funds/44876/,INF666M01JN8,153232,1,1,1,1,4,High Risk,Poor
Groww Nifty PSE ETF,equity,equity,Regular,,,,BSE PSU TRI,,,,,,,,,,,,,20,https://www.valueresearchonline.com/funds/45783/,INF666M01NR1,154164,1,1,1,1,4,High Risk,Poor
Groww Nifty PSE ETF FOF Reg,equity,equity,Regular,,,,BSE PSU TRI,,,,,,,,,,,,,1,https://www.valueresearchonline.com/funds/45784/,INF666M01NU5,154173,1,1,1,1,4,High Risk,Poor
ICICI Pru PSU Equity,equity,equity,Regular,6.64,24.58,,BSE PSU TRI,10.01,29.65,,-0.74,0.83,0.92,20.45,24.7,,,,,25,https://www.valueresearchonline.com/funds/42449/,INF209K01LV0,108273,4,8,1,5,18,High Risk,Average
Invesco India PSU Equity Reg,equity,equity,Regular,2.43,24.57,21.5,BSE PSU TRI,10.01,29.65,26.37,-2.09,0.96,0.85,24.2,26.39,,,,,24,https://www.valueresearchonline.com/funds/10694/,INF205K01338,112171,2,8,1,4,15,High Risk,Average
Kotak BSE PSU Index Reg,equity,equity,Regular,8.08,,,BSE PSU TRI,10.01,,,,,,,,,,,,25,https://www.valueresearchonline.com/funds/44428/,INF174KA1SI7,152752,1,1,1,1,4,High Risk,Poor
Motilal Oswal Nifty PSE ETF,equity,equity,Regular,2.29,,,BSE PSU TRI,10.01,,,,,,,,,,,,20,https://www.valueresearchonline.com/funds/45230/,INF247L01247,124234,1,1,1,1,4,High Risk,Poor
Quant PSU Reg,equity,equity,Regular,2.77,,,BSE PSU TRI,10.01,,,,,,,,,,,,11,https://www.valueresearchonline.com/funds/44140/,INF966L01DQ0,152413,1,1,1,1,4,High Risk,Poor
SBI PSU Reg,equity,equity,Regular,8.82,28.4,22.95,BSE PSU TRI,10.01,29.65,26.37,1.27,0.93,1,23.05,28.96,,,,,20,https://www.valueresearchonline.com/funds/11198/,INF200K01BC0,113099,8,10,1,4,23,High Risk,Average
ABSL Consumption Reg,equity,equity,Regular,-5.92,10.09,10.88,BSE 500 TRI,0.79,13.68,12.33,-3.07,0.96,0.29,15.66,10.48,,,,,25,https://www.valueresearchonline.com/funds/2787/,INF209KB14J9,150482,2,4,3,4,13,Moderate Risk,Average
Axis Consumption Reg,equity,equity,Regular,-3.82,,,BSE 500 TRI,0.79,,,,,,,,,,,,25,https://www.valueresearchonline.com/funds/44464/,INF846K010X6,152804,1,1,1,1,4,High Risk,Poor
Axis NIFTY India Consumption ETF,equity,equity,Regular,-1.06,13.12,,BSE 500 TRI,0.79,13.68,,-0.32,0.98,0.46,16.42,13.38,,,,,25,https://www.valueresearchonline.com/funds/41685/,INF204KA1U61,134552,4,4,2,4,14,Mod. High Risk,Average
Bajaj Finserv Consumption Reg,equity,equity,Regular,-6.34,,,BSE 500 TRI,0.79,,,,,,,,,,,,25,https://www.valueresearchonline.com/funds/44687/,INF0QA701979,153072,1,1,1,1,4,High Risk,Poor
Bank of India Consumption Reg,equity,equity,Regular,0,,,BSE 500 TRI,0.79,,,,,,,,,,,,25,https://www.valueresearchonline.com/funds/44806/,INF761K01GL1,153140,1,1,1,1,4,High Risk,Poor
Baroda BNP Paribas India Consumption Reg,equity,equity,Regular,-4.89,10.21,10.98,BSE 500 TRI,0.79,13.68,12.33,-2.33,0.92,0.32,15.61,10.91,,,,,25,https://www.valueresearchonline.com/funds/37337/,INF251K01PQ3,150268,2,4,3,4,13,Moderate Risk,Average
Canara Robeco Consumer Trends Reg,equity,equity,Regular,-5.37,11.14,11.99,BSE 500 TRI,0.79,13.68,12.33,-2.19,1,0.36,16.07,11.64,,,,,25,https://www.valueresearchonline.com/funds/10590/,INF760K01241,112152,2,4,2,4,12,Mod. High Risk,Poor
Edelweiss Consumption Reg,equity,equity,Regular,-2.15,,,BSE 500 TRI,0.79,,,,,,,,,,,,25,https://www.valueresearchonline.com/funds/44880/,INF754K01UC6,153255,1,1,1,1,4,High Risk,Poor
Groww Nifty Non-Cyclical Consumer Index Reg,equity,equity,Regular,-6.83,,,BSE 500 TRI,0.79,,,,,,,,,,,,25,https://www.valueresearchonline.com/funds/44323/,INF666M01IB5,152633,1,1,1,1,4,High Risk,Poor
HDFC Consumption Reg,equity,equity,Regular,-4.53,,,BSE 500 TRI,0.79,,,,,,,,,,,,25,https://www.valueresearchonline.com/funds/43557/,INF955L01IY6,152904,1,1,1,1,4,High Risk,Poor
HDFC Nifty India Consumption Index Reg,equity,equity,Regular,,,,BSE 500 TRI,,,,,,,,,,,,,25,https://www.valueresearchonline.com/funds/45799/,INF179KC1JZ3,154180,1,1,1,1,4,High Risk,Poor
HSBC Consumption Reg,equity,equity,Regular,-0.89,,,BSE 500 TRI,0.79,,,,,,,,,,,,25,https://www.valueresearchonline.com/funds/43708/,INF336L01RC6,152027,1,1,1,1,4,High Risk,Poor
ICICI Pru Bharat Consumption,equity,equity,Regular,-2.04,12.56,13.8,BSE 500 TRI,0.79,13.68,12.33,-0.71,0.94,0.44,15.47,12.64,,,,,25,https://www.valueresearchonline.com/funds/39670/,INF903J01561,102142,4,4,3,4,15,Moderate Risk,Average
ICICI Pru Nifty India Consumption ETF,equity,equity,Regular,-0.89,13.33,,BSE 500 TRI,0.79,13.68,,-0.13,0.98,0.47,16.44,13.57,,,,,25,https://www.valueresearchonline.com/funds/41802/,INF090I01VZ8,148304,4,4,2,4,14,Mod. High Risk,Average
ITI Bharat Consumption Reg,equity,equity,Regular,-0.06,,,BSE 500 TRI,0.79,,,,,,,,,,,,25,https://www.valueresearchonline.com/funds/44920/,INF00XX01DD8,153263,1,1,1,1,4,High Risk,Poor
Invesco India Consumption Reg,equity,equity,Regular,,,,BSE 500 TRI,,,,,,,,,,,,,25,https://www.valueresearchonline.com/funds/45527/,INF205KA1BF2,153902,1,1,1,1,4,High Risk,Poor
Kotak Consumption Reg,equity,equity,Regular,2.5,,,BSE 500 TRI,0.79,,,,,,,,,,,,25,https://www.valueresearchonline.com/funds/43858/,INF174KA1PM5,152170,1,1,1,1,4,High Risk,Poor
Kotak NIFTY India Consumption ETF,equity,equity,Regular,-0.81,13.44,,BSE 500 TRI,0.79,13.68,,-0.04,0.98,0.47,16.44,13.66,,,,,25,https://www.valueresearchonline.com/funds/42398/,INF204KA1U61,134552,4,4,2,4,14,Mod. High Risk,Average
LIC MF Consumption Reg,equity,equity,Regular,,,,BSE 500 TRI,,,,,,,,,,,,,25,https://www.valueresearchonline.com/funds/45566/,INF767K01SA6,153950,1,1,1,1,4,High Risk,Poor
Mahindra Manulife Consumption Reg,equity,equity,Regular,-4.19,9.86,10.4,BSE 500 TRI,0.79,13.68,12.33,-2.89,0.94,0.3,15.73,10.52,,,,,25,https://www.valueresearchonline.com/funds/37845/,INF174V01630,145355,2,4,3,4,13,Moderate Risk,Average
Mirae Asset Great Consumer Reg,equity,equity,Regular,-2.23,11.11,12.98,BSE 500 TRI,0.79,13.68,12.33,-2,1.01,0.36,17.07,11.97,,,,,25,https://www.valueresearchonline.com/funds/12342/,INF769K01135,114931,4,4,2,3,13,Mod. High Risk,Average
Mirae Asset Nifty India New Age Consumption ETF,equity,equity,Regular,-3.11,,,BSE 500 TRI,0.79,,,,,,,,,,,,25,https://www.valueresearchonline.com/funds/44832/,INF769K01NP1,153192,1,1,1,1,4,High Risk,Poor
Mirae Asset Nifty India New Age Consumption ETF FoF Reg,equity,equity,Regular,-3.93,,,BSE 500 TRI,0.79,,,,,,,,,,,,1,https://www.valueresearchonline.com/funds/44833/,INF769K01NM8,153194,1,1,1,1,4,High Risk,Poor
Motilal Oswal Consumption Reg,equity,equity,Regular,,,,BSE 500 TRI,,,,,,,,,,,,,25,https://www.valueresearchonline.com/funds/45541/,INF247L01GD6,153916,1,1,1,1,4,High Risk,Poor
Motilal Oswal Nifty MidSmall India Consumption Index Reg,equity,equity,Regular,-8.9,,,BSE 500 TRI,0.79,,,,,,,,,,,,25,https://www.valueresearchonline.com/funds/44679/,INF247L01DV5,153024,1,1,1,1,4,High Risk,Poor
Nippon India Consumption Reg,equity,equity,Regular,-6.35,11.04,13.35,BSE 500 TRI,0.79,13.68,12.33,-2.32,0.97,0.33,16.32,11.26,,,,,25,https://www.valueresearchonline.com/funds/2474/,INF955L01IY6,152904,2,4,2,4,12,Mod. High Risk,Poor
Nippon India ETF Nifty India Consumption,equity,equity,Regular,-1,13.2,13.45,BSE 500 TRI,0.79,13.68,12.33,-0.25,0.98,0.46,16.43,13.45,,,,,25,https://www.valueresearchonline.com/funds/25700/,INF090I01VZ8,148304,4,4,2,4,14,Mod. High Risk,Average
Quant Consumption Reg,equity,equity,Regular,-1.72,,,BSE 500 TRI,0.79,,,,,,,,,,,,12,https://www.valueresearchonline.com/funds/44051/,INF966L01DI7,152338,1,1,1,1,4,High Risk,Poor
SBI Consumption Opportunities Reg,equity,equity,Regular,-8.28,8.11,12.88,BSE 500 TRI,0.79,13.68,12.33,-4.56,0.99,0.2,16.73,9.24,,,,,25,https://www.valueresearchonline.com/funds/630/,INF200K01VR6,120576,2,4,2,4,12,Mod. High Risk,Poor
SBI Nifty Consumption ETF,equity,equity,Regular,-0.95,13.26,,BSE 500 TRI,0.79,13.68,,-0.21,0.98,0.46,16.44,13.5,,,,,25,https://www.valueresearchonline.com/funds/41572/,INF200K01SK7,120137,4,4,2,4,14,Mod. High Risk,Average
SBI Nifty India Consmpn Index Reg,equity,equity,Regular,-1.6,,,BSE 500 TRI,0.79,,,,,,,,,,,,25,https://www.valueresearchonline.com/funds/44670/,INF200KB1415,153012,1,1,1,1,4,High Risk,Poor
Sundaram Consumption Reg,equity,equity,Regular,-7.95,10.51,10.96,BSE 500 TRI,0.79,13.68,12.33,-2.13,0.95,0.33,16.51,11.32,,,,,25,https://www.valueresearchonline.com/funds/3268/,INF903J016H9,134356,2,4,2,4,12,Mod. High Risk,Poor
Tata BSE Multicap Consmpn 50:30:20 Index Reg,equity,equity,Regular,,,,BSE 500 TRI,,,,,,,,,,,,,25,https://www.valueresearchonline.com/funds/45703/,INF277KA1EM5,154064,1,1,1,1,4,High Risk,Poor
Tata India Consumer Reg,equity,equity,Regular,3.07,14.6,14,BSE 500 TRI,0.79,13.68,12.33,1.26,0.97,0.53,16.88,14.89,,,,,25,https://www.valueresearchonline.com/funds/31358/,INF277K010A2,135804,8,6,2,4,20,Mod. High Risk,Average
UTI India Consumer Reg,equity,equity,Regular,-2.78,10.67,10.04,BSE 500 TRI,0.79,13.68,12.33,-2.65,0.98,0.31,16.48,11.04,,,,,25,https://www.valueresearchonline.com/funds/5437/,INF789F01CE6,106425,2,4,2,4,12,Mod. High Risk,Poor
Union Consumption Reg,equity,equity,Regular,,,,BSE 500 TRI,,,,,,,,,,,,,25,https://www.valueresearchonline.com/funds/45667/,INF582M01MD2,154022,1,1,1,1,4,High Risk,Poor
WhiteOak Capital Consumption Opportunities Reg,equity,equity,Regular,,,,BSE 500 TRI,,,,,,,,,,,,,25,https://www.valueresearchonline.com/funds/45779/,INF03VN01AE1,154162,1,1,1,1,4,High Risk,Poor
360 ONE Silver ETF,equity,equity,Regular,103.8,,,Domestic Prices of Silver,111.09,,,,,,,,,,,,1,https://www.valueresearchonline.com/funds/45054/,INF579M01266,122715,1,1,1,1,4,High Risk,Poor
ABSL Silver ETF,equity,equity,Regular,104.63,45.35,,Domestic Prices of Silver,111.09,48.54,,-1.37,0.99,1.06,41.97,50.33,,,,,1,https://www.valueresearchonline.com/funds/42016/,INF209KB16F2,149780,4,10,1,4,19,High Risk,Average
ABSL Silver ETF FoF Reg,equity,equity,Regular,100.6,43.83,,Domestic Prices of Silver,111.09,48.54,,3.01,0.84,1.16,36.27,47.88,,,,,1,https://www.valueresearchonline.com/funds/42017/,INF209KB13F9,149783,10,10,1,5,26,High Risk,Average
Angel One Silver ETF,equity,equity,Regular,,,,Domestic Prices of Silver,,,,,,,,,,,,,1,https://www.valueresearchonline.com/funds/45828/,INF1J2R01155,154206,1,1,1,1,4,High Risk,Poor
Angel One Silver ETF FoF Reg,equity,equity,Regular,,,,Domestic Prices of Silver,,,,,,,,,,,,,1,https://www.valueresearchonline.com/funds/45826/,INF1J2R01163,154207,1,1,1,1,4,High Risk,Poor
Axis Silver ETF,equity,equity,Regular,104.25,45.73,,Domestic Prices of Silver,111.09,48.54,,-0.7,0.98,1.07,41.81,50.72,,,,,1,https://www.valueresearchonline.com/funds/42522/,INF846K01CR6,120438,4,10,1,4,19,High Risk,Average
Axis Silver FoF Reg,equity,equity,Regular,100.71,44.01,,Domestic Prices of Silver,111.09,48.54,,3.53,0.83,1.17,35.88,47.97,,,,,1,https://www.valueresearchonline.com/funds/42523/,INF846K018J8,150617,10,10,1,5,26,High Risk,Average
Bandhan Silver ETF,equity,equity,Regular,,,,Domestic Prices of Silver,,,,,,,,,,,,,1,https://www.valueresearchonline.com/funds/45671/,INF194KB1KN9,154136,1,1,1,1,4,High Risk,Poor
Bandhan Silver ETF FoF Reg,equity,equity,Regular,,,,Domestic Prices of Silver,,,,,,,,,,,,,1,https://www.valueresearchonline.com/funds/45733/,INF194KB1KM1,154135,1,1,1,1,4,High Risk,Poor
DSP Silver ETF,equity,equity,Regular,104.51,45.51,,Domestic Prices of Silver,111.09,48.54,,-0.86,0.99,1.07,41.94,50.81,,,,,1,https://www.valueresearchonline.com/funds/42419/,INF740KA1VZ0,153487,4,10,1,4,19,High Risk,Average
DSP Silver ETF FoF Reg,equity,equity,Regular,102.26,,,Domestic Prices of Silver,111.09,,,,,,,,,,,,1,https://www.valueresearchonline.com/funds/45135/,INF740KA1VW7,153486,1,1,1,1,4,High Risk,Poor
Edelweiss Silver ETF,equity,equity,Regular,104.03,,,Domestic Prices of Silver,111.09,,,,,,,,,,,,1,https://www.valueresearchonline.com/funds/43921/,INF754K01VZ5,154072,1,1,1,1,4,High Risk,Poor
Edelweiss Silver ETF FoF Reg,equity,equity,Regular,,,,Domestic Prices of Silver,,,,,,,,,,,,,1,https://www.valueresearchonline.com/funds/45701/,INF754K01WD0,154075,1,1,1,1,4,High Risk,Poor
Groww Silver ETF,equity,equity,Regular,103.04,,,Domestic Prices of Silver,111.09,,,,,,,,,,,,1,https://www.valueresearchonline.com/funds/45150/,INF666M01KQ9,153525,1,1,1,1,4,High Risk,Poor
Groww Silver ETF FoF Reg,equity,equity,Regular,96.04,,,Domestic Prices of Silver,111.09,,,,,,,,,,,,1,https://www.valueresearchonline.com/funds/45151/,INF666M01KX5,153527,1,1,1,1,4,High Risk,Poor
HDFC Silver ETF,equity,equity,Regular,103.79,45.42,,Domestic Prices of Silver,111.09,48.54,,-0.7,0.99,1.07,42.53,51.36,,,,,1,https://www.valueresearchonline.com/funds/42489/,INF179KC1DU7,150737,4,10,1,4,19,High Risk,Average
HDFC Silver ETF FoF Reg,equity,equity,Regular,100.03,43.93,,Domestic Prices of Silver,111.09,48.54,,1.36,0.89,1.12,38.11,48.68,,,,,1,https://www.valueresearchonline.com/funds/42665/,INF955L01IY6,152904,8,10,1,4,23,High Risk,Average
ICICI Pru Silver ETF,equity,equity,Regular,104.77,45.7,,Domestic Prices of Silver,111.09,48.54,,-0.53,0.98,1.08,41.65,50.78,,,,,1,https://www.valueresearchonline.com/funds/41982/,INF109KC1Y98,149775,4,10,1,4,19,High Risk,Average
ICICI Pru Silver ETF FoF,equity,equity,Regular,100.34,43.98,,Domestic Prices of Silver,111.09,48.54,,4.03,0.81,1.18,35.39,47.74,,,,,1,https://www.valueresearchonline.com/funds/42021/,INF084M01077,132174,12,10,1,5,28,High Risk,Good
Kotak Silver ETF,equity,equity,Regular,104.43,45.53,,Domestic Prices of Silver,111.09,48.54,,-0.6,0.98,1.08,41.58,50.65,,,,,1,https://www.valueresearchonline.com/funds/42858/,INF174KA1MQ3,151603,4,10,1,4,19,High Risk,Average
Kotak Silver ETF FoF Reg,equity,equity,Regular,102.36,44.11,,Domestic Prices of Silver,111.09,48.54,,3.92,0.82,1.18,35.46,47.69,,,,,1,https://www.valueresearchonline.com/funds/43294/,INF174KA1MR1,151602,10,10,1,5,26,High Risk,Average
Mirae Asset Silver ETF,equity,equity,Regular,104.22,45.46,,Domestic Prices of Silver,111.09,48.54,,,,,,,,,,,1,https://www.valueresearchonline.com/funds/43544/,INF769K01FY9,148419,1,1,1,1,4,High Risk,Poor
Mirae Asset Silver ETF FoF Reg,equity,equity,Regular,,,,Domestic Prices of Silver,,,,,,,,,,,,,1,https://www.valueresearchonline.com/funds/45900/,INF955L01IY6,152904,1,1,1,1,4,High Risk,Poor
Motilal Oswal Silver ETF,equity,equity,Regular,,,,Domestic Prices of Silver,,,,,,,,,,,,,1,https://www.valueresearchonline.com/funds/45453/,INF247L01247,124234,1,1,1,1,4,High Risk,Poor
Nippon India Silver ETF,equity,equity,Regular,104.04,45.31,,Domestic Prices of Silver,111.09,48.54,,-0.72,0.98,1.07,41.5,50.43,,,,,1,https://www.valueresearchonline.com/funds/41984/,INF204KC1378,149760,4,10,1,4,19,High Risk,Average
Nippon India Silver ETF FoF Reg,equity,equity,Regular,99.96,43.85,,Domestic Prices of Silver,111.09,48.54,,-1.73,0.98,1.05,41.67,49.56,,,,,1,https://www.valueresearchonline.com/funds/41985/,INF204KC1345,149759,4,10,1,4,19,High Risk,Average
SBI Silver ETF,equity,equity,Regular,104.25,,,Domestic Prices of Silver,111.09,,,,,,,,,,,,1,https://www.valueresearchonline.com/funds/44407/,INF200KB1233,152735,1,1,1,1,4,High Risk,Poor
SBI Silver ETF FoF Reg,equity,equity,Regular,102.83,,,Domestic Prices of Silver,111.09,,,,,,,,,,,,1,https://www.valueresearchonline.com/funds/44420/,INF200KB1266,152733,1,1,1,1,4,High Risk,Poor
Tata Silver ETF,equity,equity,Regular,105.31,,,Domestic Prices of Silver,111.09,,,,,,,,,,,,1,https://www.valueresearchonline.com/funds/44020/,INF277KA1943,152293,1,1,1,1,4,High Risk,Poor
Tata Silver ETF FoF Reg,equity,equity,Regular,96.49,,,Domestic Prices of Silver,111.09,,,,,,,,,,,,1,https://www.valueresearchonline.com/funds/44024/,INF277KA1893,152297,1,1,1,1,4,High Risk,Poor
UTI Silver ETF,equity,equity,Regular,102.74,44.67,,Domestic Prices of Silver,111.09,48.54,,-0.94,0.97,1.07,41.32,49.99,,,,,1,https://www.valueresearchonline.com/funds/43485/,INF789F1AYL4,151731,4,10,1,4,19,High Risk,Average
UTI Silver ETF FoF Reg,equity,equity,Regular,100.32,44.7,,Domestic Prices of Silver,111.09,48.54,,3.63,0.83,1.17,35.87,47.94,,,,,1,https://www.valueresearchonline.com/funds/43486/,INF789F1AYM2,151732,10,10,1,5,26,High Risk,Average
Zerodha Silver ETF,equity,equity,Regular,103.86,,,Domestic Prices of Silver,111.09,,,,,,,,,,,,1,https://www.valueresearchonline.com/funds/45052/,INF0R8F01109,153656,1,1,1,1,4,High Risk,Poor
ABSL Value Reg,equity,equity,Regular,5.62,18.28,14.82,BSE 500 TRI,0.79,13.68,12.33,4.03,1.11,0.71,18.2,18.79,,,,,25,https://www.valueresearchonline.com/funds/6778/,INF209K01MG9,122644,12,6,1,3,22,High Risk,Average
Axis Nifty500 Value 50 ETF,equity,equity,Regular,16.89,,,BSE 500 TRI,0.79,,,,,,,,,,,,25,https://www.valueresearchonline.com/funds/45050/,INF846K013Y8,152949,1,1,1,1,4,High Risk,Poor
Axis Nifty500 Value 50 Index Reg,equity,equity,Regular,15.75,,,BSE 500 TRI,0.79,,,,,,,,,,,,25,https://www.valueresearchonline.com/funds/44612/,INF846K012Y0,152950,1,1,1,1,4,High Risk,Poor
Axis Value Reg,equity,equity,Regular,4.85,19.06,,BSE 500 TRI,0.79,13.68,,5.34,0.97,0.85,15.34,18.96,,,,,25,https://www.valueresearchonline.com/funds/41694/,INF846K013C4,149167,12,8,3,4,27,Moderate Risk,Good
Bandhan Nifty 500 Value 50 Index Reg,equity,equity,Regular,15.57,,,BSE 500 TRI,0.79,,,,,,,,,,,,25,https://www.valueresearchonline.com/funds/44627/,INF194KB1IV6,152991,1,1,1,1,4,High Risk,Poor
Bandhan Value Reg,equity,equity,Regular,-0.54,13.17,14.3,BSE 500 TRI,0.79,13.68,12.33,-0.04,0.92,0.51,14.44,13.18,,,,,25,https://www.valueresearchonline.com/funds/6693/,INF194K01342,108909,4,6,3,4,17,Moderate Risk,Average
Baroda BNP Paribas Value Reg,equity,equity,Regular,-1.54,10.95,,BSE 500 TRI,0.79,13.68,,,,,,,,,,,25,https://www.valueresearchonline.com/funds/43506/,INF251K01SA1,151747,1,1,1,1,4,High Risk,Poor
Canara Robeco Value Reg,equity,equity,Regular,-2.67,12.77,,BSE 500 TRI,0.79,13.68,,-0.45,0.97,0.48,15.19,13.21,,,,,25,https://www.valueresearchonline.com/funds/41623/,INF760K01JZ7,149088,4,4,3,4,15,Moderate Risk,Average
DSP Value Fund Reg*,equity,equity,Regular,10.6,18.27,13.71,BSE 500 TRI*,0.79,13.68,12.33,6.9,0.65,1.08,11.19,17.96,,,,,25,https://www.valueresearchonline.com/funds/41192/,INF740KA1PM0,148594,12,10,5,6,33,Low Risk,Good
Groww Value Reg,equity,equity,Regular,-0.03,15.27,11.79,BSE 500 TRI,0.79,13.68,12.33,1.3,0.95,0.59,15.08,14.79,,,,,25,https://www.valueresearchonline.com/funds/30919/,INF767K01535,105823,8,6,3,4,21,Moderate Risk,Average
HDFC NIFTY50 Value 20 ETF,equity,equity,Regular,-5.72,9.4,,BSE 500 TRI,0.79,13.68,,-2.54,0.84,0.3,14.17,10.05,,,,,20,https://www.valueresearchonline.com/funds/42535/,INF179KB15Q6,145034,2,4,3,5,14,Moderate Risk,Average
HDFC Value Reg,equity,equity,Regular,3.26,17.6,14.79,BSE 500 TRI,0.79,13.68,12.33,2.97,1,0.7,15.57,16.84,,,,,25,https://www.valueresearchonline.com/funds/218/,INF767K01535,105823,10,6,3,4,23,Moderate Risk,Average
HSBC Value Reg,equity,equity,Regular,2.4,20.22,17.5,BSE 500 TRI,0.79,13.68,12.33,5.81,1.03,0.85,16.58,19.92,,,,,25,https://www.valueresearchonline.com/funds/10789/,INF677K01023,151110,12,8,2,3,25,Mod. High Risk,Average
ICICI Pru Nifty200 Value 30 ETF,equity,equity,Regular,18.79,,,BSE 500 TRI,0.79,,,,,,,,,,,,25,https://www.valueresearchonline.com/funds/44607/,INF109KC13X2,152936,1,1,1,1,4,High Risk,Poor
ICICI Pru Nifty200 Value 30 Index Reg,equity,equity,Regular,18.18,,,BSE 500 TRI,0.79,,,,,,,,,,,,25,https://www.valueresearchonline.com/funds/44603/,INF767K01535,105823,1,1,1,1,4,High Risk,Poor
ICICI Pru Nifty50 Value 20 ETF,equity,equity,Regular,-5.76,9.3,10.02,BSE 500 TRI,0.79,13.68,12.33,-2.63,0.84,0.29,14.16,9.96,,,,,20,https://www.valueresearchonline.com/funds/32540/,INF109KC16T3,152365,2,4,3,5,14,Moderate Risk,Average
ICICI Pru Nifty50 Value 20 Index,equity,equity,Regular,-6.19,,,BSE 500 TRI,0.79,,,,,,,,,,,,20,https://www.valueresearchonline.com/funds/44068/,INF846K013C4,149167,1,1,1,1,4,High Risk,Poor
ICICI Pru Value,equity,equity,Regular,-1.51,16.25,16.47,BSE 500 TRI,0.79,13.68,12.33,3.77,0.81,0.78,13.14,16.08,,,,,25,https://www.valueresearchonline.com/funds/2310/,INF251K01SA1,151747,10,8,4,5,27,Low Risk,Good
ITI Value Reg,equity,equity,Regular,2.67,15.1,11.22,BSE 500 TRI,0.79,13.68,12.33,0.94,1.14,0.55,18.22,15.95,,,,,25,https://www.valueresearchonline.com/funds/41507/,INF00XX01AN3,148973,8,6,1,3,18,High Risk,Average
Invesco India Contra Reg,equity,equity,Regular,-2.06,16.77,13.66,BSE 500 TRI,0.79,13.68,12.33,2.23,1.01,0.64,16.01,16.19,,,,,25,https://www.valueresearchonline.com/funds/4278/,INF205K01189,105460,10,6,2,3,21,Mod. High Risk,Average
JM Value Reg,equity,equity,Regular,-4.28,16.2,15.47,BSE 500 TRI,0.79,13.68,12.33,1.53,1.16,0.55,19.56,16.7,,,,,25,https://www.valueresearchonline.com/funds/403/,INF137A01037,100254,8,6,1,2,17,High Risk,Average
Kotak Contra Reg,equity,equity,Regular,1.43,17.35,14.86,BSE 500 TRI,0.79,13.68,12.33,3.2,1.01,0.71,15.81,17.12,,,,,25,https://www.valueresearchonline.com/funds/2780/,INF174K01245,103040,10,6,3,3,22,Mod. High Risk,Average
Kotak Nifty 50 Value 20 ETF,equity,equity,Regular,-5.53,9.5,10.16,BSE 500 TRI,0.79,13.68,12.33,-2.44,0.84,0.3,14.18,10.15,,,,,20,https://www.valueresearchonline.com/funds/31271/,INF174K01KM7,119757,2,4,3,5,14,Moderate Risk,Average
Kotak Nifty200 Value 30 Index Reg,equity,equity,Regular,,,,BSE 500 TRI,,,,,,,,,,,,,25,https://www.valueresearchonline.com/funds/45761/,INF174KA1YS4,154148,1,1,1,1,4,High Risk,Poor
LIC MF Value Reg,equity,equity,Regular,15.67,18.1,13.96,BSE 500 TRI,0.79,13.68,12.33,2.57,1.09,0.61,18.56,17.12,,,,,25,https://www.valueresearchonline.com/funds/37210/,INF397L01KQ3,152016,10,6,1,3,20,High Risk,Average
Mahindra Manulife Value Reg,equity,equity,Regular,8.95,,,BSE 500 TRI,0.79,,,,,,,,,,,,25,https://www.valueresearchonline.com/funds/44932/,INF174V01CF5,153304,1,1,1,1,4,High Risk,Poor
Mirae Asset Nifty 500 Value 50 ETF,equity,equity,Regular,,,,BSE 500 TRI,,,,,,,,,,,,,25,https://www.valueresearchonline.com/funds/45914/,INF769K01GX9,148623,1,1,1,1,4,High Risk,Poor
Motilal Oswal BSE Enhanced Value ETF,equity,equity,Regular,12.35,29.88,,BSE 500 TRI,0.79,13.68,,14.3,1.27,1.09,22.41,30.34,,,,,25,https://www.valueresearchonline.com/funds/42441/,INF846K010C0,149166,12,10,1,2,25,High Risk,Average
Motilal Oswal BSE Enhanced Value Index Reg,equity,equity,Regular,11.35,28.47,,BSE 500 TRI,0.79,13.68,,13.19,1.27,1.05,22.32,29.2,,,,,25,https://www.valueresearchonline.com/funds/42442/,INF955L01IY6,152904,12,10,1,2,25,High Risk,Average
Nippon India ETF Nifty 50 Value 20,equity,equity,Regular,-5.75,9.27,9.92,BSE 500 TRI,0.79,13.68,12.33,-2.65,0.84,0.29,14.15,9.93,,,,,20,https://www.valueresearchonline.com/funds/30446/,INF204KB12Z0,148721,2,4,3,5,14,Moderate Risk,Average
Nippon India Nifty 50 Value 20 Index Reg,equity,equity,Regular,-6.35,8.66,9.29,BSE 500 TRI,0.79,13.68,12.33,-3.21,0.84,0.25,14.15,9.37,,,,,20,https://www.valueresearchonline.com/funds/41289/,INF204KB19Y8,148719,2,4,3,5,14,Moderate Risk,Average
Nippon India Value Reg,equity,equity,Regular,-0.66,18.2,15.64,BSE 500 TRI,0.79,13.68,12.33,4.23,1.03,0.77,16.2,18.3,,,,,25,https://www.valueresearchonline.com/funds/2790/,INF955L01IY6,152904,12,8,2,3,25,Mod. High Risk,Average
Quant Value Reg,equity,equity,Regular,18.57,24.55,,BSE 500 TRI,0.79,13.68,,9.04,1.23,0.87,21.62,24.73,,,,,23,https://www.valueresearchonline.com/funds/41846/,INF966L01AQ6,149337,12,8,1,2,23,High Risk,Average
Quantum Value Reg,equity,equity,Regular,-6.22,12.4,10.36,BSE 500 TRI,0.79,13.68,12.33,0.27,0.86,0.52,13.69,13,,,,,25,https://www.valueresearchonline.com/funds/33968/,INF082J01242,141068,8,6,4,4,22,Moderate Risk,Average
SBI Contra Reg,equity,equity,Regular,-2.86,14.28,16.7,BSE 500 TRI,0.79,13.68,12.33,2,0.91,0.64,14.48,15.18,,,,,25,https://www.valueresearchonline.com/funds/633/,INF200K01362,102414,10,6,3,4,23,Moderate Risk,Average
Sundaram Value Reg,equity,equity,Regular,-3.4,9.66,10.05,BSE 500 TRI,0.79,13.68,12.33,-3.37,0.92,0.27,14.55,9.86,,,,,25,https://www.valueresearchonline.com/funds/687/,INF903J01538,101853,2,4,3,4,13,Moderate Risk,Average
Tata Value Reg,equity,equity,Regular,-1.32,14.81,14.26,BSE 500 TRI,0.79,13.68,12.33,1.67,0.99,0.61,15.72,15.44,,,,,25,https://www.valueresearchonline.com/funds/2267/,INF277K01451,101672,8,6,3,4,21,Moderate Risk,Average
Templeton India Value Reg,equity,equity,Regular,-2.19,13.36,14.51,BSE 500 TRI,0.79,13.68,12.33,0.31,0.93,0.52,14.79,13.6,,,,,25,https://www.valueresearchonline.com/funds/221/,INF955L01IY6,152904,8,6,3,4,21,Moderate Risk,Average
UTI Nifty 500 Value 50 Index Reg,equity,equity,Regular,15.77,28.89,,BSE 500 TRI,0.79,13.68,,14.43,1.17,1.15,20.72,29.62,,,,,25,https://www.valueresearchonline.com/funds/43494/,INF789F1AYO8,151738,12,10,1,2,25,High Risk,Average
UTI Value Reg,equity,equity,Regular,-2.41,15.25,12.51,BSE 500 TRI,0.79,13.68,12.33,1.45,0.95,0.6,14.96,14.91,,,,,25,https://www.valueresearchonline.com/funds/2820/,INF789F01AG5,103098,8,6,3,4,21,Moderate Risk,Average
Union Value Reg,equity,equity,Regular,2.97,15.77,14.02,BSE 500 TRI,0.79,13.68,12.33,2.21,0.93,0.65,14.77,15.48,,,,,25,https://www.valueresearchonline.com/funds/38205/,INF582M01EO6,145471,10,6,3,4,23,Moderate Risk,Average
