Fund Name,Category,Subcategory,ISIN,Scheme Code,Plan,1Y Return (%),3Y Return (%),5Y Return (%),Benchmark Name,Benchmark 1Y (%),Benchmark 3Y (%),Benchmark 5Y (%),Alpha,Beta,Sharpe Ratio,Std Dev,Mean Return (%),YTM (%),Modified Duration (yrs),Avg Credit Rating,Avg Maturity (yrs),Top Holdings Count,Fund URL,YTM Score (3),Duration Score (3),Avg Maturity Score (3),Credit Rating Score (3),Debt Quality Total (12),Std Dev Score (3),Sharpe Score (3),Sortino Score (3),Mean Return Score (3),Risk Return Total (12),Diversification Score (10),Valuation Score (4),Breadth Score (2),Total Score (40),Risk Label
ABSL Aggressive Hybrid Omni FoF Dir*,hybrid,Hybrid,INF084M01ET2,132185,Direct,2.3,12.42,10.99,Hybrid: Aggressive Hybrid,1.26,12.93,11.98,,,0.64,10,12.17,,,AAA,,10,https://www.valueresearchonline.com/funds/16932/,N/A,N/A,N/A,3,3,1,1,N/A,2,4,N/A,N/A,N/A,7,Moderate Risk
ABSL Equity Hybrid '95 Dir,hybrid,Hybrid,INF209K01ZC0,120517,Direct,-1.02,11.22,9.88,Hybrid: Aggressive Hybrid,1.26,12.93,11.98,,,0.48,11.23,11.2,8.07,4.23,AAA,6.58,50,https://www.valueresearchonline.com/funds/15692/,3,1,1,3,8,1,1,N/A,1,3,N/A,N/A,N/A,11,Moderate Risk
ABSL Retirement 40s Dir,hybrid,Hybrid,INF084M01EJ3,132182,Direct,1.47,12.81,10.2,Hybrid: Aggressive Hybrid,1.26,12.93,11.98,,,0.6,11.5,12.71,6.46,3.91,GOI/Cash,7.66,30,https://www.valueresearchonline.com/funds/39185/,1,1,1,3,6,1,1,N/A,2,4,N/A,N/A,N/A,10,Moderately High Risk
Axis Aggressive Hybrid Dir,hybrid,Hybrid,INF846K01E25,144394,Direct,0.04,10.19,9.15,Hybrid: Aggressive Hybrid,1.26,12.93,11.98,,,0.4,11.13,10.26,8.13,2.34,AA,3.03,50,https://www.valueresearchonline.com/funds/37134/,3,2,2,2,9,1,1,N/A,1,3,N/A,N/A,N/A,12,Moderate Risk
Axis Children's Dir,hybrid,Hybrid,INF846K01EY8,120521,Direct,-0.32,9.38,8.47,Hybrid: Aggressive Hybrid,1.26,12.93,11.98,,,0.34,10.89,9.5,7.5,4.27,AAA,5.35,44,https://www.valueresearchonline.com/funds/31507/,2,1,1,3,7,1,1,N/A,1,3,N/A,N/A,N/A,10,Moderately High Risk
Axis Retirement-Aggressive Plan Dir,hybrid,Hybrid,INF846K01G52,140646,Direct,-2,12.07,8.79,Hybrid: Aggressive Hybrid,1.26,12.93,11.98,,,0.52,12.15,12.09,7.11,6.55,AAA,11.9,33,https://www.valueresearchonline.com/funds/40429/,2,1,1,3,7,1,1,N/A,2,4,N/A,N/A,N/A,11,Moderate Risk
Bandhan Aggressive Hybrid Dir,hybrid,Hybrid,INF194KA1U56,140382,Direct,7.47,15.49,13.32,Hybrid: Aggressive Hybrid,1.26,12.93,11.98,,,0.74,12.56,15.1,7.5,2.48,AAA,3.7,42,https://www.valueresearchonline.com/funds/33270/,2,2,2,3,9,1,1,N/A,2,4,N/A,N/A,N/A,13,Moderate Risk
Bandhan Aggressive Hybrid Passive FoF Dir,hybrid,Hybrid,INF194K01Z51,118480,Direct,7.78,13.85,11.79,Hybrid: Aggressive Hybrid,1.26,12.93,11.98,,,0.66,11.9,13.68,,,GOI/Cash,,3,https://www.valueresearchonline.com/funds/16468/,N/A,N/A,N/A,3,3,1,1,N/A,2,4,N/A,N/A,N/A,7,Moderate Risk
Bandhan Retirement Dir,hybrid,Hybrid,INF194KB1JG6,152700,Direct,1.26,,,Hybrid: Aggressive Hybrid,1.26,,,,,,,,7.08,8.59,GOI/Cash,20.2,26,https://www.valueresearchonline.com/funds/43791/,2,1,1,3,7,N/A,N/A,N/A,N/A,N/A,N/A,N/A,N/A,7,Moderate Risk
Bank of India Mid & Small Cap Eqt & Debt Dir,hybrid,Hybrid,INF761K01DM6,139527,Direct,8.87,20.44,16.46,Hybrid: Aggressive Hybrid,1.26,12.93,11.98,,,0.89,16.01,20.01,7.22,1.76,AAA,2.15,50,https://www.valueresearchonline.com/funds/32609/,2,2,2,3,9,1,1,N/A,3,5,N/A,N/A,N/A,14,Low Risk
Baroda BNP Paribas Aggressive Hybrid Dir,hybrid,Hybrid,INF251K01OZ7,150260,Direct,0.68,13.08,11.79,Hybrid: Aggressive Hybrid,1.26,12.93,11.98,,,0.64,11.1,12.87,7.63,2.17,AAA,3.5,50,https://www.valueresearchonline.com/funds/33836/,2,2,2,3,9,1,1,N/A,2,4,N/A,N/A,N/A,13,Moderate Risk
Baroda BNP Paribas Retirement Dir,hybrid,Hybrid,INF251K01VI1,152994,Direct,3.53,,,Hybrid: Aggressive Hybrid,1.26,,,,,,,,7.5,9.82,AAA,28.83,32,https://www.valueresearchonline.com/funds/44295/,2,1,1,3,7,N/A,N/A,N/A,N/A,N/A,N/A,N/A,N/A,7,Moderate Risk
Canara Robeco Equity Hybrid Dir,hybrid,Hybrid,INF760K01EZ8,118272,Direct,0.97,12.17,11.25,Hybrid: Aggressive Hybrid,1.26,12.93,11.98,,,0.55,11.32,12.03,7.14,1.22,AAA,2.07,50,https://www.valueresearchonline.com/funds/16384/,2,2,2,3,9,1,1,N/A,2,4,N/A,N/A,N/A,13,Moderate Risk
DSP Aggressive Hybrid Dir,hybrid,Hybrid,INF740K01NY4,119019,Direct,-1.77,12.72,11.01,Hybrid: Aggressive Hybrid,1.26,12.93,11.98,,,0.61,11.08,12.54,7.68,5.47,AAA,12.67,50,https://www.valueresearchonline.com/funds/15793/,2,1,1,3,7,1,1,N/A,2,4,N/A,N/A,N/A,11,Moderate Risk
Edelweiss Aggressive Hybrid Dir,hybrid,Hybrid,INF754K01CE0,118624,Direct,1.21,14.99,15.04,Hybrid: Aggressive Hybrid,1.26,12.93,11.98,,,0.77,11.5,14.66,7.37,1.21,AAA,1.31,41,https://www.valueresearchonline.com/funds/17354/,2,2,3,3,10,1,1,N/A,2,4,N/A,N/A,N/A,14,Low Risk
Edelweiss Nifty LargeMidcap250 Plus 8-13 Yr G-Sec 70:30 Index Dir,hybrid,Hybrid,INF843K01MV2,153803,Direct,,,,Hybrid: Aggressive Hybrid,,,,,,,,,7.04,6.95,GOI/Cash,8.93,26,https://www.valueresearchonline.com/funds/45923/,2,1,1,3,7,N/A,N/A,N/A,N/A,N/A,N/A,N/A,N/A,7,Moderate Risk
Franklin India Aggressive Hybrid Dir,hybrid,Hybrid,INF090I01FZ1,118546,Direct,-1.31,12.43,11.28,Hybrid: Aggressive Hybrid,1.26,12.93,11.98,,,0.6,10.48,12.14,8.09,2.62,AAA,3.29,50,https://www.valueresearchonline.com/funds/16020/,3,2,2,3,10,1,1,N/A,2,4,N/A,N/A,N/A,14,Low Risk
Groww Aggressive Hybrid Dir,hybrid,Hybrid,INF666M01FA3,145599,Direct,-1.42,10.02,10.24,Hybrid: Aggressive Hybrid,1.26,12.93,11.98,,,0.38,11.39,10.09,6.33,0.53,CASH,0.54,28,https://www.valueresearchonline.com/funds/38328/,1,3,3,3,10,1,1,N/A,1,3,N/A,N/A,N/A,13,Moderate Risk
HDFC Children's Dir,hybrid,Hybrid,INF179K01XC0,119116,Direct,-1.97,10.42,11.87,Hybrid: Aggressive Hybrid,1.26,12.93,11.98,,,0.43,10.95,10.52,7.2,4.58,AAA,6.78,50,https://www.valueresearchonline.com/funds/15995/,2,1,1,3,7,1,1,N/A,1,3,N/A,N/A,N/A,10,Moderately High Risk
HDFC Hybrid Equity Dir,hybrid,Hybrid,INF179K01XZ1,119062,Direct,-5.06,7.84,9.88,Hybrid: Aggressive Hybrid,1.26,12.93,11.98,,,0.2,10.74,8,7.92,5.46,AAA,10.15,50,https://www.valueresearchonline.com/funds/16132/,2,1,1,3,7,1,1,N/A,1,3,N/A,N/A,N/A,10,Moderately High Risk
HDFC Retirement Savings Hybrid Equity Dir,hybrid,Hybrid,INF179K01YE9,119854,Direct,-4.3,9.73,10.93,Hybrid: Aggressive Hybrid,1.26,12.93,11.98,,,0.37,10.74,9.78,6.75,3.77,AAA,5.13,38,https://www.valueresearchonline.com/funds/31782/,1,1,1,3,6,1,1,N/A,1,3,N/A,N/A,N/A,9,Moderately High Risk
HSBC Aggressive Hybrid Active FoF Dir*,hybrid,Hybrid,INF336L01ID3,129200,Direct,5.61,14.13,12.46,Hybrid: Aggressive Hybrid,1.26,12.93,11.98,,,0.67,12.24,13.95,,,AAA,,6,https://www.valueresearchonline.com/funds/25860/,N/A,N/A,N/A,3,3,1,1,N/A,2,4,N/A,N/A,N/A,7,Moderate Risk
HSBC Aggressive Hybrid Dir,hybrid,Hybrid,INF917K01LE4,151122,Direct,6.16,14.49,12.47,Hybrid: Aggressive Hybrid,1.26,12.93,11.98,,,0.62,13.76,14.37,7.81,1.52,AAA,1.81,50,https://www.valueresearchonline.com/funds/16264/,2,2,3,3,10,1,1,N/A,2,4,N/A,N/A,N/A,14,Low Risk
ICICI Pru Aggressive Hybrid Active FoF Dir*,hybrid,Hybrid,INF109K01W66,120677,Direct,-1.83,15.21,15.1,Hybrid: Aggressive Hybrid*,1.26,12.93,11.98,,,0.77,11.94,14.95,,,AAA,,10,https://www.valueresearchonline.com/funds/17838/,N/A,N/A,N/A,3,3,1,1,N/A,2,4,N/A,N/A,N/A,7,Moderate Risk
ICICI Pru Children's Dir,hybrid,Hybrid,INF109K01XM2,120741,Direct,-1.85,15.55,13.98,Hybrid: Aggressive Hybrid,1.26,12.93,11.98,,,0.66,14.75,15.54,,,AAA,,37,https://www.valueresearchonline.com/funds/15940/,N/A,N/A,N/A,3,3,1,1,N/A,2,4,N/A,N/A,N/A,7,Moderate Risk
ICICI Pru Equity & Debt Dir,hybrid,Hybrid,INF109K01Y07,120251,Direct,3.42,16.56,17.42,Hybrid: Aggressive Hybrid,1.26,12.93,11.98,,,0.93,10.79,15.88,7.46,3.65,AAA,7.07,50,https://www.valueresearchonline.com/funds/15815/,2,1,1,3,7,1,1,N/A,2,4,N/A,N/A,N/A,11,Moderate Risk
ICICI Pru Retirement Hybrid Aggressive Dir,hybrid,Hybrid,INF109KC1TW4,146721,Direct,7.49,21.03,17.51,Hybrid: Aggressive Hybrid,1.26,12.93,11.98,,,1.03,13.87,20.12,7.35,3.06,AAA,6.82,45,https://www.valueresearchonline.com/funds/39059/,2,1,1,3,7,1,2,N/A,3,6,N/A,N/A,N/A,13,Moderate Risk
Invesco India Aggressive Hybrid Dir,hybrid,Hybrid,INF205K014Q7,143537,Direct,-5.88,12.75,11.28,Hybrid: Aggressive Hybrid,1.26,12.93,11.98,,,0.55,12.59,12.7,7.51,1.2,AAA,1.33,40,https://www.valueresearchonline.com/funds/36540/,2,2,3,3,10,1,1,N/A,2,4,N/A,N/A,N/A,14,Low Risk
JM Aggressive Hybrid Dir,hybrid,Hybrid,INF192K01BQ9,120484,Direct,-3.95,15.61,14.57,Hybrid: Aggressive Hybrid,1.26,12.93,11.98,,,0.68,13.98,15.37,7.8,2.52,AAA,2.99,50,https://www.valueresearchonline.com/funds/17144/,2,2,2,3,9,1,1,N/A,2,4,N/A,N/A,N/A,13,Moderate Risk
Kotak Aggressive Hybrid Dir,hybrid,Hybrid,INF174K01F00,133035,Direct,4.3,14.7,13.61,Hybrid: Aggressive Hybrid,1.26,12.93,11.98,,,0.67,12.97,14.53,7.2,4.07,AAA,9.32,50,https://www.valueresearchonline.com/funds/16338/,2,1,1,3,7,1,1,N/A,2,4,N/A,N/A,N/A,11,Moderate Risk
LIC MF Aggressive Hybrid Dir,hybrid,Hybrid,INF767K01YP0,151874,Direct,-0.25,11.68,9.91,Hybrid: Aggressive Hybrid,1.26,12.93,11.98,,,0.49,12.41,11.82,6.78,4.11,AAA,8.03,42,https://www.valueresearchonline.com/funds/16765/,1,1,1,3,6,1,1,N/A,1,3,N/A,N/A,N/A,9,Moderately High Risk
LIC MF ULIS Dir,hybrid,Hybrid,INF767K01TG4,148792,Direct,-3.27,9.38,9.52,Hybrid: Aggressive Hybrid,1.26,12.93,11.98,,,0.33,11.79,9.65,,,AAA,,36,https://www.valueresearchonline.com/funds/17866/,N/A,N/A,N/A,3,3,1,1,N/A,1,3,N/A,N/A,N/A,6,Moderate Risk
Mahindra Manulife Aggressive Hybrid Dir,hybrid,Hybrid,INF174V01788,147446,Direct,-1.74,14.2,13.7,Hybrid: Aggressive Hybrid,1.26,12.93,11.98,,,0.7,11.61,13.93,7.68,2.88,AAA,4.92,50,https://www.valueresearchonline.com/funds/40094/,2,2,2,3,9,1,1,N/A,2,4,N/A,N/A,N/A,13,Moderate Risk
Mirae Asset Aggressive Hybrid Dir,hybrid,Hybrid,INF769K01DH9,134813,Direct,3.27,12.76,11.73,Hybrid: Aggressive Hybrid,1.26,12.93,11.98,,,0.59,11.57,12.57,7.53,2.79,AAA,4.62,50,https://www.valueresearchonline.com/funds/30604/,2,2,2,3,9,1,1,N/A,2,4,N/A,N/A,N/A,13,Moderate Risk
Navi Aggressive Hybrid Dir,hybrid,Hybrid,INF959L01CX3,143163,Direct,5.69,13.25,12.8,Hybrid: Aggressive Hybrid,1.26,12.93,11.98,,,0.61,12.08,13.18,5.72,0.07,AAA,0.07,30,https://www.valueresearchonline.com/funds/35943/,1,3,3,3,10,1,1,N/A,2,4,N/A,N/A,N/A,14,Low Risk
Nippon India Aggressive Hybrid Dir,hybrid,Hybrid,INF204K01B08,118794,Direct,1.76,12.66,12.3,Hybrid: Aggressive Hybrid,1.26,12.93,11.98,,,0.62,10.76,12.49,8.4,3.31,AAA,4.68,50,https://www.valueresearchonline.com/funds/16159/,3,1,2,3,9,1,1,N/A,2,4,N/A,N/A,N/A,13,Moderate Risk
Nippon India Aggressive Hybrid Seg Port 1 Direct,hybrid,Hybrid,INF204KB16F3,147689,Direct,,,,,,,,,,,,,,,C,,1,https://www.valueresearchonline.com/funds/40312/,N/A,N/A,N/A,1,1,N/A,N/A,N/A,N/A,N/A,N/A,N/A,N/A,1,Moderately High Risk
Nippon India Aggressive Hybrid Seg Port 2 Dir,hybrid,Hybrid,INF204KB13T1,148265,Direct,,,,,,,,,,,,,,,,,0,https://www.valueresearchonline.com/funds/40856/,N/A,N/A,N/A,N/A,N/A,N/A,N/A,N/A,N/A,N/A,N/A,N/A,N/A,,Insufficient Data
PGIM India Aggressive Hybrid Equity Dir*,hybrid,Hybrid,INF663L01GX2,138386,Direct,0.03,10.17,8.8,Hybrid: Aggressive Hybrid,1.26,12.93,11.98,,,0.42,10.82,10.29,6.6,,AAA,3.98,38,https://www.valueresearchonline.com/funds/15620/,1,N/A,2,3,6,1,1,N/A,1,3,N/A,N/A,N/A,9,Moderate Risk
Quant Aggressive Hybrid Dir,hybrid,Hybrid,INF966L01556,120819,Direct,10.22,15.96,15.14,Hybrid: Aggressive Hybrid,1.26,12.93,11.98,,,0.67,15.09,15.89,,,AAA,,25,https://www.valueresearchonline.com/funds/17357/,N/A,N/A,N/A,3,3,1,1,N/A,2,4,N/A,N/A,N/A,7,Moderate Risk
SBI Children's Investment Plan Dir*,hybrid,Hybrid,INF200KA1RA4,141126,Direct,18.91,23.52,24.6,BSE 500 TRI,-1.52,12.67,12.33,10.44,0.87,1.05,15.95,22.5,,,,,25,https://www.valueresearchonline.com/funds/41124/,N/A,N/A,N/A,N/A,N/A,1,2,N/A,3,6,N/A,N/A,N/A,6,Low Risk
SBI Equity Hybrid Dir,hybrid,Hybrid,INF200K01RY0,119609,Direct,2.62,13.81,11.87,Hybrid: Aggressive Hybrid,1.26,12.93,11.98,,,0.71,10.74,13.47,7.69,2.47,AAA,3.65,50,https://www.valueresearchonline.com/funds/16215/,2,2,2,3,9,1,1,N/A,2,4,N/A,N/A,N/A,13,Moderate Risk
SBI Retirement Benefit Aggressive Hybrid Dir,hybrid,Hybrid,INF200KA1S43,141272,Direct,2.27,10.79,12.89,Hybrid: Aggressive Hybrid,1.26,12.93,11.98,,,0.43,11.97,10.95,4.29,2,GOI/Cash,2.73,31,https://www.valueresearchonline.com/funds/41275/,1,2,2,3,8,1,1,N/A,1,3,N/A,N/A,N/A,11,Moderate Risk
Shriram Aggressive Hybrid Dir,hybrid,Hybrid,INF680P01042,125711,Direct,1.21,11.11,9.95,Hybrid: Aggressive Hybrid,1.26,12.93,11.98,,,0.46,11.77,11.17,7.05,1.93,AAA,2.21,30,https://www.valueresearchonline.com/funds/22588/,2,2,2,3,9,1,1,N/A,1,3,N/A,N/A,N/A,12,Moderate Risk
Sundaram Aggressive Hybrid Dir,hybrid,Hybrid,INF173K01FE6,149601,Direct,-1.63,10.81,10.62,Hybrid: Aggressive Hybrid,1.26,12.93,11.98,,,0.44,11.39,10.87,6.9,2.81,AAA,4.05,50,https://www.valueresearchonline.com/funds/16521/,1,2,2,3,8,1,1,N/A,1,3,N/A,N/A,N/A,11,Moderate Risk
Tata Aggressive Hybrid Dir,hybrid,Hybrid,INF277K01MN2,119053,Direct,0.78,9.86,10.7,Hybrid: Aggressive Hybrid,1.26,12.93,11.98,,,0.35,11.9,9.98,7.96,3.02,AAA,5.16,50,https://www.valueresearchonline.com/funds/16662/,2,1,1,3,7,1,1,N/A,1,3,N/A,N/A,N/A,10,Moderately High Risk
Tata Retirement Savings Moderate Dir,hybrid,Hybrid,INF277K01PH8,117016,Direct,3,14.81,12.51,Hybrid: Aggressive Hybrid,1.26,12.93,11.98,,,0.63,13.87,14.56,,,AAA,,39,https://www.valueresearchonline.com/funds/17017/,N/A,N/A,N/A,3,3,1,1,N/A,2,4,N/A,N/A,N/A,7,Moderate Risk
UTI Aggressive Hybrid Dir,hybrid,Hybrid,INF789F01SK9,120674,Direct,-0.66,12.95,12.97,Hybrid: Aggressive Hybrid,1.26,12.93,11.98,,,0.64,10.92,12.81,7.73,5.61,AAA,10.07,50,https://www.valueresearchonline.com/funds/15702/,2,1,1,3,7,1,1,N/A,2,4,N/A,N/A,N/A,11,Moderate Risk
Union Aggressive Hybrid Dir,hybrid,Hybrid,INF582M01GY0,148592,Direct,1.56,12.12,10.97,Hybrid: Aggressive Hybrid,1.26,12.93,11.98,,,0.53,11.68,12.01,7.14,3.22,AAA,4.15,35,https://www.valueresearchonline.com/funds/41186/,2,1,2,3,8,1,1,N/A,2,4,N/A,N/A,N/A,12,Moderate Risk
Zerodha Nifty LargeMidcap250 Plus 8-13 Yr G-Sec 70:30 Index Dir,hybrid,Hybrid,INF0R8F01AA5,154140,Direct,,,,Hybrid: Aggressive Hybrid,,,,,,,,,,,GOI/Cash,,26,https://www.valueresearchonline.com/funds/45943/,N/A,N/A,N/A,3,3,N/A,N/A,N/A,N/A,N/A,N/A,N/A,N/A,3,Very Low Risk
ABSL Arbitrage Dir,hybrid,Hybrid,INF084M01077,132174,Direct,6.66,7.61,6.7,Hybrid: Arbitrage,6.51,7.39,6.5,,,2.87,0.53,7.33,7.67,0.63,GOI/Cash,0.71,50,https://www.valueresearchonline.com/funds/15739/,2,3,3,3,11,3,3,N/A,1,7,N/A,N/A,N/A,18,Very Low Risk
Axis Arbitrage Dir,hybrid,Hybrid,INF209K01BT5,103155,Direct,6.62,7.52,6.72,Hybrid: Arbitrage,6.51,7.39,6.5,,,2.74,0.52,7.24,7.02,0.66,GOI/Cash,0.66,45,https://www.valueresearchonline.com/funds/27587/,2,3,3,3,11,3,3,N/A,1,7,N/A,N/A,N/A,18,Very Low Risk
Bajaj Finserv Arbitrage Dir,hybrid,Hybrid,INF084M01024,132176,Direct,6.52,,,Hybrid: Arbitrage,6.51,,,,,,,,6.78,0.31,GOI/Cash,0.31,29,https://www.valueresearchonline.com/funds/43770/,1,3,3,3,10,N/A,N/A,N/A,N/A,N/A,N/A,N/A,N/A,10,Low Risk
Bandhan Arbitrage Dir,hybrid,Hybrid,INF846K01E90,144393,Direct,6.41,7.49,6.63,Hybrid: Arbitrage,6.51,7.39,6.5,,,2.64,0.53,7.21,,,GOI/Cash,,41,https://www.valueresearchonline.com/funds/17551/,N/A,N/A,N/A,3,3,3,3,N/A,1,7,N/A,N/A,N/A,10,Low Risk
Bank of India Arbitrage Dir,hybrid,Hybrid,INF846K01603,112917,Direct,6.07,6.93,5.71,Hybrid: Arbitrage,6.51,7.39,6.5,,,1.81,0.49,6.68,6.2,0.22,GOI/Cash,0.22,31,https://www.valueresearchonline.com/funds/36392/,1,3,3,3,10,3,2,N/A,1,6,N/A,N/A,N/A,16,Low Risk
Baroda BNP Paribas Arbitrage Dir,hybrid,Hybrid,INF846K01G78,140644,Direct,6.38,7.48,6.52,Hybrid: Arbitrage,6.51,7.39,6.5,,,2.72,0.52,7.22,6.73,0.24,GOI/Cash,0.25,28,https://www.valueresearchonline.com/funds/33244/,1,3,3,3,10,3,3,N/A,1,7,N/A,N/A,N/A,17,Low Risk
Capitalmind Arbitrage Dir,hybrid,Hybrid,INF194K01615,108846,Direct,,,,Hybrid: Arbitrage,,,,,,,,,6.1,0.06,GOI/Cash,0.06,27,https://www.valueresearchonline.com/funds/45859/,1,3,3,3,10,N/A,N/A,N/A,N/A,N/A,N/A,N/A,N/A,10,Low Risk
DSP Arbitrage Dir,hybrid,Hybrid,INF194KA1U15,140381,Direct,6.47,7.4,6.54,Hybrid: Arbitrage,6.51,7.39,6.5,,,2.56,0.52,7.13,,,GOI/Cash,,25,https://www.valueresearchonline.com/funds/35111/,N/A,N/A,N/A,3,3,3,3,N/A,1,7,N/A,N/A,N/A,10,Low Risk
Edelweiss Arbitrage Dir,hybrid,Hybrid,INF194KB1JD3,152699,Direct,6.6,7.61,6.8,Hybrid: Arbitrage,6.51,7.39,6.5,,,2.84,0.54,7.32,7.31,0.53,GOI/Cash,0.53,50,https://www.valueresearchonline.com/funds/27145/,2,3,3,3,11,3,3,N/A,1,7,N/A,N/A,N/A,18,Very Low Risk
Franklin India Arbitrage Dir,hybrid,Hybrid,INF761K01DP9,139529,Direct,6.94,,,Hybrid: Arbitrage,6.51,,,,,,,,7.67,0.64,AAA,0.67,38,https://www.valueresearchonline.com/funds/44703/,2,3,3,3,11,N/A,N/A,N/A,N/A,N/A,N/A,N/A,N/A,11,Very Low Risk
Groww Arbitrage Dir,hybrid,Hybrid,INF251K01OW4,150258,Direct,,,,Hybrid: Arbitrage,,,,,,,,,,,CASH,,26,https://www.valueresearchonline.com/funds/45946/,N/A,N/A,N/A,3,3,N/A,N/A,N/A,N/A,N/A,N/A,N/A,N/A,3,Very Low Risk
HDFC Arbitrage Dir,hybrid,Hybrid,INF251K01VF7,152993,Direct,6.56,7.47,6.56,Hybrid: Arbitrage,6.51,7.39,6.5,,,2.62,0.53,7.2,7.59,0.59,GOI/Cash,0.59,50,https://www.valueresearchonline.com/funds/26024/,2,3,3,3,11,3,3,N/A,1,7,N/A,N/A,N/A,18,Very Low Risk
HDFC Arbitrage Direct,hybrid,Hybrid,INF760K01050,106166,Direct,,,,,,,,,,,,,7.59,0.59,GOI/Cash,0.59,0,https://www.valueresearchonline.com/funds/15981/,2,3,3,3,11,N/A,N/A,N/A,N/A,N/A,N/A,N/A,N/A,11,Very Low Risk
HSBC Arbitrage Dir,hybrid,Hybrid,INF740K01318,100081,Direct,6.5,7.41,6.5,Hybrid: Arbitrage,6.51,7.39,6.5,,,2.49,0.54,7.15,7.52,0.62,GOI/Cash,0.62,32,https://www.valueresearchonline.com/funds/27300/,2,3,3,3,11,3,3,N/A,1,7,N/A,N/A,N/A,18,Very Low Risk
Helios Arbitrage Dir,hybrid,Hybrid,INF754K01160,112012,Direct,,,,Hybrid: Arbitrage,,,,,,,,,,,GOI/Cash,,31,https://www.valueresearchonline.com/funds/45891/,N/A,N/A,N/A,3,3,N/A,N/A,N/A,N/A,N/A,N/A,N/A,N/A,3,Very Low Risk
ICICI Pru Equity Arbitrage Dir,hybrid,Hybrid,INF754K01202,112108,Direct,6.5,7.5,6.62,Hybrid: Arbitrage,6.51,7.39,6.5,,,2.65,0.53,7.22,7.57,0.65,GOI/Cash,0.65,47,https://www.valueresearchonline.com/funds/17396/,2,3,3,3,11,3,3,N/A,1,7,N/A,N/A,N/A,18,Very Low Risk
ITI Arbitrage Dir,hybrid,Hybrid,INF843K01MU4,153802,Direct,6.46,7.44,6.05,Hybrid: Arbitrage,6.51,7.39,6.5,,,2.82,0.48,7.17,,,GOI/Cash,,26,https://www.valueresearchonline.com/funds/40255/,N/A,N/A,N/A,3,3,3,3,N/A,1,7,N/A,N/A,N/A,10,Low Risk
Invesco India Arbitrage Dir,hybrid,Hybrid,INF090I01817,100550,Direct,6.75,7.65,6.93,Hybrid: Arbitrage,6.51,7.39,6.5,,,3.12,0.5,7.36,7.06,0.47,GOI/Cash,0.49,50,https://www.valueresearchonline.com/funds/16368/,2,3,3,3,11,3,3,N/A,1,7,N/A,N/A,N/A,18,Very Low Risk
JM Arbitrage Dir,hybrid,Hybrid,INF666M01FJ4,145605,Direct,6.27,7.14,6.23,Hybrid: Arbitrage,6.51,7.39,6.5,,,2.12,0.51,6.89,5.12,0.22,GOI/Cash,0.22,34,https://www.valueresearchonline.com/funds/17142/,1,3,3,3,10,3,3,N/A,1,7,N/A,N/A,N/A,17,Low Risk
JioBlackRock Arbitrage Dir,hybrid,Hybrid,INF179K01AB0,101580,Direct,,,,Hybrid: Arbitrage,,,,,,,,,7.43,0.39,GOI/Cash,0.39,30,https://www.valueresearchonline.com/funds/45707/,2,3,3,3,11,N/A,N/A,N/A,N/A,N/A,N/A,N/A,N/A,11,Very Low Risk
Kotak Arbitrage Dir,hybrid,Hybrid,INF179K01AS4,102948,Direct,6.63,7.66,6.83,Hybrid: Arbitrage,6.51,7.39,6.5,,,2.84,0.55,7.37,7.75,0.59,GOI/Cash,0.63,39,https://www.valueresearchonline.com/funds/17136/,2,3,3,3,11,3,3,N/A,1,7,N/A,N/A,N/A,18,Very Low Risk
LIC MF Arbitrage Dir,hybrid,Hybrid,INF179K01YI0,119858,Direct,6.56,7.25,6.47,Hybrid: Arbitrage,6.51,7.39,6.5,,,2.65,0.45,6.99,,,GOI/Cash,,28,https://www.valueresearchonline.com/funds/38702/,N/A,N/A,N/A,3,3,3,3,N/A,1,7,N/A,N/A,N/A,10,Low Risk
Mahindra Manulife Arbitrage Dir,hybrid,Hybrid,INF336L01IH4,129198,Direct,6.14,6.52,5.71,Hybrid: Arbitrage,6.51,7.39,6.5,,,1.09,0.46,6.3,5.33,0,GOI/Cash,0,26,https://www.valueresearchonline.com/funds/41084/,1,3,3,3,10,3,2,N/A,1,6,N/A,N/A,N/A,16,Low Risk
Mirae Asset Arbitrage Dir,hybrid,Hybrid,INF917K01LB0,151120,Direct,6.58,7.53,6.65,Hybrid: Arbitrage,6.51,7.39,6.5,,,2.81,0.52,7.25,5.34,0.01,GOI/Cash,0.01,27,https://www.valueresearchonline.com/funds/41014/,1,3,3,3,10,3,3,N/A,1,7,N/A,N/A,N/A,17,Low Risk
Motilal Oswal Arbitrage Dir,hybrid,Hybrid,INF109K01W58,120675,Direct,6.94,,,Hybrid: Arbitrage,6.51,,,,,,,,7.05,0.33,GOI/Cash,0.33,45,https://www.valueresearchonline.com/funds/44839/,2,3,3,3,11,N/A,N/A,N/A,N/A,N/A,N/A,N/A,N/A,11,Very Low Risk
NJ Arbitrage Dir,hybrid,Hybrid,INF109K01XK6,120739,Direct,6.19,6.99,,Hybrid: Arbitrage,6.51,7.39,,,,1.82,0.52,6.74,5.64,0.37,GOI/Cash,0.37,37,https://www.valueresearchonline.com/funds/42435/,1,3,3,3,10,3,2,N/A,1,6,N/A,N/A,N/A,16,Low Risk
Nippon India Arbitrage Dir,hybrid,Hybrid,INF109K01480,100356,Direct,6.64,7.5,6.69,Hybrid: Arbitrage,6.51,7.39,6.5,,,2.73,0.52,7.22,,,GOI/Cash,,38,https://www.valueresearchonline.com/funds/17008/,N/A,N/A,N/A,3,3,3,3,N/A,1,7,N/A,N/A,N/A,10,Low Risk
Old Bridge Arbitrage Dir,hybrid,Hybrid,INF109KC1TX2,146719,Direct,,,,Hybrid: Arbitrage,,,,,,,,,,,GOI/Cash,,27,https://www.valueresearchonline.com/funds/45603/,N/A,N/A,N/A,3,3,N/A,N/A,N/A,N/A,N/A,N/A,N/A,N/A,3,Very Low Risk
PGIM India Arbitrage Dir,hybrid,Hybrid,INF205K011Q3,143536,Direct,6.18,7.21,6.34,Hybrid: Arbitrage,6.51,7.39,6.5,,,2.29,0.51,6.96,,,GOI/Cash,,25,https://www.valueresearchonline.com/funds/27877/,N/A,N/A,N/A,3,3,3,3,N/A,1,7,N/A,N/A,N/A,10,Low Risk
Parag Parikh Arbitrage Dir,hybrid,Hybrid,INF192K01544,100221,Direct,6.37,,,Hybrid: Arbitrage,6.51,,,,,,,,6.91,0.25,GOI/Cash,0.25,37,https://www.valueresearchonline.com/funds/43816/,1,3,3,3,10,N/A,N/A,N/A,N/A,N/A,N/A,N/A,N/A,10,Low Risk
Quant Arbitrage Dir,hybrid,Hybrid,INF174K01E92,133036,Direct,7.49,,,Hybrid: Arbitrage,6.51,,,,,,,,,,GOI/Cash,,31,https://www.valueresearchonline.com/funds/45075/,N/A,N/A,N/A,3,3,N/A,N/A,N/A,N/A,N/A,N/A,N/A,N/A,3,Very Low Risk
SBI Arbitrage Opportunities Dir,hybrid,Hybrid,INF767K01YL9,151870,Direct,6.51,7.46,6.75,Hybrid: Arbitrage,6.51,7.39,6.5,,,2.73,0.5,7.18,7.12,0.38,GOI/Cash,0.42,42,https://www.valueresearchonline.com/funds/17570/,2,3,3,3,11,3,3,N/A,1,7,N/A,N/A,N/A,18,Very Low Risk
Samco Arbitrage Dir,hybrid,Hybrid,INF767K01535,105823,Direct,5.13,,,Hybrid: Arbitrage,6.51,,,,,,,,,,Cash,,18,https://www.valueresearchonline.com/funds/44723/,N/A,N/A,N/A,3,3,N/A,N/A,N/A,N/A,N/A,N/A,N/A,N/A,3,Very Low Risk
Sundaram Arbitrage Dir,hybrid,Hybrid,INF174V01754,147447,Direct,6.71,7.37,6.28,Hybrid: Arbitrage,6.51,7.39,6.5,,,3.1,0.42,7.1,5.02,0.33,GOI/Cash,0.34,32,https://www.valueresearchonline.com/funds/32287/,1,3,3,3,10,3,3,N/A,1,7,N/A,N/A,N/A,17,Low Risk
TRUSTMF Arbitrage Dir,hybrid,Hybrid,INF769K01DE6,134815,Direct,,,,Hybrid: Arbitrage,,,,,,,,,,,GOI/Cash,,26,https://www.valueresearchonline.com/funds/45455/,N/A,N/A,N/A,3,3,N/A,N/A,N/A,N/A,N/A,N/A,N/A,N/A,3,Very Low Risk
Tata Arbitrage Dir,hybrid,Hybrid,INF959L01DI2,143162,Direct,6.76,7.66,6.75,Hybrid: Arbitrage,6.51,7.39,6.5,,,3.08,0.51,7.38,7.82,0.57,GOI/Cash,0.58,50,https://www.valueresearchonline.com/funds/38502/,2,3,3,3,11,3,3,N/A,1,7,N/A,N/A,N/A,18,Very Low Risk
The Wealth Company Arbtg Dir,hybrid,Hybrid,INF204K01FW1,112936,Direct,,,,Hybrid: Arbitrage,,,,,,,,,,,GOI/Cash,,26,https://www.valueresearchonline.com/funds/45515/,N/A,N/A,N/A,3,3,N/A,N/A,N/A,N/A,N/A,N/A,N/A,N/A,3,Very Low Risk
UTI Arbitrage Dir,hybrid,Hybrid,INF204KB13G8,147685,Direct,6.54,7.53,6.61,Hybrid: Arbitrage,6.51,7.39,6.5,,,2.73,0.53,7.24,7.6,0.6,GOI/Cash,0.6,38,https://www.valueresearchonline.com/funds/17771/,2,3,3,3,11,3,3,N/A,1,7,N/A,N/A,N/A,18,Very Low Risk
Union Arbitrage Dir,hybrid,Hybrid,INF204KB10U5,148271,Direct,6.37,7.35,6.42,Hybrid: Arbitrage,6.51,7.39,6.5,,,2.32,0.55,7.08,6.99,0.4,GOI/Cash,0.4,28,https://www.valueresearchonline.com/funds/38971/,1,3,3,3,10,3,3,N/A,1,7,N/A,N/A,N/A,17,Low Risk
WhiteOak Capital Arbitrage Dir,hybrid,Hybrid,INF663L01HC4,138382,Direct,6.94,,,Hybrid: Arbitrage,6.51,,,,,,,,6.76,0.36,GOI/Cash,0.36,50,https://www.valueresearchonline.com/funds/44529/,1,3,3,3,10,N/A,N/A,N/A,N/A,N/A,N/A,N/A,N/A,10,Low Risk
360 ONE Balanced Hybrid Dir,hybrid,Hybrid,INF966L01267,101070,Direct,4.69,,,Hybrid: Balanced Hybrid,1.71,,,,,,,,7.73,2.76,AAA,3.33,50,https://www.valueresearchonline.com/funds/43766/,2,2,2,3,9,N/A,N/A,N/A,N/A,N/A,N/A,N/A,N/A,9,Low Risk
Franklin India Retirement Dir,hybrid,Hybrid,INF200KA1R85,141125,Direct,0,9.09,8.01,Hybrid: Balanced Hybrid,1.71,8.96,8.68,,,0.5,6.03,8.83,8,2.07,AAA,2.51,40,https://www.valueresearchonline.com/funds/16753/,3,2,2,3,10,2,1,N/A,1,4,N/A,N/A,N/A,14,Low Risk
UTI Children's Hybrid Dir,hybrid,Hybrid,INF200K01107,102885,Direct,-0.71,7.57,7.75,Hybrid: Balanced Hybrid,1.71,8.96,8.68,,,0.25,6.82,7.5,7.35,5.18,AAA,8.29,50,https://www.valueresearchonline.com/funds/15865/,2,1,1,3,7,2,1,N/A,1,4,N/A,N/A,N/A,11,Moderate Risk
UTI Retirement Dir,hybrid,Hybrid,INF200KA1S27,141270,Direct,1.23,10.23,10.28,Hybrid: Balanced Hybrid,1.71,8.96,8.68,,,0.63,6.71,10,7.26,5.16,AAA,8.18,50,https://www.valueresearchonline.com/funds/15840/,2,1,1,3,7,2,1,N/A,1,4,N/A,N/A,N/A,11,Moderate Risk
WhiteOak Capital Balanced Hybrid Dir,hybrid,Hybrid,INF680P01018,125713,Direct,3.33,,,Hybrid: Balanced Hybrid,1.71,,,,,,,,7.29,2.29,AAA,2.75,50,https://www.valueresearchonline.com/funds/43827/,2,2,2,3,9,N/A,N/A,N/A,N/A,N/A,N/A,N/A,N/A,9,Low Risk
ABSL Conservative Hybrid Active FoF Dir*,hybrid,Hybrid,INF173K01CL8,149599,Direct,3.91,10.68,9.43,Hybrid: Conservative Hybrid,3.53,8.79,8.34,,,0.87,5.16,10.3,,,AAA,,8,https://www.valueresearchonline.com/funds/16925/,N/A,N/A,N/A,3,3,2,1,N/A,1,4,N/A,N/A,N/A,7,Moderate Risk
ABSL Regular Savings Dir,hybrid,Hybrid,INF277K01303,100414,Direct,5.23,9.33,9,Hybrid: Conservative Hybrid,3.53,8.79,8.34,,,0.87,3.68,9.02,8.32,3.44,AAA,5.08,50,https://www.valueresearchonline.com/funds/15919/,3,1,1,3,8,2,1,N/A,1,4,N/A,N/A,N/A,12,Moderate Risk
ABSL Retirement 50s Dir,hybrid,Hybrid,INF277K01PF2,117014,Direct,5.22,9.04,7.33,Hybrid: Conservative Hybrid,3.53,8.79,8.34,,,0.7,4.28,8.79,6.33,2.59,GOI/Cash,3.35,31,https://www.valueresearchonline.com/funds/39189/,1,2,2,3,8,2,1,N/A,1,4,N/A,N/A,N/A,12,Moderate Risk
Axis Conservative Hybrid Dir,hybrid,Hybrid,INF789F01323,100684,Direct,2.1,7.29,6.99,Hybrid: Conservative Hybrid,3.53,8.79,8.34,,,0.32,4.22,7.15,7.46,4.56,AAA,6.3,44,https://www.valueresearchonline.com/funds/17334/,2,1,1,3,7,2,1,N/A,1,4,N/A,N/A,N/A,11,Moderate Risk
Axis Retirement-Conservative Plan Dir,hybrid,Hybrid,INF582M01HC4,148591,Direct,0.2,8.69,7.24,Hybrid: Conservative Hybrid,3.53,8.79,8.34,,,0.41,6.83,8.6,7.3,8.37,GOI/Cash,16.69,29,https://www.valueresearchonline.com/funds/40437/,2,1,1,3,7,2,1,N/A,1,4,N/A,N/A,N/A,11,Moderate Risk
Bandhan Conservative Hybrid Dir,hybrid,Hybrid,INF209K01VP1,119526,Direct,2.73,7.42,6.36,Hybrid: Conservative Hybrid,3.53,8.79,8.34,,,0.33,4.38,7.26,7.61,2.85,AAA,4.81,26,https://www.valueresearchonline.com/funds/16525/,2,2,2,3,9,2,1,N/A,1,4,N/A,N/A,N/A,13,Moderate Risk
Bandhan Conservative Hybrid Passive FoF Dir,hybrid,Hybrid,INF846K01PZ1,130773,Direct,3.68,8.18,7.41,Hybrid: Conservative Hybrid,3.53,8.79,8.34,,,0.56,3.83,7.95,,,GOI/Cash,,3,https://www.valueresearchonline.com/funds/17859/,N/A,N/A,N/A,3,3,2,1,N/A,1,4,N/A,N/A,N/A,7,Moderate Risk
Bank of India Conservative Hybrid Dir,hybrid,Hybrid,INF0QA701524,152077,Direct,3.15,7.54,10.52,Hybrid: Conservative Hybrid,3.53,8.79,8.34,,,0.37,4.2,7.34,7.1,2.38,AAA,2.84,40,https://www.valueresearchonline.com/funds/17549/,2,2,2,3,9,2,1,N/A,1,4,N/A,N/A,N/A,13,Moderate Risk
Baroda BNP Paribas Conservative Hybrid Dir,hybrid,Hybrid,INF194K01Y60,118474,Direct,4.97,9.16,8.25,Hybrid: Conservative Hybrid,3.53,8.79,8.34,,,0.74,4.12,8.86,7.78,2.46,AAA,3.7,50,https://www.valueresearchonline.com/funds/15728/,2,2,2,3,9,2,1,N/A,1,4,N/A,N/A,N/A,13,Moderate Risk
Canara Robeco Conservative Hybrid Dir,hybrid,Hybrid,INF761K01ED3,143614,Direct,3.18,8.44,7.77,Hybrid: Conservative Hybrid,3.53,8.79,8.34,,,0.54,4.35,8.16,7.35,1.79,AAA,2.93,50,https://www.valueresearchonline.com/funds/15770/,2,2,2,3,9,2,1,N/A,1,4,N/A,N/A,N/A,13,Moderate Risk
DSP Regular Savings Dir,hybrid,Hybrid,INF251K01OT0,150251,Direct,4.09,9.42,8.12,Hybrid: Conservative Hybrid,3.53,8.79,8.34,,,0.84,3.93,9.1,7.02,2.76,AAA,4.51,43,https://www.valueresearchonline.com/funds/16984/,2,2,2,3,9,2,1,N/A,1,4,N/A,N/A,N/A,13,Moderate Risk
Franklin India Conservative Hybrid Dir,hybrid,Hybrid,INF226401117,154236,Direct,1.77,8.66,7.76,Hybrid: Conservative Hybrid,3.53,8.79,8.34,,,0.59,4.3,8.36,7.4,1.66,AAA,2.1,39,https://www.valueresearchonline.com/funds/17832/,2,2,2,3,9,2,1,N/A,1,4,N/A,N/A,N/A,13,Moderate Risk
HDFC Hybrid Debt Dir,hybrid,Hybrid,INF740KA1DN4,142283,Direct,2.54,8.7,8.77,Hybrid: Conservative Hybrid,3.53,8.79,8.34,,,0.58,4.64,8.48,7.76,6.08,AAA,11.76,50,https://www.valueresearchonline.com/funds/16453/,2,1,1,3,7,2,1,N/A,1,4,N/A,N/A,N/A,11,Moderate Risk
HDFC Retirement Savings Hybrid Debt Dir,hybrid,Hybrid,INF754K01EA4,130206,Direct,1.65,7.79,7.73,Hybrid: Conservative Hybrid,3.53,8.79,8.34,,,0.41,4.35,7.58,6.9,4.91,GOI/Cash,7.83,34,https://www.valueresearchonline.com/funds/31784/,1,1,1,3,6,2,1,N/A,1,4,N/A,N/A,N/A,10,Moderately High Risk
HSBC Conservative Hybrid Dir,hybrid,Hybrid,INF090I01XS9,153043,Direct,4.98,10.02,8.59,Hybrid: Conservative Hybrid,3.53,8.79,8.34,,,0.74,5.35,9.74,7.23,3.95,AAA,6.04,40,https://www.valueresearchonline.com/funds/17058/,2,1,1,3,7,2,1,N/A,1,4,N/A,N/A,N/A,11,Moderate Risk
ICICI Pru Regular Savings Dir,hybrid,Hybrid,INF666M01ON8,154320,Direct,5.06,9.86,9.4,Hybrid: Conservative Hybrid,3.53,8.79,8.34,,,1.05,3.48,9.46,8.56,2.85,AAA,5.11,50,https://www.valueresearchonline.com/funds/15851/,3,2,1,3,9,2,2,N/A,1,5,N/A,N/A,N/A,14,Low Risk
ICICI Pru Retirement Hybrid Conservative Dir,hybrid,Hybrid,INF179KA1KT6,129052,Direct,6.03,11.3,9.36,Hybrid: Conservative Hybrid,3.53,8.79,8.34,,,1.13,4.49,10.86,7.41,4.65,AAA,9.24,43,https://www.valueresearchonline.com/funds/39063/,2,1,1,3,7,2,2,N/A,1,5,N/A,N/A,N/A,12,Moderate Risk
Kotak Debt Hybrid Dir,hybrid,Hybrid,INF179KA1KT6,129052,Direct,3.09,9.65,9.59,Hybrid: Conservative Hybrid,3.53,8.79,8.34,,,0.66,5.36,9.36,7.61,3.71,AAA,7.31,50,https://www.valueresearchonline.com/funds/17795/,2,1,1,3,7,2,1,N/A,1,4,N/A,N/A,N/A,11,Moderate Risk
LIC MF Conservative Hybrid Dir,hybrid,Hybrid,INF917K01QR5,151138,Direct,2.78,6.93,6.4,Hybrid: Conservative Hybrid,3.53,8.79,8.34,,,0.26,3.94,6.81,6.97,3.69,AAA,4.28,20,https://www.valueresearchonline.com/funds/17456/,1,1,2,3,7,2,1,N/A,1,4,N/A,N/A,N/A,11,Moderate Risk
Nippon India Conservative Hybrid Dir,hybrid,Hybrid,INF0R8701442,154257,Direct,7.12,8.89,8.71,Hybrid: Conservative Hybrid,3.53,8.79,8.34,,,1.21,2.29,8.57,9.38,2.15,AA,2.46,50,https://www.valueresearchonline.com/funds/16144/,3,2,2,2,9,3,2,N/A,1,6,N/A,N/A,N/A,15,Low Risk
Nippon India Conservative Hybrid Seg Port 2 Direct,hybrid,Hybrid,INF109K016O4,120364,Direct,,,,,,,,,,,,,,,,,0,https://www.valueresearchonline.com/funds/40873/,N/A,N/A,N/A,N/A,N/A,N/A,N/A,N/A,N/A,N/A,N/A,N/A,N/A,,Insufficient Data
Nippon India Conservative Hybrid Seg Port1 Dir,hybrid,Hybrid,INF00XX01440,147617,Direct,,,,,,,,,,,,,,,B,,1,https://www.valueresearchonline.com/funds/40704/,N/A,N/A,N/A,1,1,N/A,N/A,N/A,N/A,N/A,N/A,N/A,N/A,1,Moderately High Risk
Nippon India Retirement Incm Generation Dir,hybrid,Hybrid,INF205K01KR8,120401,Direct,1.86,7.78,7.33,Hybrid: Conservative Hybrid,3.53,8.79,8.34,,,0.34,5.22,7.57,7.39,8.93,GOI/Cash,16.36,28,https://www.valueresearchonline.com/funds/29298/,2,1,1,3,7,2,1,N/A,1,4,N/A,N/A,N/A,11,Moderate Risk
Parag Parikh Conservative Hybrid Dir,hybrid,Hybrid,INF192K01BN6,120482,Direct,5.6,11.03,9.96,Hybrid: Conservative Hybrid,3.53,8.79,8.34,,,1.31,3.62,10.54,7.6,4,AAA,4.86,35,https://www.valueresearchonline.com/funds/41484/,2,1,2,3,8,2,2,N/A,1,5,N/A,N/A,N/A,13,Moderate Risk
SBI Children's Savings Plan Dir,hybrid,Hybrid,INF22M001101,154076,Direct,7.85,12.52,11.33,Hybrid: Conservative Hybrid,3.53,8.79,8.34,,,1.22,5.08,12,7.06,3.38,AAA,4.67,36,https://www.valueresearchonline.com/funds/17524/,2,1,2,3,8,2,2,N/A,2,6,N/A,N/A,N/A,14,Low Risk
SBI Conservative Hybrid Dir,hybrid,Hybrid,INF174K01LC6,119771,Direct,5.41,9.45,9.46,Hybrid: Conservative Hybrid,3.53,8.79,8.34,,,0.82,4.07,9.13,8.21,2.55,AAA,3.49,50,https://www.valueresearchonline.com/funds/17516/,3,2,2,3,10,2,1,N/A,1,4,N/A,N/A,N/A,14,Low Risk
SBI Retirement Benefit Conservative Dir,hybrid,Hybrid,INF767K01RR4,153246,Direct,2.2,7.39,7.58,Hybrid: Conservative Hybrid,3.53,8.79,8.34,,,0.3,4.82,7.25,7.51,8.1,AAA,20.38,38,https://www.valueresearchonline.com/funds/41283/,2,1,1,3,7,2,1,N/A,1,4,N/A,N/A,N/A,11,Moderate Risk
SBI Retirement Benefit Conservative Hybrid Dir,hybrid,Hybrid,INF174V01AA0,148468,Direct,1.39,7.99,8.87,Hybrid: Conservative Hybrid,3.53,8.79,8.34,,,0.3,6.94,7.9,7.18,6.18,AAA,15.7,40,https://www.valueresearchonline.com/funds/41279/,2,1,1,3,7,2,1,N/A,1,4,N/A,N/A,N/A,11,Moderate Risk
Sundaram Conservative Hybrid Dir,hybrid,Hybrid,INF769K01FS1,148401,Direct,-0.79,5.89,7.21,Hybrid: Conservative Hybrid,3.53,8.79,8.34,,,0,4.17,5.8,5.87,1.37,GOI/Cash,1.59,24,https://www.valueresearchonline.com/funds/17227/,1,2,3,3,9,2,1,N/A,1,4,N/A,N/A,N/A,13,Moderate Risk
Tata Retirement Savings Conservative Dir,hybrid,Hybrid,INF247L01ED1,153187,Direct,3.67,8.98,7.58,Hybrid: Conservative Hybrid,3.53,8.79,8.34,,,0.54,5.41,8.71,7.17,5.07,AAA,9.04,33,https://www.valueresearchonline.com/funds/17019/,2,1,1,3,7,2,1,N/A,1,4,N/A,N/A,N/A,11,Moderate Risk
UTI Cons Hybrid Seg Port Dir,hybrid,Hybrid,INF0J8L01065,150367,Direct,,,,,,,,,,,,,,,B,0.07,1,https://www.valueresearchonline.com/funds/40729/,N/A,N/A,3,1,4,N/A,N/A,N/A,N/A,N/A,N/A,N/A,N/A,4,Low Risk
UTI Conservative Hybrid Dir,hybrid,Hybrid,INF204K01XZ7,118585,Direct,1.99,8.75,8.78,Hybrid: Conservative Hybrid,3.53,8.79,8.34,,,0.56,4.81,8.5,7.91,5.53,AAA,10.04,50,https://www.valueresearchonline.com/funds/15804/,2,1,1,3,7,2,1,N/A,1,4,N/A,N/A,N/A,11,Moderate Risk
ABSL Balanced Advantage Dir,hybrid,Hybrid,INF0S5R01125,153979,Direct,4.22,12.42,11.06,Hybrid: Dynamic Asset Allocation,1.51,11.11,10.17,,,0.72,8.69,12.06,7.8,2.8,AAA,3.77,50,https://www.valueresearchonline.com/funds/16897/,2,2,2,3,9,1,1,N/A,2,4,N/A,N/A,N/A,13,Moderate Risk
ABSL Dynamic Asset Allocation Omni FoF Dir*,hybrid,Hybrid,INF223J013N7,138875,Direct,3.42,14.85,13.05,Hybrid: Dynamic Asset Allocation,1.51,11.11,10.17,,,0.77,11.19,14.47,,,AAA,,10,https://www.valueresearchonline.com/funds/16914/,N/A,N/A,N/A,3,3,1,1,N/A,2,4,N/A,N/A,N/A,7,Moderate Risk
Axis Balanced Advantage Dir,hybrid,Hybrid,INF879O01225,152109,Direct,2.29,13.16,11.35,Hybrid: Dynamic Asset Allocation,1.51,11.11,10.17,,,0.8,8.6,12.68,7.15,2.22,AAA,2.64,50,https://www.valueresearchonline.com/funds/34467/,2,2,2,3,9,1,1,N/A,2,4,N/A,N/A,N/A,13,Moderate Risk
Axis Retirement-Dynamic Plan Dir,hybrid,Hybrid,INF966L01DW8,153426,Direct,-1.74,12.74,9.9,Hybrid: Dynamic Asset Allocation,1.51,11.11,10.17,,,0.53,13.46,12.88,6.88,7.33,GOI/Cash,17.37,29,https://www.valueresearchonline.com/funds/40433/,1,1,1,3,6,1,1,N/A,2,4,N/A,N/A,N/A,10,Moderately High Risk
Bajaj Finserv Balanced Advantage Dir,hybrid,Hybrid,INF200K01RQ7,119601,Direct,0.84,,,Hybrid: Dynamic Asset Allocation,1.51,,,,,,,,7.32,1.65,AAA,3.04,31,https://www.valueresearchonline.com/funds/43877/,2,2,2,3,9,N/A,N/A,N/A,N/A,N/A,N/A,N/A,N/A,9,Low Risk
Bandhan Balanced Advantage Dir,hybrid,Hybrid,INF0K1H01214,153090,Direct,4.22,10.6,9.41,Hybrid: Dynamic Asset Allocation,1.51,11.11,10.17,,,0.55,8.22,10.34,7.32,1.59,AAA,2.81,50,https://www.valueresearchonline.com/funds/28342/,2,2,2,3,9,1,1,N/A,1,3,N/A,N/A,N/A,12,Moderate Risk
Bank of India Balanced Advantage Dir,hybrid,Hybrid,INF173K01NF7,149550,Direct,4.41,10.52,11.29,Hybrid: Dynamic Asset Allocation,1.51,11.11,10.17,,,0.47,9.72,10.38,6.57,1.32,AAA,1.48,39,https://www.valueresearchonline.com/funds/24756/,1,2,3,3,9,1,1,N/A,1,3,N/A,N/A,N/A,12,Moderate Risk
Baroda BNP Paribas Balanced Advantage Dir,hybrid,Hybrid,INF0GCD01859,153804,Direct,4.46,13.26,12.65,Hybrid: Dynamic Asset Allocation,1.51,11.11,10.17,,,0.63,11.55,13.06,7.5,2.78,AAA,4.89,50,https://www.valueresearchonline.com/funds/38113/,2,2,2,3,9,1,1,N/A,2,4,N/A,N/A,N/A,13,Moderate Risk
Canara Robeco Balanced Advantage Dir,hybrid,Hybrid,INF277K017Q3,145724,Direct,-0.57,,,Hybrid: Dynamic Asset Allocation,1.51,,,,,,,,7.12,2.59,AAA,3.39,39,https://www.valueresearchonline.com/funds/44370/,2,2,2,3,9,N/A,N/A,N/A,N/A,N/A,N/A,N/A,N/A,9,Low Risk
DSP Dynamic Asset Allocation Dir,hybrid,Hybrid,INF2F0001271,153891,Direct,5.59,12,9.62,Hybrid: Dynamic Asset Allocation,1.51,11.11,10.17,,,0.87,6.53,11.5,7.48,2.59,AAA,3.83,50,https://www.valueresearchonline.com/funds/23438/,2,2,2,3,9,2,1,N/A,1,4,N/A,N/A,N/A,13,Moderate Risk
Edelweiss Balanced Advantage Dir,hybrid,Hybrid,INF789FB1RG6,120795,Direct,2.83,11.42,10.71,Hybrid: Dynamic Asset Allocation,1.51,11.11,10.17,,,0.59,9.18,11.22,7.07,1.06,AAA,1.14,50,https://www.valueresearchonline.com/funds/17768/,2,2,3,3,10,1,1,N/A,1,3,N/A,N/A,N/A,13,Moderate Risk
Franklin India Balanced Advantage Dir,hybrid,Hybrid,INF582M01ES7,146297,Direct,1.19,11.99,,Hybrid: Dynamic Asset Allocation,1.51,11.11,,,,0.71,8.05,11.54,7.95,2.62,AAA,3.28,50,https://www.valueresearchonline.com/funds/42455/,2,2,2,3,9,1,1,N/A,1,3,N/A,N/A,N/A,12,Moderate Risk
Franklin India Dynamic Asset Allocation Active FoF Dir*,hybrid,Hybrid,INF03VN01910,152849,Direct,0.98,11.81,12.56,Hybrid: Dynamic Asset Allocation,1.51,11.11,10.17,,,0.72,7.8,11.4,,,AAA,,4,https://www.valueresearchonline.com/funds/16024/,N/A,N/A,N/A,3,3,1,1,N/A,1,3,N/A,N/A,N/A,6,Moderate Risk
HDFC Balanced Advantage Dir,hybrid,Hybrid,INF209K01264,112088,Direct,-0.04,14.65,15.85,Hybrid: Dynamic Asset Allocation,1.51,11.11,10.17,,,0.78,10.75,14.22,7.58,4.35,AAA,7.32,50,https://www.valueresearchonline.com/funds/16055/,2,1,1,3,7,1,1,N/A,2,4,N/A,N/A,N/A,11,Moderate Risk
HSBC Balanced Advantage Dir,hybrid,Hybrid,INF846K01QC8,130771,Direct,2.26,10.87,9.47,Hybrid: Dynamic Asset Allocation,1.51,11.11,10.17,,,0.61,7.85,10.59,7.23,2.75,GOI/Cash,3.48,41,https://www.valueresearchonline.com/funds/16259/,2,2,2,3,9,1,1,N/A,1,3,N/A,N/A,N/A,12,Moderate Risk
Helios Balanced Advantage Dir,hybrid,Hybrid,INF0QA701490,152078,Direct,3.46,,,Hybrid: Dynamic Asset Allocation,1.51,,,,,,,,,,GOI/Cash,,31,https://www.valueresearchonline.com/funds/44208/,N/A,N/A,N/A,3,3,N/A,N/A,N/A,N/A,N/A,N/A,N/A,N/A,3,Very Low Risk
ICICI Pru Balanced Advantage Dir,hybrid,Hybrid,INF194K01649,108845,Direct,5.14,12.37,11.58,Hybrid: Dynamic Asset Allocation,1.51,11.11,10.17,,,0.8,7.56,11.85,6.78,2.6,AAA,5.34,50,https://www.valueresearchonline.com/funds/15829/,1,2,1,3,7,1,1,N/A,1,3,N/A,N/A,N/A,10,Moderately High Risk
ICICI Pru Dynamic Asset Allocation Active FoF Dir*,hybrid,Hybrid,INF761K01DW5,143620,Direct,2.7,12.26,12.01,Hybrid: Dynamic Asset Allocation*,1.51,11.11,10.17,,,0.84,7.29,11.89,,,AAA,,29,https://www.valueresearchonline.com/funds/17406/,N/A,N/A,N/A,3,3,1,1,N/A,1,3,N/A,N/A,N/A,6,Moderate Risk
ITI Balanced Advantage Dir,hybrid,Hybrid,INF251K01ON3,150250,Direct,-0.61,10.21,9.06,Hybrid: Dynamic Asset Allocation,1.51,11.11,10.17,,,0.51,8.12,9.97,5.83,0.3,AAA,0.31,37,https://www.valueresearchonline.com/funds/40425/,1,3,3,3,10,1,1,N/A,1,3,N/A,N/A,N/A,13,Moderate Risk
Invesco India Balanced Advantage Dir,hybrid,Hybrid,INF226401141,154233,Direct,-2.79,10.27,9.69,Hybrid: Dynamic Asset Allocation,1.51,11.11,10.17,,,0.47,9.18,10.1,7.33,1.85,AAA,2.16,33,https://www.valueresearchonline.com/funds/16740/,2,2,2,3,9,1,1,N/A,1,3,N/A,N/A,N/A,12,Moderate Risk
Kotak Balanced Advantage Dir,hybrid,Hybrid,INF740KA1DI4,142282,Direct,2.23,10.74,10.14,Hybrid: Dynamic Asset Allocation,1.51,11.11,10.17,,,0.53,8.93,10.51,7.5,4.5,AAA,10.89,50,https://www.valueresearchonline.com/funds/37076/,2,1,1,3,7,1,1,N/A,1,3,N/A,N/A,N/A,10,Moderately High Risk
LIC MF Balanced Advantage Dir,hybrid,Hybrid,INF754K01EF3,130205,Direct,-1.98,8.56,,Hybrid: Dynamic Asset Allocation,1.51,11.11,,,,0.32,9.03,8.66,6.84,3.92,AAA,5.08,32,https://www.valueresearchonline.com/funds/41810/,1,1,1,3,6,1,1,N/A,1,3,N/A,N/A,N/A,9,Moderately High Risk
Mahindra Manulife Balanced Advantage Dir,hybrid,Hybrid,INF090I01XP5,153042,Direct,1.95,12.72,,Hybrid: Dynamic Asset Allocation,1.51,11.11,,,,0.66,10.15,12.47,7.42,2.94,AAA,4.85,48,https://www.valueresearchonline.com/funds/41921/,2,2,2,3,9,1,1,N/A,2,4,N/A,N/A,N/A,13,Moderate Risk
Mirae Asset Balanced Advantage Dir,hybrid,Hybrid,INF666M01OQ1,154325,Direct,3.76,11.64,,Hybrid: Dynamic Asset Allocation,1.51,11.11,,,,0.67,8.17,11.3,6.72,3.27,AAA,4.37,48,https://www.valueresearchonline.com/funds/42308/,1,1,2,3,7,1,1,N/A,1,3,N/A,N/A,N/A,10,Moderately High Risk
Motilal Oswal Balanced Advantage Dir,hybrid,Hybrid,INF179K01343,106793,Direct,-4.61,5.12,5.75,Hybrid: Dynamic Asset Allocation,1.51,11.11,10.17,,,0.01,15.07,6.01,7.61,2.01,AAA,2.21,23,https://www.valueresearchonline.com/funds/32933/,2,2,2,3,9,1,1,N/A,1,3,N/A,N/A,N/A,12,Moderate Risk
NJ Balanced Advantage Dir,hybrid,Hybrid,INF179K01343,106793,Direct,0,9.93,,Hybrid: Dynamic Asset Allocation,1.51,11.11,,,,0.43,9.55,9.87,5.38,0.08,GOI/Cash,0.08,42,https://www.valueresearchonline.com/funds/41748/,1,3,3,3,10,1,1,N/A,1,3,N/A,N/A,N/A,13,Moderate Risk
Nippon India Balanced Advantage Dir,hybrid,Hybrid,INF917K01QL8,151134,Direct,3.88,12.16,10.91,Hybrid: Dynamic Asset Allocation,1.51,11.11,10.17,,,0.71,8.47,11.78,7.86,2.59,AAA,3.64,50,https://www.valueresearchonline.com/funds/17097/,2,2,2,3,9,1,1,N/A,1,3,N/A,N/A,N/A,12,Moderate Risk
PGIM India Balanced Advantage Dir,hybrid,Hybrid,INF0R8701418,154258,Direct,-1.9,8.18,8.75,Hybrid: Dynamic Asset Allocation,1.51,11.11,10.17,,,0.25,9.97,8.25,7.49,,AAA,8.78,50,https://www.valueresearchonline.com/funds/41263/,2,N/A,1,3,6,1,1,N/A,1,3,N/A,N/A,N/A,9,Moderate Risk
Parag Parikh Dynamic Asset Allocation Dir,hybrid,Hybrid,INF109K01BF6,104683,Direct,4.37,,,Hybrid: Dynamic Asset Allocation,1.51,,,,,,,,7.5,3.77,AAA,4.57,50,https://www.valueresearchonline.com/funds/44169/,2,1,2,3,8,N/A,N/A,N/A,N/A,N/A,N/A,N/A,N/A,8,Low Risk
Quant Dynamic Asset Allocation Dir,hybrid,Hybrid,INF00XX01416,147618,Direct,0.04,17.71,,Hybrid: Dynamic Asset Allocation,1.51,11.11,,,,0.72,16.59,17.71,,,AAA,,23,https://www.valueresearchonline.com/funds/43471/,N/A,N/A,N/A,3,3,1,1,N/A,2,4,N/A,N/A,N/A,7,Moderate Risk
SBI Balanced Advantage Dir,hybrid,Hybrid,INF205K01122,105603,Direct,2.63,11.68,,Hybrid: Dynamic Asset Allocation,1.51,11.11,,,,0.7,7.89,11.36,7.41,2.09,AAA,3.1,50,https://www.valueresearchonline.com/funds/41655/,2,2,2,3,9,1,1,N/A,1,3,N/A,N/A,N/A,12,Moderate Risk
SBI Dynamic Asset Allocation Active FoF Dir*,hybrid,Hybrid,INF192K01510,103780,Direct,,,,Hybrid: Dynamic Asset Allocation,,,,,,,,,,,AAA,,14,https://www.valueresearchonline.com/funds/45477/,N/A,N/A,N/A,3,3,N/A,N/A,N/A,N/A,N/A,N/A,N/A,N/A,3,Very Low Risk
Samco Dynamic Asset Allocation Dir,hybrid,Hybrid,INF174K01302,105968,Direct,-0.92,,,Hybrid: Dynamic Asset Allocation,1.51,,,,,,,,5.8,0.54,GOI/Cash,0.56,26,https://www.valueresearchonline.com/funds/43873/,1,3,3,3,10,N/A,N/A,N/A,N/A,N/A,N/A,N/A,N/A,10,Low Risk
Shriram Balanced Advantage Dir,hybrid,Hybrid,INF767K01RN3,153248,Direct,-1.99,7.67,7.83,Hybrid: Dynamic Asset Allocation,1.51,11.11,10.17,,,0.19,10.88,7.88,7.47,1.96,GOI/Cash,2.18,30,https://www.valueresearchonline.com/funds/40003/,2,2,2,3,9,1,1,N/A,1,3,N/A,N/A,N/A,12,Moderate Risk
Sundaram Balanced Advantage Dir,hybrid,Hybrid,INF174V01978,148467,Direct,-0.01,9.77,9.64,Hybrid: Dynamic Asset Allocation,1.51,11.11,10.17,,,0.42,9.23,9.71,7.04,3.75,AAA,5.62,45,https://www.valueresearchonline.com/funds/16642/,2,1,1,3,7,1,1,N/A,1,3,N/A,N/A,N/A,10,Moderately High Risk
Tata Balanced Advantage Dir,hybrid,Hybrid,INF769K01FP7,148400,Direct,3.58,10.5,10.62,Hybrid: Dynamic Asset Allocation,1.51,11.11,10.17,,,0.52,8.41,10.2,7.67,4.12,AAA,7.43,50,https://www.valueresearchonline.com/funds/38707/,2,1,1,3,7,1,1,N/A,1,3,N/A,N/A,N/A,10,Moderately High Risk
The Wealth Company Balanced Advantage Dir,hybrid,Hybrid,INF247L01EG4,153188,Direct,,,,Hybrid: Dynamic Asset Allocation,,,,,,,,,,,AAA,,31,https://www.valueresearchonline.com/funds/45771/,N/A,N/A,N/A,3,3,N/A,N/A,N/A,N/A,N/A,N/A,N/A,N/A,3,Very Low Risk
UTI Balanced Advantage Dir,hybrid,Hybrid,INF0J8L01057,150366,Direct,-1.57,,,Hybrid: Dynamic Asset Allocation,1.51,,,,,,,,7.13,1.59,AAA,1.8,50,https://www.valueresearchonline.com/funds/43666/,2,2,3,3,10,N/A,N/A,N/A,N/A,N/A,N/A,N/A,N/A,10,Low Risk
UTI Unit Linked Insurance Dir,hybrid,Hybrid,INF204K01IY1,113345,Direct,0.08,7.91,7.41,Hybrid: Dynamic Asset Allocation,1.51,11.11,10.17,,,0.3,6.64,7.8,7.63,5.42,AAA,8.49,50,https://www.valueresearchonline.com/funds/17462/,2,1,1,3,7,2,1,N/A,1,4,N/A,N/A,N/A,11,Moderate Risk
Unifi Dynamic Asset Allocation Dir,hybrid,Hybrid,INF0S5R01091,153977,Direct,8.09,,,Hybrid: Dynamic Asset Allocation,1.51,,,,,,,,10.45,1.37,AAA,1.89,50,https://www.valueresearchonline.com/funds/45026/,3,2,3,3,11,N/A,N/A,N/A,N/A,N/A,N/A,N/A,N/A,11,Very Low Risk
Union Balanced Advantage Dir,hybrid,Hybrid,INF223J019N4,138876,Direct,1.69,9.45,8.69,Hybrid: Dynamic Asset Allocation,1.51,11.11,10.17,,,0.4,8.86,9.31,7.23,2.82,AAA,3.5,44,https://www.valueresearchonline.com/funds/34862/,2,2,2,3,9,1,1,N/A,1,3,N/A,N/A,N/A,12,Moderate Risk
WhiteOak Capital Balanced Advantage Dir,hybrid,Hybrid,INF879O01217,152110,Direct,1.79,12.35,,Hybrid: Dynamic Asset Allocation,1.51,11.11,,,,0.7,8.88,11.98,7.19,2.13,AAA,2.47,50,https://www.valueresearchonline.com/funds/43008/,2,2,2,3,9,1,1,N/A,1,3,N/A,N/A,N/A,12,Moderate Risk
ABSL Equity Savings Dir,hybrid,Hybrid,INF966L01DZ1,153428,Direct,5.53,8.55,7.55,Hybrid: Equity Savings,4.29,9.49,8.8,,,0.79,3.08,8.24,7.37,1.6,GOI/Cash,1.9,50,https://www.valueresearchonline.com/funds/28671/,2,2,3,3,10,2,1,N/A,1,4,N/A,N/A,N/A,14,Low Risk
Axis Equity Savings Dir,hybrid,Hybrid,INF200K01AB4,104285,Direct,4.55,10.26,9.06,Hybrid: Equity Savings,4.29,9.49,8.8,,,0.72,5.7,9.91,7.37,3.04,AAA,3.85,47,https://www.valueresearchonline.com/funds/30703/,2,1,2,3,8,2,1,N/A,1,4,N/A,N/A,N/A,12,Moderate Risk
Bajaj Finserv Equity Savings Dir,hybrid,Hybrid,INF0K1H01222,153091,Direct,,,,Hybrid: Equity Savings,,,,,,,,,7.17,0.5,GOI/Cash,0.5,26,https://www.valueresearchonline.com/funds/45398/,2,3,3,3,11,N/A,N/A,N/A,N/A,N/A,N/A,N/A,N/A,11,Very Low Risk
Bandhan Equity Savings Dir,hybrid,Hybrid,INF173K01NB6,149552,Direct,4.54,7.71,7.3,Hybrid: Equity Savings,4.29,9.49,8.8,,,0.63,2.53,7.4,7.46,2.31,GOI/Cash,2.82,43,https://www.valueresearchonline.com/funds/17857/,2,2,2,3,9,3,1,N/A,1,5,N/A,N/A,N/A,14,Low Risk
Baroda BNP Paribas Equity Svngs Dir,hybrid,Hybrid,INF0GCD01867,153805,Direct,4.17,9.86,8.93,Hybrid: Equity Savings,4.29,9.49,8.8,,,0.63,6,9.58,7.39,2.66,AAA,3.11,46,https://www.valueresearchonline.com/funds/40120/,2,2,2,3,9,2,1,N/A,1,4,N/A,N/A,N/A,13,Moderate Risk
DSP Equity Savings Dir,hybrid,Hybrid,INF277K015Q7,145723,Direct,3.17,9.36,8.64,Hybrid: Equity Savings,4.29,9.49,8.8,,,0.81,3.94,9.01,7.27,2.5,GOI/Cash,5.02,50,https://www.valueresearchonline.com/funds/32141/,2,2,1,3,8,2,1,N/A,1,4,N/A,N/A,N/A,12,Moderate Risk
Edelweiss Equity Savings Dir,hybrid,Hybrid,INF2F0001305,153892,Direct,7.53,11.79,10.15,Hybrid: Equity Savings,4.29,9.49,8.8,,,1.25,4.35,11.25,7.01,1.11,GOI/Cash,1.25,41,https://www.valueresearchonline.com/funds/28229/,2,2,3,3,10,2,2,N/A,1,5,N/A,N/A,N/A,15,Low Risk
Franklin India Equity Savings Dir,hybrid,Hybrid,INF789FB1RJ0,104075,Direct,4.03,7.93,7.87,Hybrid: Equity Savings,4.29,9.49,8.8,,,0.7,2.59,7.62,7.42,2.83,AAA,4,38,https://www.valueresearchonline.com/funds/37266/,2,2,2,3,9,3,1,N/A,1,5,N/A,N/A,N/A,14,Low Risk
HDFC Equity Savings Dir,hybrid,Hybrid,INF582M01EW9,146294,Direct,2.61,9.33,9.03,Hybrid: Equity Savings,4.29,9.49,8.8,,,0.61,5.28,9.03,7.48,2.99,AAA,3.57,50,https://www.valueresearchonline.com/funds/16118/,2,2,2,3,9,2,1,N/A,1,4,N/A,N/A,N/A,13,Moderate Risk
HSBC Equity Savings Dir,hybrid,Hybrid,INF03VN01928,152850,Direct,12.03,14.08,11.99,Hybrid: Equity Savings,4.29,9.49,8.8,,,0.96,8.04,13.49,6.81,2.03,GOI/Cash,2.26,39,https://www.valueresearchonline.com/funds/16283/,1,2,2,3,8,1,1,N/A,2,4,N/A,N/A,N/A,12,Moderate Risk
ICICI Pru Equity Savings Dir,hybrid,Hybrid,INF579M01AY9,152076,Direct,3.02,7.61,7.75,Hybrid: Equity Savings,4.29,9.49,8.8,,,0.53,2.95,7.36,7.51,3.84,GOI/Cash,7.31,50,https://www.valueresearchonline.com/funds/28745/,2,1,1,3,7,3,1,N/A,1,5,N/A,N/A,N/A,12,Moderate Risk
Invesco India Equity Savings Dir,hybrid,Hybrid,INF090I01WQ5,150481,Direct,-1.54,9.22,8.21,Hybrid: Equity Savings,4.29,9.49,8.8,,,0.51,6.28,8.99,7.2,2.75,AAA,3.48,35,https://www.valueresearchonline.com/funds/39161/,2,2,2,3,9,2,1,N/A,1,4,N/A,N/A,N/A,13,Moderate Risk
Kotak Equity Savings Dir,hybrid,Hybrid,INF789F1A777,144490,Direct,5.65,11.01,10.67,Hybrid: Equity Savings,4.29,9.49,8.8,,,0.76,6.3,10.57,7.39,1.9,AAA,2.73,50,https://www.valueresearchonline.com/funds/28168/,2,2,2,3,9,2,1,N/A,1,4,N/A,N/A,N/A,13,Moderate Risk
LIC MF Equity Savings Dir,hybrid,Hybrid,INF789F1AYV3,151885,Direct,1.72,9.32,8.04,Hybrid: Equity Savings,4.29,9.49,8.8,,,0.47,7.24,9.19,,,GOI/Cash,,27,https://www.valueresearchonline.com/funds/16516/,N/A,N/A,N/A,3,3,1,1,N/A,1,3,N/A,N/A,N/A,6,Moderate Risk
Mahindra Manulife Equity Savings Dir,hybrid,Hybrid,INF03VN01829,152132,Direct,6.17,10.73,9.86,Hybrid: Equity Savings,4.29,9.49,8.8,,,0.82,5.52,10.32,7.33,2.05,AAA,2.45,50,https://www.valueresearchonline.com/funds/33353/,2,2,2,3,9,2,1,N/A,1,4,N/A,N/A,N/A,13,Moderate Risk
Mirae Asset Equity Savings Dir,hybrid,Hybrid,INF579M01AV5,152075,Direct,4.61,10.88,9.91,Hybrid: Equity Savings,4.29,9.49,8.8,,,0.74,6.31,10.49,6.25,2.63,AAA,3.57,50,https://www.valueresearchonline.com/funds/38387/,1,2,2,3,8,2,1,N/A,1,4,N/A,N/A,N/A,12,Moderate Risk
Nippon India Equity Savings Dir,hybrid,Hybrid,INF090I01WN2,150480,Direct,3.51,7.59,7.54,Hybrid: Equity Savings,4.29,9.49,8.8,,,0.41,3.8,7.35,7.43,2.97,GOI/Cash,3.54,49,https://www.valueresearchonline.com/funds/30217/,2,2,2,3,9,2,1,N/A,1,4,N/A,N/A,N/A,13,Moderate Risk
Nippon India Equity Savings Seg Port 1 Direct,hybrid,Hybrid,INF789F1A744,144484,Direct,,,,,,,,,,,,,,,C,,1,https://www.valueresearchonline.com/funds/40321/,N/A,N/A,N/A,1,1,N/A,N/A,N/A,N/A,N/A,N/A,N/A,N/A,1,Moderately High Risk
Nippon India Equity Savings Seg Port 2 Direct,hybrid,Hybrid,INF789F1AYT7,151882,Direct,,,,,,,,,,,,,7.12,2.77,C,3.31,1,https://www.valueresearchonline.com/funds/40865/,2,2,2,1,7,N/A,N/A,N/A,N/A,N/A,N/A,N/A,N/A,7,Moderate Risk
PGIM India Equity Savings Dir,hybrid,Hybrid,INF03VN01811,152133,Direct,3.5,6.92,6.75,Hybrid: Equity Savings,4.29,9.49,8.8,,,0.28,3.15,6.7,7.13,,GOI/Cash,5.57,32,https://www.valueresearchonline.com/funds/16392/,2,N/A,1,3,6,2,1,N/A,1,4,N/A,N/A,N/A,10,Moderate Risk
Quant Equity Savings Dir,hybrid,Hybrid,INF084M01EQ8,132183,Direct,,,,Hybrid: Equity Savings,,,,,,,,,,,GOI/Cash,,18,https://www.valueresearchonline.com/funds/45353/,N/A,N/A,N/A,3,3,N/A,N/A,N/A,N/A,N/A,N/A,N/A,N/A,3,Very Low Risk
SBI Equity Savings Dir,hybrid,Hybrid,INF209K01XH4,120705,Direct,2.39,9.63,8.95,Hybrid: Equity Savings,4.29,9.49,8.8,,,0.67,5.28,9.33,7.51,1.43,AAA,1.61,50,https://www.valueresearchonline.com/funds/30277/,2,2,3,3,10,2,1,N/A,1,4,N/A,N/A,N/A,14,Low Risk
Sundaram Equity Savings Dir,hybrid,Hybrid,INF084M01EM7,132181,Direct,1.39,10.31,10.02,Hybrid: Equity Savings,4.29,9.49,8.8,,,0.68,6.11,9.98,6.54,2.13,GOI/Cash,2.75,34,https://www.valueresearchonline.com/funds/16819/,1,2,2,3,8,2,1,N/A,1,4,N/A,N/A,N/A,12,Moderate Risk
UTI Equity Savings Dir,hybrid,Hybrid,INF846K01EA8,120480,Direct,3.54,9.46,9.61,Hybrid: Equity Savings,4.29,9.49,8.8,,,0.67,5,9.14,6.26,2.43,GOI/Cash,2.76,36,https://www.valueresearchonline.com/funds/37353/,1,2,2,3,8,2,1,N/A,1,4,N/A,N/A,N/A,12,Moderate Risk
Union Equity Savings Dir,hybrid,Hybrid,INF846K01G60,140648,Direct,3.48,7.74,6.99,Hybrid: Equity Savings,4.29,9.49,8.8,,,0.34,4.93,7.46,6.8,2.14,GOI/Cash,2.55,30,https://www.valueresearchonline.com/funds/37122/,1,2,2,3,8,2,1,N/A,1,4,N/A,N/A,N/A,12,Moderate Risk
WhiteOak Capital Equity Savings Dir,hybrid,Hybrid,INF194K015B9,118491,Direct,8.7,,,Hybrid: Equity Savings,4.29,,,,,,,,6.83,3.98,GOI/Cash,5.17,49,https://www.valueresearchonline.com/funds/44999/,1,1,1,3,6,N/A,N/A,N/A,N/A,N/A,N/A,N/A,N/A,6,Moderate Risk
360 ONE Multi Asset Allocation Dir*,hybrid,Hybrid,INF194K01Z44,118479,Direct,,,,Hybrid: Multi Asset Allocation,,,,,,,,,7.48,3.36,AAA,5.27,50,https://www.valueresearchonline.com/funds/45414/,2,1,1,3,7,N/A,N/A,N/A,N/A,N/A,N/A,N/A,N/A,7,Moderate Risk
ABSL Multi Asset Allocation Dir,hybrid,Hybrid,INF761K01819,119393,Direct,13.67,17.23,,Hybrid: Multi Asset Allocation,10.4,15.99,,,,1.04,10.25,16.46,7.3,1.76,AAA,2.04,50,https://www.valueresearchonline.com/funds/43042/,2,2,2,3,9,1,2,N/A,2,5,N/A,N/A,N/A,14,Low Risk
ABSL Multi-Asset Omni FoF Dir*,hybrid,Hybrid,INF251K01HR8,150206,Direct,12.09,18.26,14.04,Hybrid: Multi Asset Allocation,10.4,15.99,14.25,,,1.07,10.87,17.43,,,AAA,,13,https://www.valueresearchonline.com/funds/16889/,N/A,N/A,N/A,3,3,1,2,N/A,2,5,N/A,N/A,N/A,8,Low Risk
ABSL Multi-Asset Passive FoF Dir*,hybrid,Hybrid,INF760K01GB4,118309,Direct,9,17.01,,Hybrid: Multi Asset Allocation,10.4,15.99,,,,0.94,11.29,16.4,,,GOI/Cash,,12,https://www.valueresearchonline.com/funds/42609/,N/A,N/A,N/A,3,3,1,1,N/A,2,4,N/A,N/A,N/A,7,Moderate Risk
Axis Multi Asset Allocation Dir,hybrid,Hybrid,INF740K01NO5,118994,Direct,11.2,14.22,11.06,Hybrid: Multi Asset Allocation,10.4,15.99,14.25,,,0.81,9.81,13.75,7.15,1.93,AAA,2.31,50,https://www.valueresearchonline.com/funds/15693/,2,2,2,3,9,1,1,N/A,2,4,N/A,N/A,N/A,13,Moderate Risk
Axis Multi-Asset Active FoF Dir*,hybrid,Hybrid,INF090I01GF1,118574,Direct,,,,Hybrid: Multi Asset Allocation,,,,,,,,,,,AAA,,18,https://www.valueresearchonline.com/funds/45610/,N/A,N/A,N/A,3,3,N/A,N/A,N/A,N/A,N/A,N/A,N/A,N/A,3,Very Low Risk
Bajaj Finserv Multi Asset Allocation Dir,hybrid,Hybrid,INF179K01XE6,119118,Direct,9.33,,,Hybrid: Multi Asset Allocation,10.4,,,,,,,,7.32,1.31,AAA,1.43,37,https://www.valueresearchonline.com/funds/44329/,2,2,3,3,10,N/A,N/A,N/A,N/A,N/A,N/A,N/A,N/A,10,Low Risk
Bandhan Multi Asset Allocation Dir,hybrid,Hybrid,INF179K01YM1,119862,Direct,15.37,,,Hybrid: Multi Asset Allocation,10.4,,,,,,,,6.34,,GOI/Cash,2.5,36,https://www.valueresearchonline.com/funds/44030/,1,N/A,2,3,6,N/A,N/A,N/A,N/A,N/A,N/A,N/A,N/A,6,Low Risk
Bandhan Multi-Asset Passive FoF Dir,hybrid,Hybrid,INF336L01DW4,120073,Direct,2.17,10.03,9.07,Hybrid: Multi Asset Allocation,10.4,15.99,14.25,,,0.54,7.42,9.84,,,GOI/Cash,,5,https://www.valueresearchonline.com/funds/17861/,N/A,N/A,N/A,3,3,1,1,N/A,1,3,N/A,N/A,N/A,6,Moderate Risk
Bank of India Multi Asset Allocation Dir,hybrid,Hybrid,INF109K01S39,120616,Direct,11.1,,,Hybrid: Multi Asset Allocation,10.4,,,,,,,,7.72,2.96,AAA,3.65,43,https://www.valueresearchonline.com/funds/44098/,2,2,2,3,9,N/A,N/A,N/A,N/A,N/A,N/A,N/A,N/A,9,Low Risk
Baroda BNP Paribas Multi Asset Active FoF Dir,hybrid,Hybrid,INF109KC1UA8,146716,Direct,11.39,,,Hybrid: Multi Asset Allocation,10.4,,,,,,,,,,AAA,,4,https://www.valueresearchonline.com/funds/45178/,N/A,N/A,N/A,3,3,N/A,N/A,N/A,N/A,N/A,N/A,N/A,N/A,3,Very Low Risk
Baroda BNP Paribas Multi Asset Dir,hybrid,Hybrid,INF174K01LA0,119769,Direct,8.03,16.32,,Hybrid: Multi Asset Allocation,10.4,15.99,,,,0.9,11.08,15.78,7.14,2.37,AAA,3.72,39,https://www.valueresearchonline.com/funds/42783/,2,2,2,3,9,1,1,N/A,2,4,N/A,N/A,N/A,13,Moderate Risk
Canara Robeco Multi Asset Allocation Dir,hybrid,Hybrid,INF767K01YH3,151867,Direct,9.43,,,Hybrid: Multi Asset Allocation,10.4,,,,,,,,6.12,0.37,GOI/Cash,0.38,34,https://www.valueresearchonline.com/funds/45168/,1,3,3,3,10,N/A,N/A,N/A,N/A,N/A,N/A,N/A,N/A,10,Low Risk
Capitalmind Multi Asset Allocation Dir*,hybrid,Hybrid,INF204K01YV4,118726,Direct,,,,Hybrid: Multi Asset Allocation,,,,,,,,,6.36,0.1,AAA,0.1,34,https://www.valueresearchonline.com/funds/45851/,1,3,3,3,10,N/A,N/A,N/A,N/A,N/A,N/A,N/A,N/A,10,Low Risk
DSP Multi Asset Allocation Dir*,hybrid,Hybrid,INF204KB14O0,148296,Direct,17.6,,,Hybrid: Multi Asset Allocation,10.4,,,,,,,,6.9,4.27,AAA,9.38,50,https://www.valueresearchonline.com/funds/43741/,1,1,1,3,6,N/A,N/A,N/A,N/A,N/A,N/A,N/A,N/A,6,Moderate Risk
DSP Multi Asset Omni FoF Dir*,hybrid,Hybrid,INF204KB12K2,148143,Direct,,,,Hybrid: Multi Asset Allocation*,,,,,,,,,,,AAA,,12,https://www.valueresearchonline.com/funds/45803/,N/A,N/A,N/A,3,3,N/A,N/A,N/A,N/A,N/A,N/A,N/A,N/A,3,Very Low Risk
Edelweiss Multi Asset Allocation Dir,hybrid,Hybrid,INF204KA1C30,133569,Direct,6.44,7.68,,Hybrid: Multi Asset Allocation,10.4,15.99,,,,1.21,1.38,7.47,7.75,1.63,AAA,1.78,50,https://www.valueresearchonline.com/funds/43551/,2,2,3,3,10,3,2,N/A,1,6,N/A,N/A,N/A,16,Low Risk
Edelweiss Multi Asset Omni FoF Dir*,hybrid,Hybrid,INF879O01175,148958,Direct,,,,Hybrid: Multi Asset Allocation,,,,,,,,,,,AAA,,11,https://www.valueresearchonline.com/funds/45419/,N/A,N/A,N/A,3,3,N/A,N/A,N/A,N/A,N/A,N/A,N/A,N/A,3,Very Low Risk
Franklin India Multi Asset Allocation Dir,hybrid,Hybrid,INF200K01TS8,119839,Direct,,,,Hybrid: Multi Asset Allocation,,,,,,,,,7.85,0.9,AAA,1.06,43,https://www.valueresearchonline.com/funds/45368/,2,3,3,3,11,N/A,N/A,N/A,N/A,N/A,N/A,N/A,N/A,11,Very Low Risk
Groww Multi Asset Allocation Dir,hybrid,Hybrid,INF200K01TS8,119839,Direct,,,,Hybrid: Multi Asset Allocation,,,,,,,,,6.06,0,AAA,0,37,https://www.valueresearchonline.com/funds/45464/,1,3,3,3,10,N/A,N/A,N/A,N/A,N/A,N/A,N/A,N/A,10,Low Risk
Groww Multi Asset Omni FoF Dir*,hybrid,Hybrid,INF200KA1S50,141273,Direct,,,,Hybrid: Multi Asset Allocation,,,,,,,,,,,AAA,,15,https://www.valueresearchonline.com/funds/45675/,N/A,N/A,N/A,3,3,N/A,N/A,N/A,N/A,N/A,N/A,N/A,N/A,3,Very Low Risk
HDFC Multi-Asset Active FoF Dir,hybrid,Hybrid,INF200KA1S50,141273,Direct,6.24,14.64,13.89,Hybrid: Multi Asset Allocation,10.4,15.99,14.25,,,1.07,7.61,13.95,,,AAA,,18,https://www.valueresearchonline.com/funds/41462/,N/A,N/A,N/A,3,3,1,2,N/A,2,5,N/A,N/A,N/A,8,Low Risk
HDFC Multi-Asset Allocation Dir,hybrid,Hybrid,INF903J01OP6,119635,Direct,4.04,12.9,12.2,Hybrid: Multi Asset Allocation,10.4,15.99,14.25,,,0.86,7.65,12.38,7.25,2.5,AAA,2.78,50,https://www.valueresearchonline.com/funds/16128/,2,2,2,3,9,1,1,N/A,2,4,N/A,N/A,N/A,13,Moderate Risk
HSBC Multi Asset Active FoF Dir*,hybrid,Hybrid,INF277K01PL0,117018,Direct,13.62,16.47,13.44,Hybrid: Multi Asset Allocation,10.4,15.99,14.25,,,0.91,11.11,15.93,,,AAA,,10,https://www.valueresearchonline.com/funds/25864/,N/A,N/A,N/A,3,3,1,1,N/A,2,4,N/A,N/A,N/A,7,Moderate Risk
HSBC Multi Asset Allocation Dir,hybrid,Hybrid,INF789F1AQP1,148106,Direct,17.18,,,Hybrid: Multi Asset Allocation,10.4,,,,,,,,7.7,2.65,AAA,3.65,45,https://www.valueresearchonline.com/funds/44089/,2,2,2,3,9,N/A,N/A,N/A,N/A,N/A,N/A,N/A,N/A,9,Low Risk
ICICI Pru Multi Asset Dir*,hybrid,Hybrid,INF789F01UJ7,120779,Direct,6.21,16.87,18.08,Hybrid: Multi Asset Allocation,10.4,15.99,14.25,,,1.15,8.85,15.98,6.94,2.26,AAA,4.14,50,https://www.valueresearchonline.com/funds/15945/,1,2,2,3,8,1,2,N/A,2,5,N/A,N/A,N/A,13,Moderate Risk
ICICI Pru Passive Multi-Asset FoF Dir*,hybrid,Hybrid,INF084M01044,132178,Direct,9.77,13.68,,Hybrid: Multi Asset Allocation,10.4,15.99,,,,1.04,7.03,13.08,,,AAA,,29,https://www.valueresearchonline.com/funds/41932/,N/A,N/A,N/A,3,3,1,2,N/A,2,5,N/A,N/A,N/A,8,Low Risk
Invesco India Multi Asset Allocation Dir,hybrid,Hybrid,INF209K01751,101818,Direct,14.48,,,Hybrid: Multi Asset Allocation,10.4,,,,,,,,,,AAA,,39,https://www.valueresearchonline.com/funds/44738/,N/A,N/A,N/A,3,3,N/A,N/A,N/A,N/A,N/A,N/A,N/A,N/A,3,Very Low Risk
Kotak Multi Asset Active FoF Dir,hybrid,Hybrid,INF084M01BN8,132175,Direct,,,,Hybrid: Multi Asset Allocation,,,,,,,,,,,AAA,,10,https://www.valueresearchonline.com/funds/45941/,N/A,N/A,N/A,3,3,N/A,N/A,N/A,N/A,N/A,N/A,N/A,N/A,3,Very Low Risk
Kotak Multi Asset Allocation Dir,hybrid,Hybrid,INF846K01693,112924,Direct,20.6,,,Hybrid: Multi Asset Allocation,10.4,,,,,,,,7.14,3.24,AAA,7.81,50,https://www.valueresearchonline.com/funds/43732/,2,1,1,3,7,N/A,N/A,N/A,N/A,N/A,N/A,N/A,N/A,7,Moderate Risk
Kotak Multi Asset Omni FoF Dir*,hybrid,Hybrid,INF846K01G86,140645,Direct,8,16.51,16.11,Hybrid: Multi Asset Allocation,10.4,15.99,14.25,,,0.96,10.49,15.88,,,GOI/Cash,,16,https://www.valueresearchonline.com/funds/17436/,N/A,N/A,N/A,3,3,1,1,N/A,2,4,N/A,N/A,N/A,7,Moderate Risk
LIC MF Multi Asset Allocation Dir,hybrid,Hybrid,INF194K01557,108994,Direct,7.65,,,Hybrid: Multi Asset Allocation,10.4,,,,,,,,,,AAA,,37,https://www.valueresearchonline.com/funds/44886/,N/A,N/A,N/A,3,3,N/A,N/A,N/A,N/A,N/A,N/A,N/A,N/A,3,Very Low Risk
Mahindra Manulife Multi Asset Allocation Dir,hybrid,Hybrid,INF194K01RW9,112353,Direct,15.2,,,Hybrid: Multi Asset Allocation,10.4,,,,,,,,7.65,2.5,AAA,3.79,50,https://www.valueresearchonline.com/funds/44130/,2,2,2,3,9,N/A,N/A,N/A,N/A,N/A,N/A,N/A,N/A,9,Low Risk
Mirae Asset Multi Asset Allocation Dir,hybrid,Hybrid,INF761K01462,111712,Direct,10.85,,,Hybrid: Multi Asset Allocation,10.4,,,,,,,,6.38,2.01,AAA,2.51,50,https://www.valueresearchonline.com/funds/44004/,1,2,2,3,8,N/A,N/A,N/A,N/A,N/A,N/A,N/A,N/A,8,Low Risk
Motilal Oswal Asset Allocation Passive FoF-Agrssv Dir*,hybrid,Hybrid,INF761K01462,111712,Direct,9.07,15.88,13.11,Hybrid: Multi Asset Allocation,10.4,15.99,14.25,,,1.01,9.22,15.15,,,GOI/Cash,,4,https://www.valueresearchonline.com/funds/41334/,N/A,N/A,N/A,3,3,1,2,N/A,2,5,N/A,N/A,N/A,8,Low Risk
Motilal Oswal Asset Allocation Passive FoF-Cons Dir*,hybrid,Hybrid,INF251K01845,150203,Direct,9.96,13.8,11.17,Hybrid: Multi Asset Allocation,10.4,15.99,14.25,,,1.22,5.96,13.09,,,GOI/Cash,,4,https://www.valueresearchonline.com/funds/41336/,N/A,N/A,N/A,3,3,2,2,N/A,2,6,N/A,N/A,N/A,9,Low Risk
Nippon India Multi Asset Allocation Dir*,hybrid,Hybrid,INF760K01282,100601,Direct,13.92,20.05,16.57,Hybrid: Multi Asset Allocation,10.4,15.99,14.25,,,1.35,9.62,18.77,7.02,2.35,AAA,2.84,50,https://www.valueresearchonline.com/funds/41074/,2,2,2,3,9,1,2,N/A,3,6,N/A,N/A,N/A,15,Low Risk
Nippon India Multi-Asset Omni FoF Dir,hybrid,Hybrid,INF740K01441,102448,Direct,8.99,18.71,16.76,Hybrid: Multi Asset Allocation,10.4,15.99,14.25,,,1.18,10.09,17.73,,,AAA,,8,https://www.valueresearchonline.com/funds/41267/,N/A,N/A,N/A,3,3,1,2,N/A,2,5,N/A,N/A,N/A,8,Low Risk
PGIM India Multi Asset Allocation Dir,hybrid,Hybrid,INF090I01EA7,100948,Direct,,,,Hybrid: Multi Asset Allocation,,,,,,,,,6.24,,GOI/Cash,2.53,35,https://www.valueresearchonline.com/funds/45619/,1,N/A,2,3,6,N/A,N/A,N/A,N/A,N/A,N/A,N/A,N/A,6,Low Risk
Quant Multi Asset Allocation Dir,hybrid,Hybrid,INF179K01AE4,102147,Direct,18.76,24.34,20.78,Hybrid: Multi Asset Allocation,10.4,15.99,14.25,,,1.39,12,22.54,5.86,1.31,GOI/Cash,2.25,47,https://www.valueresearchonline.com/funds/17359/,1,2,2,3,8,1,2,N/A,3,6,N/A,N/A,N/A,14,Low Risk
Quantum Multi Asset Active FoF Dir*,hybrid,Hybrid,INF179K01YQ2,119866,Direct,4.96,11.51,9.98,Hybrid: Multi Asset Allocation,10.4,15.99,14.25,,,0.81,6.57,11.15,,,AAA,,5,https://www.valueresearchonline.com/funds/15074/,N/A,N/A,N/A,3,3,2,1,N/A,1,4,N/A,N/A,N/A,7,Moderate Risk
Quantum Multi Asset Allocation Dir,hybrid,Hybrid,INF336L01099,102262,Direct,2.46,,,Hybrid: Multi Asset Allocation,10.4,,,,,,,,,,GOI/Cash,,30,https://www.valueresearchonline.com/funds/44176/,N/A,N/A,N/A,3,3,N/A,N/A,N/A,N/A,N/A,N/A,N/A,N/A,3,Very Low Risk
SBI Multi Asset Allocation Dir,hybrid,Hybrid,INF109K01902,102330,Direct,11.98,17.26,14.41,Hybrid: Multi Asset Allocation,10.4,15.99,14.25,,,1.25,8.43,16.35,8.07,1.75,AAA,2.15,50,https://www.valueresearchonline.com/funds/17657/,3,2,2,3,10,1,2,N/A,2,5,N/A,N/A,N/A,15,Low Risk
Samco Multi Asset Allocation Dir*,hybrid,Hybrid,INF109KC1UB6,146714,Direct,3.4,,,Hybrid: Multi Asset Allocation,10.4,,,,,,,,5.82,0.58,GOI/Cash,0.61,27,https://www.valueresearchonline.com/funds/44777/,1,3,3,3,10,N/A,N/A,N/A,N/A,N/A,N/A,N/A,N/A,10,Low Risk
Shriram Multi Asset Allocation Dir,hybrid,Hybrid,INF174K01EV8,133031,Direct,7.33,,,Hybrid: Multi Asset Allocation,10.4,,,,,,,,6.95,0.86,AAA,0.92,36,https://www.valueresearchonline.com/funds/43717/,1,3,3,3,10,N/A,N/A,N/A,N/A,N/A,N/A,N/A,N/A,10,Low Risk
Sundaram Multi Asset Allocation Dir,hybrid,Hybrid,INF767K01808,101869,Direct,6.76,,,Hybrid: Multi Asset Allocation,10.4,,,,,,,,6.44,2.66,GOI/Cash,3.16,38,https://www.valueresearchonline.com/funds/44042/,1,2,2,3,8,N/A,N/A,N/A,N/A,N/A,N/A,N/A,N/A,8,Low Risk
Tata Multi Asset Allocation Dir*,hybrid,Hybrid,INF204K01FD1,102172,Direct,8.79,15.04,13.94,Hybrid: Multi Asset Allocation,10.4,15.99,14.25,,,0.9,9.6,14.44,7.73,2.85,GOI/Cash,3.69,50,https://www.valueresearchonline.com/funds/40686/,2,2,2,3,9,1,1,N/A,2,4,N/A,N/A,N/A,13,Moderate Risk
The Wealth Company Multi Asset Allocation Dir,hybrid,Hybrid,INF204KB19O9,148293,Direct,,,,Hybrid: Multi Asset Allocation,,,,,,,,,,,AAA,,45,https://www.valueresearchonline.com/funds/45635/,N/A,N/A,N/A,3,3,N/A,N/A,N/A,N/A,N/A,N/A,N/A,N/A,3,Very Low Risk
UTI Multi Asset Allocation Dir,hybrid,Hybrid,INF204KB17K1,148141,Direct,4.98,16.74,14.33,Hybrid: Multi Asset Allocation,10.4,15.99,14.25,,,0.96,10.6,16,7.69,4.98,AAA,9.32,50,https://www.valueresearchonline.com/funds/15963/,2,1,1,3,7,1,1,N/A,2,4,N/A,N/A,N/A,11,Moderate Risk
Union Multi Asset Allocation Dir,hybrid,Hybrid,INF204KA1C06,133567,Direct,13.94,,,Hybrid: Multi Asset Allocation,10.4,,,,,,,,6.55,2.12,AAA,2.98,32,https://www.valueresearchonline.com/funds/44470/,1,2,2,3,8,N/A,N/A,N/A,N/A,N/A,N/A,N/A,N/A,8,Low Risk
WhiteOak Capital Multi Asset Allocation Dir*,hybrid,Hybrid,INF879O01209,148959,Direct,11.94,16.73,,Hybrid: Multi Asset Allocation,10.4,15.99,,,,1.94,5.11,15.73,6.74,1.66,AAA,1.93,50,https://www.valueresearchonline.com/funds/43501/,1,2,3,3,9,2,2,N/A,2,6,N/A,N/A,N/A,15,Low Risk
Zerodha Multi Asset Passive FoF Dir,hybrid,Hybrid,INF200K01859,100968,Direct,,,,Hybrid: Multi Asset Allocation,,,,,,,,,,,GOI/Cash,,4,https://www.valueresearchonline.com/funds/45395/,N/A,N/A,N/A,3,3,N/A,N/A,N/A,N/A,N/A,N/A,N/A,N/A,3,Very Low Risk
ABSL Aggressive Hybrid Omni FoF Reg,hybrid,Hybrid,INF200K01859,100968,Regular,1.76,11.82,10.36,Hybrid: Aggressive Hybrid,0.09,11.62,10.68,,,0.58,10.01,11.63,,,AAA,,10,https://www.valueresearchonline.com/funds/12659/,N/A,N/A,N/A,3,3,1,1,N/A,1,3,N/A,N/A,N/A,6,Moderate Risk
ABSL Equity Hybrid '95 Reg,hybrid,Hybrid,INF200KA1S35,141271,Regular,-1.77,10.37,9.02,Hybrid: Aggressive Hybrid,0.09,11.62,10.68,,,0.41,11.22,10.42,8.07,4.23,AAA,6.58,50,https://www.valueresearchonline.com/funds/511/,3,1,1,3,8,1,1,N/A,1,3,N/A,N/A,N/A,11,Moderate Risk
ABSL Retirement 40s Reg,hybrid,Hybrid,INF200KA1S35,141271,Regular,0.11,11.26,8.66,Hybrid: Aggressive Hybrid,0.09,11.62,10.68,,,0.48,11.5,11.31,6.46,3.91,GOI/Cash,7.66,30,https://www.valueresearchonline.com/funds/39183/,1,1,1,3,6,1,1,N/A,1,3,N/A,N/A,N/A,9,Moderately High Risk
Axis Aggressive Hybrid Reg,hybrid,Hybrid,INF903J01HB0,112868,Regular,-0.97,8.98,7.88,Hybrid: Aggressive Hybrid,0.09,11.62,10.68,,,0.3,11.1,9.13,8.13,2.34,AA,3.03,50,https://www.valueresearchonline.com/funds/37130/,3,2,2,2,9,1,1,N/A,1,3,N/A,N/A,N/A,12,Moderate Risk
Axis Children's Reg,hybrid,Hybrid,INF277K01PJ4,117020,Regular,-1.23,8.23,7.29,Hybrid: Aggressive Hybrid,0.09,11.62,10.68,,,0.24,10.88,8.43,7.5,4.27,AAA,5.35,44,https://www.valueresearchonline.com/funds/31505/,2,1,1,3,7,1,1,N/A,1,3,N/A,N/A,N/A,10,Moderately High Risk
Axis Retirement-Aggressive Plan Reg,hybrid,Hybrid,INF789F1AQJ4,148105,Regular,-3.24,10.62,7.23,Hybrid: Aggressive Hybrid,0.09,11.62,10.68,,,0.41,12.14,10.78,7.11,6.55,AAA,11.9,33,https://www.valueresearchonline.com/funds/40427/,2,1,1,3,7,1,1,N/A,1,3,N/A,N/A,N/A,10,Moderately High Risk
Bandhan Aggressive Hybrid Passive FoF Reg,hybrid,Hybrid,INF789F01893,102535,Regular,7.21,13.09,11.02,Hybrid: Aggressive Hybrid,0.09,11.62,10.68,,,0.61,11.89,13,,,GOI/Cash,,3,https://www.valueresearchonline.com/funds/10846/,N/A,N/A,N/A,3,3,1,1,N/A,2,4,N/A,N/A,N/A,7,Moderate Risk
Bandhan Aggressive Hybrid Reg,hybrid,Hybrid,INF084M01DJ5,131670,Regular,5.97,13.95,11.84,Hybrid: Aggressive Hybrid,0.09,11.62,10.68,,,0.63,12.55,13.74,7.5,2.48,AAA,3.7,42,https://www.valueresearchonline.com/funds/33268/,2,2,2,3,9,1,1,N/A,2,4,N/A,N/A,N/A,13,Moderate Risk
Bandhan Retirement Reg,hybrid,Hybrid,INF084M01EW6,132186,Regular,-0.4,,,Hybrid: Aggressive Hybrid,0.09,,,,,,,,7.08,8.59,GOI/Cash,20.2,26,https://www.valueresearchonline.com/funds/43789/,2,1,1,3,7,N/A,N/A,N/A,N/A,N/A,N/A,N/A,N/A,7,Moderate Risk
Bank of India Mid & Small Cap Eqt & Debt Reg,hybrid,Hybrid,INF846K01A29,141642,Regular,7.39,18.96,15.16,Hybrid: Aggressive Hybrid,0.09,11.62,10.68,,,0.81,16,18.77,7.22,1.76,AAA,2.15,50,https://www.valueresearchonline.com/funds/32607/,2,2,2,3,9,1,1,N/A,3,5,N/A,N/A,N/A,14,Low Risk
Baroda BNP Paribas Aggressive Hybrid Reg,hybrid,Hybrid,INF846K01G44,140647,Regular,-0.91,11.27,9.98,Hybrid: Aggressive Hybrid,0.09,11.62,10.68,,,0.49,11.08,11.24,7.63,2.17,AAA,3.5,50,https://www.valueresearchonline.com/funds/33834/,2,2,2,3,9,1,1,N/A,1,3,N/A,N/A,N/A,12,Moderate Risk
Baroda BNP Paribas Retirement Reg,hybrid,Hybrid,INF0QA701656,152194,Regular,2.15,,,Hybrid: Aggressive Hybrid,0.09,,,,,,,,7.5,9.82,AAA,28.83,32,https://www.valueresearchonline.com/funds/44293/,2,1,1,3,7,N/A,N/A,N/A,N/A,N/A,N/A,N/A,N/A,7,Moderate Risk
Canara Robeco Equity Hybrid Reg,hybrid,Hybrid,INF194KA1UH1,131355,Regular,-0.17,10.91,9.96,Hybrid: Aggressive Hybrid,0.09,11.62,10.68,,,0.45,11.31,10.88,7.14,1.22,AAA,2.07,50,https://www.valueresearchonline.com/funds/75/,2,2,2,3,9,1,1,N/A,1,3,N/A,N/A,N/A,12,Moderate Risk
DSP Aggressive Hybrid Reg,hybrid,Hybrid,INF761K01BO6,127850,Regular,-2.81,11.55,9.86,Hybrid: Aggressive Hybrid,0.09,11.62,10.68,,,0.51,11.07,11.48,7.68,5.47,AAA,12.67,50,https://www.valueresearchonline.com/funds/610/,2,1,1,3,7,1,1,N/A,1,3,N/A,N/A,N/A,10,Moderately High Risk
Edelweiss Aggressive Hybrid B,hybrid,Hybrid,INF955L01HF7,145396,Regular,-0.27,13.21,13.13,Hybrid: Aggressive Hybrid,0.09,11.62,10.68,,,0.63,11.48,13.08,7.37,1.21,AAA,1.31,41,https://www.valueresearchonline.com/funds/10478/,2,2,3,3,10,1,1,N/A,2,4,N/A,N/A,N/A,14,Low Risk
Edelweiss Aggressive Hybrid Reg,hybrid,Hybrid,INF760K01LD0,152688,Regular,-0.28,13.18,13.07,Hybrid: Aggressive Hybrid,0.09,11.62,10.68,,,0.63,11.47,13.05,7.37,1.21,AAA,1.31,41,https://www.valueresearchonline.com/funds/10609/,2,2,3,3,10,1,1,N/A,2,4,N/A,N/A,N/A,14,Low Risk
Edelweiss Nifty LargeMidcap250 Plus 8-13 Yr G-Sec 70:30 Index Reg,hybrid,Hybrid,INF740K01K81,126393,Regular,,,,Hybrid: Aggressive Hybrid,,,,,,,,,7.04,6.95,GOI/Cash,8.93,26,https://www.valueresearchonline.com/funds/45921/,2,1,1,3,7,N/A,N/A,N/A,N/A,N/A,N/A,N/A,N/A,7,Moderate Risk
Franklin India Aggressive Hybrid Reg,hybrid,Hybrid,INF754K01BS2,118615,Regular,-2.4,11.22,10.11,Hybrid: Aggressive Hybrid,0.09,11.62,10.68,,,0.5,10.47,11.04,8.09,2.62,AAA,3.29,50,https://www.valueresearchonline.com/funds/692/,3,2,2,3,10,1,1,N/A,1,3,N/A,N/A,N/A,13,Moderate Risk
Groww Aggressive Hybrid Reg,hybrid,Hybrid,INF090I01WQ5,150481,Regular,-2.47,8.6,8.72,Hybrid: Aggressive Hybrid,0.09,11.62,10.68,,,0.26,11.37,8.78,6.33,0.53,CASH,0.54,28,https://www.valueresearchonline.com/funds/38324/,1,3,3,3,10,1,1,N/A,1,3,N/A,N/A,N/A,13,Moderate Risk
HDFC Children's Reg,hybrid,Hybrid,INF090I01YS8,153744,Regular,-2.77,9.52,10.94,Hybrid: Aggressive Hybrid,0.09,11.62,10.68,,,0.36,10.95,9.69,7.2,4.58,AAA,6.78,50,https://www.valueresearchonline.com/funds/936/,2,1,1,3,7,1,1,N/A,1,3,N/A,N/A,N/A,10,Moderately High Risk
HDFC Hybrid Equity Reg,hybrid,Hybrid,INF179K01WA6,118968,Regular,-5.68,7.14,9.18,Hybrid: Aggressive Hybrid,0.09,11.62,10.68,,,0.14,10.74,7.35,7.92,5.46,AAA,10.15,50,https://www.valueresearchonline.com/funds/2668/,2,1,1,3,7,1,1,N/A,1,3,N/A,N/A,N/A,10,Moderately High Risk
HDFC Retirement Savings Hybrid Equity Reg,hybrid,Hybrid,INF917K01IN1,151129,Regular,-5.36,8.49,9.62,Hybrid: Aggressive Hybrid,0.09,11.62,10.68,,,0.26,10.73,8.63,6.75,3.77,AAA,5.13,38,https://www.valueresearchonline.com/funds/31781/,1,1,1,3,6,1,1,N/A,1,3,N/A,N/A,N/A,9,Moderately High Risk
HSBC Aggressive Hybrid Active FoF Reg,hybrid,Hybrid,INF0R8701145,152509,Regular,4.34,12.94,11.54,Hybrid: Aggressive Hybrid,0.09,11.62,10.68,,,0.58,12.23,12.89,,,AAA,,6,https://www.valueresearchonline.com/funds/25858/,N/A,N/A,N/A,3,3,1,1,N/A,2,4,N/A,N/A,N/A,7,Moderate Risk
HSBC Aggressive Hybrid Reg,hybrid,Hybrid,INF109K012B0,120377,Regular,5.06,13.31,11.31,Hybrid: Aggressive Hybrid,0.09,11.62,10.68,,,0.55,13.75,13.32,7.81,1.52,AAA,1.81,50,https://www.valueresearchonline.com/funds/12056/,2,2,3,3,10,1,1,N/A,2,4,N/A,N/A,N/A,14,Low Risk
ICICI Pru Aggressive Hybrid Active FoF*,hybrid,Hybrid,INF109K01X16,120679,Regular,-3.01,13.92,13.76,Hybrid: Aggressive Hybrid*,0.09,11.62,10.68,,,0.67,11.93,13.81,,,AAA,,10,https://www.valueresearchonline.com/funds/1936/,N/A,N/A,N/A,3,3,1,1,N/A,2,4,N/A,N/A,N/A,7,Moderate Risk
ICICI Pru Children's,hybrid,Hybrid,INF00XX01689,147789,Regular,-2.58,14.68,13.14,Hybrid: Aggressive Hybrid,0.09,11.62,10.68,,,0.61,14.74,14.78,,,AAA,,37,https://www.valueresearchonline.com/funds/1031/,N/A,N/A,N/A,3,3,1,1,N/A,2,4,N/A,N/A,N/A,7,Moderate Risk
ICICI Pru Equity & Debt,hybrid,Hybrid,INF205K01LN5,120333,Regular,2.82,15.88,16.76,Hybrid: Aggressive Hybrid,0.09,11.62,10.68,,,0.88,10.79,15.28,7.46,3.65,AAA,7.07,50,https://www.valueresearchonline.com/funds/686/,2,1,1,3,7,1,1,N/A,2,4,N/A,N/A,N/A,11,Moderate Risk
ICICI Pru Retirement Hybrid Aggressive,hybrid,Hybrid,INF174KA1210,144335,Regular,5.95,19.31,15.86,Hybrid: Aggressive Hybrid,0.09,11.62,10.68,,,0.93,13.84,18.67,7.35,3.06,AAA,6.82,45,https://www.valueresearchonline.com/funds/39057/,2,1,1,3,7,1,1,N/A,3,5,N/A,N/A,N/A,12,Moderate Risk
Invesco India Aggressive Hybrid Reg,hybrid,Hybrid,INF767K01SG5,151884,Regular,-7.35,10.97,9.51,Hybrid: Aggressive Hybrid,0.09,11.62,10.68,,,0.42,12.58,11.09,7.51,1.2,AAA,1.33,40,https://www.valueresearchonline.com/funds/36538/,2,2,3,3,10,1,1,N/A,1,3,N/A,N/A,N/A,13,Moderate Risk
JM Aggressive Hybrid Reg,hybrid,Hybrid,INF174V01BE0,149406,Regular,-5.43,13.77,13.04,Hybrid: Aggressive Hybrid,0.09,11.62,10.68,,,0.57,13.96,13.74,7.8,2.52,AAA,2.99,50,https://www.valueresearchonline.com/funds/106/,2,2,2,3,9,1,1,N/A,2,4,N/A,N/A,N/A,13,Moderate Risk
Kotak Aggressive Hybrid Reg,hybrid,Hybrid,INF769K01IN6,150470,Regular,2.98,13.2,12.08,Hybrid: Aggressive Hybrid,0.09,11.62,10.68,,,0.57,12.95,13.2,7.2,4.07,AAA,9.32,50,https://www.valueresearchonline.com/funds/707/,2,1,1,3,7,1,1,N/A,2,4,N/A,N/A,N/A,11,Moderate Risk
LIC MF Aggressive Hybrid Reg,hybrid,Hybrid,INF247L01635,139872,Regular,-1.32,10.46,8.94,Hybrid: Aggressive Hybrid,0.09,11.62,10.68,,,0.4,12.4,10.71,6.78,4.11,AAA,8.03,42,https://www.valueresearchonline.com/funds/140/,1,1,1,3,6,1,1,N/A,1,3,N/A,N/A,N/A,9,Moderately High Risk
LIC MF ULIS Reg,hybrid,Hybrid,INF0J8L01040,149264,Regular,-4.25,8.28,8.46,Hybrid: Aggressive Hybrid,0.09,11.62,10.68,,,0.24,11.79,8.64,,,AAA,,36,https://www.valueresearchonline.com/funds/120/,N/A,N/A,N/A,3,3,1,1,N/A,1,3,N/A,N/A,N/A,6,Moderate Risk
Mahindra Manulife Aggressive Hybrid Reg,hybrid,Hybrid,INF204K01G94,118736,Regular,-3.22,12.39,11.75,Hybrid: Aggressive Hybrid,0.09,11.62,10.68,,,0.56,11.59,12.32,7.68,2.88,AAA,4.92,50,https://www.valueresearchonline.com/funds/40092/,2,2,2,3,9,1,1,N/A,2,4,N/A,N/A,N/A,13,Moderate Risk
Mirae Asset Aggressive Hybrid Reg,hybrid,Hybrid,INF663L01V49,148658,Regular,1.91,11.27,10.23,Hybrid: Aggressive Hybrid,0.09,11.62,10.68,,,0.47,11.56,11.23,7.53,2.79,AAA,4.62,50,https://www.valueresearchonline.com/funds/30602/,2,2,2,3,9,1,1,N/A,1,3,N/A,N/A,N/A,12,Moderate Risk
Navi Aggressive Hybrid Reg,hybrid,Hybrid,INF879O01266,152468,Regular,3.83,11.2,10.75,Hybrid: Aggressive Hybrid,0.09,11.62,10.68,,,0.46,12.05,11.33,5.72,0.07,AAA,0.07,30,https://www.valueresearchonline.com/funds/35937/,1,3,3,3,10,1,1,N/A,1,3,N/A,N/A,N/A,13,Moderate Risk
Nippon India Aggressive Hybrid Reg,hybrid,Hybrid,INF966L01BL5,151713,Regular,0.88,11.73,11.4,Hybrid: Aggressive Hybrid,0.09,11.62,10.68,,,0.54,10.76,11.65,8.4,3.31,AAA,4.68,50,https://www.valueresearchonline.com/funds/2791/,3,1,2,3,9,1,1,N/A,1,3,N/A,N/A,N/A,12,Moderate Risk
Nippon India Aggressive Hybrid Seg Port 1 Reg,hybrid,Hybrid,INF200KA1Y73,149134,Regular,,,,,,,,,,,,,,,C,,1,https://www.valueresearchonline.com/funds/40308/,N/A,N/A,N/A,1,1,N/A,N/A,N/A,N/A,N/A,N/A,N/A,N/A,1,Moderately High Risk
Nippon India Aggressive Hybrid Seg Port 2 Reg,hybrid,Hybrid,INF200KA1RR2,141140,Regular,,,,,,,,,,,,,,,,,0,https://www.valueresearchonline.com/funds/40852/,N/A,N/A,N/A,N/A,N/A,N/A,N/A,N/A,N/A,N/A,N/A,N/A,N/A,,Insufficient Data
PGIM India Aggressive Hybrid Equity Reg,hybrid,Hybrid,INF0K1H01131,152188,Regular,-1.53,8.45,7.07,Hybrid: Aggressive Hybrid,0.09,11.62,10.68,,,0.27,10.81,8.7,6.6,,AAA,3.98,38,https://www.valueresearchonline.com/funds/2057/,1,N/A,2,3,6,1,1,N/A,1,3,N/A,N/A,N/A,9,Moderate Risk
Quant Aggressive Hybrid Reg,hybrid,Hybrid,INF680P01208,147406,Regular,8.81,14.46,13.67,Hybrid: Aggressive Hybrid,0.09,11.62,10.68,,,0.58,15.08,14.57,,,AAA,,25,https://www.valueresearchonline.com/funds/950/,N/A,N/A,N/A,3,3,1,1,N/A,2,4,N/A,N/A,N/A,7,Moderate Risk
SBI Children's Investment Plan Reg,hybrid,Hybrid,INF173K01FI7,149717,Regular,17.75,22.18,23.12,BSE 500 TRI,-1.52,12.67,12.33,9.33,0.87,0.98,15.93,21.39,,,,,25,https://www.valueresearchonline.com/funds/41123/,N/A,N/A,N/A,N/A,N/A,1,1,N/A,3,5,N/A,N/A,N/A,5,Moderate Risk
SBI Equity Hybrid Reg,hybrid,Hybrid,INF277K013S8,146010,Regular,1.95,13.06,11.12,Hybrid: Aggressive Hybrid,0.09,11.62,10.68,,,0.65,10.73,12.8,7.69,2.47,AAA,3.65,50,https://www.valueresearchonline.com/funds/204/,2,2,2,3,9,1,1,N/A,2,4,N/A,N/A,N/A,13,Moderate Risk
SBI Retirement Benefit Aggressive Hybrid Reg,hybrid,Hybrid,INF2F0001479,154185,Regular,1.25,9.65,11.64,Hybrid: Aggressive Hybrid,0.09,11.62,10.68,,,0.34,11.96,9.9,4.29,2,GOI/Cash,2.73,31,https://www.valueresearchonline.com/funds/41273/,1,2,2,3,8,1,1,N/A,1,3,N/A,N/A,N/A,11,Moderate Risk
Shriram Aggressive Hybrid Reg,hybrid,Hybrid,INF789F1AYV3,151885,Regular,-0.5,9.29,8.2,Hybrid: Aggressive Hybrid,0.09,11.62,10.68,,,0.31,11.76,9.5,7.05,1.93,AAA,2.21,30,https://www.valueresearchonline.com/funds/22586/,2,2,2,3,9,1,1,N/A,1,3,N/A,N/A,N/A,12,Moderate Risk
Sundaram Aggressive Hybrid Reg,hybrid,Hybrid,INF789F01VY4,121104,Regular,-2.68,9.59,9.34,Hybrid: Aggressive Hybrid,0.09,11.62,10.68,,,0.35,11.38,9.75,6.9,2.81,AAA,4.05,50,https://www.valueresearchonline.com/funds/714/,1,2,2,3,8,1,1,N/A,1,3,N/A,N/A,N/A,11,Moderate Risk
Tata Aggressive Hybrid Reg,hybrid,Hybrid,INF1MIY01015,153376,Regular,-0.16,8.83,9.65,Hybrid: Aggressive Hybrid,0.09,11.62,10.68,,,0.27,11.89,9.03,7.96,3.02,AAA,5.16,50,https://www.valueresearchonline.com/funds/211/,2,1,1,3,7,1,1,N/A,1,3,N/A,N/A,N/A,10,Moderately High Risk
Tata Retirement Savings Moderate Reg,hybrid,Hybrid,INF582M01DE9,142038,Regular,1.59,13.22,10.92,Hybrid: Aggressive Hybrid,0.09,11.62,10.68,,,0.53,13.86,13.15,,,AAA,,39,https://www.valueresearchonline.com/funds/13414/,N/A,N/A,N/A,3,3,1,1,N/A,2,4,N/A,N/A,N/A,7,Moderate Risk
UTI Aggressive Hybrid,hybrid,Hybrid,INF03VN01738,151267,Regular,-1.29,12.24,12.26,Hybrid: Aggressive Hybrid,0.09,11.62,10.68,,,0.58,10.92,12.17,7.73,5.61,AAA,10.07,50,https://www.valueresearchonline.com/funds/284/,2,1,1,3,7,1,1,N/A,2,4,N/A,N/A,N/A,11,Moderate Risk
Union Aggressive Hybrid Reg,hybrid,Hybrid,INF084M01AB8,131666,Regular,0.38,10.83,9.73,Hybrid: Aggressive Hybrid,0.09,11.62,10.68,,,0.43,11.63,10.82,7.14,3.22,AAA,4.15,35,https://www.valueresearchonline.com/funds/41184/,2,1,2,3,8,1,1,N/A,1,3,N/A,N/A,N/A,11,Moderate Risk
ABSL Arbitrage Reg,hybrid,Hybrid,INF084M01101,132180,Regular,5.9,6.85,5.95,Hybrid: Arbitrage,5.79,6.67,5.8,,,1.53,0.53,6.61,7.67,0.63,GOI/Cash,0.71,50,https://www.valueresearchonline.com/funds/10586/,2,3,3,3,11,3,2,N/A,1,6,N/A,N/A,N/A,17,Low Risk
Axis Arbitrage Reg,hybrid,Hybrid,INF846K01A52,141644,Regular,5.89,6.8,5.98,Hybrid: Arbitrage,5.79,6.67,5.8,,,1.45,0.53,6.56,7.02,0.66,GOI/Cash,0.66,45,https://www.valueresearchonline.com/funds/27585/,2,3,3,3,11,3,2,N/A,1,6,N/A,N/A,N/A,17,Low Risk
Bajaj Finserv Arbitrage Reg,hybrid,Hybrid,INF846K01G94,140643,Regular,5.79,,,Hybrid: Arbitrage,5.79,,,,,,,,6.78,0.31,GOI/Cash,0.31,29,https://www.valueresearchonline.com/funds/43768/,1,3,3,3,10,N/A,N/A,N/A,N/A,N/A,N/A,N/A,N/A,10,Low Risk
Bandhan Arbitrage Reg,hybrid,Hybrid,INF0QA701680,152196,Regular,5.64,6.72,5.88,Hybrid: Arbitrage,5.79,6.67,5.8,,,1.29,0.53,6.49,,,GOI/Cash,,41,https://www.valueresearchonline.com/funds/3971/,N/A,N/A,N/A,3,3,3,2,N/A,1,6,N/A,N/A,N/A,9,Low Risk
Bank of India Arbitrage Reg,hybrid,Hybrid,INF194KA1UE8,131357,Regular,5.48,6.27,5.15,Hybrid: Arbitrage,5.79,6.67,5.8,,,0.56,0.48,6.07,6.2,0.22,GOI/Cash,0.22,31,https://www.valueresearchonline.com/funds/36388/,1,3,3,3,10,3,1,N/A,1,5,N/A,N/A,N/A,15,Low Risk
Baroda BNP Paribas Arbitrage Reg,hybrid,Hybrid,INF761K01BR9,127849,Regular,5.54,6.67,5.75,Hybrid: Arbitrage,5.79,6.67,5.8,,,1.24,0.52,6.45,6.73,0.24,GOI/Cash,0.25,28,https://www.valueresearchonline.com/funds/33242/,1,3,3,3,10,3,2,N/A,1,6,N/A,N/A,N/A,16,Low Risk
Capitalmind Arbitrage Reg,hybrid,Hybrid,INF955L01HC4,145387,Regular,,,,Hybrid: Arbitrage,,,,,,,,,6.1,0.06,GOI/Cash,0.06,27,https://www.valueresearchonline.com/funds/45857/,1,3,3,3,10,N/A,N/A,N/A,N/A,N/A,N/A,N/A,N/A,10,Low Risk
DSP Arbitrage Reg,hybrid,Hybrid,INF760K01LA6,152690,Regular,5.79,6.71,5.87,Hybrid: Arbitrage,5.79,6.67,5.8,,,1.32,0.51,6.48,,,GOI/Cash,,25,https://www.valueresearchonline.com/funds/35108/,N/A,N/A,N/A,3,3,3,2,N/A,1,6,N/A,N/A,N/A,9,Low Risk
Edelweiss Arbitrage Reg,hybrid,Hybrid,INF740K01K57,126394,Regular,5.89,6.88,6.05,Hybrid: Arbitrage,5.79,6.67,5.8,,,1.57,0.53,6.63,7.31,0.53,GOI/Cash,0.53,50,https://www.valueresearchonline.com/funds/27142/,2,3,3,3,11,3,2,N/A,1,6,N/A,N/A,N/A,17,Low Risk
Franklin India Arbitrage Reg,hybrid,Hybrid,INF754K01285,112117,Regular,6.18,,,Hybrid: Arbitrage,5.79,,,,,,,,7.67,0.64,AAA,0.67,38,https://www.valueresearchonline.com/funds/44701/,2,3,3,3,11,N/A,N/A,N/A,N/A,N/A,N/A,N/A,N/A,11,Very Low Risk
Groww Arbitrage Reg,hybrid,Hybrid,INF090I01WN2,150480,Regular,,,,Hybrid: Arbitrage,,,,,,,,,,,CASH,,26,https://www.valueresearchonline.com/funds/45944/,N/A,N/A,N/A,3,3,N/A,N/A,N/A,N/A,N/A,N/A,N/A,N/A,3,Very Low Risk
HDFC Arbitrage Reg,hybrid,Hybrid,INF090I01YP4,153742,Regular,6,6.91,6,Hybrid: Arbitrage,5.79,6.67,5.8,,,1.63,0.53,6.66,7.59,0.59,GOI/Cash,0.59,50,https://www.valueresearchonline.com/funds/6037/,2,3,3,3,11,3,2,N/A,1,6,N/A,N/A,N/A,17,Low Risk
HDFC Arbitrage Retail,hybrid,Hybrid,INF179K01830,100119,Regular,,,,,,,,,,,,,7.59,0.59,GOI/Cash,0.59,0,https://www.valueresearchonline.com/funds/6034/,2,3,3,3,11,N/A,N/A,N/A,N/A,N/A,N/A,N/A,N/A,11,Very Low Risk
HSBC Arbitrage Reg,hybrid,Hybrid,INF917K01KY4,151127,Regular,5.93,6.74,5.82,Hybrid: Arbitrage,5.79,6.67,5.8,,,1.33,0.54,6.52,7.52,0.62,GOI/Cash,0.62,32,https://www.valueresearchonline.com/funds/27296/,2,3,3,3,11,3,2,N/A,1,6,N/A,N/A,N/A,17,Low Risk
Helios Arbitrage Reg,hybrid,Hybrid,INF0R8701111,152512,Regular,,,,Hybrid: Arbitrage,,,,,,,,,,,GOI/Cash,,31,https://www.valueresearchonline.com/funds/45889/,N/A,N/A,N/A,3,3,N/A,N/A,N/A,N/A,N/A,N/A,N/A,N/A,3,Very Low Risk
ICICI Pru Equity Arbitrage,hybrid,Hybrid,INF109K01BH2,104685,Regular,5.95,6.9,6.03,Hybrid: Arbitrage,5.79,6.67,5.8,,,1.62,0.53,6.66,7.57,0.65,GOI/Cash,0.65,47,https://www.valueresearchonline.com/funds/3902/,2,3,3,3,11,3,2,N/A,1,6,N/A,N/A,N/A,17,Low Risk
ITI Arbitrage Reg,hybrid,Hybrid,INF769K01FV5,148416,Regular,5.71,6.67,5.26,Hybrid: Arbitrage,5.79,6.67,5.8,,,1.33,0.48,6.44,,,GOI/Cash,,26,https://www.valueresearchonline.com/funds/40253/,N/A,N/A,N/A,3,3,3,2,N/A,1,6,N/A,N/A,N/A,9,Low Risk
Invesco India Arbitrage Reg,hybrid,Hybrid,INF00XX01655,147787,Regular,6.04,6.93,6.22,Hybrid: Arbitrage,5.79,6.67,5.8,,,1.79,0.5,6.69,7.06,0.47,GOI/Cash,0.49,50,https://www.valueresearchonline.com/funds/4840/,2,3,3,3,11,3,2,N/A,1,6,N/A,N/A,N/A,17,Low Risk
JM Arbitrage Reg,hybrid,Hybrid,INF205K01213,106317,Regular,5.56,6.41,5.55,Hybrid: Arbitrage,5.79,6.67,5.8,,,0.78,0.51,6.2,5.12,0.22,GOI/Cash,0.22,34,https://www.valueresearchonline.com/funds/3446/,1,3,3,3,10,3,1,N/A,1,5,N/A,N/A,N/A,15,Low Risk
Kotak Arbitrage Reg,hybrid,Hybrid,INF174KA1186,144333,Regular,5.98,7.02,6.19,Hybrid: Arbitrage,5.79,6.67,5.8,,,1.76,0.55,6.77,7.75,0.59,GOI/Cash,0.63,39,https://www.valueresearchonline.com/funds/2882/,2,3,3,3,11,3,2,N/A,1,6,N/A,N/A,N/A,17,Low Risk
LIC MF Arbitrage Reg,hybrid,Hybrid,INF767K01SC4,151882,Regular,5.85,6.55,5.7,Hybrid: Arbitrage,5.79,6.67,5.8,,,1.18,0.45,6.33,,,GOI/Cash,,28,https://www.valueresearchonline.com/funds/38699/,N/A,N/A,N/A,3,3,3,2,N/A,1,6,N/A,N/A,N/A,9,Low Risk
Mahindra Manulife Arbitrage Reg,hybrid,Hybrid,INF174V01BB6,149404,Regular,5.32,5.68,4.86,Hybrid: Arbitrage,5.79,6.67,5.8,,,-0.65,0.45,5.51,5.33,0,GOI/Cash,0,26,https://www.valueresearchonline.com/funds/41082/,1,3,3,3,10,3,1,N/A,1,5,N/A,N/A,N/A,15,Low Risk
Mirae Asset Arbitrage Reg,hybrid,Hybrid,INF769K01IK2,150473,Regular,5.74,6.7,5.85,Hybrid: Arbitrage,5.79,6.67,5.8,,,1.3,0.52,6.47,5.34,0.01,GOI/Cash,0.01,27,https://www.valueresearchonline.com/funds/41012/,1,3,3,3,10,3,2,N/A,1,6,N/A,N/A,N/A,16,Low Risk
Motilal Oswal Arbitrage Reg,hybrid,Hybrid,INF247L01585,139870,Regular,5.94,,,Hybrid: Arbitrage,5.79,,,,,,,,7.05,0.33,GOI/Cash,0.33,45,https://www.valueresearchonline.com/funds/44837/,2,3,3,3,11,N/A,N/A,N/A,N/A,N/A,N/A,N/A,N/A,11,Very Low Risk
NJ Arbitrage Reg,hybrid,Hybrid,INF0J8L01024,149266,Regular,5.43,6.23,,Hybrid: Arbitrage,5.79,6.67,,,,0.43,0.51,6.02,5.64,0.37,GOI/Cash,0.37,37,https://www.valueresearchonline.com/funds/42434/,1,3,3,3,10,3,1,N/A,1,5,N/A,N/A,N/A,15,Low Risk
Nippon India Arbitrage Reg,hybrid,Hybrid,INF204K01604,102846,Regular,5.91,6.76,5.93,Hybrid: Arbitrage,5.79,6.67,5.8,,,1.4,0.52,6.52,,,GOI/Cash,,38,https://www.valueresearchonline.com/funds/11625/,N/A,N/A,N/A,3,3,3,2,N/A,1,6,N/A,N/A,N/A,9,Low Risk
Old Bridge Arbitrage Reg,hybrid,Hybrid,INF663L01V72,148657,Regular,,,,Hybrid: Arbitrage,,,,,,,,,,,GOI/Cash,,27,https://www.valueresearchonline.com/funds/45601/,N/A,N/A,N/A,3,3,N/A,N/A,N/A,N/A,N/A,N/A,N/A,N/A,3,Very Low Risk
PGIM India Arbitrage Reg,hybrid,Hybrid,INF879O01233,152464,Regular,5.46,6.46,5.61,Hybrid: Arbitrage,5.79,6.67,5.8,,,0.9,0.5,6.25,,,GOI/Cash,,25,https://www.valueresearchonline.com/funds/27870/,N/A,N/A,N/A,3,3,3,1,N/A,1,5,N/A,N/A,N/A,8,Low Risk
Parag Parikh Arbitrage Reg,hybrid,Hybrid,INF966L01BO9,151714,Regular,5.99,,,Hybrid: Arbitrage,5.79,,,,,,,,6.91,0.25,GOI/Cash,0.25,37,https://www.valueresearchonline.com/funds/43815/,1,3,3,3,10,N/A,N/A,N/A,N/A,N/A,N/A,N/A,N/A,10,Low Risk
Quant Arbitrage Reg,hybrid,Hybrid,INF200KA1Y40,149132,Regular,6.84,,,Hybrid: Arbitrage,5.79,,,,,,,,,,GOI/Cash,,31,https://www.valueresearchonline.com/funds/45073/,N/A,N/A,N/A,3,3,N/A,N/A,N/A,N/A,N/A,N/A,N/A,N/A,3,Very Low Risk
SBI Arbitrage Opportunities Reg,hybrid,Hybrid,INF200KA1RO9,141138,Regular,5.97,6.9,6.22,Hybrid: Arbitrage,5.79,6.67,5.8,,,1.7,0.5,6.65,7.12,0.38,GOI/Cash,0.42,42,https://www.valueresearchonline.com/funds/3687/,2,3,3,3,11,3,2,N/A,1,6,N/A,N/A,N/A,17,Low Risk
Samco Arbitrage Reg,hybrid,Hybrid,INF0K1H01099,152187,Regular,3.79,,,Hybrid: Arbitrage,5.79,,,,,,,,,,Cash,,18,https://www.valueresearchonline.com/funds/44722/,N/A,N/A,N/A,3,3,N/A,N/A,N/A,N/A,N/A,N/A,N/A,N/A,3,Very Low Risk
Sundaram Arbitrage Reg,hybrid,Hybrid,INF680P01174,147405,Regular,5.88,6.6,5.55,Hybrid: Arbitrage,5.79,6.67,5.8,,,1.38,0.41,6.37,5.02,0.33,GOI/Cash,0.34,32,https://www.valueresearchonline.com/funds/32285/,1,3,3,3,10,3,2,N/A,1,6,N/A,N/A,N/A,16,Low Risk
TRUSTMF Arbitrage Reg,hybrid,Hybrid,INF173K01585,149715,Regular,,,,Hybrid: Arbitrage,,,,,,,,,,,GOI/Cash,,26,https://www.valueresearchonline.com/funds/45454/,N/A,N/A,N/A,3,3,N/A,N/A,N/A,N/A,N/A,N/A,N/A,N/A,3,Very Low Risk
Tata Arbitrage Reg,hybrid,Hybrid,INF277K010S4,146007,Regular,5.95,6.83,5.92,Hybrid: Arbitrage,5.79,6.67,5.8,,,1.56,0.51,6.59,7.82,0.57,GOI/Cash,0.58,50,https://www.valueresearchonline.com/funds/38500/,2,3,3,3,11,3,2,N/A,1,6,N/A,N/A,N/A,17,Low Risk
The Wealth Company Arbtg Reg,hybrid,Hybrid,INF2F0001446,154183,Regular,,,,Hybrid: Arbitrage,,,,,,,,,,,GOI/Cash,,26,https://www.valueresearchonline.com/funds/45513/,N/A,N/A,N/A,3,3,N/A,N/A,N/A,N/A,N/A,N/A,N/A,N/A,3,Very Low Risk
UTI Arbitrage Reg,hybrid,Hybrid,INF789F1AYT7,151882,Regular,5.98,6.97,6.03,Hybrid: Arbitrage,5.79,6.67,5.8,,,1.76,0.53,6.73,7.6,0.6,GOI/Cash,0.6,38,https://www.valueresearchonline.com/funds/3464/,2,3,3,3,11,3,2,N/A,1,6,N/A,N/A,N/A,17,Low Risk
Union Arbitrage Reg,hybrid,Hybrid,INF789F01AP6,111599,Regular,5.74,6.71,5.81,Hybrid: Arbitrage,5.79,6.67,5.8,,,1.25,0.54,6.48,6.99,0.4,GOI/Cash,0.4,28,https://www.valueresearchonline.com/funds/38969/,1,3,3,3,10,3,2,N/A,1,6,N/A,N/A,N/A,16,Low Risk
WhiteOak Capital Arbitrage Reg,hybrid,Hybrid,INF1MIY01023,153377,Regular,6.15,,,Hybrid: Arbitrage,5.79,,,,,,,,6.76,0.36,GOI/Cash,0.36,50,https://www.valueresearchonline.com/funds/44528/,1,3,3,3,10,N/A,N/A,N/A,N/A,N/A,N/A,N/A,N/A,10,Low Risk
360 ONE Balanced Hybrid Reg,hybrid,Hybrid,INF582M01DI0,142035,Regular,3.12,,,Hybrid: Balanced Hybrid,0.78,,,,,,,,7.73,2.76,AAA,3.33,50,https://www.valueresearchonline.com/funds/43764/,2,2,2,3,9,N/A,N/A,N/A,N/A,N/A,N/A,N/A,N/A,9,Low Risk
Franklin India Retirement Reg,hybrid,Hybrid,INF03VN01720,151268,Regular,-0.77,8.26,7.19,Hybrid: Balanced Hybrid,0.78,8.39,8.1,,,0.37,6.03,8.06,8,2.07,AAA,2.51,40,https://www.valueresearchonline.com/funds/392/,3,2,2,3,10,2,1,N/A,1,4,N/A,N/A,N/A,14,Low Risk
UTI Children's Hybrid Reg,hybrid,Hybrid,INF209KA1TP9,132995,Regular,-0.87,7.37,7.54,Hybrid: Balanced Hybrid,0.78,8.39,8.1,,,0.22,6.82,7.3,7.35,5.18,AAA,8.29,50,https://www.valueresearchonline.com/funds/265/,2,1,1,3,7,2,1,N/A,1,4,N/A,N/A,N/A,11,Moderate Risk
UTI Retirement Reg,hybrid,Hybrid,INF846K01VJ3,135120,Regular,0.66,9.55,9.57,Hybrid: Balanced Hybrid,0.78,8.39,8.1,,,0.53,6.7,9.38,7.26,5.16,AAA,8.18,50,https://www.valueresearchonline.com/funds/281/,2,1,1,3,7,2,1,N/A,1,4,N/A,N/A,N/A,11,Moderate Risk
WhiteOak Capital Balanced Hybrid Reg,hybrid,Hybrid,INF0QA701BT9,153758,Regular,1.76,,,Hybrid: Balanced Hybrid,0.78,,,,,,,,7.29,2.29,AAA,2.75,50,https://www.valueresearchonline.com/funds/43826/,2,2,2,3,9,N/A,N/A,N/A,N/A,N/A,N/A,N/A,N/A,9,Low Risk
ABSL Conservative Hybrid Active FoF Reg*,hybrid,Hybrid,INF194K01Z02,118477,Regular,3.49,10.22,8.98,Hybrid: Conservative Hybrid,2.66,7.85,7.39,,,0.79,5.16,9.88,,,AAA,,8,https://www.valueresearchonline.com/funds/12657/,N/A,N/A,N/A,3,3,2,1,N/A,1,4,N/A,N/A,N/A,7,Moderate Risk
ABSL Regular Savings Reg,hybrid,Hybrid,INF955L01IL3,147496,Regular,4.31,8.35,8.01,Hybrid: Conservative Hybrid,2.66,7.85,7.39,,,0.63,3.68,8.11,8.32,3.44,AAA,5.08,50,https://www.valueresearchonline.com/funds/2234/,3,1,1,3,8,2,1,N/A,1,4,N/A,N/A,N/A,12,Moderate Risk
ABSL Retirement 50s Reg,hybrid,Hybrid,INF740KA1504,136567,Regular,3.83,7.61,5.91,Hybrid: Conservative Hybrid,2.66,7.85,7.39,,,0.39,4.28,7.45,6.33,2.59,GOI/Cash,3.35,31,https://www.valueresearchonline.com/funds/39187/,1,2,2,3,8,2,1,N/A,1,4,N/A,N/A,N/A,12,Moderate Risk
Axis Conservative Hybrid Reg,hybrid,Hybrid,INF843K01KC8,140347,Regular,0.95,5.96,5.64,Hybrid: Conservative Hybrid,2.66,7.85,7.39,,,0.02,4.21,5.9,7.46,4.56,AAA,6.3,44,https://www.valueresearchonline.com/funds/11200/,2,1,1,3,7,2,1,N/A,1,4,N/A,N/A,N/A,11,Moderate Risk
Axis Retirement-Conservative Plan Reg,hybrid,Hybrid,INF090I01PD7,144466,Regular,-0.77,7.35,5.73,Hybrid: Conservative Hybrid,2.66,7.85,7.39,,,0.23,6.81,7.35,7.3,8.37,GOI/Cash,16.69,29,https://www.valueresearchonline.com/funds/40435/,2,1,1,3,7,2,1,N/A,1,4,N/A,N/A,N/A,11,Moderate Risk
Bandhan Conservative Hybrid Passive FoF Reg,hybrid,Hybrid,INF179K01XT4,119128,Regular,3.3,7.66,6.83,Hybrid: Conservative Hybrid,2.66,7.85,7.39,,,0.43,3.82,7.46,,,GOI/Cash,,3,https://www.valueresearchonline.com/funds/10844/,N/A,N/A,N/A,3,3,2,1,N/A,1,4,N/A,N/A,N/A,7,Moderate Risk
Bandhan Conservative Hybrid Reg,hybrid,Hybrid,INF917K01GE4,151060,Regular,1.74,6.4,5.36,Hybrid: Conservative Hybrid,2.66,7.85,7.39,,,0.12,4.39,6.31,7.61,2.85,AAA,4.81,26,https://www.valueresearchonline.com/funds/10841/,2,2,2,3,9,2,1,N/A,1,4,N/A,N/A,N/A,13,Moderate Risk
Bank of India Conservative Hybrid Eco,hybrid,Hybrid,INF109K01O82,120398,Regular,2.58,7.06,10.04,Hybrid: Conservative Hybrid,2.66,7.85,7.39,,,0.26,4.21,6.89,7.1,2.38,AAA,2.84,40,https://www.valueresearchonline.com/funds/10202/,2,2,2,3,9,2,1,N/A,1,4,N/A,N/A,N/A,13,Moderate Risk
Bank of India Conservative Hybrid Reg,hybrid,Hybrid,INF205KA1049,146457,Regular,2.24,6.65,9.75,Hybrid: Conservative Hybrid,2.66,7.85,7.39,,,0.17,4.2,6.51,7.1,2.38,AAA,2.84,40,https://www.valueresearchonline.com/funds/10198/,2,2,2,3,9,2,1,N/A,1,4,N/A,N/A,N/A,13,Moderate Risk
Baroda BNP Paribas Conservative Hybrid Reg,hybrid,Hybrid,INF174K01LG7,119773,Regular,3.41,7.5,6.6,Hybrid: Conservative Hybrid,2.66,7.85,7.39,,,0.37,4.11,7.32,7.78,2.46,AAA,3.7,50,https://www.valueresearchonline.com/funds/2345/,2,2,2,3,9,2,1,N/A,1,4,N/A,N/A,N/A,13,Moderate Risk
Canara Robeco Conservative Hybrid Reg,hybrid,Hybrid,INF397L01AZ5,151952,Regular,2.01,7.19,6.49,Hybrid: Conservative Hybrid,2.66,7.85,7.39,,,0.27,4.34,6.99,7.35,1.79,AAA,2.93,50,https://www.valueresearchonline.com/funds/976/,2,2,2,3,9,2,1,N/A,1,4,N/A,N/A,N/A,13,Moderate Risk
DSP Regular Savings Reg,hybrid,Hybrid,INF174V01184,140444,Regular,3.37,8.71,7.33,Hybrid: Conservative Hybrid,2.66,7.85,7.39,,,0.67,3.93,8.45,7.02,2.76,AAA,4.51,43,https://www.valueresearchonline.com/funds/2227/,2,2,2,3,9,2,1,N/A,1,4,N/A,N/A,N/A,13,Moderate Risk
Franklin India Conservative Hybrid Reg,hybrid,Hybrid,INF769K01EK1,145693,Regular,1.11,7.91,6.97,Hybrid: Conservative Hybrid,2.66,7.85,7.39,,,0.43,4.3,7.66,7.4,1.66,AAA,2.1,39,https://www.valueresearchonline.com/funds/860/,2,2,2,3,9,2,1,N/A,1,4,N/A,N/A,N/A,13,Moderate Risk
HDFC Hybrid Debt Reg,hybrid,Hybrid,INF204KA1W77,134594,Regular,1.97,8.11,8.21,Hybrid: Conservative Hybrid,2.66,7.85,7.39,,,0.46,4.64,7.93,7.76,6.08,AAA,11.76,50,https://www.valueresearchonline.com/funds/1930/,2,1,1,3,7,2,1,N/A,1,4,N/A,N/A,N/A,11,Moderate Risk
HDFC Retirement Savings Hybrid Debt Reg,hybrid,Hybrid,INF204KB11E7,147697,Regular,0.57,6.6,6.5,Hybrid: Conservative Hybrid,2.66,7.85,7.39,,,0.15,4.34,6.47,6.9,4.91,GOI/Cash,7.83,34,https://www.valueresearchonline.com/funds/31783/,1,1,1,3,6,2,1,N/A,1,4,N/A,N/A,N/A,10,Moderately High Risk
HSBC Conservative Hybrid Reg,hybrid,Hybrid,INF204KB18R4,148274,Regular,3.96,9.06,7.69,Hybrid: Conservative Hybrid,2.66,7.85,7.39,,,0.57,5.35,8.86,7.23,3.95,AAA,6.04,40,https://www.valueresearchonline.com/funds/2077/,2,1,1,3,7,2,1,N/A,1,4,N/A,N/A,N/A,11,Moderate Risk
ICICI Pru Regular Savings Reg,hybrid,Hybrid,INF223J01QD0,138376,Regular,4.28,9.03,8.56,Hybrid: Conservative Hybrid,2.66,7.85,7.39,,,0.83,3.47,8.7,8.56,2.85,AAA,5.11,50,https://www.valueresearchonline.com/funds/2100/,3,2,1,3,9,2,1,N/A,1,4,N/A,N/A,N/A,13,Moderate Risk
ICICI Pru Retirement Hybrid Conservative,hybrid,Hybrid,INF966L01EC8,153705,Regular,4.76,10.04,8.14,Hybrid: Conservative Hybrid,2.66,7.85,7.39,,,0.87,4.49,9.71,7.41,4.65,AAA,9.24,43,https://www.valueresearchonline.com/funds/39061/,2,1,1,3,7,2,1,N/A,1,4,N/A,N/A,N/A,11,Moderate Risk
Kotak Debt Hybrid Reg,hybrid,Hybrid,INF200KA1DF3,134643,Regular,1.88,8.33,8.19,Hybrid: Conservative Hybrid,2.66,7.85,7.39,,,0.44,5.35,8.13,7.61,3.71,AAA,7.31,50,https://www.valueresearchonline.com/funds/1901/,2,1,1,3,7,2,1,N/A,1,4,N/A,N/A,N/A,11,Moderate Risk
LIC MF Conservative Hybrid Reg,hybrid,Hybrid,INF173K01GZ9,149679,Regular,1.83,5.89,5.4,Hybrid: Conservative Hybrid,2.66,7.85,7.39,,,0.01,3.94,5.82,6.97,3.69,AAA,4.28,20,https://www.valueresearchonline.com/funds/552/,1,1,2,3,7,2,1,N/A,1,4,N/A,N/A,N/A,11,Moderate Risk
Nippon India Conservative Hybrid Reg,hybrid,Hybrid,INF789F1A777,144490,Regular,6.28,8.08,7.91,Hybrid: Conservative Hybrid,2.66,7.85,7.39,,,0.88,2.29,7.82,9.38,2.15,AA,2.46,50,https://www.valueresearchonline.com/funds/1990/,3,2,2,2,9,3,1,N/A,1,5,N/A,N/A,N/A,14,Low Risk
Nippon India Conservative Hybrid Seg Port 2 Reg,hybrid,Hybrid,INF582M01EC1,144312,Regular,,,,,,,,,,,,,,,,,0,https://www.valueresearchonline.com/funds/40870/,N/A,N/A,N/A,N/A,N/A,N/A,N/A,N/A,N/A,N/A,N/A,N/A,N/A,,Insufficient Data
Nippon India Conservative Hybrid Seg Port1 Reg,hybrid,Hybrid,INF03VN01AB7,153355,Regular,,,,,,,,,,,,,,,B,,1,https://www.valueresearchonline.com/funds/40701/,N/A,N/A,N/A,1,1,N/A,N/A,N/A,N/A,N/A,N/A,N/A,N/A,1,Moderately High Risk
Nippon India Retirement Incm Generation Reg,hybrid,Hybrid,INF209KA1TS3,132998,Regular,0.75,6.64,6.17,Hybrid: Conservative Hybrid,2.66,7.85,7.39,,,0.13,5.22,6.49,7.39,8.93,GOI/Cash,16.36,28,https://www.valueresearchonline.com/funds/29295/,2,1,1,3,7,2,1,N/A,1,4,N/A,N/A,N/A,11,Moderate Risk
Parag Parikh Conservative Hybrid Reg,hybrid,Hybrid,INF846K01VO3,135122,Regular,5.27,10.69,9.63,Hybrid: Conservative Hybrid,2.66,7.85,7.39,,,1.23,3.61,10.24,7.6,4,AAA,4.86,35,https://www.valueresearchonline.com/funds/41482/,2,1,2,3,8,2,2,N/A,1,5,N/A,N/A,N/A,13,Moderate Risk
SBI Children's Savings Plan Reg,hybrid,Hybrid,INF0QA701BQ5,153769,Regular,7.44,12.12,10.91,Hybrid: Conservative Hybrid,2.66,7.85,7.39,,,1.15,5.07,11.64,7.06,3.38,AAA,4.67,36,https://www.valueresearchonline.com/funds/1229/,2,1,2,3,8,2,2,N/A,1,5,N/A,N/A,N/A,13,Moderate Risk
SBI Conservative Hybrid Reg,hybrid,Hybrid,INF194K01581,108995,Regular,4.92,8.92,8.9,Hybrid: Conservative Hybrid,2.66,7.85,7.39,,,0.7,4.08,8.64,8.21,2.55,AAA,3.49,50,https://www.valueresearchonline.com/funds/960/,3,2,2,3,10,2,1,N/A,1,4,N/A,N/A,N/A,14,Low Risk
SBI Retirement Benefit Conservative Hybrid Reg,hybrid,Hybrid,INF955L01II9,147494,Regular,0.89,7.45,8.25,Hybrid: Conservative Hybrid,2.66,7.85,7.39,,,0.23,6.93,7.39,7.18,6.18,AAA,15.7,40,https://www.valueresearchonline.com/funds/41277/,2,1,1,3,7,2,1,N/A,1,4,N/A,N/A,N/A,11,Moderate Risk
SBI Retirement Benefit Conservative Reg,hybrid,Hybrid,INF740KA1439,136563,Regular,1.74,6.89,7.07,Hybrid: Conservative Hybrid,2.66,7.85,7.39,,,0.2,4.82,6.79,7.51,8.1,AAA,20.38,38,https://www.valueresearchonline.com/funds/41281/,2,1,1,3,7,2,1,N/A,1,4,N/A,N/A,N/A,11,Moderate Risk
Sundaram Conservative Hybrid Reg,hybrid,Hybrid,INF843K01KG9,140351,Regular,-1.54,4.95,6.24,Hybrid: Conservative Hybrid,2.66,7.85,7.39,,,-0.22,4.15,4.9,5.87,1.37,GOI/Cash,1.59,24,https://www.valueresearchonline.com/funds/10863/,1,2,3,3,9,2,1,N/A,1,4,N/A,N/A,N/A,13,Moderate Risk
Tata Retirement Savings Conservative Reg,hybrid,Hybrid,INF090I01PA3,144461,Regular,2.46,7.71,6.31,Hybrid: Conservative Hybrid,2.66,7.85,7.39,,,0.32,5.42,7.53,7.17,5.07,AAA,9.04,33,https://www.valueresearchonline.com/funds/13415/,2,1,1,3,7,2,1,N/A,1,4,N/A,N/A,N/A,11,Moderate Risk
UTI Cons Hybrid Seg Port Reg,hybrid,Hybrid,INF179K01AM7,101585,Regular,,,,,,,,,,,,,,,B,0.07,1,https://www.valueresearchonline.com/funds/40725/,N/A,N/A,3,1,4,N/A,N/A,N/A,N/A,N/A,N/A,N/A,N/A,4,Low Risk
UTI Conservative Hybrid Reg,hybrid,Hybrid,INF917K01AA5,151058,Regular,1.41,8.09,8.14,Hybrid: Conservative Hybrid,2.66,7.85,7.39,,,0.43,4.81,7.89,7.91,5.53,AAA,10.04,50,https://www.valueresearchonline.com/funds/1993/,2,1,1,3,7,2,1,N/A,1,4,N/A,N/A,N/A,11,Moderate Risk
ABSL Balanced Advantage Reg,hybrid,Hybrid,INF109K01P24,120400,Regular,3.09,11.18,9.77,Hybrid: Dynamic Asset Allocation,0.28,9.72,8.81,,,0.59,8.67,10.94,7.8,2.8,AAA,3.77,50,https://www.valueresearchonline.com/funds/797/,2,2,2,3,9,1,1,N/A,1,3,N/A,N/A,N/A,12,Moderate Risk
ABSL Dynamic Asset Allocation Omni FoF Reg,hybrid,Hybrid,INF205KA1023,146456,Regular,2.62,13.97,12.14,Hybrid: Dynamic Asset Allocation,0.28,9.72,8.81,,,0.7,11.19,13.69,,,AAA,,10,https://www.valueresearchonline.com/funds/12661/,N/A,N/A,N/A,3,3,1,1,N/A,2,4,N/A,N/A,N/A,7,Moderate Risk
Axis Balanced Advantage Reg,hybrid,Hybrid,INF174K01LD4,119772,Regular,1.09,11.81,9.97,Hybrid: Dynamic Asset Allocation,0.28,9.72,8.81,,,0.66,8.59,11.47,7.15,2.22,AAA,2.64,50,https://www.valueresearchonline.com/funds/34465/,2,2,2,3,9,1,1,N/A,1,3,N/A,N/A,N/A,12,Moderate Risk
Axis Retirement-Dynamic Plan Reg,hybrid,Hybrid,INF397L01315,151950,Regular,-2.91,11.3,8.28,Hybrid: Dynamic Asset Allocation,0.28,9.72,8.81,,,0.43,13.43,11.57,6.88,7.33,GOI/Cash,17.37,29,https://www.valueresearchonline.com/funds/40431/,1,1,1,3,6,1,1,N/A,1,3,N/A,N/A,N/A,9,Moderately High Risk
Bajaj Finserv Balanced Advantage Reg,hybrid,Hybrid,INF174V01150,140447,Regular,-0.7,,,Hybrid: Dynamic Asset Allocation,0.28,,,,,,,,7.32,1.65,AAA,3.04,31,https://www.valueresearchonline.com/funds/43875/,2,2,2,3,9,N/A,N/A,N/A,N/A,N/A,N/A,N/A,N/A,9,Low Risk
Bandhan Balanced Advantage Reg,hybrid,Hybrid,INF769K01EI5,145695,Regular,2.9,9.19,7.96,Hybrid: Dynamic Asset Allocation,0.28,9.72,8.81,,,0.39,8.21,9.05,7.32,1.59,AAA,2.81,50,https://www.valueresearchonline.com/funds/28340/,2,2,2,3,9,1,1,N/A,1,3,N/A,N/A,N/A,12,Moderate Risk
Bank of India Balanced Advantage Reg,hybrid,Hybrid,INF204KA1V94,134593,Regular,3.13,9.33,10.2,Hybrid: Dynamic Asset Allocation,0.28,9.72,8.81,,,0.36,9.72,9.29,6.57,1.32,AAA,1.48,39,https://www.valueresearchonline.com/funds/24754/,1,2,3,3,9,1,1,N/A,1,3,N/A,N/A,N/A,12,Moderate Risk
Baroda BNP Paribas Balanced Advantage Reg,hybrid,Hybrid,INF204KB19E0,147700,Regular,3.27,11.95,11.26,Hybrid: Dynamic Asset Allocation,0.28,9.72,8.81,,,0.53,11.54,11.89,7.5,2.78,AAA,4.89,50,https://www.valueresearchonline.com/funds/38111/,2,2,2,3,9,1,1,N/A,1,3,N/A,N/A,N/A,12,Moderate Risk
Canara Robeco Balanced Advantage Reg,hybrid,Hybrid,INF204KB16S6,148280,Regular,-1.93,,,Hybrid: Dynamic Asset Allocation,0.28,,,,,,,,7.12,2.59,AAA,3.39,39,https://www.valueresearchonline.com/funds/44368/,2,2,2,3,9,N/A,N/A,N/A,N/A,N/A,N/A,N/A,N/A,9,Low Risk
DSP Dynamic Asset Allocation Reg,hybrid,Hybrid,INF223J01FB7,138372,Regular,4.3,10.65,8.29,Hybrid: Dynamic Asset Allocation,0.28,9.72,8.81,,,0.68,6.53,10.28,7.48,2.59,AAA,3.83,50,https://www.valueresearchonline.com/funds/23436/,2,2,2,3,9,2,1,N/A,1,4,N/A,N/A,N/A,13,Moderate Risk
Edelweiss Balanced Advantage Reg,hybrid,Hybrid,INF966L01EF1,153707,Regular,1.68,10.12,9.35,Hybrid: Dynamic Asset Allocation,0.28,9.72,8.81,,,0.46,9.18,10.03,7.07,1.06,AAA,1.14,50,https://www.valueresearchonline.com/funds/10607/,2,2,3,3,10,1,1,N/A,1,3,N/A,N/A,N/A,13,Moderate Risk
Franklin India Balanced Advantage Reg,hybrid,Hybrid,INF200KA1DA4,134644,Regular,-0.25,10.28,,Hybrid: Dynamic Asset Allocation,0.28,9.72,,,,0.52,8.03,9.98,7.95,2.62,AAA,3.28,50,https://www.valueresearchonline.com/funds/42453/,2,2,2,3,9,1,1,N/A,1,3,N/A,N/A,N/A,12,Moderate Risk
Franklin India Dynamic Asset Allocation Active FoF Reg,hybrid,Hybrid,INF173K01213,149674,Regular,0.08,10.8,11.52,Hybrid: Dynamic Asset Allocation,0.28,9.72,8.81,,,0.6,7.79,10.49,,,AAA,,4,https://www.valueresearchonline.com/funds/1915/,N/A,N/A,N/A,3,3,1,1,N/A,1,3,N/A,N/A,N/A,6,Moderate Risk
HDFC Balanced Advantage Reg,hybrid,Hybrid,INF789F1A744,144484,Regular,-0.63,13.96,15.14,Hybrid: Dynamic Asset Allocation,0.28,9.72,8.81,,,0.73,10.75,13.61,7.58,4.35,AAA,7.32,50,https://www.valueresearchonline.com/funds/842/,2,1,1,3,7,1,1,N/A,2,4,N/A,N/A,N/A,11,Moderate Risk
HSBC Balanced Advantage Reg,hybrid,Hybrid,INF582M01EG2,144310,Regular,0.96,9.42,8.02,Hybrid: Dynamic Asset Allocation,0.28,9.72,8.81,,,0.44,7.85,9.27,7.23,2.75,GOI/Cash,3.48,41,https://www.valueresearchonline.com/funds/12058/,2,2,2,3,9,1,1,N/A,1,3,N/A,N/A,N/A,12,Moderate Risk
Helios Balanced Advantage Reg,hybrid,Hybrid,INF03VN01AC5,153356,Regular,1.85,,,Hybrid: Dynamic Asset Allocation,0.28,,,,,,,,,,GOI/Cash,,31,https://www.valueresearchonline.com/funds/44206/,N/A,N/A,N/A,3,3,N/A,N/A,N/A,N/A,N/A,N/A,N/A,N/A,3,Very Low Risk
ICICI Pru Balanced Advantage,hybrid,Hybrid,INF579M01BM2,153774,Regular,4.57,11.71,10.89,Hybrid: Dynamic Asset Allocation,0.28,9.72,8.81,,,0.72,7.55,11.25,6.78,2.6,AAA,5.34,50,https://www.valueresearchonline.com/funds/3906/,1,2,1,3,7,1,1,N/A,1,3,N/A,N/A,N/A,10,Moderately High Risk
ICICI Pru Dynamic Asset Allocation Active FoF*,hybrid,Hybrid,INF209KB15R9,151307,Regular,1.64,11.1,10.79,Hybrid: Dynamic Asset Allocation*,0.28,9.72,8.81,,,0.69,7.28,10.84,,,AAA,,29,https://www.valueresearchonline.com/funds/1934/,N/A,N/A,N/A,3,3,1,1,N/A,1,3,N/A,N/A,N/A,6,Moderate Risk
ITI Balanced Advantage Reg,hybrid,Hybrid,INF084M01DM9,131865,Regular,-2.31,8.31,7.05,Hybrid: Dynamic Asset Allocation,0.28,9.72,8.81,,,0.3,8.11,8.22,5.83,0.3,AAA,0.31,37,https://www.valueresearchonline.com/funds/40423/,1,3,3,3,10,1,1,N/A,1,3,N/A,N/A,N/A,13,Moderate Risk
Invesco India Balanced Advantage Reg,hybrid,Hybrid,INF209KB15M0,150688,Regular,-4.04,8.82,8.24,Hybrid: Dynamic Asset Allocation,0.28,9.72,8.81,,,0.32,9.17,8.77,7.33,1.85,AAA,2.16,33,https://www.valueresearchonline.com/funds/5566/,2,2,2,3,9,1,1,N/A,1,3,N/A,N/A,N/A,12,Moderate Risk
Kotak Balanced Advantage Reg,hybrid,Hybrid,INF846K01EV4,120524,Regular,1.12,9.5,8.85,Hybrid: Dynamic Asset Allocation,0.28,9.72,8.81,,,0.4,8.93,9.37,7.5,4.5,AAA,10.89,50,https://www.valueresearchonline.com/funds/37074/,2,1,1,3,7,1,1,N/A,1,3,N/A,N/A,N/A,10,Moderately High Risk
LIC MF Balanced Advantage Reg,hybrid,Hybrid,INF846KA1325,153964,Regular,-3.38,6.89,,Hybrid: Dynamic Asset Allocation,0.28,9.72,,,,0.14,9.01,7.1,6.84,3.92,AAA,5.08,32,https://www.valueresearchonline.com/funds/41808/,1,1,1,3,6,1,1,N/A,1,3,N/A,N/A,N/A,9,Moderately High Risk
Mahindra Manulife Balanced Advantage Reg,hybrid,Hybrid,INF0QA701821,152639,Regular,0.3,10.86,,Hybrid: Dynamic Asset Allocation,0.28,9.72,,,,0.49,10.13,10.78,7.42,2.94,AAA,4.85,48,https://www.valueresearchonline.com/funds/41919/,2,2,2,3,9,1,1,N/A,1,3,N/A,N/A,N/A,12,Moderate Risk
Mirae Asset Balanced Advantage Reg,hybrid,Hybrid,INF194KB1HM7,152324,Regular,2.37,10.12,,Hybrid: Dynamic Asset Allocation,0.28,9.72,,,,0.5,8.15,9.91,6.72,3.27,AAA,4.37,48,https://www.valueresearchonline.com/funds/42306/,1,1,2,3,7,1,1,N/A,1,3,N/A,N/A,N/A,10,Moderately High Risk
Motilal Oswal Balanced Advantage Reg,hybrid,Hybrid,INF194K01Z44,118479,Regular,-5.92,3.77,4.41,Hybrid: Dynamic Asset Allocation,0.28,9.72,8.81,,,-0.07,15.06,4.71,7.61,2.01,AAA,2.21,23,https://www.valueresearchonline.com/funds/32930/,2,2,2,3,9,1,1,N/A,1,3,N/A,N/A,N/A,12,Moderate Risk
NJ Balanced Advantage Reg,hybrid,Hybrid,INF761K01FZ3,152396,Regular,-1.25,8.51,,Hybrid: Dynamic Asset Allocation,0.28,9.72,,,,0.29,9.52,8.55,5.38,0.08,GOI/Cash,0.08,42,https://www.valueresearchonline.com/funds/41746/,1,3,3,3,10,1,1,N/A,1,3,N/A,N/A,N/A,13,Moderate Risk
Nippon India Balanced Advantage Reg,hybrid,Hybrid,INF251K01RF2,150865,Regular,2.68,10.84,9.53,Hybrid: Dynamic Asset Allocation,0.28,9.72,8.81,,,0.56,8.46,10.58,7.86,2.59,AAA,3.64,50,https://www.valueresearchonline.com/funds/2510/,2,2,2,3,9,1,1,N/A,1,3,N/A,N/A,N/A,12,Moderate Risk
PGIM India Balanced Advantage Reg,hybrid,Hybrid,INF251K01RF2,150865,Regular,-3.6,6.37,6.87,Hybrid: Dynamic Asset Allocation,0.28,9.72,8.81,,,0.08,9.95,6.55,7.49,,AAA,8.78,50,https://www.valueresearchonline.com/funds/41261/,2,N/A,1,3,6,1,1,N/A,1,3,N/A,N/A,N/A,9,Moderate Risk
Parag Parikh Dynamic Asset Allocation Reg,hybrid,Hybrid,INF760K01LH1,153465,Regular,4.05,,,Hybrid: Dynamic Asset Allocation,0.28,,,,,,,,7.5,3.77,AAA,4.57,50,https://www.valueresearchonline.com/funds/44167/,2,1,2,3,8,N/A,N/A,N/A,N/A,N/A,N/A,N/A,N/A,8,Low Risk
Quant Dynamic Asset Allocation Reg,hybrid,Hybrid,INF226401059,154232,Regular,-1.39,15.98,,Hybrid: Dynamic Asset Allocation,0.28,9.72,,,,0.63,16.56,16.2,,,AAA,,23,https://www.valueresearchonline.com/funds/43469/,N/A,N/A,N/A,3,3,1,1,N/A,2,4,N/A,N/A,N/A,7,Moderate Risk
SBI Balanced Advantage Reg,hybrid,Hybrid,INF740KA1TE9,152056,Regular,1.78,10.72,,Hybrid: Dynamic Asset Allocation,0.28,9.72,,,,0.59,7.89,10.49,7.41,2.09,AAA,3.1,50,https://www.valueresearchonline.com/funds/41653/,2,2,2,3,9,1,1,N/A,1,3,N/A,N/A,N/A,12,Moderate Risk
SBI Dynamic Asset Allocation Active FoF Reg,hybrid,Hybrid,INF740KA1TE9,152056,Regular,,,,Hybrid: Dynamic Asset Allocation,,,,,,,,,,,AAA,,14,https://www.valueresearchonline.com/funds/45475/,N/A,N/A,N/A,3,3,N/A,N/A,N/A,N/A,N/A,N/A,N/A,N/A,3,Very Low Risk
Samco Dynamic Asset Allocation Reg,hybrid,Hybrid,INF754K01RS8,151792,Regular,-2.37,,,Hybrid: Dynamic Asset Allocation,0.28,,,,,,,,5.8,0.54,GOI/Cash,0.56,26,https://www.valueresearchonline.com/funds/43871/,1,3,3,3,10,N/A,N/A,N/A,N/A,N/A,N/A,N/A,N/A,10,Low Risk
Shriram Balanced Advantage Reg,hybrid,Hybrid,INF754K01RS8,151792,Regular,-3.7,5.75,5.89,Hybrid: Dynamic Asset Allocation,0.28,9.72,8.81,,,0.02,10.87,6.07,7.47,1.96,GOI/Cash,2.18,30,https://www.valueresearchonline.com/funds/40001/,2,2,2,3,9,1,1,N/A,1,3,N/A,N/A,N/A,12,Moderate Risk
Sundaram Balanced Advantage Reg,hybrid,Hybrid,INF090I01YH0,153731,Regular,-1.45,8.2,7.98,Hybrid: Dynamic Asset Allocation,0.28,9.72,8.81,,,0.27,9.22,8.25,7.04,3.75,AAA,5.62,45,https://www.valueresearchonline.com/funds/11824/,2,1,1,3,7,1,1,N/A,1,3,N/A,N/A,N/A,10,Moderately High Risk
Tata Balanced Advantage Reg,hybrid,Hybrid,INF666M01MA9,153821,Regular,2.29,9.06,9.06,Hybrid: Dynamic Asset Allocation,0.28,9.72,8.81,,,0.37,8.4,8.88,7.67,4.12,AAA,7.43,50,https://www.valueresearchonline.com/funds/38705/,2,1,1,3,7,1,1,N/A,1,3,N/A,N/A,N/A,10,Moderately High Risk
The Wealth Company Balanced Advantage Reg,hybrid,Hybrid,INF666M01NC3,154028,Regular,,,,Hybrid: Dynamic Asset Allocation,,,,,,,,,,,AAA,,31,https://www.valueresearchonline.com/funds/45769/,N/A,N/A,N/A,3,3,N/A,N/A,N/A,N/A,N/A,N/A,N/A,N/A,3,Very Low Risk
UTI Balanced Advantage Reg,hybrid,Hybrid,INF179KA1PX7,152164,Regular,-2.87,,,Hybrid: Dynamic Asset Allocation,0.28,,,,,,,,7.13,1.59,AAA,1.8,50,https://www.valueresearchonline.com/funds/43664/,2,2,3,3,10,N/A,N/A,N/A,N/A,N/A,N/A,N/A,N/A,10,Low Risk
UTI Unit Linked Insurance Reg,hybrid,Hybrid,INF179K01XW8,119131,Regular,-0.53,7.2,6.66,Hybrid: Dynamic Asset Allocation,0.28,9.72,8.81,,,0.2,6.64,7.13,7.63,5.42,AAA,8.49,50,https://www.valueresearchonline.com/funds/222/,2,1,1,3,7,2,1,N/A,1,4,N/A,N/A,N/A,11,Moderate Risk
Unifi Dynamic Asset Allocation Reg,hybrid,Hybrid,INF336L01RQ6,152381,Regular,7.46,,,Hybrid: Dynamic Asset Allocation,0.28,,,,,,,,10.45,1.37,AAA,1.89,50,https://www.valueresearchonline.com/funds/45025/,3,2,3,3,11,N/A,N/A,N/A,N/A,N/A,N/A,N/A,N/A,11,Very Low Risk
Union Balanced Advantage Reg,hybrid,Hybrid,INF336L01RI3,152380,Regular,0.49,8.19,7.38,Hybrid: Dynamic Asset Allocation,0.28,9.72,8.81,,,0.26,8.87,8.15,7.23,2.82,AAA,3.5,44,https://www.valueresearchonline.com/funds/34860/,2,2,2,3,9,1,1,N/A,1,3,N/A,N/A,N/A,12,Moderate Risk
WhiteOak Capital Balanced Advantage Reg,hybrid,Hybrid,INF109K015K4,120334,Regular,0.33,10.61,,Hybrid: Dynamic Asset Allocation,0.28,9.72,,,,0.52,8.86,10.4,7.19,2.13,AAA,2.47,50,https://www.valueresearchonline.com/funds/43007/,2,2,2,3,9,1,1,N/A,1,3,N/A,N/A,N/A,12,Moderate Risk
ABSL Equity Savings Reg,hybrid,Hybrid,INF109KC1Y15,149441,Regular,4.99,7.96,6.75,Hybrid: Equity Savings,3.25,8.43,7.71,,,0.62,3.07,7.7,7.37,1.6,GOI/Cash,1.9,50,https://www.valueresearchonline.com/funds/28669/,2,2,3,3,10,2,1,N/A,1,4,N/A,N/A,N/A,14,Low Risk
Axis Equity Savings Reg,hybrid,Hybrid,INF205KA1AC1,153047,Regular,3.25,8.9,7.68,Hybrid: Equity Savings,3.25,8.43,7.71,,,0.5,5.69,8.65,7.37,3.04,AAA,3.85,47,https://www.valueresearchonline.com/funds/30700/,2,1,2,3,8,2,1,N/A,1,4,N/A,N/A,N/A,12,Moderate Risk
Bajaj Finserv Equity Savings Reg,hybrid,Hybrid,INF174K01LN3,119777,Regular,,,,Hybrid: Equity Savings,,,,,,,,,7.17,0.5,GOI/Cash,0.5,26,https://www.valueresearchonline.com/funds/45396/,2,3,3,3,11,N/A,N/A,N/A,N/A,N/A,N/A,N/A,N/A,11,Very Low Risk
Bandhan Equity Savings Reg,hybrid,Hybrid,INF174KA1PD4,152064,Regular,3.6,6.7,6.26,Hybrid: Equity Savings,3.25,8.43,7.71,,,0.26,2.53,6.46,7.46,2.31,GOI/Cash,2.82,43,https://www.valueresearchonline.com/funds/7762/,2,2,2,3,9,3,1,N/A,1,5,N/A,N/A,N/A,14,Low Risk
Baroda BNP Paribas Equity Svngs Reg,hybrid,Hybrid,INF174K01LN3,119777,Regular,3.01,8.65,7.72,Hybrid: Equity Savings,3.25,8.43,7.71,,,0.44,6,8.47,7.39,2.66,AAA,3.11,46,https://www.valueresearchonline.com/funds/40118/,2,2,2,3,9,2,1,N/A,1,4,N/A,N/A,N/A,13,Moderate Risk
DSP Equity Savings Reg,hybrid,Hybrid,INF767K01RZ5,153246,Regular,2.27,8.42,7.65,Hybrid: Equity Savings,3.25,8.43,7.71,,,0.59,3.94,8.14,7.27,2.5,GOI/Cash,5.02,50,https://www.valueresearchonline.com/funds/32137/,2,2,1,3,8,2,1,N/A,1,4,N/A,N/A,N/A,12,Moderate Risk
Edelweiss Equity Savings Reg,hybrid,Hybrid,INF174V01BW2,152443,Regular,6.49,10.7,8.91,Hybrid: Equity Savings,3.25,8.43,7.71,,,1.03,4.35,10.26,7.01,1.11,GOI/Cash,1.25,41,https://www.valueresearchonline.com/funds/28226/,2,2,3,3,10,2,2,N/A,1,5,N/A,N/A,N/A,15,Low Risk
Franklin India Equity Savings Reg,hybrid,Hybrid,INF769K01KZ6,152344,Regular,3.21,7.09,6.8,Hybrid: Equity Savings,3.25,8.43,7.71,,,0.39,2.59,6.82,7.42,2.83,AAA,4,38,https://www.valueresearchonline.com/funds/37262/,2,2,2,3,9,3,1,N/A,1,5,N/A,N/A,N/A,14,Low Risk
HDFC Equity Savings Reg,hybrid,Hybrid,INF247L01BM1,145756,Regular,1.65,8.31,8.03,Hybrid: Equity Savings,3.25,8.43,7.71,,,0.43,5.28,8.08,7.48,2.99,AAA,3.57,50,https://www.valueresearchonline.com/funds/2374/,2,2,2,3,9,2,1,N/A,1,4,N/A,N/A,N/A,13,Moderate Risk
HSBC Equity Savings Reg,hybrid,Hybrid,INF247L01BQ2,145760,Regular,11.09,13.09,11.01,Hybrid: Equity Savings,3.25,8.43,7.71,,,0.85,8.04,12.6,6.81,2.03,GOI/Cash,2.26,39,https://www.valueresearchonline.com/funds/13338/,1,2,2,3,8,1,1,N/A,2,4,N/A,N/A,N/A,12,Moderate Risk
ICICI Pru Equity Savings,hybrid,Hybrid,INF204KB19V4,148457,Regular,2.48,7.09,7.21,Hybrid: Equity Savings,3.25,8.43,7.71,,,0.37,2.92,6.88,7.51,3.84,GOI/Cash,7.31,50,https://www.valueresearchonline.com/funds/28743/,2,1,1,3,7,3,1,N/A,1,5,N/A,N/A,N/A,12,Moderate Risk
Invesco India Equity Savings Reg,hybrid,Hybrid,INF204KB16Y4,148666,Regular,-3.06,7.53,6.5,Hybrid: Equity Savings,3.25,8.43,7.71,,,0.26,6.27,7.42,7.2,2.75,AAA,3.48,35,https://www.valueresearchonline.com/funds/39159/,2,2,2,3,9,2,1,N/A,1,4,N/A,N/A,N/A,13,Moderate Risk
Kotak Equity Savings Reg,hybrid,Hybrid,INF663L010A3,153987,Regular,4.53,9.8,9.5,Hybrid: Equity Savings,3.25,8.43,7.71,,,0.58,6.29,9.46,7.39,1.9,AAA,2.73,50,https://www.valueresearchonline.com/funds/28165/,2,2,2,3,9,2,1,N/A,1,4,N/A,N/A,N/A,13,Moderate Risk
LIC MF Equity Savings Reg,hybrid,Hybrid,INF966L01580,120821,Regular,0.62,8.2,6.96,Hybrid: Equity Savings,3.25,8.43,7.71,,,0.32,7.23,8.15,,,GOI/Cash,,27,https://www.valueresearchonline.com/funds/12137/,N/A,N/A,N/A,3,3,1,1,N/A,1,3,N/A,N/A,N/A,6,Moderate Risk
Mahindra Manulife Equity Savings Reg,hybrid,Hybrid,INF082J01457,152474,Regular,4.46,8.92,7.99,Hybrid: Equity Savings,3.25,8.43,7.71,,,0.52,5.51,8.66,7.33,2.05,AAA,2.45,50,https://www.valueresearchonline.com/funds/33351/,2,2,2,3,9,2,1,N/A,1,4,N/A,N/A,N/A,13,Moderate Risk
Mirae Asset Equity Savings Reg,hybrid,Hybrid,INF082J01457,152474,Regular,3.58,9.79,8.82,Hybrid: Equity Savings,3.25,8.43,7.71,,,0.58,6.31,9.49,6.25,2.63,AAA,3.57,50,https://www.valueresearchonline.com/funds/38385/,1,2,2,3,8,2,1,N/A,1,4,N/A,N/A,N/A,12,Moderate Risk
Nippon India Equity Savings Reg,hybrid,Hybrid,INF200K01TZ3,119843,Regular,2.43,6.54,6.55,Hybrid: Equity Savings,3.25,8.43,7.71,,,0.15,3.81,6.36,7.43,2.97,GOI/Cash,3.54,49,https://www.valueresearchonline.com/funds/30212/,2,2,2,3,9,2,1,N/A,1,4,N/A,N/A,N/A,13,Moderate Risk
Nippon India Equity Savings Seg Port 1 Reg,hybrid,Hybrid,INF0K1H01230,153092,Regular,,,,,,,,,,,,,,,C,,1,https://www.valueresearchonline.com/funds/40316/,N/A,N/A,N/A,1,1,N/A,N/A,N/A,N/A,N/A,N/A,N/A,N/A,1,Moderately High Risk
Nippon India Equity Savings Seg Port 2 Reg,hybrid,Hybrid,INF680P01406,152051,Regular,,,,,,,,,,,,,7.12,2.77,C,3.31,1,https://www.valueresearchonline.com/funds/40860/,2,2,2,1,7,N/A,N/A,N/A,N/A,N/A,N/A,N/A,N/A,7,Moderate Risk
PGIM India Equity Savings Reg,hybrid,Hybrid,INF903JA1LK9,152314,Regular,2.74,6.1,5.88,Hybrid: Equity Savings,3.25,8.43,7.71,,,0.04,3.15,5.92,7.13,,GOI/Cash,5.57,32,https://www.valueresearchonline.com/funds/2059/,2,N/A,1,3,6,2,1,N/A,1,4,N/A,N/A,N/A,10,Moderate Risk
Quant Equity Savings Reg,hybrid,Hybrid,INF277K019Y3,148053,Regular,,,,Hybrid: Equity Savings,,,,,,,,,,,GOI/Cash,,18,https://www.valueresearchonline.com/funds/45351/,N/A,N/A,N/A,3,3,N/A,N/A,N/A,N/A,N/A,N/A,N/A,N/A,3,Very Low Risk
SBI Equity Savings Reg,hybrid,Hybrid,INF2F0001347,153999,Regular,1.81,9.04,8.36,Hybrid: Equity Savings,3.25,8.43,7.71,,,0.57,5.28,8.79,7.51,1.43,AAA,1.61,50,https://www.valueresearchonline.com/funds/30274/,2,2,3,3,10,2,1,N/A,1,4,N/A,N/A,N/A,14,Low Risk
Sundaram Equity Savings Reg,hybrid,Hybrid,INF789F01VE6,120760,Regular,-0.11,8.59,8.25,Hybrid: Equity Savings,3.25,8.43,7.71,,,0.43,6.09,8.4,6.54,2.13,GOI/Cash,2.75,34,https://www.valueresearchonline.com/funds/1306/,1,2,2,3,8,2,1,N/A,1,4,N/A,N/A,N/A,12,Moderate Risk
UTI Equity Savings Reg,hybrid,Hybrid,INF582M01JY4,152787,Regular,2.53,8.44,8.64,Hybrid: Equity Savings,3.25,8.43,7.71,,,0.48,5,8.2,6.26,2.43,GOI/Cash,2.76,36,https://www.valueresearchonline.com/funds/37349/,1,2,2,3,8,2,1,N/A,1,4,N/A,N/A,N/A,12,Moderate Risk
Union Equity Savings Reg,hybrid,Hybrid,INF03VN01761,151745,Regular,2.9,7.19,6.41,Hybrid: Equity Savings,3.25,8.43,7.71,,,0.23,4.92,6.96,6.8,2.14,GOI/Cash,2.55,30,https://www.valueresearchonline.com/funds/37120/,1,2,2,3,8,2,1,N/A,1,4,N/A,N/A,N/A,12,Moderate Risk
WhiteOak Capital Equity Savings Reg,hybrid,Hybrid,INF0R8F01117,153757,Regular,7.08,,,Hybrid: Equity Savings,3.25,,,,,,,,6.83,3.98,GOI/Cash,5.17,49,https://www.valueresearchonline.com/funds/44998/,1,1,1,3,6,N/A,N/A,N/A,N/A,N/A,N/A,N/A,N/A,6,Moderate Risk
360 ONE Multi Asset Allocation Reg*,hybrid,Hybrid,INF579M01BJ8,153772,Regular,,,,Hybrid: Multi Asset Allocation,,,,,,,,,7.48,3.36,AAA,5.27,50,https://www.valueresearchonline.com/funds/45412/,2,1,1,3,7,N/A,N/A,N/A,N/A,N/A,N/A,N/A,N/A,7,Moderate Risk
ABSL Multi Asset Allocation Reg,hybrid,Hybrid,INF209KB12R6,151309,Regular,12.31,15.65,,Hybrid: Multi Asset Allocation,9.22,14.97,,,,0.91,10.24,15.08,7.3,1.76,AAA,2.04,50,https://www.valueresearchonline.com/funds/43040/,2,2,2,3,9,1,1,N/A,2,4,N/A,N/A,N/A,13,Moderate Risk
ABSL Multi-Asset Omni FoF Reg*,hybrid,Hybrid,INF084M01AE2,131864,Regular,11,17.05,12.9,Hybrid: Multi Asset Allocation,9.22,14.97,13.14,,,0.98,10.86,16.39,,,AAA,,13,https://www.valueresearchonline.com/funds/3514/,N/A,N/A,N/A,3,3,1,1,N/A,2,4,N/A,N/A,N/A,7,Moderate Risk
ABSL Multi-Asset Passive FoF Reg*,hybrid,Hybrid,INF209KB12M7,150690,Regular,8.71,16.68,,Hybrid: Multi Asset Allocation,9.22,14.97,,,,0.91,11.3,16.12,,,GOI/Cash,,12,https://www.valueresearchonline.com/funds/42607/,N/A,N/A,N/A,3,3,1,1,N/A,2,4,N/A,N/A,N/A,7,Moderate Risk
Axis Multi Asset Allocation Reg,hybrid,Hybrid,INF846K01768,113064,Regular,10.04,13.05,9.71,Hybrid: Multi Asset Allocation,9.22,14.97,13.14,,,0.7,9.8,12.7,7.15,1.93,AAA,2.31,50,https://www.valueresearchonline.com/funds/11343/,2,2,2,3,9,1,1,N/A,2,4,N/A,N/A,N/A,13,Moderate Risk
Axis Multi-Asset Active FoF Reg*,hybrid,Hybrid,INF846KA1333,153963,Regular,,,,Hybrid: Multi Asset Allocation,,,,,,,,,,,AAA,,18,https://www.valueresearchonline.com/funds/45608/,N/A,N/A,N/A,3,3,N/A,N/A,N/A,N/A,N/A,N/A,N/A,N/A,3,Very Low Risk
Bajaj Finserv Multi Asset Allocation Reg,hybrid,Hybrid,INF0QA701797,152642,Regular,7.74,,,Hybrid: Multi Asset Allocation,9.22,,,,,,,,7.32,1.31,AAA,1.43,37,https://www.valueresearchonline.com/funds/44327/,2,2,3,3,10,N/A,N/A,N/A,N/A,N/A,N/A,N/A,N/A,10,Low Risk
Bandhan Multi Asset Allocation Reg,hybrid,Hybrid,INF194KB1HJ3,152326,Regular,13.71,,,Hybrid: Multi Asset Allocation,9.22,,,,,,,,6.34,,GOI/Cash,2.5,36,https://www.valueresearchonline.com/funds/44028/,1,N/A,2,3,6,N/A,N/A,N/A,N/A,N/A,N/A,N/A,N/A,6,Low Risk
Bandhan Multi-Asset Passive FoF Reg,hybrid,Hybrid,INF194K01557,108994,Regular,1.77,9.42,8.44,Hybrid: Multi Asset Allocation,9.22,14.97,13.14,,,0.47,7.41,9.28,,,GOI/Cash,,5,https://www.valueresearchonline.com/funds/10848/,N/A,N/A,N/A,3,3,1,1,N/A,1,3,N/A,N/A,N/A,6,Moderate Risk
Bank of India Multi Asset Allocation Reg,hybrid,Hybrid,INF761K01FW0,152398,Regular,9.88,,,Hybrid: Multi Asset Allocation,9.22,,,,,,,,7.72,2.96,AAA,3.65,43,https://www.valueresearchonline.com/funds/44096/,2,2,2,3,9,N/A,N/A,N/A,N/A,N/A,N/A,N/A,N/A,9,Low Risk
Baroda BNP Paribas Multi Asset Active FoF Reg,hybrid,Hybrid,INF251K01RC9,150863,Regular,10.42,,,Hybrid: Multi Asset Allocation,9.22,,,,,,,,,,AAA,,4,https://www.valueresearchonline.com/funds/45176/,N/A,N/A,N/A,3,3,N/A,N/A,N/A,N/A,N/A,N/A,N/A,N/A,3,Very Low Risk
Baroda BNP Paribas Multi Asset Reg,hybrid,Hybrid,INF251K01RC9,150863,Regular,6.77,14.83,,Hybrid: Multi Asset Allocation,9.22,14.97,,,,0.78,11.05,14.46,7.14,2.37,AAA,3.72,39,https://www.valueresearchonline.com/funds/42781/,2,2,2,3,9,1,1,N/A,2,4,N/A,N/A,N/A,13,Moderate Risk
Canara Robeco Multi Asset Allocation Reg,hybrid,Hybrid,INF760K01LG3,153466,Regular,7.77,,,Hybrid: Multi Asset Allocation,9.22,,,,,,,,6.12,0.37,GOI/Cash,0.38,34,https://www.valueresearchonline.com/funds/45166/,1,3,3,3,10,N/A,N/A,N/A,N/A,N/A,N/A,N/A,N/A,10,Low Risk
Capitalmind Multi Asset Allocation Reg*,hybrid,Hybrid,INF226401083,154231,Regular,,,,Hybrid: Multi Asset Allocation,,,,,,,,,6.36,0.1,AAA,0.1,34,https://www.valueresearchonline.com/funds/45849/,1,3,3,3,10,N/A,N/A,N/A,N/A,N/A,N/A,N/A,N/A,10,Low Risk
DSP Multi Asset Allocation Reg*,hybrid,Hybrid,INF740KA1TB5,152053,Regular,16.22,,,Hybrid: Multi Asset Allocation,9.22,,,,,,,,6.9,4.27,AAA,9.38,50,https://www.valueresearchonline.com/funds/43739/,1,1,1,3,6,N/A,N/A,N/A,N/A,N/A,N/A,N/A,N/A,6,Moderate Risk
DSP Multi Asset Omni FoF Reg*,hybrid,Hybrid,INF740KA1TB5,152053,Regular,,,,Hybrid: Multi Asset Allocation*,,,,,,,,,,,AAA,,12,https://www.valueresearchonline.com/funds/45801/,N/A,N/A,N/A,3,3,N/A,N/A,N/A,N/A,N/A,N/A,N/A,N/A,3,Very Low Risk
Edelweiss Multi Asset Allocation Reg,hybrid,Hybrid,INF754K01RO7,151795,Regular,6.08,7.33,,Hybrid: Multi Asset Allocation,9.22,14.97,,,,0.97,1.38,7.14,7.75,1.63,AAA,1.78,50,https://www.valueresearchonline.com/funds/43549/,2,2,3,3,10,3,1,N/A,1,5,N/A,N/A,N/A,15,Low Risk
Edelweiss Multi Asset Omni FoF Reg*,hybrid,Hybrid,INF754K01RO7,151795,Regular,,,,Hybrid: Multi Asset Allocation,,,,,,,,,,,AAA,,11,https://www.valueresearchonline.com/funds/45417/,N/A,N/A,N/A,3,3,N/A,N/A,N/A,N/A,N/A,N/A,N/A,N/A,3,Very Low Risk
Franklin India Multi Asset Allocation Reg,hybrid,Hybrid,INF090I01YM0,153733,Regular,,,,Hybrid: Multi Asset Allocation,,,,,,,,,7.85,0.9,AAA,1.06,43,https://www.valueresearchonline.com/funds/45366/,2,3,3,3,11,N/A,N/A,N/A,N/A,N/A,N/A,N/A,N/A,11,Very Low Risk
Groww Multi Asset Allocation Reg,hybrid,Hybrid,INF666M01MD3,153851,Regular,,,,Hybrid: Multi Asset Allocation,,,,,,,,,6.06,0,AAA,0,37,https://www.valueresearchonline.com/funds/45462/,1,3,3,3,10,N/A,N/A,N/A,N/A,N/A,N/A,N/A,N/A,10,Low Risk
Groww Multi Asset Omni FoF Reg*,hybrid,Hybrid,INF666M01NF6,154057,Regular,,,,Hybrid: Multi Asset Allocation,,,,,,,,,,,AAA,,15,https://www.valueresearchonline.com/funds/45673/,N/A,N/A,N/A,3,3,N/A,N/A,N/A,N/A,N/A,N/A,N/A,N/A,3,Very Low Risk
HDFC Multi-Asset Active FoF Reg,hybrid,Hybrid,INF179KA1PT6,152162,Regular,5.15,13.45,12.59,Hybrid: Multi Asset Allocation,9.22,14.97,13.14,,,0.93,7.62,12.89,,,AAA,,18,https://www.valueresearchonline.com/funds/41460/,N/A,N/A,N/A,3,3,1,1,N/A,2,4,N/A,N/A,N/A,7,Moderate Risk
HDFC Multi-Asset Allocation Reg,hybrid,Hybrid,INF179K01AP0,103131,Regular,2.94,11.63,10.84,Hybrid: Multi Asset Allocation,9.22,14.97,13.14,,,0.71,7.64,11.25,7.25,2.5,AAA,2.78,50,https://www.valueresearchonline.com/funds/2818/,2,2,2,3,9,1,1,N/A,1,3,N/A,N/A,N/A,12,Moderate Risk
HSBC Multi Asset Active FoF Reg*,hybrid,Hybrid,INF336L01RF9,152378,Regular,13.25,15.52,12.57,Hybrid: Multi Asset Allocation,9.22,14.97,13.14,,,0.85,10.89,15.07,,,AAA,,10,https://www.valueresearchonline.com/funds/25862/,N/A,N/A,N/A,3,3,1,1,N/A,2,4,N/A,N/A,N/A,7,Moderate Risk
HSBC Multi Asset Allocation Reg,hybrid,Hybrid,INF336L01RF9,152378,Regular,15.62,,,Hybrid: Multi Asset Allocation,9.22,,,,,,,,7.7,2.65,AAA,3.65,45,https://www.valueresearchonline.com/funds/44087/,2,2,2,3,9,N/A,N/A,N/A,N/A,N/A,N/A,N/A,N/A,9,Low Risk
ICICI Pru Multi Asset*,hybrid,Hybrid,INF109K01761,101144,Regular,5.5,16.03,17.26,Hybrid: Multi Asset Allocation,9.22,14.97,13.14,,,1.07,8.85,15.24,6.94,2.26,AAA,4.14,50,https://www.valueresearchonline.com/funds/1471/,1,2,2,3,8,1,2,N/A,2,5,N/A,N/A,N/A,13,Moderate Risk
ICICI Pru Passive Multi-Asset FoF*,hybrid,Hybrid,INF767K01TG4,148792,Regular,9.31,13.21,,Hybrid: Multi Asset Allocation,9.22,14.97,,,,0.98,7.03,12.66,,,AAA,,29,https://www.valueresearchonline.com/funds/41930/,N/A,N/A,N/A,3,3,1,1,N/A,2,4,N/A,N/A,N/A,7,Moderate Risk
Invesco India Multi Asset Allocation Reg,hybrid,Hybrid,INF205KA1999,153046,Regular,13.02,,,Hybrid: Multi Asset Allocation,9.22,,,,,,,,,,AAA,,39,https://www.valueresearchonline.com/funds/44736/,N/A,N/A,N/A,3,3,N/A,N/A,N/A,N/A,N/A,N/A,N/A,N/A,3,Very Low Risk
Kotak Multi Asset Active FoF Reg,hybrid,Hybrid,INF174K01468,102574,Regular,,,,Hybrid: Multi Asset Allocation,,,,,,,,,,,AAA,,10,https://www.valueresearchonline.com/funds/45939/,N/A,N/A,N/A,3,3,N/A,N/A,N/A,N/A,N/A,N/A,N/A,N/A,3,Very Low Risk
Kotak Multi Asset Allocation Reg,hybrid,Hybrid,INF174KA1PA0,152065,Regular,19.13,,,Hybrid: Multi Asset Allocation,9.22,,,,,,,,7.14,3.24,AAA,7.81,50,https://www.valueresearchonline.com/funds/43730/,2,1,1,3,7,N/A,N/A,N/A,N/A,N/A,N/A,N/A,N/A,7,Moderate Risk
Kotak Multi Asset Omni FoF Reg*,hybrid,Hybrid,INF174K01468,102574,Regular,7.25,15.69,15.25,Hybrid: Multi Asset Allocation,9.22,14.97,13.14,,,0.89,10.48,15.17,,,GOI/Cash,,16,https://www.valueresearchonline.com/funds/2308/,N/A,N/A,N/A,3,3,1,1,N/A,2,4,N/A,N/A,N/A,7,Moderate Risk
LIC MF Multi Asset Allocation Reg,hybrid,Hybrid,INF767K01RW2,153248,Regular,6.1,,,Hybrid: Multi Asset Allocation,9.22,,,,,,,,,,AAA,,37,https://www.valueresearchonline.com/funds/44884/,N/A,N/A,N/A,3,3,N/A,N/A,N/A,N/A,N/A,N/A,N/A,N/A,3,Very Low Risk
Mahindra Manulife Multi Asset Allocation Reg,hybrid,Hybrid,INF174V01BT8,152441,Regular,13.39,,,Hybrid: Multi Asset Allocation,9.22,,,,,,,,7.65,2.5,AAA,3.79,50,https://www.valueresearchonline.com/funds/44128/,2,2,2,3,9,N/A,N/A,N/A,N/A,N/A,N/A,N/A,N/A,9,Low Risk
Mirae Asset Multi Asset Allocation Reg,hybrid,Hybrid,INF769K01KW3,152347,Regular,9.15,,,Hybrid: Multi Asset Allocation,9.22,,,,,,,,6.38,2.01,AAA,2.51,50,https://www.valueresearchonline.com/funds/44002/,1,2,2,3,8,N/A,N/A,N/A,N/A,N/A,N/A,N/A,N/A,8,Low Risk
Motilal Oswal Asset Allocation Passive FoF-Agrssv Reg*,hybrid,Hybrid,INF247L01BJ7,145754,Regular,8.56,15.33,12.53,Hybrid: Multi Asset Allocation,9.22,14.97,13.14,,,0.96,9.22,14.66,,,GOI/Cash,,4,https://www.valueresearchonline.com/funds/41333/,N/A,N/A,N/A,3,3,1,1,N/A,2,4,N/A,N/A,N/A,7,Moderate Risk
Motilal Oswal Asset Allocation Passive FoF-Cons Reg*,hybrid,Hybrid,INF247L01BN9,145758,Regular,9.44,13.26,10.61,Hybrid: Multi Asset Allocation,9.22,14.97,13.14,,,1.14,5.96,12.6,,,GOI/Cash,,4,https://www.valueresearchonline.com/funds/41335/,N/A,N/A,N/A,3,3,2,2,N/A,2,6,N/A,N/A,N/A,9,Low Risk
Nippon India Multi Asset Allocation Reg*,hybrid,Hybrid,INF204KB16V0,148459,Regular,12.68,18.64,15.11,Hybrid: Multi Asset Allocation,9.22,14.97,13.14,,,1.22,9.61,17.56,7.02,2.35,AAA,2.84,50,https://www.valueresearchonline.com/funds/41072/,2,2,2,3,9,1,2,N/A,2,5,N/A,N/A,N/A,14,Low Risk
Nippon India Multi-Asset Omni FoF Reg,hybrid,Hybrid,INF204KB13Y1,148663,Regular,7.94,17.62,15.61,Hybrid: Multi Asset Allocation,9.22,14.97,13.14,,,1.09,10.09,16.79,,,AAA,,8,https://www.valueresearchonline.com/funds/41265/,N/A,N/A,N/A,3,3,1,2,N/A,2,5,N/A,N/A,N/A,8,Low Risk
PGIM India Multi Asset Allocation Reg,hybrid,Hybrid,INF663L013A7,153988,Regular,,,,Hybrid: Multi Asset Allocation,,,,,,,,,6.24,,GOI/Cash,2.53,35,https://www.valueresearchonline.com/funds/45617/,1,N/A,2,3,6,N/A,N/A,N/A,N/A,N/A,N/A,N/A,N/A,6,Low Risk
Quant Multi Asset Allocation Reg,hybrid,Hybrid,INF966L01200,101072,Regular,17.34,22.76,19.01,Hybrid: Multi Asset Allocation,9.22,14.97,13.14,,,1.29,11.99,21.24,5.86,1.31,GOI/Cash,2.25,47,https://www.valueresearchonline.com/funds/954/,1,2,2,3,8,1,2,N/A,3,6,N/A,N/A,N/A,14,Low Risk
Quantum Multi Asset Active FoF Reg*,hybrid,Hybrid,INF082J01465,152475,Regular,4.57,11.12,9.58,Hybrid: Multi Asset Allocation,9.22,14.97,13.14,,,0.76,6.58,10.79,,,AAA,,5,https://www.valueresearchonline.com/funds/33970/,N/A,N/A,N/A,3,3,2,1,N/A,1,4,N/A,N/A,N/A,7,Moderate Risk
Quantum Multi Asset Allocation Reg,hybrid,Hybrid,INF082J01465,152475,Regular,0.78,,,Hybrid: Multi Asset Allocation,9.22,,,,,,,,,,GOI/Cash,,30,https://www.valueresearchonline.com/funds/44175/,N/A,N/A,N/A,3,3,N/A,N/A,N/A,N/A,N/A,N/A,N/A,N/A,3,Very Low Risk
SBI Multi Asset Allocation Reg,hybrid,Hybrid,INF200K01800,103408,Regular,11.1,16.25,13.41,Hybrid: Multi Asset Allocation,9.22,14.97,13.14,,,1.15,8.42,15.47,8.07,1.75,AAA,2.15,50,https://www.valueresearchonline.com/funds/3015/,3,2,2,3,10,1,2,N/A,2,5,N/A,N/A,N/A,15,Low Risk
Samco Multi Asset Allocation Reg*,hybrid,Hybrid,INF0K1H01248,153093,Regular,1.67,,,Hybrid: Multi Asset Allocation,9.22,,,,,,,,5.82,0.58,GOI/Cash,0.61,27,https://www.valueresearchonline.com/funds/44776/,1,3,3,3,10,N/A,N/A,N/A,N/A,N/A,N/A,N/A,N/A,10,Low Risk
Shriram Multi Asset Allocation Reg,hybrid,Hybrid,INF680P01414,152052,Regular,5.59,,,Hybrid: Multi Asset Allocation,9.22,,,,,,,,6.95,0.86,AAA,0.92,36,https://www.valueresearchonline.com/funds/43716/,1,3,3,3,10,N/A,N/A,N/A,N/A,N/A,N/A,N/A,N/A,10,Low Risk
Sundaram Multi Asset Allocation Reg,hybrid,Hybrid,INF903JA1LH5,152311,Regular,5.25,,,Hybrid: Multi Asset Allocation,9.22,,,,,,,,6.44,2.66,GOI/Cash,3.16,38,https://www.valueresearchonline.com/funds/44040/,1,2,2,3,8,N/A,N/A,N/A,N/A,N/A,N/A,N/A,N/A,8,Low Risk
Tata Multi Asset Allocation Reg*,hybrid,Hybrid,INF277K012Z5,148050,Regular,7.27,13.38,12.16,Hybrid: Multi Asset Allocation,9.22,14.97,13.14,,,0.75,9.59,12.97,7.73,2.85,GOI/Cash,3.69,50,https://www.valueresearchonline.com/funds/40684/,2,2,2,3,9,1,1,N/A,2,4,N/A,N/A,N/A,13,Moderate Risk
The Wealth Company Multi Asset Allocation Reg,hybrid,Hybrid,INF2F0001313,154002,Regular,,,,Hybrid: Multi Asset Allocation,,,,,,,,,,,AAA,,45,https://www.valueresearchonline.com/funds/45633/,N/A,N/A,N/A,3,3,N/A,N/A,N/A,N/A,N/A,N/A,N/A,N/A,3,Very Low Risk
UTI Multi Asset Allocation Reg,hybrid,Hybrid,INF789F01AP6,111599,Regular,3.81,15.54,13.23,Hybrid: Multi Asset Allocation,9.22,14.97,13.14,,,0.86,10.61,14.95,7.69,4.98,AAA,9.32,50,https://www.valueresearchonline.com/funds/9758/,2,1,1,3,7,1,1,N/A,2,4,N/A,N/A,N/A,11,Moderate Risk
Union Multi Asset Allocation Reg,hybrid,Hybrid,INF582M01JU2,152786,Regular,12.58,,,Hybrid: Multi Asset Allocation,9.22,,,,,,,,6.55,2.12,AAA,2.98,32,https://www.valueresearchonline.com/funds/44468/,1,2,2,3,8,N/A,N/A,N/A,N/A,N/A,N/A,N/A,N/A,8,Low Risk
WhiteOak Capital Multi Asset Allocation Reg*,hybrid,Hybrid,INF03VN01779,151746,Regular,10.64,15.36,,Hybrid: Multi Asset Allocation,9.22,14.97,,,,1.71,5.09,14.53,6.74,1.66,AAA,1.93,50,https://www.valueresearchonline.com/funds/43500/,1,2,3,3,9,2,2,N/A,2,6,N/A,N/A,N/A,15,Low Risk