Fund Name,Category,Subcategory,Plan,1Y Return (%),3Y Return (%),5Y Return (%),Benchmark Name,ISIN,Scheme Code,Benchmark 1Y (%),Benchmark 3Y (%),Benchmark 5Y (%),Alpha,Beta,Sharpe Ratio,Sortino Ratio,Std Dev,Mean Return (%),YTM (%),Modified Duration (yrs),Avg Credit Rating,Avg Maturity (yrs),No. of Stocks,Top 10 Stocks (%),Top 5 Stocks (%),Top 3 Sectors (%),No. of Securities,Portfolio P/E,Portfolio P/B,Sharpe Score (/12),Sortino Score (/4),Std Dev Score (/6),Mean Return Score,YTM Score,Duration Score,Credit Score,Maturity Score,Stocks Score,Top 10 Score,Top 5 Score,Top 3 Sectors Score,P/E Score,P/B Score,Securities Score,Score (/40),VR Stars,Risk Category,Fund Rating,Top Holdings Count,Fund URL
ABSL Aggressive Hybrid Omni FoF Dir*,hybrid,Hybrid,Direct,5.62,11.32,10.27,Hybrid: Aggressive Hybrid,INF084M01ET2,132185,4.75,12.04,10.84,,,0.61,0.74,9.96,11.77,,,AAA,,,,,,10,,,1,1,1,1,,,3,,,,,,,,0,7,,High Risk,Poor,10,https://www.valueresearchonline.com/funds/16932/
ABSL Equity Hybrid '95 Dir,hybrid,Hybrid,Direct,3.25,10.61,8.54,Hybrid: Aggressive Hybrid,INF209K01ZC0,120517,4.75,12.04,10.84,,,0.5,0.62,11.23,11.26,7.71,4.11,AAA,6.66,78,,20.98,44.65,166,27.13,3.53,1,1,0,1,2,1,3,1,2,,2,2,1.5,1,2,20.5,2,Moderate Risk,Poor,50,https://www.valueresearchonline.com/funds/15692/
ABSL Retirement 40s Dir,hybrid,Hybrid,Direct,5.54,12.15,9.74,Hybrid: Aggressive Hybrid,INF209KB1I80,146930,4.75,12.04,10.84,,,0.61,0.76,11.18,12.55,,,GOI/Cash,,57,,23.18,46.53,62,22.94,3.2,1,1,0,2,,,3,,2,,2,1,1.5,1.5,1,16,3,Moderately High Risk,Average,30,https://www.valueresearchonline.com/funds/39185/
Axis Aggressive Hybrid Dir,hybrid,Hybrid,Direct,3.9,10.21,7.34,Hybrid: Aggressive Hybrid,INF846K01E25,144394,4.75,12.04,10.84,,,0.47,0.63,11.1,10.9,7.78,2.11,AA,2.8,94,,19.94,42.51,126,25.57,3.5,1,1,0,1,2,2,2,2,2.5,,2.5,2,1.5,1.5,1.5,22.5,1,Moderate Risk,Poor,50,https://www.valueresearchonline.com/funds/37134/
Axis Children's Dir,hybrid,Hybrid,Direct,3.41,9.29,6.89,Hybrid: Aggressive Hybrid,INF846K01CR6,120438,4.75,12.04,10.84,,,0.41,0.53,10.88,10.13,7.11,4.05,AAA,5.11,94,,26.5,41.44,114,25.93,3.55,1,1,0,1,2,1,3,1,2.5,,2,2,1.5,1,1.5,20.5,1,Moderate Risk,Poor,45,https://www.valueresearchonline.com/funds/31507/
Axis Retirement-Aggressive Plan Dir,hybrid,Hybrid,Direct,2.41,12.15,7.66,Hybrid: Aggressive Hybrid,INF846K01S86,147825,4.75,12.04,10.84,,,0.57,0.74,12.15,12.67,6.96,5.79,AAA,10.3,86,,26.04,42.6,96,26.09,3.57,1,1,0,2,1,0,3,0,2.5,,2,2,1.5,1,1.5,18.5,2,Moderately High Risk,Poor,34,https://www.valueresearchonline.com/funds/40429/
Bandhan Aggressive Hybrid Dir,hybrid,Hybrid,Direct,9.77,14.95,12.01,Hybrid: Aggressive Hybrid,INF194KA1U56,140382,4.75,12.04,10.84,,,0.77,0.93,12.56,15.36,5.12,2.48,AAA,4.26,83,,23.74,44.59,101,25.41,3.61,1,1,0,2,0,2,3,2,2.5,,2,2,1.5,1,1.5,21.5,4,Moderate Risk,Good,43,https://www.valueresearchonline.com/funds/33270/
Bandhan Aggressive Hybrid Passive FoF Dir,hybrid,Hybrid,Direct,10.72,13.56,10.69,Hybrid: Aggressive Hybrid,INF194K012B6,118485,4.75,12.04,10.84,,,0.71,0.89,11.88,14.12,,,GOI/Cash,,,,,,3,,,1,1,0,2,,,3,,,,,,,,0,7,4,High Risk,Good,3,https://www.valueresearchonline.com/funds/16468/
Bandhan Retirement Dir,hybrid,Hybrid,Direct,1.96,,,Hybrid: Aggressive Hybrid,INF194KB1GU2,152102,4.75,,,,,,,,,7.02,8.81,GOI/Cash,19.94,54,,41.01,38.97,59,23.21,3.3,,,,,2,0,3,0,2,,0,2,1.5,1.5,1,13,,Moderately High Risk,Average,26,https://www.valueresearchonline.com/funds/43791/
Bank of India Mid & Small Cap Eqt & Debt Dir,hybrid,Hybrid,Direct,16.6,17.67,15.3,Hybrid: Aggressive Hybrid,INF761K01DM6,139527,4.75,12.04,10.84,,,0.8,1.09,15.82,18.33,6.63,1.01,AAA,1.19,62,,10.76,42.25,104,32.5,4.4,1,1,0,3,1,2,3,3,2,,2.5,2,1,1,1.5,24,5,Moderate Risk,Excellent,50,https://www.valueresearchonline.com/funds/32609/
Baroda BNP Paribas Aggressive Hybrid Dir,hybrid,Hybrid,Direct,3.58,12.04,10.65,Hybrid: Aggressive Hybrid,INF251K01OZ7,150260,4.75,12.04,10.84,,,0.62,0.77,11,12.56,7.05,2.43,AAA,3.98,57,,22.45,46.13,91,26.85,3.47,1,1,0,2,2,2,3,2,2,,2,1,1.5,1.5,1.5,22.5,3,Moderate Risk,Average,50,https://www.valueresearchonline.com/funds/33836/
Baroda BNP Paribas Retirement Dir,hybrid,Hybrid,Direct,6.83,,,Hybrid: Aggressive Hybrid,INF251K01TJ0,152628,4.75,,,,,,,,,7.39,10.45,AAA,,52,,30.28,47.57,59,29.36,3.92,,,,,2,0,3,,2,,1,1,1,1,1,12,,High Risk,Poor,31,https://www.valueresearchonline.com/funds/44295/
Canara Robeco Equity Hybrid Dir,hybrid,Hybrid,Direct,4.17,11.44,9.69,Hybrid: Aggressive Hybrid,INF760K01EZ8,118272,4.75,12.04,10.84,,,0.57,0.73,11.28,12.17,6.78,1.23,AAA,2.22,73,,17.82,49.61,133,22.71,3.42,1,1,0,2,1,2,3,2,2,,2.5,1,1.5,1.5,1.5,22,3,Moderate Risk,Average,50,https://www.valueresearchonline.com/funds/16384/
DSP Aggressive Hybrid Dir,hybrid,Hybrid,Direct,-0.93,10.19,8.94,Hybrid: Aggressive Hybrid,INF740K01NY4,119019,4.75,12.04,10.84,,,0.48,0.67,11.07,10.97,2.24,1.86,AAA,4.42,41,,27.5,48.58,87,19.48,2.83,1,1,0,1,0,2,3,2,1,,2,1,2,1.5,1.5,19,3,Moderately High Risk,Average,50,https://www.valueresearchonline.com/funds/15793/
Edelweiss Aggressive Hybrid Dir,hybrid,Hybrid,Direct,5.1,14.14,13.79,Hybrid: Aggressive Hybrid,INF754K01CE0,118624,4.75,12.04,10.84,,,0.78,0.98,11.39,14.55,6.36,0.68,AAA,0.73,98,,16.57,39.38,116,23.87,3.51,1,1,0,2,0,3,3,3,2.5,,2.5,2,1.5,1,1.5,24,5,Moderate Risk,Excellent,41,https://www.valueresearchonline.com/funds/17354/
Edelweiss Nifty LargeMidcap250 Plus 8-13 Yr G-Sec 70:30 Index Dir,hybrid,Hybrid,Direct,,,,Hybrid: Aggressive Hybrid,,,,,,,,,,,,6.86,6.98,GOI/Cash,9.15,250,,36,37.8,252,21.64,3.39,,,,,1,0,3,0,2.5,,1,2,1.5,1.5,2,14.5,,Moderately High Risk,Average,27,https://www.valueresearchonline.com/funds/45923/
Franklin India Aggressive Hybrid Dir,hybrid,Hybrid,Direct,0.77,10.46,9.94,Hybrid: Aggressive Hybrid,INF090I01FZ1,118546,4.75,12.04,10.84,,,0.53,0.67,10.37,11.16,7.68,2.9,AAA,3.64,52,,19.51,42.26,80,25.37,3.59,1,1,0,1,2,2,3,2,2,,2.5,2,1.5,1,1.5,22.5,3,Moderate Risk,Average,50,https://www.valueresearchonline.com/funds/16020/
Groww Aggressive Hybrid Dir,hybrid,Hybrid,Direct,1.2,9.79,8.94,Hybrid: Aggressive Hybrid,INF789F01SK9,120674,4.75,12.04,10.84,,,0.44,0.52,11.32,10.67,5.28,0.07,AAA,0.07,87,,20.25,45.81,90,23.54,3.16,1,1,0,1,0,3,3,3,2.5,,2,1,1.5,1.5,1.5,22,2,Moderate Risk,Poor,28,https://www.valueresearchonline.com/funds/38328/
HDFC Children's Dir,hybrid,Hybrid,Direct,1.15,9.19,10.71,Hybrid: Aggressive Hybrid,INF0QA701607,152162,4.75,12.04,10.84,,,0.37,0.49,10.73,9.68,6.98,4.95,AAA,7.56,53,,23.9,44.77,110,21.23,3.17,1,1,0,1,1,1,3,1,2,,2,2,1.5,1.5,1.5,19.5,3,Moderately High Risk,Average,50,https://www.valueresearchonline.com/funds/15995/
HDFC Hybrid Equity Dir,hybrid,Hybrid,Direct,-1.79,7.19,8.74,Hybrid: Aggressive Hybrid,INF179K01XZ1,119062,4.75,12.04,10.84,,,0.22,0.24,10.62,7.99,7.61,5.44,AAA,9.91,53,,23.74,43.19,135,21.07,2.95,1,1,0,0,2,0,3,0,2,,2,2,1.5,1.5,1.5,17.5,1,Moderately High Risk,Poor,50,https://www.valueresearchonline.com/funds/16132/
HDFC Retirement Savings Hybrid Equity Dir,hybrid,Hybrid,Direct,-2.14,7.9,9.63,Hybrid: Aggressive Hybrid,INF179KB1MH6,136464,4.75,12.04,10.84,,,0.27,0.34,10.63,8.59,6.6,4,AAA,5.39,65,,22.73,46.42,78,21.14,2.86,1,1,0,1,1,1,3,1,2,,2,1,1.5,1.5,1,18,3,Moderately High Risk,Average,38,https://www.valueresearchonline.com/funds/31782/
HSBC Aggressive Hybrid Active FoF Dir*,hybrid,Hybrid,Direct,9.61,13.08,11.15,Hybrid: Aggressive Hybrid,INF336L01ID3,129200,4.75,12.04,10.84,,,0.66,0.84,12.25,13.75,,,AAA,,,,,,6,,,1,1,0,2,,,3,,,,,,,,0,7,3,High Risk,Average,6,https://www.valueresearchonline.com/funds/25860/
HSBC Aggressive Hybrid Dir,hybrid,Hybrid,Direct,8.18,13.87,11.27,Hybrid: Aggressive Hybrid,INF917K01LE4,151122,4.75,12.04,10.84,,,0.65,0.75,13.81,14.71,7.23,1.62,AAA,1.92,63,,17.39,54.94,97,35.01,5.05,1,1,0,2,2,2,3,3,2,,2.5,1,0,0,1.5,21,3,Moderate Risk,Average,50,https://www.valueresearchonline.com/funds/16264/
ICICI Pru Aggressive Hybrid Active FoF Dir*,hybrid,Hybrid,Direct,2.39,14.6,13.94,Hybrid: Aggressive Hybrid,INF109K01X40,120700,4.75,12.04,10.84,,,0.78,1.12,11.89,15,,,AAA,,,,,,10,,,1,1,0,2,,,3,,,,,,,,0,7,,High Risk,Poor,10,https://www.valueresearchonline.com/funds/17838/
ICICI Pru Children's Dir,hybrid,Hybrid,Direct,0.94,13.3,12.34,Hybrid: Aggressive Hybrid,INF955L01JF3,154679,4.75,12.04,10.84,,,0.58,0.8,14.65,14.17,,,AAA,,65,,31.2,56.74,77,19.7,2.36,1,1,0,2,,,3,,2,,1,1,2,2,1,16,4,Moderately High Risk,Good,37,https://www.valueresearchonline.com/funds/15940/
ICICI Pru Equity & Debt Dir,hybrid,Hybrid,Direct,3.15,14.01,15.42,Hybrid: Aggressive Hybrid,INF109K01Y07,120251,4.75,12.04,10.84,,,0.83,1.14,10.55,14.45,7.3,3.53,AAA,6.67,130,,23.38,41.08,267,21.91,2.88,1,1,0,2,2,1,3,1,2.5,,2,2,1.5,1.5,2,22.5,5,Moderate Risk,Excellent,50,https://www.valueresearchonline.com/funds/15815/
ICICI Pru Retirement Hybrid Aggressive Dir,hybrid,Hybrid,Direct,10.65,18.3,15.64,Hybrid: Aggressive Hybrid,INF109KC1TW4,146721,4.75,12.04,10.84,,,0.96,1.26,13.59,18.76,6.99,2.71,AAA,6.07,70,,11.85,42.14,88,30.06,4.31,1,1,0,3,1,2,3,1,2,,2.5,2,1,1,1.5,22,5,Moderate Risk,Excellent,43,https://www.valueresearchonline.com/funds/39059/
Invesco India Aggressive Hybrid Dir,hybrid,Hybrid,Direct,-3.27,11.59,10.04,Hybrid: Aggressive Hybrid,INF205K014Q7,143537,4.75,12.04,10.84,,,0.51,0.62,12.59,12.11,7.16,1.6,AAA,1.78,47,,24.27,45.56,64,26.69,3.68,1,1,0,2,2,2,3,3,1,,2,1,1.5,1,1,21.5,3,Moderate Risk,Average,42,https://www.valueresearchonline.com/funds/36540/
JM Aggressive Hybrid Dir,hybrid,Hybrid,Direct,3.32,13.65,13.62,Hybrid: Aggressive Hybrid,INF192K01BQ9,120484,4.75,12.04,10.84,,,0.62,0.92,13.73,14.18,7.38,2.53,AAA,3.02,54,,15.99,49.57,83,30.48,3.78,1,1,0,2,2,2,3,2,2,,2.5,1,1,1,1.5,22,4,Moderate Risk,Good,50,https://www.valueresearchonline.com/funds/17144/
Kotak Aggressive Hybrid Dir,hybrid,Hybrid,Direct,6.52,13.41,12.61,Hybrid: Aggressive Hybrid,INF277K01MN2,119053,4.75,12.04,10.84,,,0.65,0.77,12.9,14.08,6.97,4.15,AAA,9.25,58,,17.83,52.04,120,24.54,3.74,1,1,0,2,1,1,3,0,2,,2.5,1,1.5,1,1.5,18.5,4,Moderately High Risk,Good,50,https://www.valueresearchonline.com/funds/16338/
LIC MF Aggressive Hybrid Dir,hybrid,Hybrid,Direct,5.1,11.74,9.14,Hybrid: Aggressive Hybrid,INF767K01ED0,120261,4.75,12.04,10.84,,,0.54,0.67,12.43,12.4,,,AAA,,43,,17.13,43.76,63,36.55,4.66,1,1,0,2,,,3,,1,,2.5,2,0,1,1,14.5,2,Moderately High Risk,Poor,45,https://www.valueresearchonline.com/funds/16765/
LIC MF ULIS Dir,hybrid,Hybrid,Direct,2.11,8.28,7.73,Hybrid: Aggressive Hybrid,INF0QA701607,152162,4.75,12.04,10.84,,,0.31,0.42,11.77,9.32,,,AAA,,40,,19.31,42.21,52,37.77,5.83,1,1,0,1,,,3,,1,,2.5,2,0,0,1,12.5,1,High Risk,Poor,37,https://www.valueresearchonline.com/funds/17866/
Mahindra Manulife Aggressive Hybrid Dir,hybrid,Hybrid,Direct,0.08,12.36,11.98,Hybrid: Aggressive Hybrid,INF194KA1U56,140382,4.75,12.04,10.84,,,0.65,0.86,11.47,13.15,7.14,2.28,AAA,3.86,60,,18.11,46.36,103,28.69,3.61,1,1,0,2,2,2,3,2,2,,2.5,1,1,1,1.5,22,4,Moderate Risk,Good,50,https://www.valueresearchonline.com/funds/40094/
Mirae Asset Aggressive Hybrid Dir,hybrid,Hybrid,Direct,6.17,11.72,10.27,Hybrid: Aggressive Hybrid,INF769K01DH9,134813,4.75,12.04,10.84,,,0.58,0.7,11.46,12.3,7.52,2.72,AAA,4.37,81,,21.76,43.61,146,23.81,3.19,1,1,0,2,2,2,3,2,2.5,,2,2,1.5,1.5,1.5,24,3,Moderate Risk,Average,50,https://www.valueresearchonline.com/funds/30604/
Navi Aggressive Hybrid Dir,hybrid,Hybrid,Direct,11.64,12.77,11.84,Hybrid: Aggressive Hybrid,INF959L01CX3,143163,4.75,12.04,10.84,,,0.64,0.79,11.93,13.31,6.2,0.04,AAA,0.04,60,,20.24,49.63,68,20.54,3.07,1,1,0,2,0,3,3,3,2,,2,1,1.5,1.5,1,22,4,Moderate Risk,Good,33,https://www.valueresearchonline.com/funds/35943/
Nippon India Aggressive Hybrid Dir,hybrid,Hybrid,Direct,3.43,11.43,11.49,Hybrid: Aggressive Hybrid,INF204K01B08,118794,4.75,12.04,10.84,,,0.6,0.76,10.69,12.08,7.94,3.2,AAA,4.47,79,,19.52,45,128,25.47,3.41,1,1,0,2,2,1,3,2,2,,2.5,2,1.5,1.5,1.5,23,4,Moderate Risk,Good,50,https://www.valueresearchonline.com/funds/16159/
Nippon India Aggressive Hybrid Seg Port 1 Direct,hybrid,Hybrid,Direct,,,,,INF204K01B08,118794,,,,,,,,,,,,C,,,,,,1,,,,,,,,,0,,,,,,,,0,0,,High Risk,Poor,1,https://www.valueresearchonline.com/funds/40312/
Nippon India Aggressive Hybrid Seg Port 2 Dir,hybrid,Hybrid,Direct,,,,,INF204KB13T1,148265,,,,,,,,,,,,,,,,,,,,,,,,,,,,,,,,,,,,,,,,0,https://www.valueresearchonline.com/funds/40856/
PGIM India Aggressive Hybrid Equity Dir*,hybrid,Hybrid,Direct,0.26,9.46,7.55,Hybrid: Aggressive Hybrid,INF663L01GX2,138386,4.75,12.04,10.84,,,0.41,0.59,10.74,10.1,6.78,,AAA,4.31,52,,25.38,41.75,64,26.26,3.94,1,1,0,1,1,,3,2,2,,2,2,1.5,1,1,18.5,2,Moderately High Risk,Poor,37,https://www.valueresearchonline.com/funds/15620/
Quant Aggressive Hybrid Dir,hybrid,Hybrid,Direct,12.87,13.5,13.3,Hybrid: Aggressive Hybrid,INF966L01556,120819,4.75,12.04,10.84,,,0.59,0.95,14.95,14.5,,,AAA,,15,,43.69,55.44,29,29.76,4.33,1,1,0,2,,,3,,0,,0,1,1,1,0,10,3,High Risk,Average,26,https://www.valueresearchonline.com/funds/17357/
SBI Children's Investment Plan Dir*,hybrid,Hybrid,Direct,18.02,21.58,21.53,BSE 500 TRI,INF200KA1R07,148490,2.44,11.32,10.45,9.66,0.86,0.99,1.49,15.83,21.29,,,,,40,37.57,21.39,59.89,,23.17,3.21,1,1,0,3,,,,,1,2,2,1,1.5,1.5,,14,5,Moderately High Risk,Excellent,25,https://www.valueresearchonline.com/funds/41124/
SBI Equity Hybrid Dir,hybrid,Hybrid,Direct,6.84,13.03,10.36,Hybrid: Aggressive Hybrid,INF200K01RY0,119609,4.75,12.04,10.84,,,0.71,0.97,10.68,13.3,7.55,3.94,AAA,5.4,45,,20.24,42,113,26.41,3.95,1,1,0,2,2,1,3,1,1,,2,2,1.5,1,1.5,20,4,Moderate Risk,Good,50,https://www.valueresearchonline.com/funds/16215/
SBI Retirement Benefit Aggressive Hybrid Dir,hybrid,Hybrid,Direct,7.37,10.48,11.9,Hybrid: Aggressive Hybrid,INF200KA1S97,148685,4.75,12.04,10.84,,,0.46,0.57,12,11.22,3.53,0.06,GOI/Cash,0.17,53,,21.07,51.17,60,29.71,4.09,1,1,0,1,0,3,3,3,2,,2,1,1,1,1,20,3,Moderate Risk,Average,31,https://www.valueresearchonline.com/funds/41275/
Shriram Aggressive Hybrid Dir,hybrid,Hybrid,Direct,4.24,10.22,8.38,Hybrid: Aggressive Hybrid,INF680P01042,125711,4.75,12.04,10.84,,,0.45,0.53,11.67,10.97,6.31,1.67,AAA,1.9,79,,24.44,39.98,88,20.59,2.95,1,1,0,1,0,2,3,3,2,,2,2,1.5,1.5,1.5,21.5,2,Moderate Risk,Poor,28,https://www.valueresearchonline.com/funds/22588/
Sundaram Aggressive Hybrid Dir,hybrid,Hybrid,Direct,2.34,10.17,9.19,Hybrid: Aggressive Hybrid,INF789F01SK9,120674,4.75,12.04,10.84,,,0.46,0.59,11.33,10.95,6.3,2.65,AAA,3.7,53,,19.76,45.4,117,31.25,4.13,1,1,0,1,0,2,3,2,2,,2.5,1,1,1,1.5,19,2,Moderately High Risk,Poor,50,https://www.valueresearchonline.com/funds/16521/
Tata Aggressive Hybrid Dir,hybrid,Hybrid,Direct,2.46,8.95,8.76,Hybrid: Aggressive Hybrid,INF277K01MN2,119053,4.75,12.04,10.84,,,0.36,0.43,11.73,9.92,7.65,2.82,AAA,4.61,47,,17.25,41.33,96,25.94,3.45,1,1,0,1,2,2,3,2,1,,2.5,2,1.5,1.5,1.5,22,2,Moderate Risk,Poor,50,https://www.valueresearchonline.com/funds/16662/
Tata Retirement Savings Moderate Dir,hybrid,Hybrid,Direct,8.86,13.1,11.14,Hybrid: Aggressive Hybrid,INF277K01QN3,119255,4.75,12.04,10.84,,,0.6,0.83,13.78,13.94,,,AAA,,54,,18.52,43.48,68,32.31,4.65,1,1,0,2,,,3,,2,,2.5,2,1,1,1,16.5,3,Moderately High Risk,Average,39,https://www.valueresearchonline.com/funds/17017/
UTI Aggressive Hybrid Dir,hybrid,Hybrid,Direct,2.83,11.37,11.47,Hybrid: Aggressive Hybrid,INF789F01SK9,120674,4.75,12.04,10.84,,,0.57,0.73,10.82,11.85,7.41,4.81,AAA,8.46,60,,22,42.17,135,18.57,2.64,1,1,0,1,2,1,3,0,2,,2,2,2,1.5,1.5,20,4,Moderate Risk,Good,50,https://www.valueresearchonline.com/funds/15702/
Union Aggressive Hybrid Dir,hybrid,Hybrid,Direct,5.44,11.4,9.5,Hybrid: Aggressive Hybrid,INF582M01GY0,148592,4.75,12.04,10.84,,,0.54,0.67,11.62,11.97,6.93,3.09,AAA,3.88,68,,20.34,48.14,79,29.76,4.01,1,1,0,1,1,1,3,2,2,,2,1,1,1,1,18,3,Moderately High Risk,Average,35,https://www.valueresearchonline.com/funds/41186/
Zerodha Nifty LargeMidcap250 Plus 8-13 Yr G-Sec 70:30 Index Dir,hybrid,Hybrid,Direct,,,,Hybrid: Aggressive Hybrid,INF0R8F01208,154321,,,,,,,,,,,,GOI/Cash,,250,,38.48,37.81,251,21.64,3.39,,,,,,,3,,2.5,,1,2,1.5,1.5,2,13.5,,Moderately High Risk,Average,26,https://www.valueresearchonline.com/funds/45943/
ABSL Arbitrage Dir,hybrid,Hybrid,Direct,6.46,7.44,6.73,Hybrid: Arbitrage,INF209K01VP1,119526,6.29,7.2,6.48,,,2.98,3.69,0.52,7.25,6.93,0.51,GOI/Cash,0.61,181,,23.56,,389,17.52,2.64,3,3,3,0,1,3,3,3,2.5,,2,,2,1.5,2,29,4,Low Risk,Good,50,https://www.valueresearchonline.com/funds/15739/
Axis Arbitrage Dir,hybrid,Hybrid,Direct,6.41,7.37,6.75,Hybrid: Arbitrage,INF846K01PZ1,130773,6.29,7.2,6.48,,,2.92,3.52,0.51,7.2,6.88,0.57,GOI/Cash,0.58,157,,24.98,,382,18.93,2.68,3,3,3,0,1,3,3,3,2.5,,2,,2,1.5,2,29,4,Low Risk,Good,47,https://www.valueresearchonline.com/funds/27587/
Bajaj Finserv Arbitrage Dir,hybrid,Hybrid,Direct,6.23,,,Hybrid: Arbitrage,INF0QA701524,152077,6.29,,,,,,,,,6.31,0.25,GOI/Cash,0.25,121,,40.97,,307,17.44,2.35,,,,,0,3,3,3,2.5,,0,,2,2,2,17.5,3,Moderately High Risk,Average,28,https://www.valueresearchonline.com/funds/43770/
Bandhan Arbitrage Dir,hybrid,Hybrid,Direct,6.22,7.33,6.66,Hybrid: Arbitrage,INF194K01Y60,118474,6.29,7.2,6.48,,,2.77,3.42,0.53,7.16,,,GOI/Cash,,161,,32.48,,389,16.31,2.45,3,3,3,0,,,3,,2.5,,1,,2,2,2,21.5,3,Moderate Risk,Average,35,https://www.valueresearchonline.com/funds/17551/
Bank of India Arbitrage Dir,hybrid,Hybrid,Direct,5.7,6.73,5.77,Hybrid: Arbitrage,INF761K01ED3,143614,6.29,7.2,6.48,,,1.79,1.8,0.5,6.59,6.06,0.18,GOI/Cash,0.18,36,,30.87,,81,12.41,2.02,2,2,3,0,0,3,3,3,1,,1,,2,2,1.5,23.5,2,Moderate Risk,Poor,34,https://www.valueresearchonline.com/funds/36392/
Baroda BNP Paribas Arbitrage Dir,hybrid,Hybrid,Direct,6.12,7.27,6.55,Hybrid: Arbitrage,INF251K01OT0,150251,6.29,7.2,6.48,,,2.44,2.97,0.54,7.01,5.58,0.24,GOI/Cash,0.25,83,,23.58,,178,15.71,2.34,3,2,3,0,0,3,3,3,2.5,,2,,2,2,2,27.5,3,Low Risk,Average,31,https://www.valueresearchonline.com/funds/33244/
Capitalmind Arbitrage Dir,hybrid,Hybrid,Direct,,,,Hybrid: Arbitrage,INF955L01JF3,154679,,,,,,,,,,5.71,0.06,GOI/Cash,0.06,45,,34.24,,94,14.77,2.44,,,,,0,3,3,3,1,,1,,2,2,1.5,16.5,,Moderately High Risk,Average,27,https://www.valueresearchonline.com/funds/45859/
DSP Arbitrage Dir,hybrid,Hybrid,Direct,6.27,7.25,6.57,Hybrid: Arbitrage,INF740KA1DN4,142283,6.29,7.2,6.48,,,2.43,2.84,0.54,7.01,2.23,0.1,GOI/Cash,,13,,25.2,,175,,,3,2,3,0,0,3,3,,0,,2,,,,2,18,3,Moderately High Risk,Average,25,https://www.valueresearchonline.com/funds/35111/
Edelweiss Arbitrage Dir,hybrid,Hybrid,Direct,6.43,7.44,6.83,Hybrid: Arbitrage,INF754K01EA4,130206,6.29,7.2,6.48,,,2.87,3.79,0.53,7.22,6.63,0.42,GOI/Cash,0.4,165,,20.7,,393,17.29,2.58,3,3,3,0,1,3,3,3,2.5,,2,,2,1.5,2,29,4,Low Risk,Good,50,https://www.valueresearchonline.com/funds/27145/
Franklin India Arbitrage Dir,hybrid,Hybrid,Direct,6.78,,,Hybrid: Arbitrage,INF090I01XS9,153043,6.29,,,,,,,,,6.93,0.47,GOI/Cash,0.5,110,,27.68,,231,17.56,2.62,,,,,1,3,3,3,2.5,,2,,2,1.5,2,20,3,Moderate Risk,Average,36,https://www.valueresearchonline.com/funds/44703/
Groww Arbitrage Dir,hybrid,Hybrid,Direct,,,,Hybrid: Arbitrage,INF666M01ON8,154320,,,,,,,,,,,,GOI/Cash,,42,,52.46,,87,12.57,1.93,,,,,,,3,,1,,0,,2,2,1.5,9.5,,High Risk,Poor,26,https://www.valueresearchonline.com/funds/45946/
HDFC Arbitrage Dir,hybrid,Hybrid,Direct,6.3,7.3,6.59,Hybrid: Arbitrage,INF179K01UU8,,6.29,7.2,6.48,,,2.78,3.43,0.52,7.14,6.79,0.46,GOI/Cash,0.46,165,,24.59,,359,17.09,2.51,3,3,3,0,1,3,3,3,2.5,,2,,2,1.5,2,29,3,Low Risk,Average,50,https://www.valueresearchonline.com/funds/26024/
HDFC Arbitrage Direct,hybrid,Hybrid,Direct,,,,,INF179K01UU8,,,,,,,,,,,,,,,,,,,,,,,,,,,,,,,,,,,,,,,,,0,https://www.valueresearchonline.com/funds/15981/
HSBC Arbitrage Dir,hybrid,Hybrid,Direct,6.32,7.25,6.54,Hybrid: Arbitrage,INF917K01QR5,151138,6.29,7.2,6.48,,,2.48,2.98,0.54,7.03,6.9,0.49,GOI/Cash,0.49,104,,32.64,,218,16.3,2.12,3,2,3,0,1,3,3,3,2.5,,1,,2,2,2,27.5,3,Low Risk,Average,35,https://www.valueresearchonline.com/funds/27300/
Helios Arbitrage Dir,hybrid,Hybrid,Direct,,,,Hybrid: Arbitrage,INF0QA701607,152162,,,,,,,,,,,,GOI/Cash,,25,,27.24,,55,15.87,2.09,,,,,,,3,,0,,2,,2,2,1,10,,High Risk,Poor,30,https://www.valueresearchonline.com/funds/45891/
ICICI Pru Equity Arbitrage Dir,hybrid,Hybrid,Direct,6.33,7.33,6.66,Hybrid: Arbitrage,INF109K016O4,120364,6.29,7.2,6.48,,,2.66,3.35,0.54,7.11,5.86,0.38,GOI/Cash,0.38,171,,29.67,,368,15.72,2.52,3,3,3,0,0,3,3,3,2.5,,2,,2,1.5,2,28,3,Low Risk,Average,50,https://www.valueresearchonline.com/funds/17396/
ITI Arbitrage Dir,hybrid,Hybrid,Direct,6.24,7.32,6.12,Hybrid: Arbitrage,INF00XX01440,147617,6.29,7.2,6.48,,,2.46,2.84,0.54,7.02,,,GOI/Cash,,32,,35.37,0,65,19.79,2.39,3,2,3,0,,,3,,1,,1,2.5,2,2,1,20.5,4,Moderate Risk,Good,26,https://www.valueresearchonline.com/funds/40255/
Invesco India Arbitrage Dir,hybrid,Hybrid,Direct,6.52,7.48,6.98,Hybrid: Arbitrage,INF205K01KR8,120401,6.29,7.2,6.48,,,3.33,4.17,0.49,7.31,6.32,0.28,GOI/Cash,0.28,182,,28.81,,533,16.05,2.31,3,3,3,0,0,3,3,3,2.5,,2,,2,2,2,28.5,5,Low Risk,Excellent,46,https://www.valueresearchonline.com/funds/16368/
JM Arbitrage Dir,hybrid,Hybrid,Direct,6.04,6.98,6.31,Hybrid: Arbitrage,INF192K01BN6,120482,6.29,7.2,6.48,,,2.21,2.72,0.51,6.81,4.93,0.13,GOI/Cash,0.13,105,,22.32,,220,17.77,2.54,3,2,3,0,0,3,3,3,2.5,,2,,2,1.5,2,27,2,Low Risk,Poor,32,https://www.valueresearchonline.com/funds/17142/
JioBlackRock Arbitrage Dir,hybrid,Hybrid,Direct,,,,Hybrid: Arbitrage,INF22M001101,154076,,,,,,,,,,6.74,0.31,GOI/Cash,0.31,88,,34.62,,202,11.93,2.02,,,,,1,3,3,3,2.5,,1,,2,2,2,19.5,,Moderately High Risk,Average,30,https://www.valueresearchonline.com/funds/45707/
Kotak Arbitrage Dir,hybrid,Hybrid,Direct,6.48,7.5,6.87,Hybrid: Arbitrage,INF174K01LC6,119771,6.29,7.2,6.48,,,3.01,3.76,0.54,7.32,6.87,0.43,GOI/Cash,0.46,182,,24.41,,469,17.23,2.72,3,3,3,0,1,3,3,3,2.5,,2,,2,1.5,2,29,4,Low Risk,Good,50,https://www.valueresearchonline.com/funds/17136/
LIC MF Arbitrage Dir,hybrid,Hybrid,Direct,6.32,7.11,6.49,Hybrid: Arbitrage,INF767K01PP0,145895,6.29,7.2,6.48,,,2.76,3.68,0.45,6.92,,,GOI/Cash,,37,,56.53,0,76,19.86,2.25,3,3,3,0,,,3,,1,,0,2.5,2,2,1,20.5,2,Moderate Risk,Poor,27,https://www.valueresearchonline.com/funds/38702/
Mahindra Manulife Arbitrage Dir,hybrid,Hybrid,Direct,6,6.43,5.75,Hybrid: Arbitrage,INF194K01Y60,118474,6.29,7.2,6.48,,,1.42,1.64,0.44,6.32,5.26,0.01,GOI/Cash,0.01,28,,38.45,0.02,58,19.27,2.31,2,2,3,0,0,3,3,3,0,,1,2.5,2,2,1,24.5,1,Moderate Risk,Poor,27,https://www.valueresearchonline.com/funds/41084/
Mirae Asset Arbitrage Dir,hybrid,Hybrid,Direct,6.48,7.41,6.68,Hybrid: Arbitrage,INF769K01FS1,148401,6.29,7.2,6.48,,,3.11,3.97,0.52,7.31,5.49,0.18,GOI/Cash,0.18,181,,18.1,,364,20.66,3.21,3,3,3,0,0,3,3,3,2.5,,2.5,,1.5,1.5,2,28,3,Low Risk,Average,27,https://www.valueresearchonline.com/funds/41014/
Motilal Oswal Arbitrage Dir,hybrid,Hybrid,Direct,6.71,,,Hybrid: Arbitrage,INF247L01ED1,153187,6.29,,,,,,,,,6.8,0.22,GOI/Cash,0.22,106,,24.18,,239,25.34,3.29,,,,,1,3,3,3,2.5,,2,,1.5,1.5,2,19.5,5,Moderately High Risk,Excellent,49,https://www.valueresearchonline.com/funds/44839/
NJ Arbitrage Dir,hybrid,Hybrid,Direct,5.91,6.81,,Hybrid: Arbitrage,INF0J8L01065,150367,6.29,7.2,,,,1.26,1.27,0.66,6.52,5.3,0.19,GOI/Cash,0.2,66,,30.08,,157,16.3,2.53,2,1,3,0,0,3,3,3,2,,1,,2,1.5,2,23.5,2,Moderate Risk,Poor,37,https://www.valueresearchonline.com/funds/42435/
Nippon India Arbitrage Dir,hybrid,Hybrid,Direct,6.46,7.33,6.72,Hybrid: Arbitrage,INF204K01XZ7,118585,6.29,7.2,6.48,,,2.8,3.62,0.51,7.13,,,GOI/Cash,,163,,34.98,,401,18.86,2.52,3,3,3,0,,,3,,2.5,,1,,2,1.5,2,21,3,Moderate Risk,Average,42,https://www.valueresearchonline.com/funds/17008/
Old Bridge Arbitrage Dir,hybrid,Hybrid,Direct,,,,Hybrid: Arbitrage,INF0S5R01125,153979,,,,,,,,,,,,GOI/Cash,,81,,27.32,,193,19.81,2.37,,,,,,,3,,2.5,,2,,2,2,2,13.5,,Moderately High Risk,Average,28,https://www.valueresearchonline.com/funds/45603/
PGIM India Arbitrage Dir,hybrid,Hybrid,Direct,6.2,7.07,6.37,Hybrid: Arbitrage,INF223J013N7,,6.29,7.2,6.48,,,2.31,3.24,0.52,6.89,,,GOI/Cash,,20,,45,,45,15.6,2.45,3,3,3,0,,,3,,0,,0,,2,2,1,17,2,Moderately High Risk,Poor,25,https://www.valueresearchonline.com/funds/27877/
Parag Parikh Arbitrage Dir,hybrid,Hybrid,Direct,6.12,,,Hybrid: Arbitrage,INF879O01225,152109,6.29,,,,,,,,,6.57,0.31,GOI/Cash,0.31,72,,32.43,,159,16.84,2.15,,,,,1,3,3,3,2,,1,,2,2,2,19,2,Moderately High Risk,Poor,36,https://www.valueresearchonline.com/funds/43816/
Quant Arbitrage Dir,hybrid,Hybrid,Direct,7.36,,,Hybrid: Arbitrage,INF966L01DW8,153426,6.29,,,,,,,,,,,GOI/Cash,,68,,19.86,,148,18.56,2.46,,,,,,,3,,2,,2.5,,2,2,1.5,13,,Moderately High Risk,Average,37,https://www.valueresearchonline.com/funds/45075/
SBI Arbitrage Opportunities Dir,hybrid,Hybrid,Direct,6.24,7.28,6.78,Hybrid: Arbitrage,INF955L01JF3,154679,6.29,7.2,6.48,,,2.82,3.47,0.5,7.09,,0.58,GOI/Cash,0.62,180,,26.79,,498,16.91,2.56,3,3,3,0,,3,3,3,2.5,,2,,2,1.5,2,28,3,Low Risk,Average,42,https://www.valueresearchonline.com/funds/17570/
Samco Arbitrage Dir,hybrid,Hybrid,Direct,4.8,,,Hybrid: Arbitrage,INF0K1H01214,153090,6.29,,,,,,,,,,,Cash,,17,,41.07,,34,19.54,3.56,,,,,,,0,,0,,0,,2,1,1,4,1,High Risk,Poor,17,https://www.valueresearchonline.com/funds/44723/
Sundaram Arbitrage Dir,hybrid,Hybrid,Direct,6.47,7.22,6.33,Hybrid: Arbitrage,INF903J017I5,134363,6.29,7.2,6.48,,,2.67,2.96,0.48,6.98,5.8,0.47,GOI/Cash,0.48,42,,39.49,,98,21.48,2.78,3,2,3,0,0,3,3,3,1,,1,,1.5,1.5,1.5,23.5,5,Moderate Risk,Excellent,33,https://www.valueresearchonline.com/funds/32287/
TRUSTMF Arbitrage Dir,hybrid,Hybrid,Direct,6.18,,,Hybrid: Arbitrage,INF0GCD01859,153804,6.29,,,,,,,,,,,GOI/Cash,,60,,37.62,,129,14.82,2.26,,,,,,,3,,2,,1,,2,2,1.5,11.5,,High Risk,Poor,26,https://www.valueresearchonline.com/funds/45455/
Tata Arbitrage Dir,hybrid,Hybrid,Direct,6.51,7.51,6.78,Hybrid: Arbitrage,INF277K017Q3,145724,6.29,7.2,6.48,,,3.16,3.89,0.51,7.29,6.83,0.42,GOI/Cash,0.42,146,,24.03,,331,16.36,2.39,3,3,3,0,1,3,3,3,2.5,,2,,2,2,2,29.5,5,Low Risk,Excellent,50,https://www.valueresearchonline.com/funds/38502/
The Wealth Company Arbtg Dir,hybrid,Hybrid,Direct,,,,Hybrid: Arbitrage,INF2F0001271,153891,,,,,,,,,,,,GOI/Cash,,42,,45.29,,85,16.75,2.28,,,,,,,3,,1,,0,,2,2,1.5,9.5,,High Risk,Poor,26,https://www.valueresearchonline.com/funds/45515/
UTI Arbitrage Dir,hybrid,Hybrid,Direct,6.33,7.35,6.63,Hybrid: Arbitrage,INF789FB1RG6,120795,6.29,7.2,6.48,,,2.85,3.45,0.52,7.18,6.89,0.48,GOI/Cash,0.49,137,,30.7,,346,17.06,2.26,3,3,3,0,1,3,3,3,2.5,,1,,2,2,2,28.5,3,Low Risk,Average,44,https://www.valueresearchonline.com/funds/17771/
Union Arbitrage Dir,hybrid,Hybrid,Direct,6.32,7.24,6.46,Hybrid: Arbitrage,INF582M01ES7,146297,6.29,7.2,6.48,,,2.4,3.24,0.55,7.01,6.8,0.53,GOI/Cash,0.53,73,,30.92,,162,22.84,3.14,3,3,3,0,1,3,3,3,2,,1,,1.5,1.5,2,27,2,Low Risk,Poor,28,https://www.valueresearchonline.com/funds/38971/
WhiteOak Capital Arbitrage Dir,hybrid,Hybrid,Direct,6.87,,,Hybrid: Arbitrage,INF03VN01910,152849,6.29,,,,,,,,,6.27,0.29,GOI/Cash,0.29,138,,19.4,,311,16.13,2.97,,,,,0,3,3,3,2.5,,2.5,,2,1.5,2,19.5,5,Moderately High Risk,Excellent,50,https://www.valueresearchonline.com/funds/44529/
360 ONE Balanced Hybrid Dir,hybrid,Hybrid,Direct,6.7,,,Hybrid: Balanced Hybrid,INF579M01AY9,152076,3.43,,,,,,,,,7.33,2.51,AAA,3.01,49,,18.75,28.84,80,27.02,3.96,,,,,2,2,3,2,1,,2.5,2.5,1.5,1,1.5,19,,Moderately High Risk,Average,50,https://www.valueresearchonline.com/funds/43766/
Franklin India Retirement Dir,hybrid,Hybrid,Direct,1.44,8.12,7.43,Hybrid: Balanced Hybrid,INF090I01JZ3,118548,3.43,9.8,8.71,,,0.43,0.57,5.98,8.29,7.6,2.04,AAA,2.59,45,,33.03,21.37,60,24.79,3.47,1,1,2,1,2,2,3,2,1,,1,2.5,1.5,1.5,1,22.5,,Moderate Risk,Average,40,https://www.valueresearchonline.com/funds/16753/
UTI Children's Hybrid Dir,hybrid,Hybrid,Direct,0.79,6.88,6.74,Hybrid: Balanced Hybrid,INF955L01JF3,154679,3.43,9.8,8.71,,,0.23,0.29,6.84,7.24,7.03,4.41,AAA,7.08,73,,15.13,23.95,137,25.77,3.7,1,1,2,0,2,1,3,1,2,,2.5,2.5,1.5,1,1.5,22,,Moderate Risk,Average,50,https://www.valueresearchonline.com/funds/15865/
UTI Retirement Dir,hybrid,Hybrid,Direct,3.39,9.27,9.36,Hybrid: Balanced Hybrid,INF0QA701607,152162,3.43,9.8,8.71,,,0.55,0.7,6.68,9.35,6.94,4.72,AAA,7.47,62,,18.84,22.29,128,18.79,2.66,1,1,2,1,1,1,3,1,2,,2.5,2.5,2,1.5,1.5,23,,Moderate Risk,Average,50,https://www.valueresearchonline.com/funds/15840/
WhiteOak Capital Balanced Hybrid Dir,hybrid,Hybrid,Direct,5.58,,,Hybrid: Balanced Hybrid,INF03VN01829,152132,3.43,,,,,,,,,7.28,2.83,AAA,3.37,115,,20.16,33.63,146,25.97,3.65,,,,,2,2,3,2,2.5,,2,2,1.5,1,1.5,19.5,,Moderately High Risk,Average,50,https://www.valueresearchonline.com/funds/43827/
ABSL Conservative Hybrid Active FoF Dir*,hybrid,Hybrid,Direct,5.49,9.64,8.87,Hybrid: Conservative Hybrid,INF084M01EQ8,132183,3.76,8.35,7.82,,,0.76,1.07,5.11,9.56,,,AAA,,,,,,8,24.72,3.32,1,1,2,1,,,3,,,,,,1.5,1.5,0,11,,High Risk,Poor,8,https://www.valueresearchonline.com/funds/16925/
ABSL Regular Savings Dir,hybrid,Hybrid,Direct,5.68,8.94,8.36,Hybrid: Conservative Hybrid,INF209K01XH4,120705,3.76,8.35,7.82,,,0.85,1.1,3.68,8.81,7.97,3.6,AAA,5.8,,,,,129,26.48,3.4,1,1,2,1,2,1,3,1,,,,,1.5,1.5,1.5,16.5,4,Moderately High Risk,Good,50,https://www.valueresearchonline.com/funds/15919/
ABSL Retirement 50s Dir,hybrid,Hybrid,Direct,5.77,8.48,7.2,Hybrid: Conservative Hybrid,INF209KB1J48,146940,3.76,8.35,7.82,,,0.66,0.75,4.17,8.45,,,GOI/Cash,,,,,,45,25.21,3.39,1,1,2,1,,,3,,,,,,1.5,1.5,1,12,3,High Risk,Average,31,https://www.valueresearchonline.com/funds/39189/
Axis Conservative Hybrid Dir,hybrid,Hybrid,Direct,3.25,6.98,6.15,Hybrid: Conservative Hybrid,INF846K01EA8,120480,3.76,8.35,7.82,,,0.3,0.4,4.24,6.96,6.97,3.51,AAA,4.54,,,,,51,21.89,3.14,1,1,2,0,1,1,3,2,,,,,1.5,1.5,1,15,2,Moderately High Risk,Poor,45,https://www.valueresearchonline.com/funds/17334/
Axis Retirement-Conservative Plan Dir,hybrid,Hybrid,Direct,1.68,8.16,6.55,Hybrid: Conservative Hybrid,INF846K01T69,147830,3.76,8.35,7.82,,,0.39,0.5,6.84,8.36,7.06,8.31,GOI/Cash,16.3,,,,,33,22.53,3.26,1,1,2,1,2,0,3,0,,,,,1.5,1.5,1,14,1,Moderately High Risk,Poor,29,https://www.valueresearchonline.com/funds/40437/
Bandhan Conservative Hybrid Dir,hybrid,Hybrid,Direct,4.39,7.54,5.93,Hybrid: Conservative Hybrid,INF194K015B9,118491,3.76,8.35,7.82,,,0.42,0.54,4.41,7.55,7.24,2.49,AAA,4.27,,,,,24,23.21,3.86,1,1,2,0,2,2,3,2,,,,,1.5,1,0,15.5,2,Moderately High Risk,Poor,25,https://www.valueresearchonline.com/funds/16525/
Bandhan Conservative Hybrid Passive FoF Dir,hybrid,Hybrid,Direct,4.31,7.97,6.85,Hybrid: Conservative Hybrid,INF194K016A9,118486,3.76,8.35,7.82,,,0.59,0.68,3.81,7.95,,,GOI/Cash,,,,,,3,29.44,3.79,1,1,2,0,,,3,,,,,,1,1,0,9,3,High Risk,Average,3,https://www.valueresearchonline.com/funds/17859/
Bank of India Conservative Hybrid Dir,hybrid,Hybrid,Direct,4.33,6.89,9.79,Hybrid: Conservative Hybrid,INF761K01819,119393,3.76,8.35,7.82,,,0.3,0.46,4.14,6.95,6.57,1.66,AAA,1.91,,,,,38,18.81,2.9,1,1,2,0,1,2,3,3,,,,,2,1.5,1,17.5,4,Moderately High Risk,Good,39,https://www.valueresearchonline.com/funds/17549/
Baroda BNP Paribas Conservative Hybrid Dir,hybrid,Hybrid,Direct,6.02,8.78,7.64,Hybrid: Conservative Hybrid,INF251K01HR8,150206,3.76,8.35,7.82,,,0.74,0.91,4.11,8.73,7.19,2.18,AAA,3.46,,,,,105,26.92,3.64,1,1,2,1,2,2,3,2,,,,,1.5,1,1.5,18,3,Moderately High Risk,Average,50,https://www.valueresearchonline.com/funds/15728/
Canara Robeco Conservative Hybrid Dir,hybrid,Hybrid,Direct,3.73,8.12,7.18,Hybrid: Conservative Hybrid,INF760K01GB4,118309,3.76,8.35,7.82,,,0.56,0.79,4.34,8.1,6.81,1.76,AAA,2.93,,,,,78,30.65,4.38,1,1,2,1,1,2,3,2,,,,,1,1,1,16,3,Moderately High Risk,Average,50,https://www.valueresearchonline.com/funds/15770/
DSP Regular Savings Dir,hybrid,Hybrid,Direct,4.7,8.91,7.57,Hybrid: Conservative Hybrid,INF740K01NO5,118994,3.76,8.35,7.82,,,0.79,1.14,3.91,8.78,5.34,2.18,AAA,3.19,,,,,47,19.41,2.7,1,1,2,1,0,2,3,2,,,,,2,1.5,1,16.5,4,Moderately High Risk,Good,41,https://www.valueresearchonline.com/funds/16984/
Franklin India Conservative Hybrid Dir,hybrid,Hybrid,Direct,3.18,8.07,7.35,Hybrid: Conservative Hybrid,INF090I01GF1,118574,3.76,8.35,7.82,,,0.55,0.66,4.27,8.05,7.31,2.21,AAA,3,,,,,59,24.65,3.42,1,1,2,1,2,2,3,2,,,,,1.5,1.5,1,18,3,Moderately High Risk,Average,41,https://www.valueresearchonline.com/funds/17832/
HDFC Hybrid Debt Dir,hybrid,Hybrid,Direct,3.27,7.7,8.06,Hybrid: Conservative Hybrid,INF179K01XE6,119118,3.76,8.35,7.82,,,0.44,0.6,4.63,7.72,7.54,6.06,AAA,12.13,,,,,108,15.4,2.21,1,1,2,0,2,0,3,0,,,,,2,2,1.5,14.5,3,Moderately High Risk,Average,50,https://www.valueresearchonline.com/funds/16453/
HDFC Retirement Savings Hybrid Debt Dir,hybrid,Hybrid,Direct,2.22,6.96,7.25,Hybrid: Conservative Hybrid,INF179KB1MJ2,136465,3.76,8.35,7.82,,,0.3,0.37,4.32,6.97,6.77,5.16,GOI/Cash,8.09,,,,,49,21.59,2.89,1,1,2,0,1,0,3,0,,,,,1.5,1.5,1,12,3,High Risk,Average,34,https://www.valueresearchonline.com/funds/31784/
HSBC Conservative Hybrid Dir,hybrid,Hybrid,Direct,3.62,9.3,7.72,Hybrid: Conservative Hybrid,INF336L01DW4,120073,3.76,8.35,7.82,,,0.66,0.89,5.39,9.26,7.06,4.97,AAA,7.54,,,,,40,26.09,3.73,1,1,2,1,2,1,3,1,,,,,1.5,1,1,15.5,3,Moderately High Risk,Average,41,https://www.valueresearchonline.com/funds/17058/
ICICI Pru Regular Savings Dir,hybrid,Hybrid,Direct,4.43,9.17,8.68,Hybrid: Conservative Hybrid,INF109K01S39,120616,3.76,8.35,7.82,,,0.94,1.22,3.5,8.97,8.09,3.07,AAA,5.53,,,,,137,22.24,3.08,1,1,2,1,3,1,3,1,,,,,1.5,1.5,1.5,17.5,4,Moderately High Risk,Good,50,https://www.valueresearchonline.com/funds/15851/
ICICI Pru Retirement Hybrid Conservative Dir,hybrid,Hybrid,Direct,6.64,10.23,8.88,Hybrid: Conservative Hybrid,INF109KC1UA8,146716,3.76,8.35,7.82,,,1.01,1.23,4.43,10.18,7.03,4.59,AAA,8.96,,,,,37,27.74,4.25,2,1,2,1,2,1,3,0,,,,,1.5,1,1,15.5,4,Moderately High Risk,Good,37,https://www.valueresearchonline.com/funds/39063/
Kotak Debt Hybrid Dir,hybrid,Hybrid,Direct,4.34,8.94,8.79,Hybrid: Conservative Hybrid,INF174K01JZ1,120154,3.76,8.35,7.82,,,0.61,0.78,5.36,8.94,7.43,4.93,AAA,9.81,,,,,127,21.47,3.15,1,1,2,1,2,1,3,0,,,,,1.5,1.5,1.5,15.5,3,Moderately High Risk,Average,50,https://www.valueresearchonline.com/funds/17795/
LIC MF Conservative Hybrid Dir,hybrid,Hybrid,Direct,5.35,6.89,5.75,Hybrid: Conservative Hybrid,INF767K01EO7,120276,3.76,8.35,7.82,,,0.32,0.42,3.95,6.98,6.58,3.6,AAA,4.15,,,,,32,36.24,5.05,1,1,2,0,1,1,3,2,,,,,0,0,1,12,2,High Risk,Poor,33,https://www.valueresearchonline.com/funds/17456/
Nippon India Conservative Hybrid Dir,hybrid,Hybrid,Direct,7.72,8.87,8.37,Hybrid: Conservative Hybrid,INF204K01YV4,118726,3.76,8.35,7.82,,,1.27,1.49,2.29,8.59,9.07,2,AA,2.28,,,,,89,19.97,2.93,2,1,3,1,3,2,2,2,,,,,2,1.5,1.5,21,5,Moderate Risk,Excellent,50,https://www.valueresearchonline.com/funds/16144/
Nippon India Conservative Hybrid Seg Port 2 Direct,hybrid,Hybrid,Direct,,,,,INF204K01YV4,118726,,,,,,,,,,,,,,,,,,,,,,,,,,,,,,,,,,,,,,,,0,https://www.valueresearchonline.com/funds/40873/
Nippon India Conservative Hybrid Seg Port1 Dir,hybrid,Hybrid,Direct,,,,,INF204KB12K2,148143,,,,,,,,,,8.83,2,B,2.26,,,,,1,,,,,,,3,2,0,2,,,,,,,0,7,,High Risk,Poor,1,https://www.valueresearchonline.com/funds/40704/
Nippon India Retirement Incm Generation Dir,hybrid,Hybrid,Direct,2.56,7.03,6.59,Hybrid: Conservative Hybrid,INF204KA1C30,133569,3.76,8.35,7.82,,,0.27,0.36,5.22,7.12,7.13,9.03,GOI/Cash,16.17,,,,,28,20.2,2.82,1,1,2,0,2,0,3,0,,,,,1.5,1.5,0,12,1,High Risk,Poor,28,https://www.valueresearchonline.com/funds/29298/
Parag Parikh Conservative Hybrid Dir,hybrid,Hybrid,Direct,5.96,9.88,9.58,Hybrid: Conservative Hybrid,INF879O01175,148958,3.76,8.35,7.82,,,1.16,1.82,3.68,9.96,7.2,3.82,AAA,4.59,,,,,88,11.94,2.39,2,2,2,1,2,1,3,2,,,,,2,2,1.5,20.5,5,Moderate Risk,Excellent,36,https://www.valueresearchonline.com/funds/41484/
SBI Children's Savings Plan Dir,hybrid,Hybrid,Direct,9.99,11.76,10.84,Hybrid: Conservative Hybrid,INF200K01QR6,119719,3.76,8.35,7.82,,,1.11,1.69,5.02,11.26,7.28,4.62,AAA,6.42,,,,,44,33.92,3.76,2,2,2,1,2,1,3,1,,,,,1,1,1,17,5,Moderately High Risk,Excellent,44,https://www.valueresearchonline.com/funds/17524/
SBI Conservative Hybrid Dir,hybrid,Hybrid,Direct,6.13,8.65,8.78,Hybrid: Conservative Hybrid,INF200K01TS8,119839,3.76,8.35,7.82,,,0.7,0.93,4.05,8.52,7.86,2.98,AAA,3.75,,,,,108,28.05,2.71,1,1,2,1,2,2,3,2,,,,,1,1.5,1.5,18,4,Moderately High Risk,Good,50,https://www.valueresearchonline.com/funds/17516/
SBI Retirement Benefit Conservative Dir,hybrid,Hybrid,Direct,3.88,6.86,7.12,Hybrid: Conservative Hybrid,INF200KA1T39,148688,3.76,8.35,7.82,,,0.24,0.3,4.83,6.87,7.12,4.5,AAA,5.07,,,,,66,30.24,4.09,1,1,2,0,2,1,3,1,,,,,1,1,1,14,2,Moderately High Risk,Poor,36,https://www.valueresearchonline.com/funds/41283/
SBI Retirement Benefit Conservative Hybrid Dir,hybrid,Hybrid,Direct,3.99,7.44,8.16,Hybrid: Conservative Hybrid,INF200KA1T70,148690,3.76,8.35,7.82,,,0.29,0.34,6.92,7.67,7,4.42,AAA,5.43,,,,,69,30.15,4.08,1,1,2,0,2,1,3,1,,,,,1,1,1,14,2,Moderately High Risk,Poor,38,https://www.valueresearchonline.com/funds/41279/
Sundaram Conservative Hybrid Dir,hybrid,Hybrid,Direct,1.17,5.68,6.83,Hybrid: Conservative Hybrid,INF903J017I5,134363,3.76,8.35,7.82,,,0,0,4.19,5.68,5.7,1.35,GOI/Cash,1.58,,,,,24,22.15,3.2,1,1,2,0,0,2,3,3,,,,,1.5,1.5,0,15,2,Moderately High Risk,Poor,25,https://www.valueresearchonline.com/funds/17227/
Tata Retirement Savings Conservative Dir,hybrid,Hybrid,Direct,5.68,8.23,6.98,Hybrid: Conservative Hybrid,INF277K01QM5,119256,3.76,8.35,7.82,,,0.49,0.63,5.37,8.33,6.91,4.82,AAA,8.72,,,,,59,31.03,4.86,1,1,2,1,1,1,3,0,,,,,1,1,1,13,2,Moderately High Risk,Poor,33,https://www.valueresearchonline.com/funds/17019/
UTI Cons Hybrid Seg Port Dir,hybrid,Hybrid,Direct,,,,,INF955L01JF3,154679,,,,,,,,,,,,B,0.07,,,,,1,,,,,,,,,0,3,,,,,,,0,3,,High Risk,Poor,1,https://www.valueresearchonline.com/funds/40729/
UTI Conservative Hybrid Dir,hybrid,Hybrid,Direct,2.9,8.02,7.85,Hybrid: Conservative Hybrid,INF789F01UJ7,120779,3.76,8.35,7.82,,,0.48,0.61,4.83,8.03,7.57,5.08,AAA,9.28,,,,,114,21.31,2.76,1,1,2,1,2,0,3,0,,,,,1.5,1.5,1.5,14.5,3,Moderately High Risk,Average,50,https://www.valueresearchonline.com/funds/15804/
ABSL Balanced Advantage Dir,hybrid,Hybrid,Direct,8.71,12.43,10.68,Hybrid: Dynamic Asset Allocation,INF084M01DJ5,131670,3.92,10.09,9.55,,,0.78,1.01,8.68,12.49,7.71,2.84,AAA,3.94,111,,14.3,39.19,190,25.89,3.63,1,1,1,2,2,2,3,2,2.5,,2.5,2,1.5,1,2,25.5,4,Moderate Risk,Good,50,https://www.valueresearchonline.com/funds/16897/
ABSL Dynamic Asset Allocation Omni FoF Dir*,hybrid,Hybrid,Direct,7.28,13.38,11.98,Hybrid: Dynamic Asset Allocation,INF084M01EW6,132186,3.92,10.09,9.55,,,0.73,0.94,11.12,13.81,,,AAA,,,,,,10,,,1,1,0,2,,,3,,,,,,,,0,7,,High Risk,Poor,10,https://www.valueresearchonline.com/funds/16914/
Axis Balanced Advantage Dir,hybrid,Hybrid,Direct,4.48,12.26,9.8,Hybrid: Dynamic Asset Allocation,INF846K01A29,141642,3.92,10.09,9.55,,,0.79,1.04,8.59,12.43,7.27,2.53,AAA,3.06,111,,22.51,36.38,223,24.14,3.38,1,1,1,2,2,2,3,2,2.5,,2,2,1.5,1.5,2,25.5,4,Moderate Risk,Good,50,https://www.valueresearchonline.com/funds/34467/
Axis Retirement-Dynamic Plan Dir,hybrid,Hybrid,Direct,2.35,12.8,8.77,Hybrid: Dynamic Asset Allocation,INF846K01T28,147826,3.92,10.09,9.55,,,0.58,0.71,13.44,13.53,6.5,6.06,GOI/Cash,13.9,92,,24.09,45.24,96,26.9,3.72,1,1,0,2,1,0,3,0,2.5,,2,1,1.5,1,1.5,17.5,2,Moderately High Risk,Poor,29,https://www.valueresearchonline.com/funds/40433/
Bajaj Finserv Balanced Advantage Dir,hybrid,Hybrid,Direct,6.66,,,Hybrid: Dynamic Asset Allocation,INF0QA701656,152194,3.92,,,,,,,,,6.72,1.87,AAA,3.81,61,,26.43,46.14,81,21.93,3.52,,,,,1,2,3,2,2,,2,1,1.5,1,1.5,17,,Moderately High Risk,Average,32,https://www.valueresearchonline.com/funds/43877/
Bandhan Balanced Advantage Dir,hybrid,Hybrid,Direct,6.63,10.49,8.41,Hybrid: Dynamic Asset Allocation,INF194KA1UH1,131355,3.92,10.09,9.55,,,0.59,0.7,8.22,10.52,6.96,2.76,AAA,5.47,108,,19.63,31.85,163,25.36,3.22,1,1,1,1,1,2,3,1,2.5,,2.5,2,1.5,1.5,2,23,3,Moderate Risk,Average,50,https://www.valueresearchonline.com/funds/28342/
Bank of India Balanced Advantage Dir,hybrid,Hybrid,Direct,7.01,9.83,10.73,Hybrid: Dynamic Asset Allocation,INF761K01BO6,127850,3.92,10.09,9.55,,,0.5,0.8,9.53,10.48,5.9,0.97,AAA,1.07,56,,26.35,36.71,71,21.39,3.07,1,1,1,1,0,3,3,3,2,,2,2,1.5,1.5,1,23,3,Moderate Risk,Average,39,https://www.valueresearchonline.com/funds/24756/
Baroda BNP Paribas Balanced Advantage Dir,hybrid,Hybrid,Direct,9.21,12.78,11.57,Hybrid: Dynamic Asset Allocation,INF955L01HF7,145396,3.92,10.09,9.55,,,0.68,0.81,11.52,13.54,6.91,2.1,AAA,3.6,59,,13.59,48.63,107,28.41,3.66,1,1,0,2,1,2,3,2,2,,2.5,1,1,1,1.5,21,3,Moderate Risk,Average,50,https://www.valueresearchonline.com/funds/38113/
Canara Robeco Balanced Advantage Dir,hybrid,Hybrid,Direct,2.12,,,Hybrid: Dynamic Asset Allocation,INF760K01LD0,152688,3.92,,,,,,,,,6.69,2.32,AAA,2.91,61,,21.72,44.74,82,21.23,3.11,,,,,1,2,3,2,2,,2,2,1.5,1.5,1.5,18.5,,Moderately High Risk,Average,36,https://www.valueresearchonline.com/funds/44370/
DSP Dynamic Asset Allocation Dir,hybrid,Hybrid,Direct,5.87,10.97,8.98,Hybrid: Dynamic Asset Allocation,INF740K01K81,126393,3.92,10.09,9.55,,,0.83,1.21,6.49,11.07,2.17,0.95,AAA,1.34,53,,21.23,37.85,95,21.31,2.87,1,1,2,1,0,3,3,3,2,,2,2,1.5,1.5,1.5,24.5,4,Moderate Risk,Good,50,https://www.valueresearchonline.com/funds/23438/
Edelweiss Balanced Advantage Dir,hybrid,Hybrid,Direct,7.19,11.23,9.74,Hybrid: Dynamic Asset Allocation,INF754K01BS2,118615,3.92,10.09,9.55,,,0.66,0.82,9.13,11.75,6.5,0.99,AAA,1.07,105,,17.67,48.27,136,22.72,3.58,1,1,1,1,1,3,3,3,2.5,,2.5,1,1.5,1,1.5,24,3,Moderate Risk,Average,50,https://www.valueresearchonline.com/funds/17768/
Franklin India Balanced Advantage Dir,hybrid,Hybrid,Direct,2.95,10.46,,Hybrid: Dynamic Asset Allocation,INF090I01WQ5,150481,3.92,10.09,,,,0.64,0.79,7.96,10.76,7.55,2.87,AAA,3.63,52,,20.2,36.16,93,25.3,3.52,1,1,1,1,2,2,3,2,2,,2,2,1.5,1,1.5,23,4,Moderate Risk,Good,50,https://www.valueresearchonline.com/funds/42455/
Franklin India Dynamic Asset Allocation Active FoF Dir*,hybrid,Hybrid,Direct,2.68,9.27,11,Hybrid: Dynamic Asset Allocation,INF090I01HV6,118543,3.92,10.09,9.55,,,0.61,0.76,7.66,10.36,,,AAA,,,,,,4,,,1,1,1,1,,,3,,,,,,,,0,7,5,High Risk,Excellent,4,https://www.valueresearchonline.com/funds/16024/
HDFC Balanced Advantage Dir,hybrid,Hybrid,Direct,2.63,12.3,15.04,Hybrid: Dynamic Asset Allocation,INF179K01WA6,118968,3.92,10.09,9.55,,,0.68,0.93,10.58,12.86,7.34,4.81,AAA,7.77,161,,19.89,43.2,328,18.56,2.67,1,1,0,2,2,1,3,1,2.5,,2.5,2,2,1.5,2,23.5,5,Moderate Risk,Excellent,50,https://www.valueresearchonline.com/funds/16055/
HSBC Balanced Advantage Dir,hybrid,Hybrid,Direct,3.35,9.97,8.92,Hybrid: Dynamic Asset Allocation,INF917K01IN1,151129,3.92,10.09,9.55,,,0.59,0.78,7.8,10.29,6.99,2.94,AAA,3.72,57,,22.36,35.69,85,24.96,3.11,1,1,1,1,1,2,3,2,2,,2,2,1.5,1.5,1.5,22.5,3,Moderate Risk,Average,40,https://www.valueresearchonline.com/funds/16259/
Helios Balanced Advantage Dir,hybrid,Hybrid,Direct,5.1,,,Hybrid: Dynamic Asset Allocation,INF0R8701145,152509,3.92,,,,,,,,,,,GOI/Cash,,50,,21.17,50.27,74,18.51,3.08,,,,,,,3,,2,,2,1,2,1.5,1,12.5,,High Risk,Poor,31,https://www.valueresearchonline.com/funds/44208/
ICICI Pru Balanced Advantage Dir,hybrid,Hybrid,Direct,6.37,11.86,11.14,Hybrid: Dynamic Asset Allocation,INF109K012B0,120377,3.92,10.09,9.55,,,0.86,0.99,7.6,12.26,7.17,3.41,AAA,6.59,105,,18.84,42.6,237,28.11,4.11,1,1,1,2,2,1,3,1,2.5,,2.5,2,1,1,2,23,5,Moderate Risk,Excellent,50,https://www.valueresearchonline.com/funds/15829/
ICICI Pru Dynamic Asset Allocation Active FoF Dir*,hybrid,Hybrid,Direct,4.72,11.48,11.42,Hybrid: Dynamic Asset Allocation,INF109K01X16,120679,3.92,10.09,9.55,,,0.82,0.98,7.24,11.61,7.44,3.99,AAA,7.94,,,,,29,,,1,1,1,1,2,1,3,1,,,,,,,0,11,,High Risk,Poor,29,https://www.valueresearchonline.com/funds/17406/
ITI Balanced Advantage Dir,hybrid,Hybrid,Direct,2.31,10.06,8.69,Hybrid: Dynamic Asset Allocation,INF00XX01689,147789,3.92,10.09,9.55,,,0.6,0.76,8.09,10.51,5.44,0.27,AAA,0.28,50,,19.34,48.43,62,25.9,3.2,1,1,1,1,0,3,3,3,2,,2.5,1,1.5,1.5,1,22.5,3,Moderate Risk,Average,35,https://www.valueresearchonline.com/funds/40425/
Invesco India Balanced Advantage Dir,hybrid,Hybrid,Direct,-0.71,9.7,8.72,Hybrid: Dynamic Asset Allocation,INF205K01LN5,120333,3.92,10.09,9.55,,,0.48,0.62,9.14,10.1,6.7,1.52,AAA,1.79,38,,33.74,38.71,53,25.4,3.19,1,1,1,1,1,2,3,3,1,,1,2,1.5,1.5,1,21,2,Moderate Risk,Poor,34,https://www.valueresearchonline.com/funds/16740/
Kotak Balanced Advantage Dir,hybrid,Hybrid,Direct,4.92,10.2,9.38,Hybrid: Dynamic Asset Allocation,INF174KA1210,144335,3.92,10.09,9.55,,,0.54,0.62,8.93,10.54,7.2,5,AAA,12.05,142,,21.23,36.05,264,22.71,3.32,1,1,1,1,2,1,3,0,2.5,,2,2,1.5,1.5,2,21.5,3,Moderate Risk,Average,50,https://www.valueresearchonline.com/funds/37076/
LIC MF Balanced Advantage Dir,hybrid,Hybrid,Direct,4.79,9.19,,Hybrid: Dynamic Asset Allocation,INF767K01QY0,149261,3.92,10.09,,,,0.47,0.6,9.05,9.91,7.08,5.01,AAA,9.28,47,,23.82,51.51,57,35.13,4.99,1,1,1,1,2,0,3,0,1,,2,1,0,1,1,15,2,Moderately High Risk,Poor,32,https://www.valueresearchonline.com/funds/41810/
Mahindra Manulife Balanced Advantage Dir,hybrid,Hybrid,Direct,6.52,11.54,,Hybrid: Dynamic Asset Allocation,INF174V01BE0,149406,3.92,10.09,,,,0.63,0.82,10.09,12.06,7.26,2.82,AAA,4.54,59,,14.4,41.16,82,26.23,3.28,1,1,0,2,2,2,3,2,2,,2.5,2,1.5,1.5,1.5,24,3,Moderate Risk,Average,48,https://www.valueresearchonline.com/funds/41921/
Mirae Asset Balanced Advantage Dir,hybrid,Hybrid,Direct,6.27,10.66,,Hybrid: Dynamic Asset Allocation,INF769K01IN6,150470,3.92,10.09,,,,0.65,0.8,8.06,10.9,6.71,3.11,AAA,3.98,103,,17.79,32.71,162,22.09,3.24,1,1,1,1,1,1,3,2,2.5,,2.5,2,1.5,1.5,2,23,4,Moderate Risk,Good,47,https://www.valueresearchonline.com/funds/42308/
Motilal Oswal Balanced Advantage Dir,hybrid,Hybrid,Direct,-2.22,2.84,5.84,Hybrid: Dynamic Asset Allocation,INF247L01635,139872,3.92,10.09,9.55,,,-0.06,-0.08,14.76,4.87,7.05,1.34,AAA,1.42,24,,21.45,41.11,29,48.12,4.73,0,0,0,0,2,2,3,3,0,,2,2,0,1,0,15,1,Moderately High Risk,Poor,29,https://www.valueresearchonline.com/funds/32933/
NJ Balanced Advantage Dir,hybrid,Hybrid,Direct,-0.62,8.87,,Hybrid: Dynamic Asset Allocation,INF0J8L01040,149264,3.92,10.09,,,,0.42,0.58,9.61,9.75,5.91,0.08,GOI/Cash,0.08,121,,20.13,41.21,256,24.47,3.72,1,1,1,1,0,3,3,3,2.5,,2,2,1.5,1,2,24,2,Moderate Risk,Poor,49,https://www.valueresearchonline.com/funds/41748/
Nippon India Balanced Advantage Dir,hybrid,Hybrid,Direct,5.45,11.38,10.04,Hybrid: Dynamic Asset Allocation,INF204K01G94,118736,3.92,10.09,9.55,,,0.71,0.87,8.42,11.66,7.66,3.19,AAA,4.6,77,,19.91,38.18,195,24.62,3.45,1,1,1,1,2,1,3,2,2,,2.5,2,1.5,1.5,2,23.5,4,Moderate Risk,Good,50,https://www.valueresearchonline.com/funds/17097/
PGIM India Balanced Advantage Dir,hybrid,Hybrid,Direct,-0.06,7.75,7.81,Hybrid: Dynamic Asset Allocation,INF663L01V49,148658,3.92,10.09,9.55,,,0.28,0.4,9.95,8.49,6.96,,AAA,3.93,68,,20.55,41.83,98,24.66,3.62,1,1,1,1,1,,3,2,2,,2,2,1.5,1,1.5,20,2,Moderate Risk,Poor,50,https://www.valueresearchonline.com/funds/41263/
Parag Parikh Dynamic Asset Allocation Dir,hybrid,Hybrid,Direct,4.17,,,Hybrid: Dynamic Asset Allocation,INF879O01266,152468,3.92,,,,,,,,,7.18,3.66,AAA,4.39,31,,22.04,11.58,111,15.35,2.46,,,,,2,1,3,2,1,,2,2.5,2,2,1.5,19,,Moderately High Risk,Average,50,https://www.valueresearchonline.com/funds/44169/
Quant Dynamic Asset Allocation Dir,hybrid,Hybrid,Direct,1.96,14.6,,Hybrid: Dynamic Asset Allocation,INF966L01BL5,151713,3.92,10.09,,,,0.59,0.98,16.44,15.37,,,GOI/Cash,,11,,45.7,37.66,24,31.37,3.64,1,1,0,2,,,3,,0,,0,2,1,1,0,11,4,High Risk,Good,23,https://www.valueresearchonline.com/funds/43471/
SBI Balanced Advantage Dir,hybrid,Hybrid,Direct,4.8,10.33,,Hybrid: Dynamic Asset Allocation,INF200KA1Y73,149134,3.92,10.09,,,,0.63,0.77,7.85,10.6,7.27,2.84,AAA,3.92,82,,17.05,35.68,168,14.65,2.3,1,1,1,1,2,2,3,2,2.5,,2.5,2,2,2,2,26,4,Moderate Risk,Good,50,https://www.valueresearchonline.com/funds/41655/
SBI Dynamic Asset Allocation Active FoF Dir*,hybrid,Hybrid,Direct,,,,Hybrid: Dynamic Asset Allocation,INF200KB1AA9,153832,,,,,,,,,,,,AAA,,,,,,13,,,,,,,,,3,,,,,,,,0,3,,High Risk,Poor,13,https://www.valueresearchonline.com/funds/45477/
Samco Dynamic Asset Allocation Dir,hybrid,Hybrid,Direct,0,,,Hybrid: Dynamic Asset Allocation,INF0K1H01131,152188,3.92,,,,,,,,,5.29,0,GOI/Cash,0,107,,28.96,48.01,114,17.72,2.94,,,,,0,3,3,3,2.5,,2,1,2,1.5,1.5,19.5,,Moderately High Risk,Average,26,https://www.valueresearchonline.com/funds/43873/
Shriram Balanced Advantage Dir,hybrid,Hybrid,Direct,1.83,7.17,6.93,Hybrid: Dynamic Asset Allocation,INF680P01208,147406,3.92,10.09,9.55,,,0.22,0.26,10.83,8.11,6.38,1.53,AAA,1.72,68,,24.31,39.08,79,20.42,3.01,1,1,0,1,0,2,3,3,2,,2,2,1.5,1.5,1,21,1,Moderate Risk,Poor,29,https://www.valueresearchonline.com/funds/40003/
Sundaram Balanced Advantage Dir,hybrid,Hybrid,Direct,3.24,9.22,8.9,Hybrid: Dynamic Asset Allocation,INF680P01208,147406,3.92,10.09,9.55,,,0.45,0.58,9.18,9.82,6.84,4.45,AAA,6.75,60,,25.21,40.37,92,29.45,3.81,1,1,1,1,1,1,3,1,2,,2,2,1,1,1.5,19.5,3,Moderately High Risk,Average,42,https://www.valueresearchonline.com/funds/16642/
Tata Balanced Advantage Dir,hybrid,Hybrid,Direct,4.3,9.21,9.34,Hybrid: Dynamic Asset Allocation,INF277K013S8,146010,3.92,10.09,9.55,,,0.46,0.56,8.37,9.58,7.63,4.09,AAA,7.45,57,,15.54,35.5,139,26.34,3.26,1,1,1,1,2,1,3,1,2,,2.5,2,1.5,1.5,1.5,22,3,Moderate Risk,Average,50,https://www.valueresearchonline.com/funds/38707/
The Wealth Company Balanced Advantage Dir,hybrid,Hybrid,Direct,,,,Hybrid: Dynamic Asset Allocation,INF2F0001479,154185,,,,,,,,,,,,AAA,,47,,22.88,49.66,54,31.28,4.56,,,,,,,3,,1,,2,1,1,1,1,10,,High Risk,Poor,32,https://www.valueresearchonline.com/funds/45771/
UTI Balanced Advantage Dir,hybrid,Hybrid,Direct,1.19,9.12,,Hybrid: Dynamic Asset Allocation,INF789F1AYV3,151885,3.92,10.09,,,,0.45,0.54,8.63,9.54,6.74,1.52,AAA,1.71,61,,25.26,48.01,91,21.34,3.06,1,1,1,1,1,2,3,3,2,,2,1,1.5,1.5,1.5,22.5,2,Moderate Risk,Poor,50,https://www.valueresearchonline.com/funds/43666/
UTI Unit Linked Insurance Dir,hybrid,Hybrid,Direct,3.08,8.25,6.67,Hybrid: Dynamic Asset Allocation,INF955L01JF3,154679,3.92,10.09,9.55,,,0.42,0.56,6.77,8.51,7.25,4.8,AAA,7.5,61,,20.02,27.63,129,37.39,5.02,1,1,2,1,2,1,3,1,2,,2,2.5,0,0,1.5,20,2,Moderate Risk,Poor,50,https://www.valueresearchonline.com/funds/17462/
Unifi Dynamic Asset Allocation Dir,hybrid,Hybrid,Direct,8.56,,,Hybrid: Dynamic Asset Allocation,INF1MIY01015,153376,3.92,,,,,,,,,10.6,1.28,AAA,1.73,94,,24.53,12.92,217,18.42,2.55,,,,,3,2,3,3,2.5,,2,2.5,2,1.5,2,23.5,,Moderate Risk,Average,50,https://www.valueresearchonline.com/funds/45026/
Union Balanced Advantage Dir,hybrid,Hybrid,Direct,3.67,9.15,8.07,Hybrid: Dynamic Asset Allocation,INF582M01DE9,142038,3.92,10.09,9.55,,,0.43,0.5,8.8,9.51,6.68,2.66,AAA,3.35,76,,18.36,40.37,95,29.74,3.75,1,1,1,1,1,2,3,2,2,,2.5,2,1,1,1.5,22,2,Moderate Risk,Poor,42,https://www.valueresearchonline.com/funds/34862/
WhiteOak Capital Balanced Advantage Dir,hybrid,Hybrid,Direct,5.87,12.5,,Hybrid: Dynamic Asset Allocation,INF03VN01738,151267,3.92,10.09,,,,0.77,0.96,8.92,12.58,7.05,2.5,AAA,2.89,111,,19.55,39.55,145,26.48,3.65,1,1,1,2,2,2,3,2,2.5,,2.5,2,1.5,1,1.5,25,4,Moderate Risk,Good,50,https://www.valueresearchonline.com/funds/43008/
ABSL Equity Savings Dir,hybrid,Hybrid,Direct,6.06,8.27,6.76,Hybrid: Equity Savings,INF209KA1TP9,132995,5.34,9.15,8.32,,,0.79,0.98,3.09,8.13,6.42,1.39,GOI/Cash,1.7,,,,,151,18.62,2.52,1,1,2,1,0,2,3,3,,,,,2,1.5,2,18.5,3,Moderately High Risk,Average,50,https://www.valueresearchonline.com/funds/28671/
Axis Equity Savings Dir,hybrid,Hybrid,Direct,6.12,9.92,7.97,Hybrid: Equity Savings,INF846K01VJ3,135120,5.34,9.15,8.32,,,0.73,0.91,5.67,9.83,7.2,3,AAA,3.78,,,,,166,24.42,2.9,1,1,2,1,2,2,3,2,,,,,1.5,1.5,2,19,2,Moderately High Risk,Poor,46,https://www.valueresearchonline.com/funds/30703/
Bajaj Finserv Equity Savings Dir,hybrid,Hybrid,Direct,5.06,,,Hybrid: Equity Savings,INF0QA701BT9,153758,5.34,,,,,,,,,6.37,0.39,GOI/Cash,0.39,,,,,79,21.54,3.29,,,,,0,3,3,3,,,,,1.5,1.5,1,13,,Moderately High Risk,Average,27,https://www.valueresearchonline.com/funds/45398/
Bandhan Equity Savings Dir,hybrid,Hybrid,Direct,4.44,7.35,6.75,Hybrid: Equity Savings,INF194K01Z02,118477,5.34,9.15,8.32,,,0.67,0.78,2.55,7.4,7.07,2,GOI/Cash,2.31,,,,,119,20.48,2.84,1,1,3,0,2,2,3,2,,,,,1.5,1.5,1.5,18.5,4,Moderately High Risk,Good,41,https://www.valueresearchonline.com/funds/17857/
Baroda BNP Paribas Equity Svngs Dir,hybrid,Hybrid,Direct,6.02,9.78,8.51,Hybrid: Equity Savings,INF955L01IL3,147496,5.34,9.15,8.32,,,0.71,0.91,5.98,9.93,6.96,2.56,AAA,3.05,,,,,93,25.37,3.06,1,1,2,1,1,2,3,2,,,,,1.5,1.5,1.5,17.5,2,Moderately High Risk,Poor,48,https://www.valueresearchonline.com/funds/40120/
DSP Equity Savings Dir,hybrid,Hybrid,Direct,3.07,8.55,7.7,Hybrid: Equity Savings,INF740KA1504,136567,5.34,9.15,8.32,,,0.72,1.24,3.92,8.5,2,0.82,GOI/Cash,1.48,,,,,112,19.83,2.76,1,1,2,1,0,3,3,3,,,,,2,1.5,1.5,19,4,Moderately High Risk,Good,50,https://www.valueresearchonline.com/funds/32141/
Edelweiss Equity Savings Dir,hybrid,Hybrid,Direct,8.83,11.63,9.77,Hybrid: Equity Savings,INF843K01KC8,140347,5.34,9.15,8.32,,,1.29,1.56,4.28,11.22,6.57,0.99,GOI/Cash,1.12,,,,,206,18.4,2.62,2,2,2,1,1,3,3,3,,,,,2,1.5,2,22.5,5,Moderate Risk,Excellent,43,https://www.valueresearchonline.com/funds/28229/
Franklin India Equity Savings Dir,hybrid,Hybrid,Direct,4.3,7.46,7.34,Hybrid: Equity Savings,INF090I01PD7,144466,5.34,9.15,8.32,,,0.66,0.84,2.6,7.4,7.16,2.77,AAA,3.95,,,,,100,20.89,2.79,1,1,3,0,2,2,3,2,,,,,1.5,1.5,1.5,18.5,3,Moderately High Risk,Average,38,https://www.valueresearchonline.com/funds/37266/
HDFC Equity Savings Dir,hybrid,Hybrid,Direct,4.1,8.72,8.56,Hybrid: Equity Savings,INF179K01XT4,119128,5.34,9.15,8.32,,,0.59,0.72,5.21,8.79,7.28,3.1,AAA,3.75,,,,,148,22.06,3.05,1,1,2,1,2,1,3,2,,,,,1.5,1.5,1.5,17.5,3,Moderately High Risk,Average,50,https://www.valueresearchonline.com/funds/16118/
HSBC Equity Savings Dir,hybrid,Hybrid,Direct,8.58,13.26,11.08,Hybrid: Equity Savings,INF917K01GE4,151060,5.34,9.15,8.32,,,0.95,0.97,8.05,13.3,6.43,1.86,GOI/Cash,2.07,,,,,163,18.22,2.69,1,1,1,2,0,2,3,2,,,,,2,1.5,2,17.5,5,Moderately High Risk,Excellent,40,https://www.valueresearchonline.com/funds/16283/
ICICI Pru Equity Savings Dir,hybrid,Hybrid,Direct,3.11,7.02,7.57,Hybrid: Equity Savings,INF109K01O82,120398,5.34,9.15,8.32,,,0.41,0.51,2.86,6.86,6.35,2.34,GOI/Cash,3.98,,,,,206,21.26,2.85,1,1,3,0,0,2,3,2,,,,,1.5,1.5,2,17,4,Moderately High Risk,Good,50,https://www.valueresearchonline.com/funds/28745/
Invesco India Equity Savings Dir,hybrid,Hybrid,Direct,0.65,8.9,7.79,Hybrid: Equity Savings,INF205KA1049,146457,5.34,9.15,8.32,,,0.52,0.68,6.28,8.96,6.52,1.58,GOI/Cash,1.87,,,,,100,22.44,2.8,1,1,2,1,1,2,3,3,,,,,1.5,1.5,1.5,18.5,2,Moderately High Risk,Poor,34,https://www.valueresearchonline.com/funds/39161/
Kotak Equity Savings Dir,hybrid,Hybrid,Direct,6.08,10.53,10.3,Hybrid: Equity Savings,INF174K01D28,131373,5.34,9.15,8.32,,,0.77,0.91,6.26,10.49,6.96,2.07,AAA,2.94,,,,,243,19.17,2.7,1,1,2,1,1,2,3,2,,,,,2,1.5,2,18.5,4,Moderately High Risk,Good,50,https://www.valueresearchonline.com/funds/28168/
LIC MF Equity Savings Dir,hybrid,Hybrid,Direct,4.08,9.03,7.77,Hybrid: Equity Savings,INF397L01AZ5,151952,5.34,9.15,8.32,,,0.51,0.71,7.15,9.37,,,GOI/Cash,,,,,,87,28.67,4.4,1,1,1,1,,,3,,,,,,1,1,1.5,10.5,2,High Risk,Poor,27,https://www.valueresearchonline.com/funds/16516/
Mahindra Manulife Equity Savings Dir,hybrid,Hybrid,Direct,7.75,9.82,9.04,Hybrid: Equity Savings,INF174V01184,140444,5.34,9.15,8.32,,,0.76,1.01,5.45,9.81,7.17,2.31,AAA,3.08,,,,,105,22.4,2.83,1,1,2,1,2,2,3,2,,,,,1.5,1.5,1.5,18.5,3,Moderately High Risk,Average,50,https://www.valueresearchonline.com/funds/33353/
Mirae Asset Equity Savings Dir,hybrid,Hybrid,Direct,6.47,10.18,9.16,Hybrid: Equity Savings,INF769K01EK1,145693,5.34,9.15,8.32,,,0.73,0.91,6.24,10.25,6.35,2.88,AAA,4.13,,,,,254,21.28,3.07,1,1,2,1,0,2,3,2,,,,,1.5,1.5,2,17,3,Moderately High Risk,Average,50,https://www.valueresearchonline.com/funds/38387/
Nippon India Equity Savings Dir,hybrid,Hybrid,Direct,3.75,7.2,6.98,Hybrid: Equity Savings,INF204KA1W85,,5.34,9.15,8.32,,,0.37,0.45,3.83,7.11,7.03,2.78,GOI/Cash,3.26,,,,,88,21.3,2.89,1,1,2,0,2,2,3,2,,,,,1.5,1.5,1.5,17.5,2,Moderately High Risk,Poor,45,https://www.valueresearchonline.com/funds/30217/
Nippon India Equity Savings Seg Port 1 Direct,hybrid,Hybrid,Direct,,,,,INF204KB11E7,147697,,,,,,,,,,,,C,,,,,,1,,,,,,,,,0,,,,,,,,0,0,,High Risk,Poor,1,https://www.valueresearchonline.com/funds/40321/
Nippon India Equity Savings Seg Port 2 Direct,hybrid,Hybrid,Direct,,,,,INF204KB18R4,148274,,,,,,,,,,7.12,2.77,C,3.31,,,,,1,,,,,,,2,2,0,2,,,,,,,0,6,,High Risk,Poor,1,https://www.valueresearchonline.com/funds/40865/
PGIM India Equity Savings Dir,hybrid,Hybrid,Direct,4.16,6.88,6.35,Hybrid: Equity Savings,INF223J01QD0,138376,5.34,9.15,8.32,,,0.36,0.4,3.19,6.85,6.78,,GOI/Cash,6.42,,,,,74,21.93,2.89,1,1,2,0,1,,3,1,,,,,1.5,1.5,1,13,2,Moderately High Risk,Poor,31,https://www.valueresearchonline.com/funds/16392/
Quant Equity Savings Dir,hybrid,Hybrid,Direct,10.15,,,Hybrid: Equity Savings,INF966L01EC8,153705,5.34,,,,,,,,,5.15,0.01,GOI/Cash,0.01,,,,,30,21.09,2.68,,,,,0,3,3,3,,,,,1.5,1.5,1,13,,Moderately High Risk,Average,20,https://www.valueresearchonline.com/funds/45353/
SBI Equity Savings Dir,hybrid,Hybrid,Direct,3.82,8.17,8.29,Hybrid: Equity Savings,INF200KA1DF3,134643,5.34,9.15,8.32,,,0.48,0.67,5.13,8.15,7.31,1.73,AAA,1.95,,,,,216,20.9,2.59,1,1,2,1,2,2,3,3,,,,,1.5,1.5,2,20,3,Moderate Risk,Average,50,https://www.valueresearchonline.com/funds/30277/
Sundaram Equity Savings Dir,hybrid,Hybrid,Direct,3.2,9.52,9.39,Hybrid: Equity Savings,INF903J017I5,134363,5.34,9.15,8.32,,,0.65,0.82,6.01,9.61,6,2.32,GOI/Cash,3.01,,,,,94,23.97,3.1,1,1,2,1,0,2,3,2,,,,,1.5,1.5,1.5,16.5,3,Moderately High Risk,Average,35,https://www.valueresearchonline.com/funds/16819/
UTI Equity Savings Dir,hybrid,Hybrid,Direct,5.02,8.71,8.97,Hybrid: Equity Savings,INF789F1A777,144490,5.34,9.15,8.32,,,0.63,0.73,4.9,8.8,6.06,2.48,GOI/Cash,2.79,,,,,76,19.44,2.66,1,1,2,1,0,2,3,2,,,,,2,1.5,1,16.5,4,Moderately High Risk,Good,36,https://www.valueresearchonline.com/funds/37353/
Union Equity Savings Dir,hybrid,Hybrid,Direct,4.58,7.34,6.34,Hybrid: Equity Savings,INF582M01EC1,144312,5.34,9.15,8.32,,,0.36,0.45,4.87,7.45,6.52,1.86,GOI/Cash,2.29,,,,,106,25.96,3.38,1,1,2,0,1,2,3,2,,,,,1.5,1.5,1.5,16.5,1,Moderately High Risk,Poor,30,https://www.valueresearchonline.com/funds/37122/
WhiteOak Capital Equity Savings Dir,hybrid,Hybrid,Direct,8.08,,,Hybrid: Equity Savings,INF03VN01AB7,153355,5.34,,,,,,,,,6.61,4.22,GOI/Cash,5.33,,,,,174,17.98,2.88,,,,,1,1,3,1,,,,,2,1.5,2,11.5,,High Risk,Poor,46,https://www.valueresearchonline.com/funds/44999/
360 ONE Multi Asset Allocation Dir*,hybrid,Hybrid,Direct,22.81,,,Hybrid: Multi Asset Allocation,INF579M01BM2,153774,12.33,,,,,,,,,7.28,2.9,AAA,4.16,36,,29.62,16.42,69,25.36,3.93,,,,,2,2,3,2,1,,2,2.5,1.5,1,1,18,,Moderately High Risk,Average,50,https://www.valueresearchonline.com/funds/45414/
ABSL Multi Asset Allocation Dir,hybrid,Hybrid,Direct,15.23,16.54,,Hybrid: Multi Asset Allocation,INF209KB15R9,151307,12.33,15.61,,,,1.05,1.19,10.2,16.42,6.78,1.7,AAA,1.97,76,,20.15,40.02,114,27.22,3.63,2,1,0,2,1,2,3,3,2,,2,2,1.5,1,1.5,24,3,Moderate Risk,Average,50,https://www.valueresearchonline.com/funds/43042/
ABSL Multi-Asset Omni FoF Dir*,hybrid,Hybrid,Direct,17.06,17.51,13.82,Hybrid: Multi Asset Allocation,INF084M01DM9,131865,12.33,15.61,13.42,,,1.08,1.3,10.83,17.4,,,AAA,,,,,,13,,,2,1,0,2,,,3,,,,,,,,0,8,2,High Risk,Poor,13,https://www.valueresearchonline.com/funds/16889/
ABSL Multi-Asset Passive FoF Dir*,hybrid,Hybrid,Direct,13.38,16.29,,Hybrid: Multi Asset Allocation,INF209KB15M0,150688,12.33,15.61,,,,0.95,1.06,11.27,16.44,,,GOI/Cash,,,,,,12,,,1,1,0,2,,,3,,,,,,,,0,7,1,High Risk,Poor,12,https://www.valueresearchonline.com/funds/42609/
Axis Multi Asset Allocation Dir,hybrid,Hybrid,Direct,12.84,14.54,9.73,Hybrid: Multi Asset Allocation,INF846K01EV4,120524,12.33,15.61,13.42,,,0.92,0.99,9.74,14.67,7.01,2.64,AAA,4.44,73,,28.65,39.4,110,25.51,3.56,1,1,1,2,2,2,3,2,2,,2,2,1.5,1,1.5,24,1,Moderate Risk,Poor,50,https://www.valueresearchonline.com/funds/15693/
Axis Multi-Asset Active FoF Dir*,hybrid,Hybrid,Direct,,,,Hybrid: Multi Asset Allocation*,INF846KA1366,153960,,,,,,,,,,,,AAA,,,,,,16,,,,,,,,,3,,,,,,,,0,3,,High Risk,Poor,16,https://www.valueresearchonline.com/funds/45610/
Bajaj Finserv Multi Asset Allocation Dir,hybrid,Hybrid,Direct,13.34,,,Hybrid: Multi Asset Allocation,INF0QA701821,152639,12.33,,,,,,,,,7.05,1.72,AAA,2.89,55,,25.94,39.97,72,23.19,3.43,,,,,2,2,3,2,2,,2,2,1.5,1.5,1,19,,Moderately High Risk,Average,40,https://www.valueresearchonline.com/funds/44329/
Bandhan Multi Asset Allocation Dir,hybrid,Hybrid,Direct,16.32,,,Hybrid: Multi Asset Allocation,INF194KB1HM7,152324,12.33,,,,,,,,,5.2,1.3,GOI/Cash,1.96,127,,26.39,29.5,179,20.96,2.78,,,,,0,2,3,3,2.5,,2,2.5,1.5,1.5,2,20,,Moderate Risk,Average,37,https://www.valueresearchonline.com/funds/44030/
Bandhan Multi-Asset Passive FoF Dir,hybrid,Hybrid,Direct,5.66,10.37,8.53,Hybrid: Multi Asset Allocation,INF194K019A3,118489,12.33,15.61,13.42,,,0.64,0.78,7.46,10.49,,,GOI/Cash,,,,,,12,,,1,1,1,1,,,3,,,,,,,,0,7,,High Risk,Poor,12,https://www.valueresearchonline.com/funds/17861/
Bank of India Multi Asset Allocation Dir,hybrid,Hybrid,Direct,14.51,,,Hybrid: Multi Asset Allocation,INF761K01FZ3,152396,12.33,,,,,,,,,7.34,2.9,AAA,3.61,44,,27.28,36.93,60,22,3.2,,,,,2,2,3,2,1,,2,2,1.5,1.5,1,18,,Moderately High Risk,Average,41,https://www.valueresearchonline.com/funds/44098/
Baroda BNP Paribas Multi Asset Active FoF Dir,hybrid,Hybrid,Direct,12.61,,,Hybrid: Multi Asset Allocation,INF251K01UO8,153552,12.33,,,,,,,,,,,AAA,,,,,,4,,,,,,,,,3,,,,,,,,0,3,,High Risk,Poor,4,https://www.valueresearchonline.com/funds/45178/
Baroda BNP Paribas Multi Asset Dir,hybrid,Hybrid,Direct,10.69,15.38,,Hybrid: Multi Asset Allocation,INF251K01RF2,150865,12.33,15.61,,,,0.91,1.14,10.96,15.7,6.6,2.59,AAA,4.07,54,,26.98,40.25,67,26.19,3.43,1,1,0,2,1,2,3,2,2,,2,2,1.5,1.5,1,22,2,Moderate Risk,Poor,38,https://www.valueresearchonline.com/funds/42783/
Canara Robeco Multi Asset Allocation Dir,hybrid,Hybrid,Direct,12.23,,,Hybrid: Multi Asset Allocation,INF760K01LH1,153465,12.33,,,,,,,,,5.93,0.33,AAA,0.34,39,,29.06,38.67,54,35.29,4.32,,,,,0,3,3,3,1,,2,2,0,1,1,16,,Moderately High Risk,Average,34,https://www.valueresearchonline.com/funds/45168/
Capitalmind Multi Asset Allocation Dir*,hybrid,Hybrid,Direct,,,,Hybrid: Multi Asset Allocation,INF955L01JF3,154679,,,,,,,,,,5.84,0.12,AAA,0.12,24,,21.73,43.87,33,11.72,1.92,,,,,0,3,3,3,0,,2,2,2,2,1,18,,Moderately High Risk,Average,33,https://www.valueresearchonline.com/funds/45851/
DSP Multi Asset Allocation Dir*,hybrid,Hybrid,Direct,18.02,,,Hybrid: Multi Asset Allocation,INF740KA1TE9,152056,12.33,,,,,,,,,2.04,1.27,AAA,2.86,60,,31.06,35.94,105,18.9,2.76,,,,,0,2,3,2,2,,1,2,2,1.5,1.5,17,,Moderately High Risk,Average,50,https://www.valueresearchonline.com/funds/43741/
DSP Multi Asset Omni FoF Dir*,hybrid,Hybrid,Direct,,,,Hybrid: Multi Asset Allocation,INF740KA1YE9,154167,,,,,,,,,,,,GOI/Cash,,,,,,13,,,,,,,,,3,,,,,,,,0,3,,High Risk,Poor,13,https://www.valueresearchonline.com/funds/45803/
Edelweiss Multi Asset Allocation Dir,hybrid,Hybrid,Direct,6.7,7.58,,Hybrid: Multi Asset Allocation,INF754K01RS8,151792,12.33,15.61,,,,1.17,1.7,1.4,7.33,7.17,1.39,AAA,1.51,50,,18.2,,146,12.07,2.07,2,2,3,0,2,2,3,3,2,,2.5,,2,2,1.5,27,4,Low Risk,Good,50,https://www.valueresearchonline.com/funds/43551/
Edelweiss Multi Asset Omni FoF Dir*,hybrid,Hybrid,Direct,,,,Hybrid: Multi Asset Allocation,INF754K01VN1,153776,,,,,,,,,,,,AAA,,,,,,10,,,,,,,,,3,,,,,,,,0,3,,High Risk,Poor,10,https://www.valueresearchonline.com/funds/45419/
Franklin India Multi Asset Allocation Dir,hybrid,Hybrid,Direct,11.62,,,Hybrid: Multi Asset Allocation,INF090I01YH0,153731,12.33,,,,,,,,,7.25,0.77,AAA,0.98,47,,25.81,36.76,75,25.38,3.42,,,,,2,3,3,3,1,,2,2,1.5,1.5,1,20,,Moderate Risk,Average,42,https://www.valueresearchonline.com/funds/45368/
Groww Multi Asset Allocation Dir,hybrid,Hybrid,Direct,,,,Hybrid: Multi Asset Allocation,INF666M01MA9,153821,,,,,,,,,,5.34,0.12,CASH,0.12,76,,27.96,40.2,98,22.21,3.18,,,,,0,3,0,3,2,,2,2,1.5,1.5,1.5,16.5,,Moderately High Risk,Average,36,https://www.valueresearchonline.com/funds/45464/
Groww Multi Asset Omni FoF Dir*,hybrid,Hybrid,Direct,,,,Hybrid: Multi Asset Allocation,INF666M01NC3,154028,,,,,,,,,,,,AAA,,,,,,15,,,,,,,,,3,,,,,,,,0,3,,High Risk,Poor,15,https://www.valueresearchonline.com/funds/45675/
HDFC Multi-Asset Active FoF Dir,hybrid,Hybrid,Direct,8.4,13.96,13.45,Hybrid: Multi Asset Allocation,INF179KC1BA3,148903,12.33,15.61,13.42,,,1.09,1.16,7.53,13.9,,,AAA,,,,,,18,,,2,1,1,2,,,3,,,,,,,,0,9,3,High Risk,Average,18,https://www.valueresearchonline.com/funds/41462/
HDFC Multi-Asset Allocation Dir,hybrid,Hybrid,Direct,5.95,12.61,11.32,Hybrid: Multi Asset Allocation,INF336L01RI3,152380,12.33,15.61,13.42,,,0.92,1.01,7.57,12.69,7.03,2.49,AAA,2.84,75,,28.72,37.04,138,22.15,3.08,1,1,1,2,2,2,3,2,2,,2,2,1.5,1.5,1.5,24.5,3,Moderate Risk,Average,50,https://www.valueresearchonline.com/funds/16128/
HSBC Multi Asset Active FoF Dir*,hybrid,Hybrid,Direct,16.55,15.98,12.56,Hybrid: Multi Asset Allocation,INF336L01IJ0,129193,12.33,15.61,13.42,,,0.93,1.07,11.17,16.12,7.16,2.74,AAA,3.73,,,,,11,,,1,1,0,2,2,2,3,2,,,,,,,0,13,2,Moderately High Risk,Poor,11,https://www.valueresearchonline.com/funds/25864/
HSBC Multi Asset Allocation Dir,hybrid,Hybrid,Direct,15.55,,,Hybrid: Multi Asset Allocation,INF336L01RI3,152380,12.33,,,,,,,,,7.33,3.85,AAA,5.08,64,,29.26,58.27,83,26.13,3.84,,,,,2,1,3,1,2,,2,1,1.5,1,1.5,16,,Moderately High Risk,Average,44,https://www.valueresearchonline.com/funds/44089/
ICICI Pru Multi Asset Dir*,hybrid,Hybrid,Direct,7.39,15.12,16.77,Hybrid: Multi Asset Allocation,INF109K015K4,120334,12.33,15.61,13.42,,,1.11,1.25,8.55,15.17,6.9,2.49,AAA,4.66,127,,25.43,39.08,292,19.55,2.87,2,1,1,2,1,2,3,2,2.5,,2,2,2,1.5,2,26,5,Moderate Risk,Excellent,50,https://www.valueresearchonline.com/funds/15945/
ICICI Pru Passive Multi-Asset FoF Dir*,hybrid,Hybrid,Direct,10.5,13.77,,Hybrid: Multi Asset Allocation,INF109KC1Y15,149441,12.33,15.61,,,,1.14,1.29,6.8,13.43,,,AAA,,,,,,34,,,2,1,2,2,,,3,,,,,,,,1,11,3,High Risk,Average,29,https://www.valueresearchonline.com/funds/41932/
Invesco India Multi Asset Allocation Dir,hybrid,Hybrid,Direct,15.5,,,Hybrid: Multi Asset Allocation,INF205KA1AC1,153047,12.33,,,,,,,,,,,AAA,,72,,39.08,27.86,92,21.79,3.17,,,,,,,3,,2,,1,2.5,1.5,1.5,1.5,13,,Moderately High Risk,Average,41,https://www.valueresearchonline.com/funds/44738/
Kotak Multi Asset Active FoF Dir,hybrid,Hybrid,Direct,,,,Hybrid: Multi Asset Allocation,INF174K01LN3,119777,,,,,,,,,,,,AAA,,,,,,10,,,,,,,,,3,,,,,,,,0,3,,High Risk,Poor,10,https://www.valueresearchonline.com/funds/45941/
Kotak Multi Asset Allocation Dir,hybrid,Hybrid,Direct,19.17,,,Hybrid: Multi Asset Allocation,INF174KA1PD4,152064,12.33,,,,,,,,,6.48,2.7,AAA,6.88,70,,20.48,41.05,100,18.03,2.5,,,,,0,2,3,1,2,,2,2,2,2,1.5,17.5,,Moderately High Risk,Average,50,https://www.valueresearchonline.com/funds/43732/
Kotak Multi Asset Omni FoF Dir*,hybrid,Hybrid,Direct,11.37,15.87,15.3,Hybrid: Multi Asset Allocation,INF174K01LN3,119777,12.33,15.61,13.42,,,0.97,0.99,10.38,15.8,,,GOI/Cash,,,,,,16,,,1,1,0,2,,,3,,,,,,,,0,7,2,High Risk,Poor,16,https://www.valueresearchonline.com/funds/17436/
LIC MF Multi Asset Allocation Dir,hybrid,Hybrid,Direct,11.52,,,Hybrid: Multi Asset Allocation,INF767K01RZ5,153246,12.33,,,,,,,,,,,AAA,,48,,26.93,38.69,63,20.44,4.07,,,,,,,3,,1,,2,2,1.5,1,1,11.5,,High Risk,Poor,40,https://www.valueresearchonline.com/funds/44886/
Mahindra Manulife Multi Asset Allocation Dir,hybrid,Hybrid,Direct,17.09,,,Hybrid: Multi Asset Allocation,INF174V01BW2,152443,12.33,,,,,,,,,7.53,2.65,AAA,4.1,57,,25.09,29.94,83,24.34,3.19,,,,,2,2,3,2,2,,2,2.5,1.5,1.5,1.5,20,,Moderate Risk,Average,50,https://www.valueresearchonline.com/funds/44130/
Mirae Asset Multi Asset Allocation Dir,hybrid,Hybrid,Direct,13.61,,,Hybrid: Multi Asset Allocation,INF769K01KZ6,152344,12.33,,,,,,,,,6.47,2.2,AAA,2.72,135,,25.74,32.44,235,23.37,3.23,,,,,0,2,3,2,2.5,,2,2,1.5,1.5,2,18.5,,Moderately High Risk,Average,50,https://www.valueresearchonline.com/funds/44004/
Motilal Oswal Asset Allocation Passive FoF-Agrssv Dir*,hybrid,Hybrid,Direct,9.13,15.04,12.11,Hybrid: Multi Asset Allocation,INF0QA701607,152162,12.33,15.61,13.42,,,1.01,1.2,9.1,14.87,,,GOI/Cash,,,,,,12,,,2,1,1,2,,,3,,,,,,,,0,9,2,High Risk,Poor,12,https://www.valueresearchonline.com/funds/41334/
Motilal Oswal Asset Allocation Passive FoF-Cons Dir*,hybrid,Hybrid,Direct,10.82,13.63,10.7,Hybrid: Multi Asset Allocation,INF247L01AN8,148750,12.33,15.61,13.42,,,1.26,1.45,5.9,13.15,,,GOI/Cash,,,,,,4,,,2,1,2,2,,,3,,,,,,,,0,10,3,High Risk,Average,4,https://www.valueresearchonline.com/funds/41336/
Nippon India Multi Asset Allocation Dir*,hybrid,Hybrid,Direct,15.65,19.57,15.82,Hybrid: Multi Asset Allocation,INF204KB19V4,148457,12.33,15.61,13.42,,,1.41,1.66,9.41,18.91,7.18,2.53,AAA,3.04,92,,22.14,36.36,168,24.91,3.4,2,2,1,3,2,2,3,2,2.5,,2,2,1.5,1.5,2,28.5,4,Low Risk,Good,50,https://www.valueresearchonline.com/funds/41074/
Nippon India Multi-Asset Omni FoF Dir,hybrid,Hybrid,Direct,12.43,16.92,15.99,Hybrid: Multi Asset Allocation,INF204KB16Y4,148666,12.33,15.61,13.42,,,1.11,1.39,9.99,16.73,,,AAA,,,,,,8,,,2,1,1,2,,,3,,,,,,,,0,9,4,High Risk,Good,8,https://www.valueresearchonline.com/funds/41267/
PGIM India Multi Asset Allocation Dir,hybrid,Hybrid,Direct,,,,Hybrid: Multi Asset Allocation,INF663L010A3,153987,,,,,,,,,,6.35,,GOI/Cash,2.61,76,,23.55,32.07,94,29.45,4.22,,,,,0,,3,2,2,,2,2,1,1,1.5,14.5,,Moderately High Risk,Average,37,https://www.valueresearchonline.com/funds/45619/
Quant Multi Asset Allocation Dir,hybrid,Hybrid,Direct,18.7,22.14,20.1,Hybrid: Multi Asset Allocation,INF966L01580,120821,12.33,15.61,13.42,,,1.3,1.99,11.86,21.12,5.66,1.11,GOI/Cash,1.9,25,,40.57,43.85,61,22.14,3.28,2,2,0,3,0,2,3,3,0,,0,2,1.5,1.5,1,21,5,Moderate Risk,Excellent,50,https://www.valueresearchonline.com/funds/17359/
Quantum Multi Asset Active FoF Dir*,hybrid,Hybrid,Direct,7.16,11.7,9.95,Hybrid: Multi Asset Allocation,INF082J01168,117608,12.33,15.61,13.42,,,0.91,0.94,6.55,11.67,,,AAA,,,,,,5,,,1,1,2,1,,,3,,,,,,,,0,8,3,High Risk,Average,5,https://www.valueresearchonline.com/funds/15074/
Quantum Multi Asset Allocation Dir,hybrid,Hybrid,Direct,4.73,,,Hybrid: Multi Asset Allocation,INF082J01457,152474,12.33,,,,,,,,,,,GOI/Cash,,41,,48.81,40.55,48,19.56,2.76,,,,,,,3,,1,,0,2,2,1.5,1,10.5,,High Risk,Poor,32,https://www.valueresearchonline.com/funds/44176/
SBI Multi Asset Allocation Dir,hybrid,Hybrid,Direct,13.22,15.35,13.78,Hybrid: Multi Asset Allocation,INF200K01TZ3,119843,12.33,15.61,13.42,,,1.14,1.46,8.34,15.19,7.76,2.46,AAA,2.84,68,,16.78,27.71,126,18.75,2.12,2,1,1,2,2,2,3,2,2,,2.5,2.5,2,2,1.5,27.5,4,Low Risk,Good,50,https://www.valueresearchonline.com/funds/17657/
Samco Multi Asset Allocation Dir*,hybrid,Hybrid,Direct,7.52,,,Hybrid: Multi Asset Allocation,INF0K1H01230,153092,12.33,,,,,,,,,5.19,0.3,GOI/Cash,0.3,110,,18.13,41.04,133,21.81,3.66,,,,,0,3,3,3,2.5,,2.5,2,1.5,1,1.5,20,,Moderate Risk,Average,27,https://www.valueresearchonline.com/funds/44777/
Shriram Multi Asset Allocation Dir,hybrid,Hybrid,Direct,11.46,,,Hybrid: Multi Asset Allocation,INF680P01406,152051,12.33,,,,,,,,,6.06,0.32,AAA,0.33,72,,29.13,38.3,87,21.27,3.14,,,,,0,3,3,3,2,,2,2,1.5,1.5,1.5,19.5,,Moderately High Risk,Average,34,https://www.valueresearchonline.com/funds/43717/
Sundaram Multi Asset Allocation Dir,hybrid,Hybrid,Direct,10.6,,,Hybrid: Multi Asset Allocation,INF903JA1LK9,152314,12.33,,,,,,,,,6.29,2.93,GOI/Cash,3.49,55,,24.71,43.29,78,30.57,4.05,,,,,0,2,3,2,2,,2,2,1,1,1,16,,Moderately High Risk,Average,39,https://www.valueresearchonline.com/funds/44042/
Tata Multi Asset Allocation Dir*,hybrid,Hybrid,Direct,9.56,14.01,12.8,Hybrid: Multi Asset Allocation,INF277K019Y3,148053,12.33,15.61,13.42,,,0.88,1.04,9.48,14.05,7.84,1.72,AAA,2.22,74,,19.02,38.18,114,19.23,2.88,1,1,1,2,2,2,3,2,2,,2.5,2,2,1.5,1.5,25.5,2,Moderate Risk,Poor,50,https://www.valueresearchonline.com/funds/40686/
The Wealth Company Multi Asset Allocation Dir,hybrid,Hybrid,Direct,,,,Hybrid: Multi Asset Allocation,INF2F0001347,153999,,,,,,,,,,,,AAA,,53,,20.36,35.65,72,31.81,4.15,,,,,,,3,,2,,2,2,1,1,1,12,,High Risk,Poor,44,https://www.valueresearchonline.com/funds/45635/
UTI Multi Asset Allocation Dir,hybrid,Hybrid,Direct,7.14,16.21,13.62,Hybrid: Multi Asset Allocation,INF789F01VE6,120760,12.33,15.61,13.42,,,1.01,1.17,10.55,16.38,6.84,4.02,AAA,7.13,94,,24.02,40.06,134,24.72,4.74,2,1,0,2,1,1,3,1,2.5,,2,2,1.5,1,1.5,21.5,3,Moderate Risk,Average,50,https://www.valueresearchonline.com/funds/15963/
Union Multi Asset Allocation Dir,hybrid,Hybrid,Direct,15,,,Hybrid: Multi Asset Allocation,INF582M01JY4,152787,12.33,,,,,,,,,6.4,1.89,AAA,2.52,76,,25.65,43.56,86,28.2,3.76,,,,,0,2,3,2,2,,2,2,1,1,1.5,16.5,,Moderately High Risk,Average,34,https://www.valueresearchonline.com/funds/44470/
WhiteOak Capital Multi Asset Allocation Dir*,hybrid,Hybrid,Direct,13.85,17.14,,Hybrid: Multi Asset Allocation,INF03VN01761,151745,12.33,15.61,,,,2.07,2.51,5.07,16.21,6.75,2.07,AAA,2.36,129,,12.98,18.11,202,26.33,3.63,3,2,2,2,1,2,3,2,2.5,,2.5,2.5,1.5,1,2,29,5,Low Risk,Excellent,50,https://www.valueresearchonline.com/funds/43501/
Zerodha Multi Asset Passive FoF Dir,hybrid,Hybrid,Direct,14.17,,,Hybrid: Multi Asset Allocation,INF0R8F01117,153757,12.33,,,,,,,,,,,GOI/Cash,,,,,,4,,,,,,,,,3,,,,,,,,0,3,,High Risk,Poor,4,https://www.valueresearchonline.com/funds/45395/
ABSL Aggressive Hybrid Omni FoF Reg,hybrid,Hybrid,Regular,5.06,10.71,9.66,Hybrid: Aggressive Hybrid,INF084M01077,132174,3.58,10.75,9.56,,,0.55,0.67,9.96,11.21,,,AAA,,,,,,10,,,1,1,1,1,,,3,,,,,,,,0,7,,High Risk,Poor,10,https://www.valueresearchonline.com/funds/12659/
ABSL Equity Hybrid '95 Reg,hybrid,Hybrid,Regular,2.48,9.77,7.7,Hybrid: Aggressive Hybrid,INF209K01BT5,103155,3.58,10.75,9.56,,,0.43,0.53,11.23,10.49,7.71,4.11,AAA,6.66,78,,20.98,44.65,166,27.13,3.53,1,1,0,1,2,1,3,1,2,,2,2,1.5,1,2,20.5,3,Moderate Risk,Average,50,https://www.valueresearchonline.com/funds/511/
ABSL Retirement 40s Reg,hybrid,Hybrid,Regular,4.14,10.63,8.21,Hybrid: Aggressive Hybrid,INF209KB1I56,146929,3.58,10.75,9.56,,,0.49,0.61,11.17,11.17,,,GOI/Cash,,57,,23.18,46.53,62,22.94,3.2,1,1,0,1,,,3,,2,,2,1,1.5,1.5,1,15,3,Moderately High Risk,Average,30,https://www.valueresearchonline.com/funds/39183/
Axis Aggressive Hybrid Reg,hybrid,Hybrid,Regular,2.81,8.99,6.1,Hybrid: Aggressive Hybrid,INF846K01E90,144393,3.58,10.75,9.56,,,0.37,0.5,11.07,9.8,7.78,2.11,AA,2.8,94,,19.94,42.51,126,25.57,3.5,1,1,0,1,2,2,2,2,2.5,,2.5,2,1.5,1.5,1.5,22.5,1,Moderate Risk,Poor,50,https://www.valueresearchonline.com/funds/37130/
Axis Children's Reg,hybrid,Hybrid,Regular,2.47,8.17,5.72,Hybrid: Aggressive Hybrid,INF846K01CB0,117446,3.58,10.75,9.56,,,0.31,0.41,10.87,9.08,7.11,4.05,AAA,5.11,94,,26.5,41.44,114,25.93,3.55,1,1,0,1,2,1,3,1,2.5,,2,2,1.5,1,1.5,20.5,1,Moderate Risk,Poor,45,https://www.valueresearchonline.com/funds/31505/
Axis Retirement-Aggressive Plan Reg,hybrid,Hybrid,Regular,1.15,10.73,6.15,Hybrid: Aggressive Hybrid,INF846K01T02,147823,3.58,10.75,9.56,,,0.47,0.6,12.14,11.38,6.96,5.79,AAA,10.3,86,,26.04,42.6,96,26.09,3.57,1,1,0,1,1,0,3,0,2.5,,2,2,1.5,1,1.5,17.5,2,Moderately High Risk,Poor,34,https://www.valueresearchonline.com/funds/40427/
Bandhan Aggressive Hybrid Passive FoF Reg,hybrid,Hybrid,Regular,10.23,12.82,9.95,Hybrid: Aggressive Hybrid,INF194K01953,112332,3.58,10.75,9.56,,,0.65,0.82,11.87,13.46,,,GOI/Cash,,,,,,3,,,1,1,0,2,,,3,,,,,,,,0,7,4,High Risk,Good,3,https://www.valueresearchonline.com/funds/10846/
Bandhan Aggressive Hybrid Reg,hybrid,Hybrid,Regular,8.23,13.41,10.55,Hybrid: Aggressive Hybrid,INF194KA1U15,140381,3.58,10.75,9.56,,,0.66,0.8,12.55,13.99,5.12,2.48,AAA,4.26,83,,23.74,44.59,101,25.41,3.61,1,1,0,2,0,2,3,2,2.5,,2,2,1.5,1,1.5,21.5,4,Moderate Risk,Good,43,https://www.valueresearchonline.com/funds/33268/
Bandhan Retirement Reg,hybrid,Hybrid,Regular,0.3,,,Hybrid: Aggressive Hybrid,INF194KB1GN7,152103,3.58,,,,,,,,,7.02,8.81,GOI/Cash,19.94,54,,41.01,38.97,59,23.21,3.3,,,,,2,0,3,0,2,,0,2,1.5,1.5,1,13,,Moderately High Risk,Average,26,https://www.valueresearchonline.com/funds/43789/
Bank of India Mid & Small Cap Eqt & Debt Reg,hybrid,Hybrid,Regular,15.01,16.19,13.99,Hybrid: Aggressive Hybrid,INF761K01DP9,139529,3.58,10.75,9.56,,,0.72,0.98,15.82,17.07,6.63,1.01,AAA,1.19,62,,10.76,42.25,104,32.5,4.4,1,1,0,2,1,2,3,3,2,,2.5,2,1,1,1.5,23,5,Moderate Risk,Excellent,50,https://www.valueresearchonline.com/funds/32607/
Baroda BNP Paribas Aggressive Hybrid Reg,hybrid,Hybrid,Regular,1.95,10.25,8.86,Hybrid: Aggressive Hybrid,INF955L01IY6,154684,3.58,10.75,9.56,,,0.48,0.59,10.99,10.93,7.05,2.43,AAA,3.98,57,,22.45,46.13,91,26.85,3.47,1,1,0,1,2,2,3,2,2,,2,1,1.5,1.5,1.5,21.5,3,Moderate Risk,Average,50,https://www.valueresearchonline.com/funds/33834/
Baroda BNP Paribas Retirement Reg,hybrid,Hybrid,Regular,5.36,,,Hybrid: Aggressive Hybrid,INF251K01TH4,152625,3.58,,,,,,,,,7.39,10.45,AAA,,52,,30.28,47.57,59,29.36,3.92,,,,,2,0,3,,2,,1,1,1,1,1,12,,High Risk,Poor,31,https://www.valueresearchonline.com/funds/44293/
Canara Robeco Equity Hybrid Reg,hybrid,Hybrid,Regular,3,10.19,8.42,Hybrid: Aggressive Hybrid,INF760K01050,106166,3.58,10.75,9.56,,,0.47,0.6,11.27,11.02,6.78,1.23,AAA,2.22,73,,17.82,49.61,133,22.71,3.42,1,1,0,1,1,2,3,2,2,,2.5,1,1.5,1.5,1.5,21,3,Moderate Risk,Average,50,https://www.valueresearchonline.com/funds/75/
DSP Aggressive Hybrid Reg,hybrid,Hybrid,Regular,-1.97,9.04,7.82,Hybrid: Aggressive Hybrid,INF740K01318,100081,3.58,10.75,9.56,,,0.38,0.53,11.06,9.92,2.24,1.86,AAA,4.42,41,,27.5,48.58,87,19.48,2.83,1,1,0,1,0,2,3,2,1,,2,1,2,1.5,1.5,19,3,Moderately High Risk,Average,50,https://www.valueresearchonline.com/funds/610/
Edelweiss Aggressive Hybrid B,hybrid,Hybrid,Regular,3.58,12.37,11.92,Hybrid: Aggressive Hybrid,INF754K01202,112108,3.58,10.75,9.56,,,0.64,0.81,11.37,12.98,6.36,0.68,AAA,0.73,98,,16.57,39.38,116,23.87,3.51,1,1,0,2,0,3,3,3,2.5,,2.5,2,1.5,1,1.5,24,,Moderate Risk,Average,41,https://www.valueresearchonline.com/funds/10478/
Edelweiss Aggressive Hybrid Reg,hybrid,Hybrid,Regular,3.59,12.37,11.85,Hybrid: Aggressive Hybrid,INF754K01202,112108,3.58,10.75,9.56,,,0.64,0.8,11.36,12.96,6.36,0.68,AAA,0.73,98,,16.57,39.38,116,23.87,3.51,1,1,0,2,0,3,3,3,2.5,,2.5,2,1.5,1,1.5,24,5,Moderate Risk,Excellent,41,https://www.valueresearchonline.com/funds/10609/
Edelweiss Nifty LargeMidcap250 Plus 8-13 Yr G-Sec 70:30 Index Reg,hybrid,Hybrid,Regular,,,,Hybrid: Aggressive Hybrid,,,,,,,,,,,,6.86,6.98,GOI/Cash,9.15,250,,36,37.8,252,21.64,3.39,,,,,1,0,3,0,2.5,,1,2,1.5,1.5,2,14.5,,Moderately High Risk,Average,27,https://www.valueresearchonline.com/funds/45921/
Franklin India Aggressive Hybrid Reg,hybrid,Hybrid,Regular,-0.34,9.27,8.78,Hybrid: Aggressive Hybrid,INF955L01IY6,154684,3.58,10.75,9.56,,,0.42,0.54,10.37,10.08,7.68,2.9,AAA,3.64,52,,19.51,42.26,80,25.37,3.59,1,1,0,1,2,2,3,2,2,,2.5,2,1.5,1,1.5,22.5,3,Moderate Risk,Average,50,https://www.valueresearchonline.com/funds/692/
Groww Aggressive Hybrid Reg,hybrid,Hybrid,Regular,0.14,8.39,7.47,Hybrid: Aggressive Hybrid,INF955L01IY6,154684,3.58,10.75,9.56,,,0.33,0.39,11.31,9.38,5.28,0.07,AAA,0.07,87,,20.25,45.81,90,23.54,3.16,1,1,0,1,0,3,3,3,2.5,,2,1,1.5,1.5,1.5,22,2,Moderate Risk,Poor,28,https://www.valueresearchonline.com/funds/38324/
HDFC Children's Reg,hybrid,Hybrid,Regular,0.33,8.3,9.8,Hybrid: Aggressive Hybrid,INF0GCD01537,151322,3.58,10.75,9.56,,,0.29,0.39,10.72,8.85,6.98,4.95,AAA,7.56,53,,23.9,44.77,110,21.23,3.17,1,1,0,1,1,1,3,1,2,,2,2,1.5,1.5,1.5,19.5,3,Moderately High Risk,Average,50,https://www.valueresearchonline.com/funds/936/
HDFC Hybrid Equity Reg,hybrid,Hybrid,Regular,-2.42,6.51,8.04,Hybrid: Aggressive Hybrid,INF955L01IY6,154684,3.58,10.75,9.56,,,0.16,0.17,10.61,7.34,7.61,5.44,AAA,9.91,53,,23.74,43.19,135,21.07,2.95,1,1,0,0,2,0,3,0,2,,2,2,1.5,1.5,1.5,17.5,2,Moderately High Risk,Poor,50,https://www.valueresearchonline.com/funds/2668/
HDFC Retirement Savings Hybrid Equity Reg,hybrid,Hybrid,Regular,-3.2,6.68,8.35,Hybrid: Aggressive Hybrid,INF955L01IY6,154684,3.58,10.75,9.56,,,0.17,0.21,10.62,7.45,6.6,4,AAA,5.39,65,,22.73,46.42,78,21.14,2.86,1,1,0,0,1,1,3,1,2,,2,1,1.5,1.5,1,17,3,Moderately High Risk,Average,38,https://www.valueresearchonline.com/funds/31781/
HSBC Aggressive Hybrid Active FoF Reg,hybrid,Hybrid,Regular,8.26,11.88,10.22,Hybrid: Aggressive Hybrid,INF955L01IY6,154684,3.58,10.75,9.56,,,0.57,0.73,12.24,12.68,,,AAA,,,,,,6,,,1,1,0,2,,,3,,,,,,,,0,7,3,High Risk,Average,6,https://www.valueresearchonline.com/funds/25858/
HSBC Aggressive Hybrid Reg,hybrid,Hybrid,Regular,7.06,12.7,10.12,Hybrid: Aggressive Hybrid,INF917K01LB0,151120,3.58,10.75,9.56,,,0.58,0.66,13.8,13.66,7.23,1.62,AAA,1.92,63,,17.39,54.94,97,35.01,5.05,1,1,0,2,2,2,3,3,2,,2.5,1,0,0,1.5,21,3,Moderate Risk,Average,50,https://www.valueresearchonline.com/funds/12056/
ICICI Pru Aggressive Hybrid Active FoF*,hybrid,Hybrid,Regular,1.18,13.32,12.59,Hybrid: Aggressive Hybrid,INF109K01852,102135,3.58,10.75,9.56,,,0.69,0.98,11.89,13.86,,,AAA,,,,,,10,,,1,1,0,2,,,3,,,,,,,,0,7,,High Risk,Poor,10,https://www.valueresearchonline.com/funds/1936/
ICICI Pru Children's,hybrid,Hybrid,Regular,0.19,12.46,11.51,Hybrid: Aggressive Hybrid,INF955L01IY6,154684,3.58,10.75,9.56,,,0.53,0.73,14.64,13.42,,,AAA,,65,,31.2,56.74,77,19.7,2.36,1,1,0,2,,,3,,2,,1,1,2,2,1,16,4,Moderately High Risk,Good,37,https://www.valueresearchonline.com/funds/1031/
ICICI Pru Equity & Debt,hybrid,Hybrid,Regular,2.56,13.34,14.76,Hybrid: Aggressive Hybrid,INF209K01LV0,108273,3.58,10.75,9.56,,,0.77,1.06,10.54,13.86,7.3,3.53,AAA,6.67,130,,23.38,41.08,267,21.91,2.88,1,1,0,2,2,1,3,1,2.5,,2,2,1.5,1.5,2,22.5,5,Moderate Risk,Excellent,50,https://www.valueresearchonline.com/funds/686/
ICICI Pru Retirement Hybrid Aggressive,hybrid,Hybrid,Regular,9.07,16.63,14.02,Hybrid: Aggressive Hybrid,INF767K01535,105823,3.58,10.75,9.56,,,0.86,1.12,13.56,17.32,6.99,2.71,AAA,6.07,70,,11.85,42.14,88,30.06,4.31,1,1,0,2,1,2,3,1,2,,2.5,2,1,1,1.5,21,5,Moderate Risk,Excellent,43,https://www.valueresearchonline.com/funds/39057/
Invesco India Aggressive Hybrid Reg,hybrid,Hybrid,Regular,-4.75,9.83,8.29,Hybrid: Aggressive Hybrid,INF205K011Q3,143536,3.58,10.75,9.56,,,0.38,0.47,12.57,10.51,7.16,1.6,AAA,1.78,47,,24.27,45.56,64,26.69,3.68,1,1,0,1,2,2,3,3,1,,2,1,1.5,1,1,20.5,2,Moderate Risk,Poor,42,https://www.valueresearchonline.com/funds/36538/
JM Aggressive Hybrid Reg,hybrid,Hybrid,Regular,1.75,11.81,12.07,Hybrid: Aggressive Hybrid,INF194KA1U15,140381,3.58,10.75,9.56,,,0.5,0.75,13.7,12.53,7.38,2.53,AAA,3.02,54,,15.99,49.57,83,30.48,3.78,1,1,0,2,2,2,3,2,2,,2.5,1,1,1,1.5,22,4,Moderate Risk,Good,50,https://www.valueresearchonline.com/funds/106/
Kotak Aggressive Hybrid Reg,hybrid,Hybrid,Regular,5.18,11.94,11.11,Hybrid: Aggressive Hybrid,INF277K01303,100414,3.58,10.75,9.56,,,0.55,0.65,12.89,12.76,6.97,4.15,AAA,9.25,58,,17.83,52.04,120,24.54,3.74,1,1,0,2,1,1,3,0,2,,2.5,1,1.5,1,1.5,18.5,4,Moderately High Risk,Good,50,https://www.valueresearchonline.com/funds/707/
LIC MF Aggressive Hybrid Reg,hybrid,Hybrid,Regular,3.96,10.55,8.18,Hybrid: Aggressive Hybrid,INF767K01030,100323,3.58,10.75,9.56,,,0.45,0.56,12.42,11.31,,,AAA,,43,,17.13,43.76,63,36.55,4.66,1,1,0,1,,,3,,1,,2.5,2,0,1,1,13.5,2,Moderately High Risk,Poor,45,https://www.valueresearchonline.com/funds/140/
LIC MF ULIS Reg,hybrid,Hybrid,Regular,1.08,7.18,6.69,Hybrid: Aggressive Hybrid,INF767K01535,105823,3.58,10.75,9.56,,,0.22,0.3,11.76,8.29,,,AAA,,40,,19.31,42.21,52,37.77,5.83,1,1,0,1,,,3,,1,,2.5,2,0,0,1,12.5,1,High Risk,Poor,37,https://www.valueresearchonline.com/funds/120/
Mahindra Manulife Aggressive Hybrid Reg,hybrid,Hybrid,Regular,-1.39,10.61,10.08,Hybrid: Aggressive Hybrid,INF174V01754,147447,3.58,10.75,9.56,,,0.51,0.68,11.45,11.56,7.14,2.28,AAA,3.86,60,,18.11,46.36,103,28.69,3.61,1,1,0,1,2,2,3,2,2,,2.5,1,1,1,1.5,21,4,Moderate Risk,Good,50,https://www.valueresearchonline.com/funds/40092/
Mirae Asset Aggressive Hybrid Reg,hybrid,Hybrid,Regular,4.78,10.25,8.79,Hybrid: Aggressive Hybrid,INF769K01DE6,134815,3.58,10.75,9.56,,,0.46,0.56,11.45,10.96,7.52,2.72,AAA,4.37,81,,21.76,43.61,146,23.81,3.19,1,1,0,1,2,2,3,2,2.5,,2,2,1.5,1.5,1.5,23,3,Moderate Risk,Average,50,https://www.valueresearchonline.com/funds/30602/
Navi Aggressive Hybrid Reg,hybrid,Hybrid,Regular,9.65,10.73,9.81,Hybrid: Aggressive Hybrid,INF959L01DI2,143162,3.58,10.75,9.56,,,0.48,0.6,11.91,11.46,6.2,0.04,AAA,0.04,60,,20.24,49.63,68,20.54,3.07,1,1,0,1,0,3,3,3,2,,2,1,1.5,1.5,1,21,3,Moderate Risk,Average,33,https://www.valueresearchonline.com/funds/35937/
Nippon India Aggressive Hybrid Reg,hybrid,Hybrid,Regular,2.55,10.51,10.6,Hybrid: Aggressive Hybrid,INF955L01IY6,154684,3.58,10.75,9.56,,,0.52,0.66,10.69,11.24,7.94,3.2,AAA,4.47,79,,19.52,45,128,25.47,3.41,1,1,0,1,2,1,3,2,2,,2.5,2,1.5,1.5,1.5,22,4,Moderate Risk,Good,50,https://www.valueresearchonline.com/funds/2791/
Nippon India Aggressive Hybrid Seg Port 1 Reg,hybrid,Hybrid,Regular,,,,,INF761K01306,109254,,,,,,,,,,,,C,,,,,,1,,,,,,,,,0,,,,,,,,0,0,,High Risk,Poor,1,https://www.valueresearchonline.com/funds/40308/
Nippon India Aggressive Hybrid Seg Port 2 Reg,hybrid,Hybrid,Regular,,,,,INF767K01535,105823,,,,,,,,,,,,,,,,,,,,,,,,,,,,,,,,,,,,,,,,0,https://www.valueresearchonline.com/funds/40852/
PGIM India Aggressive Hybrid Equity Reg,hybrid,Hybrid,Regular,-1.29,7.75,5.84,Hybrid: Aggressive Hybrid,INF955L01IY6,154684,3.58,10.75,9.56,,,0.26,0.38,10.74,8.51,6.78,,AAA,4.31,52,,25.38,41.75,64,26.26,3.94,1,1,0,1,1,,3,2,2,,2,2,1.5,1,1,18.5,1,Moderately High Risk,Poor,37,https://www.valueresearchonline.com/funds/2057/
Quant Aggressive Hybrid Reg,hybrid,Hybrid,Regular,11.42,12.04,11.81,Hybrid: Aggressive Hybrid,INF966L01267,101070,3.58,10.75,9.56,,,0.5,0.81,14.93,13.19,,,AAA,,15,,43.69,55.44,29,29.76,4.33,1,1,0,2,,,3,,0,,0,1,1,1,0,10,3,High Risk,Average,26,https://www.valueresearchonline.com/funds/950/
SBI Children's Investment Plan Reg,hybrid,Hybrid,Regular,16.87,20.28,20.11,BSE 500 TRI,INF200KA1Q99,148489,2.44,11.32,10.45,8.57,0.86,0.92,1.39,15.81,20.2,,,,,40,37.57,21.39,59.89,,23.17,3.21,1,1,0,3,,,,,1,2,2,1,1.5,1.5,,14,5,Moderately High Risk,Excellent,25,https://www.valueresearchonline.com/funds/41123/
SBI Equity Hybrid Reg,hybrid,Hybrid,Regular,6.14,12.29,9.62,Hybrid: Aggressive Hybrid,INF955L01IY6,154684,3.58,10.75,9.56,,,0.65,0.89,10.67,12.63,7.55,3.94,AAA,5.4,45,,20.24,42,113,26.41,3.95,1,1,0,2,2,1,3,1,1,,2,2,1.5,1,1.5,20,4,Moderate Risk,Good,50,https://www.valueresearchonline.com/funds/204/
SBI Retirement Benefit Aggressive Hybrid Reg,hybrid,Hybrid,Regular,6.3,9.35,10.68,Hybrid: Aggressive Hybrid,INF200KA1S71,148695,3.58,10.75,9.56,,,0.37,0.46,11.99,10.18,3.53,0.06,GOI/Cash,0.17,53,,21.07,51.17,60,29.71,4.09,1,1,0,1,0,3,3,3,2,,2,1,1,1,1,20,3,Moderate Risk,Average,31,https://www.valueresearchonline.com/funds/41273/
Shriram Aggressive Hybrid Reg,hybrid,Hybrid,Regular,2.48,8.41,6.65,Hybrid: Aggressive Hybrid,INF680P01018,125713,3.58,10.75,9.56,,,0.31,0.36,11.66,9.29,6.31,1.67,AAA,1.9,79,,24.44,39.98,88,20.59,2.95,1,1,0,1,0,2,3,3,2,,2,2,1.5,1.5,1.5,21.5,2,Moderate Risk,Poor,28,https://www.valueresearchonline.com/funds/22586/
Sundaram Aggressive Hybrid Reg,hybrid,Hybrid,Regular,1.27,8.96,7.94,Hybrid: Aggressive Hybrid,INF194KA1U15,140381,3.58,10.75,9.56,,,0.37,0.47,11.32,9.84,6.3,2.65,AAA,3.7,53,,19.76,45.4,117,31.25,4.13,1,1,0,1,0,2,3,2,2,,2.5,1,1,1,1.5,19,2,Moderately High Risk,Poor,50,https://www.valueresearchonline.com/funds/714/
Tata Aggressive Hybrid Reg,hybrid,Hybrid,Regular,1.51,7.93,7.74,Hybrid: Aggressive Hybrid,INF277K01303,100414,3.58,10.75,9.56,,,0.28,0.33,11.72,8.96,7.65,2.82,AAA,4.61,47,,17.25,41.33,96,25.94,3.45,1,1,0,1,2,2,3,2,1,,2.5,2,1.5,1.5,1.5,22,2,Moderate Risk,Poor,50,https://www.valueresearchonline.com/funds/211/
Tata Retirement Savings Moderate Reg,hybrid,Hybrid,Regular,7.38,11.53,9.58,Hybrid: Aggressive Hybrid,INF277K01FH8,115943,3.58,10.75,9.56,,,0.5,0.69,13.76,12.53,,,AAA,,54,,18.52,43.48,68,32.31,4.65,1,1,0,2,,,3,,2,,2.5,2,1,1,1,16.5,3,Moderately High Risk,Average,39,https://www.valueresearchonline.com/funds/13414/
UTI Aggressive Hybrid,hybrid,Hybrid,Regular,2.17,10.67,10.77,Hybrid: Aggressive Hybrid,INF789F01323,100684,3.58,10.75,9.56,,,0.51,0.66,10.82,11.21,7.41,4.81,AAA,8.46,60,,22,42.17,135,18.57,2.64,1,1,0,1,2,1,3,0,2,,2,2,2,1.5,1.5,20,4,Moderate Risk,Good,50,https://www.valueresearchonline.com/funds/284/
Union Aggressive Hybrid Reg,hybrid,Hybrid,Regular,4.23,10.11,8.25,Hybrid: Aggressive Hybrid,INF582M01HC4,148591,3.58,10.75,9.56,,,0.44,0.54,11.58,10.79,6.93,3.09,AAA,3.88,68,,20.34,48.14,79,29.76,4.01,1,1,0,1,1,1,3,2,2,,2,1,1,1,1,18,3,Moderately High Risk,Average,35,https://www.valueresearchonline.com/funds/41184/
ABSL Arbitrage Reg,hybrid,Hybrid,Regular,5.7,6.68,5.98,Hybrid: Arbitrage,INF209K01264,112088,5.54,6.48,5.77,,,1.62,2.01,0.52,6.54,6.93,0.51,GOI/Cash,0.61,181,,23.56,,389,17.52,2.64,2,2,3,0,1,3,3,3,2.5,,2,,2,1.5,2,27,3,Low Risk,Average,50,https://www.valueresearchonline.com/funds/10586/
Axis Arbitrage Reg,hybrid,Hybrid,Regular,5.68,6.66,6.01,Hybrid: Arbitrage,INF846K01QC8,130771,5.54,6.48,5.77,,,1.6,1.94,0.52,6.52,6.88,0.57,GOI/Cash,0.58,157,,24.98,,382,18.93,2.68,2,2,3,0,1,3,3,3,2.5,,2,,2,1.5,2,27,3,Low Risk,Average,47,https://www.valueresearchonline.com/funds/27585/
Bajaj Finserv Arbitrage Reg,hybrid,Hybrid,Regular,5.49,,,Hybrid: Arbitrage,INF955L01IY6,154684,5.54,,,,,,,,,6.31,0.25,GOI/Cash,0.25,121,,40.97,,307,17.44,2.35,,,,,0,3,3,3,2.5,,0,,2,2,2,17.5,2,Moderately High Risk,Poor,28,https://www.valueresearchonline.com/funds/43768/
Bandhan Arbitrage Reg,hybrid,Hybrid,Regular,5.45,6.56,5.91,Hybrid: Arbitrage,INF194K01649,108845,5.54,6.48,5.77,,,1.4,1.72,0.53,6.43,,,GOI/Cash,,161,,32.48,,389,16.31,2.45,2,2,3,0,,,3,,2.5,,1,,2,2,2,19.5,3,Moderately High Risk,Average,35,https://www.valueresearchonline.com/funds/3971/
Bank of India Arbitrage Reg,hybrid,Hybrid,Regular,5.1,6.09,5.2,Hybrid: Arbitrage,INF761K01DW5,143620,5.54,6.48,5.77,,,0.59,0.57,0.49,5.98,6.06,0.18,GOI/Cash,0.18,36,,30.87,,81,12.41,2.02,1,1,3,0,0,3,3,3,1,,1,,2,2,1.5,21.5,2,Moderate Risk,Poor,34,https://www.valueresearchonline.com/funds/36388/
Baroda BNP Paribas Arbitrage Reg,hybrid,Hybrid,Regular,5.28,6.45,5.79,Hybrid: Arbitrage,INF251K01ON3,150250,5.54,6.48,5.77,,,1.01,1.23,0.54,6.24,5.58,0.24,GOI/Cash,0.25,83,,23.58,,178,15.71,2.34,2,1,3,0,0,3,3,3,2.5,,2,,2,2,2,25.5,2,Moderate Risk,Poor,31,https://www.valueresearchonline.com/funds/33242/
Capitalmind Arbitrage Reg,hybrid,Hybrid,Regular,,,,Hybrid: Arbitrage,INF955L01IY6,154684,,,,,,,,,,5.71,0.06,GOI/Cash,0.06,45,,34.24,,94,14.77,2.44,,,,,0,3,3,3,1,,1,,2,2,1.5,16.5,,Moderately High Risk,Average,27,https://www.valueresearchonline.com/funds/45857/
DSP Arbitrage Reg,hybrid,Hybrid,Regular,5.58,6.55,5.89,Hybrid: Arbitrage,INF740KA1DI4,142282,5.54,6.48,5.77,,,1.23,1.43,0.53,6.35,2.23,0.1,GOI/Cash,,13,,25.2,,175,,,2,1,3,0,0,3,3,,0,,2,,,,2,16,3,Moderately High Risk,Average,25,https://www.valueresearchonline.com/funds/35108/
Edelweiss Arbitrage Reg,hybrid,Hybrid,Regular,5.72,6.72,6.09,Hybrid: Arbitrage,INF754K01EF3,130205,5.54,6.48,5.77,,,1.6,2.12,0.53,6.54,6.63,0.42,GOI/Cash,0.4,165,,20.7,,393,17.29,2.58,2,2,3,0,1,3,3,3,2.5,,2,,2,1.5,2,27,4,Low Risk,Good,50,https://www.valueresearchonline.com/funds/27142/
Franklin India Arbitrage Reg,hybrid,Hybrid,Regular,6.01,,,Hybrid: Arbitrage,INF955L01IY6,154684,5.54,,,,,,,,,6.93,0.47,GOI/Cash,0.5,110,,27.68,,231,17.56,2.62,,,,,1,3,3,3,2.5,,2,,2,1.5,2,20,3,Moderate Risk,Average,36,https://www.valueresearchonline.com/funds/44701/
Groww Arbitrage Reg,hybrid,Hybrid,Regular,,,,Hybrid: Arbitrage,INF666M01OQ1,154325,,,,,,,,,,,,GOI/Cash,,42,,52.46,,87,12.57,1.93,,,,,,,3,,1,,0,,2,2,1.5,9.5,,High Risk,Poor,26,https://www.valueresearchonline.com/funds/45944/
HDFC Arbitrage Reg,hybrid,Hybrid,Regular,5.74,6.73,6.02,Hybrid: Arbitrage,INF277KA1299,149351,5.54,6.48,5.77,,,1.77,2.18,0.52,6.61,6.79,0.46,GOI/Cash,0.46,165,,24.59,,359,17.09,2.51,2,2,3,0,1,3,3,3,2.5,,2,,2,1.5,2,27,4,Low Risk,Good,50,https://www.valueresearchonline.com/funds/6037/
HDFC Arbitrage Retail,hybrid,Hybrid,Regular,,,,,INF209K01264,112088,,,,,,,,,,,,,,,,,,,,,,,,,,,,,,,,,,,,,,,,0,https://www.valueresearchonline.com/funds/6034/
HSBC Arbitrage Reg,hybrid,Hybrid,Regular,5.75,6.58,5.86,Hybrid: Arbitrage,INF917K01QL8,151134,5.54,6.48,5.77,,,1.32,1.58,0.54,6.4,6.9,0.49,GOI/Cash,0.49,104,,32.64,,218,16.3,2.12,2,2,3,0,1,3,3,3,2.5,,1,,2,2,2,26.5,3,Moderate Risk,Average,35,https://www.valueresearchonline.com/funds/27296/
Helios Arbitrage Reg,hybrid,Hybrid,Regular,,,,Hybrid: Arbitrage,INF0GCD01537,151322,,,,,,,,,,,,GOI/Cash,,25,,27.24,,55,15.87,2.09,,,,,,,3,,0,,2,,2,2,1,10,,High Risk,Poor,30,https://www.valueresearchonline.com/funds/45889/
ICICI Pru Equity Arbitrage,hybrid,Hybrid,Regular,5.78,6.74,6.07,Hybrid: Arbitrage,INF955L01IY6,154684,5.54,6.48,5.77,,,1.64,2.04,0.53,6.56,5.86,0.38,GOI/Cash,0.38,171,,29.67,,368,15.72,2.52,2,2,3,0,0,3,3,3,2.5,,2,,2,1.5,2,26,4,Moderate Risk,Good,50,https://www.valueresearchonline.com/funds/3902/
ITI Arbitrage Reg,hybrid,Hybrid,Regular,5.49,6.55,5.34,Hybrid: Arbitrage,INF00XX01416,147618,5.54,6.48,5.77,,,1.13,1.3,0.53,6.3,,,GOI/Cash,,32,,35.37,0,65,19.79,2.39,2,1,3,0,,,3,,1,,1,2.5,2,2,1,18.5,5,Moderately High Risk,Excellent,26,https://www.valueresearchonline.com/funds/40253/
Invesco India Arbitrage Reg,hybrid,Hybrid,Regular,5.82,6.76,6.27,Hybrid: Arbitrage,INF205K01122,105603,5.54,6.48,5.77,,,1.96,2.45,0.48,6.64,6.32,0.28,GOI/Cash,0.28,182,,28.81,,533,16.05,2.31,2,2,3,0,0,3,3,3,2.5,,2,,2,2,2,26.5,4,Moderate Risk,Good,46,https://www.valueresearchonline.com/funds/4840/
JM Arbitrage Reg,hybrid,Hybrid,Regular,5.34,6.25,5.61,Hybrid: Arbitrage,INF192K01510,103780,5.54,6.48,5.77,,,0.86,1.05,0.5,6.12,4.93,0.13,GOI/Cash,0.13,105,,22.32,,220,17.77,2.54,1,1,3,0,0,3,3,3,2.5,,2,,2,1.5,2,24,2,Moderate Risk,Poor,32,https://www.valueresearchonline.com/funds/3446/
Kotak Arbitrage Reg,hybrid,Hybrid,Regular,5.83,6.86,6.24,Hybrid: Arbitrage,INF174K01302,105968,5.54,6.48,5.77,,,1.9,2.37,0.54,6.72,6.87,0.43,GOI/Cash,0.46,182,,24.41,,469,17.23,2.72,2,2,3,0,1,3,3,3,2.5,,2,,2,1.5,2,27,5,Low Risk,Excellent,50,https://www.valueresearchonline.com/funds/2882/
LIC MF Arbitrage Reg,hybrid,Hybrid,Regular,5.63,6.41,5.73,Hybrid: Arbitrage,INF767K01PL9,145890,5.54,6.48,5.77,,,1.29,1.74,0.44,6.26,,,GOI/Cash,,37,,56.53,0,76,19.86,2.25,2,2,3,0,,,3,,1,,0,2.5,2,2,1,18.5,3,Moderately High Risk,Average,27,https://www.valueresearchonline.com/funds/38699/
Mahindra Manulife Arbitrage Reg,hybrid,Hybrid,Regular,5.19,5.6,4.9,Hybrid: Arbitrage,INF174V01978,148467,5.54,6.48,5.77,,,-0.37,-0.42,0.44,5.53,5.26,0.01,GOI/Cash,0.01,28,,38.45,0.02,58,19.27,2.31,0,0,3,0,0,3,3,3,0,,1,2.5,2,2,1,20.5,1,Moderate Risk,Poor,27,https://www.valueresearchonline.com/funds/41082/
Mirae Asset Arbitrage Reg,hybrid,Hybrid,Regular,5.64,6.57,5.88,Hybrid: Arbitrage,INF769K01FP7,148400,5.54,6.48,5.77,,,1.59,2.04,0.52,6.52,5.49,0.18,GOI/Cash,0.18,181,,18.1,,364,20.66,3.21,2,2,3,0,0,3,3,3,2.5,,2.5,,1.5,1.5,2,26,3,Moderate Risk,Average,27,https://www.valueresearchonline.com/funds/41012/
Motilal Oswal Arbitrage Reg,hybrid,Hybrid,Regular,5.68,,,Hybrid: Arbitrage,INF247L01EG4,153188,5.54,,,,,,,,,6.8,0.22,GOI/Cash,0.22,106,,24.18,,239,25.34,3.29,,,,,1,3,3,3,2.5,,2,,1.5,1.5,2,19.5,4,Moderately High Risk,Good,49,https://www.valueresearchonline.com/funds/44837/
NJ Arbitrage Reg,hybrid,Hybrid,Regular,5.17,6.05,,Hybrid: Arbitrage,INF0J8L01057,150366,5.54,6.48,,,,0.17,0.17,0.65,5.8,5.3,0.19,GOI/Cash,0.2,66,,30.08,,157,16.3,2.53,1,1,3,0,0,3,3,3,2,,1,,2,1.5,2,22.5,3,Moderate Risk,Average,37,https://www.valueresearchonline.com/funds/42434/
Nippon India Arbitrage Reg,hybrid,Hybrid,Regular,5.73,6.6,5.96,Hybrid: Arbitrage,INF955L01IY6,154684,5.54,6.48,5.77,,,1.46,1.88,0.51,6.44,,,GOI/Cash,,163,,34.98,,401,18.86,2.52,2,2,3,0,,,3,,2.5,,1,,2,1.5,2,19,3,Moderately High Risk,Average,42,https://www.valueresearchonline.com/funds/11625/
Old Bridge Arbitrage Reg,hybrid,Hybrid,Regular,,,,Hybrid: Arbitrage,INF0S5R01091,153977,,,,,,,,,,,,GOI/Cash,,81,,27.32,,193,19.81,2.37,,,,,,,3,,2.5,,2,,2,2,2,13.5,,Moderately High Risk,Average,28,https://www.valueresearchonline.com/funds/45601/
PGIM India Arbitrage Reg,hybrid,Hybrid,Regular,5.48,6.32,5.64,Hybrid: Arbitrage,INF223J019N4,,5.54,6.48,5.77,,,0.96,1.34,0.51,6.18,,,GOI/Cash,,20,,45,,45,15.6,2.45,1,1,3,0,,,3,,0,,0,,2,2,1,13,3,Moderately High Risk,Average,25,https://www.valueresearchonline.com/funds/27870/
Parag Parikh Arbitrage Reg,hybrid,Hybrid,Regular,5.73,,,Hybrid: Arbitrage,INF879O01217,152110,5.54,,,,,,,,,6.57,0.31,GOI/Cash,0.31,72,,32.43,,159,16.84,2.15,,,,,1,3,3,3,2,,1,,2,2,2,19,3,Moderately High Risk,Average,36,https://www.valueresearchonline.com/funds/43815/
Quant Arbitrage Reg,hybrid,Hybrid,Regular,6.69,,,Hybrid: Arbitrage,INF966L01DZ1,153428,5.54,,,,,,,,,,,GOI/Cash,,68,,19.86,,148,18.56,2.46,,,,,,,3,,2,,2.5,,2,2,1.5,13,,Moderately High Risk,Average,37,https://www.valueresearchonline.com/funds/45073/
SBI Arbitrage Opportunities Reg,hybrid,Hybrid,Regular,5.7,6.73,6.25,Hybrid: Arbitrage,INF955L01IY6,154684,5.54,6.48,5.77,,,1.78,2.18,0.49,6.57,,0.58,GOI/Cash,0.62,180,,26.79,,498,16.91,2.56,2,2,3,0,,3,3,3,2.5,,2,,2,1.5,2,26,5,Moderate Risk,Excellent,42,https://www.valueresearchonline.com/funds/3687/
Samco Arbitrage Reg,hybrid,Hybrid,Regular,3.38,,,Hybrid: Arbitrage,INF0K1H01222,153091,5.54,,,,,,,,,,,Cash,,17,,41.07,,34,19.54,3.56,,,,,,,0,,0,,0,,2,1,1,4,1,High Risk,Poor,17,https://www.valueresearchonline.com/funds/44722/
Sundaram Arbitrage Reg,hybrid,Hybrid,Regular,5.66,6.44,5.61,Hybrid: Arbitrage,INF903J016H9,134356,5.54,6.48,5.77,,,1.15,1.25,0.47,6.24,5.8,0.47,GOI/Cash,0.48,42,,39.49,,98,21.48,2.78,2,1,3,0,0,3,3,3,1,,1,,1.5,1.5,1.5,21.5,5,Moderate Risk,Excellent,33,https://www.valueresearchonline.com/funds/32285/
TRUSTMF Arbitrage Reg,hybrid,Hybrid,Regular,5.34,,,Hybrid: Arbitrage,INF0GCD01867,153805,5.54,,,,,,,,,,,GOI/Cash,,60,,37.62,,129,14.82,2.26,,,,,,,3,,2,,1,,2,2,1.5,11.5,,High Risk,Poor,26,https://www.valueresearchonline.com/funds/45454/
Tata Arbitrage Reg,hybrid,Hybrid,Regular,5.7,6.68,5.95,Hybrid: Arbitrage,INF277K015Q7,145723,5.54,6.48,5.77,,,1.63,2,0.5,6.51,6.83,0.42,GOI/Cash,0.42,146,,24.03,,331,16.36,2.39,2,2,3,0,1,3,3,3,2.5,,2,,2,2,2,27.5,4,Low Risk,Good,50,https://www.valueresearchonline.com/funds/38500/
The Wealth Company Arbtg Reg,hybrid,Hybrid,Regular,,,,Hybrid: Arbitrage,INF2F0001305,153892,,,,,,,,,,,,GOI/Cash,,42,,45.29,,85,16.75,2.28,,,,,,,3,,1,,0,,2,2,1.5,9.5,,High Risk,Poor,26,https://www.valueresearchonline.com/funds/45513/
UTI Arbitrage Reg,hybrid,Hybrid,Regular,5.77,6.8,6.06,Hybrid: Arbitrage,INF789FB1RJ0,104075,5.54,6.48,5.77,,,1.86,2.23,0.52,6.66,6.89,0.48,GOI/Cash,0.49,137,,30.7,,346,17.06,2.26,2,2,3,0,1,3,3,3,2.5,,1,,2,2,2,26.5,5,Moderate Risk,Excellent,44,https://www.valueresearchonline.com/funds/3464/
Union Arbitrage Reg,hybrid,Hybrid,Regular,5.69,6.6,5.83,Hybrid: Arbitrage,INF582M01EW9,146294,5.54,6.48,5.77,,,1.32,1.77,0.54,6.41,6.8,0.53,GOI/Cash,0.53,73,,30.92,,162,22.84,3.14,2,2,3,0,1,3,3,3,2,,1,,1.5,1.5,2,25,2,Moderate Risk,Poor,28,https://www.valueresearchonline.com/funds/38969/
WhiteOak Capital Arbitrage Reg,hybrid,Hybrid,Regular,6.06,,,Hybrid: Arbitrage,INF03VN01928,152850,5.54,,,,,,,,,6.27,0.29,GOI/Cash,0.29,138,,19.4,,311,16.13,2.97,,,,,0,3,3,3,2.5,,2.5,,2,1.5,2,19.5,5,Moderately High Risk,Excellent,50,https://www.valueresearchonline.com/funds/44528/
360 ONE Balanced Hybrid Reg,hybrid,Hybrid,Regular,5.09,,,Hybrid: Balanced Hybrid,INF579M01AV5,152075,2.65,,,,,,,,,7.33,2.51,AAA,3.01,49,,18.75,28.84,80,27.02,3.96,,,,,2,2,3,2,1,,2.5,2.5,1.5,1,1.5,19,,Moderately High Risk,Average,50,https://www.valueresearchonline.com/funds/43764/
Franklin India Retirement Reg,hybrid,Hybrid,Regular,0.68,7.3,6.61,Hybrid: Balanced Hybrid,INF955L01IY6,154684,2.65,8.9,7.93,,,0.31,0.4,5.98,7.52,7.6,2.04,AAA,2.59,45,,33.03,21.37,60,24.79,3.47,1,1,2,0,2,2,3,2,1,,1,2.5,1.5,1.5,1,21.5,,Moderate Risk,Average,40,https://www.valueresearchonline.com/funds/392/
UTI Children's Hybrid Reg,hybrid,Hybrid,Regular,0.64,6.68,6.53,Hybrid: Balanced Hybrid,INF955L01IY6,154684,2.65,8.9,7.93,,,0.2,0.25,6.84,7.05,7.03,4.41,AAA,7.08,73,,15.13,23.95,137,25.77,3.7,1,1,2,0,2,1,3,1,2,,2.5,2.5,1.5,1,1.5,22,,Moderate Risk,Average,50,https://www.valueresearchonline.com/funds/265/
UTI Retirement Reg,hybrid,Hybrid,Regular,2.83,8.6,8.67,Hybrid: Balanced Hybrid,INF277KA1299,149351,2.65,8.9,7.93,,,0.46,0.58,6.67,8.73,6.94,4.72,AAA,7.47,62,,18.84,22.29,128,18.79,2.66,1,1,2,1,1,1,3,1,2,,2.5,2.5,2,1.5,1.5,23,,Moderate Risk,Average,50,https://www.valueresearchonline.com/funds/281/
WhiteOak Capital Balanced Hybrid Reg,hybrid,Hybrid,Regular,3.97,,,Hybrid: Balanced Hybrid,INF03VN01811,152133,2.65,,,,,,,,,7.28,2.83,AAA,3.37,115,,20.16,33.63,146,25.97,3.65,,,,,2,2,3,2,2.5,,2,2,1.5,1,1.5,19.5,,Moderately High Risk,Average,50,https://www.valueresearchonline.com/funds/43826/
ABSL Conservative Hybrid Active FoF Reg*,hybrid,Hybrid,Regular,5.06,9.18,8.42,Hybrid: Conservative Hybrid,INF084M01044,132178,2.9,7.42,6.86,,,0.67,0.96,5.11,9.13,,,AAA,,,,,,8,24.72,3.32,1,1,2,1,,,3,,,,,,1.5,1.5,0,11,,High Risk,Poor,8,https://www.valueresearchonline.com/funds/12657/
ABSL Regular Savings Reg,hybrid,Hybrid,Regular,4.76,7.97,7.38,Hybrid: Conservative Hybrid,INF209K01LZ1,101317,2.9,7.42,6.86,,,0.6,0.78,3.68,7.91,7.97,3.6,AAA,5.8,,,,,129,26.48,3.4,1,1,2,0,2,1,3,1,,,,,1.5,1.5,1.5,15.5,4,Moderately High Risk,Good,50,https://www.valueresearchonline.com/funds/2234/
ABSL Retirement 50s Reg,hybrid,Hybrid,Regular,4.38,7.05,5.79,Hybrid: Conservative Hybrid,INF209KB1J14,146938,2.9,7.42,6.86,,,0.34,0.38,4.17,7.11,,,GOI/Cash,,,,,,45,25.21,3.39,1,1,2,0,,,3,,,,,,1.5,1.5,1,11,2,High Risk,Poor,31,https://www.valueresearchonline.com/funds/39187/
Axis Conservative Hybrid Reg,hybrid,Hybrid,Regular,2.12,5.67,4.81,Hybrid: Conservative Hybrid,INF846K01693,112924,2.9,7.42,6.86,,,0.01,0.01,4.23,5.72,6.97,3.51,AAA,4.54,,,,,51,21.89,3.14,1,1,2,0,1,1,3,2,,,,,1.5,1.5,1,15,2,Moderately High Risk,Poor,45,https://www.valueresearchonline.com/funds/11200/
Axis Retirement-Conservative Plan Reg,hybrid,Hybrid,Regular,0.74,6.87,5.09,Hybrid: Conservative Hybrid,INF846K01T85,147832,2.9,7.42,6.86,,,0.21,0.27,6.82,7.15,7.06,8.31,GOI/Cash,16.3,,,,,33,22.53,3.26,1,1,2,0,2,0,3,0,,,,,1.5,1.5,1,13,1,Moderately High Risk,Poor,29,https://www.valueresearchonline.com/funds/40435/
Bandhan Conservative Hybrid Passive FoF Reg,hybrid,Hybrid,Regular,4,7.47,6.29,Hybrid: Conservative Hybrid,INF194K01987,112327,2.9,7.42,6.86,,,0.47,0.54,3.81,7.49,,,GOI/Cash,,,,,,3,29.44,3.79,1,1,2,0,,,3,,,,,,1,1,0,9,3,High Risk,Average,3,https://www.valueresearchonline.com/funds/10844/
Bandhan Conservative Hybrid Reg,hybrid,Hybrid,Regular,3.37,6.51,4.93,Hybrid: Conservative Hybrid,INF194K01RW9,112353,2.9,7.42,6.86,,,0.2,0.26,4.41,6.59,7.24,2.49,AAA,4.27,,,,,24,23.21,3.86,1,1,2,0,2,2,3,2,,,,,1.5,1,0,15.5,2,Moderately High Risk,Poor,25,https://www.valueresearchonline.com/funds/10841/
Bank of India Conservative Hybrid Eco,hybrid,Hybrid,Regular,3.73,6.37,9.31,Hybrid: Conservative Hybrid,INF761K01462,111712,2.9,7.42,6.86,,,0.18,0.28,4.15,6.46,6.57,1.66,AAA,1.91,,,,,38,18.81,2.9,1,1,2,0,1,2,3,3,,,,,2,1.5,1,17.5,,Moderately High Risk,Average,39,https://www.valueresearchonline.com/funds/10202/
Bank of India Conservative Hybrid Reg,hybrid,Hybrid,Regular,3.38,5.96,9.01,Hybrid: Conservative Hybrid,INF761K01462,111712,2.9,7.42,6.86,,,0.09,0.14,4.15,6.08,6.57,1.66,AAA,1.91,,,,,38,18.81,2.9,1,1,2,0,1,2,3,3,,,,,2,1.5,1,17.5,4,Moderately High Risk,Good,39,https://www.valueresearchonline.com/funds/10198/
Baroda BNP Paribas Conservative Hybrid Reg,hybrid,Hybrid,Regular,4.43,7.16,6.01,Hybrid: Conservative Hybrid,INF251K01845,150203,2.9,7.42,6.86,,,0.37,0.46,4.11,7.22,7.19,2.18,AAA,3.46,,,,,105,26.92,3.64,1,1,2,0,2,2,3,2,,,,,1.5,1,1.5,17,3,Moderately High Risk,Average,50,https://www.valueresearchonline.com/funds/2345/
Canara Robeco Conservative Hybrid Reg,hybrid,Hybrid,Regular,2.56,6.88,5.92,Hybrid: Conservative Hybrid,INF760K01282,100601,2.9,7.42,6.86,,,0.29,0.41,4.34,6.94,6.81,1.76,AAA,2.93,,,,,78,30.65,4.38,1,1,2,0,1,2,3,2,,,,,1,1,1,15,3,Moderately High Risk,Average,50,https://www.valueresearchonline.com/funds/976/
DSP Regular Savings Reg,hybrid,Hybrid,Regular,3.99,8.21,6.82,Hybrid: Conservative Hybrid,INF740K01714,100087,2.9,7.42,6.86,,,0.62,0.9,3.91,8.13,5.34,2.18,AAA,3.19,,,,,47,19.41,2.7,1,1,2,1,0,2,3,2,,,,,2,1.5,1,16.5,4,Moderately High Risk,Good,41,https://www.valueresearchonline.com/funds/2227/
Franklin India Conservative Hybrid Reg,hybrid,Hybrid,Regular,2.53,7.34,6.57,Hybrid: Conservative Hybrid,INF955L01IY6,154684,2.9,7.42,6.86,,,0.39,0.47,4.27,7.36,7.31,2.21,AAA,3,,,,,59,24.65,3.42,1,1,2,0,2,2,3,2,,,,,1.5,1.5,1,17,3,Moderately High Risk,Average,41,https://www.valueresearchonline.com/funds/860/
HDFC Hybrid Debt Reg,hybrid,Hybrid,Regular,2.7,7.12,7.5,Hybrid: Conservative Hybrid,INF209K01LV0,108273,2.9,7.42,6.86,,,0.32,0.44,4.63,7.17,7.54,6.06,AAA,12.13,,,,,108,15.4,2.21,1,1,2,0,2,0,3,0,,,,,2,2,1.5,14.5,3,Moderately High Risk,Average,50,https://www.valueresearchonline.com/funds/1930/
HDFC Retirement Savings Hybrid Debt Reg,hybrid,Hybrid,Regular,1.16,5.8,6.03,Hybrid: Conservative Hybrid,INF903J016H9,134356,2.9,7.42,6.86,,,0.04,0.05,4.32,5.87,6.77,5.16,GOI/Cash,8.09,,,,,49,21.59,2.89,1,1,2,0,1,0,3,0,,,,,1.5,1.5,1,12,2,High Risk,Poor,34,https://www.valueresearchonline.com/funds/31783/
HSBC Conservative Hybrid Reg,hybrid,Hybrid,Regular,2.61,8.34,6.77,Hybrid: Conservative Hybrid,INF336L01099,102262,2.9,7.42,6.86,,,0.5,0.67,5.4,8.37,7.06,4.97,AAA,7.54,,,,,40,26.09,3.73,1,1,2,1,2,1,3,1,,,,,1.5,1,1,15.5,3,Moderately High Risk,Average,41,https://www.valueresearchonline.com/funds/2077/
ICICI Pru Regular Savings Reg,hybrid,Hybrid,Regular,3.67,8.36,7.85,Hybrid: Conservative Hybrid,INF109K01902,102330,2.9,7.42,6.86,,,0.72,0.94,3.5,8.21,8.09,3.07,AAA,5.53,,,,,137,22.24,3.08,1,1,2,1,3,1,3,1,,,,,1.5,1.5,1.5,17.5,5,Moderately High Risk,Excellent,50,https://www.valueresearchonline.com/funds/2100/
ICICI Pru Retirement Hybrid Conservative,hybrid,Hybrid,Regular,5.37,8.97,7.67,Hybrid: Conservative Hybrid,INF767K01535,105823,2.9,7.42,6.86,,,0.75,0.91,4.43,9.02,7.03,4.59,AAA,8.96,,,,,37,27.74,4.25,1,1,2,1,2,1,3,0,,,,,1.5,1,1,14.5,4,Moderately High Risk,Good,37,https://www.valueresearchonline.com/funds/39061/
Kotak Debt Hybrid Reg,hybrid,Hybrid,Regular,3.12,7.63,7.41,Hybrid: Conservative Hybrid,INF209K01LV0,108273,2.9,7.42,6.86,,,0.38,0.49,5.35,7.73,7.43,4.93,AAA,9.81,,,,,127,21.47,3.15,1,1,2,0,2,1,3,0,,,,,1.5,1.5,1.5,14.5,3,Moderately High Risk,Average,50,https://www.valueresearchonline.com/funds/1901/
LIC MF Conservative Hybrid Reg,hybrid,Hybrid,Regular,4.43,5.86,4.76,Hybrid: Conservative Hybrid,INF767K01808,101869,2.9,7.42,6.86,,,0.08,0.1,3.95,6,6.58,3.6,AAA,4.15,,,,,32,36.24,5.05,1,1,2,0,1,1,3,2,,,,,0,0,1,12,1,High Risk,Poor,33,https://www.valueresearchonline.com/funds/552/
Nippon India Conservative Hybrid Reg,hybrid,Hybrid,Regular,6.88,8.06,7.56,Hybrid: Conservative Hybrid,INF761K01462,111712,2.9,7.42,6.86,,,0.94,1.1,2.29,7.84,9.07,2,AA,2.28,,,,,89,19.97,2.93,1,1,3,0,3,2,2,2,,,,,2,1.5,1.5,19,5,Moderately High Risk,Excellent,50,https://www.valueresearchonline.com/funds/1990/
Nippon India Conservative Hybrid Seg Port 2 Reg,hybrid,Hybrid,Regular,,,,,INF955L01IY6,154684,,,,,,,,,,,,,,,,,,,,,,,,,,,,,,,,,,,,,,,,0,https://www.valueresearchonline.com/funds/40870/
Nippon India Conservative Hybrid Seg Port1 Reg,hybrid,Hybrid,Regular,,,,,INF767K01535,105823,,,,,,,,,,8.83,2,B,2.26,,,,,1,,,,,,,3,2,0,2,,,,,,,0,7,,High Risk,Poor,1,https://www.valueresearchonline.com/funds/40701/
Nippon India Retirement Incm Generation Reg,hybrid,Hybrid,Regular,1.45,5.89,5.44,Hybrid: Conservative Hybrid,INF955L01IY6,154684,2.9,7.42,6.86,,,0.07,0.09,5.22,6.04,7.13,9.03,GOI/Cash,16.17,,,,,28,20.2,2.82,1,1,2,0,2,0,3,0,,,,,1.5,1.5,0,12,1,High Risk,Poor,28,https://www.valueresearchonline.com/funds/29295/
Parag Parikh Conservative Hybrid Reg,hybrid,Hybrid,Regular,5.62,9.54,9.25,Hybrid: Conservative Hybrid,INF879O01209,148959,2.9,7.42,6.86,,,1.08,1.69,3.68,9.65,7.2,3.82,AAA,4.59,,,,,88,11.94,2.39,2,2,2,1,2,1,3,2,,,,,2,2,1.5,20.5,5,Moderate Risk,Excellent,36,https://www.valueresearchonline.com/funds/41482/
SBI Children's Savings Plan Reg,hybrid,Hybrid,Regular,9.58,11.36,10.43,Hybrid: Conservative Hybrid,INF200K01776,101169,2.9,7.42,6.86,,,1.04,1.58,5.02,10.9,7.28,4.62,AAA,6.42,,,,,44,33.92,3.76,2,2,2,1,2,1,3,1,,,,,1,1,1,17,5,Moderately High Risk,Excellent,44,https://www.valueresearchonline.com/funds/1229/
SBI Conservative Hybrid Reg,hybrid,Hybrid,Regular,5.63,8.12,8.23,Hybrid: Conservative Hybrid,INF200K01859,100968,2.9,7.42,6.86,,,0.58,0.76,4.05,8.03,7.86,2.98,AAA,3.75,,,,,108,28.05,2.71,1,1,2,1,2,2,3,2,,,,,1,1.5,1.5,18,4,Moderately High Risk,Good,50,https://www.valueresearchonline.com/funds/960/
SBI Retirement Benefit Conservative Hybrid Reg,hybrid,Hybrid,Regular,3.47,6.9,7.56,Hybrid: Conservative Hybrid,INF200KA1T54,148692,2.9,7.42,6.86,,,0.21,0.25,6.92,7.16,7,4.42,AAA,5.43,,,,,69,30.15,4.08,1,1,2,0,2,1,3,1,,,,,1,1,1,14,3,Moderately High Risk,Average,38,https://www.valueresearchonline.com/funds/41277/
SBI Retirement Benefit Conservative Reg,hybrid,Hybrid,Regular,3.4,6.37,6.62,Hybrid: Conservative Hybrid,INF200KA1T13,148696,2.9,7.42,6.86,,,0.15,0.18,4.82,6.41,7.12,4.5,AAA,5.07,,,,,66,30.24,4.09,1,1,2,0,2,1,3,1,,,,,1,1,1,14,3,Moderately High Risk,Average,36,https://www.valueresearchonline.com/funds/41281/
Sundaram Conservative Hybrid Reg,hybrid,Hybrid,Regular,0.44,4.75,5.88,Hybrid: Conservative Hybrid,INF903J016H9,134356,2.9,7.42,6.86,,,-0.22,-0.3,4.16,4.79,5.7,1.35,GOI/Cash,1.58,,,,,24,22.15,3.2,0,0,2,0,0,2,3,3,,,,,1.5,1.5,0,13,2,Moderately High Risk,Poor,25,https://www.valueresearchonline.com/funds/10863/
Tata Retirement Savings Conservative Reg,hybrid,Hybrid,Regular,4.45,6.97,5.72,Hybrid: Conservative Hybrid,INF277K01FI6,115944,2.9,7.42,6.86,,,0.27,0.35,5.38,7.14,6.91,4.82,AAA,8.72,,,,,59,31.03,4.86,1,1,2,0,1,1,3,0,,,,,1,1,1,12,2,High Risk,Poor,33,https://www.valueresearchonline.com/funds/13415/
UTI Cons Hybrid Seg Port Reg,hybrid,Hybrid,Regular,,,,,INF955L01IY6,154684,,,,,,,,,,,,B,0.07,,,,,1,,,,,,,,,0,3,,,,,,,0,3,,High Risk,Poor,1,https://www.valueresearchonline.com/funds/40725/
UTI Conservative Hybrid Reg,hybrid,Hybrid,Regular,2.33,7.37,7.21,Hybrid: Conservative Hybrid,INF789F01893,102535,2.9,7.42,6.86,,,0.36,0.45,4.83,7.43,7.57,5.08,AAA,9.28,,,,,114,21.31,2.76,1,1,2,0,2,0,3,0,,,,,1.5,1.5,1.5,13.5,3,Moderately High Risk,Average,50,https://www.valueresearchonline.com/funds/1993/
ABSL Balanced Advantage Reg,hybrid,Hybrid,Regular,7.52,11.19,9.4,Hybrid: Dynamic Asset Allocation,INF084M01AB8,131666,2.69,8.74,8.17,,,0.65,0.85,8.66,11.37,7.71,2.84,AAA,3.94,111,,14.3,39.19,190,25.89,3.63,1,1,1,1,2,2,3,2,2.5,,2.5,2,1.5,1,2,24.5,4,Moderate Risk,Good,50,https://www.valueresearchonline.com/funds/797/
ABSL Dynamic Asset Allocation Omni FoF Reg,hybrid,Hybrid,Regular,6.45,12.51,11.09,Hybrid: Dynamic Asset Allocation,INF084M01101,132180,2.69,8.74,8.17,,,0.66,0.85,11.11,13.03,,,AAA,,,,,,10,,,1,1,0,2,,,3,,,,,,,,0,7,,High Risk,Poor,10,https://www.valueresearchonline.com/funds/12661/
Axis Balanced Advantage Reg,hybrid,Hybrid,Regular,3.27,10.94,8.44,Hybrid: Dynamic Asset Allocation,INF846K01A52,141644,2.69,8.74,8.17,,,0.65,0.85,8.57,11.24,7.27,2.53,AAA,3.06,111,,22.51,36.38,223,24.14,3.38,1,1,1,1,2,2,3,2,2.5,,2,2,1.5,1.5,2,24.5,4,Moderate Risk,Good,50,https://www.valueresearchonline.com/funds/34465/
Axis Retirement-Dynamic Plan Reg,hybrid,Hybrid,Regular,1.13,11.37,7.19,Hybrid: Dynamic Asset Allocation,INF846K01T44,147828,2.69,8.74,8.17,,,0.49,0.59,13.41,12.22,6.5,6.06,GOI/Cash,13.9,92,,24.09,45.24,96,26.9,3.72,1,1,0,2,1,0,3,0,2.5,,2,1,1.5,1,1.5,17.5,2,Moderately High Risk,Poor,29,https://www.valueresearchonline.com/funds/40431/
Bajaj Finserv Balanced Advantage Reg,hybrid,Hybrid,Regular,5.01,,,Hybrid: Dynamic Asset Allocation,INF0QA701680,152196,2.69,,,,,,,,,6.72,1.87,AAA,3.81,61,,26.43,46.14,81,21.93,3.52,,,,,1,2,3,2,2,,2,1,1.5,1,1.5,17,,Moderately High Risk,Average,32,https://www.valueresearchonline.com/funds/43875/
Bandhan Balanced Advantage Reg,hybrid,Hybrid,Regular,5.3,9.09,6.98,Hybrid: Dynamic Asset Allocation,INF194KA1UE8,131357,2.69,8.74,8.17,,,0.43,0.51,8.22,9.24,6.96,2.76,AAA,5.47,108,,19.63,31.85,163,25.36,3.22,1,1,1,1,1,2,3,1,2.5,,2.5,2,1.5,1.5,2,23,3,Moderate Risk,Average,50,https://www.valueresearchonline.com/funds/28340/
Bank of India Balanced Advantage Reg,hybrid,Hybrid,Regular,5.69,8.62,9.62,Hybrid: Dynamic Asset Allocation,INF761K01BR9,127849,2.69,8.74,8.17,,,0.39,0.61,9.53,9.37,5.9,0.97,AAA,1.07,56,,26.35,36.71,71,21.39,3.07,1,1,1,1,0,3,3,3,2,,2,2,1.5,1.5,1,23,3,Moderate Risk,Average,39,https://www.valueresearchonline.com/funds/24754/
Baroda BNP Paribas Balanced Advantage Reg,hybrid,Hybrid,Regular,7.97,11.49,10.2,Hybrid: Dynamic Asset Allocation,INF955L01HC4,145387,2.69,8.74,8.17,,,0.58,0.69,11.51,12.37,6.91,2.1,AAA,3.6,59,,13.59,48.63,107,28.41,3.66,1,1,0,2,1,2,3,2,2,,2.5,1,1,1,1.5,21,4,Moderate Risk,Good,50,https://www.valueresearchonline.com/funds/38111/
Canara Robeco Balanced Advantage Reg,hybrid,Hybrid,Regular,0.78,,,Hybrid: Dynamic Asset Allocation,INF760K01LA6,152690,2.69,,,,,,,,,6.69,2.32,AAA,2.91,61,,21.72,44.74,82,21.23,3.11,,,,,1,2,3,2,2,,2,2,1.5,1.5,1.5,18.5,,Moderately High Risk,Average,36,https://www.valueresearchonline.com/funds/44368/
DSP Dynamic Asset Allocation Reg,hybrid,Hybrid,Regular,4.58,9.63,7.65,Hybrid: Dynamic Asset Allocation,INF740K01K57,126394,2.69,8.74,8.17,,,0.64,0.94,6.49,9.84,2.17,0.95,AAA,1.34,53,,21.23,37.85,95,21.31,2.87,1,1,2,1,0,3,3,3,2,,2,2,1.5,1.5,1.5,24.5,3,Moderate Risk,Average,50,https://www.valueresearchonline.com/funds/23436/
Edelweiss Balanced Advantage Reg,hybrid,Hybrid,Regular,5.97,9.93,8.4,Hybrid: Dynamic Asset Allocation,INF754K01285,112117,2.69,8.74,8.17,,,0.53,0.66,9.12,10.57,6.5,0.99,AAA,1.07,105,,17.67,48.27,136,22.72,3.58,1,1,1,1,1,3,3,3,2.5,,2.5,1,1.5,1,1.5,24,3,Moderate Risk,Average,50,https://www.valueresearchonline.com/funds/10607/
Franklin India Balanced Advantage Reg,hybrid,Hybrid,Regular,1.49,8.8,,Hybrid: Dynamic Asset Allocation,INF955L01IY6,154684,2.69,8.74,,,,0.45,0.55,7.95,9.23,7.55,2.87,AAA,3.63,52,,20.2,36.16,93,25.3,3.52,1,1,1,1,2,2,3,2,2,,2,2,1.5,1,1.5,23,3,Moderate Risk,Average,50,https://www.valueresearchonline.com/funds/42453/
Franklin India Dynamic Asset Allocation Active FoF Reg,hybrid,Hybrid,Regular,1.77,8.29,9.98,Hybrid: Dynamic Asset Allocation,INF767K01535,105823,2.69,8.74,8.17,,,0.49,0.61,7.66,9.45,,,AAA,,,,,,4,,,1,1,1,1,,,3,,,,,,,,0,7,5,High Risk,Excellent,4,https://www.valueresearchonline.com/funds/1915/
HDFC Balanced Advantage Reg,hybrid,Hybrid,Regular,2.05,11.63,14.33,Hybrid: Dynamic Asset Allocation,INF917K01KY4,151127,2.69,8.74,8.17,,,0.62,0.85,10.57,12.26,7.34,4.81,AAA,7.77,161,,19.89,43.2,328,18.56,2.67,1,1,0,2,2,1,3,1,2.5,,2.5,2,2,1.5,2,23.5,5,Moderate Risk,Excellent,50,https://www.valueresearchonline.com/funds/842/
HSBC Balanced Advantage Reg,hybrid,Hybrid,Regular,2.01,8.53,7.48,Hybrid: Dynamic Asset Allocation,INF917K01KY4,151127,2.69,8.74,8.17,,,0.42,0.55,7.79,8.96,6.99,2.94,AAA,3.72,57,,22.36,35.69,85,24.96,3.11,1,1,1,1,1,2,3,2,2,,2,2,1.5,1.5,1.5,22.5,3,Moderate Risk,Average,40,https://www.valueresearchonline.com/funds/12058/
Helios Balanced Advantage Reg,hybrid,Hybrid,Regular,3.6,,,Hybrid: Dynamic Asset Allocation,INF0R8701111,152512,2.69,,,,,,,,,,,GOI/Cash,,50,,21.17,50.27,74,18.51,3.08,,,,,,,3,,2,,2,1,2,1.5,1,12.5,,High Risk,Poor,31,https://www.valueresearchonline.com/funds/44206/
ICICI Pru Balanced Advantage,hybrid,Hybrid,Regular,5.8,11.21,10.47,Hybrid: Dynamic Asset Allocation,INF955L01IY6,154684,2.69,8.74,8.17,,,0.79,0.9,7.59,11.67,7.17,3.41,AAA,6.59,105,,18.84,42.6,237,28.11,4.11,1,1,1,1,2,1,3,1,2.5,,2.5,2,1,1,2,22,5,Moderate Risk,Excellent,50,https://www.valueresearchonline.com/funds/3906/
ICICI Pru Dynamic Asset Allocation Active FoF*,hybrid,Hybrid,Regular,3.65,10.34,10.22,Hybrid: Dynamic Asset Allocation,INF769K01FV5,148416,2.69,8.74,8.17,,,0.67,0.81,7.24,10.57,7.44,3.99,AAA,7.94,,,,,29,,,1,1,1,1,2,1,3,1,,,,,,,0,11,,High Risk,Poor,29,https://www.valueresearchonline.com/funds/1934/
ITI Balanced Advantage Reg,hybrid,Hybrid,Regular,0.59,8.18,6.7,Hybrid: Dynamic Asset Allocation,INF00XX01655,147787,2.69,8.74,8.17,,,0.38,0.48,8.08,8.77,5.44,0.27,AAA,0.28,50,,19.34,48.43,62,25.9,3.2,1,1,1,1,0,3,3,3,2,,2.5,1,1.5,1.5,1,22.5,2,Moderate Risk,Poor,35,https://www.valueresearchonline.com/funds/40423/
Invesco India Balanced Advantage Reg,hybrid,Hybrid,Regular,-1.97,8.27,7.28,Hybrid: Dynamic Asset Allocation,INF205K01213,106317,2.69,8.74,8.17,,,0.34,0.43,9.13,8.77,6.7,1.52,AAA,1.79,38,,33.74,38.71,53,25.4,3.19,1,1,1,1,1,2,3,3,1,,1,2,1.5,1.5,1,21,3,Moderate Risk,Average,34,https://www.valueresearchonline.com/funds/5566/
Kotak Balanced Advantage Reg,hybrid,Hybrid,Regular,3.79,8.98,8.11,Hybrid: Dynamic Asset Allocation,INF174KA1186,144333,2.69,8.74,8.17,,,0.42,0.48,8.92,9.42,7.2,5,AAA,12.05,142,,21.23,36.05,264,22.71,3.32,1,1,1,1,2,1,3,0,2.5,,2,2,1.5,1.5,2,21.5,3,Moderate Risk,Average,50,https://www.valueresearchonline.com/funds/37074/
LIC MF Balanced Advantage Reg,hybrid,Hybrid,Regular,3.31,7.53,,Hybrid: Dynamic Asset Allocation,INF767K01QV6,149259,2.69,8.74,,,,0.3,0.38,9.03,8.37,7.08,5.01,AAA,9.28,47,,23.82,51.51,57,35.13,4.99,1,1,1,1,2,0,3,0,1,,2,1,0,1,1,15,2,Moderately High Risk,Poor,32,https://www.valueresearchonline.com/funds/41808/
Mahindra Manulife Balanced Advantage Reg,hybrid,Hybrid,Regular,4.8,9.7,,Hybrid: Dynamic Asset Allocation,INF174V01BB6,149404,2.69,8.74,,,,0.47,0.6,10.08,10.38,7.26,2.82,AAA,4.54,59,,14.4,41.16,82,26.23,3.28,1,1,0,1,2,2,3,2,2,,2.5,2,1.5,1.5,1.5,23,3,Moderate Risk,Average,48,https://www.valueresearchonline.com/funds/41919/
Mirae Asset Balanced Advantage Reg,hybrid,Hybrid,Regular,4.86,9.16,,Hybrid: Dynamic Asset Allocation,INF769K01IK2,150473,2.69,8.74,,,,0.48,0.59,8.05,9.52,6.71,3.11,AAA,3.98,103,,17.79,32.71,162,22.09,3.24,1,1,1,1,1,1,3,2,2.5,,2.5,2,1.5,1.5,2,23,3,Moderate Risk,Average,47,https://www.valueresearchonline.com/funds/42306/
Motilal Oswal Balanced Advantage Reg,hybrid,Hybrid,Regular,-3.45,1.52,4.5,Hybrid: Dynamic Asset Allocation,INF955L01IY6,154684,2.69,8.74,8.17,,,-0.14,-0.19,14.75,3.57,7.05,1.34,AAA,1.42,24,,21.45,41.11,29,48.12,4.73,0,0,0,0,2,2,3,3,0,,2,2,0,1,0,15,1,Moderately High Risk,Poor,29,https://www.valueresearchonline.com/funds/32930/
NJ Balanced Advantage Reg,hybrid,Hybrid,Regular,-1.95,7.46,,Hybrid: Dynamic Asset Allocation,INF0J8L01024,149266,2.69,8.74,,,,0.28,0.39,9.59,8.42,5.91,0.08,GOI/Cash,0.08,121,,20.13,41.21,256,24.47,3.72,1,1,1,1,0,3,3,3,2.5,,2,2,1.5,1,2,24,2,Moderate Risk,Poor,49,https://www.valueresearchonline.com/funds/41746/
Nippon India Balanced Advantage Reg,hybrid,Hybrid,Regular,4.24,10.07,8.68,Hybrid: Dynamic Asset Allocation,INF955L01IY6,154684,2.69,8.74,8.17,,,0.57,0.69,8.41,10.47,7.66,3.19,AAA,4.6,77,,19.91,38.18,195,24.62,3.45,1,1,1,1,2,1,3,2,2,,2.5,2,1.5,1.5,2,23.5,4,Moderate Risk,Good,50,https://www.valueresearchonline.com/funds/2510/
PGIM India Balanced Advantage Reg,hybrid,Hybrid,Regular,-1.7,5.98,5.96,Hybrid: Dynamic Asset Allocation,INF663L01V72,148657,2.69,8.74,8.17,,,0.11,0.16,9.93,6.79,6.96,,AAA,3.93,68,,20.55,41.83,98,24.66,3.62,1,1,1,0,1,,3,2,2,,2,2,1.5,1,1.5,19,2,Moderately High Risk,Poor,50,https://www.valueresearchonline.com/funds/41261/
Parag Parikh Dynamic Asset Allocation Reg,hybrid,Hybrid,Regular,3.83,,,Hybrid: Dynamic Asset Allocation,INF879O01233,152464,2.69,,,,,,,,,7.18,3.66,AAA,4.39,31,,22.04,11.58,111,15.35,2.46,,,,,2,1,3,2,1,,2,2.5,2,2,1.5,19,,Moderately High Risk,Average,50,https://www.valueresearchonline.com/funds/44167/
Quant Dynamic Asset Allocation Reg,hybrid,Hybrid,Regular,0.51,12.93,,Hybrid: Dynamic Asset Allocation,INF966L01BO9,151714,2.69,8.74,,,,0.5,0.83,16.41,13.89,,,GOI/Cash,,11,,45.7,37.66,24,31.37,3.64,1,1,0,2,,,3,,0,,0,2,1,1,0,11,3,High Risk,Average,23,https://www.valueresearchonline.com/funds/43469/
SBI Balanced Advantage Reg,hybrid,Hybrid,Regular,3.94,9.38,,Hybrid: Dynamic Asset Allocation,INF200KA1Y40,149132,2.69,8.74,,,,0.51,0.63,7.84,9.73,7.27,2.84,AAA,3.92,82,,17.05,35.68,168,14.65,2.3,1,1,1,1,2,2,3,2,2.5,,2.5,2,2,2,2,26,4,Moderate Risk,Good,50,https://www.valueresearchonline.com/funds/41653/
SBI Dynamic Asset Allocation Active FoF Reg,hybrid,Hybrid,Regular,,,,Hybrid: Dynamic Asset Allocation,INF200KB1977,153831,,,,,,,,,,,,AAA,,,,,,13,,,,,,,,,3,,,,,,,,0,3,,High Risk,Poor,13,https://www.valueresearchonline.com/funds/45475/
Samco Dynamic Asset Allocation Reg,hybrid,Hybrid,Regular,-1.64,,,Hybrid: Dynamic Asset Allocation,INF0K1H01099,152187,2.69,,,,,,,,,5.29,0,GOI/Cash,0,107,,28.96,48.01,114,17.72,2.94,,,,,0,3,3,3,2.5,,2,1,2,1.5,1.5,19.5,,Moderately High Risk,Average,26,https://www.valueresearchonline.com/funds/43871/
Shriram Balanced Advantage Reg,hybrid,Hybrid,Regular,0.06,5.27,5.02,Hybrid: Dynamic Asset Allocation,INF680P01174,147405,2.69,8.74,8.17,,,0.06,0.07,10.82,6.31,6.38,1.53,AAA,1.72,68,,24.31,39.08,79,20.42,3.01,1,1,0,0,0,2,3,3,2,,2,2,1.5,1.5,1,20,1,Moderate Risk,Poor,29,https://www.valueresearchonline.com/funds/40001/
Sundaram Balanced Advantage Reg,hybrid,Hybrid,Regular,1.77,7.66,7.27,Hybrid: Dynamic Asset Allocation,INF903J016H9,134356,2.69,8.74,8.17,,,0.29,0.37,9.18,8.37,6.84,4.45,AAA,6.75,60,,25.21,40.37,92,29.45,3.81,1,1,1,1,1,1,3,1,2,,2,2,1,1,1.5,19.5,3,Moderately High Risk,Average,42,https://www.valueresearchonline.com/funds/11824/
Tata Balanced Advantage Reg,hybrid,Hybrid,Regular,3.01,7.79,7.82,Hybrid: Dynamic Asset Allocation,INF277K010S4,146007,2.69,8.74,8.17,,,0.31,0.37,8.36,8.26,7.63,4.09,AAA,7.45,57,,15.54,35.5,139,26.34,3.26,1,1,1,1,2,1,3,1,2,,2.5,2,1.5,1.5,1.5,22,3,Moderate Risk,Average,50,https://www.valueresearchonline.com/funds/38705/
The Wealth Company Balanced Advantage Reg,hybrid,Hybrid,Regular,,,,Hybrid: Dynamic Asset Allocation,INF2F0001446,154183,,,,,,,,,,,,AAA,,47,,22.88,49.66,54,31.28,4.56,,,,,,,3,,1,,2,1,1,1,1,10,,High Risk,Poor,32,https://www.valueresearchonline.com/funds/45769/
UTI Balanced Advantage Reg,hybrid,Hybrid,Regular,-0.12,7.65,,Hybrid: Dynamic Asset Allocation,INF789F1AYT7,151882,2.69,8.74,,,,0.29,0.35,8.62,8.17,6.74,1.52,AAA,1.71,61,,25.26,48.01,91,21.34,3.06,1,1,1,1,1,2,3,3,2,,2,1,1.5,1.5,1.5,22.5,2,Moderate Risk,Poor,50,https://www.valueresearchonline.com/funds/43664/
UTI Unit Linked Insurance Reg,hybrid,Hybrid,Regular,2.47,7.54,5.93,Hybrid: Dynamic Asset Allocation,INF955L01IY6,154684,2.69,8.74,8.17,,,0.32,0.43,6.77,7.84,7.25,4.8,AAA,7.5,61,,20.02,27.63,129,37.39,5.02,1,1,2,0,2,1,3,1,2,,2,2.5,0,0,1.5,19,2,Moderately High Risk,Poor,50,https://www.valueresearchonline.com/funds/222/
Unifi Dynamic Asset Allocation Reg,hybrid,Hybrid,Regular,7.92,,,Hybrid: Dynamic Asset Allocation,INF1MIY01023,153377,2.69,,,,,,,,,10.6,1.28,AAA,1.73,94,,24.53,12.92,217,18.42,2.55,,,,,3,2,3,3,2.5,,2,2.5,2,1.5,2,23.5,,Moderate Risk,Average,50,https://www.valueresearchonline.com/funds/45025/
Union Balanced Advantage Reg,hybrid,Hybrid,Regular,2.48,7.9,6.77,Hybrid: Dynamic Asset Allocation,INF582M01DI0,142035,2.69,8.74,8.17,,,0.3,0.35,8.81,8.36,6.68,2.66,AAA,3.35,76,,18.36,40.37,95,29.74,3.75,1,1,1,1,1,2,3,2,2,,2.5,2,1,1,1.5,22,2,Moderate Risk,Poor,42,https://www.valueresearchonline.com/funds/34860/
WhiteOak Capital Balanced Advantage Reg,hybrid,Hybrid,Regular,4.36,10.78,,Hybrid: Dynamic Asset Allocation,INF03VN01720,151268,2.69,8.74,,,,0.6,0.75,8.91,11.02,7.05,2.5,AAA,2.89,111,,19.55,39.55,145,26.48,3.65,1,1,1,1,2,2,3,2,2.5,,2.5,2,1.5,1,1.5,24,3,Moderate Risk,Average,50,https://www.valueresearchonline.com/funds/43007/
ABSL Equity Savings Reg,hybrid,Hybrid,Regular,5.55,7.72,6,Hybrid: Equity Savings,INF209KA1TS3,132998,4.25,8.09,7.24,,,0.62,0.79,3.08,7.61,6.42,1.39,GOI/Cash,1.7,,,,,151,18.62,2.52,1,1,2,0,0,2,3,3,,,,,2,1.5,2,17.5,3,Moderately High Risk,Average,50,https://www.valueresearchonline.com/funds/28669/
Axis Equity Savings Reg,hybrid,Hybrid,Regular,4.82,8.56,6.62,Hybrid: Equity Savings,INF846K01VO3,135122,4.25,8.09,7.24,,,0.51,0.64,5.67,8.59,7.2,3,AAA,3.78,,,,,166,24.42,2.9,1,1,2,1,2,2,3,2,,,,,1.5,1.5,2,19,2,Moderately High Risk,Poor,46,https://www.valueresearchonline.com/funds/30700/
Bajaj Finserv Equity Savings Reg,hybrid,Hybrid,Regular,3.95,,,Hybrid: Equity Savings,INF0QA701BQ5,153769,4.25,,,,,,,,,6.37,0.39,GOI/Cash,0.39,,,,,79,21.54,3.29,,,,,0,3,3,3,,,,,1.5,1.5,1,13,,Moderately High Risk,Average,27,https://www.valueresearchonline.com/funds/45396/
Bandhan Equity Savings Reg,hybrid,Hybrid,Regular,3.49,6.35,5.71,Hybrid: Equity Savings,INF194K01581,108995,4.25,8.09,7.24,,,0.3,0.35,2.55,6.46,7.07,2,GOI/Cash,2.31,,,,,119,20.48,2.84,1,1,3,0,2,2,3,2,,,,,1.5,1.5,1.5,18.5,3,Moderately High Risk,Average,41,https://www.valueresearchonline.com/funds/7762/
Baroda BNP Paribas Equity Svngs Reg,hybrid,Hybrid,Regular,4.83,8.56,7.32,Hybrid: Equity Savings,INF955L01II9,147494,4.25,8.09,7.24,,,0.52,0.67,5.98,8.81,6.96,2.56,AAA,3.05,,,,,93,25.37,3.06,1,1,2,1,1,2,3,2,,,,,1.5,1.5,1.5,17.5,3,Moderately High Risk,Average,48,https://www.valueresearchonline.com/funds/40118/
DSP Equity Savings Reg,hybrid,Hybrid,Regular,2.19,7.61,6.75,Hybrid: Equity Savings,INF740KA1439,136563,4.25,8.09,7.24,,,0.5,0.86,3.91,7.63,2,0.82,GOI/Cash,1.48,,,,,112,19.83,2.76,1,1,2,0,0,3,3,3,,,,,2,1.5,1.5,18,3,Moderately High Risk,Average,50,https://www.valueresearchonline.com/funds/32137/
Edelweiss Equity Savings Reg,hybrid,Hybrid,Regular,7.77,10.53,8.54,Hybrid: Equity Savings,INF843K01KG9,140351,4.25,8.09,7.24,,,1.06,1.28,4.27,10.23,6.57,0.99,GOI/Cash,1.12,,,,,206,18.4,2.62,2,1,2,1,1,3,3,3,,,,,2,1.5,2,21.5,5,Moderate Risk,Excellent,43,https://www.valueresearchonline.com/funds/28226/
Franklin India Equity Savings Reg,hybrid,Hybrid,Regular,3.49,6.63,6.3,Hybrid: Equity Savings,INF955L01IY6,154684,4.25,8.09,7.24,,,0.36,0.46,2.6,6.62,7.16,2.77,AAA,3.95,,,,,100,20.89,2.79,1,1,3,0,2,2,3,2,,,,,1.5,1.5,1.5,18.5,3,Moderately High Risk,Average,38,https://www.valueresearchonline.com/funds/37262/
HDFC Equity Savings Reg,hybrid,Hybrid,Regular,3.13,7.7,7.56,Hybrid: Equity Savings,INF917K01AA5,151058,4.25,8.09,7.24,,,0.41,0.5,5.21,7.85,7.28,3.1,AAA,3.75,,,,,148,22.06,3.05,1,1,2,0,2,1,3,2,,,,,1.5,1.5,1.5,16.5,3,Moderately High Risk,Average,50,https://www.valueresearchonline.com/funds/2374/
HSBC Equity Savings Reg,hybrid,Hybrid,Regular,7.65,12.27,10.1,Hybrid: Equity Savings,INF917K01AA5,151058,4.25,8.09,7.24,,,0.84,0.85,8.04,12.41,6.43,1.86,GOI/Cash,2.07,,,,,163,18.22,2.69,1,1,1,2,0,2,3,2,,,,,2,1.5,2,17.5,5,Moderately High Risk,Excellent,40,https://www.valueresearchonline.com/funds/13338/
ICICI Pru Equity Savings,hybrid,Hybrid,Regular,2.64,6.52,7.05,Hybrid: Equity Savings,INF955L01IY6,154684,4.25,8.09,7.24,,,0.24,0.3,2.83,6.39,6.35,2.34,GOI/Cash,3.98,,,,,206,21.26,2.85,1,1,3,0,0,2,3,2,,,,,1.5,1.5,2,17,4,Moderately High Risk,Good,50,https://www.valueresearchonline.com/funds/28743/
Invesco India Equity Savings Reg,hybrid,Hybrid,Regular,-0.88,7.22,6.09,Hybrid: Equity Savings,INF205KA1023,146456,4.25,8.09,7.24,,,0.27,0.36,6.27,7.4,6.52,1.58,GOI/Cash,1.87,,,,,100,22.44,2.8,1,1,2,0,1,2,3,3,,,,,1.5,1.5,1.5,17.5,1,Moderately High Risk,Poor,34,https://www.valueresearchonline.com/funds/39159/
Kotak Equity Savings Reg,hybrid,Hybrid,Regular,4.96,9.33,9.13,Hybrid: Equity Savings,INF174K01C78,131372,4.25,8.09,7.24,,,0.59,0.7,6.26,9.39,6.96,2.07,AAA,2.94,,,,,243,19.17,2.7,1,1,2,1,1,2,3,2,,,,,2,1.5,2,18.5,4,Moderately High Risk,Good,50,https://www.valueresearchonline.com/funds/28165/
LIC MF Equity Savings Reg,hybrid,Hybrid,Regular,2.99,7.91,6.69,Hybrid: Equity Savings,INF397L01315,151950,4.25,8.09,7.24,,,0.37,0.51,7.15,8.33,,,GOI/Cash,,,,,,87,28.67,4.4,1,1,1,1,,,3,,,,,,1,1,1.5,10.5,2,High Risk,Poor,27,https://www.valueresearchonline.com/funds/12137/
Mahindra Manulife Equity Savings Reg,hybrid,Hybrid,Regular,6.04,8.04,7.19,Hybrid: Equity Savings,INF174V01150,140447,4.25,8.09,7.24,,,0.45,0.61,5.44,8.15,7.17,2.31,AAA,3.08,,,,,105,22.4,2.83,1,1,2,1,2,2,3,2,,,,,1.5,1.5,1.5,18.5,3,Moderately High Risk,Average,50,https://www.valueresearchonline.com/funds/33351/
Mirae Asset Equity Savings Reg,hybrid,Hybrid,Regular,5.41,9.1,8.08,Hybrid: Equity Savings,INF769K01EI5,145695,4.25,8.09,7.24,,,0.57,0.71,6.24,9.26,6.35,2.88,AAA,4.13,,,,,254,21.28,3.07,1,1,2,1,0,2,3,2,,,,,1.5,1.5,2,17,4,Moderately High Risk,Good,50,https://www.valueresearchonline.com/funds/38385/
Nippon India Equity Savings Reg,hybrid,Hybrid,Regular,2.67,6.15,5.98,Hybrid: Equity Savings,INF955L01IY6,154684,4.25,8.09,7.24,,,0.11,0.13,3.84,6.12,7.03,2.78,GOI/Cash,3.26,,,,,88,21.3,2.89,1,1,2,0,2,2,3,2,,,,,1.5,1.5,1.5,17.5,2,Moderately High Risk,Poor,45,https://www.valueresearchonline.com/funds/30212/
Nippon India Equity Savings Seg Port 1 Reg,hybrid,Hybrid,Regular,,,,,INF761K01306,109254,,,,,,,,,,,,C,,,,,,1,,,,,,,,,0,,,,,,,,0,0,,High Risk,Poor,1,https://www.valueresearchonline.com/funds/40316/
Nippon India Equity Savings Seg Port 2 Reg,hybrid,Hybrid,Regular,,,,,INF955L01IY6,154684,,,,,,,,,,7.12,2.77,C,3.31,,,,,1,,,,,,,2,2,0,2,,,,,,,0,6,,High Risk,Poor,1,https://www.valueresearchonline.com/funds/40860/
PGIM India Equity Savings Reg,hybrid,Hybrid,Regular,3.4,6.07,5.5,Hybrid: Equity Savings,INF955L01IY6,154684,4.25,8.09,7.24,,,0.12,0.13,3.19,6.08,6.78,,GOI/Cash,6.42,,,,,74,21.93,2.89,1,1,2,0,1,,3,1,,,,,1.5,1.5,1,13,2,Moderately High Risk,Poor,31,https://www.valueresearchonline.com/funds/2059/
Quant Equity Savings Reg,hybrid,Hybrid,Regular,8.25,,,Hybrid: Equity Savings,INF966L01EF1,153707,4.25,,,,,,,,,5.15,0.01,GOI/Cash,0.01,,,,,30,21.09,2.68,,,,,0,3,3,3,,,,,1.5,1.5,1,13,,Moderately High Risk,Average,20,https://www.valueresearchonline.com/funds/45351/
SBI Equity Savings Reg,hybrid,Hybrid,Regular,3.24,7.58,7.71,Hybrid: Equity Savings,INF200KA1DA4,134644,4.25,8.09,7.24,,,0.37,0.52,5.13,7.6,7.31,1.73,AAA,1.95,,,,,216,20.9,2.59,1,1,2,0,2,2,3,3,,,,,1.5,1.5,2,19,4,Moderately High Risk,Good,50,https://www.valueresearchonline.com/funds/30274/
Sundaram Equity Savings Reg,hybrid,Hybrid,Regular,1.7,7.83,7.64,Hybrid: Equity Savings,INF903J016H9,134356,4.25,8.09,7.24,,,0.39,0.49,6,8.04,6,2.32,GOI/Cash,3.01,,,,,94,23.97,3.1,1,1,2,1,0,2,3,2,,,,,1.5,1.5,1.5,16.5,3,Moderately High Risk,Average,35,https://www.valueresearchonline.com/funds/1306/
UTI Equity Savings Reg,hybrid,Hybrid,Regular,3.99,7.69,8,Hybrid: Equity Savings,INF789F1A744,144484,4.25,8.09,7.24,,,0.44,0.5,4.9,7.85,6.06,2.48,GOI/Cash,2.79,,,,,76,19.44,2.66,1,1,2,0,0,2,3,2,,,,,2,1.5,1,15.5,4,Moderately High Risk,Good,36,https://www.valueresearchonline.com/funds/37349/
Union Equity Savings Reg,hybrid,Hybrid,Regular,4.11,6.82,5.79,Hybrid: Equity Savings,INF582M01EG2,144310,4.25,8.09,7.24,,,0.26,0.33,4.86,6.97,6.52,1.86,GOI/Cash,2.29,,,,,106,25.96,3.38,1,1,2,0,1,2,3,2,,,,,1.5,1.5,1.5,16.5,2,Moderately High Risk,Poor,30,https://www.valueresearchonline.com/funds/37120/
WhiteOak Capital Equity Savings Reg,hybrid,Hybrid,Regular,6.49,,,Hybrid: Equity Savings,INF03VN01AC5,153356,4.25,,,,,,,,,6.61,4.22,GOI/Cash,5.33,,,,,174,17.98,2.88,,,,,1,1,3,1,,,,,2,1.5,2,11.5,,High Risk,Poor,46,https://www.valueresearchonline.com/funds/44998/
360 ONE Multi Asset Allocation Reg*,hybrid,Hybrid,Regular,20.86,,,Hybrid: Multi Asset Allocation,INF579M01BJ8,153772,11.04,,,,,,,,,7.28,2.9,AAA,4.16,36,,29.62,16.42,69,25.36,3.93,,,,,2,2,3,2,1,,2,2.5,1.5,1,1,18,,Moderately High Risk,Average,50,https://www.valueresearchonline.com/funds/45412/
ABSL Multi Asset Allocation Reg,hybrid,Hybrid,Regular,13.87,15,,Hybrid: Multi Asset Allocation,INF209KB12R6,151309,11.04,14.35,,,,0.92,1.04,10.19,15.07,6.78,1.7,AAA,1.97,76,,20.15,40.02,114,27.22,3.63,1,1,0,2,1,2,3,3,2,,2,2,1.5,1,1.5,23,3,Moderate Risk,Average,50,https://www.valueresearchonline.com/funds/43040/
ABSL Multi-Asset Omni FoF Reg*,hybrid,Hybrid,Regular,15.93,16.35,12.66,Hybrid: Multi Asset Allocation,INF084M01AE2,131864,11.04,14.35,12.22,,,0.99,1.19,10.82,16.38,,,AAA,,,,,,13,,,1,1,0,2,,,3,,,,,,,,0,7,2,High Risk,Poor,13,https://www.valueresearchonline.com/funds/3514/
ABSL Multi-Asset Passive FoF Reg*,hybrid,Hybrid,Regular,13.09,15.95,,Hybrid: Multi Asset Allocation,INF209KB12M7,150690,11.04,14.35,,,,0.93,1.04,11.28,16.14,,,GOI/Cash,,,,,,12,,,1,1,0,2,,,3,,,,,,,,0,7,2,High Risk,Poor,12,https://www.valueresearchonline.com/funds/42607/
Axis Multi Asset Allocation Reg,hybrid,Hybrid,Regular,11.66,13.37,8.42,Hybrid: Multi Asset Allocation,INF846K01768,113064,11.04,14.35,12.22,,,0.82,0.88,9.73,13.63,7.01,2.64,AAA,4.44,73,,28.65,39.4,110,25.51,3.56,1,1,1,2,2,2,3,2,2,,2,2,1.5,1,1.5,24,1,Moderate Risk,Poor,50,https://www.valueresearchonline.com/funds/11343/
Axis Multi-Asset Active FoF Reg*,hybrid,Hybrid,Regular,,,,Hybrid: Multi Asset Allocation*,INF846KA1333,153963,,,,,,,,,,,,AAA,,,,,,16,,,,,,,,,3,,,,,,,,0,3,,High Risk,Poor,16,https://www.valueresearchonline.com/funds/45608/
Bajaj Finserv Multi Asset Allocation Reg,hybrid,Hybrid,Regular,11.7,,,Hybrid: Multi Asset Allocation,INF0QA701797,152642,11.04,,,,,,,,,7.05,1.72,AAA,2.89,55,,25.94,39.97,72,23.19,3.43,,,,,2,2,3,2,2,,2,2,1.5,1.5,1,19,,Moderately High Risk,Average,40,https://www.valueresearchonline.com/funds/44327/
Bandhan Multi Asset Allocation Reg,hybrid,Hybrid,Regular,14.66,,,Hybrid: Multi Asset Allocation,INF194KB1HJ3,152326,11.04,,,,,,,,,5.2,1.3,GOI/Cash,1.96,127,,26.39,29.5,179,20.96,2.78,,,,,0,2,3,3,2.5,,2,2.5,1.5,1.5,2,20,,Moderate Risk,Average,37,https://www.valueresearchonline.com/funds/44028/
Bandhan Multi-Asset Passive FoF Reg,hybrid,Hybrid,Regular,5.31,9.78,7.92,Hybrid: Multi Asset Allocation,INF194K01AB9,112329,11.04,14.35,12.22,,,0.57,0.7,7.45,9.95,,,GOI/Cash,,,,,,12,,,1,1,1,1,,,3,,,,,,,,0,7,,High Risk,Poor,12,https://www.valueresearchonline.com/funds/10848/
Bank of India Multi Asset Allocation Reg,hybrid,Hybrid,Regular,13.25,,,Hybrid: Multi Asset Allocation,INF761K01FW0,152398,11.04,,,,,,,,,7.34,2.9,AAA,3.61,44,,27.28,36.93,60,22,3.2,,,,,2,2,3,2,1,,2,2,1.5,1.5,1,18,,Moderately High Risk,Average,41,https://www.valueresearchonline.com/funds/44096/
Baroda BNP Paribas Multi Asset Active FoF Reg,hybrid,Hybrid,Regular,11.64,,,Hybrid: Multi Asset Allocation,INF251K01UM2,153548,11.04,,,,,,,,,,,AAA,,,,,,4,,,,,,,,,3,,,,,,,,0,3,,High Risk,Poor,4,https://www.valueresearchonline.com/funds/45176/
Baroda BNP Paribas Multi Asset Reg,hybrid,Hybrid,Regular,9.4,13.95,,Hybrid: Multi Asset Allocation,INF251K01RC9,150863,11.04,14.35,,,,0.8,1,10.94,14.43,6.6,2.59,AAA,4.07,54,,26.98,40.25,67,26.19,3.43,1,1,0,2,1,2,3,2,2,,2,2,1.5,1.5,1,22,2,Moderate Risk,Poor,38,https://www.valueresearchonline.com/funds/42781/
Canara Robeco Multi Asset Allocation Reg,hybrid,Hybrid,Regular,10.63,,,Hybrid: Multi Asset Allocation,INF760K01LG3,153466,11.04,,,,,,,,,5.93,0.33,AAA,0.34,39,,29.06,38.67,54,35.29,4.32,,,,,0,3,3,3,1,,2,2,0,1,1,16,,Moderately High Risk,Average,34,https://www.valueresearchonline.com/funds/45166/
Capitalmind Multi Asset Allocation Reg*,hybrid,Hybrid,Regular,,,,Hybrid: Multi Asset Allocation,INF955L01IY6,154684,,,,,,,,,,5.84,0.12,AAA,0.12,24,,21.73,43.87,33,11.72,1.92,,,,,0,3,3,3,0,,2,2,2,2,1,18,,Moderately High Risk,Average,33,https://www.valueresearchonline.com/funds/45849/
DSP Multi Asset Allocation Reg*,hybrid,Hybrid,Regular,16.69,,,Hybrid: Multi Asset Allocation,INF740KA1TB5,152053,11.04,,,,,,,,,2.04,1.27,AAA,2.86,60,,31.06,35.94,105,18.9,2.76,,,,,0,2,3,2,2,,1,2,2,1.5,1.5,17,,Moderately High Risk,Average,50,https://www.valueresearchonline.com/funds/43739/
DSP Multi Asset Omni FoF Reg*,hybrid,Hybrid,Regular,,,,Hybrid: Multi Asset Allocation,INF740KA1YB5,154165,,,,,,,,,,,,GOI/Cash,,,,,,13,,,,,,,,,3,,,,,,,,0,3,,High Risk,Poor,13,https://www.valueresearchonline.com/funds/45801/
Edelweiss Multi Asset Allocation Reg,hybrid,Hybrid,Regular,6.34,7.23,,Hybrid: Multi Asset Allocation,INF754K01RO7,151795,11.04,14.35,,,,0.94,1.35,1.4,7,7.17,1.39,AAA,1.51,50,,18.2,,146,12.07,2.07,1,1,3,0,2,2,3,3,2,,2.5,,2,2,1.5,25,4,Moderate Risk,Good,50,https://www.valueresearchonline.com/funds/43549/
Edelweiss Multi Asset Omni FoF Reg*,hybrid,Hybrid,Regular,,,,Hybrid: Multi Asset Allocation,INF754K01VR2,153779,,,,,,,,,,,,AAA,,,,,,10,,,,,,,,,3,,,,,,,,0,3,,High Risk,Poor,10,https://www.valueresearchonline.com/funds/45417/
Franklin India Multi Asset Allocation Reg,hybrid,Hybrid,Regular,9.82,,,Hybrid: Multi Asset Allocation,INF204KB16V0,148459,11.04,,,,,,,,,7.25,0.77,AAA,0.98,47,,25.81,36.76,75,25.38,3.42,,,,,2,3,3,3,1,,2,2,1.5,1.5,1,20,,Moderate Risk,Average,42,https://www.valueresearchonline.com/funds/45366/
Groww Multi Asset Allocation Reg,hybrid,Hybrid,Regular,,,,Hybrid: Multi Asset Allocation,INF666M01MD3,153851,,,,,,,,,,5.34,0.12,CASH,0.12,76,,27.96,40.2,98,22.21,3.18,,,,,0,3,0,3,2,,2,2,1.5,1.5,1.5,16.5,,Moderately High Risk,Average,36,https://www.valueresearchonline.com/funds/45462/
Groww Multi Asset Omni FoF Reg*,hybrid,Hybrid,Regular,,,,Hybrid: Multi Asset Allocation,INF666M01NF6,154057,,,,,,,,,,,,AAA,,,,,,15,,,,,,,,,3,,,,,,,,0,3,,High Risk,Poor,15,https://www.valueresearchonline.com/funds/45673/
HDFC Multi-Asset Active FoF Reg,hybrid,Hybrid,Regular,7.3,12.77,12.2,Hybrid: Multi Asset Allocation,INF955L01IY6,154684,11.04,14.35,12.22,,,0.95,1,7.53,12.85,,,AAA,,,,,,18,,,1,1,1,2,,,3,,,,,,,,0,8,3,High Risk,Average,18,https://www.valueresearchonline.com/funds/41460/
HDFC Multi-Asset Allocation Reg,hybrid,Hybrid,Regular,4.84,11.37,10,Hybrid: Multi Asset Allocation,INF336L01RF9,152378,11.04,14.35,12.22,,,0.78,0.85,7.56,11.57,7.03,2.49,AAA,2.84,75,,28.72,37.04,138,22.15,3.08,1,1,1,1,2,2,3,2,2,,2,2,1.5,1.5,1.5,23.5,2,Moderate Risk,Poor,50,https://www.valueresearchonline.com/funds/2818/
HSBC Multi Asset Active FoF Reg*,hybrid,Hybrid,Regular,16.21,15.04,11.68,Hybrid: Multi Asset Allocation,INF846KA1333,153963,11.04,14.35,12.22,,,0.88,1.03,10.95,15.27,7.16,2.74,AAA,3.73,,,,,11,,,1,1,0,2,2,2,3,2,,,,,,,0,13,2,Moderately High Risk,Poor,11,https://www.valueresearchonline.com/funds/25862/
HSBC Multi Asset Allocation Reg,hybrid,Hybrid,Regular,14.02,,,Hybrid: Multi Asset Allocation,INF336L01RF9,152378,11.04,,,,,,,,,7.33,3.85,AAA,5.08,64,,29.26,58.27,83,26.13,3.84,,,,,2,1,3,1,2,,2,1,1.5,1,1.5,16,,Moderately High Risk,Average,44,https://www.valueresearchonline.com/funds/44087/
ICICI Pru Multi Asset*,hybrid,Hybrid,Regular,6.69,14.3,15.97,Hybrid: Multi Asset Allocation,INF955L01IY6,154684,11.04,14.35,12.22,,,1.02,1.15,8.54,14.44,6.9,2.49,AAA,4.66,127,,25.43,39.08,292,19.55,2.87,2,1,1,2,1,2,3,2,2.5,,2,2,2,1.5,2,26,5,Moderate Risk,Excellent,50,https://www.valueresearchonline.com/funds/1471/
ICICI Pru Passive Multi-Asset FoF*,hybrid,Hybrid,Regular,10.04,13.3,,Hybrid: Multi Asset Allocation,INF767K01535,105823,11.04,14.35,,,,1.08,1.22,6.8,13.02,,,AAA,,,,,,34,,,2,1,2,2,,,3,,,,,,,,1,11,3,High Risk,Average,29,https://www.valueresearchonline.com/funds/41930/
Invesco India Multi Asset Allocation Reg,hybrid,Hybrid,Regular,14.01,,,Hybrid: Multi Asset Allocation,INF205KA1999,153046,11.04,,,,,,,,,,,AAA,,72,,39.08,27.86,92,21.79,3.17,,,,,,,3,,2,,1,2.5,1.5,1.5,1.5,13,,Moderately High Risk,Average,41,https://www.valueresearchonline.com/funds/44736/
Kotak Multi Asset Active FoF Reg,hybrid,Hybrid,Regular,,,,Hybrid: Multi Asset Allocation,INF174K01468,102574,,,,,,,,,,,,AAA,,,,,,10,,,,,,,,,3,,,,,,,,0,3,,High Risk,Poor,10,https://www.valueresearchonline.com/funds/45939/
Kotak Multi Asset Allocation Reg,hybrid,Hybrid,Regular,17.75,,,Hybrid: Multi Asset Allocation,INF174KA1PA0,152065,11.04,,,,,,,,,6.48,2.7,AAA,6.88,70,,20.48,41.05,100,18.03,2.5,,,,,0,2,3,1,2,,2,2,2,2,1.5,17.5,,Moderately High Risk,Average,50,https://www.valueresearchonline.com/funds/43730/
Kotak Multi Asset Omni FoF Reg*,hybrid,Hybrid,Regular,10.59,15.07,14.44,Hybrid: Multi Asset Allocation,INF174K01468,102574,11.04,14.35,12.22,,,0.91,0.93,10.37,15.09,,,GOI/Cash,,,,,,16,,,1,1,0,2,,,3,,,,,,,,0,7,3,High Risk,Average,16,https://www.valueresearchonline.com/funds/2308/
LIC MF Multi Asset Allocation Reg,hybrid,Hybrid,Regular,9.98,,,Hybrid: Multi Asset Allocation,INF767K01RW2,153248,11.04,,,,,,,,,,,AAA,,48,,26.93,38.69,63,20.44,4.07,,,,,,,3,,1,,2,2,1.5,1,1,11.5,,High Risk,Poor,40,https://www.valueresearchonline.com/funds/44884/
Mahindra Manulife Multi Asset Allocation Reg,hybrid,Hybrid,Regular,15.3,,,Hybrid: Multi Asset Allocation,INF174V01BT8,152441,11.04,,,,,,,,,7.53,2.65,AAA,4.1,57,,25.09,29.94,83,24.34,3.19,,,,,2,2,3,2,2,,2,2.5,1.5,1.5,1.5,20,,Moderate Risk,Average,50,https://www.valueresearchonline.com/funds/44128/
Mirae Asset Multi Asset Allocation Reg,hybrid,Hybrid,Regular,11.87,,,Hybrid: Multi Asset Allocation,INF769K01KW3,152347,11.04,,,,,,,,,6.47,2.2,AAA,2.72,135,,25.74,32.44,235,23.37,3.23,,,,,0,2,3,2,2.5,,2,2,1.5,1.5,2,18.5,,Moderately High Risk,Average,50,https://www.valueresearchonline.com/funds/44002/
Motilal Oswal Asset Allocation Passive FoF-Agrssv Reg*,hybrid,Hybrid,Regular,8.66,14.5,11.54,Hybrid: Multi Asset Allocation,INF767K01535,105823,11.04,14.35,12.22,,,0.96,1.14,9.1,14.38,,,GOI/Cash,,,,,,12,,,1,1,1,2,,,3,,,,,,,,0,8,3,High Risk,Average,12,https://www.valueresearchonline.com/funds/41333/
Motilal Oswal Asset Allocation Passive FoF-Cons Reg*,hybrid,Hybrid,Regular,10.31,13.08,10.15,Hybrid: Multi Asset Allocation,INF767K01535,105823,11.04,14.35,12.22,,,1.18,1.36,5.9,12.66,,,GOI/Cash,,,,,,4,,,2,1,2,2,,,3,,,,,,,,0,10,3,High Risk,Average,4,https://www.valueresearchonline.com/funds/41335/
Nippon India Multi Asset Allocation Reg*,hybrid,Hybrid,Regular,14.43,18.18,14.38,Hybrid: Multi Asset Allocation,INF204KB16V0,148459,11.04,14.35,12.22,,,1.28,1.51,9.4,17.72,7.18,2.53,AAA,3.04,92,,22.14,36.36,168,24.91,3.4,2,2,1,2,2,2,3,2,2.5,,2,2,1.5,1.5,2,27.5,4,Low Risk,Good,50,https://www.valueresearchonline.com/funds/41072/
Nippon India Multi-Asset Omni FoF Reg,hybrid,Hybrid,Regular,11.33,15.84,14.86,Hybrid: Multi Asset Allocation,INF204KB13Y1,148663,11.04,14.35,12.22,,,1.01,1.27,9.98,15.79,,,AAA,,,,,,8,,,2,1,1,2,,,3,,,,,,,,0,9,4,High Risk,Good,8,https://www.valueresearchonline.com/funds/41265/
PGIM India Multi Asset Allocation Reg,hybrid,Hybrid,Regular,,,,Hybrid: Multi Asset Allocation,INF663L013A7,153988,,,,,,,,,,6.35,,GOI/Cash,2.61,76,,23.55,32.07,94,29.45,4.22,,,,,0,,3,2,2,,2,2,1,1,1.5,14.5,,Moderately High Risk,Average,37,https://www.valueresearchonline.com/funds/45617/
Quant Multi Asset Allocation Reg,hybrid,Hybrid,Regular,17.29,20.62,18.37,Hybrid: Multi Asset Allocation,INF082J01465,152475,11.04,14.35,12.22,,,1.19,1.83,11.85,19.84,5.66,1.11,GOI/Cash,1.9,25,,40.57,43.85,61,22.14,3.28,2,2,0,3,0,2,3,3,0,,0,2,1.5,1.5,1,21,5,Moderate Risk,Excellent,50,https://www.valueresearchonline.com/funds/954/
Quantum Multi Asset Active FoF Reg*,hybrid,Hybrid,Regular,6.76,11.3,9.55,Hybrid: Multi Asset Allocation,INF082J01341,141072,11.04,14.35,12.22,,,0.86,0.88,6.55,11.31,,,AAA,,,,,,5,,,1,1,2,1,,,3,,,,,,,,0,8,3,High Risk,Average,5,https://www.valueresearchonline.com/funds/33970/
Quantum Multi Asset Allocation Reg,hybrid,Hybrid,Regular,3.12,,,Hybrid: Multi Asset Allocation,INF082J01465,152475,11.04,,,,,,,,,,,GOI/Cash,,41,,48.81,40.55,48,19.56,2.76,,,,,,,3,,1,,0,2,2,1.5,1,10.5,,High Risk,Poor,32,https://www.valueresearchonline.com/funds/44175/
SBI Multi Asset Allocation Reg,hybrid,Hybrid,Regular,12.35,14.37,12.79,Hybrid: Multi Asset Allocation,INF200K01800,103408,11.04,14.35,12.22,,,1.04,1.33,8.33,14.32,7.76,2.46,AAA,2.84,68,,16.78,27.71,126,18.75,2.12,2,1,1,2,2,2,3,2,2,,2.5,2.5,2,2,1.5,27.5,4,Low Risk,Good,50,https://www.valueresearchonline.com/funds/3015/
Samco Multi Asset Allocation Reg*,hybrid,Hybrid,Regular,5.88,,,Hybrid: Multi Asset Allocation,INF0K1H01248,153093,11.04,,,,,,,,,5.19,0.3,GOI/Cash,0.3,110,,18.13,41.04,133,21.81,3.66,,,,,0,3,3,3,2.5,,2.5,2,1.5,1,1.5,20,,Moderate Risk,Average,27,https://www.valueresearchonline.com/funds/44776/
Shriram Multi Asset Allocation Reg,hybrid,Hybrid,Regular,9.64,,,Hybrid: Multi Asset Allocation,INF680P01414,152052,11.04,,,,,,,,,6.06,0.32,AAA,0.33,72,,29.13,38.3,87,21.27,3.14,,,,,0,3,3,3,2,,2,2,1.5,1.5,1.5,19.5,,Moderately High Risk,Average,34,https://www.valueresearchonline.com/funds/43716/
Sundaram Multi Asset Allocation Reg,hybrid,Hybrid,Regular,9.07,,,Hybrid: Multi Asset Allocation,INF903JA1LH5,152311,11.04,,,,,,,,,6.29,2.93,GOI/Cash,3.49,55,,24.71,43.29,78,30.57,4.05,,,,,0,2,3,2,2,,2,2,1,1,1,16,,Moderately High Risk,Average,39,https://www.valueresearchonline.com/funds/44040/
Tata Multi Asset Allocation Reg*,hybrid,Hybrid,Regular,8.05,12.38,11.05,Hybrid: Multi Asset Allocation,INF277K012Z5,148050,11.04,14.35,12.22,,,0.73,0.86,9.47,12.59,7.84,1.72,AAA,2.22,74,,19.02,38.18,114,19.23,2.88,1,1,1,2,2,2,3,2,2,,2.5,2,2,1.5,1.5,25.5,2,Moderate Risk,Poor,50,https://www.valueresearchonline.com/funds/40684/
The Wealth Company Multi Asset Allocation Reg,hybrid,Hybrid,Regular,,,,Hybrid: Multi Asset Allocation,INF2F0001313,154002,,,,,,,,,,,,AAA,,53,,20.36,35.65,72,31.81,4.15,,,,,,,3,,2,,2,2,1,1,1,12,,High Risk,Poor,44,https://www.valueresearchonline.com/funds/45633/
UTI Multi Asset Allocation Reg,hybrid,Hybrid,Regular,5.96,14.99,12.52,Hybrid: Multi Asset Allocation,INF789F01AP6,111599,11.04,14.35,12.22,,,0.91,1.06,10.56,15.32,6.84,4.02,AAA,7.13,94,,24.02,40.06,134,24.72,4.74,1,1,0,2,1,1,3,1,2.5,,2,2,1.5,1,1.5,20.5,3,Moderate Risk,Average,50,https://www.valueresearchonline.com/funds/9758/
Union Multi Asset Allocation Reg,hybrid,Hybrid,Regular,13.6,,,Hybrid: Multi Asset Allocation,INF582M01JU2,152786,11.04,,,,,,,,,6.4,1.89,AAA,2.52,76,,25.65,43.56,86,28.2,3.76,,,,,0,2,3,2,2,,2,2,1,1,1.5,16.5,,Moderately High Risk,Average,34,https://www.valueresearchonline.com/funds/44468/
WhiteOak Capital Multi Asset Allocation Reg*,hybrid,Hybrid,Regular,12.56,15.77,,Hybrid: Multi Asset Allocation,INF03VN01779,151746,11.04,14.35,,,,1.84,2.24,5.06,15.01,6.75,2.07,AAA,2.36,129,,12.98,18.11,202,26.33,3.63,2,2,2,2,1,2,3,2,2.5,,2.5,2.5,1.5,1,2,28,5,Low Risk,Excellent,50,https://www.valueresearchonline.com/funds/43500/