Fund Name,Category,Subcategory,Plan,1Y Return (%),3Y Return (%),5Y Return (%),Benchmark Name,ISIN,Scheme Code,Benchmark 1Y (%),Benchmark 3Y (%),Benchmark 5Y (%),Alpha,Beta,Sharpe Ratio,Sortino Ratio,Std Dev,Mean Return (%),YTM (%),Modified Duration (yrs),Avg Credit Rating,Avg Maturity (yrs),No. of Stocks,Top 10 Stocks (%),Top 5 Stocks (%),Top 3 Sectors (%),No. of Securities,Portfolio P/E,Portfolio P/B,Alpha Score (/12),Beta Score (/6),Sharpe Score (/12),Sortino Score (/4),Std Dev Score (/6),VR Stars,Score (/40),Risk Category,Fund Rating,Top Holdings Count,Fund URL
ABSL Business Cycle Dir,solution-oriented,Solution: Retirement - Equity,Direct,11.75,13.94,,BSE 500 TRI,INF209KB14D2,149295,2.44,11.32,,2.9,0.95,0.64,0.85,14.89,15.16,,,,,59,28.51,16.04,53.18,,25.73,4.01,8,4,4,0,3,,19,Moderately High Risk,Average,25,https://www.valueresearchonline.com/funds/41814/
Axis Business Cycles Dir,solution-oriented,Solution: Retirement - Equity,Direct,7.86,14.19,,BSE 500 TRI,INF846K016N4,151368,2.44,11.32,,2.74,1.01,0.62,0.75,15.8,15.43,,,,,77,29.4,16.91,58.63,,31.42,3.48,8,3,4,0,3,,18,Moderately High Risk,Average,25,https://www.valueresearchonline.com/funds/43124/
Bandhan Business Cycle Dir,solution-oriented,Solution: Retirement - Equity,Direct,1.36,,,BSE 500 TRI,INF194KB1IQ6,152878,2.44,,,,,,,,,,,,,92,37.76,22.08,64.95,,21.41,2.59,,,,,,,,,,25,https://www.valueresearchonline.com/funds/44520/
Bank of India Business Cycle Dir,solution-oriented,Solution: Retirement - Equity,Direct,8.46,,,BSE 500 TRI,INF761K01GF3,152789,2.44,,,,,,,,,,,,,51,36.79,22.49,55.23,,28.95,4.33,,,,,,,,,,25,https://www.valueresearchonline.com/funds/44474/
Baroda BNP Paribas Business Cycle Dir,solution-oriented,Solution: Retirement - Equity,Direct,6.63,14.34,,BSE 500 TRI,INF955L01KK1,149141,2.44,11.32,,2.89,1.02,0.63,0.78,15.82,15.59,,,,,56,38.05,24.75,54.85,,29.54,4.07,8,3,4,0,3,,18,Moderately High Risk,Average,25,https://www.valueresearchonline.com/funds/41671/
DSP Business Cycle Fund Dir,solution-oriented,Solution: Retirement - Equity,Direct,4.89,,,BSE 500 TRI,INF740KA1UX7,153121,2.44,,,,,,,,,,,,,46,49.03,32.95,59.85,,22.89,3,,,,,,,,,,25,https://www.valueresearchonline.com/funds/44760/
Edelweiss Business Cycle Dir,solution-oriented,Solution: Retirement - Equity,Direct,7.08,,,BSE 500 TRI,INF754K01TA2,152710,2.44,,,,,,,,,,,,,66,28.84,16.82,60.65,,27.57,4.06,,,,,,,,,,25,https://www.valueresearchonline.com/funds/44394/
HDFC Business Cycle Dir,solution-oriented,Solution: Retirement - Equity,Direct,5.67,12.66,,BSE 500 TRI,INF179KC1DY9,150805,2.44,11.32,,1.22,0.95,0.51,0.68,15.15,13.48,,,,,60,39.64,24.95,57.25,,32.89,3.98,6,4,2,0,3,,15,Moderately High Risk,Average,25,https://www.valueresearchonline.com/funds/42727/
HSBC Business Cycles Dir,solution-oriented,Solution: Retirement - Equity,Direct,5.08,16.65,15.94,BSE 500 TRI,INF917K01RI2,151142,2.44,11.32,10.45,4.29,1.21,0.62,0.91,20.33,18.33,,,,,72,28.86,17.42,77.51,,30.42,3.66,10,0,4,0,2,,16,Moderately High Risk,Average,25,https://www.valueresearchonline.com/funds/27583/
ICICI Pru Business Cycle Dir,solution-oriented,Solution: Retirement - Equity,Direct,1.12,16.08,16.2,BSE 500 TRI,INF109KC1P24,148651,2.44,11.32,10.45,4.96,0.89,0.79,1,14.07,16.78,,,,,81,47.28,31.82,64.09,,25.04,3.34,10,4,4,2,3,,23,Moderate Risk,Average,25,https://www.valueresearchonline.com/funds/41245/
Invesco India Business Cycle Dir,solution-oriented,Solution: Retirement - Equity,Direct,16.03,,,BSE 500 TRI,INF205KA1AI8,153291,2.44,,,,,,,,,,,,,36,43.89,24.66,61.32,,38.64,4,,,,,,,,,,25,https://www.valueresearchonline.com/funds/44930/
ITI Business Cycle Dir,solution-oriented,Solution: Retirement - Equity,Direct,,,,BSE 500 TRI,INF00XX01AE2,148913,,,,,,,,,,,,,,74,24.16,15.67,63.09,,27.92,3.55,,,,,,,,,,25,https://www.valueresearchonline.com/funds/45807/
Kotak Business Cycle Dir,solution-oriented,Solution: Retirement - Equity,Direct,7.28,16.61,,BSE 500 TRI,INF174KA1JN6,150624,2.44,11.32,,4.87,0.95,0.75,0.87,15.31,17.16,,,,,51,39.8,24.92,57.22,,30.52,4.2,10,4,4,0,3,,21,Moderate Risk,Average,25,https://www.valueresearchonline.com/funds/42533/
Mahindra Manulife Business Cycle Dir,solution-oriented,Solution: Retirement - Equity,Direct,11.38,,,BSE 500 TRI,INF174V01BQ4,152045,2.44,,,,,,,,,,,,,64,28.52,16.24,56.44,,20.94,2.56,,,,,,,,,,25,https://www.valueresearchonline.com/funds/43736/
Motilal Oswal Business Cycle Dir,solution-oriented,Solution: Retirement - Equity,Direct,0.35,,,BSE 500 TRI,INF247L01DG6,152796,2.44,,,,,,,,,,,,,33,41.6,24.06,56.98,,42.56,3.79,,,,,,,,,,25,https://www.valueresearchonline.com/funds/44480/
Quant Business Cycle Dir,solution-oriented,Solution: Retirement - Equity,Direct,9.71,12.84,,BSE 500 TRI,INF966L01BR2,151757,2.44,11.32,,0.95,1.22,0.46,0.67,20.56,15.09,,,,,18,73.57,45.71,61.04,,28.75,2.77,6,0,2,0,2,,10,High Risk,Poor,12,https://www.valueresearchonline.com/funds/43518/
Sundaram Business Cycle Dir,solution-oriented,Solution: Retirement - Equity,Direct,6.17,,,BSE 500 TRI,INF903JA1LQ6,152677,2.44,,,,,,,,,,,,,33,41.33,22.55,70.22,,36.59,4.87,,,,,,,,,,25,https://www.valueresearchonline.com/funds/44362/
Tata Business Cycle Dir,solution-oriented,Solution: Retirement - Equity,Direct,4.21,12.77,15.09,BSE 500 TRI,INF277KA1166,149071,2.44,11.32,10.45,1.62,0.98,0.55,0.73,15.3,14.1,,,,,54,34.3,20.1,62.44,,28.26,3.07,8,3,2,0,3,,16,Moderately High Risk,Average,25,https://www.valueresearchonline.com/funds/41581/
Union Business Cycle Dir,solution-oriented,Solution: Retirement - Equity,Direct,8.12,,,BSE 500 TRI,INF582M01JQ0,152409,2.44,,,,,,,,,,,,,59,35.4,23.53,67.12,,28.54,3.45,,,,,,,,,,25,https://www.valueresearchonline.com/funds/44138/
Axis Innovation Dir,solution-oriented,Solution: Retirement - Hybrid,Direct,17.14,18.21,12.35,BSE 500 TRI,INF846K01X71,148634,2.44,11.32,10.45,7.02,0.83,0.87,1.37,14.68,18.42,,,,,69,31.67,19.02,64.13,,23.32,7.15,12,5,6,2,3,,28,Low Risk,Good,25,https://www.valueresearchonline.com/funds/41225/
Bandhan Innovation Dir,solution-oriented,Solution: Retirement - Hybrid,Direct,21.24,,,BSE 500 TRI,INF194KB1IE2,152607,2.44,,,,,,,,,,,,,81,32.73,20.63,52.45,,45.71,5.08,,,,,,,,,,25,https://www.valueresearchonline.com/funds/44247/
Baroda BNP Paribas Innovation Dir,solution-oriented,Solution: Retirement - Hybrid,Direct,12.31,,,BSE 500 TRI,INF251K01TE1,152470,2.44,,,,,,,,,,,,,46,34.61,19.12,55.44,,55.29,7.45,,,,,,,,,,25,https://www.valueresearchonline.com/funds/44102/
HDFC Innovation Dir,solution-oriented,Solution: Retirement - Hybrid,Direct,19.22,,,BSE 500 TRI,INF179KC1JO7,153620,2.44,,,,,,,,,,,,,69,39.81,25.42,55.3,,48.78,6.19,,,,,,,,,,25,https://www.valueresearchonline.com/funds/45275/
ICICI Pru Innovation Dir,solution-oriented,Solution: Retirement - Hybrid,Direct,6.68,19.68,,BSE 500 TRI,INF109KC12T2,151580,2.44,11.32,,7.91,0.94,0.97,1.22,14.92,20.1,,,,,74,32.09,19.62,60.22,,23.88,4.13,12,4,6,2,3,,27,Low Risk,Good,25,https://www.valueresearchonline.com/funds/43444/
Kotak Pioneer Dir*,solution-oriented,Solution: Retirement - Hybrid,Direct,11.89,20.46,16.13,BSE 500 TRI*,INF174KA1EZ1,147727,2.44,11.32,10.45,8.27,0.91,0.95,1.18,15.29,20.22,,,,,51,31.72,18.85,44.94,,49.12,5.97,12,4,6,2,3,,27,Low Risk,Good,25,https://www.valueresearchonline.com/funds/40376/
Mahindra Manulife Innovation Opportunities Dir,solution-oriented,Solution: Retirement - Hybrid,Direct,,,,BSE 500 TRI,INF174V01DA4,154121,,,,,,,,,,,,,,48,26.82,14.99,53.69,,35.42,5.05,,,,,,,,,,25,https://www.valueresearchonline.com/funds/45737/
Motilal Oswal Innovation Opportunities Dir,solution-oriented,Solution: Retirement - Hybrid,Direct,16.45,,,BSE 500 TRI,INF247L01EJ8,153258,2.44,,,,,,,,,,,,,32,38.31,21.35,57.55,,37.73,4.33,,,,,,,,,,25,https://www.valueresearchonline.com/funds/44902/
Nippon India Innovation Dir,solution-oriented,Solution: Retirement - Hybrid,Direct,5.02,15.64,,BSE 500 TRI,INF204KC1BO3,152033,2.44,11.32,,,,,,,,,,,,57,35.31,20.23,57.75,,33.14,5.47,,,,,,,,,,25,https://www.valueresearchonline.com/funds/43721/
SBI Innovative Opportunities Dir,solution-oriented,Solution: Retirement - Hybrid,Direct,10.48,,,BSE 500 TRI,INF200KB1324,152776,2.44,,,,,,,,,,,,,37,50.73,29.84,63.8,,49.91,6.22,,,,,,,,,,25,https://www.valueresearchonline.com/funds/44459/
Tata India Innovation Dir,solution-oriented,Solution: Retirement - Hybrid,Direct,4.79,,,BSE 500 TRI,INF277KA1CU2,153055,2.44,,,,,,,,,,,,,61,32.51,18.31,61.17,,29.71,3.85,,,,,,,,,,25,https://www.valueresearchonline.com/funds/44716/
Union Innovation & Opportunities Dir,solution-oriented,Solution: Retirement - Hybrid,Direct,14.69,,,BSE 500 TRI,INF582M01JE6,151905,2.44,,,,,,,,,,,,,52,31.98,18.21,64.76,,61.94,5.77,,,,,,,,,,25,https://www.valueresearchonline.com/funds/43670/
UTI Innovation Dir,solution-oriented,Solution: Retirement - Hybrid,Direct,1.31,,,BSE 500 TRI,INF789F1AZA4,152087,2.44,,,,,,,,,,,,,31,56.37,35.82,83.96,,54.62,5.02,,,,,,,,,,25,https://www.valueresearchonline.com/funds/43799/
360 ONE Quant Dir,solution-oriented,Solution: Children - Equity,Direct,0.41,16.52,,BSE 500 TRI,INF579M01AI2,149318,2.44,11.32,,4.79,1.11,0.7,0.82,17.85,18.16,,,,,36,33.61,17.47,59.5,,23.29,4.75,10,2,4,0,2,,18,Moderately High Risk,Average,25,https://www.valueresearchonline.com/funds/41830/
ABSL Quant Dir,solution-oriented,Solution: Children - Equity,Direct,9.95,,,BSE 500 TRI,INF209KC1118,152684,2.44,,,,,,,,,,,,,40,39.33,21.9,64.82,,26.91,3.92,,,,,,,,,,25,https://www.valueresearchonline.com/funds/44378/
Axis Quant Dir,solution-oriented,Solution: Children - Equity,Direct,5.49,10.22,9.6,BSE 500 TRI,INF846K01Z87,148993,2.44,11.32,10.45,-1.09,1.03,0.37,0.44,16.31,11.69,,,,,25,39.94,21.46,59.8,,13.85,2.51,4,3,2,0,3,,12,High Risk,Poor,25,https://www.valueresearchonline.com/funds/41529/
DSP Quant Dir,solution-oriented,Solution: Children - Equity,Direct,-0.93,7.62,5.09,BSE 500 TRI,INF740KA1NQ6,147306,2.44,11.32,10.45,-2.29,0.88,0.27,0.34,14.16,9.46,,,,,40,33.92,19.99,52.46,,23.75,4.16,2,4,2,0,3,,11,High Risk,Poor,25,https://www.valueresearchonline.com/funds/39945/
ICICI Pru Quant Dir,solution-oriented,Solution: Children - Equity,Direct,2.01,12.73,11.27,BSE 500 TRI,INF109KC1O66,148600,2.44,11.32,10.45,1.99,0.83,0.58,0.76,13.27,13.45,,,,,51,37.51,22.1,56.92,,23.1,3.73,8,5,2,0,4,,19,Moderately High Risk,Average,25,https://www.valueresearchonline.com/funds/41206/
Kotak Quant Dir,solution-oriented,Solution: Children - Equity,Direct,3.91,14.8,,BSE 500 TRI,INF174KA1OL0,151881,2.44,11.32,,3.5,1.06,0.63,0.83,17.21,16.52,,,,,56,30.75,16.56,59.79,,25.89,4.14,10,2,4,0,2,,18,Moderately High Risk,Average,25,https://www.valueresearchonline.com/funds/43641/
Motilal Oswal Quant Dir,solution-oriented,Solution: Children - Equity,Direct,2.85,,,BSE 500 TRI,INF247L01CS3,152694,2.44,,,,,,,,,,,,,51,23.97,12.73,56.07,,19.84,4.06,,,,,,,,,,25,https://www.valueresearchonline.com/funds/44386/
Nippon India Quant Dir,solution-oriented,Solution: Children - Equity,Direct,3.99,15.14,13.65,BSE 500 TRI,INF204K01J34,118769,2.44,11.32,10.45,3.9,0.95,0.7,0.93,14.9,16.15,,,,,33,43.89,27.09,61.78,,25.32,4.11,10,4,4,0,3,,21,Moderate Risk,Average,25,https://www.valueresearchonline.com/funds/16155/
Quant Quantamental Dir,solution-oriented,Solution: Children - Equity,Direct,15.46,15.96,19.75,BSE 500 TRI,INF966L01AK9,148925,2.44,11.32,10.45,4.27,1.1,0.64,1.01,18.45,17.54,,,,,18,69.3,42.8,65.45,,32.58,3.49,10,2,4,2,2,,20,Moderate Risk,Average,13,https://www.valueresearchonline.com/funds/41450/
SBI Quant Dir,solution-oriented,Solution: Children - Equity,Direct,4.33,,,BSE 500 TRI,INF200KB1506,153154,2.44,,,,,,,,,,,,,33,52.96,28.99,64.14,,23.36,4.09,,,,,,,,,,25,https://www.valueresearchonline.com/funds/44804/
UTI Quant Dir,solution-oriented,Solution: Children - Equity,Direct,0.85,,,BSE 500 TRI,INF789F1AA98,153204,2.44,,,,,,,,,,,,,89,35.83,19.95,57.48,,25.16,4.99,,,,,,,,,,25,https://www.valueresearchonline.com/funds/44865/
360 ONE Flexicap Dir,solution-oriented,Solution: Children - Debt,Direct,12.04,18.21,,BSE 500 TRI,INF579M01AS1,151796,2.44,11.32,,6.03,0.99,0.82,1.07,15.76,18.54,,,,,56,33.66,19.09,63.66,,26.3,3.87,12,3,6,2,3,4,26,Moderate Risk,Good,25,https://www.valueresearchonline.com/funds/43547/
360 ONE Focused Dir,solution-oriented,Solution: Children - Debt,Direct,7.6,12.33,11.73,BSE 500 TRI,INF579M01902,131580,2.44,11.32,10.45,1.33,0.92,0.53,0.68,14.4,13.34,,,,,28,56.17,32.91,69.51,,26.89,3.92,6,4,2,0,3,3,15,Moderately High Risk,Average,25,https://www.valueresearchonline.com/funds/28458/
Abakkus Flexi Cap Dir,solution-oriented,Solution: Children - Debt,Direct,,,,BSE 500 TRI,INF2JJD01136,154043,,,,,,,,,,,,,,45,33.8,20.21,56.78,,24.84,3.7,,,,,,,,,,25,https://www.valueresearchonline.com/funds/45683/
ABSL Bal Bhavishya Yojna Dir,solution-oriented,Solution: Children - Debt,Direct,8.58,12.08,10.37,BSE 500 TRI,INF209KB1E84,146407,2.44,11.32,10.45,0.9,0.97,0.5,0.67,15.18,13.28,,,,,67,29.14,18.44,55.08,,28.04,3.47,6,3,2,0,3,2,14,Moderately High Risk,Poor,25,https://www.valueresearchonline.com/funds/38821/
ABSL BSE 500 Momentum 50 Index Fund Dir,solution-oriented,Solution: Children - Debt,Direct,7.87,,,BSE 500 TRI,INF209KC1589,153736,2.44,,,,,,,,,,,,,50,39.77,21.65,60.81,,24.54,5.01,,,,,,,,,,25,https://www.valueresearchonline.com/funds/45377/
ABSL BSE 500 Quality 50 Index Dir,solution-oriented,Solution: Children - Debt,Direct,4.36,,,BSE 500 TRI,INF209KC1613,153740,2.44,,,,,,,,,,,,,50,40.61,21.36,59.41,,23.9,7.85,,,,,,,,,,25,https://www.valueresearchonline.com/funds/45381/
ABSL Flexi Cap Dir,solution-oriented,Solution: Children - Debt,Direct,11.55,15.93,12.27,BSE 500 TRI,INF209K01XX1,120564,2.44,11.32,10.45,4.57,0.95,0.76,0.98,14.62,16.82,,,,,83,27.86,17.42,56.43,,30.18,3.9,10,4,4,0,3,4,21,Moderate Risk,Good,25,https://www.valueresearchonline.com/funds/15741/
ABSL Focused Dir,solution-oriented,Solution: Children - Debt,Direct,6.67,13.76,11.09,BSE 500 TRI,INF209K01WE3,119564,2.44,11.32,10.45,2.7,0.9,0.63,0.89,14.08,14.63,,,,,29,42.71,23.75,62.47,,27.18,3.3,8,4,4,0,3,3,19,Moderately High Risk,Average,25,https://www.valueresearchonline.com/funds/15883/
ABSL Retirement 30s Dir,solution-oriented,Solution: Children - Debt,Direct,16.29,16.96,12.83,BSE 500 TRI,INF209KB1I23,146575,2.44,11.32,10.45,5.07,0.98,0.76,1.02,15.54,17.5,,,,,77,25.24,15.08,53.01,,30.07,3.85,12,3,4,2,3,4,24,Moderate Risk,Good,25,https://www.valueresearchonline.com/funds/39181/
Angel One Nifty Total Market ETF,solution-oriented,Solution: Children - Debt,Direct,2.99,,,BSE 500 TRI,INF1J2R01023,153330,2.44,,,,,,,,,,,,,752,28.13,19.63,53.19,,22.13,3.16,,,,,,,,,,25,https://www.valueresearchonline.com/funds/44964/
Angel One Nifty Total Market Index Dir,solution-oriented,Solution: Children - Debt,Direct,2.97,,,BSE 500 TRI,INF1J2R01023,153330,2.44,,,,,,,,,,,,,752,28.15,19.64,53.21,,22.82,3.4,,,,,,,,,,25,https://www.valueresearchonline.com/funds/44963/
Angel One Nifty Total Market Momentum Quality 50 ETF,solution-oriented,Solution: Children - Debt,Direct,,,,BSE 500 TRI,INF1J2R01122,153956,,,,,,,,,,,,,,50,49.37,26.02,64.89,,34.05,8.49,,,,,,,,,,25,https://www.valueresearchonline.com/funds/45605/
Angel One Nifty Total Market Momentum Quality 50 Index Dir,solution-oriented,Solution: Children - Debt,Direct,,,,BSE 500 TRI,INF1J2R01122,153956,,,,,,,,,,,,,,50,49.43,26.06,64.96,,30.19,7.67,,,,,,,,,,25,https://www.valueresearchonline.com/funds/45607/
Axis Flexi Cap Dir,solution-oriented,Solution: Children - Debt,Direct,7.3,14.73,9.33,BSE 500 TRI,INF846K01B28,141925,2.44,11.32,10.45,3.45,0.97,0.65,0.79,15.5,15.83,,,,,62,38.74,23.71,59.77,,32.15,4.66,10,3,4,0,3,2,20,Moderate Risk,Poor,25,https://www.valueresearchonline.com/funds/34711/
Axis Focused Dir,solution-oriented,Solution: Children - Debt,Direct,3.33,11.42,4.95,BSE 500 TRI,INF846K01CQ8,120468,2.44,11.32,10.45,0.98,0.91,0.49,0.69,14.98,12.98,,,,,27,53.02,31.75,59.42,,31.27,5.02,6,4,2,0,3,1,15,Moderately High Risk,Poor,25,https://www.valueresearchonline.com/funds/15684/
Axis Nifty 500 Index Dir,solution-oriented,Solution: Children - Debt,Direct,2.52,,,BSE 500 TRI,INF846K019W9,152731,2.44,,,,,,,,,,,,,500,29.39,20.51,53.66,,22.57,3.4,,,,,,,,,,25,https://www.valueresearchonline.com/funds/44413/
Axis Nifty500 Momentum 50 Index Dir,solution-oriented,Solution: Children - Debt,Direct,7.3,,,BSE 500 TRI,INF846KA1044,153244,2.44,,,,,,,,,,,,,50,46.49,25.49,64.66,,26.66,5.57,,,,,,,,,,25,https://www.valueresearchonline.com/funds/44905/
Axis Nifty500 Quality 50 Index Dir,solution-oriented,Solution: Children - Debt,Direct,,,,BSE 500 TRI,INF846KA1200,153829,,,,,,,,,,,,,,50,39.96,22.92,64.31,,22.61,7.15,,,,,,,,,,25,https://www.valueresearchonline.com/funds/45468/
Bajaj Finserv Flexi Cap Dir,solution-oriented,Solution: Children - Debt,Direct,9.46,17.71,,BSE 500 TRI,INF0QA701342,151895,2.44,11.32,,5.84,0.94,0.82,1.03,15.12,18.04,,,,,72,33.13,19.66,59.94,,22.5,4.23,12,4,6,2,3,4,27,Low Risk,Good,25,https://www.valueresearchonline.com/funds/43653/
Bandhan Flexi Cap Dir,solution-oriented,Solution: Children - Debt,Direct,2.22,11.65,10.34,BSE 500 TRI,INF194K01W62,118424,2.44,11.32,10.45,0.71,0.89,0.5,0.66,13.73,12.52,,,,,71,45.63,29.28,63.7,,21.84,3.01,6,4,2,0,4,3,16,Moderately High Risk,Average,25,https://www.valueresearchonline.com/funds/16501/
Bandhan Focused Dir,solution-oriented,Solution: Children - Debt,Direct,6.34,16.01,12.65,BSE 500 TRI,INF194K01W21,118421,2.44,11.32,10.45,3.46,0.99,0.62,0.87,16.6,15.98,,,,,27,55.64,33.17,62.11,,17.73,2.51,10,3,4,0,3,3,20,Moderate Risk,Average,25,https://www.valueresearchonline.com/funds/16507/
Bandhan Nifty 500 Momentum 50 Index Dir,solution-oriented,Solution: Children - Debt,Direct,7.02,,,BSE 500 TRI,INF194KB1IY0,153003,2.44,,,,,,,,,,,,,50,46.5,25.5,64.65,,26.66,5.57,,,,,,,,,,25,https://www.valueresearchonline.com/funds/44630/
Bandhan Nifty Alpha 50 Index Dir,solution-oriented,Solution: Children - Debt,Direct,11.45,,,BSE 500 TRI,INF194KB1HA2,152177,2.44,,,,,,,,,,,,,50,34.76,20,64.94,,18.19,3.19,,,,,,,,,,25,https://www.valueresearchonline.com/funds/43864/
Bandhan Nifty Total Mkt Index Dir,solution-oriented,Solution: Children - Debt,Direct,2.66,,,BSE 500 TRI,INF194KB1IK9,152716,2.44,,,,,,,,,,,,,752,28.14,19.63,53.29,,22.82,3.4,,,,,,,,,,25,https://www.valueresearchonline.com/funds/44403/
Bank of India Flexi Cap Dir,solution-oriented,Solution: Children - Debt,Direct,15.35,20.4,17.13,BSE 500 TRI,INF761K01FF5,148404,2.44,11.32,10.45,8.27,1.11,0.85,1.25,18.8,21.66,,,,,64,30.66,18.2,51.71,,24.48,3.45,12,2,6,2,2,5,24,Moderate Risk,Excellent,25,https://www.valueresearchonline.com/funds/41018/
Baroda BNP Paribas Children's Dir,solution-oriented,Solution: Children - Debt,Direct,7.92,,,BSE 500 TRI,INF251K01UE9,153171,2.44,,,,,,,,,,,,,57,25.26,13.66,56.88,,29.73,3.99,,,,,,,,,,25,https://www.valueresearchonline.com/funds/44780/
Baroda BNP Paribas Flexi Cap Dir,solution-oriented,Solution: Children - Debt,Direct,6.13,13.09,,BSE 500 TRI,INF251K01QZ2,150387,2.44,11.32,,2.16,1,0.58,0.69,15.71,14.74,,,,,48,30.59,17.11,59.96,,28.87,3.4,8,3,2,0,3,3,16,Moderately High Risk,Average,25,https://www.valueresearchonline.com/funds/42312/
Baroda BNP Paribas Focused Dir,solution-oriented,Solution: Children - Debt,Direct,1.91,9.57,9.79,BSE 500 TRI,INF251K01PN0,150264,2.44,11.32,10.45,-1.12,1.08,0.37,0.47,17.17,12.03,,,,,25,49.33,27.45,61.82,,24.89,3.31,4,2,2,0,2,2,10,High Risk,Poor,25,https://www.valueresearchonline.com/funds/34653/
Canara Robeco Flexi Cap Dir,solution-oriented,Solution: Children - Debt,Direct,1.4,12.54,10.07,BSE 500 TRI,INF760K01EF0,118275,2.44,11.32,10.45,1.63,0.94,0.56,0.69,14.4,13.78,,,,,77,38.24,23.86,59.36,,28.98,4.12,8,4,2,0,3,3,17,Moderately High Risk,Average,25,https://www.valueresearchonline.com/funds/16588/
Canara Robeco Focused Dir,solution-oriented,Solution: Children - Debt,Direct,0.37,13.84,12.31,BSE 500 TRI,INF760K01JQ6,148883,2.44,11.32,10.45,2.88,0.93,0.64,0.8,14.56,14.97,,,,,30,49.68,29.75,58.41,,31.77,4.3,8,4,4,0,3,4,19,Moderately High Risk,Good,25,https://www.valueresearchonline.com/funds/41458/
Capitalmind Flexi Cap Dir,solution-oriented,Solution: Children - Debt,Direct,5.87,,,BSE 500 TRI,INF226401018,153738,2.44,,,,,,,,,,,,,32,37.53,19.78,60.92,,29.11,4.88,,,,,,,,,,25,https://www.valueresearchonline.com/funds/45313/
DSP Flexi Cap Dir,solution-oriented,Solution: Children - Debt,Direct,3.15,11.64,10.05,BSE 500 TRI,INF740K01PI2,119076,2.44,11.32,10.45,0.85,0.98,0.5,0.65,15.26,13.29,,,,,68,43.85,30.54,67.79,,22.86,3.37,6,3,2,0,3,3,14,Moderately High Risk,Average,25,https://www.valueresearchonline.com/funds/16386/
DSP Focused Dir,solution-oriented,Solution: Children - Debt,Direct,5.03,13.77,10.65,BSE 500 TRI,INF740K01OB0,119096,2.44,11.32,10.45,2.7,0.96,0.6,0.83,15.4,15,,,,,30,48.3,31.5,64.43,,21.86,3.26,8,3,4,0,3,3,18,Moderately High Risk,Average,25,https://www.valueresearchonline.com/funds/16388/
DSP Nifty500 Flexicap Quality 30 ETF,solution-oriented,Solution: Children - Debt,Direct,,,,BSE 500 TRI,INF740KA1WR5,153801,,,,,,,,,,,,,,30,35.62,18.23,63.64,,31.15,6.14,,,,,,,,,,25,https://www.valueresearchonline.com/funds/45521/
DSP Nifty500 Flexicap Quality 30 Index Dir,solution-oriented,Solution: Children - Debt,Direct,-4.49,,,BSE 500 TRI,INF740KA1WR5,153801,2.44,,,,,,,,,,,,,30,35.58,18.21,63.56,,25.91,7.06,,,,,,,,,,25,https://www.valueresearchonline.com/funds/45446/
DSP Nifty 500 Index Dir,solution-oriented,Solution: Children - Debt,Direct,,,,BSE 500 TRI,INF740KA1XY9,154088,,,,,,,,,,,,,,500,29.36,20.49,53.63,,22.57,3.4,,,,,,,,,,25,https://www.valueresearchonline.com/funds/45719/
Edelweiss Flexi Cap Dir,solution-oriented,Solution: Children - Debt,Direct,5.21,15.57,13.47,BSE 500 TRI,INF843K01KK1,140353,2.44,11.32,10.45,4.06,0.99,0.71,0.86,15.28,16.56,,,,,90,30.69,20.7,58.13,,26.13,3.59,10,3,4,0,3,4,20,Moderate Risk,Good,25,https://www.valueresearchonline.com/funds/29263/
Edelweiss Focused Dir,solution-oriented,Solution: Children - Debt,Direct,3.42,13.89,,BSE 500 TRI,INF754K01OP1,150376,2.44,11.32,,2.83,0.98,0.62,0.72,15.39,15.31,,,,,29,49.75,29.5,64.16,,26.89,3.45,8,3,4,0,3,3,18,Moderately High Risk,Average,25,https://www.valueresearchonline.com/funds/42298/
Franklin India Flexi Cap Dir,solution-oriented,Solution: Children - Debt,Direct,-0.13,12.02,12.62,BSE 500 TRI,INF090I01FK3,118535,2.44,11.32,10.45,1.21,0.92,0.53,0.68,14.16,13.23,,,,,56,41.17,25.97,56.68,,24.21,3.27,6,4,2,0,3,4,15,Moderately High Risk,Good,25,https://www.valueresearchonline.com/funds/16008/
Franklin India Focused Equity Dir,solution-oriented,Solution: Children - Debt,Direct,-5.77,8.94,10.47,BSE 500 TRI,INF090I01IW2,118564,2.44,11.32,10.45,-1.2,0.87,0.35,0.41,13.74,10.48,,,,,28,58.97,35.92,64.72,,26.71,3.57,4,4,2,0,4,2,14,Moderately High Risk,Poor,25,https://www.valueresearchonline.com/funds/15990/
Groww Nifty 500 Low Volatility 50 ETF,solution-oriented,Solution: Children - Debt,Direct,-0.36,,,BSE 500 TRI,INF666M01ME1,153905,2.44,,,,,,,,,,,,,50,45,24.82,50.73,,23.54,3.69,,,,,,,,,,25,https://www.valueresearchonline.com/funds/45217/
Groww Nifty 500 Momentum 50 ETF,solution-oriented,Solution: Children - Debt,Direct,7.07,,,BSE 500 TRI,INF666M01KC9,153453,2.44,,,,,,,,,,,,,50,46.4,25.45,64.52,,29.12,4.91,,,,,,,,,,25,https://www.valueresearchonline.com/funds/45094/
Groww Nifty 500 Momentum 50 ETF FoF Dir,solution-oriented,Solution: Children - Debt,Direct,7.23,,,BSE 500 TRI,INF666M01JX7,153453,2.44,,,,,,,,,,,,,,,,,,,,,,,,,,,,,1,https://www.valueresearchonline.com/funds/45097/
Groww Nifty Total Market Index Dir,solution-oriented,Solution: Children - Debt,Direct,2.71,,,BSE 500 TRI,INF666M01HM4,152092,2.44,,,,,,,,,,,,,752,28.14,19.64,53.23,,22.82,3.4,,,,,,,,,,25,https://www.valueresearchonline.com/funds/43806/
HDFC BSE 500 ETF,solution-oriented,Solution: Children - Debt,Direct,2.13,10.94,,BSE 500 TRI,INF179KC1JE9,154152,2.44,11.32,,-0.34,1,0.43,0.55,15.2,12.26,,,,,501,29.79,20.79,53.38,,22.17,3.17,4,3,2,0,3,,12,High Risk,Poor,25,https://www.valueresearchonline.com/funds/43117/
HDFC BSE 500 Index Dir,solution-oriented,Solution: Children - Debt,Direct,2.09,10.72,,BSE 500 TRI,INF179KC1GG9,151728,2.44,11.32,,-0.53,1,0.42,0.53,15.15,12.04,,,,,501,29.73,20.75,53.29,,22.72,3.38,4,3,2,0,3,2,12,High Risk,Poor,25,https://www.valueresearchonline.com/funds/43477/
HDFC Diversified Equity All Cap Active FoF Dir,solution-oriented,Solution: Children - Debt,Direct,,,,BSE 500 TRI,INF179KC1JU4,153860,,,,,,,,,,,,,,,,,,,,,,,,,,,,,,5,https://www.valueresearchonline.com/funds/45485/
HDFC Flexi Cap Dir,solution-oriented,Solution: Children - Debt,Direct,4.23,16.38,17.85,BSE 500 TRI,INF179K01UT0,118955,2.44,11.32,10.45,5.85,0.82,0.89,1.04,12.88,17.18,,,,,75,44.61,29.02,61.62,,24.29,3.42,12,5,6,2,4,5,29,Low Risk,Excellent,25,https://www.valueresearchonline.com/funds/16026/
HDFC Focused Dir,solution-oriented,Solution: Children - Debt,Direct,2,16.2,18.7,BSE 500 TRI,INF179K01VK7,118950,2.44,11.32,10.45,5.74,0.79,0.88,0.97,12.71,16.91,,,,,29,54.21,34.08,71.71,,23.74,3.39,12,5,6,0,4,5,27,Low Risk,Excellent,25,https://www.valueresearchonline.com/funds/16021/
HDFC Retirement Savings Equity Dir,solution-oriented,Solution: Children - Debt,Direct,-1.83,9.92,12.85,BSE 500 TRI,INF179KB1MF0,136094,2.44,11.32,10.45,-0.62,0.86,0.4,0.49,13.23,10.99,,,,,69,41.35,27.46,57.33,,21.26,2.96,4,4,2,0,4,4,14,Moderately High Risk,Good,25,https://www.valueresearchonline.com/funds/31780/
Helios Flexi Cap Dir,solution-oriented,Solution: Children - Debt,Direct,7.78,,,BSE 500 TRI,INF0R8701046,152135,2.44,,,,,,,,,,,,,71,32.37,18.87,65.34,,32.81,4.47,,,,,,,,,,25,https://www.valueresearchonline.com/funds/43839/
HSBC Flexi Cap Dir,solution-oriented,Solution: Children - Debt,Direct,9.62,16.73,14.52,BSE 500 TRI,INF336L01DH5,120046,2.44,11.32,10.45,4.77,1.08,0.71,0.91,17.2,17.9,,,,,85,23.62,14.46,57.72,,26.52,3.12,10,2,4,0,2,4,18,Moderately High Risk,Good,25,https://www.valueresearchonline.com/funds/16320/
HSBC Focused Dir,solution-oriented,Solution: Children - Debt,Direct,11.25,15.73,11.88,BSE 500 TRI,INF336L01PB2,148411,2.44,11.32,10.45,4.16,1.02,0.67,0.79,16.75,16.91,,,,,28,48.6,28.26,64.64,,29.65,3.92,10,3,4,0,3,3,20,Moderate Risk,Average,25,https://www.valueresearchonline.com/funds/41022/
ICICI Pru BSE 500 ETF,solution-oriented,Solution: Children - Debt,Direct,2.11,10.94,10.09,BSE 500 TRI,INF209KB13F9,149331,2.44,11.32,10.45,-0.34,1,0.43,0.55,15.19,12.26,,,,,501,29.76,20.77,53.35,,22.19,3.17,4,3,2,0,3,,12,High Risk,Poor,25,https://www.valueresearchonline.com/funds/36037/
ICICI Pru BSE 500 ETF FOF Dir,solution-oriented,Solution: Children - Debt,Direct,1.89,10.74,,BSE 500 TRI,INF109KC1V91,149331,2.44,11.32,,-0.47,0.99,0.42,0.53,15.1,12.07,,,,,,,,,,,,4,3,2,0,3,2,12,High Risk,Poor,1,https://www.valueresearchonline.com/funds/41852/
ICICI Pru Diversified Equity All Cap Active FoF Dir,solution-oriented,Solution: Children - Debt,Direct,,,,BSE 500 TRI,INF109KC1I49,148035,,,,,,,,,,,,,,,,,,,,,,,,,,,,,,5,https://www.valueresearchonline.com/funds/45888/
ICICI Pru Diversified Equity All Cap Omni FoF Dir*,solution-oriented,Solution: Children - Debt,Direct,4.06,15.72,15.37,BSE 500 TRI,INF109KC1I49,148035,2.44,11.32,10.45,4.61,0.91,0.77,1.01,14.11,16.61,,,,,,,,,,,,10,4,4,2,3,4,23,Moderate Risk,Good,10,https://www.valueresearchonline.com/funds/40662/
ICICI Pru Flexicap Dir,solution-oriented,Solution: Children - Debt,Direct,8.45,16.95,15.59,BSE 500 TRI,INF109KC1R14,148990,2.44,11.32,10.45,6.04,0.97,0.82,0.96,15.46,18.41,,,,,69,45.96,31.97,73.78,,33.16,4.98,12,3,6,0,3,4,24,Moderate Risk,Good,25,https://www.valueresearchonline.com/funds/41525/
ICICI Pru Focused Equity Dir,solution-oriented,Solution: Children - Debt,Direct,3.92,17.59,15.94,BSE 500 TRI,INF109K018N2,120722,2.44,11.32,10.45,6.05,0.95,0.84,1.07,14.94,18.29,,,,,33,49.79,31.08,59.18,,18.79,3.69,12,4,6,2,3,5,27,Low Risk,Excellent,25,https://www.valueresearchonline.com/funds/17412/
ICICI Pru Nifty 500 Index Dir,solution-oriented,Solution: Children - Debt,Direct,2.24,,,BSE 500 TRI,INF109KC16Y3,153161,2.44,,,,,,,,,,,,,500,29.42,20.53,53.74,,22.57,3.4,,,,,,,,,,25,https://www.valueresearchonline.com/funds/44820/
ICICI Pru Retirement Pure Equity Dir,solution-oriented,Solution: Children - Debt,Direct,11,20.55,19.91,BSE 500 TRI,INF109KC1TS2,146349,2.44,11.32,10.45,8.01,1.02,0.93,1.34,16.15,20.78,,,,,93,30.61,19.03,45.72,,31.06,4.29,12,3,6,2,3,5,26,Moderate Risk,Excellent,25,https://www.valueresearchonline.com/funds/39055/
Invesco India Flexi Cap Dir,solution-oriented,Solution: Children - Debt,Direct,4.66,18.9,,BSE 500 TRI,INF205KA1494,149763,2.44,11.32,,6.76,1.06,0.81,0.95,17.34,19.76,,,,,69,30.52,18.79,63.03,,40.98,6.25,12,2,6,0,2,4,22,Moderate Risk,Good,25,https://www.valueresearchonline.com/funds/42014/
Invesco India Focused Dir,solution-oriented,Solution: Children - Debt,Direct,6.96,22.57,16.04,BSE 500 TRI,INF205KA1213,148481,2.44,11.32,10.45,9.95,1.03,0.97,1.38,17.65,22.76,,,,,24,55.98,33.03,69.51,,36.14,5.34,12,3,6,2,2,4,25,Moderate Risk,Good,25,https://www.valueresearchonline.com/funds/41096/
ITI Flexi Cap Dir,solution-oriented,Solution: Children - Debt,Direct,15.83,18.82,,BSE 500 TRI,INF00XX01CO7,151379,2.44,11.32,,6.44,1.07,0.8,1.03,17.3,19.52,,,,,77,27.84,18.26,52.5,,28.18,4.17,12,2,6,2,2,5,24,Moderate Risk,Excellent,25,https://www.valueresearchonline.com/funds/43120/
ITI Focused Dir,solution-oriented,Solution: Children - Debt,Direct,13.98,19.45,,BSE 500 TRI,INF00XX01CS8,151777,2.44,11.32,,6.78,1.03,0.85,1.03,16.31,19.56,,,,,30,42.1,22.9,54.96,,31.37,4.15,12,3,6,2,3,5,26,Moderate Risk,Excellent,25,https://www.valueresearchonline.com/funds/43534/
JioBlackRock Flexi Cap Dir,solution-oriented,Solution: Children - Debt,Direct,,,,BSE 500 TRI,INF22M001093,153859,,,,,,,,,,,,,,133,34.05,23.51,54.93,,20.37,2.8,,,,,,,,,,25,https://www.valueresearchonline.com/funds/45482/
JM Flexicap Dir,solution-oriented,Solution: Children - Debt,Direct,4.27,15.18,15.78,BSE 500 TRI,INF192K01CC7,120492,2.44,11.32,10.45,3.67,1.04,0.64,0.82,17.09,16.57,,,,,88,27.37,16.18,61.13,,24.66,3.53,10,3,4,0,2,4,19,Moderately High Risk,Good,25,https://www.valueresearchonline.com/funds/16547/
JM Focused Dir,solution-oriented,Solution: Children - Debt,Direct,5.27,13.09,13.38,BSE 500 TRI,INF192K01BW7,120488,2.44,11.32,10.45,1.87,1.05,0.54,0.71,16.93,14.78,,,,,28,44.5,25,73.1,,22.4,3.95,8,3,2,0,3,3,16,Moderately High Risk,Average,25,https://www.valueresearchonline.com/funds/16539/
Kotak Flexicap Dir,solution-oriented,Solution: Children - Debt,Direct,2.46,12.3,10.89,BSE 500 TRI,INF174K01LS2,120166,2.44,11.32,10.45,1.47,0.95,0.54,0.67,14.84,13.71,,,,,59,41.41,24.11,61.72,,25,3.3,6,4,2,0,3,3,15,Moderately High Risk,Average,25,https://www.valueresearchonline.com/funds/17140/
Kotak Focused Dir,solution-oriented,Solution: Children - Debt,Direct,8.98,15.33,12.66,BSE 500 TRI,INF174KA1EN7,147473,2.44,11.32,10.45,4.43,0.94,0.75,0.88,14.49,16.58,,,,,30,46.29,27.25,61.51,,30.23,4.15,10,4,4,0,3,4,21,Moderate Risk,Good,25,https://www.valueresearchonline.com/funds/40098/
Kotak Nifty500 Momentum 50 Index Dir,solution-oriented,Solution: Children - Debt,Direct,,,,BSE 500 TRI,INF174KA1YC8,154032,,,,,,,,,,,,,,50,46.4,25.45,64.52,,26.66,5.57,,,,,,,,,,25,https://www.valueresearchonline.com/funds/45646/
Kotak Nifty Alpha 50 ETF,solution-oriented,Solution: Children - Debt,Direct,11.73,16.32,,BSE 500 TRI,INF174KA1XG1,153781,2.44,11.32,,4.39,1.32,0.59,0.78,22.83,19.21,,,,,50,34.72,19.99,64.89,,21.2,3.99,10,0,2,0,0,,12,High Risk,Poor,25,https://www.valueresearchonline.com/funds/41896/
Kotak Nifty Alpha 50 Index Dir,solution-oriented,Solution: Children - Debt,Direct,11.28,,,BSE 500 TRI,INF174KA1XG1,153781,2.44,,,,,,,,,,,,,50,34.72,19.99,64.9,,18.19,3.19,,,,,,,,,,25,https://www.valueresearchonline.com/funds/45402/
LIC MF Children's Dir,solution-oriented,Solution: Children - Debt,Direct,8.82,9.7,8.42,BSE 500 TRI,INF767K01FB1,120285,2.44,11.32,10.45,-0.64,0.9,0.37,0.43,14.98,11.28,,,,,37,33.4,18.88,49.7,,37.68,5.66,4,4,2,0,3,2,13,Moderately High Risk,Poor,25,https://www.valueresearchonline.com/funds/17648/
LIC MF Flexi Cap Dir,solution-oriented,Solution: Children - Debt,Direct,9.26,12.42,10.99,BSE 500 TRI,INF767K01EG3,120264,2.44,11.32,10.45,1.8,0.98,0.53,0.63,16.22,14.25,,,,,42,34.24,18.73,51.81,,38.77,4.81,8,3,2,0,3,3,16,Moderately High Risk,Average,25,https://www.valueresearchonline.com/funds/16756/
LIC MF Focused Dir,solution-oriented,Solution: Children - Debt,Direct,3.96,10.13,9.35,BSE 500 TRI,INF397L01KA7,152010,2.44,11.32,10.45,-0.96,0.95,0.36,0.45,15.57,11.27,,,,,28,43.76,24.5,60,,11.98,3.52,4,4,2,0,3,,13,Moderately High Risk,Average,25,https://www.valueresearchonline.com/funds/34738/
Mahindra Manulife Flexi Cap Dir,solution-oriented,Solution: Children - Debt,Direct,0.92,11.07,11.67,BSE 500 TRI,INF174V01AS2,149104,2.44,11.32,10.45,0.01,0.93,0.45,0.58,14.38,12.16,,,,,71,32.03,21.96,57.1,,27.88,3.51,6,4,2,0,3,3,15,Moderately High Risk,Average,25,https://www.valueresearchonline.com/funds/41633/
Mahindra Manulife Focused Dir,solution-oriented,Solution: Children - Debt,Direct,3.83,14.74,14.32,BSE 500 TRI,INF174V01AG7,148567,2.44,11.32,10.45,3.83,0.9,0.7,0.93,14.3,15.74,,,,,30,51.96,32.14,57.2,,18.69,2.67,10,4,4,0,3,4,21,Moderate Risk,Good,25,https://www.valueresearchonline.com/funds/41169/
Mirae Asset Flexi Cap Dir,solution-oriented,Solution: Children - Debt,Direct,5.72,13.04,,BSE 500 TRI,INF769K01JJ2,151412,2.44,11.32,,1.91,0.93,0.58,0.71,14.27,13.99,,,,,84,30.44,20.54,57.64,,22.99,3.63,8,4,2,0,3,3,17,Moderately High Risk,Average,25,https://www.valueresearchonline.com/funds/43134/
Mirae Asset Focused Dir,solution-oriented,Solution: Children - Debt,Direct,-0.61,8.3,6.92,BSE 500 TRI,INF769K01EU0,147206,2.44,11.32,10.45,-2.46,0.95,0.26,0.34,15.59,9.78,,,,,30,51.55,32.95,58.96,,28.57,3.65,2,4,2,0,3,1,11,High Risk,Poor,25,https://www.valueresearchonline.com/funds/39823/
Mirae Asset Nifty Total Market Index Dir,solution-oriented,Solution: Children - Debt,Direct,2.93,,,BSE 500 TRI,INF769K01MD9,152968,2.44,,,,,,,,,,,,,752,28.13,19.63,53.18,,22.82,3.4,,,,,,,,,,25,https://www.valueresearchonline.com/funds/44601/
Motilal Oswal BSE 1000 Index Dir,solution-oriented,Solution: Children - Debt,Direct,2.79,,,BSE 500 TRI,INF247L01FM9,153596,2.44,,,,,,,,,,,,,1003,27.89,19.46,53.07,,23.06,3.37,,,,,,,,,,25,https://www.valueresearchonline.com/funds/45219/
Motilal Oswal Diversified Equity Flexicap Passive FoF Dir,solution-oriented,Solution: Children - Debt,Direct,,,,BSE 500 TRI,INF247L01GL9,154112,,,,,,,,,,,,,,,,,,,,,,,,,,,,,,3,https://www.valueresearchonline.com/funds/45729/
Motilal Oswal Flexi Cap Dir,solution-oriented,Solution: Children - Debt,Direct,2.68,18.44,12.89,BSE 500 TRI,INF247L01502,129046,2.44,11.32,10.45,7.62,0.97,0.82,1.11,17.51,20.02,,,,,32,46.59,28.82,65.19,,44.57,5.3,12,3,6,2,2,3,25,Moderate Risk,Average,25,https://www.valueresearchonline.com/funds/26125/
Motilal Oswal Focused Dir,solution-oriented,Solution: Children - Debt,Direct,28.09,14.59,10.58,BSE 500 TRI,INF247L01189,122389,2.44,11.32,10.45,3.19,1.07,0.54,0.75,19.62,16.26,,,,,29,39.03,20.67,61.39,,49.91,5.24,10,2,2,0,2,2,16,Moderately High Risk,Poor,25,https://www.valueresearchonline.com/funds/19514/
Motilal Oswal Nifty 500 ETF,solution-oriented,Solution: Children - Debt,Direct,2.66,,,BSE 500 TRI,INF174KA1TF1,152869,2.44,,,,,,,,,,,,,500,29.4,20.52,53.62,,22.01,3.18,,,,,,,,,,25,https://www.valueresearchonline.com/funds/43812/
Motilal Oswal Nifty 500 Index Dir,solution-oriented,Solution: Children - Debt,Direct,2.72,11.38,10.28,BSE 500 TRI,INF247L01AE7,147794,2.44,11.32,10.45,0.15,1,0.46,0.59,15.23,12.76,,,,,500,29.44,20.54,53.71,,22.57,3.4,6,3,2,0,3,2,14,Moderately High Risk,Poor,25,https://www.valueresearchonline.com/funds/40240/
Motilal Oswal Nifty 500 Momentum 50 ETF,solution-oriented,Solution: Children - Debt,Direct,6.93,,,BSE 500 TRI,INF247L01DJ0,152871,2.44,,,,,,,,,,,,,50,46.41,25.45,64.55,,29.12,4.91,,,,,,,,,,25,https://www.valueresearchonline.com/funds/44555/
Motilal Oswal Nifty 500 Momentum 50 Index Dir,solution-oriented,Solution: Children - Debt,Direct,6.85,,,BSE 500 TRI,INF247L01DL6,152875,2.44,,,,,,,,,,,,,50,46.39,25.44,64.51,,26.66,5.57,,,,,,,,,,25,https://www.valueresearchonline.com/funds/44554/
Motilal Oswal Nifty Alpha 50 ETF,solution-oriented,Solution: Children - Debt,Direct,11.2,,,BSE 500 TRI,INF247L01DG6,152867,2.44,,,,,,,,,,,,,50,34.72,19.99,64.9,,21.2,3.99,,,,,,,,,,25,https://www.valueresearchonline.com/funds/45363/
Navi Flexi Cap Dir,solution-oriented,Solution: Children - Debt,Direct,14.01,12.12,11.99,BSE 500 TRI,INF959L01DT9,143793,2.44,11.32,10.45,0.97,0.98,0.5,0.65,15.53,13.4,,,,,71,28.38,16.61,61.33,,22.54,3.49,6,3,2,0,3,3,14,Moderately High Risk,Average,25,https://www.valueresearchonline.com/funds/36686/
Nippon India Diversified Equity Flexicap Passive FoF Dir,solution-oriented,Solution: Children - Debt,Direct,1.89,10.85,9.99,BSE 500 TRI,INF204KB16X6,148642,2.44,11.32,10.45,-0.45,0.99,0.42,0.56,15.08,12.07,,,,,,,,,,,,4,3,2,0,3,2,12,High Risk,Poor,3,https://www.valueresearchonline.com/funds/41241/
Nippon India Flexi Cap Dir,solution-oriented,Solution: Children - Debt,Direct,2.85,11.17,11.47,BSE 500 TRI,INF204KC1121,149094,2.44,11.32,10.45,0.16,1,0.46,0.58,15.48,12.75,,,,,89,33.84,23.02,58.03,,27.09,3.62,6,3,2,0,3,3,14,Moderately High Risk,Average,25,https://www.valueresearchonline.com/funds/41616/
Nippon India Focused Dir,solution-oriented,Solution: Children - Debt,Direct,3.74,10.41,11.19,BSE 500 TRI,INF204K01F95,118692,2.44,11.32,10.45,-0.31,0.94,0.42,0.6,14.8,11.85,,,,,29,53.67,33.95,64.92,,23.75,3.12,4,4,2,0,3,3,13,Moderately High Risk,Average,25,https://www.valueresearchonline.com/funds/16129/
Nippon India Nifty 500 Low Volatility 50 Index Dir,solution-oriented,Solution: Children - Debt,Direct,-0.59,,,BSE 500 TRI,INF204KC1EQ2,153474,2.44,,,,,,,,,,,,,50,42.72,23.52,48.53,,19.91,3.42,,,,,,,,,,25,https://www.valueresearchonline.com/funds/45109/
Nippon India Nifty 500 Momentum 50 Index Dir,solution-oriented,Solution: Children - Debt,Direct,7.84,,,BSE 500 TRI,INF204KC1DG5,152881,2.44,,,,,,,,,,,,,50,46.39,25.44,64.51,,26.66,5.57,,,,,,,,,,25,https://www.valueresearchonline.com/funds/44558/
Nippon India Nifty 500 Quality 50 Index Dir,solution-oriented,Solution: Children - Debt,Direct,3.19,,,BSE 500 TRI,INF204KC1EW0,153470,2.44,,,,,,,,,,,,,49,40.56,23.27,63.52,,22.42,7.08,,,,,,,,,,25,https://www.valueresearchonline.com/funds/45105/
Nippon India Retirement Wealth Creation Dir,solution-oriented,Solution: Children - Debt,Direct,1.33,11.61,11.41,BSE 500 TRI,INF204KA1B72,133568,2.44,11.32,10.45,0.65,0.96,0.49,0.61,14.91,13,,,,,69,42.09,27.22,60.57,,23.86,3.35,6,3,2,0,3,3,14,Moderately High Risk,Average,25,https://www.valueresearchonline.com/funds/29291/
NJ Flexi Cap Dir,solution-oriented,Solution: Children - Debt,Direct,-4.45,,,BSE 500 TRI,INF0J8L01156,151917,2.44,,,,,,,,,,,,,51,42.44,23.24,62.87,,27.61,4.74,,,,,,,,,,25,https://www.valueresearchonline.com/funds/43714/
Old Bridge Flexi Cap Dir,solution-oriented,Solution: Children - Debt,Direct,,,,BSE 500 TRI,INF0S5R01133,154225,,,,,,,,,,,,,,35,33.61,18.17,52.79,,16.98,2.79,,,,,,,,,,25,https://www.valueresearchonline.com/funds/45846/
Old Bridge Focused Dir,solution-oriented,Solution: Children - Debt,Direct,19.4,,,BSE 500 TRI,INF0S5R01042,152358,2.44,,,,,,,,,,,,,24,54.12,31.5,44.87,,13,3.02,,,,,,,,,,24,https://www.valueresearchonline.com/funds/44038/
Parag Parikh Flexi Cap Dir,solution-oriented,Solution: Children - Debt,Direct,-2.11,13.33,12.2,BSE 500 TRI,INF879O01027,122639,2.44,11.32,10.45,3.77,0.6,0.8,1.12,9.94,13.63,,,,,65,49.95,29.73,56.9,,16.47,2.87,10,6,6,2,6,4,30,Low Risk,Good,25,https://www.valueresearchonline.com/funds/19701/
PGIM India Flexi Cap Dir,solution-oriented,Solution: Children - Debt,Direct,3.02,11.15,8.66,BSE 500 TRI,INF663L01FF1,133839,2.44,11.32,10.45,0.45,0.92,0.47,0.64,14.45,12.47,,,,,83,32.47,21.74,55.8,,28.52,4.33,6,4,2,0,3,2,15,Moderately High Risk,Poor,25,https://www.valueresearchonline.com/funds/29473/
Quant Flexi Cap Dir,solution-oriented,Solution: Children - Debt,Direct,16.32,15.9,14.96,BSE 500 TRI,INF966L01911,120843,2.44,11.32,10.45,3.94,1.15,0.62,1.05,19.29,17.58,,,,,34,60.25,38.19,57.1,,34.21,3.74,10,2,4,2,2,3,20,Moderate Risk,Average,25,https://www.valueresearchonline.com/funds/17377/
Quantum Diversified Equity All Cap Active FoF Dir*,solution-oriented,Solution: Children - Debt,Direct,2.97,11.93,9.99,BSE 500 TRI,INF082J01093,112039,2.44,11.32,10.45,1.06,0.92,0.52,0.63,14.21,13.14,,,,,,,,,,,,6,4,2,0,3,3,15,Moderately High Risk,Average,9,https://www.valueresearchonline.com/funds/10550/
Samco Flexi Cap Dir,solution-oriented,Solution: Children - Debt,Direct,-2.72,-1.94,,BSE 500 TRI,INF0K1H01024,149450,2.44,11.32,,-12.17,1.07,-0.25,-0.28,19.25,0.91,,,,,25,51.99,30.78,74.28,,19.98,4.35,0,2,0,0,2,1,4,High Risk,Poor,25,https://www.valueresearchonline.com/funds/41935/
SBI Flexicap Dir,solution-oriented,Solution: Children - Debt,Direct,1.55,9.15,8.68,BSE 500 TRI,INF200K01UG1,119718,2.44,11.32,10.45,-1.15,0.87,0.36,0.41,13.46,10.52,,,,,65,36.23,23.22,59.61,,23.51,3.24,4,4,2,0,4,2,14,Moderately High Risk,Poor,25,https://www.valueresearchonline.com/funds/17514/
SBI Focused Dir,solution-oriented,Solution: Children - Debt,Direct,14.55,16.51,12.64,BSE 500 TRI,INF200K01RJ1,119727,2.44,11.32,10.45,5.4,0.82,0.8,1.18,13.88,16.76,,,,,25,55.01,34.08,63.02,,22.79,3.96,12,5,6,2,4,4,29,Low Risk,Good,25,https://www.valueresearchonline.com/funds/16324/
SBI Nifty 500 Index Dir,solution-oriented,Solution: Children - Debt,Direct,2.46,,,BSE 500 TRI,INF200KB1381,152908,2.44,,,,,,,,,,,,,500,29.45,20.55,53.73,,22.57,3.4,,,,,,,,,,25,https://www.valueresearchonline.com/funds/44567/
SBI Retirement Benefit Aggressive Dir,solution-oriented,Solution: Children - Debt,Direct,4.84,9.72,12.15,BSE 500 TRI,INF200KA1S97,148685,2.44,11.32,10.45,-1.15,0.94,0.36,0.46,14.73,11.04,,,,,53,36.17,23.31,62.04,,29.68,4.09,4,4,2,0,3,3,13,Moderately High Risk,Average,25,https://www.valueresearchonline.com/funds/41271/
Shriram Flexi Cap Dir,solution-oriented,Solution: Children - Debt,Direct,1.05,8.3,8.09,BSE 500 TRI,INF680P01109,144905,2.44,11.32,10.45,-2.35,1,0.27,0.32,16.82,10.27,,,,,70,38.62,25.28,57.39,,20.68,3.22,2,3,2,0,3,1,10,High Risk,Poor,25,https://www.valueresearchonline.com/funds/37581/
Sundaram Flexi Cap Dir,solution-oriented,Solution: Children - Debt,Direct,-1.45,9.93,,BSE 500 TRI,INF903JA1LE2,150571,2.44,11.32,,-0.85,0.91,0.38,0.49,14.29,11.15,,,,,54,41.59,25.19,64.98,,22.75,3.1,4,4,2,0,3,2,13,Moderately High Risk,Poor,25,https://www.valueresearchonline.com/funds/42504/
Sundaram Focused Dir,solution-oriented,Solution: Children - Debt,Direct,6.16,11.5,10.11,BSE 500 TRI,INF173K01EK6,149533,2.44,11.32,10.45,1.34,0.8,0.53,0.64,12.93,12.58,,,,,29,54.4,33.38,66.64,,29.12,4.01,6,5,2,0,4,2,17,Moderately High Risk,Poor,25,https://www.valueresearchonline.com/funds/16614/
Tata Children's Dir,solution-oriented,Solution: Children - Debt,Direct,-6.91,5.19,6.88,BSE 500 TRI,INF277K01QW4,119312,2.44,11.32,10.45,-5.8,0.97,0.06,0.08,15.15,6.61,,,,,51,38.44,22.74,56.2,,18.5,2.61,0,3,2,0,3,1,8,High Risk,Poor,25,https://www.valueresearchonline.com/funds/16957/
Tata Flexi Cap Dir,solution-oriented,Solution: Children - Debt,Direct,-1.56,10.81,9.5,BSE 500 TRI,INF277K015K0,144546,2.44,11.32,10.45,0.01,0.86,0.44,0.61,13.54,11.64,,,,,65,35.26,23.94,53.38,,23.13,2.89,6,4,2,0,4,3,16,Moderately High Risk,Average,25,https://www.valueresearchonline.com/funds/37437/
Tata Focused Dir,solution-oriented,Solution: Children - Debt,Direct,-0.3,10.62,10.39,BSE 500 TRI,INF277K017X9,147757,2.44,11.32,10.45,-0.02,0.92,0.43,0.53,14.54,12,,,,,27,50.16,29.7,53.94,,24.51,3.1,4,4,2,0,3,3,13,Moderately High Risk,Average,25,https://www.valueresearchonline.com/funds/40405/
Tata Retirement Savings Progressive Dir,solution-oriented,Solution: Children - Debt,Direct,9.25,13.96,11.28,BSE 500 TRI,INF277K01QO1,119251,2.44,11.32,10.45,2.5,1.01,0.58,0.81,16.21,15.14,,,,,54,34,20.98,50.99,,32.68,4.7,8,3,2,0,3,3,16,Moderately High Risk,Average,25,https://www.valueresearchonline.com/funds/17020/
Taurus Flexi Cap Dir,solution-oriented,Solution: Children - Debt,Direct,8.58,11.58,10.33,BSE 500 TRI,INF044D01BU9,118883,2.44,11.32,10.45,0.45,1.02,0.46,0.62,16.23,13.22,,,,,43,48.55,29.72,58.49,,20.16,2.91,6,3,2,0,3,2,14,Moderately High Risk,Poor,25,https://www.valueresearchonline.com/funds/16705/
The Wealth Company Flexi Cap Dir,solution-oriented,Solution: Children - Debt,Direct,,,,BSE 500 TRI,INF2F0001040,153872,,,,,,,,,,,,,,45,33.75,19.2,62.86,,29.62,4.44,,,,,,,,,,25,https://www.valueresearchonline.com/funds/45499/
TRUST MF Flexi Cap Dir,solution-oriented,Solution: Children - Debt,Direct,11.39,,,BSE 500 TRI,INF174K01KM7,119757,2.44,,,,,,,,,,,,,65,31.41,19.58,64.96,,35.49,4.97,,,,,,,,,,25,https://www.valueresearchonline.com/funds/44271/
Unifi Flexi Cap Dir,solution-oriented,Solution: Children - Debt,Direct,8.53,,,BSE 500 TRI,INF1MIY01031,153543,2.44,,,,,,,,,,,,,54,34.72,20.41,61.17,,22.29,3.15,,,,,,,,,,25,https://www.valueresearchonline.com/funds/45189/
Union Children's Dir,solution-oriented,Solution: Children - Debt,Direct,5.28,,,BSE 500 TRI,INF582M01JK3,152219,2.44,,,,,,,,,,,,,68,27.62,16.59,65.4,,30.68,3.73,,,,,,,,,,25,https://www.valueresearchonline.com/funds/43924/
Union Diversified Equity All Cap Active FoF Dir,solution-oriented,Solution: Children - Debt,Direct,,,,BSE 500 TRI,INF582M01LZ7,153824,,,,,,,,,,,,,,,,,,,,,,,,,,,,,,5,https://www.valueresearchonline.com/funds/45473/
Union Flexi Cap Dir,solution-oriented,Solution: Children - Debt,Direct,5.32,12.02,10.76,BSE 500 TRI,INF582M01633,119292,2.44,11.32,10.45,1.06,0.94,0.51,0.59,14.8,13.25,,,,,70,32.12,21.1,60.26,,31.36,4.11,6,4,2,0,3,3,15,Moderately High Risk,Average,25,https://www.valueresearchonline.com/funds/16412/
Union Focused Dir,solution-oriented,Solution: Children - Debt,Direct,9.25,12.37,10.31,BSE 500 TRI,INF582M01FS4,147492,2.44,11.32,10.45,2.06,0.86,0.56,0.67,14.18,13.68,,,,,29,47.57,27.96,64.01,,33.22,5.12,8,4,2,0,3,3,17,Moderately High Risk,Average,25,https://www.valueresearchonline.com/funds/40108/
Union Retirement Dir,solution-oriented,Solution: Children - Debt,Direct,8.46,13.96,,BSE 500 TRI,INF582M01IK5,150554,2.44,11.32,,2.91,0.9,0.65,0.79,14.05,14.84,,,,,80,27.93,18.04,63.76,,29.34,4.52,8,4,4,0,3,4,19,Moderately High Risk,Good,25,https://www.valueresearchonline.com/funds/42492/
UTI Children's Equity Dir,solution-oriented,Solution: Children - Debt,Direct,-3.23,8.22,7.24,BSE 500 TRI,INF789F1AZV0,120724,2.44,11.32,10.45,-2.34,0.95,0.29,0.38,14.71,9.89,,,,,70,42.48,27.9,60.33,,25.37,3.65,2,4,2,0,3,2,11,High Risk,Poor,25,https://www.valueresearchonline.com/funds/15867/
UTI Flexi Cap Dir,solution-oriented,Solution: Children - Debt,Direct,0.34,9.13,5.43,BSE 500 TRI,INF789F01TC4,120662,2.44,11.32,10.45,-1.11,0.88,0.34,0.48,14.71,10.67,,,,,59,44.46,26.47,66.78,,38.17,5.26,4,4,2,0,3,1,13,Moderately High Risk,Poor,25,https://www.valueresearchonline.com/funds/15714/
UTI Focused Dir,solution-oriented,Solution: Children - Debt,Direct,1.81,11.1,10.37,BSE 500 TRI,INF789F1AVA3,149091,2.44,11.32,10.45,0.32,0.94,0.46,0.57,14.78,12.5,,,,,29,53.26,33.49,60.15,,27.6,3.63,6,4,2,0,3,2,15,Moderately High Risk,Poor,25,https://www.valueresearchonline.com/funds/41629/
UTI Nifty500 Shariah Index Dir,solution-oriented,Solution: Children - Debt,Direct,,,,BSE 500 TRI,INF789F1AD04,154197,,,,,,,,,,,,,,198,30.52,20,54.38,,24.22,4.4,,,,,,,,,,25,https://www.valueresearchonline.com/funds/45821/
WhiteOak Capital Flexi Cap Dir,solution-oriented,Solution: Children - Debt,Direct,7.27,15.72,,BSE 500 TRI,INF03VN01530,150346,2.44,11.32,,4.29,0.91,0.74,0.98,14.31,16.27,,,,,161,36.21,25.1,58.64,,26.01,3.59,10,4,4,0,3,4,21,Moderate Risk,Good,25,https://www.valueresearchonline.com/funds/42320/
ABSL Global Emerging Opportunities Dir*,solution-oriented,Equity: International,Direct,20.21,18.46,9.8,BSE 500 TRI*,INF084M01EB0,132140,2.44,11.32,10.45,,,0.81,1.37,16.4,19,,,,,,,,,,,,,,6,2,3,,11,High Risk,Poor,1,https://www.valueresearchonline.com/funds/17094/
ABSL Global Excellence Equity FoF Dir*,solution-oriented,Equity: International,Direct,23.68,20.85,13.14,BSE 500 TRI*,INF084M01EH7,132009,2.44,11.32,10.45,,,1.08,1.57,13.76,20.5,,,,,,,,,,,,,,8,3,4,,15,Moderately High Risk,Average,1,https://www.valueresearchonline.com/funds/17099/
ABSL International Equity Dir,solution-oriented,Equity: International,Direct,20.22,20.2,11.94,BSE 500 TRI,INF209K01WS3,119517,2.44,11.32,10.45,,,1.02,1.83,13.28,19.25,,,,,68,,,62.15,,6.3,5.04,,,8,3,4,,15,Moderately High Risk,Average,25,https://www.valueresearchonline.com/funds/15903/
ABSL US Equity Passive FoF Dir,solution-oriented,Equity: International,Direct,34.3,29.37,,BSE 500 TRI,INF209KB18C5,149291,2.44,11.32,,,,1.16,2.2,19.54,28.28,,,,,,,,,,,,,,8,3,2,,13,Moderately High Risk,Average,1,https://www.valueresearchonline.com/funds/41797/
Axis Global Equity Alpha FoF Dir,solution-oriented,Equity: International,Direct,22.74,23.15,15.27,BSE 500 TRI,INF846K01X06,148485,2.44,11.32,10.45,,,1.25,1.98,13.57,22.68,,,,,,,,,,,,,,10,3,4,,17,Moderately High Risk,Average,1,https://www.valueresearchonline.com/funds/41100/
Axis Global Innovation FoF Dir,solution-oriented,Equity: International,Direct,27.55,24.43,13.11,BSE 500 TRI,INF846K01Z20,148954,2.44,11.32,10.45,,,1.01,1.76,18.58,24.48,,,,,,,,,,,,,,8,3,2,,13,Moderately High Risk,Average,1,https://www.valueresearchonline.com/funds/41496/
Axis Greater China Equity FoF Dir,solution-oriented,Equity: International,Direct,33.4,21.1,7.38,BSE 500 TRI,INF846K01Y39,148699,2.44,11.32,10.45,,,0.81,1.57,20.34,22.17,,,,,,,,,,,,,,6,3,2,,11,High Risk,Poor,1,https://www.valueresearchonline.com/funds/41287/
Axis NASDAQ 100 US Specific Equity Passive FoF Dir,solution-oriented,Equity: International,Direct,33.84,29.03,,BSE 500 TRI,INF846K012K9,150751,2.44,11.32,,,,1.19,2.16,18.89,28.08,,,,,,,,,,,,,,8,3,2,,13,Moderately High Risk,Average,1,https://www.valueresearchonline.com/funds/42633/
Bandhan US specific Equity Active FoF Dir,solution-oriented,Equity: International,Direct,13.07,22.84,15,BSE 500 TRI,INF194KB1CF2,149098,2.44,11.32,10.45,,,0.93,1.57,17.93,22.43,,,,,,,,,,,,,,6,3,2,,11,High Risk,Poor,1,https://www.valueresearchonline.com/funds/41620/
Baroda BNP Paribas Aqua FoF Dir,solution-oriented,Equity: International,Direct,13.34,13.82,8.18,BSE 500 TRI,INF251K01QT5,150285,2.44,11.32,10.45,,,0.57,0.97,15.9,14.78,,,,,,,,,,,,,,2,0,3,,5,High Risk,Poor,1,https://www.valueresearchonline.com/funds/41454/
DSP Global Clean Energy Overseas Equity Omni FoF Dir,solution-oriented,Equity: International,Direct,37.18,17.66,12.06,BSE 500 TRI,INF740K01PC5,119275,2.44,11.32,10.45,,,0.65,1.21,19.63,18.37,,,,,,,,,,,,,,4,2,2,,8,High Risk,Poor,1,https://www.valueresearchonline.com/funds/17012/
DSP Global Innovation Overseas Equity Omni FoF Dir*,solution-oriented,Equity: International,Direct,29.31,26.34,,BSE 500 TRI*,INF740KA1QP1,149816,2.44,11.32,,,,1.2,2.56,16.93,25.94,,,,,,,,,,,,,,10,4,3,,17,Moderately High Risk,Average,6,https://www.valueresearchonline.com/funds/42054/
DSP US Specific Equity Omni FoF Dir,solution-oriented,Equity: International,Direct,36.16,27.15,19.08,BSE 500 TRI,INF740K01OH7,119252,2.44,11.32,10.45,,,1.12,2.03,17.77,25.65,,,,,,,,,,,,,,8,3,2,,13,Moderately High Risk,Average,1,https://www.valueresearchonline.com/funds/17006/
DSP World Gold Mining Overseas Equity Omni FoF Dir,solution-oriented,Equity: International,Direct,68.64,58.29,30.44,BSE 500 TRI,INF740K01OZ9,119277,2.44,11.32,10.45,,,1.29,2.29,36.25,52.44,,,,,,,,,,,,,,10,3,0,,13,Moderately High Risk,Average,2,https://www.valueresearchonline.com/funds/17016/
DSP World Mining Overseas Equity Omni FoF Dir,solution-oriented,Equity: International,Direct,73.39,30.73,20.32,BSE 500 TRI,INF740K01PF8,119279,2.44,11.32,10.45,,,1,1.64,25.56,31.24,,,,,,,,,,,,,,8,3,0,,11,High Risk,Poor,1,https://www.valueresearchonline.com/funds/17021/
Edelweiss ASEAN Equity Offshore Dir,solution-oriented,Equity: International,Direct,23.71,17.12,11.28,BSE 500 TRI,INF843K01AW7,140256,2.44,11.32,10.45,,,0.98,1.6,11.02,16.53,,,,,,,,,,,,,,6,3,5,,14,Moderately High Risk,Average,1,https://www.valueresearchonline.com/funds/17131/
Edelweiss Emerging Markets Opportunities Equity Offshr Dir,solution-oriented,Equity: International,Direct,57.33,27.94,11.59,BSE 500 TRI,INF843K01IZ3,140327,2.44,11.32,10.45,,,1.26,2.29,16.98,27.01,,,,,,,,,,,,,,10,3,3,,16,Moderately High Risk,Average,1,https://www.valueresearchonline.com/funds/27119/
Edelweiss Europe Dynamic Equity Offshr Dir,solution-oriented,Equity: International,Direct,27.89,25.31,15.73,BSE 500 TRI,INF843K01GI3,140296,2.44,11.32,10.45,,,1.37,2.25,12.98,23.53,,,,,,,,,,,,,,10,3,4,,17,Moderately High Risk,Average,1,https://www.valueresearchonline.com/funds/23435/
Edelweiss Greater China Equity Offshore Dir,solution-oriented,Equity: International,Direct,35.66,22.25,5.86,BSE 500 TRI,INF843K01AU1,140243,2.44,11.32,10.45,,,0.85,1.76,20.86,23.48,,,,,,,,,,,,,,6,3,2,,11,High Risk,Poor,1,https://www.valueresearchonline.com/funds/17132/
Edelweiss US Technology Equity FoF Dir,solution-oriented,Equity: International,Direct,25.9,27.58,14.68,BSE 500 TRI,INF754K01LB7,148063,2.44,11.32,10.45,,,0.84,1.34,27.78,28.91,,,,,,,,,,,,,,6,2,0,,8,High Risk,Poor,1,https://www.valueresearchonline.com/funds/40665/
Edelweiss US Value Equity Offshore Dir,solution-oriented,Equity: International,Direct,30.27,20.06,15.03,BSE 500 TRI,INF843K01EC1,140274,2.44,11.32,10.45,,,1.12,1.47,12.39,19.52,,,,,,,,,,,,,,8,2,4,,14,Moderately High Risk,Average,1,https://www.valueresearchonline.com/funds/20060/
Franklin Asian Equity Dir,solution-oriented,Equity: International,Direct,43.26,22.44,9.23,BSE 500 TRI,INF090I01IZ5,118559,2.44,11.32,10.45,,,0.99,1.54,17.34,22.89,,,,,54,21.18,12.36,62.51,,26.35,3.91,,,6,3,2,,11,High Risk,Poor,25,https://www.valueresearchonline.com/funds/15977/
Franklin U.S. Opportunities Equity Active FoF Dir,solution-oriented,Equity: International,Direct,15.23,21.11,9.59,BSE 500 TRI,INF090I01JR0,118551,2.44,11.32,10.45,,,0.85,1.42,17.94,20.87,,,,,,,,,,,,,,6,2,2,,10,High Risk,Poor,1,https://www.valueresearchonline.com/funds/16027/
HDFC Developed World Overseas Equity Passive FoF Dir*,solution-oriented,Equity: International,Direct,29.65,25.02,,BSE 500 TRI*,INF179KC1BO4,149180,2.44,11.32,,,,1.47,2.23,12.36,23.82,,,,,,,,,,,,,,10,3,4,,17,Moderately High Risk,Average,5,https://www.valueresearchonline.com/funds/41714/
HSBC Asia Pacific (Ex Japan) Dividend Yield Dir,solution-oriented,Equity: International,Direct,39.67,26.53,14.96,BSE 500 TRI,INF336L01HF0,127071,2.44,11.32,10.45,,,1.36,2.26,14.48,25.42,,,,,,,,,,,,,,10,3,3,,16,Moderately High Risk,Average,1,https://www.valueresearchonline.com/funds/23946/
HSBC Brazil Dir,solution-oriented,Equity: International,Direct,37.9,15.18,9.13,BSE 500 TRI,INF336L01BY4,120035,2.44,11.32,10.45,,,0.41,0.99,23.39,15.35,,,,,,,,,,,,,,2,0,0,,2,High Risk,Poor,1,https://www.valueresearchonline.com/funds/17042/
HSBC Global Emerging Markets Dir,solution-oriented,Equity: International,Direct,54,27.91,12.09,BSE 500 TRI,INF336L01CJ3,120043,2.44,11.32,10.45,,,1.15,2.2,18.73,27.31,,,,,,,,,,,,,,8,3,2,,13,Moderately High Risk,Average,1,https://www.valueresearchonline.com/funds/17037/
ICICI Pru Global Advantage (FOF) Dir*,solution-oriented,Equity: International,Direct,21.35,20.19,10.64,BSE 500 TRI,INF109KC1F34,147648,2.44,11.32,10.45,,,1.02,1.34,14.1,20.14,,,,,,,,,,,,,,8,2,3,,13,Moderately High Risk,Average,6,https://www.valueresearchonline.com/funds/40282/
ICICI Pru Global Stable Equity (FOF) Dir,solution-oriented,Equity: International,Direct,18.52,14.11,10.88,BSE 500 TRI,INF109KA1CE0,123654,2.44,11.32,10.45,,,0.82,1.5,10.05,13.92,,,,,,,,,,,,,,6,3,5,,14,Moderately High Risk,Average,1,https://www.valueresearchonline.com/funds/20857/
ICICI Pru NASDAQ 100 Index Dir,solution-oriented,Equity: International,Direct,33.85,29.56,,BSE 500 TRI,INF109KC1U50,149219,2.44,11.32,,,,1.25,2.14,17.89,28,,,,,100,,,88.37,,26.71,7.81,,,10,3,2,,15,Moderately High Risk,Average,25,https://www.valueresearchonline.com/funds/41744/
ICICI Pru Strategic Metal and Energy Equity FoF Dir,solution-oriented,Equity: International,Direct,71.27,36.22,,BSE 500 TRI,INF109KC1Z55,149455,2.44,11.32,,,,1.26,2.55,22.47,34.04,,,,,,,,,,,,,,10,4,0,,14,Moderately High Risk,Average,1,https://www.valueresearchonline.com/funds/42035/
ICICI Pru US Bluechip Equity Dir,solution-oriented,Equity: International,Direct,20.59,15.85,13.13,BSE 500 TRI,INF109K01Z71,120186,2.44,11.32,10.45,,,0.8,1.36,14,16.96,,,,,62,,,67.94,,21.76,4.42,,,6,2,4,,12,High Risk,Poor,25,https://www.valueresearchonline.com/funds/17160/
Invesco India-Invesco EQQQ NASDAQ-100 ETF FoF Dir,solution-oriented,Equity: International,Direct,34.32,29.33,,BSE 500 TRI,INF205KA1585,149961,2.44,11.32,,,,1.15,2.18,19.27,27.92,,,,,,,,,,,,,,8,3,2,,13,Moderately High Risk,Average,1,https://www.valueresearchonline.com/funds/42218/
Invesco India-Invesco Global Consumer Trends FoF Dir,solution-oriented,Equity: International,Direct,4.79,20.75,3.99,BSE 500 TRI,INF205KA1270,148614,2.44,11.32,10.45,,,0.61,1.02,28.42,23.03,,,,,,,,,,,,,,4,2,0,,6,High Risk,Poor,1,https://www.valueresearchonline.com/funds/41229/
Invesco India Global Equity Income FoF Dir,solution-oriented,Equity: International,Direct,24.62,22.8,17.58,BSE 500 TRI,INF205K01B49,129188,2.44,11.32,10.45,,,1.16,1.93,14.24,22.16,,,,,,,,,,,,,,8,3,3,,14,Moderately High Risk,Average,1,https://www.valueresearchonline.com/funds/26149/
Invesco India Pan European Equity FoF Dir,solution-oriented,Equity: International,Direct,37.61,21.01,15.38,BSE 500 TRI,INF205K01A24,126353,2.44,11.32,10.45,,,1.01,1.48,14.71,20.5,,,,,,,,,,,,,,8,2,3,,13,Moderately High Risk,Average,1,https://www.valueresearchonline.com/funds/23314/
Kotak Global Emerging Market Overseas Equity Omni FoF Dir*,solution-oriented,Equity: International,Direct,46.57,25.72,12.1,BSE 500 TRI,INF174K01LW4,119779,2.44,11.32,10.45,,,1.1,2.13,17.57,25.05,,,,,,,,,,,,,,8,3,2,,13,Moderately High Risk,Average,1,https://www.valueresearchonline.com/funds/17439/
Kotak Global Innovation Overseas Equity Omni FoF Dir*,solution-oriented,Equity: International,Direct,31.56,23.12,9.37,BSE 500 TRI*,INF174KA1HG4,149059,2.44,11.32,10.45,,,1.06,1.61,16.58,23.35,,,,,,,,,,,,,,8,3,3,,14,Moderately High Risk,Average,2,https://www.valueresearchonline.com/funds/41595/
Kotak International REIT Overseas Equity Omni FoF Dir*,solution-oriented,Equity: International,Direct,4.68,9.12,3.2,BSE 500 TRI,INF174KA1FO2,148646,2.44,11.32,10.45,,,0.31,0.54,15.84,10.56,,,,,,,,,,,,,,2,0,3,,5,High Risk,Poor,1,https://www.valueresearchonline.com/funds/41237/
Kotak Quality Overseas Equity Omni FoF Dir*,solution-oriented,Equity: International,Direct,,,,BSE 500 TRI,INF178L01BY0,133791,,,,,,,,,,,,,,,,,,,,,,,,,,,,,,1,https://www.valueresearchonline.com/funds/45906/
Kotak US Specific Equity Passive FoF Dir*,solution-oriented,Equity: International,Direct,34.37,29.47,19.57,BSE 500 TRI,INF174KA1FQ7,148662,2.44,11.32,10.45,,,1.18,2.17,19.27,28.5,,,,,,,,,,,,,,8,3,2,,13,Moderately High Risk,Average,1,https://www.valueresearchonline.com/funds/41260/
Mahindra Manulife Asia Pacific REITs FoF Dir,solution-oriented,Equity: International,Direct,9.37,9.53,,BSE 500 TRI,INF174V01AY0,149230,2.44,11.32,,,,0.33,0.59,15.67,10.86,,,,,,,,,,,,,,2,0,3,,5,High Risk,Poor,1,https://www.valueresearchonline.com/funds/41762/
Mirae Asset Global Electric & Autonomous Vehicles Eqt Passive FoF Dir,solution-oriented,Equity: International,Direct,43.55,15.95,,BSE 500 TRI,INF769K01IQ9,150595,2.44,11.32,,,,0.51,0.97,26.21,19.15,,,,,,,,,,,,,,2,0,0,,2,High Risk,Poor,3,https://www.valueresearchonline.com/funds/42460/
Mirae Asset Global X Artificial Intelligence & Tech ETF FoF Dir,solution-oriented,Equity: International,Direct,52.71,36.32,,BSE 500 TRI,INF769K01IS5,150597,2.44,11.32,,,,1.2,2.41,24.4,34.88,,,,,,,,,,,,,,10,3,0,,13,Moderately High Risk,Average,1,https://www.valueresearchonline.com/funds/42458/
Mirae Asset Hang Seng TECH ETF,solution-oriented,Equity: International,Direct,-12.24,7.04,,BSE 500 TRI,INF769K01HT5,149381,2.44,11.32,,,,0.23,0.47,32.86,13.4,,,,,30,,,89.74,,14.51,1.44,,,2,0,0,,2,High Risk,Poor,25,https://www.valueresearchonline.com/funds/41876/
Mirae Asset Hang Seng TECH ETF FoF Dir,solution-oriented,Equity: International,Direct,-15.07,13.76,,BSE 500 TRI,INF769K01HU3,149381,2.44,11.32,,,,0.4,1.01,32.67,18.86,,,,,,,,,,,,,,2,2,0,,4,High Risk,Poor,1,https://www.valueresearchonline.com/funds/41878/
Mirae Asset NYSE FANG+ ETF,solution-oriented,Equity: International,Direct,28.22,39.09,26.08,BSE 500 TRI,INF769K01HG2,148928,2.44,11.32,10.45,,,1.34,2.14,22.96,36.36,,,,,10,,,100.05,,22.98,8.06,,,10,3,0,,13,Moderately High Risk,Average,10,https://www.valueresearchonline.com/funds/41429/
Mirae Asset NYSE FANG+ ETF FoF Dir,solution-oriented,Equity: International,Direct,31.48,47.53,30.77,BSE 500 TRI,INF769K01HH0,148928,2.44,11.32,10.45,,,1.51,3.17,24.85,43.15,,,,,,,,,,,,,,12,4,0,,16,Moderately High Risk,Average,1,https://www.valueresearchonline.com/funds/41431/
Mirae Asset S&P 500 Top 50 ETF,solution-oriented,Equity: International,Direct,21.66,26.2,,BSE 500 TRI,INF769K01HQ1,149170,2.44,11.32,,,,1.25,1.88,15.25,24.73,,,,,51,,,82.16,,22.4,6.16,,,10,3,3,,16,Moderately High Risk,Average,25,https://www.valueresearchonline.com/funds/41698/
Mirae Asset S&P 500 Top 50 ETF FoF Dir,solution-oriented,Equity: International,Direct,23.63,33.98,,BSE 500 TRI,INF769K01HR9,149170,2.44,11.32,,,,1.32,2.12,19.73,31.83,,,,,,,,,,,,,,10,3,2,,15,Moderately High Risk,Average,1,https://www.valueresearchonline.com/funds/41704/
Motilal Oswal Developed Mkt Ex US ETFs Ovrses Eqt Pass FoF Dir,solution-oriented,Equity: International,Direct,31.83,,,BSE 500 TRI,INF247L01734,145834,2.44,,,,,,,,,,,,,,,,,,,,,,,,,,,,,2,https://www.valueresearchonline.com/funds/43802/
Motilal Oswal NASDAQ 100 ETF,solution-oriented,Equity: International,Direct,34.25,29.65,19.61,BSE 500 TRI,INF247L01726,145553,2.44,11.32,10.45,,,1.22,2.13,18.2,27.93,,,,,100,,,88.21,,26.65,7.8,,,10,3,2,,15,Moderately High Risk,Average,25,https://www.valueresearchonline.com/funds/12498/
Motilal Oswal Nasdaq 100 FOF Dir,solution-oriented,Equity: International,Direct,60,36.95,23.14,BSE 500 TRI,INF247L01718,145552,2.44,11.32,10.45,,,1.12,2.44,27.24,36.27,,,,,,,,,,,,,,8,3,0,,11,High Risk,Poor,1,https://www.valueresearchonline.com/funds/38228/
Motilal Oswal Nasdaq Q50 ETF,solution-oriented,Equity: International,Direct,43.12,29.06,,BSE 500 TRI,INF247L01742,145555,2.44,11.32,,,,1.14,2.02,19.59,28.08,,,,,50,,,76.99,,23.19,3.72,,,8,3,2,,13,Moderately High Risk,Average,25,https://www.valueresearchonline.com/funds/41923/
Motilal Oswal S&P 500 Index Dir,solution-oriented,Equity: International,Direct,27.6,25.25,17.52,BSE 500 TRI,INF247L01AG2,148381,2.44,11.32,10.45,,,1.34,2.13,13.53,23.76,,,,,499,,,66.97,,22.61,4.92,,,10,3,4,,17,Moderately High Risk,Average,25,https://www.valueresearchonline.com/funds/40997/
Navi Nasdaq100 US Specific Equity Passive FoF Dir,solution-oriented,Equity: International,Direct,34.11,29.7,,BSE 500 TRI,INF959L01FZ1,149910,2.44,11.32,,,,1.17,2.08,19.25,28.23,,,,,,,,,,,,,,8,3,2,,13,Moderately High Risk,Average,1,https://www.valueresearchonline.com/funds/42135/
Navi Total Stock Market US Specific Equity Passive FoF Dir,solution-oriented,Equity: International,Direct,27.73,25.28,,BSE 500 TRI,INF959L01FV0,149830,2.44,11.32,,,,1.24,1.98,14.88,24.08,,,,,,,,,,,,,,10,3,3,,16,Moderately High Risk,Average,1,https://www.valueresearchonline.com/funds/42069/
Nippon India ETF Hang Seng BeES,solution-oriented,Equity: International,Direct,11.39,18.8,7.6,BSE 500 TRI,INF204KA1QN5,130175,2.44,11.32,10.45,,,0.69,1.51,21.46,20.51,,,,,92,0.12,0.12,70.54,,6.44,0.65,,,4,3,2,,9,High Risk,Poor,25,https://www.valueresearchonline.com/funds/10905/
Nippon India Japan Equity Dir,solution-oriented,Equity: International,Direct,31.52,21.09,11.12,BSE 500 TRI,INF204KA1SK7,130860,2.44,11.32,10.45,,,1.07,1.69,14.3,21.04,,,,,30,,,63.87,,2.22,2.06,,,8,3,3,,14,Moderately High Risk,Average,25,https://www.valueresearchonline.com/funds/27691/
Nippon India Taiwan Equity Dir,solution-oriented,Equity: International,Direct,128.68,59.18,,BSE 500 TRI,INF204KC1303,149329,2.44,11.32,,,,1.32,2.15,36.21,53.51,,,,,31,,,87.98,,51.92,10.32,,,10,3,0,,13,Moderately High Risk,Average,25,https://www.valueresearchonline.com/funds/41838/
Nippon India US Equity Opportunities Dir*,solution-oriented,Equity: International,Direct,17.29,19.23,12.26,BSE 500 TRI,INF204KA15G5,134923,2.44,11.32,10.45,,,0.97,1.51,13.97,19.25,,,,,28,,,77.96,,20.86,5.65,,,6,3,4,,13,Moderately High Risk,Average,25,https://www.valueresearchonline.com/funds/30567/
PGIM India Emerging Markets Equity FoF Dir,solution-oriented,Equity: International,Direct,29.24,24.84,3.73,BSE 500 TRI,INF223J01NL0,138456,2.44,11.32,10.45,,,0.94,1.54,20.67,25.21,,,,,,,,,,,,,,6,3,2,,11,High Risk,Poor,1,https://www.valueresearchonline.com/funds/17349/
PGIM India Global Equity Opportunities FoF Dir,solution-oriented,Equity: International,Direct,6.28,14.95,5.42,BSE 500 TRI,INF223J01NF2,138528,2.44,11.32,10.45,,,0.52,0.79,19.95,16.11,,,,,,,,,,,,,,2,0,2,,4,High Risk,Poor,1,https://www.valueresearchonline.com/funds/17348/
PGIM India Global Select Real Estate Sec FoF Dir,solution-oriented,Equity: International,Direct,18.06,14.78,,BSE 500 TRI,INF663L01W63,149298,2.44,11.32,,,,0.65,1.14,14.88,15.37,,,,,,,,,,,,,,4,2,3,,9,High Risk,Poor,1,https://www.valueresearchonline.com/funds/41818/
SBI US Specific Equity Active FoF FoF Dir,solution-oriented,Equity: International,Direct,25.91,25.23,17.1,BSE 500 TRI,INF200KA1U28,148760,2.44,11.32,10.45,,,1.22,2.09,15.18,24.23,,,,,,,,,,,,,,10,3,3,,16,Moderately High Risk,Average,1,https://www.valueresearchonline.com/funds/41352/
Sundaram Global Brand Theme-Equity Active FoF Dir*,solution-oriented,Equity: International,Direct,21.71,18.86,12.72,BSE 500 TRI*,INF903J01OB6,119602,2.44,11.32,10.45,,,0.97,1.33,13.62,18.85,,,,,,,,,,,,,,6,2,4,,12,High Risk,Poor,1,https://www.valueresearchonline.com/funds/17200/
ABSL Conglomerate Dir,solution-oriented,Equity: Thematic (Broad),Direct,5.15,,,BSE 500 TRI,INF209KC1373,153124,2.44,,,,,,,,,,,,,47,45.77,29.17,66.34,,24.07,3.41,,,,,,,,,,25,https://www.valueresearchonline.com/funds/44788/
ABSL Nifty India Defence Index Dir,solution-oriented,Equity: Thematic (Broad),Direct,28.73,,,BSE 500 TRI,INF209KC1183,152798,2.44,,,,,,,,,,,,,19,88.64,71.97,93.31,,50.9,10.32,,,,,,,,,,19,https://www.valueresearchonline.com/funds/44489/
ABSL Special Opportunities Dir,solution-oriented,Equity: Thematic (Broad),Direct,16.31,19.41,14.68,BSE 500 TRI,INF209KB1T79,148539,2.44,11.32,10.45,7.33,0.96,0.93,1.26,15.05,19.64,,,,,67,30.7,19.86,59.57,,28.15,3.7,12,3,6,2,3,,26,Moderate Risk,Average,25,https://www.valueresearchonline.com/funds/41143/
Axis BSE India Sector Leaders Index Dir,solution-oriented,Equity: Thematic (Broad),Direct,,,,BSE 500 TRI,INF846KA1424,154171,,,,,,,,,,,,,,60,41.14,24.66,46.98,,23.18,3.35,,,,,,,,,,25,https://www.valueresearchonline.com/funds/45782/
Axis Momentum Dir,solution-oriented,Equity: Thematic (Broad),Direct,1.21,,,BSE 500 TRI,INF846K011Z9,153083,2.44,,,,,,,,,,,,,54,33.76,19.11,68.68,,30.2,4.45,,,,,,,,,,25,https://www.valueresearchonline.com/funds/44768/
Axis Multi Factor Passive FoF Dir,solution-oriented,Equity: Thematic (Broad),Direct,3.45,9.51,,BSE 500 TRI,INF846K011G9,149847,2.44,11.32,,-1.5,0.96,0.34,0.42,14.85,10.8,,,,,,,,,,,,4,3,2,0,3,,12,High Risk,Poor,4,https://www.valueresearchonline.com/funds/42080/
Axis Nifty India Defence Index Dir,solution-oriented,Equity: Thematic (Broad),Direct,,,,BSE 500 TRI,INF846KA1523,154326,,,,,,,,,,,,,,19,88.69,72.01,93.36,,50.9,10.32,,,,,,,,,,19,https://www.valueresearchonline.com/funds/45950/
Axis Services Opportunities Dir,solution-oriented,Equity: Thematic (Broad),Direct,0.1,,,BSE 500 TRI,INF846KA1168,153624,2.44,,,,,,,,,,,,,38,53.24,31.33,79.41,,36.79,5.21,,,,,,,,,,25,https://www.valueresearchonline.com/funds/45324/
Bandhan BSE India Sector Leaders Index Dir,solution-oriented,Equity: Thematic (Broad),Direct,,,,BSE 500 TRI,INF194KB1KB4,153838,,,,,,,,,,,,,,60,41.18,24.68,47.04,,23.18,3.35,,,,,,,,,,25,https://www.valueresearchonline.com/funds/45461/
Bandhan Multi-Factor Dir,solution-oriented,Equity: Thematic (Broad),Direct,0.49,,,BSE 500 TRI,INF194KB1JX0,153722,2.44,,,,,,,,,,,,,34,40.03,20.66,60.55,,16.92,2.46,,,,,,,,,,25,https://www.valueresearchonline.com/funds/45334/
Baroda BNP Paribas Business Conglomerates Dir,solution-oriented,Equity: Thematic (Broad),Direct,,,,BSE 500 TRI,INF251K01VJ6,153847,,,,,,,,,,,,,,43,46.26,31.21,51.93,,27.32,4.21,,,,,,,,,,25,https://www.valueresearchonline.com/funds/45458/
Edelweiss BSE Capital Mkts & Insurance ETF,solution-oriented,Equity: Thematic (Broad),Direct,5.78,,,BSE 500 TRI,INF754K01KM5,153437,2.44,,,,,,,,,,,,,26,67.04,45.25,99.93,,40.88,6.16,,,,,,,,,,25,https://www.valueresearchonline.com/funds/44826/
Edelweiss BSE Internet Economy Index Dir,solution-oriented,Equity: Thematic (Broad),Direct,9.3,,,BSE 500 TRI,INF754K01UX2,153497,2.44,,,,,,,,,,,,,20,83.27,57.35,91.92,,35.33,9.14,,,,,,,,,,20,https://www.valueresearchonline.com/funds/45129/
Edelweiss Recently Listed IPO Dir,solution-oriented,Equity: Thematic (Broad),Direct,23.79,18.39,12.84,BSE 500 TRI,INF754K01ML4,142388,2.44,11.32,10.45,6.3,1.05,0.65,0.9,20.78,19.22,,,,,52,39.55,23.35,55,,42.97,7.34,12,3,4,0,2,,21,Moderate Risk,Average,25,https://www.valueresearchonline.com/funds/35234/
Franklin India Multi-Factor Dir,solution-oriented,Equity: Thematic (Broad),Direct,,,,BSE 500 TRI,INF090I01YQ1,153942,,,,,,,,,,,,,,86,33.74,22.8,56.48,,15.98,2.76,,,,,,,,,,25,https://www.valueresearchonline.com/funds/45585/
Franklin India Opportunities Dir,solution-oriented,Equity: Thematic (Broad),Direct,5.61,21.24,18.89,BSE 500 TRI,INF090I01JI9,118539,2.44,11.32,10.45,8.77,1.04,0.92,1.22,17.29,21.65,,,,,49,38.94,23.26,60.27,,23.76,4.03,12,3,6,2,2,,25,Moderate Risk,Average,25,https://www.valueresearchonline.com/funds/15999/
Groww BSE Power ETF,solution-oriented,Equity: Thematic (Broad),Direct,15.24,,,BSE Energy TRI,INF666M01LQ7,153745,4.34,,,,,,,,,,,,,17,79.29,52.6,100.01,,26.15,3.73,,,,,,,,,,17,https://www.valueresearchonline.com/funds/45370/
Groww BSE Power ETF FOF Dir,solution-oriented,Equity: Thematic (Broad),Direct,15.98,,,BSE Energy TRI,INF666M01LN4,153745,4.34,,,,,,,,,,,,,,,,,,,,,,,,,,,,,1,https://www.valueresearchonline.com/funds/45373/
Groww Nifty Capital Markets ETF,solution-oriented,Equity: Thematic (Broad),Direct,,,,BSE 500 TRI,INF666M01MJ0,153908,,,,,,,,,,,,,,17,82.02,60.26,99.91,,39.02,9.08,,,,,,,,,,17,https://www.valueresearchonline.com/funds/45632/
Groww Nifty Capital Markets ETF FoF Dir,solution-oriented,Equity: Thematic (Broad),Direct,,,,BSE 500 TRI,INF666M01MG6,153908,,,,,,,,,,,,,,,,,,,,,,,,,,,,,,1,https://www.valueresearchonline.com/funds/45628/
Groww Nifty Chemicals ETF,solution-oriented,Equity: Thematic (Broad),Direct,,,,BSE 500 TRI,INF666M01MN9,153920,,,,,,,,,,,,,,20,77.91,51.94,99.59,,40.25,3.98,,,,,,,,,,20,https://www.valueresearchonline.com/funds/45751/
Groww Nifty India Defence ETF,solution-oriented,Equity: Thematic (Broad),Direct,28.62,,,BSE 500 TRI,INF666M01IT7,152925,2.44,,,,,,,,,,,,,19,88.64,71.97,93.31,,55.6,10.31,,,,,,,,,,19,https://www.valueresearchonline.com/funds/44590/
Groww Nifty India Defence ETF FoF Dir,solution-oriented,Equity: Thematic (Broad),Direct,28.64,,,BSE 500 TRI,INF666M01IQ3,152925,2.44,,,,,,,,,,,,,,,,,,,,,,,,,,,,,1,https://www.valueresearchonline.com/funds/44597/
Groww Nifty India Internet ETF,solution-oriented,Equity: Thematic (Broad),Direct,0.66,,,BSE 500 TRI,INF666M01LF0,153626,2.44,,,,,,,,,,,,,27,84.34,63.38,81.69,,77.8,5.59,,,,,,,,,,25,https://www.valueresearchonline.com/funds/45241/
Groww Nifty India Internet ETF FoF Dir,solution-oriented,Equity: Thematic (Broad),Direct,0.62,,,BSE 500 TRI,INF666M01LC7,153626,2.44,,,,,,,,,,,,,,,,,,,,,,,,,,,,,1,https://www.valueresearchonline.com/funds/45244/
Groww Nifty Metal ETF,solution-oriented,Equity: Thematic (Broad),Direct,,,,BSE 500 TRI,INF666M01MK5,153916,,,,,,,,,,,,,,15,86.45,66.8,99.98,,16.25,2.5,,,,,,,,,,15,https://www.valueresearchonline.com/funds/45677/
Groww Nifty Realty ETF,solution-oriented,Equity: Thematic (Broad),Direct,,,,BSE 500 TRI,INF666M01MM1,153918,,,,,,,,,,,,,,10,99.69,74.98,99.69,,37.3,4.02,,,,,,,,,,10,https://www.valueresearchonline.com/funds/45522/
HDFC BSE India Sector Leaders Index Dir,solution-oriented,Equity: Thematic (Broad),Direct,,,,BSE 500 TRI,INF179KC1JY6,153959,,,,,,,,,,,,,,60,40.98,24.56,46.8,,23.18,3.35,,,,,,,,,,25,https://www.valueresearchonline.com/funds/45589/
HDFC Defence Dir,solution-oriented,Equity: Thematic (Broad),Direct,33.97,37.1,,BSE 500 TRI,INF179KC1GI5,151750,2.44,11.32,,20.59,1.61,1.02,1.71,31.1,37.4,,,,,24,79.89,59.97,91.01,,59.16,9.93,12,0,8,3,0,,23,Moderate Risk,Average,24,https://www.valueresearchonline.com/funds/43512/
HDFC Housing Opportunities Dir,solution-oriented,Equity: Thematic (Broad),Direct,-2.7,10.26,12,BSE 500 TRI,INF179KC1AU3,141924,2.44,11.32,10.45,-1.04,1.11,0.37,0.5,17.92,12.35,,,,,34,62.54,38.16,70.19,,16.96,2.23,4,2,2,0,2,,10,High Risk,Poor,25,https://www.valueresearchonline.com/funds/34770/
HDFC NIFTY Growth Sectors 15 ETF,solution-oriented,Equity: Thematic (Broad),Direct,-4.02,6.24,,BSE 500 TRI,INF579M01AL6,151164,2.44,11.32,,-2.44,0.8,0.19,0.26,16.12,8.79,,,,,15,81.89,53.67,87.75,,28.41,6.47,2,5,2,0,3,,12,High Risk,Poor,15,https://www.valueresearchonline.com/funds/42537/
HDFC NIFTY Realty Index Dir,solution-oriented,Equity: Thematic (Broad),Direct,2.73,,,BSE 500 TRI,INF179K01VS0,119116,2.44,,,,,,,,,,,,,10,99.6,74.91,99.6,,37.36,4.06,,,,,,,,,,10,https://www.valueresearchonline.com/funds/44211/
HSBC India Export Opportunities Dir,solution-oriented,Equity: Thematic (Broad),Direct,23.64,,,BSE 500 TRI,INF336L01RO1,152829,2.44,,,,,,,,,,,,,47,37.43,22.5,58.72,,35.78,4.78,,,,,,,,,,25,https://www.valueresearchonline.com/funds/44524/
ICICI Pru Active Momentum Dir,solution-oriented,Equity: Thematic (Broad),Direct,9.77,,,BSE 500 TRI,INF109K1A385,153684,2.44,,,,,,,,,,,,,43,33.14,18.15,62.53,,33.24,4.57,,,,,,,,,,25,https://www.valueresearchonline.com/funds/45357/
ICICI Pru Commodities Dir,solution-oriented,Equity: Thematic (Broad),Direct,12.93,15.56,15.46,BSE 500 TRI,INF109KC1F91,147662,2.44,11.32,10.45,4.97,0.96,0.68,1.03,17.01,17.3,,,,,53,54.96,34.07,97.99,,21,2.61,10,3,4,2,2,,21,Moderate Risk,Average,25,https://www.valueresearchonline.com/funds/40306/
ICICI Pru Conglomerate Dir,solution-oriented,Equity: Thematic (Broad),Direct,,,,BSE 500 TRI,INF109K1A427,153867,,,,,,,,,,,,,,41,50.88,31.39,79.13,,21.73,3.76,,,,,,,,,,25,https://www.valueresearchonline.com/funds/45489/
ICICI Pru Eqt Minimum Variance Fund Dir,solution-oriented,Equity: Thematic (Broad),Direct,0.94,,,BSE 500 TRI,INF109KC10Y6,153070,2.44,,,,,,,,,,,,,35,57.81,37.97,66.11,,20.13,2.72,,,,,,,,,,25,https://www.valueresearchonline.com/funds/44744/
ICICI Pru Exports & Services Dir,solution-oriented,Equity: Thematic (Broad),Direct,6.78,15.86,14.73,BSE 500 TRI,INF109K01W25,120688,2.44,11.32,10.45,5.03,0.84,0.83,1.23,13.09,16.5,,,,,67,35.36,24.32,66.24,,26.93,3.98,12,5,6,2,4,,29,Low Risk,Good,25,https://www.valueresearchonline.com/funds/15859/
ICICI Pru FMCG Dir,solution-oriented,Equity: Thematic (Broad),Direct,-19.44,-2.7,5.22,BSE 500 TRI,INF109K01Z14,120587,2.44,11.32,10.45,-13.08,0.86,-0.46,-0.61,15.47,-1.45,,,,,35,76.29,57.31,94.68,,35.39,7.52,0,4,0,0,3,,7,High Risk,Poor,25,https://www.valueresearchonline.com/funds/15836/
ICICI Pru Housing Opportunities Dir,solution-oriented,Equity: Thematic (Broad),Direct,1.96,12.38,,BSE 500 TRI,INF109KC10C2,150310,2.44,11.32,,1.34,0.94,0.53,0.76,14.88,13.54,,,,,57,52.07,31.73,65.53,,21.53,2.73,6,4,2,0,3,,15,Moderately High Risk,Average,25,https://www.valueresearchonline.com/funds/42250/
ICICI Pru India Opportunities Dir,solution-oriented,Equity: Thematic (Broad),Direct,4.04,15.29,18.82,BSE 500 TRI,INF109KC12W6,152728,2.44,11.32,10.45,4.78,0.8,0.81,1.04,12.7,16.02,,,,,77,41.64,27.36,60.49,,18.93,2.99,10,5,6,2,4,,27,Low Risk,Good,25,https://www.valueresearchonline.com/funds/38585/
ICICI Pru Multi Sector Passive FoF Dir,solution-oriented,Equity: Thematic (Broad),Direct,6.14,13.35,11.98,BSE 500 TRI,INF109K01W58,120242,2.44,11.32,10.45,2.26,0.9,0.61,0.79,13.94,14.17,,,,,,,,,,,,8,4,4,0,4,,20,Moderate Risk,Average,12,https://www.valueresearchonline.com/funds/15812/
ICICI Pru Nifty Commodities ETF,solution-oriented,Equity: Thematic (Broad),Direct,12.31,15.49,,BSE 500 TRI,INF966L01DC0,152256,2.44,11.32,,4.26,1.01,0.62,1.02,18.03,16.92,,,,,30,62.72,38.4,99.78,,16.71,2.09,10,3,4,2,2,,21,Moderate Risk,Average,25,https://www.valueresearchonline.com/funds/42947/
ICICI Pru Nifty FMCG ETF,solution-oriented,Equity: Thematic (Broad),Direct,-19.01,-2.19,4.16,BSE 500 TRI,INF846K010D8,149242,2.44,11.32,10.45,-12.94,0.97,-0.36,-0.5,17.42,-0.58,,,,,15,91.63,69.09,99.78,,32.62,7.75,0,3,0,0,2,,5,High Risk,Poor,15,https://www.valueresearchonline.com/funds/41601/
ICICI Pru Nifty Metal ETF,solution-oriented,Equity: Thematic (Broad),Direct,38.88,,,BSE 500 TRI,INF846K010D8,149242,2.44,,,,,,,,,,,,,15,86.46,66.81,99.99,,16.25,2.5,,,,,,,,,,15,https://www.valueresearchonline.com/funds/44461/
ICICI Pru Nifty Oil & Gas ETF,solution-oriented,Equity: Thematic (Broad),Direct,2.78,,,BSE 500 TRI,INF903J016H9,134356,2.44,,,,,,,,,,,,,15,94.07,75.01,99.93,,12.15,1.43,,,,,,,,,,15,https://www.valueresearchonline.com/funds/44432/
ICICI Pru Quality Dir,solution-oriented,Equity: Thematic (Broad),Direct,6.46,,,BSE 500 TRI,INF109K1A187,153458,2.44,,,,,,,,,,,,,61,37.64,22.95,57.54,,31.29,5.2,,,,,,,,,,25,https://www.valueresearchonline.com/funds/45164/
ICICI Pru Rural Opportunities Dir,solution-oriented,Equity: Thematic (Broad),Direct,-4.08,,,BSE 500 TRI,INF109KC12Z9,153184,2.44,,,,,,,,,,,,,47,50.83,31.16,73.51,,25.15,3.88,,,,,,,,,,25,https://www.valueresearchonline.com/funds/44846/
JioBlackRock Sector Rotation Dir,solution-oriented,Equity: Thematic (Broad),Direct,,,,BSE 500 TRI,INF22M001168,154082,,,,,,,,,,,,,,287,31.68,22.09,53.73,,22.42,3.21,,,,,,,,,,25,https://www.valueresearchonline.com/funds/45730/
Kotak Active Momentum Dir,solution-oriented,Equity: Thematic (Broad),Direct,10.77,,,BSE 500 TRI,INF174KA1XA4,153753,2.44,,,,,,,,,,,,,46,33.01,19.27,56.84,,27.77,4.02,,,,,,,,,,25,https://www.valueresearchonline.com/funds/45389/
Kotak BSE Housing Index Dir,solution-oriented,Equity: Thematic (Broad),Direct,-6.67,8.26,,BSE 500 TRI,INF174KA1OX5,152039,2.44,11.32,,,,,,,,,,,,26,50.27,26.48,83.13,,38.08,4.13,,,,,,,,,,25,https://www.valueresearchonline.com/funds/43706/
Kotak Multi Factor Passive FoF Dir,solution-oriented,Equity: Thematic (Broad),Direct,,,,BSE 500 TRI,INF174K01KM7,119757,,,,,,,,,,,,,,,,,,,,,,,,,,,,,,2,https://www.valueresearchonline.com/funds/45899/
Kotak Nifty Chemicals ETF,solution-oriented,Equity: Thematic (Broad),Direct,,,,BSE 500 TRI,INF174KA1VO8,153521,,,,,,,,,,,,,,20,78.03,52.01,99.74,,40.25,3.97,,,,,,,,,,20,https://www.valueresearchonline.com/funds/45570/
Kotak Nifty Commodities Index Dir,solution-oriented,Equity: Thematic (Broad),Direct,12.04,,,BSE 500 TRI,INF174KA1VE0,153353,2.44,,,,,,,,,,,,,30,62.7,38.39,99.78,,17.5,2.12,,,,,,,,,,25,https://www.valueresearchonline.com/funds/44991/
Kotak Nifty India Tourism Index Dir,solution-oriented,Equity: Thematic (Broad),Direct,-15.49,,,BSE 500 TRI,INF174KA1SZ1,152870,2.44,,,,,,,,,,,,,15,91.45,74.15,99.94,,191.08,10.59,,,,,,,,,,15,https://www.valueresearchonline.com/funds/44539/
Kotak Rural Opportunities Dir,solution-oriented,Equity: Thematic (Broad),Direct,,,,BSE 500 TRI,INF174KA1XW8,153970,,,,,,,,,,,,,,47,51.14,35.13,65.96,,24.56,3.77,,,,,,,,,,25,https://www.valueresearchonline.com/funds/45597/
Kotak Services Dir,solution-oriented,Equity: Thematic (Broad),Direct,,,,BSE 500 TRI,INF174KA1YV8,154149,,,,,,,,,,,,,,45,64.64,42.11,81.68,,19.67,2.85,,,,,,,,,,25,https://www.valueresearchonline.com/funds/45797/
Kotak Special Opportunities Dir,solution-oriented,Equity: Thematic (Broad),Direct,21.45,,,BSE 500 TRI,INF174KA1SF3,152702,2.44,,,,,,,,,,,,,40,36.64,19.65,54.61,,26.69,2.85,,,,,,,,,,25,https://www.valueresearchonline.com/funds/44382/
Mirae Asset BSE India Defence ETF,solution-oriented,Equity: Thematic (Broad),Direct,,,,BSE 500 TRI,INF769K01QD0,154187,,,,,,,,,,,,,,33,74.91,53.36,92.51,,47.84,8.07,,,,,,,,,,25,https://www.valueresearchonline.com/funds/45790/
Mirae Asset BSE India Defence ETF FoF Dir,solution-oriented,Equity: Thematic (Broad),Direct,,,,BSE 500 TRI,INF769K01QG3,154187,,,,,,,,,,,,,,,,,,,,,,,,,,,,,,1,https://www.valueresearchonline.com/funds/45811/
Mirae Asset BSE Select IPO ETF,solution-oriented,Equity: Thematic (Broad),Direct,-1.02,,,BSE 500 TRI,INF769K01OH6,153385,2.44,,,,,,,,,,,,,71,40.12,25.22,63.01,,50.29,4.72,,,,,,,,,,25,https://www.valueresearchonline.com/funds/45020/
Mirae Asset BSE Select IPO ETF FoF Dir,solution-oriented,Equity: Thematic (Broad),Direct,-1.09,,,BSE 500 TRI,INF769K01OK0,153385,2.44,,,,,,,,,,,,,,,,,,,,,,,,,,,,,1,https://www.valueresearchonline.com/funds/45023/
Mirae Asset Multi Factor Passive FoF Dir,solution-oriented,Equity: Thematic (Broad),Direct,6.72,,,BSE 500 TRI,INF769K01PH3,153816,2.44,,,,,,,,,,,,,,,,,,,,,,,,,,,,,8,https://www.valueresearchonline.com/funds/45436/
Mirae Asset Nifty India Internet ETF,solution-oriented,Equity: Thematic (Broad),Direct,0.86,,,BSE 500 TRI,INF769K01OB9,153352,2.44,,,,,,,,,,,,,27,84.38,63.42,81.74,,77.8,5.59,,,,,,,,,,25,https://www.valueresearchonline.com/funds/45250/
Mirae Asset Nifty Metal ETF,solution-oriented,Equity: Thematic (Broad),Direct,39.26,,,BSE 500 TRI,INF769K01QJ7,154216,2.44,,,,,,,,,,,,,15,86.5,66.84,100.04,,16.25,2.5,,,,,,,,,,15,https://www.valueresearchonline.com/funds/44588/
Mirae Asset Nifty Metal ETF FoF Dir,solution-oriented,Equity: Thematic (Broad),Direct,,,,BSE 500 TRI,INF769K01QM1,154216,,,,,,,,,,,,,,,,,,,,,,,,,,,,,,1,https://www.valueresearchonline.com/funds/45833/
Motilal Oswal Active Momentum Dir,solution-oriented,Equity: Thematic (Broad),Direct,26.86,,,BSE 500 TRI,INF247L01EP5,153364,2.44,,,,,,,,,,,,,24,51.14,29.54,63.15,,64.91,8.83,,,,,,,,,,25,https://www.valueresearchonline.com/funds/45002/
Motilal Oswal BSE Select IPO ETF,solution-oriented,Equity: Thematic (Broad),Direct,,,,BSE 500 TRI,INF247L01EE9,153144,,,,,,,,,,,,,,71,40.12,25.22,63.01,,50.27,4.72,,,,,,,,,,25,https://www.valueresearchonline.com/funds/45639/
Motilal Oswal Multi Factor Passive FoF Dir,solution-oriented,Equity: Thematic (Broad),Direct,,,,BSE 500 TRI,INF247L01734,145834,,,,,,,,,,,,,,,,,,,,,,,,,,,,,,4,https://www.valueresearchonline.com/funds/45874/
Motilal Oswal Nifty Capital Market ETF,solution-oriented,Equity: Thematic (Broad),Direct,28.45,,,BSE 500 TRI,INF247L01EB5,153138,2.44,,,,,,,,,,,,,17,81.99,60.23,99.87,,39.02,9.07,,,,,,,,,,17,https://www.valueresearchonline.com/funds/45051/
Motilal Oswal Nifty Capital Market Index Dir,solution-oriented,Equity: Thematic (Broad),Direct,28.44,,,BSE 500 TRI,INF247L01EB5,153138,2.44,,,,,,,,,,,,,17,82.06,60.28,99.95,,38.76,8.81,,,,,,,,,,17,https://www.valueresearchonline.com/funds/44755/
Motilal Oswal Nifty India Defence ETF,solution-oriented,Equity: Thematic (Broad),Direct,28.78,,,BSE 500 TRI,INF754K01TA2,152710,2.44,,,,,,,,,,,,,19,88.62,71.96,93.3,,55.6,10.31,,,,,,,,,,19,https://www.valueresearchonline.com/funds/44517/
Motilal Oswal Nifty India Defence Index Dir,solution-oriented,Equity: Thematic (Broad),Direct,28.73,,,BSE 500 TRI,INF247L01CW5,152712,2.44,,,,,,,,,,,,,19,88.7,72.01,93.38,,50.9,10.32,,,,,,,,,,19,https://www.valueresearchonline.com/funds/44397/
Motilal Oswal Nifty India Tourism ETF,solution-oriented,Equity: Thematic (Broad),Direct,-15.67,,,BSE 500 TRI,INF247L01DV4,153072,2.44,,,,,,,,,,,,,15,91.44,74.14,99.93,,51.66,7.14,,,,,,,,,,15,https://www.valueresearchonline.com/funds/45240/
Motilal Oswal Nifty MidSmall IT and Telecom Index Dir,solution-oriented,Equity: Thematic (Broad),Direct,9.74,,,BSE IT TRI,INF247L01DY9,153029,-13.83,,,,,,,,,,,,,20,80.21,57.72,101.08,,15.12,8.66,,,,,,,,,,20,https://www.valueresearchonline.com/funds/44682/
Motilal Oswal Nifty Realty ETF,solution-oriented,Equity: Thematic (Broad),Direct,3.17,,,BSE 500 TRI,INF247L01DT8,153068,2.44,,,,,,,,,,,,,10,99.85,75.11,99.85,,37.3,4.02,,,,,,,,,,10,https://www.valueresearchonline.com/funds/44250/
Motilal Oswal Nifty Services Sector ETF,solution-oriented,Equity: Thematic (Broad),Direct,,,,BSE 500 TRI,INF247L01DS0,153066,,,,,,,,,,,,,,30,71.81,51.61,92.72,,19.68,2.78,,,,,,,,,,25,https://www.valueresearchonline.com/funds/45660/
Motilal Oswal Services Dir,solution-oriented,Equity: Thematic (Broad),Direct,15.21,,,BSE 500 TRI,INF247L01FE6,153558,2.44,,,,,,,,,,,,,33,49.83,28.22,74.29,,33.11,4.17,,,,,,,,,,25,https://www.valueresearchonline.com/funds/45186/
Motilal Oswal Special Opportunities Dir,solution-oriented,Equity: Thematic (Broad),Direct,23.46,,,BSE 500 TRI,INF247L01FS6,153749,2.44,,,,,,,,,,,,,24,53.46,30.8,62.22,,53.28,7.28,,,,,,,,,,24,https://www.valueresearchonline.com/funds/45393/
Nippon India Active Momentum Dir,solution-oriented,Equity: Thematic (Broad),Direct,14.33,,,BSE 500 TRI,INF204KC1EK5,153274,2.44,,,,,,,,,,,,,40,37.58,23.78,63.68,,33.37,4.23,,,,,,,,,,25,https://www.valueresearchonline.com/funds/44938/
Nippon India Nifty Realty Index Dir,solution-oriented,Equity: Thematic (Broad),Direct,2.88,,,BSE 500 TRI,INF204KC1DY8,153060,2.44,,,,,,,,,,,,,10,99.88,75.13,99.88,,37.36,4.06,,,,,,,,,,10,https://www.valueresearchonline.com/funds/44712/
Quant Commodities Dir,solution-oriented,Equity: Thematic (Broad),Direct,17.57,,,BSE 500 TRI,INF966L01DF3,152255,2.44,,,,,,,,,,,,,14,84.71,49.02,96.07,,30.18,4.09,,,,,,,,,,11,https://www.valueresearchonline.com/funds/43966/
Quant Momentum Dir,solution-oriented,Equity: Thematic (Broad),Direct,13.27,,,BSE 500 TRI,INF966L01CZ3,152189,2.44,,,,,,,,,,,,,17,73.97,44.49,66.05,,30.15,3.07,,,,,,,,,,12,https://www.valueresearchonline.com/funds/43882/
Quantum Ethical Dir,solution-oriented,Equity: Thematic (Broad),Direct,1.39,,,BSE 500 TRI,INF082J01473,153094,2.44,,,,,,,,,,,,,45,33.61,18.87,66.09,,35.97,5.54,,,,,,,,,,25,https://www.valueresearchonline.com/funds/44771/
Samco Active Momentum Dir,solution-oriented,Equity: Thematic (Broad),Direct,15.48,15.33,,BSE 500 TRI,INF0K1H01081,151753,2.44,11.32,,5.43,0.78,0.62,1.23,17.53,16.48,,,,,60,37.97,24.78,50.64,,27.12,4.29,12,5,4,2,2,,25,Moderate Risk,Average,25,https://www.valueresearchonline.com/funds/43515/
Samco Special Opportunities Dir,solution-oriented,Equity: Thematic (Broad),Direct,3.67,,,BSE 500 TRI,INF0K1H01180,152586,2.44,,,,,,,,,,,,,50,33.56,21.58,54.29,,57.58,6.87,,,,,,,,,,25,https://www.valueresearchonline.com/funds/44280/
SBI Comma Dir,solution-oriented,Equity: Thematic (Broad),Direct,15.59,16.85,11.84,BSE 500 TRI,INF200K01SB6,119705,2.44,11.32,10.45,5.16,0.98,0.72,1.17,16.67,17.65,,,,,41,43.67,26.38,86.2,,17.99,2.15,12,3,4,2,3,,24,Moderate Risk,Average,25,https://www.valueresearchonline.com/funds/17523/
SBI Equity Minimum Variance Dir,solution-oriented,Equity: Thematic (Broad),Direct,-2.1,8.05,8.42,BSE 500 TRI,INF200KA1A71,146643,2.44,11.32,10.45,-2.13,0.89,0.28,0.37,14.51,9.69,,,,,50,57.47,35.68,61.53,,23.45,4.11,2,4,2,0,3,,11,High Risk,Poor,25,https://www.valueresearchonline.com/funds/39364/
SBI Quality Dir,solution-oriented,Equity: Thematic (Broad),Direct,,,,BSE 500 TRI,INF200KB1AG6,154177,,,,,,,,,,,,,,44,43.59,29.29,54.94,,34.37,6.78,,,,,,,,,,25,https://www.valueresearchonline.com/funds/45793/
Shriram Multi Sector Rotation Dir,solution-oriented,Equity: Thematic (Broad),Direct,8.07,,,BSE 500 TRI,INF680P01455,153076,2.44,,,,,,,,,,,,,42,43.47,26.36,69.14,,20.17,3.21,,,,,,,,,,25,https://www.valueresearchonline.com/funds/44669/
Sundaram Multi-Factor Dir,solution-oriented,Equity: Thematic (Broad),Direct,0.21,,,BSE 500 TRI,INF903JA1LV6,153669,2.44,,,,,,,,,,,,,76,27.64,16.79,59.3,,16.34,2.56,,,,,,,,,,25,https://www.valueresearchonline.com/funds/45285/
Sundaram Services Dir,solution-oriented,Equity: Thematic (Broad),Direct,7.55,15.29,14.15,BSE 500 TRI,INF903JA1FA2,144835,2.44,11.32,10.45,3.92,0.92,0.69,0.97,15,15.99,,,,,55,38.19,23.21,73.19,,26.77,3.15,10,4,4,0,3,,21,Moderate Risk,Average,25,https://www.valueresearchonline.com/funds/37577/
Tata BSE Select Business Groups Index Dir,solution-oriented,Equity: Thematic (Broad),Direct,4.93,,,BSE 500 TRI,INF277KA1DA2,153132,2.44,,,,,,,,,,,,,30,71.08,53.44,71.57,,20.65,3.57,,,,,,,,,,25,https://www.valueresearchonline.com/funds/44792/
Tata Ethical Dir,solution-oriented,Equity: Thematic (Broad),Direct,-4.76,5,6.79,BSE 500 TRI,INF277K01NG4,119172,2.44,11.32,10.45,-4.87,0.9,0.09,0.12,14.73,7.06,,,,,57,36.22,23.02,62.88,,27.42,4.04,2,4,2,0,3,,11,High Risk,Poor,25,https://www.valueresearchonline.com/funds/16683/
Tata Housing Opportunities Dir,solution-oriented,Equity: Thematic (Broad),Direct,-0.45,8.15,,BSE 500 TRI,INF277KA1497,150532,2.44,11.32,,-3.68,1.16,0.23,0.31,18.79,10.06,,,,,30,55.3,35.13,67.98,,22.75,2.88,2,0,2,0,2,,6,High Risk,Poor,25,https://www.valueresearchonline.com/funds/42447/
Tata Nifty Capital Markets Index Fund Dir,solution-oriented,Equity: Thematic (Broad),Direct,28.16,,,BSE 500 TRI,INF277KA1CO5,152951,2.44,,,,,,,,,,,,,17,82.36,60.5,100.3,,38.76,8.81,,,,,,,,,,17,https://www.valueresearchonline.com/funds/44638/
Tata Nifty India Tourism Index Dir,solution-oriented,Equity: Thematic (Broad),Direct,-15.56,,,BSE 500 TRI,INF277KA1CC0,152742,2.44,,,,,,,,,,,,,15,91.48,74.17,99.97,,191.08,10.59,,,,,,,,,,15,https://www.valueresearchonline.com/funds/44426/
Tata Nifty Realty Index Dir,solution-oriented,Equity: Thematic (Broad),Direct,3.01,,,BSE 500 TRI,INF277KA1AO9,152570,2.44,,,,,,,,,,,,,10,99.82,75.08,99.82,,37.36,4.06,,,,,,,,,,10,https://www.valueresearchonline.com/funds/44261/
Taurus Ethical Dir,solution-oriented,Equity: Thematic (Broad),Direct,2.32,10.36,9.8,BSE 500 TRI,INF044D01CJ0,118876,2.44,11.32,10.45,-0.12,0.95,0.42,0.58,15.55,12.15,,,,,58,38.26,23.6,53.25,,25.06,3.78,4,4,2,0,3,,13,Moderately High Risk,Average,25,https://www.valueresearchonline.com/funds/16658/
The Wealth Company Ethical Dir,solution-oriented,Equity: Thematic (Broad),Direct,,,,BSE 500 TRI,INF2F0001214,153895,,,,,,,,,,,,,,44,32.52,17.4,61.27,,33.8,5.48,,,,,,,,,,25,https://www.valueresearchonline.com/funds/45525/
Union Active Momentum Dir,solution-oriented,Equity: Thematic (Broad),Direct,19.19,,,BSE 500 TRI,INF582M01KG9,153109,2.44,,,,,,,,,,,,,41,29.01,15.98,63.42,,38.23,5.83,,,,,,,,,,25,https://www.valueresearchonline.com/funds/44784/
UTI BSE Housing Index Dir,solution-oriented,Equity: Thematic (Broad),Direct,-6.69,8.2,,BSE 500 TRI,INF789F1AYR1,151764,2.44,11.32,,-2.76,1.17,0.27,0.35,19.36,11,,,,,26,50.13,26.4,82.9,,38.08,4.13,2,0,2,0,2,,6,High Risk,Poor,25,https://www.valueresearchonline.com/funds/43521/
WhiteOak Capital Quality Equity Dir,solution-oriented,Equity: Thematic (Broad),Direct,-0.47,,,BSE 500 TRI,INF03VN01977,153189,2.44,,,,,,,,,,,,,56,45.4,31.36,54.48,,38.35,5.79,,,,,,,,,,25,https://www.valueresearchonline.com/funds/44853/
WhiteOak Capital Special Opportunities Dir,solution-oriented,Equity: Thematic (Broad),Direct,16.66,,,BSE 500 TRI,INF03VN01902,152644,2.44,,,,,,,,,,,,,87,29.31,18.22,54.33,,28.05,3.42,,,,,,,,,,25,https://www.valueresearchonline.com/funds/44333/
ABSL Consumption Dir,solution-oriented,Equity: Thematic (Infra),Direct,-6.08,9.69,10.01,BSE 500 TRI,INF209K01WC7,119591,2.44,11.32,10.45,-1.14,0.96,0.35,0.45,15.57,11.21,,,,,68,39.44,24.12,71.62,,39.29,6.13,4,3,2,0,3,2,12,High Risk,Poor,25,https://www.valueresearchonline.com/funds/15834/
Axis Consumption Dir,solution-oriented,Equity: Thematic (Infra),Direct,-5.61,,,BSE 500 TRI,INF846K013X0,152805,2.44,,,,,,,,,,,,,55,52.16,34.77,76.7,,46.25,7.78,,,,,,,,,,25,https://www.valueresearchonline.com/funds/44466/
Axis NIFTY India Consumption ETF,solution-oriented,Equity: Thematic (Infra),Direct,-5.8,12.14,,BSE 500 TRI,INF846K01TQ8,153397,2.44,11.32,,1.06,1,0.48,0.6,16.56,13.65,,,,,30,59.54,38.37,82.21,,38.76,7.2,6,3,2,0,3,,14,Moderately High Risk,Average,25,https://www.valueresearchonline.com/funds/41685/
Bajaj Finserv Consumption Dir,solution-oriented,Equity: Thematic (Infra),Direct,-3.8,,,BSE 500 TRI,INF0QA701946,153075,2.44,,,,,,,,,,,,,53,39.05,25.02,76.1,,32.68,5.55,,,,,,,,,,25,https://www.valueresearchonline.com/funds/44689/
Bank of India Consumption Dir,solution-oriented,Equity: Thematic (Infra),Direct,0.71,,,BSE 500 TRI,INF761K01GI7,153139,2.44,,,,,,,,,,,,,36,54.49,35.35,75.74,,34.25,6.39,,,,,,,,,,25,https://www.valueresearchonline.com/funds/44808/
Baroda BNP Paribas India Consumption Dir,solution-oriented,Equity: Thematic (Infra),Direct,-6.17,10.9,11.02,BSE 500 TRI,INF251K01PT7,150266,2.44,11.32,10.45,0.32,0.94,0.43,0.52,15.65,12.47,,,,,38,53.03,33.84,83.81,,30.13,7.19,6,4,2,0,3,3,15,Moderately High Risk,Average,25,https://www.valueresearchonline.com/funds/37339/
Canara Robeco Consumer Trends Dir,solution-oriented,Equity: Thematic (Infra),Direct,-2.89,11.58,11.61,BSE 500 TRI,INF760K01DU1,118273,2.44,11.32,10.45,0.31,1.01,0.45,0.58,16.07,12.97,,,,,42,45.02,27.73,71.53,,36.71,5.13,6,3,2,0,3,3,14,Moderately High Risk,Average,25,https://www.valueresearchonline.com/funds/16600/
Edelweiss Consumption Dir,solution-oriented,Equity: Thematic (Infra),Direct,-3,,,BSE 500 TRI,INF754K01TY2,153214,2.44,,,,,,,,,,,,,45,45.92,29.59,78.71,,45.25,7.64,,,,,,,,,,25,https://www.valueresearchonline.com/funds/44882/
Groww Nifty Non-Cyclical Consumer Index Dir,solution-oriented,Equity: Thematic (Infra),Direct,-10.4,,,BSE 500 TRI,INF666M01IE9,152637,2.44,,,,,,,,,,,,,30,66.43,44.76,87.82,,55.87,9.71,,,,,,,,,,25,https://www.valueresearchonline.com/funds/44325/
HDFC Consumption Dir,solution-oriented,Equity: Thematic (Infra),Direct,-7.13,11.68,,BSE 500 TRI,INF179KA1IZ7,128629,2.44,11.32,,0.77,0.95,0.45,0.61,16.26,13.01,,,,,51,54.49,36.84,85.79,,40.87,7.19,6,4,2,0,3,4,15,Moderately High Risk,Good,25,https://www.valueresearchonline.com/funds/43559/
HDFC Nifty India Consumption Index Dir,solution-oriented,Equity: Thematic (Infra),Direct,,,,BSE 500 TRI,INF179KC1KA4,154179,,,,,,,,,,,,,,30,58.92,37.97,81.37,,42.2,7.7,,,,,,,,,,25,https://www.valueresearchonline.com/funds/45800/
HSBC Consumption Dir,solution-oriented,Equity: Thematic (Infra),Direct,3.68,17.02,,BSE 500 TRI,INF336L01QZ9,152032,2.44,11.32,,,,,,,,,,,,50,41.68,26.18,79.71,,52.62,7.38,,,,,,,,,,25,https://www.valueresearchonline.com/funds/43710/
ICICI Pru Bharat Consumption Dir,solution-oriented,Equity: Thematic (Infra),Direct,-4.13,10.85,13.7,BSE 500 TRI,INF109KC1YD4,146951,2.44,11.32,10.45,0.21,0.93,0.44,0.54,15.18,12.3,,,,,62,50.4,33.66,81.56,,40.38,6.91,6,4,2,0,3,4,15,Moderately High Risk,Good,25,https://www.valueresearchonline.com/funds/39672/
ICICI Pru Nifty India Consumption ETF,solution-oriented,Equity: Thematic (Infra),Direct,-5.64,12.35,,BSE 500 TRI,INF761K01306,109254,2.44,11.32,,1.25,1,0.49,0.61,16.59,13.84,,,,,30,59.57,38.39,82.25,,38.76,7.2,6,3,2,0,3,,14,Moderately High Risk,Average,25,https://www.valueresearchonline.com/funds/41802/
Invesco India Consumption Dir,solution-oriented,Equity: Thematic (Infra),Direct,,,,BSE 500 TRI,INF205KA1BI6,153900,,,,,,,,,,,,,,39,39.03,22.65,67.42,,57.75,8.31,,,,,,,,,,25,https://www.valueresearchonline.com/funds/45529/
ITI Bharat Consumption Dir,solution-oriented,Equity: Thematic (Infra),Direct,1.39,,,BSE 500 TRI,INF00XX01DG1,153260,2.44,,,,,,,,,,,,,53,41.59,26.37,74.15,,29.61,6.66,,,,,,,,,,25,https://www.valueresearchonline.com/funds/44922/
Kotak Consumption Dir,solution-oriented,Equity: Thematic (Infra),Direct,-1.59,,,BSE 500 TRI,INF174KA1PP8,152169,2.44,,,,,,,,,,,,,42,49.46,32.58,70.52,,38.26,5.12,,,,,,,,,,25,https://www.valueresearchonline.com/funds/43860/
Kotak NIFTY India Consumption ETF,solution-oriented,Equity: Thematic (Infra),Direct,-5.49,12.5,,BSE 500 TRI,INF174KA1VN0,153519,2.44,11.32,,1.38,1,0.5,0.62,16.59,13.97,,,,,30,59.56,38.38,82.27,,38.76,7.2,6,3,2,0,3,,14,Moderately High Risk,Average,25,https://www.valueresearchonline.com/funds/42398/
LIC MF Consumption Dir,solution-oriented,Equity: Thematic (Infra),Direct,,,,BSE 500 TRI,INF767K01SD0,153948,,,,,,,,,,,,,,50,28.28,15.38,65.2,,32.08,5.75,,,,,,,,,,25,https://www.valueresearchonline.com/funds/45568/
Mahindra Manulife Consumption Dir,solution-oriented,Equity: Thematic (Infra),Direct,-5.24,11,11.71,BSE 500 TRI,INF174V01663,145356,2.44,11.32,10.45,0.13,0.96,0.43,0.51,15.75,12.42,,,,,48,45.15,29.14,83.5,,33.43,6.68,6,3,2,0,3,3,14,Moderately High Risk,Average,25,https://www.valueresearchonline.com/funds/37847/
Mirae Asset Great Consumer Dir,solution-oriented,Equity: Thematic (Infra),Direct,-3.94,11.55,12.88,BSE 500 TRI,INF769K01BL5,118837,2.44,11.32,10.45,0.56,1.02,0.45,0.55,17.03,13.31,,,,,40,53.86,34.45,84.73,,48.02,7.17,6,3,2,0,2,4,13,Moderately High Risk,Good,25,https://www.valueresearchonline.com/funds/16584/
Mirae Asset Nifty India New Age Consumption ETF,solution-oriented,Equity: Thematic (Infra),Direct,-1.37,,,BSE 500 TRI,INF769K01NM8,153192,2.44,,,,,,,,,,,,,75,43.97,26.13,78.14,,25.04,6.08,,,,,,,,,,25,https://www.valueresearchonline.com/funds/44832/
Mirae Asset Nifty India New Age Consumption ETF FoF Dir,solution-oriented,Equity: Thematic (Infra),Direct,-1.53,,,BSE 500 TRI,INF769K01NP1,153192,2.44,,,,,,,,,,,,,,,,,,,,,,,,,,,,,1,https://www.valueresearchonline.com/funds/44835/
Motilal Oswal Consumption Dir,solution-oriented,Equity: Thematic (Infra),Direct,,,,BSE 500 TRI,INF247L01GA2,153025,,,,,,,,,,,,,,30,51.35,30.87,68.21,,55.41,8.14,,,,,,,,,,25,https://www.valueresearchonline.com/funds/45543/
Motilal Oswal Nifty MidSmall India Consumption Index Dir,solution-oriented,Equity: Thematic (Infra),Direct,-6.11,,,BSE 500 TRI,INF247L01DU7,153025,2.44,,,,,,,,,,,,,30,49.22,28.83,64.65,,27.51,7.56,,,,,,,,,,25,https://www.valueresearchonline.com/funds/44680/
Nippon India Consumption Dir,solution-oriented,Equity: Thematic (Infra),Direct,-6.41,10.13,12.72,BSE 500 TRI,INF204K01G29,118724,2.44,11.32,10.45,-0.48,0.98,0.38,0.49,16.42,11.96,,,,,44,48.36,31.03,83.6,,48.22,7.89,4,3,2,0,3,4,12,High Risk,Good,25,https://www.valueresearchonline.com/funds/16131/
Nippon India ETF Nifty India Consumption,solution-oriented,Equity: Thematic (Infra),Direct,-5.73,12.23,11.26,BSE 500 TRI,INF0QA701BG6,153479,2.44,11.32,10.45,1.14,1,0.48,0.61,16.57,13.73,,,,,30,59.55,38.38,82.23,,38.76,7.2,6,3,2,0,3,,14,Moderately High Risk,Average,25,https://www.valueresearchonline.com/funds/25700/
Quant Consumption Dir,solution-oriented,Equity: Thematic (Infra),Direct,3.84,,,BSE 500 TRI,INF966L01DN7,152336,2.44,,,,,,,,,,,,,16,78.64,43.51,68.42,,36.9,4,,,,,,,,,,13,https://www.valueresearchonline.com/funds/44053/
SBI Consumption Opportunities Dir,solution-oriented,Equity: Thematic (Infra),Direct,-11.5,6.12,12.66,BSE 500 TRI,INF200K01RM5,120575,2.44,11.32,10.45,-4.56,1,0.14,0.2,16.71,8.05,,,,,49,40.77,22.72,79.79,,46.82,7.01,2,3,2,0,3,2,10,High Risk,Poor,25,https://www.valueresearchonline.com/funds/17525/
SBI Nifty Consumption ETF,solution-oriented,Equity: Thematic (Infra),Direct,-5.69,12.28,11.28,BSE 500 TRI,INF200KB1449,153015,2.44,11.32,10.45,1.19,1,0.49,0.61,16.59,13.78,,,,,30,59.55,38.38,82.26,,38.76,7.2,6,3,2,0,3,,14,Moderately High Risk,Average,25,https://www.valueresearchonline.com/funds/41572/
SBI Nifty India Consmpn Index Dir,solution-oriented,Equity: Thematic (Infra),Direct,-5.87,,,BSE 500 TRI,INF200KB1449,153015,2.44,,,,,,,,,,,,,30,59.66,38.45,82.38,,42.2,7.7,,,,,,,,,,25,https://www.valueresearchonline.com/funds/44672/
Sundaram Consumption Dir,solution-oriented,Equity: Thematic (Infra),Direct,-4.83,10.06,11.57,BSE 500 TRI,INF903J01NH5,119595,2.44,11.32,10.45,-0.47,0.96,0.37,0.47,16.5,11.86,,,,,36,54.95,34.97,70.46,,48.03,8.02,4,3,2,0,3,2,12,High Risk,Poor,25,https://www.valueresearchonline.com/funds/16163/
Tata BSE Multicap Consmpn 50:30:20 Index Dir,solution-oriented,Equity: Thematic (Infra),Direct,,,,BSE 500 TRI,INF277KA1EP8,154066,,,,,,,,,,,,,,100,33.48,21.65,84.64,,31.31,6.52,,,,,,,,,,25,https://www.valueresearchonline.com/funds/45705/
Tata India Consumer Dir,solution-oriented,Equity: Thematic (Infra),Direct,4.19,15.59,14.26,BSE 500 TRI,INF277K013A6,135805,2.44,11.32,10.45,4.19,0.98,0.65,0.87,16.95,16.66,,,,,35,49.85,31.65,78.53,,52.89,8.63,10,3,4,0,3,5,20,Moderate Risk,Excellent,25,https://www.valueresearchonline.com/funds/31360/
Union Consumption Dir,solution-oriented,Equity: Thematic (Infra),Direct,,,,BSE 500 TRI,INF582M01MH3,154020,,,,,,,,,,,,,,43,46.06,29.06,73.71,,52.21,7.5,,,,,,,,,,25,https://www.valueresearchonline.com/funds/45669/
UTI India Consumer Dir,solution-oriented,Equity: Thematic (Infra),Direct,-2.65,11.39,9.35,BSE 500 TRI,INF789F01VF3,120780,2.44,11.32,10.45,0.55,1,0.45,0.55,16.63,13.13,,,,,42,55.29,37.71,80.51,,44.44,7.17,6,3,2,0,3,1,14,Moderately High Risk,Poor,25,https://www.valueresearchonline.com/funds/15894/
WhiteOak Capital Consumption Opportunities Dir,solution-oriented,Equity: Thematic (Infra),Direct,,,,BSE 500 TRI,INF03VN01AD3,154161,,,,,,,,,,,,,,49,48.44,33.97,77.73,,47.17,7.26,,,,,,,,,,25,https://www.valueresearchonline.com/funds/45780/
ABSL ESG Integration Strategy Dir,solution-oriented,Equity: Thematic (ESG),Direct,3.03,11.45,8.13,BSE 100 TRI,INF209KB1U76,148637,-0.11,9.84,9.19,1.77,1,0.48,0.62,14.95,12.9,,,,,53,39.19,24.42,74.23,,26.4,3.56,8,3,2,0,3,,16,Moderately High Risk,Average,25,https://www.valueresearchonline.com/funds/41221/
Axis ESG Integration Strategy Dir,solution-oriented,Equity: Thematic (ESG),Direct,0.49,9.51,6.15,BSE 100 TRI,INF846K01W23,147928,-0.11,9.84,9.19,0.23,0.9,0.38,0.48,13.44,10.82,,,,,42,41.1,25.63,68.57,,27.25,3.56,6,4,2,0,4,,16,Moderately High Risk,Average,25,https://www.valueresearchonline.com/funds/40536/
Baroda BNP Paribas ESG Best-in-class strategy Dir,solution-oriented,Equity: Thematic (ESG),Direct,,,,BSE 100 TRI,INF251K01VP3,154195,,,,,,,,,,,,,,50,41.02,26.76,66.71,,26.53,4.2,,,,,,,,,,25,https://www.valueresearchonline.com/funds/45837/
ICICI Pru ESG Exclusionary Strategy Dir,solution-oriented,Equity: Thematic (ESG),Direct,-2.63,12.3,10.19,BSE 100 TRI,INF109KC1O09,148516,-0.11,9.84,9.19,2.63,0.97,0.54,0.81,14.61,13.6,,,,,54,48.87,32.14,58.95,,25.52,3.33,8,3,2,0,3,,16,Moderately High Risk,Average,25,https://www.valueresearchonline.com/funds/41127/
Invesco India ESG Integration Strategy Dir,solution-oriented,Equity: Thematic (ESG),Direct,0.7,10.21,8.17,BSE 100 TRI,INF205KA1338,148751,-0.11,9.84,9.19,0.71,1.01,0.4,0.52,15.48,11.88,,,,,40,43.38,25.88,77.93,,31.34,4.48,6,3,2,0,3,,14,Moderately High Risk,Average,25,https://www.valueresearchonline.com/funds/41339/
Kotak ESG Exclusionary Strategy Dir,solution-oriented,Equity: Thematic (ESG),Direct,-0.72,9.65,7.75,BSE 100 TRI,INF174KA1FI4,148606,-0.11,9.84,9.19,0.53,0.94,0.41,0.48,13.79,11.33,,,,,46,49.35,29.58,64.18,,22.54,3.39,6,4,2,0,4,,16,Moderately High Risk,Average,25,https://www.valueresearchonline.com/funds/41202/
Mirae Asset Nifty 100 ESG Sector Leaders ETF,solution-oriented,Equity: Thematic (ESG),Direct,-3.28,8.67,6.68,BSE 100 TRI,INF769K01GQ3,148574,-0.11,9.84,9.19,-0.96,0.97,0.31,0.42,13.95,9.99,,,,,60,54.99,39.9,67.69,,23.12,3.1,4,3,2,0,4,,13,Moderately High Risk,Average,25,https://www.valueresearchonline.com/funds/41157/
Mirae Asset Nifty 100 ESG Sector Leaders FoF Dir,solution-oriented,Equity: Thematic (ESG),Direct,-3.33,8.66,6.6,BSE 100 TRI,INF769K01GQ3,148574,-0.11,9.84,9.19,-1.08,0.97,0.3,0.41,13.96,9.85,,,,,,,,,,,,4,3,2,0,4,,13,Moderately High Risk,Average,1,https://www.valueresearchonline.com/funds/41160/
Quant ESG Integration Strategy Dir,solution-oriented,Equity: Thematic (ESG),Direct,24.88,18.03,18.63,BSE 100 TRI,INF966L01AD4,148564,-0.11,9.84,9.19,7.54,1.16,0.67,1.08,20.57,19.55,,,,,17,76.27,44.83,73.29,,28.72,3.49,12,0,4,2,2,,20,Moderate Risk,Average,13,https://www.valueresearchonline.com/funds/41165/
Quantum ESG Best In Class Strategy Dir,solution-oriented,Equity: Thematic (ESG),Direct,-2.57,8.82,7.7,BSE 100 TRI,INF082J01382,147372,-0.11,9.84,9.19,-0.65,1.03,0.32,0.4,15.4,10.64,,,,,52,34.64,21.19,67.65,,33.13,4.72,4,3,2,0,3,,12,High Risk,Poor,25,https://www.valueresearchonline.com/funds/40010/
SBI ESG Exclusionary Strategy Dir,solution-oriented,Equity: Thematic (ESG),Direct,1.47,9.82,8.61,BSE 100 TRI,INF200K01SE0,119709,-0.11,9.84,9.19,0.3,0.99,0.39,0.46,14.49,11.36,,,,,44,48.17,29.64,64.4,,25.38,3.73,6,3,2,0,3,,14,Moderately High Risk,Average,25,https://www.valueresearchonline.com/funds/16219/
WhiteOak Capital ESG Best-In-Class Strategy Dir,solution-oriented,Equity: Thematic (ESG),Direct,-1.08,,,BSE 100 TRI,INF03VN01951,152962,-0.11,,,,,,,,,,,,,56,47.3,33.2,63.13,,30.81,4.29,,,,,,,,,,25,https://www.valueresearchonline.com/funds/44645/
ABSL CRISIL 10 Year Gilt ETF,solution-oriented,Debt: Others (Structured/Credit),Direct,2.95,,,Debt: 10-Year Constant Maturity Gilt,INF846K01AX8,116471,3.31,,,,,,,,,,,GOI/Cash,6.63,,,,,1,,,,,,,,,,,,1,https://www.valueresearchonline.com/funds/44486/
Bandhan Gilt Fund with 10 year Constant Duration Dir,solution-oriented,Debt: Others (Structured/Credit),Direct,5.57,7.85,5.88,Debt: 10-Year Constant Maturity Gilt,INF194K01P38,118387,4.25,7.15,5.68,,,0.6,0.79,3.17,7.59,6.95,7.1,GOI/Cash,7.59,,,,,6,,,,,4,0,6,,10,High Risk,Poor,6,https://www.valueresearchonline.com/funds/16728/
DSP 10Y G-Sec Dir,solution-oriented,Debt: Others (Structured/Credit),Direct,2.67,6.47,5.02,Debt: 10-Year Constant Maturity Gilt,INF740K019I5,131301,4.25,7.15,5.68,,,0.21,0.3,2.81,6.28,6.89,7.08,GOI/Cash,6.28,,,,,2,,,,,2,0,6,,8,High Risk,Poor,2,https://www.valueresearchonline.com/funds/28175/
ICICI Pru Constant Maturity Gilt Dir,solution-oriented,Debt: Others (Structured/Credit),Direct,4.9,7.5,5.93,Debt: 10-Year Constant Maturity Gilt,INF109KA1O37,131061,4.25,7.15,5.68,,,0.52,0.73,2.99,7.24,6.94,7.12,GOI/Cash,7.24,,,,,9,,,,,2,0,6,,8,High Risk,Poor,9,https://www.valueresearchonline.com/funds/27957/
ICICI Pru Nifty 10 yr Benchmark G-Sec ETF,solution-oriented,Debt: Others (Structured/Credit),Direct,2.5,6.58,,Debt: 10-Year Constant Maturity Gilt,INF740K012I0,131297,3.31,6.77,,,,0.24,0.35,2.89,6.38,6.93,7.12,GOI/Cash,6.63,,,,,1,,,,,2,0,6,,8,High Risk,Poor,1,https://www.valueresearchonline.com/funds/42946/
SBI Constant Maturity 10-Year Gilt Dir,solution-oriented,Debt: Others (Structured/Credit),Direct,4.27,7.14,5.83,Debt: 10-Year Constant Maturity Gilt,INF200K01SK7,120137,4.25,7.15,5.68,,,0.41,0.56,3,6.92,6.97,7.06,GOI/Cash,6.92,,,,,4,,,,,2,0,6,,8,High Risk,Poor,4,https://www.valueresearchonline.com/funds/17173/
SBI Nifty 10Y Benchmark G-Sec ETF,solution-oriented,Debt: Others (Structured/Credit),Direct,2.51,6.64,5.11,Debt: 10-Year Constant Maturity Gilt,INF200K01685,102505,3.31,6.77,5.33,,,0.26,0.38,2.9,6.44,,,GOI/Cash,6.63,,,,,1,,,,,2,0,6,,8,High Risk,Poor,1,https://www.valueresearchonline.com/funds/32486/
UTI Gilt Fund with 10 year Constant Duration Dir,solution-oriented,Debt: Others (Structured/Credit),Direct,4.21,7.14,,Debt: 10-Year Constant Maturity Gilt,INF789F1AVR7,150410,4.25,7.15,,,,0.41,0.56,2.98,6.91,6.88,7.04,GOI/Cash,6.91,,,,,7,,,,,2,0,6,,8,High Risk,Poor,7,https://www.valueresearchonline.com/funds/42374/
UTI Nifty 10 yr Benchmark G-Sec ETF,solution-oriented,Debt: Others (Structured/Credit),Direct,2.28,,,Debt: 10-Year Constant Maturity Gilt,INF789F014Z9,152369,3.31,,,,,,,,,,,GOI/Cash,6.63,,,,,1,,,,,,,,,,,,1,https://www.valueresearchonline.com/funds/44082/
ABSL Business Cycle Reg,solution-oriented,Solution: Retirement - Equity,Regular,10.67,12.72,,BSE 500 TRI,INF209KB12D6,149296,2.44,11.32,,1.82,0.95,0.56,0.76,14.87,14.07,,,,,59,28.51,16.04,53.18,,25.73,4.01,8,4,2,0,3,,17,Moderately High Risk,Average,25,https://www.valueresearchonline.com/funds/41812/
Axis Business Cycles Reg,solution-oriented,Solution: Retirement - Equity,Regular,6.67,12.76,,BSE 500 TRI,INF846K019N8,151366,2.44,11.32,,1.49,1.01,0.54,0.65,15.75,14.15,,,,,77,29.4,16.91,58.63,,31.42,3.48,6,3,2,0,3,,14,Moderately High Risk,Average,25,https://www.valueresearchonline.com/funds/43122/
Bandhan Business Cycle Reg,solution-oriented,Solution: Retirement - Equity,Regular,-0.15,,,BSE 500 TRI,INF194KB1IP8,152877,2.44,,,,,,,,,,,,,92,37.76,22.08,64.95,,21.41,2.59,,,,,,,,,,25,https://www.valueresearchonline.com/funds/44518/
Bank of India Business Cycle Reg,solution-oriented,Solution: Retirement - Equity,Regular,7.03,,,BSE 500 TRI,INF761K01GC0,152790,2.44,,,,,,,,,,,,,51,36.79,22.49,55.23,,28.95,4.33,,,,,,,,,,25,https://www.valueresearchonline.com/funds/44472/
Baroda BNP Paribas Business Cycle Reg,solution-oriented,Solution: Retirement - Equity,Regular,5.08,12.73,,BSE 500 TRI,INF955L01KH7,149140,2.44,11.32,,1.46,1.02,0.54,0.67,15.82,14.16,,,,,56,38.05,24.75,54.85,,29.54,4.07,6,3,2,0,3,,14,Moderately High Risk,Average,25,https://www.valueresearchonline.com/funds/41669/
DSP Business Cycle Fund Reg,solution-oriented,Solution: Retirement - Equity,Regular,3.34,,,BSE 500 TRI,INF740KA1US7,153122,2.44,,,,,,,,,,,,,46,49.03,32.95,59.85,,22.89,3,,,,,,,,,,25,https://www.valueresearchonline.com/funds/44758/
Edelweiss Business Cycle Reg,solution-oriented,Solution: Retirement - Equity,Regular,5.46,,,BSE 500 TRI,INF754K01SW8,152724,2.44,,,,,,,,,,,,,66,28.84,16.82,60.65,,27.57,4.06,,,,,,,,,,25,https://www.valueresearchonline.com/funds/44392/
HDFC Business Cycle Reg,solution-oriented,Solution: Retirement - Equity,Regular,4.57,11.38,,BSE 500 TRI,INF209KB12D6,149296,2.44,11.32,,0.07,0.95,0.44,0.58,15.13,12.31,,,,,60,39.64,24.95,57.25,,32.89,3.98,6,4,2,0,3,,15,Moderately High Risk,Average,25,https://www.valueresearchonline.com/funds/42725/
HSBC Business Cycles Reg,solution-oriented,Solution: Retirement - Equity,Regular,3.85,15.35,14.67,BSE 500 TRI,INF917K01RF8,151144,2.44,11.32,10.45,3.15,1.21,0.57,0.83,20.31,17.19,,,,,72,28.86,17.42,77.51,,30.42,3.66,10,0,2,0,2,,14,Moderately High Risk,Average,25,https://www.valueresearchonline.com/funds/27581/
ICICI Pru Business Cycle,solution-oriented,Solution: Retirement - Equity,Regular,0.16,14.95,14.92,BSE 500 TRI,INF209KB12D6,149296,2.44,11.32,10.45,4.01,0.89,0.72,0.91,14.05,15.82,,,,,81,47.28,31.82,64.09,,25.04,3.34,10,4,4,0,3,,21,Moderate Risk,Average,25,https://www.valueresearchonline.com/funds/41243/
Invesco India Business Cycle Reg,solution-oriented,Solution: Retirement - Equity,Regular,14.17,,,BSE 500 TRI,INF205KA1AF4,153288,2.44,,,,,,,,,,,,,36,43.89,24.66,61.32,,38.64,4,,,,,,,,,,25,https://www.valueresearchonline.com/funds/44928/
ITI Business Cycle Reg,solution-oriented,Solution: Retirement - Equity,Regular,,,,BSE 500 TRI,INF00XX01838,148535,,,,,,,,,,,,,,74,24.16,15.67,63.09,,27.92,3.55,,,,,,,,,,25,https://www.valueresearchonline.com/funds/45805/
Kotak Business Cycle Reg,solution-oriented,Solution: Retirement - Equity,Regular,5.87,14.98,,BSE 500 TRI,INF174KA1JK2,150626,2.44,11.32,,3.45,0.95,0.66,0.76,15.3,15.72,,,,,51,39.8,24.92,57.22,,30.52,4.2,10,4,4,0,3,,21,Moderate Risk,Average,25,https://www.valueresearchonline.com/funds/42531/
Mahindra Manulife Business Cycle Reg,solution-oriented,Solution: Retirement - Equity,Regular,9.64,,,BSE 500 TRI,INF174V01BN1,152046,2.44,,,,,,,,,,,,,64,28.52,16.24,56.44,,20.94,2.56,,,,,,,,,,25,https://www.valueresearchonline.com/funds/43734/
Motilal Oswal Business Cycle Reg,solution-oriented,Solution: Retirement - Equity,Regular,-0.78,,,BSE 500 TRI,INF247L01DD3,152794,2.44,,,,,,,,,,,,,33,41.6,24.06,56.98,,42.56,3.79,,,,,,,,,,25,https://www.valueresearchonline.com/funds/44478/
Quant Business Cycle Reg,solution-oriented,Solution: Retirement - Equity,Regular,8.05,11.13,,BSE 500 TRI,INF966L01BU6,151758,2.44,11.32,,-0.59,1.22,0.38,0.56,20.53,13.54,,,,,18,73.57,45.71,61.04,,28.75,2.77,4,0,2,0,2,,8,High Risk,Poor,12,https://www.valueresearchonline.com/funds/43516/
Sundaram Business Cycle Reg,solution-oriented,Solution: Retirement - Equity,Regular,4.6,,,BSE 500 TRI,INF903JA1LN3,152678,2.44,,,,,,,,,,,,,33,41.33,22.55,70.22,,36.59,4.87,,,,,,,,,,25,https://www.valueresearchonline.com/funds/44360/
Tata Business Cycle Reg,solution-oriented,Solution: Retirement - Equity,Regular,2.82,11.13,13.31,BSE 500 TRI,INF277KA1190,149068,2.44,11.32,10.45,0.15,0.98,0.45,0.61,15.28,12.62,,,,,54,34.3,20.1,62.44,,28.26,3.07,6,3,2,0,3,,14,Moderately High Risk,Average,25,https://www.valueresearchonline.com/funds/41579/
Union Business Cycle Reg,solution-oriented,Solution: Retirement - Equity,Regular,6.85,,,BSE 500 TRI,INF582M01JM9,152411,2.44,,,,,,,,,,,,,59,35.4,23.53,67.12,,28.54,3.45,,,,,,,,,,25,https://www.valueresearchonline.com/funds/44136/
Axis Innovation Reg,solution-oriented,Solution: Retirement - Hybrid,Regular,16.1,17.04,11.01,BSE 500 TRI,INF846K01Y05,148631,2.44,11.32,10.45,6.03,0.82,0.8,1.26,14.66,17.41,,,,,69,31.67,19.02,64.13,,23.32,7.15,12,5,6,2,3,,28,Low Risk,Good,25,https://www.valueresearchonline.com/funds/41223/
Bandhan Innovation Reg,solution-oriented,Solution: Retirement - Hybrid,Regular,19.51,,,BSE 500 TRI,INF194KB1IB8,152606,2.44,,,,,,,,,,,,,81,32.73,20.63,52.45,,45.71,5.08,,,,,,,,,,25,https://www.valueresearchonline.com/funds/44245/
Baroda BNP Paribas Innovation Reg,solution-oriented,Solution: Retirement - Hybrid,Regular,10.92,,,BSE 500 TRI,INF251K01TB7,152472,2.44,,,,,,,,,,,,,46,34.61,19.12,55.44,,55.29,7.45,,,,,,,,,,25,https://www.valueresearchonline.com/funds/44100/
HDFC Innovation Reg,solution-oriented,Solution: Retirement - Hybrid,Regular,17.8,,,BSE 500 TRI,INF179KC1JL3,153619,2.44,,,,,,,,,,,,,69,39.81,25.42,55.3,,48.78,6.19,,,,,,,,,,25,https://www.valueresearchonline.com/funds/45273/
ICICI Pru Innovation,solution-oriented,Solution: Retirement - Hybrid,Regular,5.57,18.34,,BSE 500 TRI,INF247L01EM2,153256,2.44,11.32,,6.79,0.94,0.89,1.13,14.93,18.98,,,,,74,32.09,19.62,60.22,,23.88,4.13,12,4,6,2,3,,27,Low Risk,Good,25,https://www.valueresearchonline.com/funds/43442/
Kotak Pioneer Reg,solution-oriented,Solution: Retirement - Hybrid,Regular,10.4,18.8,14.44,BSE 500 TRI*,INF174KA1EW8,147724,2.44,11.32,10.45,6.87,0.91,0.86,1.06,15.27,18.81,,,,,51,31.72,18.85,44.94,,49.12,5.97,12,4,6,2,3,,27,Low Risk,Good,25,https://www.valueresearchonline.com/funds/40374/
Mahindra Manulife Innovation Opportunities Reg,solution-oriented,Solution: Retirement - Hybrid,Regular,,,,BSE 500 TRI,INF174V01CX8,154120,,,,,,,,,,,,,,48,26.82,14.99,53.69,,35.42,5.05,,,,,,,,,,25,https://www.valueresearchonline.com/funds/45735/
Motilal Oswal Innovation Opportunities Reg,solution-oriented,Solution: Retirement - Hybrid,Regular,14.77,,,BSE 500 TRI,INF247L01EM2,153256,2.44,,,,,,,,,,,,,32,38.31,21.35,57.55,,37.73,4.33,,,,,,,,,,25,https://www.valueresearchonline.com/funds/44900/
Nippon India Innovation Reg,solution-oriented,Solution: Retirement - Hybrid,Regular,3.69,14.14,,BSE 500 TRI,INF204KC1BL9,152034,2.44,11.32,,,,,,,,,,,,57,35.31,20.23,57.75,,33.14,5.47,,,,,,,,,,25,https://www.valueresearchonline.com/funds/43719/
SBI Innovative Opportunities Reg,solution-oriented,Solution: Retirement - Hybrid,Regular,9.4,,,BSE 500 TRI,INF200KB1290,152774,2.44,,,,,,,,,,,,,37,50.73,29.84,63.8,,49.91,6.22,,,,,,,,,,25,https://www.valueresearchonline.com/funds/44457/
Tata India Innovation Reg,solution-oriented,Solution: Retirement - Hybrid,Regular,3.27,,,BSE 500 TRI,INF277KA1CR8,153059,2.44,,,,,,,,,,,,,61,32.51,18.31,61.17,,29.71,3.85,,,,,,,,,,25,https://www.valueresearchonline.com/funds/44714/
Union Innovation & Opportunities Reg,solution-oriented,Solution: Retirement - Hybrid,Regular,13.11,,,BSE 500 TRI,INF582M01JA4,151903,2.44,,,,,,,,,,,,,52,31.98,18.21,64.76,,61.94,5.77,,,,,,,,,,25,https://www.valueresearchonline.com/funds/43668/
UTI Innovation Reg,solution-oriented,Solution: Retirement - Hybrid,Regular,-0.06,,,BSE 500 TRI,INF789F1AYY7,152086,2.44,,,,,,,,,,,,,31,56.37,35.82,83.96,,54.62,5.02,,,,,,,,,,25,https://www.valueresearchonline.com/funds/43797/
360 ONE Flexicap Reg,solution-oriented,Solution: Children - Debt,Regular,10.39,16.39,,BSE 500 TRI,INF579M01AP7,151799,2.44,11.32,,4.46,0.99,0.72,0.94,15.74,16.96,,,,,56,33.66,19.09,63.66,,26.3,3.87,10,3,4,0,3,4,20,Moderate Risk,Good,25,https://www.valueresearchonline.com/funds/43545/
360 ONE Focused Reg,solution-oriented,Solution: Children - Debt,Regular,6.56,11.25,10.62,BSE 500 TRI,INF579M01878,131578,2.44,11.32,10.45,0.35,0.91,0.46,0.59,14.39,12.36,,,,,28,56.17,32.91,69.51,,26.89,3.92,6,4,2,0,3,3,15,Moderately High Risk,Average,25,https://www.valueresearchonline.com/funds/28456/
Abakkus Flexi Cap Reg,solution-oriented,Solution: Children - Debt,Regular,,,,BSE 500 TRI,INF2JJD01169,154041,,,,,,,,,,,,,,45,33.8,20.21,56.78,,24.84,3.7,,,,,,,,,,25,https://www.valueresearchonline.com/funds/45681/
ABSL Bal Bhavishya Yojna Reg,solution-oriented,Solution: Children - Debt,Regular,7.34,10.62,8.74,BSE 500 TRI,INF209KB1E76,146409,2.44,11.32,10.45,-0.41,0.96,0.41,0.55,15.12,11.95,,,,,67,29.14,18.44,55.08,,28.04,3.47,4,3,2,0,3,2,12,High Risk,Poor,25,https://www.valueresearchonline.com/funds/38819/
ABSL BSE 500 Momentum 50 Index Reg,solution-oriented,Solution: Children - Debt,Regular,7.08,,,BSE 500 TRI,INF209KC1605,153735,2.44,,,,,,,,,,,,,50,39.77,21.65,60.81,,24.54,5.01,,,,,,,,,,25,https://www.valueresearchonline.com/funds/45375/
ABSL BSE 500 Quality 50 Index Reg,solution-oriented,Solution: Children - Debt,Regular,3.58,,,BSE 500 TRI,INF209KC1639,153742,2.44,,,,,,,,,,,,,50,40.61,21.36,59.41,,23.9,7.85,,,,,,,,,,25,https://www.valueresearchonline.com/funds/45379/
ABSL Flexi Cap Reg,solution-oriented,Solution: Children - Debt,Regular,10.68,15.01,11.35,BSE 500 TRI,INF209K01AJ8,103166,2.44,11.32,10.45,3.77,0.95,0.71,0.91,14.61,16.02,,,,,83,27.86,17.42,56.43,,30.18,3.9,10,4,4,0,3,4,21,Moderate Risk,Good,25,https://www.valueresearchonline.com/funds/561/
ABSL Focused Reg,solution-oriented,Solution: Children - Debt,Regular,5.69,12.7,10.04,BSE 500 TRI,INF209K01LV0,108273,2.44,11.32,10.45,1.76,0.9,0.57,0.8,14.07,13.68,,,,,29,42.71,23.75,62.47,,27.18,3.3,8,4,2,0,3,3,17,Moderately High Risk,Average,25,https://www.valueresearchonline.com/funds/2865/
ABSL Retirement 30s Reg,solution-oriented,Solution: Children - Debt,Regular,14.75,15.43,11.29,BSE 500 TRI,INF209KB1H99,146577,2.44,11.32,10.45,3.75,0.97,0.68,0.9,15.51,16.17,,,,,77,25.24,15.08,53.01,,30.07,3.85,10,3,4,0,3,3,20,Moderate Risk,Average,25,https://www.valueresearchonline.com/funds/39179/
Angel One Nifty Total Market ETF,solution-oriented,Solution: Children - Debt,Regular,2.99,,,BSE 500 TRI,INF1J2R01023,153330,2.44,,,,,,,,,,,,,752,28.13,19.63,53.19,,22.13,3.16,,,,,,,,,,25,https://www.valueresearchonline.com/funds/44964/
Angel One Nifty Total Market Index Reg,solution-oriented,Solution: Children - Debt,Regular,2.21,,,BSE 500 TRI,INF1J2R01031,153331,2.44,,,,,,,,,,,,,752,28.15,19.64,53.21,,22.82,3.4,,,,,,,,,,25,https://www.valueresearchonline.com/funds/44962/
Angel One Nifty Total Market Momentum Quality 50 ETF,solution-oriented,Solution: Children - Debt,Regular,,,,BSE 500 TRI,INF1J2R01122,153956,,,,,,,,,,,,,,50,49.37,26.02,64.89,,34.05,8.49,,,,,,,,,,25,https://www.valueresearchonline.com/funds/45605/
Angel One Nifty Total Market Momentum Quality 50 Index Reg,solution-oriented,Solution: Children - Debt,Regular,,,,BSE 500 TRI,INF1J2R01130,153955,,,,,,,,,,,,,,50,49.43,26.06,64.96,,30.19,7.67,,,,,,,,,,25,https://www.valueresearchonline.com/funds/45606/
Axis Flexi Cap Reg,solution-oriented,Solution: Children - Debt,Regular,6.24,13.6,8.17,BSE 500 TRI,INF846K01B51,141927,2.44,11.32,10.45,2.44,0.97,0.59,0.71,15.49,14.81,,,,,62,38.74,23.71,59.77,,32.15,4.66,8,3,2,0,3,2,16,Moderately High Risk,Poor,25,https://www.valueresearchonline.com/funds/34709/
Axis Focused Reg,solution-oriented,Solution: Children - Debt,Regular,2.4,10.4,3.94,BSE 500 TRI,INF846K01CH7,117560,2.44,11.32,10.45,0.05,0.91,0.42,0.6,14.97,12.05,,,,,27,53.02,31.75,59.42,,31.27,5.02,6,4,2,0,3,1,15,Moderately High Risk,Poor,25,https://www.valueresearchonline.com/funds/14951/
Axis Nifty 500 Index Reg,solution-oriented,Solution: Children - Debt,Regular,1.59,,,BSE 500 TRI,INF846K018W1,152730,2.44,,,,,,,,,,,,,500,29.39,20.51,53.66,,22.57,3.4,,,,,,,,,,25,https://www.valueresearchonline.com/funds/44412/
Axis Nifty500 Momentum 50 Index Reg,solution-oriented,Solution: Children - Debt,Regular,6.36,,,BSE 500 TRI,INF846KA1036,153245,2.44,,,,,,,,,,,,,50,46.49,25.49,64.66,,26.66,5.57,,,,,,,,,,25,https://www.valueresearchonline.com/funds/44904/
Axis Nifty500 Quality 50 Index Reg,solution-oriented,Solution: Children - Debt,Regular,,,,BSE 500 TRI,INF846KA1192,153830,,,,,,,,,,,,,,50,39.96,22.92,64.31,,22.61,7.15,,,,,,,,,,25,https://www.valueresearchonline.com/funds/45467/
Bajaj Finserv Flexi Cap Reg,solution-oriented,Solution: Children - Debt,Regular,8.08,16.09,,BSE 500 TRI,INF0QA701383,151898,2.44,11.32,,4.45,0.94,0.72,0.92,15.1,16.64,,,,,72,33.13,19.66,59.94,,22.5,4.23,10,4,4,0,3,4,21,Moderate Risk,Good,25,https://www.valueresearchonline.com/funds/43651/
Bandhan Flexi Cap Reg,solution-oriented,Solution: Children - Debt,Regular,1.48,10.85,9.55,BSE 500 TRI,INF194K01391,108594,2.44,11.32,10.45,-0.02,0.89,0.44,0.59,13.72,11.8,,,,,71,45.63,29.28,63.7,,21.84,3.01,4,4,2,0,4,3,14,Moderately High Risk,Average,25,https://www.valueresearchonline.com/funds/2886/
Bandhan Focused Reg,solution-oriented,Solution: Children - Debt,Regular,4.99,14.52,11.2,BSE 500 TRI,INF194K01466,108592,2.44,11.32,10.45,2.16,0.99,0.54,0.76,16.58,14.67,,,,,27,55.64,33.17,62.11,,17.73,2.51,8,3,2,0,3,3,16,Moderately High Risk,Average,25,https://www.valueresearchonline.com/funds/3151/
Bandhan Nifty 500 Momentum 50 Index Reg,solution-oriented,Solution: Children - Debt,Regular,6.33,,,BSE 500 TRI,INF194KB1IX2,153002,2.44,,,,,,,,,,,,,50,46.5,25.5,64.65,,26.66,5.57,,,,,,,,,,25,https://www.valueresearchonline.com/funds/44629/
Bandhan Nifty Alpha 50 Index Reg,solution-oriented,Solution: Children - Debt,Regular,10.71,,,BSE 500 TRI,INF194KB1GX6,152179,2.44,,,,,,,,,,,,,50,34.76,20,64.94,,18.19,3.19,,,,,,,,,,25,https://www.valueresearchonline.com/funds/43862/
Bandhan Nifty Total Mkt Index Reg,solution-oriented,Solution: Children - Debt,Regular,2,,,BSE 500 TRI,INF194KB1IH5,152717,2.44,,,,,,,,,,,,,752,28.14,19.63,53.29,,22.82,3.4,,,,,,,,,,25,https://www.valueresearchonline.com/funds/44402/
Bank of India Flexi Cap Reg,solution-oriented,Solution: Children - Debt,Regular,13.74,18.67,15.39,BSE 500 TRI,INF761K01FI9,148405,2.44,11.32,10.45,6.81,1.11,0.77,1.14,18.78,20.19,,,,,64,30.66,18.2,51.71,,24.48,3.45,12,2,4,2,2,4,22,Moderate Risk,Good,25,https://www.valueresearchonline.com/funds/41016/
Baroda BNP Paribas Children's Reg,solution-oriented,Solution: Children - Debt,Regular,6.1,,,BSE 500 TRI,INF251K01UC3,153170,2.44,,,,,,,,,,,,,57,25.26,13.66,56.88,,29.73,3.99,,,,,,,,,,25,https://www.valueresearchonline.com/funds/44778/
Baroda BNP Paribas Flexi Cap Reg,solution-oriented,Solution: Children - Debt,Regular,4.88,11.74,,BSE 500 TRI,INF251K01QW9,150385,2.44,11.32,,0.94,1,0.5,0.6,15.69,13.52,,,,,48,30.59,17.11,59.96,,28.87,3.4,6,3,2,0,3,3,14,Moderately High Risk,Average,25,https://www.valueresearchonline.com/funds/42310/
Baroda BNP Paribas Focused Reg,solution-oriented,Solution: Children - Debt,Regular,0.09,7.61,7.86,BSE 500 TRI,INF251K01PK6,150263,2.44,11.32,10.45,-2.94,1.08,0.26,0.33,17.15,10.21,,,,,25,49.33,27.45,61.82,,24.89,3.31,2,2,2,0,2,2,8,High Risk,Poor,25,https://www.valueresearchonline.com/funds/34651/
Canara Robeco Flexi Cap Reg,solution-oriented,Solution: Children - Debt,Regular,0.25,11.26,8.75,BSE 500 TRI,INF760K01019,101922,2.44,11.32,10.45,0.48,0.93,0.48,0.59,14.39,12.63,,,,,77,38.24,23.86,59.36,,28.98,4.12,6,4,2,0,3,3,15,Moderately High Risk,Average,25,https://www.valueresearchonline.com/funds/1839/
Canara Robeco Focused Reg,solution-oriented,Solution: Children - Debt,Regular,-1.05,12.18,10.6,BSE 500 TRI,INF760K01JT0,148884,2.44,11.32,10.45,1.42,0.93,0.54,0.68,14.56,13.51,,,,,30,49.68,29.75,58.41,,31.77,4.3,6,4,2,0,3,3,15,Moderately High Risk,Average,25,https://www.valueresearchonline.com/funds/41456/
Capitalmind Flexi Cap Reg,solution-oriented,Solution: Children - Debt,Regular,4.39,,,BSE 500 TRI,INF226401026,153739,2.44,,,,,,,,,,,,,32,37.53,19.78,60.92,,29.11,4.88,,,,,,,,,,25,https://www.valueresearchonline.com/funds/45312/
DSP Flexi Cap Reg,solution-oriented,Solution: Children - Debt,Regular,2.07,10.5,8.89,BSE 500 TRI,INF740K01037,105875,2.44,11.32,10.45,-0.19,0.98,0.43,0.56,15.25,12.24,,,,,68,43.85,30.54,67.79,,22.86,3.37,4,3,2,0,3,3,12,High Risk,Average,25,https://www.valueresearchonline.com/funds/393/
DSP Focused Reg,solution-oriented,Solution: Children - Debt,Regular,3.92,12.58,9.48,BSE 500 TRI,INF740K01532,112901,2.44,11.32,10.45,1.63,0.96,0.54,0.74,15.38,13.93,,,,,30,48.3,31.5,64.43,,21.86,3.26,8,3,2,0,3,3,16,Moderately High Risk,Average,25,https://www.valueresearchonline.com/funds/11183/
DSP Nifty500 Flexicap Quality 30 ETF,solution-oriented,Solution: Children - Debt,Regular,,,,BSE 500 TRI,INF740KA1WR5,153801,,,,,,,,,,,,,,30,35.62,18.23,63.64,,31.15,6.14,,,,,,,,,,25,https://www.valueresearchonline.com/funds/45521/
DSP Nifty500 Flexicap Quality 30 Index Reg,solution-oriented,Solution: Children - Debt,Regular,-5.14,,,BSE 500 TRI,INF740KA1WO2,153802,2.44,,,,,,,,,,,,,30,35.58,18.21,63.56,,25.91,7.06,,,,,,,,,,25,https://www.valueresearchonline.com/funds/45444/
DSP Nifty 500 Index Reg,solution-oriented,Solution: Children - Debt,Regular,,,,BSE 500 TRI,INF740KA1XV5,154090,,,,,,,,,,,,,,500,29.36,20.49,53.63,,22.57,3.4,,,,,,,,,,25,https://www.valueresearchonline.com/funds/45717/
Edelweiss Flexi Cap Reg,solution-oriented,Solution: Children - Debt,Regular,3.72,13.85,11.7,BSE 500 TRI,INF843K01KN5,140355,2.44,11.32,10.45,2.54,0.98,0.61,0.74,15.26,15.03,,,,,90,30.69,20.7,58.13,,26.13,3.59,8,3,4,0,3,4,18,Moderately High Risk,Good,25,https://www.valueresearchonline.com/funds/29261/
Edelweiss Focused Reg,solution-oriented,Solution: Children - Debt,Regular,1.86,12.12,,BSE 500 TRI,INF754K01OL0,150382,2.44,11.32,,1.25,0.98,0.52,0.6,15.38,13.72,,,,,29,49.75,29.5,64.16,,26.89,3.45,6,3,2,0,3,3,14,Moderately High Risk,Average,25,https://www.valueresearchonline.com/funds/42296/
Franklin India Flexi Cap Reg,solution-oriented,Solution: Children - Debt,Regular,-0.92,11.15,11.76,BSE 500 TRI,INF761K01462,111712,2.44,11.32,10.45,0.43,0.92,0.48,0.61,14.15,12.45,,,,,56,41.17,25.97,56.68,,24.21,3.27,6,4,2,0,3,4,15,Moderately High Risk,Good,25,https://www.valueresearchonline.com/funds/116/
Franklin India Focused Equity Reg,solution-oriented,Solution: Children - Debt,Regular,-6.49,8.09,9.59,BSE 500 TRI,INF761K01462,111712,2.44,11.32,10.45,-1.99,0.87,0.29,0.34,13.74,9.68,,,,,28,58.97,35.92,64.72,,26.71,3.57,4,4,2,0,4,3,14,Moderately High Risk,Average,25,https://www.valueresearchonline.com/funds/5141/
Groww Nifty 500 Low Volatility 50 ETF,solution-oriented,Solution: Children - Debt,Regular,-0.36,,,BSE 500 TRI,INF666M01ME1,153905,2.44,,,,,,,,,,,,,50,45,24.82,50.73,,23.54,3.69,,,,,,,,,,25,https://www.valueresearchonline.com/funds/45217/
Groww Nifty 500 Momentum 50 ETF,solution-oriented,Solution: Children - Debt,Regular,7.07,,,BSE 500 TRI,INF666M01KC9,153456,2.44,,,,,,,,,,,,,50,46.4,25.45,64.52,,29.12,4.91,,,,,,,,,,25,https://www.valueresearchonline.com/funds/45094/
Groww Nifty 500 Momentum 50 ETF FoF Reg,solution-oriented,Solution: Children - Debt,Regular,6.76,,,BSE 500 TRI,INF666M01KC9,153456,2.44,,,,,,,,,,,,,,,,,,,,,,,,,,,,,1,https://www.valueresearchonline.com/funds/45095/
Groww Nifty Total Market Index Reg,solution-oriented,Solution: Children - Debt,Regular,2.15,,,BSE 500 TRI,INF666M01HJ0,152127,2.44,,,,,,,,,,,,,752,28.14,19.64,53.23,,22.82,3.4,,,,,,,,,,25,https://www.valueresearchonline.com/funds/43804/
HDFC BSE 500 ETF,solution-oriented,Solution: Children - Debt,Regular,2.13,10.94,,BSE 500 TRI,INF179KC1JE9,154152,2.44,11.32,,-0.34,1,0.43,0.55,15.2,12.26,,,,,501,29.79,20.79,53.38,,22.17,3.17,4,3,2,0,3,,12,High Risk,Poor,25,https://www.valueresearchonline.com/funds/43117/
HDFC BSE 500 Index Reg,solution-oriented,Solution: Children - Debt,Regular,1.6,10.12,,BSE 500 TRI,INF179KC1GH7,151729,2.44,11.32,,-1.08,1,0.38,0.49,15.14,11.49,,,,,501,29.73,20.75,53.29,,22.72,3.38,4,3,2,0,3,2,12,High Risk,Poor,25,https://www.valueresearchonline.com/funds/43476/
HDFC Diversified Equity All Cap Active FoF Reg,solution-oriented,Solution: Children - Debt,Regular,,,,BSE 500 TRI,INF179KC1JR0,153861,,,,,,,,,,,,,,,,,,,,,,,,,,,,,,5,https://www.valueresearchonline.com/funds/45483/
HDFC Flexi Cap Reg,solution-oriented,Solution: Children - Debt,Regular,3.56,15.62,17.08,BSE 500 TRI,INF2JJD01169,154041,2.44,11.32,10.45,5.19,0.82,0.84,0.98,12.88,16.51,,,,,75,44.61,29.02,61.62,,24.29,3.42,12,5,6,0,4,5,27,Low Risk,Excellent,25,https://www.valueresearchonline.com/funds/219/
HDFC Focused Reg,solution-oriented,Solution: Children - Debt,Regular,1.03,14.96,17.3,BSE 500 TRI,INF579M01878,131578,2.44,11.32,10.45,4.65,0.79,0.8,0.88,12.7,15.82,,,,,29,54.21,34.08,71.71,,23.74,3.39,10,5,6,0,4,5,25,Moderate Risk,Excellent,25,https://www.valueresearchonline.com/funds/2372/
HDFC Retirement Savings Equity Reg,solution-oriented,Solution: Children - Debt,Regular,-2.81,8.77,11.59,BSE 500 TRI,INF740K01714,100087,2.44,11.32,10.45,-1.67,0.86,0.32,0.4,13.21,9.93,,,,,69,41.35,27.46,57.33,,21.26,2.96,4,4,2,0,4,4,14,Moderately High Risk,Good,25,https://www.valueresearchonline.com/funds/31779/
Helios Flexi Cap Reg,solution-oriented,Solution: Children - Debt,Regular,6.35,,,BSE 500 TRI,INF0R8701012,152136,2.44,,,,,,,,,,,,,71,32.37,18.87,65.34,,32.81,4.47,,,,,,,,,,25,https://www.valueresearchonline.com/funds/43837/
HSBC Flexi Cap Reg,solution-oriented,Solution: Children - Debt,Regular,8.78,15.85,13.6,BSE 500 TRI,INF336L01AF5,102252,2.44,11.32,10.45,4.01,1.08,0.67,0.85,17.18,17.13,,,,,85,23.62,14.46,57.72,,26.52,3.12,10,2,4,0,2,4,18,Moderately High Risk,Good,25,https://www.valueresearchonline.com/funds/2072/
HSBC Focused Reg,solution-oriented,Solution: Children - Debt,Regular,9.98,14.39,10.69,BSE 500 TRI,INF336L01PE6,148409,2.44,11.32,10.45,2.98,1.02,0.6,0.7,16.73,15.73,,,,,28,48.6,28.26,64.64,,29.65,3.92,8,3,4,0,3,3,18,Moderately High Risk,Average,25,https://www.valueresearchonline.com/funds/41020/
ICICI Pru BSE 500 ETF,solution-oriented,Solution: Children - Debt,Regular,2.11,10.94,10.09,BSE 500 TRI,INF209KB13F9,149783,2.44,11.32,10.45,-0.34,1,0.43,0.55,15.19,12.26,,,,,501,29.76,20.77,53.35,,22.19,3.17,4,3,2,0,3,,12,High Risk,Poor,25,https://www.valueresearchonline.com/funds/36037/
ICICI Pru BSE 500 ETF FOF,solution-oriented,Solution: Children - Debt,Regular,1.43,10.24,,BSE 500 TRI,INF084M01077,132174,2.44,11.32,,-0.92,0.99,0.39,0.49,15.1,11.61,,,,,,,,,,,,4,3,2,0,3,2,12,High Risk,Poor,1,https://www.valueresearchonline.com/funds/41850/
ICICI Pru Diversified Equity All Cap Active FoF,solution-oriented,Solution: Children - Debt,Regular,,,,BSE 500 TRI,INF2JJD01169,154041,,,,,,,,,,,,,,,,,,,,,,,,,,,,,,5,https://www.valueresearchonline.com/funds/45887/
ICICI Pru Diversified Equity All Cap Omni FoF,solution-oriented,Solution: Children - Debt,Regular,3.42,15.06,14.62,BSE 500 TRI,INF2JJD01169,154041,2.44,11.32,10.45,4.03,0.91,0.73,0.95,14.1,16.03,,,,,,,,,,,,10,4,4,0,3,5,21,Moderate Risk,Excellent,10,https://www.valueresearchonline.com/funds/40660/
ICICI Pru Flexicap,solution-oriented,Solution: Children - Debt,Regular,7.52,15.87,14.34,BSE 500 TRI,INF247L01GM7,154113,2.44,11.32,10.45,5.09,0.97,0.76,0.89,15.45,17.45,,,,,69,45.96,31.97,73.78,,33.16,4.98,12,3,4,0,3,4,22,Moderate Risk,Good,25,https://www.valueresearchonline.com/funds/41523/
ICICI Pru Focused Equity,solution-oriented,Solution: Children - Debt,Regular,2.8,16.26,14.55,BSE 500 TRI,INF846K01CH7,117560,2.44,11.32,10.45,4.9,0.95,0.77,0.97,14.92,17.13,,,,,33,49.79,31.08,59.18,,18.79,3.69,10,4,4,0,3,5,21,Moderate Risk,Excellent,25,https://www.valueresearchonline.com/funds/10399/
ICICI Pru Nifty 500 Index,solution-oriented,Solution: Children - Debt,Regular,1.67,,,BSE 500 TRI,INF846K010D8,153162,2.44,,,,,,,,,,,,,500,29.42,20.53,53.74,,22.57,3.4,,,,,,,,,,25,https://www.valueresearchonline.com/funds/44818/
ICICI Pru Retirement Pure Equity,solution-oriented,Solution: Children - Debt,Regular,9.54,18.93,18.3,BSE 500 TRI,INF205K01338,112171,2.44,11.32,10.45,6.64,1.02,0.85,1.21,16.13,19.39,,,,,93,30.61,19.03,45.72,,31.06,4.29,12,3,6,2,3,5,26,Moderate Risk,Excellent,25,https://www.valueresearchonline.com/funds/39053/
Invesco India Flexi Cap Reg,solution-oriented,Solution: Children - Debt,Regular,3.35,17.3,,BSE 500 TRI,INF205KA1460,149766,2.44,11.32,,5.38,1.05,0.73,0.85,17.31,18.35,,,,,69,30.52,18.79,63.03,,40.98,6.25,12,3,4,0,2,4,21,Moderate Risk,Good,25,https://www.valueresearchonline.com/funds/42012/
Invesco India Focused Reg,solution-oriented,Solution: Children - Debt,Regular,5.59,20.97,14.41,BSE 500 TRI,INF205KA1189,148483,2.44,11.32,10.45,8.64,1.03,0.89,1.28,17.63,21.44,,,,,24,55.98,33.03,69.51,,36.14,5.34,12,3,6,2,2,4,25,Moderate Risk,Good,25,https://www.valueresearchonline.com/funds/41094/
ITI Flexi Cap Reg,solution-oriented,Solution: Children - Debt,Regular,14.11,16.89,,BSE 500 TRI,INF00XX01CL3,151377,2.44,11.32,,4.79,1.07,0.7,0.91,17.28,17.85,,,,,77,27.84,18.26,52.5,,28.18,4.17,10,2,4,0,2,4,18,Moderately High Risk,Good,25,https://www.valueresearchonline.com/funds/43118/
ITI Focused Reg,solution-oriented,Solution: Children - Debt,Regular,11.95,17.29,,BSE 500 TRI,INF00XX01CV2,151778,2.44,11.32,,4.93,1.02,0.74,0.89,16.28,17.71,,,,,30,42.1,22.9,54.96,,31.37,4.15,10,3,4,0,3,4,20,Moderate Risk,Good,25,https://www.valueresearchonline.com/funds/43532/
JM Flexicap Reg,solution-oriented,Solution: Children - Debt,Regular,3,13.65,14.46,BSE 500 TRI,INF192K01635,109522,2.44,11.32,10.45,2.32,1.04,0.56,0.72,17.06,15.22,,,,,88,27.37,16.18,61.13,,24.66,3.53,8,3,2,0,2,4,15,Moderately High Risk,Good,25,https://www.valueresearchonline.com/funds/8653/
JM Focused Reg,solution-oriented,Solution: Children - Debt,Regular,3.59,11.42,11.98,BSE 500 TRI,INF192K01577,107410,2.44,11.32,10.45,0.37,1.05,0.45,0.6,16.92,13.28,,,,,28,44.5,25,73.1,,22.4,3.95,6,3,2,0,3,3,14,Moderately High Risk,Average,25,https://www.valueresearchonline.com/funds/6673/
Kotak Flexicap Reg,solution-oriented,Solution: Children - Debt,Regular,1.61,11.35,9.92,BSE 500 TRI,INF178L01BO1,133782,2.44,11.32,10.45,0.61,0.95,0.48,0.6,14.83,12.85,,,,,59,41.41,24.11,61.72,,25,3.3,6,4,2,0,3,3,15,Moderately High Risk,Average,25,https://www.valueresearchonline.com/funds/10594/
Kotak Focused Reg,solution-oriented,Solution: Children - Debt,Regular,7.55,13.77,11.04,BSE 500 TRI,INF174KA1EK3,147477,2.44,11.32,10.45,3.06,0.93,0.66,0.77,14.48,15.21,,,,,30,46.29,27.25,61.51,,30.23,4.15,10,4,4,0,3,4,21,Moderate Risk,Good,25,https://www.valueresearchonline.com/funds/40096/
Kotak Nifty500 Momentum 50 Index Reg,solution-oriented,Solution: Children - Debt,Regular,,,,BSE 500 TRI,INF174KA1YF1,154030,,,,,,,,,,,,,,50,46.4,25.45,64.52,,26.66,5.57,,,,,,,,,,25,https://www.valueresearchonline.com/funds/45644/
Kotak Nifty Alpha 50 ETF,solution-oriented,Solution: Children - Debt,Regular,11.73,16.32,,BSE 500 TRI,INF174KA1XG1,153781,2.44,11.32,,4.39,1.32,0.59,0.78,22.83,19.21,,,,,50,34.72,19.99,64.89,,21.2,3.99,10,0,2,0,0,,12,High Risk,Poor,25,https://www.valueresearchonline.com/funds/41896/
Kotak Nifty Alpha 50 Index Reg,solution-oriented,Solution: Children - Debt,Regular,10.63,,,BSE 500 TRI,INF174KA1XJ5,153784,2.44,,,,,,,,,,,,,50,34.72,19.99,64.9,,18.19,3.19,,,,,,,,,,25,https://www.valueresearchonline.com/funds/45400/
LIC MF Children's Reg,solution-oriented,Solution: Children - Debt,Regular,7.92,8.8,7.62,BSE 500 TRI,INF767K01048,101271,2.44,11.32,10.45,-1.46,0.9,0.32,0.36,14.98,10.45,,,,,37,33.4,18.88,49.7,,37.68,5.66,4,4,2,0,3,2,13,Moderately High Risk,Poor,25,https://www.valueresearchonline.com/funds/1135/
LIC MF Flexi Cap Reg,solution-oriented,Solution: Children - Debt,Regular,8.21,11.36,9.98,BSE 500 TRI,INF767K01071,100313,2.44,11.32,10.45,0.85,0.98,0.47,0.56,16.21,13.3,,,,,42,34.24,18.73,51.81,,38.77,4.81,6,3,2,0,3,3,14,Moderately High Risk,Average,25,https://www.valueresearchonline.com/funds/134/
LIC MF Focused Reg,solution-oriented,Solution: Children - Debt,Regular,2.77,9.03,8.31,BSE 500 TRI,INF397L01KE9,152009,2.44,11.32,10.45,-1.96,0.95,0.29,0.37,15.57,10.27,,,,,28,43.76,24.5,60,,11.98,3.52,4,4,2,0,3,,13,Moderately High Risk,Average,25,https://www.valueresearchonline.com/funds/34736/
Mahindra Manulife Flexi Cap Reg,solution-oriented,Solution: Children - Debt,Regular,-0.65,9.27,9.71,BSE 500 TRI,INF174V01AP8,149101,2.44,11.32,10.45,-1.64,0.93,0.33,0.43,14.36,10.5,,,,,71,32.03,21.96,57.1,,27.88,3.51,4,4,2,0,3,2,13,Moderately High Risk,Poor,25,https://www.valueresearchonline.com/funds/41631/
Mahindra Manulife Focused Reg,solution-oriented,Solution: Children - Debt,Regular,2.26,12.93,12.32,BSE 500 TRI,INF174V01AD4,148571,2.44,11.32,10.45,2.22,0.9,0.59,0.78,14.27,14.12,,,,,30,51.96,32.14,57.2,,18.69,2.67,8,4,2,0,3,4,17,Moderately High Risk,Good,25,https://www.valueresearchonline.com/funds/41167/
Mirae Asset Flexi Cap Reg,solution-oriented,Solution: Children - Debt,Regular,4.23,11.41,,BSE 500 TRI,INF769K01JG8,151414,2.44,11.32,,0.45,0.92,0.48,0.58,14.25,12.52,,,,,84,30.44,20.54,57.64,,22.99,3.63,6,4,2,0,3,3,15,Moderately High Risk,Average,25,https://www.valueresearchonline.com/funds/43132/
Mirae Asset Focused Reg,solution-oriented,Solution: Children - Debt,Regular,-1.78,7.03,5.64,BSE 500 TRI,INF769K01ES4,147203,2.44,11.32,10.45,-3.64,0.95,0.19,0.24,15.58,8.59,,,,,30,51.55,32.95,58.96,,28.57,3.65,2,4,2,0,3,1,11,High Risk,Poor,25,https://www.valueresearchonline.com/funds/39821/
Mirae Asset Nifty Total Market Index Reg,solution-oriented,Solution: Children - Debt,Regular,2.25,,,BSE 500 TRI,INF769K01MA5,152970,2.44,,,,,,,,,,,,,752,28.13,19.63,53.18,,22.82,3.4,,,,,,,,,,25,https://www.valueresearchonline.com/funds/44599/
Motilal Oswal BSE 1000 Index Reg,solution-oriented,Solution: Children - Debt,Regular,2.07,,,BSE 500 TRI,INF247L01FN7,153597,2.44,,,,,,,,,,,,,1003,27.89,19.46,53.07,,23.06,3.37,,,,,,,,,,25,https://www.valueresearchonline.com/funds/45218/
Motilal Oswal Diversified Equity Flexicap Passive FoF Reg,solution-oriented,Solution: Children - Debt,Regular,,,,BSE 500 TRI,INF247L01GM7,154113,,,,,,,,,,,,,,,,,,,,,,,,,,,,,,3,https://www.valueresearchonline.com/funds/45728/
Motilal Oswal Flexi Cap Reg,solution-oriented,Solution: Children - Debt,Regular,1.81,17.43,11.93,BSE 500 TRI,INF247L01478,129048,2.44,11.32,10.45,6.75,0.97,0.77,1.04,17.5,19.15,,,,,32,46.59,28.82,65.19,,44.57,5.3,12,3,4,2,2,3,23,Moderate Risk,Average,25,https://www.valueresearchonline.com/funds/26123/
Motilal Oswal Focused Reg,solution-oriented,Solution: Children - Debt,Regular,26.66,13.3,9.31,BSE 500 TRI,INF247L01155,122387,2.44,11.32,10.45,2.04,1.07,0.48,0.66,19.6,15.11,,,,,29,39.03,20.67,61.39,,49.91,5.24,8,2,2,0,2,2,14,Moderately High Risk,Poor,25,https://www.valueresearchonline.com/funds/19512/
Motilal Oswal Nifty 500 ETF,solution-oriented,Solution: Children - Debt,Regular,2.66,,,BSE 500 TRI,INF247L01DH4,152869,2.44,,,,,,,,,,,,,500,29.4,20.52,53.62,,22.01,3.18,,,,,,,,,,25,https://www.valueresearchonline.com/funds/43812/
Motilal Oswal Nifty 500 Index Reg,solution-oriented,Solution: Children - Debt,Regular,1.95,10.59,9.52,BSE 500 TRI,INF247L01AF4,147795,2.44,11.32,10.45,-0.57,1,0.42,0.53,15.22,12.03,,,,,500,29.44,20.54,53.71,,22.57,3.4,4,3,2,0,3,3,12,High Risk,Average,25,https://www.valueresearchonline.com/funds/40239/
Motilal Oswal Nifty 500 Momentum 50 ETF,solution-oriented,Solution: Children - Debt,Regular,6.93,,,BSE 500 TRI,INF247L01DJ0,152871,2.44,,,,,,,,,,,,,50,46.41,25.45,64.55,,29.12,4.91,,,,,,,,,,25,https://www.valueresearchonline.com/funds/44555/
Motilal Oswal Nifty 500 Momentum 50 Index Reg,solution-oriented,Solution: Children - Debt,Regular,6.15,,,BSE 500 TRI,INF247L01DM4,152876,2.44,,,,,,,,,,,,,50,46.39,25.44,64.51,,26.66,5.57,,,,,,,,,,25,https://www.valueresearchonline.com/funds/44553/
Motilal Oswal Nifty Alpha 50 ETF,solution-oriented,Solution: Children - Debt,Regular,11.2,,,BSE 500 TRI,INF247L01DG6,152867,2.44,,,,,,,,,,,,,50,34.72,19.99,64.9,,21.2,3.99,,,,,,,,,,25,https://www.valueresearchonline.com/funds/45363/
Navi Flexi Cap Reg,solution-oriented,Solution: Children - Debt,Regular,12.02,10.1,9.93,BSE 500 TRI,INF959L01EE9,143787,2.44,11.32,10.45,-0.86,0.97,0.38,0.5,15.5,11.56,,,,,71,28.38,16.61,61.33,,22.54,3.49,4,3,2,0,3,2,12,High Risk,Poor,25,https://www.valueresearchonline.com/funds/36680/
Nippon India Diversified Equity Flexicap Passive FoF Reg,solution-oriented,Solution: Children - Debt,Regular,1.52,10.44,9.51,BSE 500 TRI,INF204KB13X3,148641,2.44,11.32,10.45,-0.82,0.99,0.4,0.52,15.07,11.69,,,,,,,,,,,,4,3,2,0,3,3,12,High Risk,Average,3,https://www.valueresearchonline.com/funds/41239/
Nippon India Flexi Cap Reg,solution-oriented,Solution: Children - Debt,Regular,1.58,9.75,9.94,BSE 500 TRI,INF204KC1097,149089,2.44,11.32,10.45,-1.12,1,0.37,0.47,15.46,11.46,,,,,89,33.84,23.02,58.03,,27.09,3.62,4,3,2,0,3,3,12,High Risk,Average,25,https://www.valueresearchonline.com/funds/41614/
Nippon India Focused Reg,solution-oriented,Solution: Children - Debt,Regular,3.04,9.65,10.43,BSE 500 TRI,INF761K01462,111712,2.44,11.32,10.45,-1,0.94,0.37,0.53,14.8,11.16,,,,,29,53.67,33.95,64.92,,23.75,3.12,4,4,2,0,3,3,13,Moderately High Risk,Average,25,https://www.valueresearchonline.com/funds/3900/
Nippon India Nifty 500 Low Volatility 50 Index Reg,solution-oriented,Solution: Children - Debt,Regular,-1.16,,,BSE 500 TRI,INF204KC1EN9,153475,2.44,,,,,,,,,,,,,50,42.72,23.52,48.53,,19.91,3.42,,,,,,,,,,25,https://www.valueresearchonline.com/funds/45107/
Nippon India Nifty 500 Momentum 50 Index Reg,solution-oriented,Solution: Children - Debt,Regular,7.16,,,BSE 500 TRI,INF204KC1DD2,152883,2.44,,,,,,,,,,,,,50,46.39,25.44,64.51,,26.66,5.57,,,,,,,,,,25,https://www.valueresearchonline.com/funds/44556/
Nippon India Nifty 500 Quality 50 Index Reg,solution-oriented,Solution: Children - Debt,Regular,2.62,,,BSE 500 TRI,INF204KC1ET6,153472,2.44,,,,,,,,,,,,,49,40.56,23.27,63.52,,22.42,7.08,,,,,,,,,,25,https://www.valueresearchonline.com/funds/45103/
Nippon India Retirement Wealth Creation Reg,solution-oriented,Solution: Children - Debt,Regular,0.39,10.56,10.33,BSE 500 TRI,INF761K01306,109254,2.44,11.32,10.45,-0.3,0.96,0.43,0.53,14.9,12.04,,,,,69,42.09,27.22,60.57,,23.86,3.35,4,3,2,0,3,4,12,High Risk,Good,25,https://www.valueresearchonline.com/funds/29289/
NJ Flexi Cap Reg,solution-oriented,Solution: Children - Debt,Regular,-5.83,,,BSE 500 TRI,INF0J8L01131,151920,2.44,,,,,,,,,,,,,51,42.44,23.24,62.87,,27.61,4.74,,,,,,,,,,25,https://www.valueresearchonline.com/funds/43712/
Old Bridge Flexi Cap Reg,solution-oriented,Solution: Children - Debt,Regular,,,,BSE 500 TRI,INF0S5R01166,154226,,,,,,,,,,,,,,35,33.61,18.17,52.79,,16.98,2.79,,,,,,,,,,25,https://www.valueresearchonline.com/funds/45844/
Old Bridge Focused Reg,solution-oriented,Solution: Children - Debt,Regular,18.17,,,BSE 500 TRI,INF0S5R01034,152361,2.44,,,,,,,,,,,,,24,54.12,31.5,44.87,,13,3.02,,,,,,,,,,24,https://www.valueresearchonline.com/funds/44036/
Parag Parikh Flexi Cap Reg,solution-oriented,Solution: Children - Debt,Regular,-2.72,12.57,11.33,BSE 500 TRI,INF879O01019,122640,2.44,11.32,10.45,3.09,0.6,0.73,1.02,9.93,12.94,,,,,65,49.95,29.73,56.9,,16.47,2.87,10,6,4,2,6,4,28,Low Risk,Good,25,https://www.valueresearchonline.com/funds/19699/
PGIM India Flexi Cap Reg,solution-oriented,Solution: Children - Debt,Regular,1.67,9.66,7.09,BSE 500 TRI,INF663L01FJ3,133836,2.44,11.32,10.45,-0.9,0.91,0.38,0.51,14.42,11.1,,,,,83,32.47,21.74,55.8,,28.52,4.33,4,4,2,0,3,2,13,Moderately High Risk,Poor,25,https://www.valueresearchonline.com/funds/29471/
Quant Flexi Cap Reg,solution-oriented,Solution: Children - Debt,Regular,15.01,14.57,13.68,BSE 500 TRI,INF966L01457,109830,2.44,11.32,10.45,2.78,1.15,0.56,0.94,19.27,16.41,,,,,34,60.25,38.19,57.1,,34.21,3.74,8,2,2,0,2,3,14,Moderately High Risk,Average,25,https://www.valueresearchonline.com/funds/8827/
Quantum Diversified Equity All Cap Active FoF Reg,solution-oriented,Solution: Children - Debt,Regular,2.53,11.58,9.68,BSE 500 TRI,INF082J01275,141063,2.44,11.32,10.45,0.75,0.92,0.5,0.6,14.21,12.83,,,,,,,,,,,,6,4,2,0,3,3,15,Moderately High Risk,Average,9,https://www.valueresearchonline.com/funds/33962/
Samco Flexi Cap Reg,solution-oriented,Solution: Children - Debt,Regular,-4.05,-3.3,,BSE 500 TRI,INF0K1H01016,149449,2.44,11.32,,-13.53,1.07,-0.32,-0.36,19.22,-0.47,,,,,25,51.99,30.78,74.28,,19.98,4.35,0,2,0,0,2,1,4,High Risk,Poor,25,https://www.valueresearchonline.com/funds/41934/
SBI Flexicap Reg,solution-oriented,Solution: Children - Debt,Regular,0.72,8.25,7.75,BSE 500 TRI,INF200K01222,103215,2.44,11.32,10.45,-1.98,0.86,0.3,0.34,13.46,9.68,,,,,65,36.23,23.22,59.61,,23.51,3.24,4,4,2,0,4,2,14,Moderately High Risk,Poor,25,https://www.valueresearchonline.com/funds/2859/
SBI Focused Reg,solution-oriented,Solution: Children - Debt,Regular,13.67,15.57,11.65,BSE 500 TRI,INF200K01370,102756,2.44,11.32,10.45,4.58,0.82,0.74,1.09,13.88,15.94,,,,,25,55.01,34.08,63.02,,22.79,3.96,10,5,4,2,4,4,25,Moderate Risk,Good,25,https://www.valueresearchonline.com/funds/2415/
SBI Nifty 500 Index Reg,solution-oriented,Solution: Children - Debt,Regular,1.97,,,BSE 500 TRI,INF200KB1357,152906,2.44,,,,,,,,,,,,,500,29.45,20.55,53.73,,22.57,3.4,,,,,,,,,,25,https://www.valueresearchonline.com/funds/44565/
SBI Retirement Benefit Aggressive Reg,solution-oriented,Solution: Children - Debt,Regular,3.78,8.54,10.82,BSE 500 TRI,INF200KA1S71,148695,2.44,11.32,10.45,-2.24,0.94,0.29,0.37,14.72,9.94,,,,,53,36.17,23.31,62.04,,29.68,4.09,2,4,2,0,3,3,11,High Risk,Average,25,https://www.valueresearchonline.com/funds/41269/
Shriram Flexi Cap Reg,solution-oriented,Solution: Children - Debt,Regular,-0.57,6.52,6.24,BSE 500 TRI,INF680P01075,144902,2.44,11.32,10.45,-4.01,1,0.17,0.21,16.8,8.61,,,,,70,38.62,25.28,57.39,,20.68,3.22,2,3,2,0,3,1,10,High Risk,Poor,25,https://www.valueresearchonline.com/funds/37579/
Sundaram Flexi Cap Reg,solution-oriented,Solution: Children - Debt,Regular,-2.77,8.38,,BSE 500 TRI,INF903J016H9,134356,2.44,11.32,,-2.27,0.91,0.28,0.36,14.27,9.73,,,,,54,41.59,25.19,64.98,,22.75,3.1,2,4,2,0,3,2,11,High Risk,Poor,25,https://www.valueresearchonline.com/funds/42502/
Sundaram Focused Reg,solution-oriented,Solution: Children - Debt,Regular,5.11,10.39,8.99,BSE 500 TRI,INF903J016H9,134356,2.44,11.32,10.45,0.33,0.8,0.45,0.55,12.92,11.57,,,,,29,54.4,33.38,66.64,,29.12,4.01,6,5,2,0,4,2,17,Moderately High Risk,Poor,25,https://www.valueresearchonline.com/funds/2916/
Tata Children's Reg,solution-oriented,Solution: Children - Debt,Regular,-7.43,4.63,6.25,BSE 500 TRI,INF277K01AJ5,101491,2.44,11.32,10.45,-6.34,0.97,0.03,0.03,15.14,6.07,,,,,51,38.44,22.74,56.2,,18.5,2.61,0,3,2,0,3,1,8,High Risk,Poor,25,https://www.valueresearchonline.com/funds/210/
Tata Flexi Cap Reg,solution-oriented,Solution: Children - Debt,Regular,-2.8,9.41,8.09,BSE 500 TRI,INF277K019K2,144548,2.44,11.32,10.45,-1.27,0.86,0.35,0.48,13.53,10.36,,,,,65,35.26,23.94,53.38,,23.13,2.89,4,4,2,0,4,3,14,Moderately High Risk,Average,25,https://www.valueresearchonline.com/funds/37435/
Tata Focused Reg,solution-oriented,Solution: Children - Debt,Regular,-1.67,9.06,8.72,BSE 500 TRI,INF277K010Y2,147760,2.44,11.32,10.45,-1.45,0.91,0.34,0.41,14.52,10.56,,,,,27,50.16,29.7,53.94,,24.51,3.1,4,4,2,0,3,3,13,Moderately High Risk,Average,25,https://www.valueresearchonline.com/funds/40403/
Tata Retirement Savings Progressive Reg,solution-oriented,Solution: Children - Debt,Regular,7.71,12.32,9.64,BSE 500 TRI,INF277K01FG0,115942,2.44,11.32,10.45,1.04,1,0.49,0.68,16.2,13.67,,,,,54,34,20.98,50.99,,32.68,4.7,6,3,2,0,3,3,14,Moderately High Risk,Average,25,https://www.valueresearchonline.com/funds/13413/
Taurus Flexi Cap Reg,solution-oriented,Solution: Children - Debt,Regular,8.5,11.51,10.27,BSE 500 TRI,INF044D01989,100476,2.44,11.32,10.45,0.39,1.02,0.46,0.61,16.23,13.15,,,,,43,48.55,29.72,58.49,,20.16,2.91,6,3,2,0,3,2,14,Moderately High Risk,Poor,25,https://www.valueresearchonline.com/funds/214/
The Wealth Company Flexi Cap Reg,solution-oriented,Solution: Children - Debt,Regular,,,,BSE 500 TRI,INF2F0001016,153870,,,,,,,,,,,,,,45,33.75,19.2,62.86,,29.62,4.44,,,,,,,,,,25,https://www.valueresearchonline.com/funds/45497/
TRUST MF Flexi Cap Reg,solution-oriented,Solution: Children - Debt,Regular,9.72,,,BSE 500 TRI,INF0GCD01438,149795,2.44,,,,,,,,,,,,,65,31.41,19.58,64.96,,35.49,4.97,,,,,,,,,,25,https://www.valueresearchonline.com/funds/44269/
Unifi Flexi Cap Reg,solution-oriented,Solution: Children - Debt,Regular,7.13,,,BSE 500 TRI,INF1MIY01049,153542,2.44,,,,,,,,,,,,,54,34.72,20.41,61.17,,22.29,3.15,,,,,,,,,,25,https://www.valueresearchonline.com/funds/45188/
Union Children's Reg,solution-oriented,Solution: Children - Debt,Regular,4.11,,,BSE 500 TRI,INF582M01JI7,152217,2.44,,,,,,,,,,,,,68,27.62,16.59,65.4,,30.68,3.73,,,,,,,,,,25,https://www.valueresearchonline.com/funds/43922/
Union Diversified Equity All Cap Active FoF Reg,solution-oriented,Solution: Children - Debt,Regular,,,,BSE 500 TRI,INF582M01LV6,153822,,,,,,,,,,,,,,,,,,,,,,,,,,,,,,5,https://www.valueresearchonline.com/funds/45471/
Union Flexi Cap Reg,solution-oriented,Solution: Children - Debt,Regular,4.19,10.78,9.53,BSE 500 TRI,INF582M01DY7,143239,2.44,11.32,10.45,-0.06,0.94,0.44,0.5,14.77,12.12,,,,,70,32.12,21.1,60.26,,31.36,4.11,4,4,2,0,3,3,13,Moderately High Risk,Average,25,https://www.valueresearchonline.com/funds/12817/
Union Focused Reg,solution-oriented,Solution: Children - Debt,Regular,8.2,11.27,9.24,BSE 500 TRI,INF582M01FW6,147490,2.44,11.32,10.45,1.07,0.86,0.49,0.59,14.15,12.67,,,,,29,47.57,27.96,64.01,,33.22,5.12,6,4,2,0,3,3,15,Moderately High Risk,Average,25,https://www.valueresearchonline.com/funds/40106/
Union Retirement Reg,solution-oriented,Solution: Children - Debt,Regular,7.09,12.51,,BSE 500 TRI,INF582M01IM1,150552,2.44,11.32,,1.63,0.9,0.56,0.68,14.02,13.55,,,,,80,27.93,18.04,63.76,,29.34,4.52,8,4,2,0,3,4,17,Moderately High Risk,Good,25,https://www.valueresearchonline.com/funds/42490/
UTI Children's Equity Reg,solution-oriented,Solution: Children - Debt,Regular,-4.19,7.07,6.1,BSE 500 TRI,INF789F1AZT4,102267,2.44,11.32,10.45,-3.41,0.95,0.21,0.28,14.69,8.81,,,,,70,42.48,27.9,60.33,,25.37,3.65,2,4,2,0,3,2,11,High Risk,Poor,25,https://www.valueresearchonline.com/funds/2090/
UTI Flexi Cap Reg,solution-oriented,Solution: Children - Debt,Regular,-0.28,8.4,4.67,BSE 500 TRI,INF789F014Z9,126939,2.44,11.32,10.45,-1.78,0.88,0.29,0.41,14.7,9.99,,,,,59,44.46,26.47,66.78,,38.17,5.26,4,4,2,0,3,1,13,Moderately High Risk,Poor,25,https://www.valueresearchonline.com/funds/247/
UTI Focused Reg,solution-oriented,Solution: Children - Debt,Regular,0.5,9.64,8.74,BSE 500 TRI,INF789F1AUY5,149090,2.44,11.32,10.45,-1.01,0.94,0.37,0.46,14.76,11.16,,,,,29,53.26,33.49,60.15,,27.6,3.63,4,4,2,0,3,2,13,Moderately High Risk,Poor,25,https://www.valueresearchonline.com/funds/41627/
UTI Nifty500 Shariah Index Reg,solution-oriented,Solution: Children - Debt,Regular,,,,BSE 500 TRI,INF789F1AC96,154198,,,,,,,,,,,,,,198,30.52,20,54.38,,24.22,4.4,,,,,,,,,,25,https://www.valueresearchonline.com/funds/45820/
WhiteOak Capital Flexi Cap Reg,solution-oriented,Solution: Children - Debt,Regular,5.92,14.14,,BSE 500 TRI,INF03VN01506,150347,2.44,11.32,,2.91,0.91,0.64,0.85,14.29,14.88,,,,,161,36.21,25.1,58.64,,26.01,3.59,8,4,4,0,3,4,19,Moderately High Risk,Good,25,https://www.valueresearchonline.com/funds/42318/
ABSL Global Emerging Opportunities Reg*,solution-oriented,Equity: International,Regular,19.55,17.8,9.22,BSE 500 TRI*,INF084M01AT0,132138,2.44,11.32,10.45,,,0.78,1.31,16.4,18.43,,,,,,,,,,,,,,4,2,3,,9,High Risk,Poor,1,https://www.valueresearchonline.com/funds/8751/
ABSL Global Excellence Equity FoF Reg*,solution-oriented,Equity: International,Regular,22.95,20.12,12.48,BSE 500 TRI*,INF084M01AZ7,132005,2.44,11.32,10.45,,,1.03,1.5,13.75,19.89,,,,,,,,,,,,,,8,3,4,,15,Moderately High Risk,Average,1,https://www.valueresearchonline.com/funds/6275/
ABSL International Equity Reg,solution-oriented,Equity: International,Regular,19.59,19.55,11.23,BSE 500 TRI,INF209K01520,106873,2.44,11.32,10.45,,,0.98,1.75,13.27,18.7,,,,,68,,,62.15,,6.3,5.04,,,6,3,4,,13,Moderately High Risk,Average,25,https://www.valueresearchonline.com/funds/5802/
ABSL US Equity Passive FoF Reg,solution-oriented,Equity: International,Regular,33.83,28.91,,BSE 500 TRI,INF209KB15C1,149290,2.44,11.32,,,,1.14,2.16,19.54,27.91,,,,,,,,,,,,,,8,3,2,,13,Moderately High Risk,Average,1,https://www.valueresearchonline.com/funds/41795/
Axis Global Equity Alpha FoF Reg,solution-oriented,Equity: International,Regular,21.78,22.21,14.2,BSE 500 TRI,INF846K01X30,148486,2.44,11.32,10.45,,,1.19,1.88,13.57,21.89,,,,,,,,,,,,,,8,3,4,,15,Moderately High Risk,Average,1,https://www.valueresearchonline.com/funds/41098/
Axis Global Innovation FoF Reg,solution-oriented,Equity: International,Regular,26.56,23.39,12.01,BSE 500 TRI,INF846K01Z53,148953,2.44,11.32,10.45,,,0.97,1.68,18.55,23.64,,,,,,,,,,,,,,6,3,2,,11,High Risk,Poor,1,https://www.valueresearchonline.com/funds/41494/
Axis Greater China Equity FoF Reg,solution-oriented,Equity: International,Regular,32.05,19.86,6.23,BSE 500 TRI,INF846K01Y62,148701,2.44,11.32,10.45,,,0.76,1.46,20.34,21.13,,,,,,,,,,,,,,4,2,2,,8,High Risk,Poor,1,https://www.valueresearchonline.com/funds/41285/
Axis NASDAQ 100 US Specific Equity Passive FoF Reg,solution-oriented,Equity: International,Regular,33.38,28.57,,BSE 500 TRI,INF846K015K2,150750,2.44,11.32,,,,1.17,2.2,18.88,27.72,,,,,,,,,,,,,,8,3,2,,13,Moderately High Risk,Average,1,https://www.valueresearchonline.com/funds/42631/
Bandhan US specific Equity Active FoF Reg,solution-oriented,Equity: International,Regular,11.98,21.63,13.83,BSE 500 TRI,INF194KB1CC9,149100,2.44,11.32,10.45,,,0.88,1.48,17.91,21.42,,,,,,,,,,,,,,6,2,2,,10,High Risk,Poor,1,https://www.valueresearchonline.com/funds/41618/
Baroda BNP Paribas Aqua FoF Reg,solution-oriented,Equity: International,Regular,12.21,12.67,7.05,BSE 500 TRI,INF251K01QQ1,150284,2.44,11.32,10.45,,,0.51,0.86,15.88,13.75,,,,,,,,,,,,,,2,0,3,,5,High Risk,Poor,1,https://www.valueresearchonline.com/funds/41452/
DSP Global Clean Energy Overseas Equity Omni FoF Reg,solution-oriented,Equity: International,Regular,36.4,16.97,11.39,BSE 500 TRI,INF740K01284,112126,2.44,11.32,10.45,,,0.62,1.15,19.62,17.78,,,,,,,,,,,,,,4,2,2,,8,High Risk,Poor,1,https://www.valueresearchonline.com/funds/10559/
DSP Global Innovation Overseas Equity Omni FoF Reg*,solution-oriented,Equity: International,Regular,28.17,25.22,,BSE 500 TRI*,INF740KA1QM8,149817,2.44,11.32,,,,1.14,2.44,16.92,25.03,,,,,,,,,,,,,,8,3,3,,14,Moderately High Risk,Average,6,https://www.valueresearchonline.com/funds/42052/
DSP US Specific Equity Omni FoF Reg,solution-oriented,Equity: International,Regular,35.02,26.09,18.07,BSE 500 TRI,INF740K01LP6,117691,2.44,11.32,10.45,,,1.08,1.94,17.76,24.79,,,,,,,,,,,,,,8,3,2,,13,Moderately High Risk,Average,1,https://www.valueresearchonline.com/funds/15152/
DSP World Gold Mining Overseas Equity Omni FoF Reg,solution-oriented,Equity: International,Regular,67.57,57.26,29.58,BSE 500 TRI,INF740K01250,106597,2.44,11.32,10.45,,,1.27,2.25,36.23,51.76,,,,,,,,,,,,,,10,3,0,,13,Moderately High Risk,Average,2,https://www.valueresearchonline.com/funds/5623/
DSP World Mining Overseas Equity Omni FoF Reg,solution-oriented,Equity: International,Regular,72.26,29.88,19.53,BSE 500 TRI,INF740K01250,106597,2.44,11.32,10.45,,,0.97,1.6,25.55,30.58,,,,,,,,,,,,,,6,3,0,,9,High Risk,Poor,1,https://www.valueresearchonline.com/funds/10799/
Edelweiss ASEAN Equity Offshore Reg,solution-oriented,Equity: International,Regular,22.82,16.28,10.48,BSE 500 TRI,INF843K01609,140255,2.44,11.32,10.45,,,0.92,1.5,11.01,15.8,,,,,,,,,,,,,,6,3,5,,14,Moderately High Risk,Average,1,https://www.valueresearchonline.com/funds/12762/
Edelweiss Emerging Markets Opportunities Equity Offshr Reg,solution-oriented,Equity: International,Regular,56,26.84,10.61,BSE 500 TRI,INF843K01IY6,140328,2.44,11.32,10.45,,,1.2,2.19,16.97,26.13,,,,,,,,,,,,,,10,3,3,,16,Moderately High Risk,Average,1,https://www.valueresearchonline.com/funds/27118/
Edelweiss Europe Dynamic Equity Offshr Reg,solution-oriented,Equity: International,Regular,26.84,24.27,14.77,BSE 500 TRI,INF843K01GJ1,140295,2.44,11.32,10.45,,,1.31,2.15,12.97,22.68,,,,,,,,,,,,,,10,3,4,,17,Moderately High Risk,Average,1,https://www.valueresearchonline.com/funds/23434/
Edelweiss Greater China Equity Offshore Reg,solution-oriented,Equity: International,Regular,34.5,21.16,4.9,BSE 500 TRI,INF843K01138,140242,2.44,11.32,10.45,,,0.81,1.67,20.85,22.56,,,,,,,,,,,,,,6,3,2,,11,High Risk,Poor,1,https://www.valueresearchonline.com/funds/10567/
Edelweiss US Technology Equity FoF Reg,solution-oriented,Equity: International,Regular,24.82,26.45,13.63,BSE 500 TRI,INF754K01LC5,148064,2.44,11.32,10.45,,,0.8,1.29,27.76,28,,,,,,,,,,,,,,6,2,0,,8,High Risk,Poor,1,https://www.valueresearchonline.com/funds/40664/
Edelweiss US Value Equity Offshore Reg,solution-oriented,Equity: International,Regular,29.1,18.98,14,BSE 500 TRI,INF843K01ED9,140273,2.44,11.32,10.45,,,1.04,1.37,12.39,18.61,,,,,,,,,,,,,,8,2,4,,14,Moderately High Risk,Average,1,https://www.valueresearchonline.com/funds/20059/
Franklin Asian Equity Reg,solution-oriented,Equity: International,Regular,42,21.37,8.27,BSE 500 TRI,INF209K01520,106873,2.44,11.32,10.45,,,0.94,1.46,17.34,22,,,,,54,21.18,12.36,62.51,,26.35,3.91,,,6,2,2,,10,High Risk,Poor,25,https://www.valueresearchonline.com/funds/6383/
Franklin U.S. Opportunities Equity Active FoF Reg,solution-oriented,Equity: International,Regular,14.17,19.98,8.54,BSE 500 TRI,INF090I01BB1,100538,2.44,11.32,10.45,,,0.79,1.33,17.93,19.91,,,,,,,,,,,,,,4,2,2,,8,High Risk,Poor,1,https://www.valueresearchonline.com/funds/14017/
HDFC Developed World Overseas Equity Passive FoF Reg*,solution-oriented,Equity: International,Regular,29.15,24.51,,BSE 500 TRI*,INF179K01BE2,102000,2.44,11.32,,,,1.43,2.18,12.35,23.4,,,,,,,,,,,,,,10,3,4,,17,Moderately High Risk,Average,5,https://www.valueresearchonline.com/funds/41713/
HSBC Asia Pacific (Ex Japan) Dividend Yield Reg,solution-oriented,Equity: International,Regular,38.9,26,14.32,BSE 500 TRI,INF917K01AH0,150992,2.44,11.32,10.45,,,1.33,2.21,14.48,24.99,,,,,,,,,,,,,,10,3,3,,16,Moderately High Risk,Average,1,https://www.valueresearchonline.com/funds/23944/
HSBC Brazil Reg,solution-oriented,Equity: International,Regular,37.19,14.56,8.45,BSE 500 TRI,INF677K01AE7,151104,2.44,11.32,10.45,,,0.39,0.93,23.38,14.8,,,,,,,,,,,,,,2,0,0,,2,High Risk,Poor,1,https://www.valueresearchonline.com/funds/12632/
HSBC Global Emerging Markets Reg,solution-oriented,Equity: International,Regular,52.94,27.06,11.32,BSE 500 TRI,INF917K01BP1,151013,2.44,11.32,10.45,,,1.12,2.13,18.73,26.63,,,,,,,,,,,,,,8,3,2,,13,Moderately High Risk,Average,1,https://www.valueresearchonline.com/funds/6774/
ICICI Pru Global Advantage (FOF),solution-oriented,Equity: International,Regular,20.51,19.35,9.84,BSE 500 TRI,INF0J8L01024,149266,2.44,11.32,10.45,,,0.97,1.28,14.1,19.43,,,,,,,,,,,,,,6,2,3,,11,High Risk,Poor,6,https://www.valueresearchonline.com/funds/40280/
ICICI Pru Global Stable Equity (FOF),solution-oriented,Equity: International,Regular,17.43,13.36,10.42,BSE 500 TRI,INF205K01338,112171,2.44,11.32,10.45,,,0.75,1.38,10.06,13.25,,,,,,,,,,,,,,4,2,5,,11,High Risk,Poor,1,https://www.valueresearchonline.com/funds/20855/
ICICI Pru NASDAQ 100 Index,solution-oriented,Equity: International,Regular,33.2,28.97,,BSE 500 TRI,INF769K01LK6,152647,2.44,11.32,,,,1.22,2.09,17.88,27.53,,,,,100,,,88.37,,26.71,7.81,,,10,3,2,,15,Moderately High Risk,Average,25,https://www.valueresearchonline.com/funds/41742/
ICICI Pru Strategic Metal and Energy Equity FoF,solution-oriented,Equity: International,Regular,69.81,35.03,,BSE 500 TRI,INF0QA701557,152165,2.44,11.32,,,,1.22,2.48,22.46,33.14,,,,,,,,,,,,,,10,3,0,,13,Moderately High Risk,Average,1,https://www.valueresearchonline.com/funds/42033/
ICICI Pru US Bluechip Equity,solution-oriented,Equity: International,Regular,19.62,14.89,12.11,BSE 500 TRI,INF205K01338,112171,2.44,11.32,10.45,,,0.74,1.26,14,16.11,,,,,62,,,67.94,,21.76,4.42,,,4,2,4,,10,High Risk,Poor,25,https://www.valueresearchonline.com/funds/14998/
Invesco India-Invesco EQQQ NASDAQ-100 ETF FoF Reg,solution-oriented,Equity: International,Regular,34.02,29.04,,BSE 500 TRI,INF205KA1577,149960,2.44,11.32,,,,1.14,2.15,19.26,27.68,,,,,,,,,,,,,,8,3,2,,13,Moderately High Risk,Average,1,https://www.valueresearchonline.com/funds/42217/
Invesco India-Invesco Global Consumer Trends FoF Reg,solution-oriented,Equity: International,Regular,3.84,19.66,3,BSE 500 TRI,INF205KA1247,148613,2.44,11.32,10.45,,,0.58,0.97,28.39,22.1,,,,,,,,,,,,,,2,0,0,,2,High Risk,Poor,1,https://www.valueresearchonline.com/funds/41227/
Invesco India Global Equity Income FoF Reg,solution-oriented,Equity: International,Regular,23.99,22.24,16.94,BSE 500 TRI,INF205K01B15,129187,2.44,11.32,10.45,,,1.12,1.88,14.24,21.69,,,,,,,,,,,,,,8,3,3,,14,Moderately High Risk,Average,1,https://www.valueresearchonline.com/funds/26147/
Invesco India Pan European Equity FoF Reg,solution-oriented,Equity: International,Regular,37.11,20.56,14.94,BSE 500 TRI,INF205K01ZZ9,126351,2.44,11.32,10.45,,,0.98,1.44,14.71,20.12,,,,,,,,,,,,,,6,2,3,,11,High Risk,Poor,1,https://www.valueresearchonline.com/funds/23312/
Kotak Global Emerging Market Overseas Equity Omni FoF Reg,solution-oriented,Equity: International,Regular,45.72,25.09,11.53,BSE 500 TRI,INF178L01BO1,133782,2.44,11.32,10.45,,,1.07,2.07,17.55,24.55,,,,,,,,,,,,,,8,3,2,,13,Moderately High Risk,Average,1,https://www.valueresearchonline.com/funds/5560/
Kotak Global Innovation Overseas Equity Omni FoF Reg,solution-oriented,Equity: International,Regular,30.14,21.76,8.09,BSE 500 TRI*,INF174KA1HD1,149056,2.44,11.32,10.45,,,1,1.51,16.57,22.21,,,,,,,,,,,,,,8,3,3,,14,Moderately High Risk,Average,2,https://www.valueresearchonline.com/funds/41593/
Kotak International REIT Overseas Equity Omni FoF Reg,solution-oriented,Equity: International,Regular,3.84,8.2,2.3,BSE 500 TRI,INF174KA1FL8,148645,2.44,11.32,10.45,,,0.25,0.44,15.83,9.7,,,,,,,,,,,,,,2,0,3,,5,High Risk,Poor,1,https://www.valueresearchonline.com/funds/41235/
Kotak Quality Overseas Equity Omni FoF Reg,solution-oriented,Equity: International,Regular,,,,BSE 500 TRI,INF174K01FA2,108511,,,,,,,,,,,,,,,,,,,,,,,,,,,,,,1,https://www.valueresearchonline.com/funds/45904/
Kotak US Specific Equity Passive FoF Reg,solution-oriented,Equity: International,Regular,33.87,28.99,19.11,BSE 500 TRI,INF174KA1FR5,148661,2.44,11.32,10.45,,,1.16,2.13,19.26,28.12,,,,,,,,,,,,,,8,3,2,,13,Moderately High Risk,Average,1,https://www.valueresearchonline.com/funds/41259/
Mahindra Manulife Asia Pacific REITs FoF Reg,solution-oriented,Equity: International,Regular,8.41,8.54,,BSE 500 TRI,INF174V01AV6,149228,2.44,11.32,,,,0.27,0.49,15.66,9.95,,,,,,,,,,,,,,2,0,3,,5,High Risk,Poor,1,https://www.valueresearchonline.com/funds/41760/
Mirae Asset Global Electric & Autonomous Vehicles Eqt Passive FoF Reg,solution-oriented,Equity: International,Regular,43.16,15.49,,BSE 500 TRI,INF769K01IP1,150594,2.44,11.32,,,,0.5,0.95,26.24,18.75,,,,,,,,,,,,,,2,0,0,,2,High Risk,Poor,3,https://www.valueresearchonline.com/funds/42459/
Mirae Asset Global X Artificial Intelligence & Tech ETF FoF Reg,solution-oriented,Equity: International,Regular,52.5,36.13,,BSE 500 TRI,INF769K01IR7,150596,2.44,11.32,,,,1.19,2.4,24.4,34.74,,,,,,,,,,,,,,8,3,0,,11,High Risk,Poor,1,https://www.valueresearchonline.com/funds/42457/
Mirae Asset Hang Seng TECH ETF,solution-oriented,Equity: International,Regular,-12.24,7.04,,BSE 500 TRI,INF769K01HT5,149380,2.44,11.32,,,,0.23,0.47,32.86,13.4,,,,,30,,,89.74,,14.51,1.44,,,2,0,0,,2,High Risk,Poor,25,https://www.valueresearchonline.com/funds/41876/
Mirae Asset Hang Seng TECH ETF FoF Reg,solution-oriented,Equity: International,Regular,-15.44,13.27,,BSE 500 TRI,INF769K01HT5,149380,2.44,11.32,,,,0.39,0.97,32.66,18.42,,,,,,,,,,,,,,2,0,0,,2,High Risk,Poor,1,https://www.valueresearchonline.com/funds/41877/
Mirae Asset NYSE FANG+ ETF,solution-oriented,Equity: International,Regular,28.22,39.09,26.08,BSE 500 TRI,INF769K01HG2,148929,2.44,11.32,10.45,,,1.34,2.14,22.96,36.36,,,,,10,,,100.05,,22.98,8.06,,,10,3,0,,13,Moderately High Risk,Average,10,https://www.valueresearchonline.com/funds/41429/
Mirae Asset NYSE FANG+ ETF FoF Reg,solution-oriented,Equity: International,Regular,30.99,46.97,30.27,BSE 500 TRI,INF769K01HG2,148929,2.44,11.32,10.45,,,1.49,3.13,24.84,42.75,,,,,,,,,,,,,,10,4,0,,14,Moderately High Risk,Average,1,https://www.valueresearchonline.com/funds/41430/
Mirae Asset S&P 500 Top 50 ETF,solution-oriented,Equity: International,Regular,21.66,26.2,,BSE 500 TRI,INF769K01HQ1,149171,2.44,11.32,,,,1.25,1.88,15.25,24.73,,,,,51,,,82.16,,22.4,6.16,,,10,3,3,,16,Moderately High Risk,Average,25,https://www.valueresearchonline.com/funds/41698/
Mirae Asset S&P 500 Top 50 ETF FoF Reg,solution-oriented,Equity: International,Regular,23.15,33.45,,BSE 500 TRI,INF769K01HQ1,149171,2.44,11.32,,,,1.3,2.09,19.73,31.42,,,,,,,,,,,,,,10,3,2,,15,Moderately High Risk,Average,1,https://www.valueresearchonline.com/funds/41703/
Motilal Oswal Developed Mkt Ex US ETFs Ovrses Eqt Pass FoF Reg,solution-oriented,Equity: International,Regular,31.21,,,BSE 500 TRI,INF247L01726,145946,2.44,,,,,,,,,,,,,,,,,,,,,,,,,,,,,2,https://www.valueresearchonline.com/funds/43801/
Motilal Oswal NASDAQ 100 ETF,solution-oriented,Equity: International,Regular,34.25,29.65,19.61,BSE 500 TRI,INF247L01726,145553,2.44,11.32,10.45,,,1.22,2.13,18.2,27.93,,,,,100,,,88.21,,26.65,7.8,,,10,3,2,,15,Moderately High Risk,Average,25,https://www.valueresearchonline.com/funds/12498/
Motilal Oswal Nasdaq 100 FOF Reg,solution-oriented,Equity: International,Regular,59.48,36.46,22.68,BSE 500 TRI,INF247L01700,145551,2.44,11.32,10.45,,,1.11,2.41,27.24,35.9,,,,,,,,,,,,,,8,3,0,,11,High Risk,Poor,1,https://www.valueresearchonline.com/funds/38227/
Motilal Oswal Nasdaq Q50 ETF,solution-oriented,Equity: International,Regular,43.12,29.06,,BSE 500 TRI,INF247L01742,145555,2.44,11.32,,,,1.14,2.02,19.59,28.08,,,,,50,,,76.99,,23.19,3.72,,,8,3,2,,13,Moderately High Risk,Average,25,https://www.valueresearchonline.com/funds/41923/
Motilal Oswal S&P 500 Index Reg,solution-oriented,Equity: International,Regular,26.98,24.6,16.88,BSE 500 TRI,INF247L01AH0,148382,2.44,11.32,10.45,,,1.3,2.07,13.52,23.22,,,,,499,,,66.97,,22.61,4.92,,,10,3,4,,17,Moderately High Risk,Average,25,https://www.valueresearchonline.com/funds/40996/
Navi Nasdaq100 US Specific Equity Passive FoF Reg,solution-oriented,Equity: International,Regular,33.91,29.51,,BSE 500 TRI,INF959L01GA2,149911,2.44,11.32,,,,1.16,2.07,19.25,28.07,,,,,,,,,,,,,,8,3,2,,13,Moderately High Risk,Average,1,https://www.valueresearchonline.com/funds/42134/
Navi Total Stock Market US Specific Equity Passive FoF Reg,solution-oriented,Equity: International,Regular,27.86,25.32,,BSE 500 TRI,INF959L01FW8,149831,2.44,11.32,,,,1.24,1.98,14.88,24.11,,,,,,,,,,,,,,10,3,3,,16,Moderately High Risk,Average,1,https://www.valueresearchonline.com/funds/42068/
Nippon India ETF Hang Seng BeES,solution-oriented,Equity: International,Regular,11.39,18.8,7.6,BSE 500 TRI,INF204KA1QN5,130175,2.44,11.32,10.45,,,0.69,1.51,21.46,20.51,,,,,92,0.12,0.12,70.54,,6.44,0.65,,,4,3,2,,9,High Risk,Poor,25,https://www.valueresearchonline.com/funds/10905/
Nippon India Japan Equity Reg,solution-oriented,Equity: International,Regular,30,19.68,9.76,BSE 500 TRI,INF761K01462,111712,2.44,11.32,10.45,,,0.99,1.55,14.29,19.84,,,,,30,,,63.87,,2.22,2.06,,,6,3,3,,12,High Risk,Poor,25,https://www.valueresearchonline.com/funds/27688/
Nippon India Taiwan Equity Reg,solution-oriented,Equity: International,Regular,125.62,57.01,,BSE 500 TRI,INF204KC1279,149328,2.44,11.32,,,,1.28,2.09,36.18,52.07,,,,,31,,,87.98,,51.92,10.32,,,10,3,0,,13,Moderately High Risk,Average,25,https://www.valueresearchonline.com/funds/41836/
Nippon India US Equity Opportunities Reg,solution-oriented,Equity: International,Regular,16,17.91,10.96,BSE 500 TRI,INF209KB1T46,148537,2.44,11.32,10.45,,,0.89,1.39,13.96,18.11,,,,,28,,,77.96,,20.86,5.65,,,6,2,4,,12,High Risk,Poor,25,https://www.valueresearchonline.com/funds/30564/
PGIM India Emerging Markets Equity FoF Reg,solution-oriented,Equity: International,Regular,27.98,23.58,2.64,BSE 500 TRI,INF663L01T43,147600,2.44,11.32,10.45,,,0.9,1.45,20.65,24.17,,,,,,,,,,,,,,6,2,2,,10,High Risk,Poor,1,https://www.valueresearchonline.com/funds/5558/
PGIM India Global Equity Opportunities FoF Reg,solution-oriented,Equity: International,Regular,5.3,13.88,4.41,BSE 500 TRI,INF663L01U24,148159,2.44,11.32,10.45,,,0.47,0.72,19.94,15.15,,,,,,,,,,,,,,2,0,2,,4,High Risk,Poor,1,https://www.valueresearchonline.com/funds/11136/
PGIM India Global Select Real Estate Sec FoF Reg,solution-oriented,Equity: International,Regular,17.13,13.83,,BSE 500 TRI,INF740K012I0,131297,2.44,11.32,,,,0.59,1.09,14.84,14.51,,,,,,,,,,,,,,2,2,3,,7,High Risk,Poor,1,https://www.valueresearchonline.com/funds/41816/
SBI US Specific Equity Active FoF FoF Reg,solution-oriented,Equity: International,Regular,25.09,24.39,16.28,BSE 500 TRI,INF200KA1T96,148762,2.44,11.32,10.45,,,1.18,2.02,15.17,23.54,,,,,,,,,,,,,,8,3,3,,14,Moderately High Risk,Average,1,https://www.valueresearchonline.com/funds/41350/
Sundaram Global Brand Theme-Equity Active FoF Reg*,solution-oriented,Equity: International,Regular,20.57,17.75,11.59,BSE 500 TRI*,INF903J01EX1,106370,2.44,11.32,10.45,,,0.9,1.23,13.6,17.89,,,,,,,,,,,,,,6,2,4,,12,High Risk,Poor,1,https://www.valueresearchonline.com/funds/5449/
ABSL Conglomerate Reg,solution-oriented,Equity: Thematic (Broad),Regular,3.79,,,BSE 500 TRI,INF209KC1399,153127,2.44,,,,,,,,,,,,,47,45.77,29.17,66.34,,24.07,3.41,,,,,,,,,,25,https://www.valueresearchonline.com/funds/44786/
ABSL Nifty India Defence Index Reg,solution-oriented,Equity: Thematic (Broad),Regular,27.81,,,BSE 500 TRI,INF209KC1159,152800,2.44,,,,,,,,,,,,,19,88.64,71.97,93.31,,50.9,10.32,,,,,,,,,,19,https://www.valueresearchonline.com/funds/44487/
ABSL Special Opportunities Reg,solution-oriented,Equity: Thematic (Broad),Regular,15.07,18.08,13.24,BSE 500 TRI,INF209KB1T46,148537,2.44,11.32,10.45,6.19,0.96,0.85,1.16,15.04,18.5,,,,,67,30.7,19.86,59.57,,28.15,3.7,12,3,6,2,3,,26,Moderate Risk,Average,25,https://www.valueresearchonline.com/funds/41141/
Axis BSE India Sector Leaders Index Reg,solution-oriented,Equity: Thematic (Broad),Regular,,,,BSE 500 TRI,INF846KA1416,154170,,,,,,,,,,,,,,60,41.14,24.66,46.98,,23.18,3.35,,,,,,,,,,25,https://www.valueresearchonline.com/funds/45781/
Axis Momentum Reg,solution-oriented,Equity: Thematic (Broad),Regular,-0.22,,,BSE 500 TRI,INF846K010Z1,153085,2.44,,,,,,,,,,,,,54,33.76,19.11,68.68,,30.2,4.45,,,,,,,,,,25,https://www.valueresearchonline.com/funds/44766/
Axis Multi Factor Passive FoF Reg,solution-oriented,Equity: Thematic (Broad),Regular,2.93,9.07,,BSE 500 TRI,INF846K014G3,149844,2.44,11.32,,-1.91,0.96,0.32,0.39,14.88,10.4,,,,,,,,,,,,4,3,2,0,3,,12,High Risk,Poor,4,https://www.valueresearchonline.com/funds/42078/
Axis Nifty India Defence Index Reg,solution-oriented,Equity: Thematic (Broad),Regular,,,,BSE 500 TRI,INF846KA1515,154327,,,,,,,,,,,,,,19,88.69,72.01,93.36,,50.9,10.32,,,,,,,,,,19,https://www.valueresearchonline.com/funds/45949/
Axis Services Opportunities Reg,solution-oriented,Equity: Thematic (Broad),Regular,-1.2,,,BSE 500 TRI,INF846KA1135,153621,2.44,,,,,,,,,,,,,38,53.24,31.33,79.41,,36.79,5.21,,,,,,,,,,25,https://www.valueresearchonline.com/funds/45322/
Bandhan BSE India Sector Leaders Index Reg,solution-oriented,Equity: Thematic (Broad),Regular,,,,BSE 500 TRI,INF194KB1KA6,153839,,,,,,,,,,,,,,60,41.18,24.68,47.04,,23.18,3.35,,,,,,,,,,25,https://www.valueresearchonline.com/funds/45460/
Bandhan Multi-Factor Reg,solution-oriented,Equity: Thematic (Broad),Regular,-1.09,,,BSE 500 TRI,INF194KB1JU6,153721,2.44,,,,,,,,,,,,,34,40.03,20.66,60.55,,16.92,2.46,,,,,,,,,,25,https://www.valueresearchonline.com/funds/45332/
Baroda BNP Paribas Business Conglomerates Reg,solution-oriented,Equity: Thematic (Broad),Regular,,,,BSE 500 TRI,INF251K01VG2,153844,,,,,,,,,,,,,,43,46.26,31.21,51.93,,27.32,4.21,,,,,,,,,,25,https://www.valueresearchonline.com/funds/45456/
Edelweiss BSE Capital Mkts & Insurance ETF,solution-oriented,Equity: Thematic (Broad),Regular,5.78,,,BSE 500 TRI,INF754K01KM5,153437,2.44,,,,,,,,,,,,,26,67.04,45.25,99.93,,40.88,6.16,,,,,,,,,,25,https://www.valueresearchonline.com/funds/44826/
Edelweiss BSE Internet Economy Index Reg,solution-oriented,Equity: Thematic (Broad),Regular,8.61,,,BSE 500 TRI,INF754K01VB6,153495,2.44,,,,,,,,,,,,,20,83.27,57.35,91.92,,35.33,9.14,,,,,,,,,,20,https://www.valueresearchonline.com/funds/45127/
Edelweiss Recently Listed IPO Reg,solution-oriented,Equity: Thematic (Broad),Regular,22.23,16.9,11.36,BSE 500 TRI,INF754K01MH2,142383,2.44,11.32,10.45,5.02,1.04,0.59,0.81,20.76,17.93,,,,,52,39.55,23.35,55,,42.97,7.34,12,3,2,0,2,,19,Moderately High Risk,Average,25,https://www.valueresearchonline.com/funds/35232/
Franklin India Multi-Factor Reg,solution-oriented,Equity: Thematic (Broad),Regular,,,,BSE 500 TRI,INF761K01462,111712,,,,,,,,,,,,,,86,33.74,22.8,56.48,,15.98,2.76,,,,,,,,,,25,https://www.valueresearchonline.com/funds/45583/
Franklin India Opportunities Reg,solution-oriented,Equity: Thematic (Broad),Regular,4.34,19.76,17.67,BSE 500 TRI,INF761K01462,111712,2.44,11.32,10.45,7.52,1.04,0.85,1.12,17.28,20.4,,,,,49,38.94,23.26,60.27,,23.76,4.03,12,3,6,2,2,,25,Moderate Risk,Average,25,https://www.valueresearchonline.com/funds/753/
Groww BSE Power ETF,solution-oriented,Equity: Thematic (Broad),Regular,15.24,,,BSE Energy TRI,INF666M01LQ7,153748,4.34,,,,,,,,,,,,,17,79.29,52.6,100.01,,26.15,3.73,,,,,,,,,,17,https://www.valueresearchonline.com/funds/45370/
Groww BSE Power ETF FOF Reg,solution-oriented,Equity: Thematic (Broad),Regular,15.47,,,BSE Energy TRI,INF666M01LQ7,153748,4.34,,,,,,,,,,,,,,,,,,,,,,,,,,,,,1,https://www.valueresearchonline.com/funds/45371/
Groww Nifty Capital Markets ETF,solution-oriented,Equity: Thematic (Broad),Regular,,,,BSE 500 TRI,INF666M01MJ0,153918,,,,,,,,,,,,,,17,82.02,60.26,99.91,,39.02,9.08,,,,,,,,,,17,https://www.valueresearchonline.com/funds/45632/
Groww Nifty Capital Markets ETF FoF Reg,solution-oriented,Equity: Thematic (Broad),Regular,,,,BSE 500 TRI,INF666M01MJ0,153918,,,,,,,,,,,,,,,,,,,,,,,,,,,,,,1,https://www.valueresearchonline.com/funds/45626/
Groww Nifty Chemicals ETF,solution-oriented,Equity: Thematic (Broad),Regular,,,,BSE 500 TRI,INF666M01MN9,153920,,,,,,,,,,,,,,20,77.91,51.94,99.59,,40.25,3.98,,,,,,,,,,20,https://www.valueresearchonline.com/funds/45751/
Groww Nifty India Defence ETF,solution-oriented,Equity: Thematic (Broad),Regular,28.62,,,BSE 500 TRI,INF666M01IT7,152927,2.44,,,,,,,,,,,,,19,88.64,71.97,93.31,,55.6,10.31,,,,,,,,,,19,https://www.valueresearchonline.com/funds/44590/
Groww Nifty India Defence ETF FoF Reg,solution-oriented,Equity: Thematic (Broad),Regular,28.14,,,BSE 500 TRI,INF666M01IT7,152927,2.44,,,,,,,,,,,,,,,,,,,,,,,,,,,,,1,https://www.valueresearchonline.com/funds/44595/
Groww Nifty India Internet ETF,solution-oriented,Equity: Thematic (Broad),Regular,0.66,,,BSE 500 TRI,INF666M01LF0,153633,2.44,,,,,,,,,,,,,27,84.34,63.38,81.69,,77.8,5.59,,,,,,,,,,25,https://www.valueresearchonline.com/funds/45241/
Groww Nifty India Internet ETF FoF Reg,solution-oriented,Equity: Thematic (Broad),Regular,0.17,,,BSE 500 TRI,INF666M01LF0,153633,2.44,,,,,,,,,,,,,,,,,,,,,,,,,,,,,1,https://www.valueresearchonline.com/funds/45242/
Groww Nifty Metal ETF,solution-oriented,Equity: Thematic (Broad),Regular,,,,BSE 500 TRI,INF247L01GD6,153916,,,,,,,,,,,,,,15,86.45,66.8,99.98,,16.25,2.5,,,,,,,,,,15,https://www.valueresearchonline.com/funds/45677/
Groww Nifty Realty ETF,solution-oriented,Equity: Thematic (Broad),Regular,,,,BSE 500 TRI,INF666M01MJ0,153918,,,,,,,,,,,,,,10,99.69,74.98,99.69,,37.3,4.02,,,,,,,,,,10,https://www.valueresearchonline.com/funds/45522/
HDFC BSE India Sector Leaders Index Reg,solution-oriented,Equity: Thematic (Broad),Regular,,,,BSE 500 TRI,INF179KC1JX8,153958,,,,,,,,,,,,,,60,40.98,24.56,46.8,,23.18,3.35,,,,,,,,,,25,https://www.valueresearchonline.com/funds/45588/
HDFC Defence Reg,solution-oriented,Equity: Thematic (Broad),Regular,32.67,35.62,,BSE 500 TRI,INF179K01BE2,102000,2.44,11.32,,19.48,1.61,0.98,1.65,31.07,36.27,,,,,24,79.89,59.97,91.01,,59.16,9.93,12,0,6,3,0,,21,Moderate Risk,Average,24,https://www.valueresearchonline.com/funds/43510/
HDFC Housing Opportunities Reg,solution-oriented,Equity: Thematic (Broad),Regular,-3.61,9.2,10.91,BSE 500 TRI,INF209KB1T46,148537,2.44,11.32,10.45,-2.01,1.11,0.32,0.42,17.91,11.37,,,,,34,62.54,38.16,70.19,,16.96,2.23,2,2,2,0,2,,8,High Risk,Poor,25,https://www.valueresearchonline.com/funds/34768/
HDFC NIFTY Growth Sectors 15 ETF,solution-oriented,Equity: Thematic (Broad),Regular,-4.02,6.24,,BSE 500 TRI,INF579M01AL6,151164,2.44,11.32,,-2.44,0.8,0.19,0.26,16.12,8.79,,,,,15,81.89,53.67,87.75,,28.41,6.47,2,5,2,0,3,,12,High Risk,Poor,15,https://www.valueresearchonline.com/funds/42537/
HDFC NIFTY Realty Index Reg,solution-oriented,Equity: Thematic (Broad),Regular,2.26,,,BSE 500 TRI,INF579M01AL6,151164,2.44,,,,,,,,,,,,,10,99.6,74.91,99.6,,37.36,4.06,,,,,,,,,,10,https://www.valueresearchonline.com/funds/44210/
HSBC India Export Opportunities Reg,solution-oriented,Equity: Thematic (Broad),Regular,22.01,,,BSE 500 TRI,INF336L01RL7,152830,2.44,,,,,,,,,,,,,47,37.43,22.5,58.72,,35.78,4.78,,,,,,,,,,25,https://www.valueresearchonline.com/funds/44522/
ICICI Pru Active Momentum,solution-oriented,Equity: Thematic (Broad),Regular,8.59,,,BSE 500 TRI,INF846K010Z1,153085,2.44,,,,,,,,,,,,,43,33.14,18.15,62.53,,33.24,4.57,,,,,,,,,,25,https://www.valueresearchonline.com/funds/45355/
ICICI Pru Commodities,solution-oriented,Equity: Thematic (Broad),Regular,11.85,14.41,14.12,BSE 500 TRI,INF109KC1F91,147661,2.44,11.32,10.45,3.95,0.96,0.62,0.94,17,16.27,,,,,53,54.96,34.07,97.99,,21,2.61,10,3,4,0,3,,20,Moderate Risk,Average,25,https://www.valueresearchonline.com/funds/40304/
ICICI Pru Conglomerate,solution-oriented,Equity: Thematic (Broad),Regular,,,,BSE 500 TRI,INF109K1A427,153865,,,,,,,,,,,,,,41,50.88,31.39,79.13,,21.73,3.76,,,,,,,,,,25,https://www.valueresearchonline.com/funds/45487/
ICICI Pru Eqt Minimum Variance Fund Reg,solution-oriented,Equity: Thematic (Broad),Regular,-0.19,,,BSE 500 TRI,INF109KC10Y6,153070,2.44,,,,,,,,,,,,,35,57.81,37.97,66.11,,20.13,2.72,,,,,,,,,,25,https://www.valueresearchonline.com/funds/44742/
ICICI Pru Exports & Services,solution-oriented,Equity: Thematic (Broad),Regular,6.17,15.17,14.08,BSE 500 TRI,INF903J016H9,134356,2.44,11.32,10.45,4.42,0.84,0.78,1.16,13.09,15.89,,,,,67,35.36,24.32,66.24,,26.93,3.98,10,5,4,2,4,,25,Moderate Risk,Average,25,https://www.valueresearchonline.com/funds/2968/
ICICI Pru FMCG,solution-oriented,Equity: Thematic (Broad),Regular,-20.09,-3.52,4.32,BSE 500 TRI,INF109K01Z14,100352,2.44,11.32,10.45,-13.92,0.86,-0.52,-0.68,15.45,-2.3,,,,,35,76.29,57.31,94.68,,35.39,7.52,0,4,0,0,3,,7,High Risk,Poor,25,https://www.valueresearchonline.com/funds/591/
ICICI Pru Housing Opportunities,solution-oriented,Equity: Thematic (Broad),Regular,1.11,11.27,,BSE 500 TRI,INF209KB1T46,148537,2.44,11.32,,0.32,0.94,0.46,0.66,14.87,12.51,,,,,57,52.07,31.73,65.53,,21.53,2.73,6,4,2,0,3,,15,Moderately High Risk,Average,25,https://www.valueresearchonline.com/funds/42248/
ICICI Pru India Opportunities,solution-oriented,Equity: Thematic (Broad),Regular,3.13,14.17,17.54,BSE 500 TRI,INF209KB1T46,148537,2.44,11.32,10.45,3.81,0.8,0.74,0.94,12.67,15.03,,,,,77,41.64,27.36,60.49,,18.93,2.99,10,5,4,0,4,,23,Moderate Risk,Average,25,https://www.valueresearchonline.com/funds/38583/
ICICI Pru Multi Sector Passive FoF,solution-oriented,Equity: Thematic (Broad),Regular,5.91,13.09,11.69,BSE 500 TRI,INF194KB1CI6,149305,2.44,11.32,10.45,2.02,0.9,0.59,0.76,13.93,13.93,,,,,,,,,,,,8,4,2,0,4,,18,Moderately High Risk,Average,12,https://www.valueresearchonline.com/funds/1935/
ICICI Pru Nifty Commodities ETF,solution-oriented,Equity: Thematic (Broad),Regular,12.31,15.49,,BSE 500 TRI,INF966L01DC0,152256,2.44,11.32,,4.26,1.01,0.62,1.02,18.03,16.92,,,,,30,62.72,38.4,99.78,,16.71,2.09,10,3,4,2,2,,21,Moderate Risk,Average,25,https://www.valueresearchonline.com/funds/42947/
ICICI Pru Nifty FMCG ETF,solution-oriented,Equity: Thematic (Broad),Regular,-19.01,-2.19,4.16,BSE 500 TRI,INF846K010D8,149242,2.44,11.32,10.45,-12.94,0.97,-0.36,-0.5,17.42,-0.58,,,,,15,91.63,69.09,99.78,,32.62,7.75,0,3,0,0,2,,5,High Risk,Poor,15,https://www.valueresearchonline.com/funds/41601/
ICICI Pru Nifty Metal ETF,solution-oriented,Equity: Thematic (Broad),Regular,38.88,,,BSE 500 TRI,INF846K010D8,149242,2.44,,,,,,,,,,,,,15,86.46,66.81,99.99,,16.25,2.5,,,,,,,,,,15,https://www.valueresearchonline.com/funds/44461/
ICICI Pru Nifty Oil & Gas ETF,solution-oriented,Equity: Thematic (Broad),Regular,2.78,,,BSE 500 TRI,INF903J016H9,134356,2.44,,,,,,,,,,,,,15,94.07,75.01,99.93,,12.15,1.43,,,,,,,,,,15,https://www.valueresearchonline.com/funds/44432/
ICICI Pru Quality,solution-oriented,Equity: Thematic (Broad),Regular,5.31,,,BSE 500 TRI,INF200KB1AD3,154175,2.44,,,,,,,,,,,,,61,37.64,22.95,57.54,,31.29,5.2,,,,,,,,,,25,https://www.valueresearchonline.com/funds/45162/
ICICI Pru Rural Opportunities,solution-oriented,Equity: Thematic (Broad),Regular,-5.07,,,BSE 500 TRI,INF209KB1T46,148537,2.44,,,,,,,,,,,,,47,50.83,31.16,73.51,,25.15,3.88,,,,,,,,,,25,https://www.valueresearchonline.com/funds/44844/
Kotak Active Momentum Reg,solution-oriented,Equity: Thematic (Broad),Regular,9.27,,,BSE 500 TRI,INF174KA1XD8,153756,2.44,,,,,,,,,,,,,46,33.01,19.27,56.84,,27.77,4.02,,,,,,,,,,25,https://www.valueresearchonline.com/funds/45387/
Kotak BSE Housing Index Reg,solution-oriented,Equity: Thematic (Broad),Regular,-7.13,7.68,,BSE 500 TRI,INF174KA1OU1,152038,2.44,11.32,,,,,,,,,,,,26,50.27,26.48,83.13,,38.08,4.13,,,,,,,,,,25,https://www.valueresearchonline.com/funds/43704/
Kotak Multi Factor Passive FoF Reg,solution-oriented,Equity: Thematic (Broad),Regular,,,,BSE 500 TRI,INF174K01NI9,100835,,,,,,,,,,,,,,,,,,,,,,,,,,,,,,2,https://www.valueresearchonline.com/funds/45898/
Kotak Nifty Chemicals ETF,solution-oriented,Equity: Thematic (Broad),Regular,,,,BSE 500 TRI,INF174KA1VO8,153521,,,,,,,,,,,,,,20,78.03,52.01,99.74,,40.25,3.97,,,,,,,,,,20,https://www.valueresearchonline.com/funds/45570/
Kotak Nifty Commodities Index Reg,solution-oriented,Equity: Thematic (Broad),Regular,11.74,,,BSE 500 TRI,INF174KA1VH3,153351,2.44,,,,,,,,,,,,,30,62.7,38.39,99.78,,17.5,2.12,,,,,,,,,,25,https://www.valueresearchonline.com/funds/44989/
Kotak Nifty India Tourism Index Reg,solution-oriented,Equity: Thematic (Broad),Regular,-16.03,,,BSE 500 TRI,INF174KA1TC8,152872,2.44,,,,,,,,,,,,,15,91.45,74.15,99.94,,191.08,10.59,,,,,,,,,,15,https://www.valueresearchonline.com/funds/44537/
Kotak Rural Opportunities Reg,solution-oriented,Equity: Thematic (Broad),Regular,,,,BSE 500 TRI,INF174KA1XZ1,153969,,,,,,,,,,,,,,47,51.14,35.13,65.96,,24.56,3.77,,,,,,,,,,25,https://www.valueresearchonline.com/funds/45595/
Kotak Services Reg,solution-oriented,Equity: Thematic (Broad),Regular,,,,BSE 500 TRI,INF174KA1YY2,154151,,,,,,,,,,,,,,45,64.64,42.11,81.68,,19.67,2.85,,,,,,,,,,25,https://www.valueresearchonline.com/funds/45795/
Kotak Special Opportunities Reg,solution-oriented,Equity: Thematic (Broad),Regular,19.83,,,BSE 500 TRI,INF174KA1SC0,152703,2.44,,,,,,,,,,,,,40,36.64,19.65,54.61,,26.69,2.85,,,,,,,,,,25,https://www.valueresearchonline.com/funds/44380/
Mirae Asset BSE India Defence ETF,solution-oriented,Equity: Thematic (Broad),Regular,,,,BSE 500 TRI,INF769K01QD0,154189,,,,,,,,,,,,,,33,74.91,53.36,92.51,,47.84,8.07,,,,,,,,,,25,https://www.valueresearchonline.com/funds/45790/
Mirae Asset BSE India Defence ETF FoF Reg,solution-oriented,Equity: Thematic (Broad),Regular,,,,BSE 500 TRI,INF769K01QD0,154189,,,,,,,,,,,,,,,,,,,,,,,,,,,,,,1,https://www.valueresearchonline.com/funds/45809/
Mirae Asset BSE Select IPO ETF,solution-oriented,Equity: Thematic (Broad),Regular,-1.02,,,BSE 500 TRI,INF769K01OH6,153387,2.44,,,,,,,,,,,,,71,40.12,25.22,63.01,,50.29,4.72,,,,,,,,,,25,https://www.valueresearchonline.com/funds/45020/
Mirae Asset BSE Select IPO ETF FoF Reg,solution-oriented,Equity: Thematic (Broad),Regular,-1.6,,,BSE 500 TRI,INF769K01OH6,153387,2.44,,,,,,,,,,,,,,,,,,,,,,,,,,,,,1,https://www.valueresearchonline.com/funds/45021/
Mirae Asset Multi Factor Passive FoF Reg,solution-oriented,Equity: Thematic (Broad),Regular,6.16,,,BSE 500 TRI,INF769K01PE0,153818,2.44,,,,,,,,,,,,,,,,,,,,,,,,,,,,,8,https://www.valueresearchonline.com/funds/45434/
Mirae Asset Nifty India Internet ETF,solution-oriented,Equity: Thematic (Broad),Regular,0.86,,,BSE 500 TRI,INF769K01OB9,153382,2.44,,,,,,,,,,,,,27,84.38,63.42,81.74,,77.8,5.59,,,,,,,,,,25,https://www.valueresearchonline.com/funds/45250/
Mirae Asset Nifty Metal ETF,solution-oriented,Equity: Thematic (Broad),Regular,39.26,,,BSE 500 TRI,INF769K01QJ7,154218,2.44,,,,,,,,,,,,,15,86.5,66.84,100.04,,16.25,2.5,,,,,,,,,,15,https://www.valueresearchonline.com/funds/44588/
Mirae Asset Nifty Metal ETF FoF Reg,solution-oriented,Equity: Thematic (Broad),Regular,,,,BSE 500 TRI,INF769K01QJ7,154218,,,,,,,,,,,,,,,,,,,,,,,,,,,,,,1,https://www.valueresearchonline.com/funds/45831/
Motilal Oswal Active Momentum Reg,solution-oriented,Equity: Thematic (Broad),Regular,26.73,,,BSE 500 TRI,INF247L01ES9,153365,2.44,,,,,,,,,,,,,24,51.14,29.54,63.15,,64.91,8.83,,,,,,,,,,25,https://www.valueresearchonline.com/funds/45000/
Motilal Oswal BSE Select IPO ETF,solution-oriented,Equity: Thematic (Broad),Regular,,,,BSE 500 TRI,INF247L01EE9,153144,,,,,,,,,,,,,,71,40.12,25.22,63.01,,50.27,4.72,,,,,,,,,,25,https://www.valueresearchonline.com/funds/45639/
Motilal Oswal Multi Factor Passive FoF Reg,solution-oriented,Equity: Thematic (Broad),Regular,,,,BSE 500 TRI,INF247L01726,145946,,,,,,,,,,,,,,,,,,,,,,,,,,,,,,4,https://www.valueresearchonline.com/funds/45873/
Motilal Oswal Nifty Capital Market ETF,solution-oriented,Equity: Thematic (Broad),Regular,28.45,,,BSE 500 TRI,INF247L01EB5,153138,2.44,,,,,,,,,,,,,17,81.99,60.23,99.87,,39.02,9.07,,,,,,,,,,17,https://www.valueresearchonline.com/funds/45051/
Motilal Oswal Nifty Capital Market Index Reg,solution-oriented,Equity: Thematic (Broad),Regular,27.65,,,BSE 500 TRI,INF247L01EC3,153137,2.44,,,,,,,,,,,,,17,82.06,60.28,99.95,,38.76,8.81,,,,,,,,,,17,https://www.valueresearchonline.com/funds/44754/
Motilal Oswal Nifty India Defence ETF,solution-oriented,Equity: Thematic (Broad),Regular,28.78,,,BSE 500 TRI,INF247L01CU9,152710,2.44,,,,,,,,,,,,,19,88.62,71.96,93.3,,55.6,10.31,,,,,,,,,,19,https://www.valueresearchonline.com/funds/44517/
Motilal Oswal Nifty India Defence Index Reg,solution-oriented,Equity: Thematic (Broad),Regular,27.96,,,BSE 500 TRI,INF247L01CV7,152711,2.44,,,,,,,,,,,,,19,88.7,72.01,93.38,,50.9,10.32,,,,,,,,,,19,https://www.valueresearchonline.com/funds/44396/
Motilal Oswal Nifty India Tourism ETF,solution-oriented,Equity: Thematic (Broad),Regular,-15.67,,,BSE 500 TRI,INF0QA701979,153072,2.44,,,,,,,,,,,,,15,91.44,74.14,99.93,,51.66,7.14,,,,,,,,,,15,https://www.valueresearchonline.com/funds/45240/
Motilal Oswal Nifty MidSmall IT and Telecom Index Reg,solution-oriented,Equity: Thematic (Broad),Regular,9.24,,,BSE IT TRI,INF247L01DZ6,153028,-13.83,,,,,,,,,,,,,20,80.21,57.72,101.08,,15.12,8.66,,,,,,,,,,20,https://www.valueresearchonline.com/funds/44681/
Motilal Oswal Nifty Realty ETF,solution-oriented,Equity: Thematic (Broad),Regular,3.17,,,BSE 500 TRI,INF247L01DT8,153068,2.44,,,,,,,,,,,,,10,99.85,75.11,99.85,,37.3,4.02,,,,,,,,,,10,https://www.valueresearchonline.com/funds/44250/
Motilal Oswal Nifty Services Sector ETF,solution-oriented,Equity: Thematic (Broad),Regular,,,,BSE 500 TRI,INF204KC1EB4,153066,,,,,,,,,,,,,,30,71.81,51.61,92.72,,19.68,2.78,,,,,,,,,,25,https://www.valueresearchonline.com/funds/45660/
Motilal Oswal Services Reg,solution-oriented,Equity: Thematic (Broad),Regular,13.99,,,BSE 500 TRI,INF247L01FG1,153561,2.44,,,,,,,,,,,,,33,49.83,28.22,74.29,,33.11,4.17,,,,,,,,,,25,https://www.valueresearchonline.com/funds/45184/
Motilal Oswal Special Opportunities Reg,solution-oriented,Equity: Thematic (Broad),Regular,23.33,,,BSE 500 TRI,INF247L01FV0,153751,2.44,,,,,,,,,,,,,24,53.46,30.8,62.22,,53.28,7.28,,,,,,,,,,24,https://www.valueresearchonline.com/funds/45391/
Nippon India Active Momentum Reg,solution-oriented,Equity: Thematic (Broad),Regular,13.22,,,BSE 500 TRI,INF204KC1EH1,153276,2.44,,,,,,,,,,,,,40,37.58,23.78,63.68,,33.37,4.23,,,,,,,,,,25,https://www.valueresearchonline.com/funds/44936/
Nippon India Nifty Realty Index Reg,solution-oriented,Equity: Thematic (Broad),Regular,2.32,,,BSE 500 TRI,INF204KC1DV4,153061,2.44,,,,,,,,,,,,,10,99.88,75.13,99.88,,37.36,4.06,,,,,,,,,,10,https://www.valueresearchonline.com/funds/44710/
Quant Commodities Reg,solution-oriented,Equity: Thematic (Broad),Regular,15.86,,,BSE 500 TRI,INF966L01DC0,152256,2.44,,,,,,,,,,,,,14,84.71,49.02,96.07,,30.18,4.09,,,,,,,,,,11,https://www.valueresearchonline.com/funds/43964/
Quant Momentum Reg,solution-oriented,Equity: Thematic (Broad),Regular,11.94,,,BSE 500 TRI,INF966L01CW0,152190,2.44,,,,,,,,,,,,,17,73.97,44.49,66.05,,30.15,3.07,,,,,,,,,,12,https://www.valueresearchonline.com/funds/43880/
Quantum Ethical Reg,solution-oriented,Equity: Thematic (Broad),Regular,0,,,BSE 500 TRI,INF082J01481,153095,2.44,,,,,,,,,,,,,45,33.61,18.87,66.09,,35.97,5.54,,,,,,,,,,25,https://www.valueresearchonline.com/funds/44770/
Samco Active Momentum Reg,solution-oriented,Equity: Thematic (Broad),Regular,13.9,13.75,,BSE 500 TRI,INF0K1H01073,151752,2.44,11.32,,4.03,0.77,0.53,1.08,17.51,15.05,,,,,60,37.97,24.78,50.64,,27.12,4.29,10,5,2,2,2,,21,Moderate Risk,Average,25,https://www.valueresearchonline.com/funds/43514/
Samco Special Opportunities Reg,solution-oriented,Equity: Thematic (Broad),Regular,2.04,,,BSE 500 TRI,INF0K1H01172,152587,2.44,,,,,,,,,,,,,50,33.56,21.58,54.29,,57.58,6.87,,,,,,,,,,25,https://www.valueresearchonline.com/funds/44279/
SBI Comma Reg,solution-oriented,Equity: Thematic (Broad),Regular,14.76,16.11,11.17,BSE 500 TRI,INF200K01339,103145,2.44,11.32,10.45,4.51,0.98,0.68,1.1,16.66,17,,,,,41,43.67,26.38,86.2,,17.99,2.15,10,3,4,2,3,,22,Moderate Risk,Average,25,https://www.valueresearchonline.com/funds/2812/
SBI Equity Minimum Variance Reg,solution-oriented,Equity: Thematic (Broad),Regular,-2.43,7.69,8.06,BSE 500 TRI,INF200KA1A48,146644,2.44,11.32,10.45,-2.46,0.89,0.25,0.34,14.51,9.37,,,,,50,57.47,35.68,61.53,,23.45,4.11,2,4,2,0,3,,11,High Risk,Poor,25,https://www.valueresearchonline.com/funds/39362/
SBI Quality Reg,solution-oriented,Equity: Thematic (Broad),Regular,,,,BSE 500 TRI,INF200KB1AD3,154175,,,,,,,,,,,,,,44,43.59,29.29,54.94,,34.37,6.78,,,,,,,,,,25,https://www.valueresearchonline.com/funds/45791/
Shriram Multi Sector Rotation Reg,solution-oriented,Equity: Thematic (Broad),Regular,6.29,,,BSE 500 TRI,INF680P01463,153077,2.44,,,,,,,,,,,,,42,43.47,26.36,69.14,,20.17,3.21,,,,,,,,,,25,https://www.valueresearchonline.com/funds/44668/
Sundaram Multi-Factor Reg,solution-oriented,Equity: Thematic (Broad),Regular,-1.36,,,BSE 500 TRI,INF903JA1LY0,153667,2.44,,,,,,,,,,,,,76,27.64,16.79,59.3,,16.34,2.56,,,,,,,,,,25,https://www.valueresearchonline.com/funds/45283/
Sundaram Services Reg,solution-oriented,Equity: Thematic (Broad),Regular,6.33,13.98,12.75,BSE 500 TRI,INF903JA1EX7,144838,2.44,11.32,10.45,2.76,0.92,0.61,0.86,14.99,14.83,,,,,55,38.19,23.21,73.19,,26.77,3.15,8,4,4,0,3,,19,Moderately High Risk,Average,25,https://www.valueresearchonline.com/funds/37575/
Tata BSE Select Business Groups Index Reg,solution-oriented,Equity: Thematic (Broad),Regular,4.11,,,BSE 500 TRI,INF277KA1CX6,153134,2.44,,,,,,,,,,,,,30,71.08,53.44,71.57,,20.65,3.57,,,,,,,,,,25,https://www.valueresearchonline.com/funds/44790/
Tata Ethical Reg,solution-oriented,Equity: Thematic (Broad),Regular,-5.91,3.71,5.49,BSE 500 TRI,INF277K01956,100415,2.44,11.32,10.45,-6.1,0.9,0.01,0.01,14.71,5.82,,,,,57,36.22,23.02,62.88,,27.42,4.04,0,4,2,0,3,,9,High Risk,Poor,25,https://www.valueresearchonline.com/funds/213/
Tata Housing Opportunities Reg,solution-oriented,Equity: Thematic (Broad),Regular,-2.04,6.39,,BSE 500 TRI,INF277KA1521,150537,2.44,11.32,,-5.33,1.16,0.14,0.19,18.77,8.39,,,,,30,55.3,35.13,67.98,,22.75,2.88,0,0,2,0,2,,4,High Risk,Poor,25,https://www.valueresearchonline.com/funds/42445/
Tata Nifty Capital Markets Index Fund Reg,solution-oriented,Equity: Thematic (Broad),Regular,27.37,,,BSE 500 TRI,INF277KA1CL1,152954,2.44,,,,,,,,,,,,,17,82.36,60.5,100.3,,38.76,8.81,,,,,,,,,,17,https://www.valueresearchonline.com/funds/44636/
Tata Nifty India Tourism Index Reg,solution-oriented,Equity: Thematic (Broad),Regular,-16.09,,,BSE 500 TRI,INF277KA1BZ3,152746,2.44,,,,,,,,,,,,,15,91.48,74.17,99.97,,191.08,10.59,,,,,,,,,,15,https://www.valueresearchonline.com/funds/44424/
Tata Nifty Realty Index Reg,solution-oriented,Equity: Thematic (Broad),Regular,2.38,,,BSE 500 TRI,INF277KA1AL5,152573,2.44,,,,,,,,,,,,,10,99.82,75.08,99.82,,37.36,4.06,,,,,,,,,,10,https://www.valueresearchonline.com/funds/44259/
Taurus Ethical Reg,solution-oriented,Equity: Thematic (Broad),Regular,0.85,8.9,8.44,BSE 500 TRI,INF044D01864,111787,2.44,11.32,10.45,-1.45,0.95,0.33,0.46,15.55,10.81,,,,,58,38.26,23.6,53.25,,25.06,3.78,4,4,2,0,3,,13,Moderately High Risk,Average,25,https://www.valueresearchonline.com/funds/10244/
The Wealth Company Ethical Reg,solution-oriented,Equity: Thematic (Broad),Regular,,,,BSE 500 TRI,INF2F0001248,153897,,,,,,,,,,,,,,44,32.52,17.4,61.27,,33.8,5.48,,,,,,,,,,25,https://www.valueresearchonline.com/funds/45523/
Union Active Momentum Reg,solution-oriented,Equity: Thematic (Broad),Regular,17.61,,,BSE 500 TRI,INF582M01KC8,153111,2.44,,,,,,,,,,,,,41,29.01,15.98,63.42,,38.23,5.83,,,,,,,,,,25,https://www.valueresearchonline.com/funds/44782/
UTI BSE Housing Index Reg,solution-oriented,Equity: Thematic (Broad),Regular,-7.09,7.73,,BSE 500 TRI,INF789F1AYS9,151763,2.44,11.32,,-3.19,1.17,0.25,0.32,19.36,10.56,,,,,26,50.13,26.4,82.9,,38.08,4.13,2,0,2,0,2,,6,High Risk,Poor,25,https://www.valueresearchonline.com/funds/43520/
WhiteOak Capital Quality Equity Reg,solution-oriented,Equity: Thematic (Broad),Regular,-2.12,,,BSE 500 TRI,INF03VN01985,153190,2.44,,,,,,,,,,,,,56,45.4,31.36,54.48,,38.35,5.79,,,,,,,,,,25,https://www.valueresearchonline.com/funds/44852/
WhiteOak Capital Special Opportunities Reg,solution-oriented,Equity: Thematic (Broad),Regular,14.92,,,BSE 500 TRI,INF03VN01894,152643,2.44,,,,,,,,,,,,,87,29.31,18.22,54.33,,28.05,3.42,,,,,,,,,,25,https://www.valueresearchonline.com/funds/44332/
ABSL Consumption Reg,solution-oriented,Equity: Thematic (Infra),Regular,-7.04,8.54,8.8,BSE 500 TRI,INF209K01LV0,108273,2.44,11.32,10.45,-2.21,0.96,0.29,0.36,15.56,10.14,,,,,68,39.44,24.12,71.62,,39.29,6.13,2,3,2,0,3,2,10,High Risk,Poor,25,https://www.valueresearchonline.com/funds/2787/
Axis Consumption Reg,solution-oriented,Equity: Thematic (Infra),Regular,-7,,,BSE 500 TRI,INF846K010X6,152804,2.44,,,,,,,,,,,,,55,52.16,34.77,76.7,,46.25,7.78,,,,,,,,,,25,https://www.valueresearchonline.com/funds/44464/
Axis NIFTY India Consumption ETF,solution-oriented,Equity: Thematic (Infra),Regular,-5.8,12.14,,BSE 500 TRI,INF846K01TQ8,153397,2.44,11.32,,1.06,1,0.48,0.6,16.56,13.65,,,,,30,59.54,38.37,82.21,,38.76,7.2,6,3,2,0,3,,14,Moderately High Risk,Average,25,https://www.valueresearchonline.com/funds/41685/
Bajaj Finserv Consumption Reg,solution-oriented,Equity: Thematic (Infra),Regular,-5.35,,,BSE 500 TRI,INF0QA701979,153072,2.44,,,,,,,,,,,,,53,39.05,25.02,76.1,,32.68,5.55,,,,,,,,,,25,https://www.valueresearchonline.com/funds/44687/
Bank of India Consumption Reg,solution-oriented,Equity: Thematic (Infra),Regular,-0.45,,,BSE 500 TRI,INF761K01GL1,153140,2.44,,,,,,,,,,,,,36,54.49,35.35,75.74,,34.25,6.39,,,,,,,,,,25,https://www.valueresearchonline.com/funds/44806/
Baroda BNP Paribas India Consumption Reg,solution-oriented,Equity: Thematic (Infra),Regular,-7.51,9.3,9.41,BSE 500 TRI,INF251K01PQ3,150268,2.44,11.32,10.45,-1.14,0.93,0.34,0.4,15.63,11,,,,,38,53.03,33.84,83.81,,30.13,7.19,4,4,2,0,3,3,13,Moderately High Risk,Average,25,https://www.valueresearchonline.com/funds/37337/
Canara Robeco Consumer Trends Reg,solution-oriented,Equity: Thematic (Infra),Regular,-4.09,10.2,10.19,BSE 500 TRI,INF760K01241,112152,2.44,11.32,10.45,-0.94,1.01,0.37,0.48,16.06,11.71,,,,,42,45.02,27.73,71.53,,36.71,5.13,4,3,2,0,3,3,12,High Risk,Average,25,https://www.valueresearchonline.com/funds/10590/
Edelweiss Consumption Reg,solution-oriented,Equity: Thematic (Infra),Regular,-4.58,,,BSE 500 TRI,INF754K01UC6,153255,2.44,,,,,,,,,,,,,45,45.92,29.59,78.71,,45.25,7.64,,,,,,,,,,25,https://www.valueresearchonline.com/funds/44880/
Groww Nifty Non-Cyclical Consumer Index Reg,solution-oriented,Equity: Thematic (Infra),Regular,-10.88,,,BSE 500 TRI,INF666M01IB5,152633,2.44,,,,,,,,,,,,,30,66.43,44.76,87.82,,55.87,9.71,,,,,,,,,,25,https://www.valueresearchonline.com/funds/44323/
HDFC Consumption Reg,solution-oriented,Equity: Thematic (Infra),Regular,-8.2,10.35,,BSE 500 TRI,INF0QA701979,153072,2.44,11.32,,-0.44,0.95,0.38,0.51,16.25,11.8,,,,,51,54.49,36.84,85.79,,40.87,7.19,4,4,2,0,3,4,13,Moderately High Risk,Good,25,https://www.valueresearchonline.com/funds/43557/
HDFC Nifty India Consumption Index Reg,solution-oriented,Equity: Thematic (Infra),Regular,,,,BSE 500 TRI,INF179KC1JZ3,154180,,,,,,,,,,,,,,30,58.92,37.97,81.37,,42.2,7.7,,,,,,,,,,25,https://www.valueresearchonline.com/funds/45799/
HSBC Consumption Reg,solution-oriented,Equity: Thematic (Infra),Regular,2.36,15.46,,BSE 500 TRI,INF336L01RC6,152027,2.44,11.32,,,,,,,,,,,,50,41.68,26.18,79.71,,52.62,7.38,,,,,,,,,,25,https://www.valueresearchonline.com/funds/43708/
ICICI Pru Bharat Consumption,solution-oriented,Equity: Thematic (Infra),Regular,-4.97,9.86,12.67,BSE 500 TRI,INF846K010X6,152804,2.44,11.32,10.45,-0.68,0.93,0.38,0.47,15.2,11.42,,,,,62,50.4,33.66,81.56,,40.38,6.91,4,4,2,0,3,4,13,Moderately High Risk,Good,25,https://www.valueresearchonline.com/funds/39670/
ICICI Pru Nifty India Consumption ETF,solution-oriented,Equity: Thematic (Infra),Regular,-5.64,12.35,,BSE 500 TRI,INF761K01306,109254,2.44,11.32,,1.25,1,0.49,0.61,16.59,13.84,,,,,30,59.57,38.39,82.25,,38.76,7.2,6,3,2,0,3,,14,Moderately High Risk,Average,25,https://www.valueresearchonline.com/funds/41802/
Invesco India Consumption Reg,solution-oriented,Equity: Thematic (Infra),Regular,,,,BSE 500 TRI,INF205KA1BF2,153902,,,,,,,,,,,,,,39,39.03,22.65,67.42,,57.75,8.31,,,,,,,,,,25,https://www.valueresearchonline.com/funds/45527/
ITI Bharat Consumption Reg,solution-oriented,Equity: Thematic (Infra),Regular,-0.3,,,BSE 500 TRI,INF00XX01DD8,153263,2.44,,,,,,,,,,,,,53,41.59,26.37,74.15,,29.61,6.66,,,,,,,,,,25,https://www.valueresearchonline.com/funds/44920/
Kotak Consumption Reg,solution-oriented,Equity: Thematic (Infra),Regular,-3.06,,,BSE 500 TRI,INF174KA1PM5,152170,2.44,,,,,,,,,,,,,42,49.46,32.58,70.52,,38.26,5.12,,,,,,,,,,25,https://www.valueresearchonline.com/funds/43858/
Kotak NIFTY India Consumption ETF,solution-oriented,Equity: Thematic (Infra),Regular,-5.49,12.5,,BSE 500 TRI,INF174KA1VN0,153519,2.44,11.32,,1.38,1,0.5,0.62,16.59,13.97,,,,,30,59.56,38.38,82.27,,38.76,7.2,6,3,2,0,3,,14,Moderately High Risk,Average,25,https://www.valueresearchonline.com/funds/42398/
LIC MF Consumption Reg,solution-oriented,Equity: Thematic (Infra),Regular,,,,BSE 500 TRI,INF767K01SA6,153950,,,,,,,,,,,,,,50,28.28,15.38,65.2,,32.08,5.75,,,,,,,,,,25,https://www.valueresearchonline.com/funds/45566/
Mahindra Manulife Consumption Reg,solution-oriented,Equity: Thematic (Infra),Regular,-6.81,9.14,9.87,BSE 500 TRI,INF174V01630,145355,2.44,11.32,10.45,-1.57,0.95,0.32,0.38,15.73,10.71,,,,,48,45.15,29.14,83.5,,33.43,6.68,4,4,2,0,3,2,13,Moderately High Risk,Poor,25,https://www.valueresearchonline.com/funds/37845/
Mirae Asset Great Consumer Reg,solution-oriented,Equity: Thematic (Infra),Regular,-5.28,9.98,11.24,BSE 500 TRI,INF769K01135,114931,2.44,11.32,10.45,-0.87,1.02,0.36,0.45,17.01,11.87,,,,,40,53.86,34.45,84.73,,48.02,7.17,4,3,2,0,2,4,11,High Risk,Good,25,https://www.valueresearchonline.com/funds/12342/
Mirae Asset Nifty India New Age Consumption ETF,solution-oriented,Equity: Thematic (Infra),Regular,-1.37,,,BSE 500 TRI,INF769K01NM8,153194,2.44,,,,,,,,,,,,,75,43.97,26.13,78.14,,25.04,6.08,,,,,,,,,,25,https://www.valueresearchonline.com/funds/44832/
Mirae Asset Nifty India New Age Consumption ETF FoF Reg,solution-oriented,Equity: Thematic (Infra),Regular,-1.92,,,BSE 500 TRI,INF769K01NM8,153194,2.44,,,,,,,,,,,,,,,,,,,,,,,,,,,,,1,https://www.valueresearchonline.com/funds/44833/
Motilal Oswal Consumption Reg,solution-oriented,Equity: Thematic (Infra),Regular,,,,BSE 500 TRI,INF247L01GD6,153916,,,,,,,,,,,,,,30,51.35,30.87,68.21,,55.41,8.14,,,,,,,,,,25,https://www.valueresearchonline.com/funds/45541/
Motilal Oswal Nifty MidSmall India Consumption Index Reg,solution-oriented,Equity: Thematic (Infra),Regular,-6.53,,,BSE 500 TRI,INF247L01DV5,153024,2.44,,,,,,,,,,,,,30,49.22,28.83,64.65,,27.51,7.56,,,,,,,,,,25,https://www.valueresearchonline.com/funds/44679/
Nippon India Consumption Reg,solution-oriented,Equity: Thematic (Infra),Regular,-7.65,8.68,11.26,BSE 500 TRI,INF761K01462,111712,2.44,11.32,10.45,-1.82,0.98,0.3,0.38,16.41,10.62,,,,,44,48.36,31.03,83.6,,48.22,7.89,4,3,2,0,3,4,12,High Risk,Good,25,https://www.valueresearchonline.com/funds/2474/
Nippon India ETF Nifty India Consumption,solution-oriented,Equity: Thematic (Infra),Regular,-5.73,12.23,11.26,BSE 500 TRI,INF204KC1EI9,153479,2.44,11.32,10.45,1.14,1,0.48,0.61,16.57,13.73,,,,,30,59.55,38.38,82.23,,38.76,7.2,6,3,2,0,3,,14,Moderately High Risk,Average,25,https://www.valueresearchonline.com/funds/25700/
Quant Consumption Reg,solution-oriented,Equity: Thematic (Infra),Regular,2.29,,,BSE 500 TRI,INF966L01DI7,152338,2.44,,,,,,,,,,,,,16,78.64,43.51,68.42,,36.9,4,,,,,,,,,,13,https://www.valueresearchonline.com/funds/44051/
SBI Consumption Opportunities Reg,solution-oriented,Equity: Thematic (Infra),Regular,-12.41,5.01,11.46,BSE 500 TRI,INF200K01VR6,120576,2.44,11.32,10.45,-5.62,1,0.08,0.11,16.7,6.99,,,,,49,40.77,22.72,79.79,,46.82,7.01,0,3,2,0,3,2,8,High Risk,Poor,25,https://www.valueresearchonline.com/funds/630/
SBI Nifty Consumption ETF,solution-oriented,Equity: Thematic (Infra),Regular,-5.69,12.28,11.28,BSE 500 TRI,INF200KB1449,153015,2.44,11.32,10.45,1.19,1,0.49,0.61,16.59,13.78,,,,,30,59.55,38.38,82.26,,38.76,7.2,6,3,2,0,3,,14,Moderately High Risk,Average,25,https://www.valueresearchonline.com/funds/41572/
SBI Nifty India Consmpn Index Reg,solution-oriented,Equity: Thematic (Infra),Regular,-6.32,,,BSE 500 TRI,INF200KB1415,153012,2.44,,,,,,,,,,,,,30,59.66,38.45,82.38,,42.2,7.7,,,,,,,,,,25,https://www.valueresearchonline.com/funds/44670/
Sundaram Consumption Reg,solution-oriented,Equity: Thematic (Infra),Regular,-5.68,9.1,10.57,BSE 500 TRI,INF903J01561,102142,2.44,11.32,10.45,-1.35,0.96,0.32,0.4,16.49,10.97,,,,,36,54.95,34.97,70.46,,48.03,8.02,4,3,2,0,3,3,12,High Risk,Average,25,https://www.valueresearchonline.com/funds/3268/
Tata BSE Multicap Consmpn 50:30:20 Index Reg,solution-oriented,Equity: Thematic (Infra),Regular,,,,BSE 500 TRI,INF277KA1EM5,154064,,,,,,,,,,,,,,100,33.48,21.65,84.64,,31.31,6.52,,,,,,,,,,25,https://www.valueresearchonline.com/funds/45703/
Tata India Consumer Reg,solution-oriented,Equity: Thematic (Infra),Regular,2.9,14.14,12.81,BSE 500 TRI,INF277K010A2,135804,2.44,11.32,10.45,2.92,0.98,0.57,0.77,16.93,15.38,,,,,35,49.85,31.65,78.53,,52.89,8.63,8,3,2,0,3,5,16,Moderately High Risk,Excellent,25,https://www.valueresearchonline.com/funds/31358/
Union Consumption Reg,solution-oriented,Equity: Thematic (Infra),Regular,,,,BSE 500 TRI,INF582M01MD2,154022,,,,,,,,,,,,,,43,46.06,29.06,73.71,,52.21,7.5,,,,,,,,,,25,https://www.valueresearchonline.com/funds/45667/
UTI India Consumer Reg,solution-oriented,Equity: Thematic (Infra),Regular,-3.46,10.39,8.46,BSE 500 TRI,INF789F01CE6,106425,2.44,11.32,10.45,-0.36,1,0.39,0.48,16.62,12.23,,,,,42,55.29,37.71,80.51,,44.44,7.17,4,3,2,0,3,1,12,High Risk,Poor,25,https://www.valueresearchonline.com/funds/5437/
WhiteOak Capital Consumption Opportunities Reg,solution-oriented,Equity: Thematic (Infra),Regular,,,,BSE 500 TRI,INF03VN01AE1,154162,,,,,,,,,,,,,,49,48.44,33.97,77.73,,47.17,7.26,,,,,,,,,,25,https://www.valueresearchonline.com/funds/45779/
ABSL ESG Integration Strategy Reg,solution-oriented,Equity: Thematic (ESG),Regular,1.99,10.23,6.74,BSE 100 TRI,INF209KB1U43,148635,-0.11,9.84,9.19,0.66,1,0.41,0.53,14.95,11.79,,,,,53,39.19,24.42,74.23,,26.4,3.56,6,3,2,0,3,,14,Moderately High Risk,Average,25,https://www.valueresearchonline.com/funds/41219/
Axis ESG Integration Strategy Reg,solution-oriented,Equity: Thematic (ESG),Regular,-0.43,8.5,4.98,BSE 100 TRI,INF846K01W56,147929,-0.11,9.84,9.19,-0.67,0.9,0.31,0.4,13.42,9.91,,,,,42,41.1,25.63,68.57,,27.25,3.56,4,4,2,0,4,,14,Moderately High Risk,Average,25,https://www.valueresearchonline.com/funds/40534/
Baroda BNP Paribas ESG Best-in-class strategy Reg,solution-oriented,Equity: Thematic (ESG),Regular,,,,BSE 100 TRI,INF251K01VM0,154194,,,,,,,,,,,,,,50,41.02,26.76,66.71,,26.53,4.2,,,,,,,,,,25,https://www.valueresearchonline.com/funds/45835/
ICICI Pru ESG Exclusionary Strategy,solution-oriented,Equity: Thematic (ESG),Regular,-3.66,11.02,8.84,BSE 100 TRI,INF109K01902,102330,-0.11,9.84,9.19,1.48,0.97,0.46,0.69,14.61,12.44,,,,,54,48.87,32.14,58.95,,25.52,3.33,6,3,2,0,3,,14,Moderately High Risk,Average,25,https://www.valueresearchonline.com/funds/41125/
Invesco India ESG Integration Strategy Reg,solution-oriented,Equity: Thematic (ESG),Regular,-0.58,8.7,6.55,BSE 100 TRI,INF205KA1304,148753,-0.11,9.84,9.19,-0.66,1.01,0.31,0.4,15.45,10.49,,,,,40,43.38,25.88,77.93,,31.34,4.48,4,3,2,0,3,,12,High Risk,Poor,25,https://www.valueresearchonline.com/funds/41337/
Kotak ESG Exclusionary Strategy Reg,solution-oriented,Equity: Thematic (ESG),Regular,-2.12,8.07,6.09,BSE 100 TRI,INF174KA1FF0,148602,-0.11,9.84,9.19,-0.94,0.94,0.3,0.36,13.77,9.87,,,,,46,49.35,29.58,64.18,,22.54,3.39,4,4,2,0,4,,14,Moderately High Risk,Average,25,https://www.valueresearchonline.com/funds/41200/
Mirae Asset Nifty 100 ESG Sector Leaders ETF,solution-oriented,Equity: Thematic (ESG),Regular,-3.28,8.67,6.68,BSE 100 TRI,INF769K01GQ3,148574,-0.11,9.84,9.19,-0.96,0.97,0.31,0.42,13.95,9.99,,,,,60,54.99,39.9,67.69,,23.12,3.1,4,3,2,0,4,,13,Moderately High Risk,Average,25,https://www.valueresearchonline.com/funds/41157/
Mirae Asset Nifty 100 ESG Sector Leaders FoF Reg,solution-oriented,Equity: Thematic (ESG),Regular,-3.7,8.25,6.24,BSE 100 TRI,INF769K01GN0,148576,-0.11,9.84,9.19,-1.46,0.97,0.27,0.37,13.95,9.47,,,,,,,,,,,,4,3,2,0,4,,13,Moderately High Risk,Average,1,https://www.valueresearchonline.com/funds/41158/
Quant ESG Integration Strategy Reg,solution-oriented,Equity: Thematic (ESG),Regular,23,16.2,16.75,BSE 100 TRI,INF966L01AB8,148560,-0.11,9.84,9.19,5.96,1.16,0.6,0.96,20.54,17.96,,,,,17,76.27,44.83,73.29,,28.72,3.49,12,0,4,0,2,,18,Moderately High Risk,Average,13,https://www.valueresearchonline.com/funds/41163/
Quantum ESG Best In Class Strategy Reg,solution-oriented,Equity: Thematic (ESG),Regular,-3.96,7.37,6.51,BSE 100 TRI,INF082J01390,147371,-0.11,9.84,9.19,-2,1.03,0.23,0.29,15.39,9.29,,,,,52,34.64,21.19,67.65,,33.13,4.72,4,3,2,0,3,,12,High Risk,Poor,25,https://www.valueresearchonline.com/funds/40009/
SBI ESG Exclusionary Strategy Reg,solution-oriented,Equity: Thematic (ESG),Regular,0.88,9.16,7.92,BSE 100 TRI,INF200K01214,104523,-0.11,9.84,9.19,-0.3,0.99,0.35,0.41,14.48,10.75,,,,,44,48.17,29.64,64.4,,25.38,3.73,4,3,2,0,3,,12,High Risk,Poor,25,https://www.valueresearchonline.com/funds/190/
WhiteOak Capital ESG Best-In-Class Strategy Reg,solution-oriented,Equity: Thematic (ESG),Regular,-2.75,,,BSE 100 TRI,INF03VN01969,152963,-0.11,,,,,,,,,,,,,56,47.3,33.2,63.13,,30.81,4.29,,,,,,,,,,25,https://www.valueresearchonline.com/funds/44644/
ABSL CRISIL 10 Year Gilt ETF,solution-oriented,Debt: Others (Structured/Credit),Regular,2.95,,,Debt: 10-Year Constant Maturity Gilt,INF846K01AX8,116471,3.31,,,,,,,,,,,GOI/Cash,6.63,,,,,1,,,,,,,,,,,,1,https://www.valueresearchonline.com/funds/44486/
Bandhan Gilt Fund with 10 year Constant Duration Reg,solution-oriented,Debt: Others (Structured/Credit),Regular,5.34,7.62,5.68,Debt: 10-Year Constant Maturity Gilt,INF194K01FA0,108753,3.31,6.77,5.33,,,0.53,0.7,3.17,7.37,6.95,7.1,GOI/Cash,7.37,,,,,6,,,,,2,0,6,,8,High Risk,Poor,6,https://www.valueresearchonline.com/funds/1243/
DSP 10Y G-Sec Reg,solution-oriented,Debt: Others (Structured/Credit),Regular,2.46,6.25,4.8,Debt: 10-Year Constant Maturity Gilt,INF740K012I0,131297,3.31,6.77,5.33,,,0.14,0.19,2.81,6.08,6.89,7.08,GOI/Cash,6.08,,,,,2,,,,,2,0,6,,8,High Risk,Poor,2,https://www.valueresearchonline.com/funds/28171/
ICICI Pru Constant Maturity Gilt,solution-oriented,Debt: Others (Structured/Credit),Regular,4.75,7.34,5.76,Debt: 10-Year Constant Maturity Gilt,INF846K01AX8,116471,3.31,6.77,5.33,,,0.47,0.66,2.99,7.09,6.94,7.12,GOI/Cash,7.09,,,,,9,,,,,2,0,6,,8,High Risk,Poor,9,https://www.valueresearchonline.com/funds/27952/
ICICI Pru Nifty 10 yr Benchmark G-Sec ETF,solution-oriented,Debt: Others (Structured/Credit),Regular,2.5,6.58,,Debt: 10-Year Constant Maturity Gilt,INF740K012I0,131297,3.31,6.77,,,,0.24,0.35,2.89,6.38,6.93,7.12,GOI/Cash,6.63,,,,,1,,,,,2,0,6,,8,High Risk,Poor,1,https://www.valueresearchonline.com/funds/42946/
SBI Constant Maturity 10-Year Gilt Reg,solution-oriented,Debt: Others (Structured/Credit),Regular,3.94,6.8,5.5,Debt: 10-Year Constant Maturity Gilt,INF200K01AN9,101002,3.31,6.77,5.33,,,0.3,0.41,3,6.59,6.97,7.06,GOI/Cash,6.59,,,,,4,,,,,2,0,6,,8,High Risk,Poor,4,https://www.valueresearchonline.com/funds/899/
SBI Nifty 10Y Benchmark G-Sec ETF,solution-oriented,Debt: Others (Structured/Credit),Regular,2.51,6.64,5.11,Debt: 10-Year Constant Maturity Gilt,INF200K01685,102505,3.31,6.77,5.33,,,0.26,0.38,2.9,6.44,,,GOI/Cash,6.63,,,,,1,,,,,2,0,6,,8,High Risk,Poor,1,https://www.valueresearchonline.com/funds/32486/
UTI Gilt Fund with 10 year Constant Duration Reg,solution-oriented,Debt: Others (Structured/Credit),Regular,3.72,6.64,,Debt: 10-Year Constant Maturity Gilt,INF789F1AVI6,150409,3.31,6.77,,,,0.25,0.34,2.98,6.43,6.88,7.04,GOI/Cash,6.43,,,,,7,,,,,2,0,6,,8,High Risk,Poor,7,https://www.valueresearchonline.com/funds/42369/
UTI Nifty 10 yr Benchmark G-Sec ETF,solution-oriented,Debt: Others (Structured/Credit),Regular,2.28,,,Debt: 10-Year Constant Maturity Gilt,INF789F014Z9,126939,3.31,,,,,,,,,,,GOI/Cash,6.63,,,,,1,,,,,,,,,,,,1,https://www.valueresearchonline.com/funds/44082/